run_id,application,complexity,coupling,fragmentation,network_disruption,topology_family,information_condition,sketch_policy,environment_seed,controller,step,agent_id,target,proposed_operational_action,information_action,communication_action,delegation_action,accepted_physical_action,counterfactual_evaluated,counterfactual_causal_utility,counterfactual_beneficial,counterfactual_harmful,predictive_uncertainty,action_value_margin,severity,safety_risk,resource_scarcity,shannon_local,pooled_uncertainty,js_disagreement,jt_disagreement_0_5,jt_disagreement_2,graph_disagreement,consensus,consensus_residual,entropy_slope,disagreement_slope,risk_kpi_confidence,risk_predictive_uncertainty,risk_shannon_js,risk_generalized_tsallis_gini,risk_graph_disagreement,risk_combined_generalized_entropic
v7-pilots-humanitarian-large-high-high-high-random_geometric-private_fragmented-771105-always_act-always_on,humanitarian,large,high,high,high,random_geometric,private_fragmented,always_on,771105,always_act,0,HUM-00-ngo,H00,revise_delivery_priority,request_peer_evidence,negotiate_commitment,execute_autonomously,True,True,1.577812474236318,True,False,0.5092939891691277,0.1534820628471596,0.0,0.0,0.0,0.6790529126852392,0.6790529126852392,0.0,0.0,0.0,0.0,1.0,0.8333333333333334,0.0,0.0,0.23455995631750343,0.5092939891691277,0.37348082383896086,0.4322478359749605,0.38057014211770035,0.2509356503006891
v7-pilots-humanitarian-large-high-high-high-random_geometric-private_fragmented-771105-always_act-always_on,humanitarian,large,high,high,high,random_geometric,private_fragmented,always_on,771105,always_act,0,HUM-01-transport,H03,no_operational_action,request_peer_evidence,send_targeted_summary,execute_autonomously,False,False,0.0,False,False,0.5782148526901224,0.10537164551150541,0.0,0.0,0.0,0.7973403029326391,0.7973403029326391,0.0,0.0,0.0,0.0,1.0,0.8333333333333334,0.0,0.0,0.2579930499146416,0.5782148526901224,0.4306210168092087,0.48443949184396085,0.4095169047965181,0.27023349208656766
v7-pilots-humanitarian-large-high-high-high-random_geometric-private_fragmented-771105-always_act-always_on,humanitarian,large,high,high,high,random_geometric,private_fragmented,always_on,771105,always_act,0,HUM-02-local_authority,H06,revise_delivery_priority,request_peer_evidence,negotiate_commitment,execute_autonomously,True,False,0.0,False,False,0.5442388288271003,0.265340294874584,0.14243903192545673,0.22078049948445794,0.0,0.8239919311620484,0.8239919311620484,0.0,0.0,0.0,0.0,1.0,0.8,0.0,0.0,0.299428521677484,0.5442388288271003,0.4236935143213522,0.4753848735371854,0.38858030810738214,0.2828805320097231
v7-pilots-humanitarian-large-high-high-high-random_geometric-private_fragmented-771105-always_act-always_on,humanitarian,large,high,high,high,random_geometric,private_fragmented,always_on,771105,always_act,0,HUM-03-assessment,H09,revise_delivery_priority,request_peer_evidence,negotiate_commitment,execute_autonomously,True,False,0.0,False,False,0.5944519717866049,0.019470400611905914,0.5035319854687755,0.7804745774766021,0.0,0.7052877447119925,0.7052877447119925,0.0,0.0,0.0,0.0,1.0,0.8,0.0,0.0,0.4508275690018302,0.5944519717866049,0.4141027248926401,0.47755117170556305,0.4096698281503741,0.36410350139744163
v7-pilots-humanitarian-large-high-high-high-random_geometric-private_fragmented-771105-always_act-always_on,humanitarian,large,high,high,high,random_geometric,private_fragmented,always_on,771105,always_act,0,HUM-04-clinic,H02,revise_delivery_priority,request_peer_evidence,negotiate_commitment,execute_autonomously,True,False,0.0,False,False,0.6702314455393467,0.04341607589845997,0.031724615104352316,0.04917315341174609,0.0,0.8797674371946854,0.8797674371946854,0.0,0.0,0.0,0.0,1.0,0.8,0.0,0.0,0.30108024830219693,0.6702314455393467,0.48803443751441,0.5430797877691311,0.4414972071265256,0.2975655831604266
v7-pilots-humanitarian-large-high-high-high-random_geometric-private_fragmented-771105-always_act-always_on,humanitarian,large,high,high,high,random_geometric,private_fragmented,always_on,771105,always_act,0,HUM-05-shelter,H05,revise_delivery_priority,request_peer_evidence,negotiate_commitment,execute_autonomously,True,False,0.0,False,False,0.5470876461012912,0.22283056049006245,0.13688593904490345,0.21217320551960037,0.0,0.8041134951378132,0.8041134951378132,0.0,0.0,0.0,0.0,1.0,0.8,0.0,0.0,0.29833136899914314,0.5470876461012912,0.4198634322249698,0.4736797937067373,0.38977681136254233,0.28264532557071365
v7-pilots-humanitarian-large-high-high-high-random_geometric-private_fragmented-771105-always_act-always_on,humanitarian,large,high,high,high,random_geometric,private_fragmented,always_on,771105,always_act,0,HUM-06-depot,H08,cancel_risky_dispatch,request_peer_evidence,negotiate_commitment,execute_autonomously,True,False,0.0,False,False,0.639893979527844,0.04267776178417104,0.13234032968965456,0.2051275110189646,0.0,0.8583586046739545,0.8583586046739545,0.0,0.0,0.0,0.0,1.0,0.8,0.0,0.0,0.32819455568401845,0.639893979527844,0.47054724297962625,0.5232975871249945,0.4287554714016945,0.3077856155900721
v7-pilots-humanitarian-large-high-high-high-random_geometric-private_fragmented-771105-always_act-always_on,humanitarian,large,high,high,high,random_geometric,private_fragmented,always_on,771105,always_act,0,HUM-07-hub,H01,redirect_vehicle,request_peer_evidence,negotiate_commitment,execute_autonomously,True,False,0.0,False,False,0.6522951986137941,0.10782298104477905,0.0,0.0,0.0,0.8782765998986344,0.8782765998986344,0.0,0.0,0.0,0.0,1.0,0.8,0.0,0.0,0.28318036752869,0.6522951986137941,0.48048722942017624,0.535340416563813,0.4339639834177936,0.2866426556118624
v7-pilots-humanitarian-large-high-high-high-random_geometric-private_fragmented-771105-always_act-always_on,humanitarian,large,high,high,high,random_geometric,private_fragmented,always_on,771105,always_act,0,HUM-08-ngo,H04,no_operational_action,request_peer_evidence,send_targeted_summary,execute_autonomously,False,False,0.0,False,False,0.7005326144809649,0.05460467917193196,0.006971288726194343,0.010805497525601233,0.0,0.9415238432140096,0.9415238432140096,0.0,0.0,0.0,0.0,1.0,0.8,0.0,0.0,0.3021744083296724,0.7005326144809649,0.5155940065958884,0.5669445369990512,0.4542236980820053,0.30144579175774233
v7-pilots-humanitarian-large-high-high-high-random_geometric-private_fragmented-771105-always_act-always_on,humanitarian,large,high,high,high,random_geometric,private_fragmented,always_on,771105,always_act,0,HUM-09-transport,H07,redirect_vehicle,request_peer_evidence,negotiate_commitment,execute_autonomously,True,False,0.0,False,False,0.6301885060286199,0.13894426989671127,0.0,0.0,0.0,0.8673272193237451,0.8673272193237451,0.0,0.0,0.0,0.0,1.0,0.8,0.0,0.0,0.27566409204973075,0.6301885060286199,0.4689072072423842,0.5237303101310584,0.42467917253202037,0.2804527816880136
v7-pilots-humanitarian-large-high-high-high-random_geometric-private_fragmented-771105-always_act-always_on,humanitarian,large,high,high,high,random_geometric,private_fragmented,always_on,771105,always_act,0,HUM-10-local_authority,H00,revise_delivery_priority,request_peer_evidence,negotiate_commitment,execute_autonomously,True,False,0.0,False,False,0.6848248265969702,0.0790168102821997,0.0,0.0,0.0,0.9109740519437622,0.9109740519437622,0.0,0.0,0.0,0.0,1.0,0.8333333333333334,0.0,0.0,0.29424044104296987,0.6848248265969702,0.5016734436247287,0.5550057125821288,0.45429309383739414,0.300084284780485
v7-pilots-humanitarian-large-high-high-high-random_geometric-private_fragmented-771105-always_act-always_on,humanitarian,large,high,high,high,random_geometric,private_fragmented,always_on,771105,always_act,0,HUM-11-assessment,H03,no_operational_action,request_peer_evidence,send_targeted_summary,execute_autonomously,False,False,0.0,False,False,0.6163895280417975,0.07980213073364911,0.0,0.0,0.0,0.7757849598664918,0.7757849598664918,0.0,0.0,0.0,0.0,1.0,0.8333333333333334,0.0,0.0,0.27097243953421113,0.6163895280417975,0.44050205118334196,0.5035005521551964,0.4255502684442216,0.28092240118503664
v7-pilots-humanitarian-large-high-high-high-random_geometric-private_fragmented-771105-always_act-always_on,humanitarian,large,high,high,high,random_geometric,private_fragmented,always_on,771105,always_act,0,HUM-12-clinic,H06,revise_delivery_priority,request_peer_evidence,negotiate_commitment,execute_autonomously,True,False,0.0,False,False,0.6274414037253354,0.047002365866357254,0.1312909790449036,0.2035010175196006,0.0,0.7892785977421413,0.7892785977421413,0.0,0.0,0.0,0.0,1.0,0.8,0.0,0.0,0.3235703214713182,0.6274414037253354,0.4482962109256695,0.5086230981528503,0.4235253895646409,0.304103715145446
v7-pilots-humanitarian-large-high-high-high-random_geometric-private_fragmented-771105-always_act-always_on,humanitarian,large,high,high,high,random_geometric,private_fragmented,always_on,771105,always_act,0,HUM-13-shelter,H09,revise_delivery_priority,request_peer_evidence,negotiate_commitment,execute_autonomously,True,False,0.0,False,False,0.7048657590495819,0.010872971129392117,0.0,0.0,0.0,0.8930443679396058,0.8930443679396058,0.0,0.0,0.0,0.0,1.0,0.8,0.0,0.0,0.3010543580768579,0.7048657590495819,0.5052073956047343,0.5597401642744004,0.45604361880082445,0.30136241253388296
v7-pilots-humanitarian-large-high-high-high-random_geometric-private_fragmented-771105-always_act-always_on,humanitarian,large,high,high,high,random_geometric,private_fragmented,always_on,771105,always_act,0,HUM-14-depot,H02,redirect_vehicle,request_peer_evidence,negotiate_commitment,execute_autonomously,True,False,0.0,False,False,0.6098549974951691,0.022996527127671196,0.0,0.0,0.0,0.7485007301200581,0.7485007301200581,0.0,0.0,0.0,0.0,1.0,0.8,0.0,0.0,0.26875069914835753,0.6098549974951691,0.4310671815280822,0.4922203654619973,0.4161390989479711,0.27475939929864734
v7-pilots-humanitarian-large-high-high-high-random_geometric-private_fragmented-771105-always_act-always_on,humanitarian,large,high,high,high,random_geometric,private_fragmented,always_on,771105,always_act,0,HUM-15-hub,H05,allocate_shipment,request_peer_evidence,negotiate_commitment,execute_autonomously,True,False,0.0,False,False,0.48217336463690463,0.22647696976858017,0.0,0.0,0.0,0.6569794507369867,0.6569794507369867,0.0,0.0,0.0,0.0,1.0,0.8,0.0,0.0,0.22533894397654758,0.48217336463690463,0.35711420853900855,0.4193402558764524,0.36251281314749995,0.23900854209833333
v7-pilots-humanitarian-large-high-high-high-random_geometric-private_fragmented-771105-always_act-always_on,humanitarian,large,high,high,high,random_geometric,private_fragmented,always_on,771105,always_act,0,HUM-16-ngo,H08,no_operational_action,request_peer_evidence,send_targeted_summary,execute_autonomously,False,False,0.0,False,False,0.7027695378335952,0.06652981230760602,0.0,0.0,0.0,0.8782902342473587,0.8782902342473587,0.0,0.0,0.0,0.0,1.0,0.8,0.0,0.0,0.30034164286342235,0.7027695378335952,0.5006803736952777,0.5598488911083817,0.45516320589011,0.3007754705934067
v7-pilots-humanitarian-large-high-high-high-random_geometric-private_fragmented-771105-always_act-always_on,humanitarian,large,high,high,high,random_geometric,private_fragmented,always_on,771105,always_act,0,HUM-17-transport,H01,no_operational_action,request_peer_evidence,send_targeted_summary,execute_autonomously,False,False,0.0,False,False,0.58977762611562,0.19817139695969538,0.0,0.0,0.0,0.8507573487167885,0.8507573487167885,0.0,0.0,0.0,0.0,1.0,0.8,0.0,0.0,0.2619243928793108,0.58977762611562,0.4486003876254452,0.501874112351428,0.4077066029685604,0.2691377353123736
v7-pilots-humanitarian-large-high-high-high-random_geometric-private_fragmented-771105-always_act-always_on,humanitarian,large,high,high,high,random_geometric,private_fragmented,always_on,771105,always_act,0,HUM-18-local_authority,H04,release_emergency_reserve,request_peer_evidence,send_targeted_summary,execute_autonomously,True,False,0.0,False,False,0.5305811197661897,0.17409932753559654,0.0,0.0,0.0,0.7290674099526698,0.7290674099526698,0.0,0.0,0.0,0.0,1.0,0.8,0.0,0.0,0.2417975807205045,0.5305811197661897,0.3944993003946433,0.4536687144096386,0.3828440703017997,0.25256271353453313
v7-pilots-humanitarian-large-high-high-high-random_geometric-private_fragmented-771105-always_act-always_on,humanitarian,large,high,high,high,random_geometric,private_fragmented,always_on,771105,always_act,0,HUM-19-assessment,H07,no_operational_action,request_peer_evidence,send_targeted_summary,execute_autonomously,False,False,0.0,False,False,0.6986245138175986,0.06632849715998085,0.09722065701772964,0.15069201837748095,0.0,0.886012576875866,0.886012576875866,0.0,0.0,0.0,0.0,1.0,0.8,0.0,0.0,0.33509841910857896,0.6986245138175986,0.5009529497460059,0.5586732251448178,0.45342229580339144,0.3176979060742253
v7-pilots-humanitarian-large-high-high-high-random_geometric-private_fragmented-771105-always_act-always_on,humanitarian,large,high,high,high,random_geometric,private_fragmented,always_on,771105,always_act,0,HUM-20-clinic,H00,cancel_risky_dispatch,request_peer_evidence,send_targeted_summary,execute_autonomously,True,False,0.0,False,False,0.7007420353008771,0.06468632948512826,0.0,0.0,0.0,0.9347003427697651,0.9347003427697651,0.0,0.0,0.0,0.0,1.0,0.8333333333333334,0.0,0.0,0.2996522920022982,0.7007420353008771,0.5139718998127921,0.566594171977622,0.460978321493035,0.30454110321757893
v7-pilots-humanitarian-large-high-high-high-random_geometric-private_fragmented-771105-always_act-always_on,humanitarian,large,high,high,high,random_geometric,private_fragmented,always_on,771105,always_act,0,HUM-21-shelter,H03,no_operational_action,request_peer_evidence,send_targeted_summary,execute_autonomously,False,False,0.0,False,False,0.5646667581828363,0.13552423222628496,0.0,0.0,0.0,0.7530756596183235,0.7530756596183235,0.0,0.0,0.0,0.0,1.0,0.8333333333333334,0.0,0.0,0.2533866977821643,0.5646667581828363,0.4141356181777154,0.4744122828641253,0.4038267051034579,0.2664400256245275
v7-pilots-humanitarian-large-high-high-high-random_geometric-private_fragmented-771105-always_act-always_on,humanitarian,large,high,high,high,random_geometric,private_fragmented,always_on,771105,always_act,0,HUM-22-depot,H06,revise_delivery_priority,request_peer_evidence,send_targeted_summary,execute_autonomously,True,False,0.0,False,False,0.6112241658910533,0.19857453796438915,0.0,0.0,0.0,0.8869312526040856,0.8869312526040856,0.0,0.0,0.0,0.0,1.0,0.8,0.0,0.0,0.2692162164029581,0.6112241658910533,0.4662224795074427,0.5184115595161244,0.4167141496742424,0.275142766449495
v7-pilots-humanitarian-large-high-high-high-random_geometric-private_fragmented-771105-always_act-always_on,humanitarian,large,high,high,high,random_geometric,private_fragmented,always_on,771105,always_act,0,HUM-23-hub,H09,revise_delivery_priority,request_peer_evidence,send_targeted_summary,execute_autonomously,True,False,0.0,False,False,0.2356203326833497,0.6443824301016648,0.0,0.0,0.0,0.46109175630098187,0.46109175630098187,0.0,0.0,0.0,0.0,1.0,0.8,0.0,0.0,0.14151091311233893,0.2356203326833497,0.20952107214858534,0.23653119783314758,0.2589605397270069,0.16997369315133792
v7-pilots-humanitarian-large-high-high-high-random_geometric-private_fragmented-771105-always_act-always_on,humanitarian,large,high,high,high,random_geometric,private_fragmented,always_on,771105,always_act,0,HUM-24-ngo,H02,allocate_shipment,request_peer_evidence,send_targeted_summary,execute_autonomously,True,False,0.0,False,False,0.633174331426343,0.14115445558717482,0.0,0.0,0.0,0.8331399624310379,0.8331399624310379,0.0,0.0,0.0,0.0,1.0,0.8,0.0,0.0,0.2766792726849566,0.633174331426343,0.4615547231782967,0.5223334922967695,0.42593321919906413,0.2812888127993761
v7-pilots-humanitarian-large-high-high-high-random_geometric-private_fragmented-771105-always_act-always_on,humanitarian,large,high,high,high,random_geometric,private_fragmented,always_on,771105,always_act,0,HUM-25-transport,H05,redirect_vehicle,request_peer_evidence,send_targeted_summary,execute_autonomously,True,False,0.0,False,False,0.6933982091124999,0.019660361868978682,0.23857692337591796,0.36979423123267285,0.0,0.8581750006891806,0.8581750006891806,0.0,0.0,0.0,0.0,1.0,0.8,0.0,0.0,0.38590600659409147,0.6933982091124999,0.49190303381729517,0.553605571234179,0.45122724782725,0.3425268062994208
v7-pilots-humanitarian-large-high-high-high-random_geometric-private_fragmented-771105-always_act-always_on,humanitarian,large,high,high,high,random_geometric,private_fragmented,always_on,771105,always_act,0,HUM-26-local_authority,H08,no_operational_action,request_peer_evidence,send_targeted_summary,execute_autonomously,False,False,0.0,False,False,0.6251086731304762,0.07401932728498306,0.0,0.0,0.0,0.8439227076423302,0.8439227076423302,0.0,0.0,0.0,0.0,1.0,0.8,0.0,0.0,0.27393694886436193,0.6251086731304762,0.4610241461627731,0.515637133377105,0.42254564271480005,0.27903042847653337
v7-pilots-humanitarian-large-high-high-high-random_geometric-private_fragmented-771105-always_act-always_on,humanitarian,large,high,high,high,random_geometric,private_fragmented,always_on,771105,always_act,0,HUM-27-assessment,H01,no_operational_action,request_peer_evidence,send_targeted_summary,execute_autonomously,False,False,0.0,False,False,0.635250844344112,0.10873676690311479,0.02897940322439693,0.04491807499781524,0.0,0.79950970443482,0.79950970443482,0.0,0.0,0.0,0.0,1.0,0.8,0.0,0.0,0.28816562507647375,0.635250844344112,0.4539777638463498,0.5168188840727541,0.42680535462452707,0.2872604054160892
v7-pilots-humanitarian-large-high-high-high-random_geometric-private_fragmented-771105-always_act-always_on,humanitarian,large,high,high,high,random_geometric,private_fragmented,always_on,771105,always_act,0,HUM-28-clinic,H04,cancel_risky_dispatch,request_peer_evidence,send_targeted_summary,execute_autonomously,True,False,0.0,False,False,0.6827556814056273,0.01043864365810393,0.0,0.0,0.0,0.893579756350524,0.893579756350524,0.0,0.0,0.0,0.0,1.0,0.8,0.0,0.0,0.2935369316779133,0.6827556814056273,0.4964972116498819,0.5492038648959292,0.4467573861903635,0.2951715907935757
v7-pilots-humanitarian-large-high-high-high-random_geometric-private_fragmented-771105-always_act-always_on,humanitarian,large,high,high,high,random_geometric,private_fragmented,always_on,771105,always_act,0,HUM-29-shelter,H07,allocate_shipment,request_peer_evidence,send_targeted_summary,execute_autonomously,True,False,0.0,False,False,0.5446612798114974,0.1427295683707165,0.0,0.0,0.0,0.6641962806120217,0.6641962806120217,0.0,0.0,0.0,0.0,1.0,0.8,0.0,0.0,0.24658483513590912,0.5446612798114974,0.3839135820776044,0.45372129000435435,0.3887577375208289,0.2565051583472193
v7-pilots-humanitarian-large-high-high-high-random_geometric-private_fragmented-771105-always_act-always_on,humanitarian,large,high,high,high,random_geometric,private_fragmented,always_on,771105,always_act,0,HUM-30-depot,H00,redirect_vehicle,request_peer_evidence,send_targeted_summary,execute_autonomously,True,False,0.0,False,False,0.6214018995740676,0.0375584209999994,0.0,0.0,0.0,0.7540695671600945,0.7540695671600945,0.0,0.0,0.0,0.0,1.0,0.8333333333333334,0.0,0.0,0.272676645855183,0.6214018995740676,0.4370781516196507,0.5026380493229552,0.427655464487775,0.28232586521407227
v7-pilots-humanitarian-large-high-high-high-random_geometric-private_fragmented-771105-always_act-always_on,humanitarian,large,high,high,high,random_geometric,private_fragmented,always_on,771105,always_act,0,HUM-31-hub,H03,no_operational_action,request_peer_evidence,send_targeted_summary,execute_autonomously,False,False,0.0,False,False,0.4353470947106445,0.275512616111356,0.0,0.0,0.0,0.6295368552500576,0.6295368552500576,0.0,0.0,0.0,0.0,1.0,0.8333333333333334,0.0,0.0,0.20941801220161915,0.4353470947106445,0.3315230516967722,0.3864019633041568,0.34951244644513735,0.2302305198523138
v7-pilots-humanitarian-large-high-high-high-random_geometric-private_fragmented-771105-always_act-always_on,humanitarian,large,high,high,high,random_geometric,private_fragmented,always_on,771105,always_act,0,HUM-32-ngo,H06,revise_delivery_priority,request_peer_evidence,send_targeted_summary,execute_autonomously,True,False,0.0,False,False,0.6286442839684763,0.004371139297613236,0.0,0.0,0.0,0.7590726737526531,0.7590726737526531,0.0,0.0,0.0,0.0,1.0,0.8,0.0,0.0,0.27513905654928195,0.6286442839684763,0.4412258820255538,0.5024901586386041,0.42403059926676007,0.2800203995111734
v7-pilots-humanitarian-large-high-high-high-random_geometric-private_fragmented-771105-always_act-always_on,humanitarian,large,high,high,high,random_geometric,private_fragmented,always_on,771105,always_act,0,HUM-33-transport,H09,redirect_vehicle,request_peer_evidence,send_targeted_summary,execute_autonomously,True,False,0.0,False,False,0.6783910681998537,0.03714912492312966,0.0,0.0,0.0,0.755506710671304,0.755506710671304,0.0,0.0,0.0,0.0,1.0,0.8,0.0,0.0,0.29205296318795027,0.6783910681998537,0.46023310494776754,0.5261484404149745,0.4449242486439386,0.2939494990959591
v7-pilots-humanitarian-large-high-high-high-random_geometric-private_fragmented-771105-always_act-always_on,humanitarian,large,high,high,high,random_geometric,private_fragmented,always_on,771105,always_act,0,HUM-34-local_authority,H02,no_operational_action,request_peer_evidence,send_targeted_summary,execute_autonomously,False,False,0.0,False,False,0.5821059303629159,0.2159771527468013,0.17442018420808744,0.2703512855225355,0.0,0.8792210178011352,0.8792210178011352,0.0,0.0,0.0,0.0,1.0,0.8,0.0,0.0,0.32420032484879996,0.5821059303629159,0.45264762659545016,0.5018411980765629,0.4044844907524247,0.2994318147643208
v7-pilots-humanitarian-large-high-high-high-random_geometric-private_fragmented-771105-always_act-always_on,humanitarian,large,high,high,high,random_geometric,private_fragmented,always_on,771105,always_act,0,HUM-35-assessment,H05,revise_delivery_priority,request_peer_evidence,send_targeted_summary,execute_autonomously,True,False,0.0,False,False,0.624944329340007,0.15892529356611418,0.26792828560045523,0.41528884268070565,0.0,0.8165018194146905,0.8165018194146905,0.0,0.0,0.0,0.0,1.0,0.8,0.0,0.0,0.37355039421897174,0.624944329340007,0.4541031865896754,0.5172514788345064,0.422476618322803,0.32881907333688665
v7-pilots-humanitarian-large-high-high-high-random_geometric-private_fragmented-771105-always_act-always_on,humanitarian,large,high,high,high,random_geometric,private_fragmented,always_on,771105,always_act,0,HUM-36-clinic,H08,no_operational_action,request_peer_evidence,send_targeted_summary,execute_autonomously,False,False,0.0,False,False,0.6775025195430207,0.06820195822104991,0.0,0.0,0.0,0.9161070418582192,0.9161070418582192,0.0,0.0,0.0,0.0,1.0,0.8,0.0,0.0,0.291750856644627,0.6775025195430207,0.5000277682817631,0.5525194765932828,0.4445510582080687,0.2937007054720458
v7-pilots-humanitarian-large-high-high-high-random_geometric-private_fragmented-771105-always_act-always_on,humanitarian,large,high,high,high,random_geometric,private_fragmented,always_on,771105,always_act,0,HUM-37-shelter,H01,no_operational_action,request_peer_evidence,send_targeted_summary,execute_autonomously,False,False,0.0,False,False,0.568978686680922,0.18768981428498682,0.23830252915122432,0.3693689201843977,0.0,0.7366041049852559,0.7366041049852559,0.0,0.0,0.0,0.0,1.0,0.8,0.0,0.0,0.3435012943157689,0.568978686680922,0.4117425009186828,0.47944287203090097,0.3989710484059873,0.3076383026927859
v7-pilots-humanitarian-large-high-high-high-random_geometric-private_fragmented-771105-always_act-always_on,humanitarian,large,high,high,high,random_geometric,private_fragmented,always_on,771105,always_act,0,HUM-38-depot,H04,allocate_shipment,request_peer_evidence,send_targeted_summary,execute_autonomously,True,False,0.0,False,False,0.31137884600348054,0.590868767795192,0.0,0.0,0.0,0.6055597956579881,0.6055597956579881,0.0,0.0,0.0,0.0,1.0,0.8,0.0,0.0,0.1672688076411834,0.31137884600348054,0.27594148731588924,0.30527879706023625,0.29077911532146183,0.19118607688097455
v7-pilots-humanitarian-large-high-high-high-random_geometric-private_fragmented-771105-always_act-always_on,humanitarian,large,high,high,high,random_geometric,private_fragmented,always_on,771105,always_act,0,HUM-39-hub,H07,redirect_vehicle,request_peer_evidence,send_targeted_summary,execute_autonomously,True,False,0.0,False,False,0.6033398224908093,0.044799517844475945,0.0,0.0,0.0,0.740296756601738,0.740296756601738,0.0,0.0,0.0,0.0,1.0,0.8,0.0,0.0,0.26653553964687515,0.6033398224908093,0.4264101181467582,0.49040447812441074,0.41340272544613993,0.27293515029742665
v7-pilots-humanitarian-large-high-high-high-random_geometric-private_fragmented-771105-always_act-always_on,humanitarian,large,high,high,high,random_geometric,private_fragmented,always_on,771105,always_act,0,HUM-40-ngo,H00,revise_delivery_priority,request_peer_evidence,send_targeted_summary,execute_autonomously,True,False,0.0,False,False,0.41439693135518074,0.452804402685404,0.20459381088495227,0.31712040687167603,0.0,0.7214348134541293,0.7214348134541293,0.0,0.0,0.0,0.0,1.0,0.8333333333333334,0.0,0.0,0.2784038543099637,0.41439693135518074,0.3461174759056046,0.38695924566385087,0.3407133778358426,0.2624189229373851
v7-pilots-humanitarian-large-high-high-high-random_geometric-private_fragmented-771105-always_act-always_on,humanitarian,large,high,high,high,random_geometric,private_fragmented,always_on,771105,always_act,0,HUM-41-transport,H03,redirect_vehicle,request_peer_evidence,send_targeted_summary,execute_autonomously,True,False,0.0,False,False,0.6385702358082976,0.08048038774218624,0.010369096508336043,0.016072099587920868,0.0,0.8652645774860909,0.8652645774860909,0.0,0.0,0.0,0.0,1.0,0.8333333333333334,0.0,0.0,0.2823711840759222,0.6385702358082976,0.47174423869484183,0.5258454111726799,0.43486616570615166,0.2890616513102072
v7-pilots-humanitarian-large-high-high-high-random_geometric-private_fragmented-771105-always_act-always_on,humanitarian,large,high,high,high,random_geometric,private_fragmented,always_on,771105,always_act,0,HUM-42-local_authority,H06,revise_delivery_priority,request_peer_evidence,send_targeted_summary,execute_autonomously,True,False,0.0,False,False,0.5420862225622806,0.164775564741376,0.19318198377043383,0.29943207484417245,0.0,0.7556262351334666,0.7556262351334666,0.0,0.0,0.0,0.0,1.0,0.8,0.0,0.0,0.31757301363377677,0.5420862225622806,0.4057410478082789,0.4625578971134817,0.3876762134761579,0.29171599129873926
v7-pilots-humanitarian-large-high-high-high-random_geometric-private_fragmented-771105-always_act-always_on,humanitarian,large,high,high,high,random_geometric,private_fragmented,always_on,771105,always_act,0,HUM-43-assessment,H09,revise_delivery_priority,request_peer_evidence,send_targeted_summary,execute_autonomously,True,False,0.0,False,False,0.6601413474425365,0.004341912416428062,0.0,0.0,0.0,0.8532777211270746,0.8532777211270746,0.0,0.0,0.0,0.0,1.0,0.8,0.0,0.0,0.28584805813046243,0.6601413474425365,0.47737596925878323,0.5304509594190261,0.43725936592586534,0.28883957728391024
v7-pilots-humanitarian-large-high-high-high-random_geometric-private_fragmented-771105-always_act-always_on,humanitarian,large,high,high,high,random_geometric,private_fragmented,always_on,771105,always_act,0,HUM-44-clinic,H02,revise_delivery_priority,request_peer_evidence,send_targeted_summary,execute_autonomously,True,False,0.0,False,False,0.6401808825964426,0.06017538498145791,0.0,0.0,0.0,0.7422535281076013,0.7422535281076013,0.0,0.0,0.0,0.0,1.0,0.8,0.0,0.0,0.27906150008279046,0.6401808825964426,0.4416357350654774,0.510809548137419,0.4288759706905059,0.283250647127004
v7-pilots-humanitarian-large-high-high-high-random_geometric-private_fragmented-771105-always_act-always_on,humanitarian,large,high,high,high,random_geometric,private_fragmented,always_on,771105,always_act,0,HUM-45-shelter,H05,revise_delivery_priority,request_peer_evidence,send_targeted_summary,execute_autonomously,True,False,0.0,False,False,0.6892102401242458,0.16169757720342703,0.12863822947709466,0.19938925568949672,0.0,0.7472968416816202,0.7472968416816202,0.0,0.0,0.0,0.0,1.0,0.8,0.0,0.0,0.3435849030077228,0.6892102401242458,0.46250830647010344,0.5159338188919671,0.44946830085218326,0.3209055779175285
v7-pilots-humanitarian-large-high-high-high-random_geometric-private_fragmented-771105-always_act-always_on,humanitarian,large,high,high,high,random_geometric,private_fragmented,always_on,771105,always_act,0,HUM-46-depot,H08,allocate_shipment,request_peer_evidence,send_targeted_summary,execute_autonomously,True,False,0.0,False,False,0.657961507438794,0.0507600400149143,0.0,0.0,0.0,0.8473797466932508,0.8473797466932508,0.0,0.0,0.0,0.0,1.0,0.8,0.0,0.0,0.28510691252918996,0.657961507438794,0.4750295396488303,0.5340929662111185,0.4363438331242935,0.28822922208286234
v7-pilots-humanitarian-large-high-high-high-random_geometric-private_fragmented-771105-always_act-always_on,humanitarian,large,high,high,high,random_geometric,private_fragmented,always_on,771105,always_act,0,HUM-47-hub,H01,no_operational_action,request_peer_evidence,send_targeted_summary,execute_autonomously,False,False,0.0,False,False,0.6054063882329014,0.17462506299330205,0.046546607817788264,0.07214724211757181,0.0,0.8444540358962709,0.8444540358962709,0.0,0.0,0.0,0.0,1.0,0.8,0.0,0.0,0.2845535101074037,0.6054063882329014,0.4532760642672283,0.5100780286954452,0.4142706830578186,0.28217145775932106
v7-pilots-humanitarian-large-high-high-high-random_geometric-private_fragmented-771105-always_act-always_on,humanitarian,large,high,high,high,random_geometric,private_fragmented,always_on,771105,always_act,0,HUM-48-ngo,H04,no_operational_action,request_peer_evidence,send_targeted_summary,execute_autonomously,False,False,0.0,False,False,0.6880368005685247,0.008474571014186083,0.0,0.0,0.0,0.8320296191244636,0.8320296191244636,0.0,0.0,0.0,0.0,1.0,0.8,0.0,0.0,0.2953325121932984,0.6880368005685247,0.4832221250085258,0.545915830681956,0.4489754562387804,0.2966503041591869
v7-pilots-humanitarian-large-high-high-high-random_geometric-private_fragmented-771105-always_act-always_on,humanitarian,large,high,high,high,random_geometric,private_fragmented,always_on,771105,always_act,0,HUM-49-transport,H07,no_operational_action,request_peer_evidence,send_targeted_summary,execute_autonomously,False,False,0.0,False,False,0.4814484634181728,0.31951290392440335,0.03523990237276214,0.05462184867778132,0.0,0.7292179627965318,0.7292179627965318,0.0,0.0,0.0,0.0,1.0,0.8,0.0,0.0,0.2382017212448463,0.4814484634181728,0.3748838760664021,0.43003989781615837,0.3622083546356326,0.24536019159842218
v7-pilots-humanitarian-large-high-high-high-random_geometric-private_fragmented-771105-always_act-always_on,humanitarian,large,high,high,high,random_geometric,private_fragmented,always_on,771105,always_act,0,HUM-50-local_authority,H00,revise_delivery_priority,request_peer_evidence,send_targeted_summary,execute_autonomously,True,False,0.0,False,False,0.6480901270324909,0.16712102081447144,0.0,0.0,0.0,0.869704073456906,0.869704073456906,0.0,0.0,0.0,0.0,1.0,0.8333333333333334,0.0,0.0,0.2817506431910469,0.6480901270324909,0.47666206917722287,0.5365766022143164,0.43886452002031284,0.28979856890243083
v7-pilots-humanitarian-large-high-high-high-random_geometric-private_fragmented-771105-always_act-always_on,humanitarian,large,high,high,high,random_geometric,private_fragmented,always_on,771105,always_act,0,HUM-51-assessment,H03,no_operational_action,request_peer_evidence,send_targeted_summary,execute_autonomously,False,False,0.0,False,False,0.5845560150563013,0.17735024063285504,0.11248317608448287,0.17434892293094845,0.0,0.8132067131069145,0.8132067131069145,0.0,0.0,0.0,0.0,1.0,0.8333333333333334,0.0,0.0,0.30199278662257006,0.5845560150563013,0.43712408429924915,0.49601643052422556,0.4121801929903132,0.2929308883008115
v7-pilots-humanitarian-large-high-high-high-random_geometric-private_fragmented-771105-always_act-always_on,humanitarian,large,high,high,high,random_geometric,private_fragmented,always_on,771105,always_act,5,HUM-00-ngo,H10,no_operational_action,request_peer_evidence,send_targeted_summary,execute_autonomously,False,False,0.0,False,False,0.6430708239595682,0.20690382908789146,0.0,0.0,0.3027007857468078,0.9364145853572988,0.9364145853572988,0.0,0.0,0.0,0.0,1.0,0.8333333333333334,0.0,0.0,0.34663825301055096,0.6430708239595682,0.49133197592315203,0.5408089516290089,0.4367564127296853,0.28839316404201243
v7-pilots-humanitarian-large-high-high-high-random_geometric-private_fragmented-771105-always_act-always_on,humanitarian,large,high,high,high,random_geometric,private_fragmented,always_on,771105,always_act,5,HUM-01-transport,H13,redirect_vehicle,request_peer_evidence,negotiate_commitment,execute_autonomously,True,True,8.498279023099911,True,False,0.7723304567105601,0.09228272776254068,0.26172167873735275,0.34446696577137925,0.4693369694922612,0.8972693451057447,0.8972693451057447,0.0,0.0,0.0,0.0,1.0,0.8333333333333334,0.0,0.0,0.509918560355019,0.7723304567105601,0.5332495189606603,0.5890503451183915,0.4910454584851019,0.3659218971048557
v7-pilots-humanitarian-large-high-high-high-random_geometric-private_fragmented-771105-always_act-always_on,humanitarian,large,high,high,high,random_geometric,private_fragmented,always_on,771105,always_act,5,HUM-02-local_authority,H16,no_operational_action,request_peer_evidence,send_targeted_summary,execute_autonomously,False,False,0.0,False,False,0.6205945742836545,0.23031792194427658,0.292106820461255,0.39657852248288583,0.45819344273790985,0.9238515203733294,0.9238515203733294,0.0,0.0,0.0,0.0,1.0,0.8,0.0,0.0,0.46838355805467535,0.6205945742836545,0.4792007098067942,0.5280585081856635,0.4206497211991349,0.3253559034973696
v7-pilots-humanitarian-large-high-high-high-random_geometric-private_fragmented-771105-always_act-always_on,humanitarian,large,high,high,high,random_geometric,private_fragmented,always_on,771105,always_act,5,HUM-03-assessment,H19,no_operational_action,request_peer_evidence,send_targeted_summary,execute_autonomously,False,False,0.0,False,False,0.7943990855488048,0.0008985461987977561,0.0,0.0,0.42300524027903386,0.9589406869864316,0.9589406869864316,0.0,0.0,0.0,0.0,1.0,0.8,0.0,0.0,0.4245568419479811,0.7943990855488048,0.5574948059661298,0.6108585618221118,0.49364761593049805,0.32643174395366537
v7-pilots-humanitarian-large-high-high-high-random_geometric-private_fragmented-771105-always_act-always_on,humanitarian,large,high,high,high,random_geometric,private_fragmented,always_on,771105,always_act,5,HUM-04-clinic,H12,no_operational_action,request_peer_evidence,send_targeted_summary,execute_autonomously,False,False,0.0,False,False,0.6601834327159268,0.16906533765764514,0.0,0.0,0.2870447076661935,0.9396572868286455,0.9396572868286455,0.0,0.0,0.0,0.0,1.0,0.8,0.0,0.0,0.3490122028099777,0.6601834327159268,0.4989876947935321,0.5493406278840138,0.43727704174068927,0.2888513611604595
v7-pilots-humanitarian-large-high-high-high-random_geometric-private_fragmented-771105-always_act-always_on,humanitarian,large,high,high,high,random_geometric,private_fragmented,always_on,771105,always_act,5,HUM-05-shelter,H15,no_operational_action,request_peer_evidence,send_targeted_summary,execute_autonomously,False,False,0.0,False,False,0.5783146057413,0.18816828847961042,0.14303422163230697,0.2217030435300758,0.1627159031650155,0.8317312400976986,0.8317312400976986,0.0,0.0,0.0,0.0,1.0,0.8,0.0,0.0,0.34703319509556363,0.5783146057413,0.43925865232094463,0.4937094445314716,0.402892134411346,0.2925324548311731
v7-pilots-humanitarian-large-high-high-high-random_geometric-private_fragmented-771105-always_act-always_on,humanitarian,large,high,high,high,random_geometric,private_fragmented,always_on,771105,always_act,5,HUM-06-depot,H18,no_operational_action,request_peer_evidence,send_targeted_summary,execute_autonomously,False,False,0.0,False,False,0.6451666307479191,0.07727243297725395,0.2857305602691297,0.40777070995385845,0.41135924102953914,0.8556758316597134,0.8556758316597135,1.1102230246251565e-16,0.0,0.0,0.0,0.9999999999999999,0.8,0.0,0.0,0.46912065786971724,0.6451666307479191,0.4719856102140962,0.5281090885554581,0.4309699849141261,0.33357914180388043
v7-pilots-humanitarian-large-high-high-high-random_geometric-private_fragmented-771105-always_act-always_on,humanitarian,large,high,high,high,random_geometric,private_fragmented,always_on,771105,always_act,5,HUM-07-hub,H11,no_operational_action,request_peer_evidence,send_targeted_summary,execute_autonomously,False,False,0.0,False,False,0.5319590719957237,0.32843393592279163,0.0,0.0,0.39306070435548157,0.8584410797597212,0.8584410797597212,0.0,0.0,0.0,0.0,1.0,0.8,0.0,0.0,0.32873943943675205,0.5319590719957237,0.42739389873821976,0.47283922764880043,0.38342281023820396,0.25294854015880264
v7-pilots-humanitarian-large-high-high-high-random_geometric-private_fragmented-771105-always_act-always_on,humanitarian,large,high,high,high,random_geometric,private_fragmented,always_on,771105,always_act,5,HUM-08-ngo,H14,no_operational_action,request_peer_evidence,send_targeted_summary,execute_autonomously,False,False,0.0,False,False,0.6780448551327259,0.11977937421768958,0.272547692327932,0.38462096982626665,0.4173954517378401,0.9197782795567273,0.9197782795567273,0.0,0.0,0.0,0.0,1.0,0.8,0.0,0.0,0.4760712828857557,0.6780448551327259,0.5011625119422722,0.5543891964139633,0.4447788391557449,0.3400070758163153
v7-pilots-humanitarian-large-high-high-high-random_geometric-private_fragmented-771105-always_act-always_on,humanitarian,large,high,high,high,random_geometric,private_fragmented,always_on,771105,always_act,5,HUM-09-transport,H17,no_operational_action,request_peer_evidence,send_targeted_summary,execute_autonomously,False,False,0.0,False,False,0.6910010034679575,0.0799779475722586,0.28500364302960873,0.4363343062112077,0.34538075663263523,0.9111975075904959,0.9111975075904959,0.0,0.0,0.0,0.0,1.0,0.8,0.0,0.0,0.47704434112897515,0.6910010034679575,0.5041997782848069,0.5583307271936557,0.4502204214565422,0.349840397716373
v7-pilots-humanitarian-large-high-high-high-random_geometric-private_fragmented-771105-always_act-always_on,humanitarian,large,high,high,high,random_geometric,private_fragmented,always_on,771105,always_act,5,HUM-10-local_authority,H10,no_operational_action,request_peer_evidence,send_targeted_summary,execute_autonomously,False,False,0.0,False,False,0.5087848285469639,0.32984166496973716,0.09294314666035396,0.14406187732354864,0.3027007857468078,0.8154776620761297,0.8154776620761297,0.0,0.0,0.0,0.0,1.0,0.8333333333333334,0.0,0.0,0.33555586512791713,0.5087848285469639,0.407383346937818,0.45433673487305465,0.38035629465639154,0.26808051060530913
v7-pilots-humanitarian-large-high-high-high-random_geometric-private_fragmented-771105-always_act-always_on,humanitarian,large,high,high,high,random_geometric,private_fragmented,always_on,771105,always_act,5,HUM-11-assessment,H13,no_operational_action,request_peer_evidence,send_targeted_summary,execute_autonomously,False,False,0.0,False,False,0.6611272761999327,0.08459082647320043,0.5488284533416872,0.7894824664080975,0.4693369694922612,0.9015774327417945,0.9015774327417945,0.0,0.0,0.0,0.0,1.0,0.8333333333333334,0.0,0.0,0.578913199134218,0.6611272761999327,0.4898452686654217,0.5429992284188396,0.44434012267063844,0.3881868666382862
v7-pilots-humanitarian-large-high-high-high-random_geometric-private_fragmented-771105-always_act-always_on,humanitarian,large,high,high,high,random_geometric,private_fragmented,always_on,771105,always_act,5,HUM-12-clinic,H16,no_operational_action,request_peer_evidence,send_targeted_summary,execute_autonomously,False,False,0.0,False,False,0.7044517145182828,0.08567348207191522,0.1592978147216774,0.19072456358654055,0.45819344273790985,0.9416881054259504,0.9416881054259504,0.0,0.0,0.0,0.0,1.0,0.8,0.0,0.0,0.4474900355993261,0.7044517145182828,0.5172027121638008,0.569646253586112,0.4558697200976788,0.32413342769550413
v7-pilots-humanitarian-large-high-high-high-random_geometric-private_fragmented-771105-always_act-always_on,humanitarian,large,high,high,high,random_geometric,private_fragmented,always_on,771105,always_act,5,HUM-13-shelter,H19,no_operational_action,request_peer_evidence,send_targeted_summary,execute_autonomously,False,False,0.0,False,False,0.618605962139834,0.14276748621587526,0.0,0.0,0.42300524027903386,0.8435162677168306,0.8435162677168306,0.0,0.0,0.0,0.0,1.0,0.8,0.0,0.0,0.364787179988931,0.618605962139834,0.4583214517851413,0.5171982761118087,0.4198145040987303,0.27720966939915354
v7-pilots-humanitarian-large-high-high-high-random_geometric-private_fragmented-771105-always_act-always_on,humanitarian,large,high,high,high,random_geometric,private_fragmented,always_on,771105,always_act,5,HUM-14-depot,H12,allocate_shipment,request_peer_evidence,negotiate_commitment,execute_autonomously,True,False,0.0,False,False,0.6698542006320661,0.04833675822103367,0.0,0.0,0.2870447076661935,0.8803381150007753,0.8803381150007753,0.0,0.0,0.0,0.0,1.0,0.8,0.0,0.0,0.35230026390146507,0.6698542006320661,0.4880262090030203,0.543343386021292,0.4413387642654678,0.2915591761769786
v7-pilots-humanitarian-large-high-high-high-random_geometric-private_fragmented-771105-always_act-always_on,humanitarian,large,high,high,high,random_geometric,private_fragmented,always_on,771105,always_act,5,HUM-15-hub,H15,no_operational_action,request_peer_evidence,send_targeted_summary,execute_autonomously,False,False,0.0,False,False,0.5522424338212177,0.22231695283099884,0.06575121509993048,0.10191438340489226,0.1627159031650155,0.7963805096273278,0.7963805096273278,0.0,0.0,0.0,0.0,1.0,0.8,0.0,0.0,0.3094193782126916,0.5522424338212177,0.419992100935319,0.4754052110034118,0.39194182220491147,0.27085760747852805
v7-pilots-humanitarian-large-high-high-high-random_geometric-private_fragmented-771105-always_act-always_on,humanitarian,large,high,high,high,random_geometric,private_fragmented,always_on,771105,always_act,5,HUM-16-ngo,H18,no_operational_action,request_peer_evidence,send_targeted_summary,execute_autonomously,False,False,0.0,False,False,0.6160635724993203,0.13548979882325551,0.11990858133448981,0.1507466426051666,0.41135924102953914,0.821778238540798,0.821778238540798,0.0,0.0,0.0,0.0,1.0,0.8,0.0,0.0,0.39753984190150754,0.6160635724993203,0.45186998863492767,0.5107697466034361,0.41874670044971457,0.2945873974124297
v7-pilots-humanitarian-large-high-high-high-random_geometric-private_fragmented-771105-always_act-always_on,humanitarian,large,high,high,high,random_geometric,private_fragmented,always_on,771105,always_act,5,HUM-17-transport,H11,no_operational_action,request_peer_evidence,send_targeted_summary,execute_autonomously,False,False,0.0,False,False,0.6028682553811833,0.18790655295893346,0.0,0.0,0.39306070435548157,0.8539393478819938,0.8539393478819938,0.0,0.0,0.0,0.0,1.0,0.8,0.0,0.0,0.35284856178780827,0.6028682553811833,0.45463213912297173,0.5101083029245791,0.41320466726009697,0.2728031115067313
v7-pilots-humanitarian-large-high-high-high-random_geometric-private_fragmented-771105-always_act-always_on,humanitarian,large,high,high,high,random_geometric,private_fragmented,always_on,771105,always_act,5,HUM-18-local_authority,H14,release_emergency_reserve,request_peer_evidence,send_targeted_summary,execute_autonomously,True,False,0.0,False,False,0.6796801274807232,0.02295443248469936,0.0,0.0,0.4173954517378401,0.8940669614032071,0.8940669614032071,0.0,0.0,0.0,0.0,1.0,0.8,0.0,0.0,0.3843182427257707,0.6796801274807232,0.49538879134309105,0.5485438129766763,0.44546565354190376,0.29431043569460247
v7-pilots-humanitarian-large-high-high-high-random_geometric-private_fragmented-771105-always_act-always_on,humanitarian,large,high,high,high,random_geometric,private_fragmented,always_on,771105,always_act,5,HUM-19-assessment,H17,cancel_risky_dispatch,request_peer_evidence,send_targeted_summary,execute_autonomously,True,False,0.0,False,False,0.6615282035075118,0.09386479856896657,0.209432683117402,0.3191993183472873,0.34538075663263523,0.9117950530965526,0.9117950530965526,0.0,0.0,0.0,0.0,1.0,0.8,0.0,0.0,0.4389111920550827,0.6615282035075118,0.4925600446771429,0.5446842788760307,0.437841845473155,0.32753181518377783
v7-pilots-humanitarian-large-high-high-high-random_geometric-private_fragmented-771105-always_act-always_on,humanitarian,large,high,high,high,random_geometric,private_fragmented,always_on,771105,always_act,5,HUM-20-clinic,H10,allocate_shipment,request_peer_evidence,send_targeted_summary,execute_autonomously,True,False,0.0,False,False,0.7942884024922089,0.0026235359274144054,0.055351487624815274,0.08579480581846367,0.3027007857468078,0.9771363116249058,0.9771363116249058,0.0,0.0,0.0,0.0,1.0,0.8333333333333334,0.0,0.0,0.4186429831080801,0.7942884024922089,0.56199943890311,0.6134426469375592,0.5002677957133944,0.3410294627293675
v7-pilots-humanitarian-large-high-high-high-random_geometric-private_fragmented-771105-always_act-always_on,humanitarian,large,high,high,high,random_geometric,private_fragmented,always_on,771105,always_act,5,HUM-21-shelter,H13,no_operational_action,request_peer_evidence,send_targeted_summary,execute_autonomously,False,False,0.0,False,False,0.5915884496257089,0.17938999672915457,0.0,0.0,0.4693369694922612,0.8683500933917179,0.8683500933917179,0.0,0.0,0.0,0.0,1.0,0.8333333333333334,0.0,0.0,0.3657942061610385,0.5915884496257089,0.45372290319821307,0.5048647139903396,0.4151338155094644,0.27397809922853184
v7-pilots-humanitarian-large-high-high-high-random_geometric-private_fragmented-771105-always_act-always_on,humanitarian,large,high,high,high,random_geometric,private_fragmented,always_on,771105,always_act,5,HUM-22-depot,H16,no_operational_action,request_peer_evidence,send_targeted_summary,execute_autonomously,False,False,0.0,False,False,0.5984436446517959,0.24997528995598353,0.15500686806940445,0.18407359627551745,0.45819344273790985,0.8982230707609051,0.8982230707609051,0.0,0.0,0.0,0.0,1.0,0.8,0.0,0.0,0.409851059690075,0.5984436446517959,0.46393322555094463,0.5133993836172777,0.4113463307537543,0.29365305205556497
v7-pilots-humanitarian-large-high-high-high-random_geometric-private_fragmented-771105-always_act-always_on,humanitarian,large,high,high,high,random_geometric,private_fragmented,always_on,771105,always_act,5,HUM-23-hub,H19,no_operational_action,request_peer_evidence,send_targeted_summary,execute_autonomously,False,False,0.0,False,False,0.6368324187504311,0.13266275444926637,0.17047777459440885,0.2238881924957685,0.42300524027903386,0.8963822159870816,0.8963822159870816,0.0,0.0,0.0,0.0,1.0,0.8,0.0,0.0,0.4247173414355185,0.6368324187504311,0.4788285214969428,0.5312023448666305,0.42746961587518106,0.309179660349613
v7-pilots-humanitarian-large-high-high-high-random_geometric-private_fragmented-771105-always_act-always_on,humanitarian,large,high,high,high,random_geometric,private_fragmented,always_on,771105,always_act,5,HUM-24-ngo,H12,revise_delivery_priority,request_peer_evidence,send_targeted_summary,execute_autonomously,True,False,0.0,False,False,0.7027941513624294,0.05047090179595187,0.0,0.0,0.2870447076661935,0.9237197447502653,0.9237197447502653,0.0,0.0,0.0,0.0,1.0,0.8,0.0,0.0,0.36349984714978856,0.7027941513624294,0.5120475967325381,0.5658039929263159,0.45517354357222034,0.30078236238148026
v7-pilots-humanitarian-large-high-high-high-random_geometric-private_fragmented-771105-always_act-always_on,humanitarian,large,high,high,high,random_geometric,private_fragmented,always_on,771105,always_act,5,HUM-25-transport,H15,no_operational_action,request_peer_evidence,send_targeted_summary,execute_autonomously,False,False,0.0,False,False,0.668393111492728,0.021927724932959802,0.0,0.0,0.1627159031650155,0.8750654421297559,0.8750654421297559,0.0,0.0,0.0,0.0,1.0,0.8,0.0,0.0,0.32445115660383095,0.668393111492728,0.4861236051295302,0.5400562439158886,0.44072510682694577,0.2911500712179639
v7-pilots-humanitarian-large-high-high-high-random_geometric-private_fragmented-771105-always_act-always_on,humanitarian,large,high,high,high,random_geometric,private_fragmented,always_on,771105,always_act,5,HUM-26-local_authority,H18,no_operational_action,request_peer_evidence,send_targeted_summary,execute_autonomously,False,False,0.0,False,False,0.7536731237781712,0.0760729440292928,0.04497065478840131,0.03459285645872941,0.41135924102953914,0.8785266163672604,0.8785266163672604,0.0,0.0,0.0,0.0,1.0,0.8,0.0,0.0,0.4164501806611719,0.7536731237781712,0.5211009036030836,0.579193144023429,0.4765427119868319,0.3191796174329355
v7-pilots-humanitarian-large-high-high-high-random_geometric-private_fragmented-771105-always_act-always_on,humanitarian,large,high,high,high,random_geometric,private_fragmented,always_on,771105,always_act,5,HUM-27-assessment,H11,no_operational_action,request_peer_evidence,send_targeted_summary,execute_autonomously,False,False,0.0,False,False,0.6734294853658799,0.09778378798854431,0.03282996938957137,0.0240091355938689,0.39306070435548157,0.9198886109520686,0.9198886109520686,0.0,0.0,0.0,0.0,1.0,0.8,0.0,0.0,0.38260157252513366,0.6734294853658799,0.4993439468843691,0.5517562051501252,0.4428403838536696,0.29544135217371065
v7-pilots-humanitarian-large-high-high-high-random_geometric-private_fragmented-771105-always_act-always_on,humanitarian,large,high,high,high,random_geometric,private_fragmented,always_on,771105,always_act,5,HUM-28-clinic,H14,revise_delivery_priority,request_peer_evidence,send_targeted_summary,execute_autonomously,True,False,0.0,False,False,0.6977571355462702,0.11520169183609649,0.0,0.0,0.4173954517378401,0.9474438924519464,0.9474438924519464,0.0,0.0,0.0,0.0,1.0,0.8,0.0,0.0,0.3904644254680567,0.6977571355462702,0.5159638273314946,0.5676851707084674,0.4530579969294335,0.29937199795295566
v7-pilots-humanitarian-large-high-high-high-random_geometric-private_fragmented-771105-always_act-always_on,humanitarian,large,high,high,high,random_geometric,private_fragmented,always_on,771105,always_act,5,HUM-29-shelter,H17,no_operational_action,request_peer_evidence,send_targeted_summary,execute_autonomously,False,False,0.0,False,False,0.5978933129496875,0.18305630861217254,0.0,0.0,0.34538075663263523,0.8556141658792794,0.8556141658792794,0.0,0.0,0.0,0.0,1.0,0.8,0.0,0.0,0.34066749286207354,0.5978933129496875,0.45306086664969486,0.5068436395097426,0.41111519143886877,0.27141012762591255
v7-pilots-humanitarian-large-high-high-high-random_geometric-private_fragmented-771105-always_act-always_on,humanitarian,large,high,high,high,random_geometric,private_fragmented,always_on,771105,always_act,5,HUM-30-depot,H10,revise_delivery_priority,request_peer_evidence,send_targeted_summary,execute_autonomously,True,False,0.0,False,False,0.6730951865851988,0.012529675519429795,0.0,0.0,0.3027007857468078,0.8206273986980293,0.8206273986980293,0.0,0.0,0.0,0.0,1.0,0.8333333333333334,0.0,0.0,0.35684653630326535,0.6730951865851988,0.4743949243085869,0.5343864733852799,0.44936664503245016,0.296799985577189
v7-pilots-humanitarian-large-high-high-high-random_geometric-private_fragmented-771105-always_act-always_on,humanitarian,large,high,high,high,random_geometric,private_fragmented,always_on,771105,always_act,5,HUM-31-hub,H13,no_operational_action,request_peer_evidence,send_targeted_summary,execute_autonomously,False,False,0.0,False,False,0.6546384943022647,0.0773313773868759,0.05747487018724814,0.02788441251871708,0.4693369694922612,0.8973480743915405,0.8973480743915405,0.0,0.0,0.0,0.0,1.0,0.8333333333333334,0.0,0.0,0.3939234803555596,0.6546384943022647,0.486192416318791,0.5385028292016145,0.44161483427361786,0.29497824124021355
v7-pilots-humanitarian-large-high-high-high-random_geometric-private_fragmented-771105-always_act-always_on,humanitarian,large,high,high,high,random_geometric,private_fragmented,always_on,771105,always_act,5,HUM-32-ngo,H16,no_operational_action,request_peer_evidence,send_targeted_summary,execute_autonomously,False,False,0.0,False,False,0.55738321553527,0.2590088787611734,0.2811017489993445,0.37952066171692456,0.45819344273790985,0.8630774398254145,0.8630774398254145,0.0,0.0,0.0,0.0,1.0,0.8,0.0,0.0,0.44279780949639386,0.55738321553527,0.43872264617046164,0.48696170245568243,0.3941009505248134,0.30560977975590653
v7-pilots-humanitarian-large-high-high-high-random_geometric-private_fragmented-771105-always_act-always_on,humanitarian,large,high,high,high,random_geometric,private_fragmented,always_on,771105,always_act,5,HUM-33-transport,H19,no_operational_action,request_peer_evidence,send_targeted_summary,execute_autonomously,False,False,0.0,False,False,0.705368732772057,0.06015404832347823,0.33917325120415953,0.48536618124088204,0.42300524027903386,0.915662372142602,0.915662372142602,0.0,0.0,0.0,0.0,1.0,0.8,0.0,0.0,0.5107744055016986,0.705368732772057,0.5110630861444734,0.5659883537469468,0.456254867764264,0.3597471869250818
v7-pilots-humanitarian-large-high-high-high-random_geometric-private_fragmented-771105-always_act-always_on,humanitarian,large,high,high,high,random_geometric,private_fragmented,always_on,771105,always_act,5,HUM-34-local_authority,H12,no_operational_action,request_peer_evidence,send_targeted_summary,execute_autonomously,False,False,0.0,False,False,0.6055689472593855,0.17556247324921131,0.40071871716993246,0.6211140116133953,0.2870447076661935,0.8600992690264222,0.8600992690264222,0.0,0.0,0.0,0.0,1.0,0.8,0.0,0.0,0.4795106405419685,0.6055689472593855,0.45725239616035973,0.5115180172095222,0.4143389578489419,0.34809298662623533
v7-pilots-humanitarian-large-high-high-high-random_geometric-private_fragmented-771105-always_act-always_on,humanitarian,large,high,high,high,random_geometric,private_fragmented,always_on,771105,always_act,5,HUM-35-assessment,H15,cancel_risky_dispatch,request_peer_evidence,send_targeted_summary,execute_autonomously,True,False,0.0,False,False,0.6492564741923377,0.09361911501620762,0.4596171804587222,0.7124066297110194,0.1627159031650155,0.8881433976771405,0.8881433976771405,0.0,0.0,0.0,0.0,1.0,0.8,0.0,0.0,0.48892229105234286,0.6492564741923377,0.4817384390962202,0.5357217243255654,0.43268771916078186,0.37128060833917687
v7-pilots-humanitarian-large-high-high-high-random_geometric-private_fragmented-771105-always_act-always_on,humanitarian,large,high,high,high,random_geometric,private_fragmented,always_on,771105,always_act,5,HUM-36-clinic,H18,no_operational_action,request_peer_evidence,send_targeted_summary,execute_autonomously,False,False,0.0,False,False,0.6247208001999094,0.18363587377233714,0.07495760535894741,0.08107262984307587,0.41135924102953914,0.9118211046551629,0.9118211046551629,0.0,0.0,0.0,0.0,1.0,0.8,0.0,0.0,0.38376153625680604,0.6247208001999094,0.4778435962437545,0.5280550483188909,0.422382736083962,0.28865053963714377
v7-pilots-humanitarian-large-high-high-high-random_geometric-private_fragmented-771105-always_act-always_on,humanitarian,large,high,high,high,random_geometric,private_fragmented,always_on,771105,always_act,5,HUM-37-shelter,H11,no_operational_action,request_peer_evidence,send_targeted_summary,execute_autonomously,False,False,0.0,False,False,0.4813455639500438,0.3722105788227351,0.0,0.0,0.39306070435548157,0.8047803849501631,0.8047803849501631,0.0,0.0,0.0,0.0,1.0,0.8,0.0,0.0,0.3115308467012209,0.4813455639500438,0.3937333218175583,0.43724700256979865,0.3621651368590184,0.2387767579060123
v7-pilots-humanitarian-large-high-high-high-random_geometric-private_fragmented-771105-always_act-always_on,humanitarian,large,high,high,high,random_geometric,private_fragmented,always_on,771105,always_act,5,HUM-38-depot,H14,allocate_shipment,request_peer_evidence,send_targeted_summary,execute_autonomously,True,False,0.0,False,False,0.732221426829329,0.009128686213511428,0.127370793703167,0.15959677695788085,0.4173954517378401,0.9493506529878692,0.9493506529878692,0.0,0.0,1.1102230246251565e-16,0.0,1.0,0.8,0.0,0.0,0.4404855109741881,0.732221426829329,0.530226233978699,0.5817337056912039,0.4675329992683182,0.32817361274715795
v7-pilots-humanitarian-large-high-high-high-random_geometric-private_fragmented-771105-always_act-always_on,humanitarian,large,high,high,high,random_geometric,private_fragmented,always_on,771105,always_act,5,HUM-39-hub,H17,no_operational_action,request_peer_evidence,send_targeted_summary,execute_autonomously,False,False,0.0,False,False,0.6797641029843178,0.059003050651368794,0.0,0.0,0.34538075663263523,0.8653036158389001,0.8653036158389001,0.0,0.0,0.0,0.0,1.0,0.8,0.0,0.0,0.36850356147384783,0.6797641029843178,0.48823154515345213,0.5470640216793269,0.4455009232534135,0.29433394883560904
v7-pilots-humanitarian-large-high-high-high-random_geometric-private_fragmented-771105-always_act-always_on,humanitarian,large,high,high,high,random_geometric,private_fragmented,always_on,771105,always_act,5,HUM-40-ngo,H10,no_operational_action,request_peer_evidence,send_targeted_summary,execute_autonomously,False,False,0.0,False,False,0.5084482672614781,0.2752112383375298,0.17685458774605098,0.274124611006379,0.3027007857468078,0.7952156641410453,0.7952156641410453,0.0,0.0,1.1102230246251565e-16,0.0,1.0,0.8333333333333334,0.0,0.0,0.36665649037473125,0.5084482672614781,0.40218322293985254,0.45087253905581015,0.3802149389164875,0.2835938014873128
v7-pilots-humanitarian-large-high-high-high-random_geometric-private_fragmented-771105-always_act-always_on,humanitarian,large,high,high,high,random_geometric,private_fragmented,always_on,771105,always_act,5,HUM-41-transport,H13,no_operational_action,request_peer_evidence,send_targeted_summary,execute_autonomously,False,False,0.0,False,False,0.6002813567890087,0.19407195500963997,0.2848565814801769,0.3803260650227567,0.4693369694922612,0.8387465642248573,0.8387465642248573,0.0,0.0,0.0,0.0,1.0,0.8333333333333334,0.0,0.0,0.4600280502020221,0.6002813567890087,0.4497991837718178,0.5062754222124777,0.4187848365180503,0.32205124103698657
v7-pilots-humanitarian-large-high-high-high-random_geometric-private_fragmented-771105-always_act-always_on,humanitarian,large,high,high,high,random_geometric,private_fragmented,always_on,771105,always_act,5,HUM-42-local_authority,H16,no_operational_action,request_peer_evidence,send_targeted_summary,execute_autonomously,False,False,0.0,False,False,0.5070542216603364,0.351720318722665,0.0,0.0,0.45819344273790985,0.8209962758891693,0.8209962758891693,0.0,0.0,0.0,0.0,1.0,0.8,0.0,0.0,0.33460099276685457,0.5070542216603364,0.4080707576364269,0.4543603396870362,0.3729627730973413,0.24597518206489422
v7-pilots-humanitarian-large-high-high-high-random_geometric-private_fragmented-771105-always_act-always_on,humanitarian,large,high,high,high,random_geometric,private_fragmented,always_on,771105,always_act,5,HUM-43-assessment,H19,no_operational_action,request_peer_evidence,send_targeted_summary,execute_autonomously,False,False,0.0,False,False,0.6445495229483682,0.10257595301214656,0.14703831439171305,0.18755702918159,0.42300524027903386,0.8754711928810105,0.8754711928810105,0.0,0.0,0.0,0.0,1.0,0.8,0.0,0.0,0.41862167766741426,0.6445495229483682,0.4766876073995999,0.5308667496014985,0.43071079963831466,0.30698070992733395
v7-pilots-humanitarian-large-high-high-high-random_geometric-private_fragmented-771105-always_act-always_on,humanitarian,large,high,high,high,random_geometric,private_fragmented,always_on,771105,always_act,5,HUM-44-clinic,H12,revise_delivery_priority,request_peer_evidence,send_targeted_summary,execute_autonomously,True,False,0.0,False,False,0.4327640166812263,0.3965718963380183,0.0,0.0,0.2870447076661935,0.715799537809719,0.715799537809719,0.0,0.0,0.0,0.0,1.0,0.8,0.0,0.0,0.27168960135817954,0.4327640166812263,0.3520554911249203,0.3986520492769692,0.34176088700611507,0.22517392467074338
v7-pilots-humanitarian-large-high-high-high-random_geometric-private_fragmented-771105-always_act-always_on,humanitarian,large,high,high,high,random_geometric,private_fragmented,always_on,771105,always_act,5,HUM-45-shelter,H15,no_operational_action,request_peer_evidence,send_targeted_summary,execute_autonomously,False,False,0.0,False,False,0.6550818464248994,0.1571616876464016,0.0682060246062415,0.10571933813967434,0.1627159031650155,0.9314178107442743,0.9314178107442743,0.0,0.0,0.0,0.0,1.0,0.8,0.0,0.0,0.34529796763429105,0.6550818464248994,0.49488719125602837,0.5455154989938031,0.4351343754984578,0.30010923757573277
v7-pilots-humanitarian-large-high-high-high-random_geometric-private_fragmented-771105-always_act-always_on,humanitarian,large,high,high,high,random_geometric,private_fragmented,always_on,771105,always_act,5,HUM-46-depot,H18,revise_delivery_priority,request_peer_evidence,send_targeted_summary,execute_autonomously,True,False,0.0,False,False,0.5752011343523208,0.11308350089733704,0.0,0.0,0.41135924102953914,0.8011771528848842,0.8011771528848842,0.0,0.0,0.0,0.0,1.0,0.8,0.0,0.0,0.3474674187062877,0.5752011343523208,0.4303747419621494,0.4835377756586169,0.4015844764279748,0.26505631761864984
v7-pilots-humanitarian-large-high-high-high-random_geometric-private_fragmented-771105-always_act-always_on,humanitarian,large,high,high,high,random_geometric,private_fragmented,always_on,771105,always_act,5,HUM-47-hub,H11,no_operational_action,request_peer_evidence,send_targeted_summary,execute_autonomously,False,False,0.0,False,False,0.6532607279026952,0.09451475211077753,0.0,0.0,0.39306070435548157,0.8790377645255699,0.8790377645255699,0.0,0.0,0.0,0.0,1.0,0.8,0.0,0.0,0.36998200244512236,0.6532607279026952,0.48106373229247057,0.5372010953922547,0.434369505719132,0.28691300381275464
v7-pilots-humanitarian-large-high-high-high-random_geometric-private_fragmented-771105-always_act-always_on,humanitarian,large,high,high,high,random_geometric,private_fragmented,always_on,771105,always_act,5,HUM-48-ngo,H14,allocate_shipment,request_peer_evidence,send_targeted_summary,execute_autonomously,True,False,0.0,False,False,0.6590538524717615,0.1254608991267782,0.2892728350768654,0.41054494108711337,0.4173954517378401,0.8988079941317344,0.8988079941317344,0.0,0.0,0.0,0.0,1.0,0.8,0.0,0.0,0.47583609508363095,0.6590538524717615,0.4883235395216382,0.542264567044365,0.43680261803813986,0.33780047162254684
v7-pilots-humanitarian-large-high-high-high-random_geometric-private_fragmented-771105-always_act-always_on,humanitarian,large,high,high,high,random_geometric,private_fragmented,always_on,771105,always_act,5,HUM-49-transport,H17,no_operational_action,request_peer_evidence,send_targeted_summary,execute_autonomously,False,False,0.0,False,False,0.6913008665415692,0.08818291622126045,0.1539190255210103,0.23315314907288015,0.34538075663263523,0.9328828365220423,0.9328828365220423,0.0,0.0,0.0,0.0,1.0,0.8,0.0,0.0,0.42838281686080454,0.6913008665415692,0.5097410557471382,0.5622704294920997,0.4503463639474591,0.3255426205203851
v7-pilots-humanitarian-large-high-high-high-random_geometric-private_fragmented-771105-always_act-always_on,humanitarian,large,high,high,high,random_geometric,private_fragmented,always_on,771105,always_act,5,HUM-50-local_authority,H10,no_operational_action,request_peer_evidence,send_targeted_summary,execute_autonomously,False,False,0.0,False,False,0.6698101745690563,0.06092909439250149,0.0,0.0,0.3027007857468078,0.8854517239162097,0.8854517239162097,0.0,0.0,0.0,0.0,1.0,0.8333333333333334,0.0,0.0,0.35572963221777687,0.6698101745690563,0.489287000806675,0.5444095285154884,0.44798693998567035,0.2958801822126691
v7-pilots-humanitarian-large-high-high-high-random_geometric-private_fragmented-771105-always_act-always_on,humanitarian,large,high,high,high,random_geometric,private_fragmented,always_on,771105,always_act,5,HUM-51-assessment,H13,no_operational_action,request_peer_evidence,send_targeted_summary,execute_autonomously,False,False,0.0,False,False,0.616199218651815,0.18534145943466201,0.2888093476144,0.3864528525308025,0.4693369694922612,0.8641421733736417,0.8641421733736417,0.0,0.0,0.0,0.0,1.0,0.8333333333333334,0.0,0.0,0.4669105522373072,0.616199218651815,0.4625152308041365,0.5181276774415936,0.425470338500429,0.3272434568595379
v7-pilots-humanitarian-large-high-high-high-random_geometric-private_fragmented-771105-always_act-always_on,humanitarian,large,high,high,high,random_geometric,private_fragmented,always_on,771105,always_act,10,HUM-00-ngo,H20,allocate_shipment,request_peer_evidence,negotiate_commitment,execute_autonomously,True,False,0.0,False,False,0.6623995188924754,0.0976798386420632,0.16979350540021082,0.14658118957162025,0.5924416528860146,0.8943379960094886,0.8943379960094886,0.0,0.0,0.0,0.0,1.0,0.8333333333333334,0.0,0.0,0.45213248555555374,0.6623995188924754,0.4885443065593623,0.5425035733482563,0.4448744646015063,0.3113949413718209
v7-pilots-humanitarian-large-high-high-high-random_geometric-private_fragmented-771105-always_act-always_on,humanitarian,large,high,high,high,random_geometric,private_fragmented,always_on,771105,always_act,10,HUM-01-transport,H23,no_operational_action,request_peer_evidence,send_targeted_summary,execute_autonomously,False,False,0.0,False,False,0.6006258262691995,0.17217920763368338,0.9105981435300906,0.9472640809057428,0.8149574561767435,0.8745222772416574,0.8745222772416574,0.0,0.0,0.0,0.0,1.0,0.8333333333333334,0.0,0.0,0.6722468007077896,0.6006258262691995,0.45888089981809416,0.5103065600265774,0.41892951369973047,0.39018025439739834
v7-pilots-humanitarian-large-high-high-high-random_geometric-private_fragmented-771105-always_act-always_on,humanitarian,large,high,high,high,random_geometric,private_fragmented,always_on,771105,always_act,10,HUM-02-local_authority,H26,no_operational_action,request_peer_evidence,send_targeted_summary,execute_autonomously,False,False,0.0,False,False,0.5349363521743884,0.2401762792731425,0.36438755485899127,0.17700463544352046,0.7401373384125831,0.7791717117121453,0.7791717117121453,0.0,0.0,0.0,0.0,1.0,0.8,0.0,0.0,0.44858968669650523,0.5349363521743884,0.4087674687977917,0.4641110684131907,0.3846732679132432,0.2750227348620512
v7-pilots-humanitarian-large-high-high-high-random_geometric-private_fragmented-771105-always_act-always_on,humanitarian,large,high,high,high,random_geometric,private_fragmented,always_on,771105,always_act,10,HUM-03-assessment,H29,no_operational_action,request_peer_evidence,send_targeted_summary,execute_autonomously,False,False,0.0,False,False,0.7218831505495158,0.023970467947103113,0.4535861990263562,0.0745381185795248,0.9498958097553346,0.9266445061865826,0.9266445061865826,0.0,0.0,0.0,0.0,1.0,0.8,0.0,0.0,0.533706497792095,0.7218831505495158,0.520414386766452,0.5719343703262624,0.46319092323079664,0.3150718563834074
v7-pilots-humanitarian-large-high-high-high-random_geometric-private_fragmented-771105-always_act-always_on,humanitarian,large,high,high,high,random_geometric,private_fragmented,always_on,771105,always_act,10,HUM-04-clinic,H22,no_operational_action,request_peer_evidence,send_targeted_summary,execute_autonomously,False,False,0.0,False,False,0.7170020047993373,0.07121193075917231,0.35491600533246054,0.34672837220326824,0.6322272498559836,0.9388416500710822,0.9388416500710822,0.0,0.0,0.0,0.0,1.0,0.8,0.0,0.0,0.5274854859288755,0.7170020047993373,0.5215112144375055,0.574788155318235,0.4611408420157217,0.34636796600820663
v7-pilots-humanitarian-large-high-high-high-random_geometric-private_fragmented-771105-always_act-always_on,humanitarian,large,high,high,high,random_geometric,private_fragmented,always_on,771105,always_act,10,HUM-05-shelter,H25,no_operational_action,request_peer_evidence,send_targeted_summary,execute_autonomously,False,False,0.0,False,False,0.5645784458734789,0.21311842863464486,0.3712772997389905,0.06933311220832036,0.8469223774780852,0.8401939113453263,0.8401939113453263,0.0,0.0,0.0,0.0,1.0,0.8,0.0,0.0,0.4563195415721585,0.5645784458734789,0.43587985618572317,0.48744897619810185,0.39712294726686115,0.2704019383095726
v7-pilots-humanitarian-large-high-high-high-random_geometric-private_fragmented-771105-always_act-always_on,humanitarian,large,high,high,high,random_geometric,private_fragmented,always_on,771105,always_act,10,HUM-06-depot,H28,allocate_shipment,request_peer_evidence,negotiate_commitment,execute_autonomously,True,False,0.0,False,False,0.7147334096209534,0.08640411473395088,0.5927471039394046,0.34237630669541297,0.8933554285170973,0.9615532993889516,0.9615532993889516,0.0,0.0,0.0,0.0,1.0,0.8,0.0,0.0,0.5831178671517847,0.7147334096209534,0.5262816886956193,0.5772164495082026,0.46018803204080044,0.3452105114973165
v7-pilots-humanitarian-large-high-high-high-random_geometric-private_fragmented-771105-always_act-always_on,humanitarian,large,high,high,high,random_geometric,private_fragmented,always_on,771105,always_act,10,HUM-07-hub,H21,no_operational_action,request_peer_evidence,send_targeted_summary,execute_autonomously,False,False,0.0,False,False,0.45853365678453406,0.3420355378104581,0.5480250989734459,0.6205744981818948,0.6680955029871003,0.755543153776105,0.755543153776105,0.0,0.0,0.0,0.0,1.0,0.8,0.0,0.0,0.5132203335275585,0.45853365678453406,0.3722992511578399,0.41711139275633635,0.3525841358495043,0.3068583636814969
v7-pilots-humanitarian-large-high-high-high-random_geometric-private_fragmented-771105-always_act-always_on,humanitarian,large,high,high,high,random_geometric,private_fragmented,always_on,771105,always_act,10,HUM-08-ngo,H24,no_operational_action,request_peer_evidence,send_targeted_summary,execute_autonomously,False,False,0.0,False,False,0.6541671438246975,0.14641318128081565,0.8759335548809232,0.8146170849511245,0.8183858913051442,0.9199550340405946,0.9199550340405946,0.0,0.0,0.0,0.0,1.0,0.8,0.0,0.0,0.6593698253757988,0.6541671438246975,0.49165561604002767,0.5431655259187285,0.43475020040637297,0.3849208504650503
v7-pilots-humanitarian-large-high-high-high-random_geometric-private_fragmented-771105-always_act-always_on,humanitarian,large,high,high,high,random_geometric,private_fragmented,always_on,771105,always_act,10,HUM-09-transport,H27,redirect_vehicle,request_peer_evidence,negotiate_commitment,execute_autonomously,True,False,0.0,False,False,0.6150542731124898,0.17920275792060908,0.6941038625892145,0.499321221878997,0.9179597635092918,0.8526185309916495,0.8526185309916495,0.0,0.0,0.0,0.0,1.0,0.8,0.0,0.0,0.59230669408125,0.6150542731124898,0.45917634199290835,0.516732974886518,0.41832279470724576,0.33613374309697686
v7-pilots-humanitarian-large-high-high-high-random_geometric-private_fragmented-771105-always_act-always_on,humanitarian,large,high,high,high,random_geometric,private_fragmented,always_on,771105,always_act,10,HUM-10-local_authority,H20,release_emergency_reserve,request_peer_evidence,negotiate_commitment,execute_autonomously,True,False,0.0,False,False,0.6402702147142183,0.14462204343303237,0.3781279811921787,0.46949962704917053,0.5924416528860146,0.9186138813408251,0.9186138813408251,0.0,0.0,0.0,0.0,1.0,0.8333333333333334,0.0,0.0,0.5221089471295584,0.6402702147142183,0.4857615562208936,0.5361707484861302,0.43558015684663837,0.34394894869921494
v7-pilots-humanitarian-large-high-high-high-random_geometric-private_fragmented-771105-always_act-always_on,humanitarian,large,high,high,high,random_geometric,private_fragmented,always_on,771105,always_act,10,HUM-11-assessment,H23,cancel_risky_dispatch,request_peer_evidence,negotiate_commitment,execute_autonomously,True,False,0.0,False,False,0.6795083396247836,0.09608966267389679,0.35585370732166327,0.08741020478268037,0.8149574561767435,0.9219821331213017,0.9219821331213017,0.0,0.0,0.0,0.0,1.0,0.8333333333333334,0.0,0.0,0.4927019249791533,0.6795083396247836,0.5022988691302389,0.5547185168117659,0.4520601693090758,0.30908489300219444
v7-pilots-humanitarian-large-high-high-high-random_geometric-private_fragmented-771105-always_act-always_on,humanitarian,large,high,high,high,random_geometric,private_fragmented,always_on,771105,always_act,10,HUM-12-clinic,H26,no_operational_action,request_peer_evidence,send_targeted_summary,execute_autonomously,False,False,0.0,False,False,0.6293972644107904,0.1812213125333792,0.5542441980702802,0.4712824324210184,0.7401373384125831,0.9178523606371765,0.9178523606371765,0.0,0.0,0.0,0.0,1.0,0.8,0.0,0.0,0.5513330681314814,0.6293972644107904,0.48122199592361026,0.5312366609494834,0.42434685105253195,0.33678512592554355
v7-pilots-humanitarian-large-high-high-high-random_geometric-private_fragmented-771105-always_act-always_on,humanitarian,large,high,high,high,random_geometric,private_fragmented,always_on,771105,always_act,10,HUM-13-shelter,H29,no_operational_action,request_peer_evidence,send_targeted_summary,execute_autonomously,False,False,0.0,False,False,0.718527770356356,0.038034701807807575,0.4636381929766279,0.09011870920244588,0.9498958097553346,0.8949611863167192,0.8949611863167192,0.0,0.0,0.0,0.0,1.0,0.8,0.0,0.0,0.5363050102759217,0.718527770356356,0.5111514047217222,0.5682918176797388,0.46178166354966954,0.31600202080407325
v7-pilots-humanitarian-large-high-high-high-random_geometric-private_fragmented-771105-always_act-always_on,humanitarian,large,high,high,high,random_geometric,private_fragmented,always_on,771105,always_act,10,HUM-14-depot,H22,no_operational_action,request_peer_evidence,send_targeted_summary,execute_autonomously,False,False,0.0,False,False,0.7154706773559667,0.10988884268287713,0.08869383452632315,0.0,0.6322272498559836,0.9547421291482734,0.9547421291482734,0.0,0.0,0.0,0.0,1.0,0.8,0.0,0.0,0.4437500252693451,0.7154706773559667,0.5248738032294551,0.576948279070294,0.460497684489506,0.30433178965967067
v7-pilots-humanitarian-large-high-high-high-random_geometric-private_fragmented-771105-always_act-always_on,humanitarian,large,high,high,high,random_geometric,private_fragmented,always_on,771105,always_act,10,HUM-15-hub,H25,no_operational_action,request_peer_evidence,send_targeted_summary,execute_autonomously,False,False,0.0,False,False,0.6260350148829699,0.1954306679210775,0.6049437656127322,0.43151613431262004,0.8469223774780852,0.9047517886656447,0.9047517886656447,0.0,0.0,0.0,0.0,1.0,0.8,0.0,0.0,0.5641387003404174,0.6260350148829699,0.47660195311959913,0.5280030327559385,0.4229347062508474,0.33107174028474595
v7-pilots-humanitarian-large-high-high-high-random_geometric-private_fragmented-771105-always_act-always_on,humanitarian,large,high,high,high,random_geometric,private_fragmented,always_on,771105,always_act,10,HUM-16-ngo,H28,no_operational_action,request_peer_evidence,send_targeted_summary,execute_autonomously,False,False,0.0,False,False,0.5947201849168222,0.09184220759299239,0.9844986003185834,0.9495911260831402,0.8933554285170973,0.8196510700647137,0.8196510700647138,1.1102230246251565e-16,0.0,0.0,0.0,0.9999999999999999,0.8,0.0,0.0,0.6880449274054347,0.5947201849168222,0.4428008414829075,0.4958796681917668,0.40978247766506537,0.3844725869066872
v7-pilots-humanitarian-large-high-high-high-random_geometric-private_fragmented-771105-always_act-always_on,humanitarian,large,high,high,high,random_geometric,private_fragmented,always_on,771105,always_act,10,HUM-17-transport,H21,no_operational_action,request_peer_evidence,send_targeted_summary,execute_autonomously,False,False,0.0,False,False,0.5949994470636036,0.21249232566102488,0.0,0.0,0.6680955029871003,0.8890567465124365,0.8890567465124365,0.0,0.0,0.0,0.0,1.0,0.8,0.0,0.0,0.41068082265878736,0.5949994470636036,0.4602639654535506,0.5099826644848358,0.40989976776671355,0.27059984517780905
v7-pilots-humanitarian-large-high-high-high-random_geometric-private_fragmented-771105-always_act-always_on,humanitarian,large,high,high,high,random_geometric,private_fragmented,always_on,771105,always_act,10,HUM-18-local_authority,H24,no_operational_action,request_peer_evidence,send_targeted_summary,execute_autonomously,False,False,0.0,False,False,0.6242044266832407,0.10263966385170004,0.723071009185673,0.5776801391234868,0.8183858913051442,0.8521479449099401,0.8521479449099401,0.0,2.220446049250313e-16,0.0,0.0,1.0,0.8,0.0,0.0,0.5923176345490704,0.6242044266832407,0.46271875690078135,0.5182245557044862,0.42216585920696115,0.3480988561661259
v7-pilots-humanitarian-large-high-high-high-random_geometric-private_fragmented-771105-always_act-always_on,humanitarian,large,high,high,high,random_geometric,private_fragmented,always_on,771105,always_act,10,HUM-19-assessment,H27,no_operational_action,request_peer_evidence,send_targeted_summary,execute_autonomously,False,False,0.0,False,False,0.5895226974768794,0.18270544416205706,0.6803061709903353,0.47793479990073423,0.9179597635092918,0.8717567714396253,0.8717567714396253,0.0,0.0,0.0,0.0,1.0,0.8,0.0,0.0,0.5784932170903594,0.5895226974768794,0.4537482718506581,0.5041202083739873,0.4075995329402894,0.32641853128161435
v7-pilots-humanitarian-large-high-high-high-random_geometric-private_fragmented-771105-always_act-always_on,humanitarian,large,high,high,high,random_geometric,private_fragmented,always_on,771105,always_act,10,HUM-20-clinic,H20,no_operational_action,request_peer_evidence,send_targeted_summary,execute_autonomously,False,False,0.0,False,False,0.6630727218424747,0.11950231566050157,0.1489867565828553,0.11433072890471918,0.5924416528860146,0.9207578046935333,0.9207578046935333,0.0,0.0,0.0,0.0,1.0,0.8333333333333334,0.0,0.0,0.4446212639984972,0.6630727218424747,0.4954185399103732,0.547344345013909,0.44515720984050605,0.3077133829177926
v7-pilots-humanitarian-large-high-high-high-random_geometric-private_fragmented-771105-always_act-always_on,humanitarian,large,high,high,high,random_geometric,private_fragmented,always_on,771105,always_act,10,HUM-21-shelter,H23,no_operational_action,request_peer_evidence,send_targeted_summary,execute_autonomously,False,False,0.0,False,False,0.6376272096743614,0.16999815200830126,0.4958239953198861,0.3043641511799257,0.8149574561767435,0.89019909503559,0.89019909503559,0.0,0.0,0.0,0.0,1.0,0.8333333333333334,0.0,0.0,0.5305312879313487,0.6376272096743614,0.47760065762864207,0.5325588696742442,0.43447009472989845,0.32339265018374563
v7-pilots-humanitarian-large-high-high-high-random_geometric-private_fragmented-771105-always_act-always_on,humanitarian,large,high,high,high,random_geometric,private_fragmented,always_on,771105,always_act,10,HUM-22-depot,H26,no_operational_action,request_peer_evidence,send_targeted_summary,execute_autonomously,False,False,0.0,False,False,0.718506962246138,0.044162700765565666,0.5021225645140714,0.3904939004088947,0.7401373384125831,0.9233095890990672,0.9233095890990672,0.0,0.0,0.0,0.0,1.0,0.8,0.0,0.0,0.56224111771259,0.718506962246138,0.518230182173222,0.5729946314182266,0.46177292414337795,0.352041217477986
v7-pilots-humanitarian-large-high-high-high-random_geometric-private_fragmented-771105-always_act-always_on,humanitarian,large,high,high,high,random_geometric,private_fragmented,always_on,771105,always_act,10,HUM-23-hub,H29,release_emergency_reserve,request_peer_evidence,send_targeted_summary,execute_autonomously,True,False,0.0,False,False,0.7266723625021407,0.06499427373977942,0.5557693237284634,0.23292196186779102,0.9498958097553346,0.9596308229419621,0.9596308229419621,0.0,0.0,0.0,0.0,1.0,0.8,0.0,0.0,0.5733469522451714,0.7266723625021407,0.5305766507363469,0.5820784068080902,0.46520239225089915,0.33541889692473437
v7-pilots-humanitarian-large-high-high-high-random_geometric-private_fragmented-771105-always_act-always_on,humanitarian,large,high,high,high,random_geometric,private_fragmented,always_on,771105,always_act,10,HUM-24-ngo,H22,no_operational_action,request_peer_evidence,send_targeted_summary,execute_autonomously,False,False,0.0,False,False,0.7210054657989051,0.08716844379798883,0.11772031766446996,0.0,0.6322272498559836,0.9687974424221707,0.9687974424221707,0.0,0.0,0.0,0.0,1.0,0.8,0.0,0.0,0.44563185333994415,0.7210054657989051,0.5306015469251048,0.5812614200056916,0.46282229563554017,0.3058815304236935
v7-pilots-humanitarian-large-high-high-high-random_geometric-private_fragmented-771105-always_act-always_on,humanitarian,large,high,high,high,random_geometric,private_fragmented,always_on,771105,always_act,10,HUM-25-transport,H25,no_operational_action,request_peer_evidence,send_targeted_summary,execute_autonomously,False,False,0.0,False,False,0.7100905129389392,0.11730244534617512,0.5807784668342566,0.3940599212059829,0.8469223774780852,0.9698532611700251,0.9698532611700251,0.0,0.0,0.0,0.0,1.0,0.8,0.0,0.0,0.583728078533854,0.7100905129389392,0.526499520468082,0.5767311629822305,0.4582380154343545,0.35011253416762095
v7-pilots-humanitarian-large-high-high-high-random_geometric-private_fragmented-771105-always_act-always_on,humanitarian,large,high,high,high,random_geometric,private_fragmented,always_on,771105,always_act,10,HUM-26-local_authority,H28,no_operational_action,request_peer_evidence,send_targeted_summary,execute_autonomously,False,False,0.0,False,False,0.614400130722586,0.19331837964394316,0.5508462947519478,0.277430052454855,0.8933554285170973,0.9026632704354783,0.9026632704354783,0.0,0.0,0.0,0.0,1.0,0.8,0.0,0.0,0.533417451308606,0.614400130722586,0.471425869897904,0.5215810130929409,0.4180480549034862,0.3093236428969067
v7-pilots-humanitarian-large-high-high-high-random_geometric-private_fragmented-771105-always_act-always_on,humanitarian,large,high,high,high,random_geometric,private_fragmented,always_on,771105,always_act,10,HUM-27-assessment,H21,cancel_risky_dispatch,request_peer_evidence,send_targeted_summary,execute_autonomously,True,False,0.0,False,False,0.6703301084445253,0.026906328261092793,0.1821841049897222,0.05352095750712308,0.6680955029871003,0.8937710540431559,0.8937710540431559,0.0,0.0,0.0,0.0,1.0,0.8,0.0,0.0,0.4491382773300102,0.6703301084445253,0.4915748068885991,0.5436140878955198,0.44153864554670064,0.2981149452653219
v7-pilots-humanitarian-large-high-high-high-random_geometric-private_fragmented-771105-always_act-always_on,humanitarian,large,high,high,high,random_geometric,private_fragmented,always_on,771105,always_act,10,HUM-28-clinic,H24,no_operational_action,request_peer_evidence,send_targeted_summary,execute_autonomously,False,False,0.0,False,False,0.6537416168304448,0.13341135909486493,0.4642039142005985,0.1764361418966212,0.8183858913051442,0.9265703357318003,0.9265703357318003,0.0,0.0,0.0,0.0,1.0,0.8,0.0,0.0,0.5060617198646721,0.6537416168304448,0.493139230665128,0.5438952017168884,0.43457147906878685,0.3082199897401191
v7-pilots-humanitarian-large-high-high-high-random_geometric-private_fragmented-771105-always_act-always_on,humanitarian,large,high,high,high,random_geometric,private_fragmented,always_on,771105,always_act,10,HUM-29-shelter,H27,no_operational_action,request_peer_evidence,send_targeted_summary,execute_autonomously,False,False,0.0,False,False,0.6435388716759348,0.11003545073292562,0.663778944686056,0.4523175991291014,0.9179597635092918,0.8578943383216863,0.8578943383216863,0.0,0.0,0.0,0.0,1.0,0.8,0.0,0.0,0.5907105881328464,0.6435388716759348,0.4718891332507955,0.5293360528667961,0.43028632610389267,0.33846899596475394
v7-pilots-humanitarian-large-high-high-high-random_geometric-private_fragmented-771105-always_act-always_on,humanitarian,large,high,high,high,random_geometric,private_fragmented,always_on,771105,always_act,10,HUM-30-depot,H20,no_operational_action,request_peer_evidence,send_targeted_summary,execute_autonomously,False,False,0.0,False,False,0.6336679237062025,0.13712313021567296,0.08128756182535185,0.009396977030588845,0.5924416528860146,0.8950538097346536,0.8950538097346536,0.0,0.0,0.0,0.0,1.0,0.8333333333333334,0.0,0.0,0.4094395321823734,0.6336679237062025,0.4772306219161444,0.5294323501466063,0.4328071946232717,0.2868879892147407
v7-pilots-humanitarian-large-high-high-high-random_geometric-private_fragmented-771105-always_act-always_on,humanitarian,large,high,high,high,random_geometric,private_fragmented,always_on,771105,always_act,10,HUM-31-hub,H23,no_operational_action,request_peer_evidence,send_targeted_summary,execute_autonomously,False,False,0.0,False,False,0.6970100632989926,0.07002481226588197,0.3847455401982468,0.13219254574138486,0.8149574561767435,0.9440421665680903,0.9440421665680903,0.0,0.0,0.0,0.0,1.0,0.8333333333333334,0.0,0.0,0.5094002728584734,0.6970100632989926,0.5148145669616196,0.5660542921402989,0.4594108932522436,0.3193592565460175
v7-pilots-humanitarian-large-high-high-high-random_geometric-private_fragmented-771105-always_act-always_on,humanitarian,large,high,high,high,random_geometric,private_fragmented,always_on,771105,always_act,10,HUM-32-ngo,H26,no_operational_action,request_peer_evidence,send_targeted_summary,execute_autonomously,False,False,0.0,False,False,0.6414735883617841,0.16215452082688575,0.5014139519818764,0.3893955509839925,0.7401373384125831,0.9274533040021535,0.9274533040021535,0.0,0.0,0.0,0.0,1.0,0.8,0.0,0.0,0.5357861667299332,0.6414735883617841,0.48845276134525206,0.5383572233189678,0.42941890711194936,0.33034007085937866
v7-pilots-humanitarian-large-high-high-high-random_geometric-private_fragmented-771105-always_act-always_on,humanitarian,large,high,high,high,random_geometric,private_fragmented,always_on,771105,always_act,10,HUM-33-transport,H29,allocate_shipment,request_peer_evidence,send_targeted_summary,execute_autonomously,True,False,0.0,False,False,0.7971440297674475,0.056605407205872316,0.5908371213745592,0.28727704821923955,0.9498958097553346,0.9655575595248678,0.9655575595248678,0.0,0.0,0.0,0.0,1.0,0.8,0.0,0.0,0.6103525398397233,0.7971440297674475,0.560247001788196,0.6115219122873774,0.49480049250232794,0.36167357412119405
v7-pilots-humanitarian-large-high-high-high-random_geometric-private_fragmented-771105-always_act-always_on,humanitarian,large,high,high,high,random_geometric,private_fragmented,always_on,771105,always_act,10,HUM-34-local_authority,H22,no_operational_action,request_peer_evidence,send_targeted_summary,execute_autonomously,False,False,0.0,False,False,0.650713062462187,0.013256349975172,0.25784170281645297,0.19626320330345653,0.6322272498559836,0.8113653376984084,0.8113653376984084,0.0,0.0,0.0,0.0,1.0,0.8,0.0,0.0,0.4688356049982896,0.650713062462187,0.4631265594094769,0.5222213895030864,0.43329948623411857,0.30975124188582714
v7-pilots-humanitarian-large-high-high-high-random_geometric-private_fragmented-771105-always_act-always_on,humanitarian,large,high,high,high,random_geometric,private_fragmented,always_on,771105,always_act,10,HUM-35-assessment,H25,no_operational_action,request_peer_evidence,send_targeted_summary,execute_autonomously,False,False,0.0,False,False,0.6615238491121125,0.147398696970028,0.37989804985482406,0.08269527488786241,0.8469223774780852,0.9275201203231653,0.9275201203231653,0.0,0.0,0.0,0.0,1.0,0.8,0.0,0.0,0.492487897716384,0.6615238491121125,0.49648956972563635,0.5482388258680619,0.43784001662708727,0.299150110737935
v7-pilots-humanitarian-large-high-high-high-random_geometric-private_fragmented-771105-always_act-always_on,humanitarian,large,high,high,high,random_geometric,private_fragmented,always_on,771105,always_act,10,HUM-36-clinic,H28,no_operational_action,request_peer_evidence,send_targeted_summary,execute_autonomously,False,False,0.0,False,False,0.6044458011484225,0.13703422938844484,0.5207120320714559,0.23072194530009257,0.8933554285170973,0.856769625418889,0.856769625418889,0.0,0.0,0.0,0.0,1.0,0.8,0.0,0.0,0.5188230335362474,0.6044458011484225,0.45597072681409123,0.5087754727060785,0.4138672364823375,0.30093145775756946
v7-pilots-humanitarian-large-high-high-high-random_geometric-private_fragmented-771105-always_act-always_on,humanitarian,large,high,high,high,random_geometric,private_fragmented,always_on,771105,always_act,10,HUM-37-shelter,H21,no_operational_action,request_peer_evidence,send_targeted_summary,execute_autonomously,False,False,0.0,False,False,0.5483010907098369,0.25551722705310354,0.22224884861408487,0.1156213101248852,0.6680955029871003,0.8549550646338367,0.8549550646338367,0.0,0.0,0.0,0.0,1.0,0.8,0.0,0.0,0.4225524959284791,0.5483010907098369,0.43305920244239393,0.48070865634064625,0.39028645809813156,0.2713988626137406
v7-pilots-humanitarian-large-high-high-high-random_geometric-private_fragmented-771105-always_act-always_on,humanitarian,large,high,high,high,random_geometric,private_fragmented,always_on,771105,always_act,10,HUM-38-depot,H24,allocate_shipment,request_peer_evidence,send_targeted_summary,execute_autonomously,True,False,0.0,False,False,0.6989592820145738,0.08295965185439472,0.450189594273826,0.1547139460101238,0.8183858913051442,0.9508545039513643,0.9508545039513643,0.0,0.0,0.0,0.0,1.0,0.8,0.0,0.0,0.5162223990145166,0.6989592820145738,0.5172973387936706,0.5682950780314647,0.453562898446121,0.31827427248529555
v7-pilots-humanitarian-large-high-high-high-random_geometric-private_fragmented-771105-always_act-always_on,humanitarian,large,high,high,high,random_geometric,private_fragmented,always_on,771105,always_act,10,HUM-39-hub,H27,redirect_vehicle,request_peer_evidence,send_targeted_summary,execute_autonomously,True,False,0.0,False,False,0.6996999185586121,0.05760608429429956,0.9109438512641145,0.835423204325092,0.9179597635092918,0.943525935400259,0.943525935400259,0.0,0.0,0.0,0.0,1.0,0.8,0.0,0.0,0.7017506893199944,0.6996999185586121,0.5157614512735096,0.5669350024675652,0.45387396579461714,0.4001667617154224
v7-pilots-humanitarian-large-high-high-high-random_geometric-private_fragmented-771105-always_act-always_on,humanitarian,large,high,high,high,random_geometric,private_fragmented,always_on,771105,always_act,10,HUM-40-ngo,H20,no_operational_action,request_peer_evidence,send_targeted_summary,execute_autonomously,False,False,0.0,False,False,0.4845086407141911,0.36662888777604186,0.18815278018326514,0.17503806548535444,0.5924416528860146,0.7991850201470552,0.7991850201470552,0.0,0.0,0.0,0.0,1.0,0.8333333333333334,0.0,0.0,0.3984792371942333,0.4845086407141911,0.3935997113224402,0.43853919150562803,0.3701602957666269,0.2650003205915494
v7-pilots-humanitarian-large-high-high-high-random_geometric-private_fragmented-771105-always_act-always_on,humanitarian,large,high,high,high,random_geometric,private_fragmented,always_on,771105,always_act,10,HUM-41-transport,H23,no_operational_action,request_peer_evidence,send_targeted_summary,execute_autonomously,False,False,0.0,False,False,0.7259063859947177,0.056811644476264134,0.3900141317431748,0.1403588626360232,0.8149574561767435,0.9577209668018578,0.9577209668018578,0.0,0.0,0.0,0.0,1.0,0.8333333333333334,0.0,0.0,0.5211849386297333,0.7259063859947177,0.5297927960983515,0.5813657024409298,0.4715473487844481,0.3284301849281771
v7-pilots-humanitarian-large-high-high-high-random_geometric-private_fragmented-771105-always_act-always_on,humanitarian,large,high,high,high,random_geometric,private_fragmented,always_on,771105,always_act,10,HUM-42-local_authority,H26,no_operational_action,request_peer_evidence,send_targeted_summary,execute_autonomously,False,False,0.0,False,False,0.48471913342477146,0.38512406298394997,0.23332374598326583,0.0,0.7401373384125831,0.8166114155091075,0.8166114155091075,0.0,0.0,0.0,0.0,1.0,0.8,0.0,0.0,0.3890347198151906,0.48471913342477146,0.3980405072471855,0.44070034865510765,0.363582036038404,0.23972135735893604
v7-pilots-humanitarian-large-high-high-high-random_geometric-private_fragmented-771105-always_act-always_on,humanitarian,large,high,high,high,random_geometric,private_fragmented,always_on,771105,always_act,10,HUM-43-assessment,H29,cancel_risky_dispatch,request_peer_evidence,send_targeted_summary,execute_autonomously,True,False,0.0,False,False,0.7245774723419494,0.02856444789341503,0.5365273007837057,0.20309682630341652,0.9498958097553346,0.9516403855679789,0.9516403855679789,0.0,0.0,0.0,0.0,1.0,0.8,0.0,0.0,0.5654766570552564,0.7245774723419494,0.5277410853287745,0.5791960977056669,0.46432253838361875,0.33125331141215586
v7-pilots-humanitarian-large-high-high-high-random_geometric-private_fragmented-771105-always_act-always_on,humanitarian,large,high,high,high,random_geometric,private_fragmented,always_on,771105,always_act,10,HUM-44-clinic,H22,revise_delivery_priority,request_peer_evidence,send_targeted_summary,execute_autonomously,True,False,0.0,False,False,0.6662884374452702,0.14610565222288427,0.41693500349962065,0.44285781936236646,0.6322272498559836,0.9279770622036315,0.9279770622036315,0.0,0.0,0.0,0.0,1.0,0.8,0.0,0.0,0.5333139403466762,0.6662884374452702,0.49850964052901603,0.5506094451619084,0.4398411437270135,0.34370370080815965
v7-pilots-humanitarian-large-high-high-high-random_geometric-private_fragmented-771105-always_act-always_on,humanitarian,large,high,high,high,random_geometric,private_fragmented,always_on,771105,always_act,10,HUM-45-shelter,H25,no_operational_action,request_peer_evidence,send_targeted_summary,execute_autonomously,False,False,0.0,False,False,0.6293605870399983,0.16470622473606678,0.6674148594887748,0.528346329820486,0.8469223774780852,0.8873082861554039,0.8873082861554039,0.0,0.0,0.0,0.0,1.0,0.8,0.0,0.0,0.5885086417956948,0.6293605870399983,0.47357130635485034,0.5262082484898696,0.42433144655679933,0.34362252394965787
v7-pilots-humanitarian-large-high-high-high-random_geometric-private_fragmented-771105-always_act-always_on,humanitarian,large,high,high,high,random_geometric,private_fragmented,always_on,771105,always_act,10,HUM-46-depot,H28,no_operational_action,request_peer_evidence,send_targeted_summary,execute_autonomously,False,False,0.0,False,False,0.6438217109373481,0.11955815230787403,0.3139656733660117,0.0,0.8933554285170973,0.8983142632909464,0.8983142632909464,0.0,0.0,0.0,0.0,1.0,0.8,0.0,0.0,0.4768375759924598,0.6438217109373481,0.48210725019767586,0.5346310900244235,0.4304051185936862,0.2842700790624575
v7-pilots-humanitarian-large-high-high-high-random_geometric-private_fragmented-771105-always_act-always_on,humanitarian,large,high,high,high,random_geometric,private_fragmented,always_on,771105,always_act,10,HUM-47-hub,H21,redirect_vehicle,request_peer_evidence,send_targeted_summary,execute_autonomously,True,False,0.0,False,False,0.7462776213834676,0.04790464779736847,0.6153636254904797,0.7249492142832973,0.6680955029871003,0.9599578804658717,0.9599578804658717,0.0,0.0,0.0,0.0,1.0,0.8,0.0,0.0,0.6361032133555324,0.7462776213834676,0.538500518669855,0.5904063379763427,0.47343660098105644,0.3999516397013666
v7-pilots-humanitarian-large-high-high-high-random_geometric-private_fragmented-771105-always_act-always_on,humanitarian,large,high,high,high,random_geometric,private_fragmented,always_on,771105,always_act,10,HUM-48-ngo,H24,no_operational_action,request_peer_evidence,send_targeted_summary,execute_autonomously,False,False,0.0,False,False,0.6014926395228322,0.24674402048774488,0.6587985210301932,0.4780577824824931,0.8183858913051442,0.8970305163045864,0.8970305163045864,0.0,0.0,0.0,0.0,1.0,0.8,0.0,0.0,0.560686261320693,0.6014926395228322,0.4648546848852795,0.5148925988874391,0.4126269085995895,0.32978487296429215
v7-pilots-humanitarian-large-high-high-high-random_geometric-private_fragmented-771105-always_act-always_on,humanitarian,large,high,high,high,random_geometric,private_fragmented,always_on,771105,always_act,10,HUM-49-transport,H27,no_operational_action,request_peer_evidence,send_targeted_summary,execute_autonomously,False,False,0.0,False,False,0.5835346130590602,0.23351888095912762,0.7942786507046571,0.6545921434579329,0.9179597635092918,0.8562323419040943,0.8562323419040943,0.0,0.0,0.0,0.0,1.0,0.8,0.0,0.0,0.6188550308420285,0.5835346130590602,0.44747193069964764,0.5000888587204062,0.40508453748480533,0.34594074887148885
v7-pilots-humanitarian-large-high-high-high-random_geometric-private_fragmented-771105-always_act-always_on,humanitarian,large,high,high,high,random_geometric,private_fragmented,always_on,771105,always_act,10,HUM-50-local_authority,H20,no_operational_action,request_peer_evidence,send_targeted_summary,execute_autonomously,False,False,0.0,False,False,0.7377311163503327,0.0017343062786954744,0.3248287263642362,0.3868857820658596,0.5924416528860146,0.9512394596154169,0.9512394596154169,0.0,0.0,0.0,0.0,1.0,0.8333333333333334,0.0,0.0,0.5354183308898427,0.7377311163503327,0.5329023114439874,0.5842816868162115,0.47651373553380644,0.3613243397593297
v7-pilots-humanitarian-large-high-high-high-random_geometric-private_fragmented-771105-always_act-always_on,humanitarian,large,high,high,high,random_geometric,private_fragmented,always_on,771105,always_act,10,HUM-51-assessment,H23,no_operational_action,request_peer_evidence,send_targeted_summary,execute_autonomously,False,False,0.0,False,False,0.5855249013108537,0.25369576631604107,0.5555566069369209,0.39694969918632966,0.8149574561767435,0.8919962302261248,0.8919962302261248,0.0,0.0,1.1102230246251565e-16,0.0,1.0,0.8333333333333334,0.0,0.0,0.535037034609293,0.5855249013108537,0.45720901808087266,0.505860393605843,0.4125871252172252,0.319914269602732
v7-pilots-humanitarian-large-high-high-high-random_geometric-private_fragmented-771105-always_act-always_on,humanitarian,large,high,high,high,random_geometric,private_fragmented,always_on,771105,always_act,15,HUM-00-ngo,H00,no_operational_action,request_peer_evidence,send_targeted_summary,execute_autonomously,False,False,0.0,False,False,0.7390393935220392,0.08628460509159183,0.0,0.0,0.0,0.9771340295127683,0.9799441738448978,0.013847510943599484,0.012833131401332465,0.008962278446863925,0.0770940683335618,0.9861524890564005,0.7916666666666666,0.3008912611596587,0.013847510943599484,0.31267339379749337,0.7390393935220392,0.5592857801080471,0.6097086883812701,0.5859128624796037,0.3893811086997202
v7-pilots-humanitarian-large-high-high-high-random_geometric-private_fragmented-771105-always_act-always_on,humanitarian,large,high,high,high,random_geometric,private_fragmented,always_on,771105,always_act,15,HUM-01-transport,H03,no_operational_action,request_peer_evidence,send_targeted_summary,execute_autonomously,False,False,0.0,False,False,0.6468647632002356,0.1989017687286629,0.0,0.0,0.0,0.9380795008563224,0.9380795008563224,0.0,0.0,0.0,0.0,1.0,0.8333333333333334,0.14073919792368328,0.0,0.2813340194880801,0.6468647632002356,0.4932657804941748,0.5428620858023667,0.43834986721076563,0.2894554670293993
v7-pilots-humanitarian-large-high-high-high-random_geometric-private_fragmented-771105-always_act-always_on,humanitarian,large,high,high,high,random_geometric,private_fragmented,always_on,771105,always_act,15,HUM-02-local_authority,H06,release_emergency_reserve,request_peer_evidence,negotiate_commitment,execute_autonomously,True,False,0.0,False,False,0.6787539566983105,0.03812858709529743,0.0,0.0,0.0,0.8856085924879238,0.8965854022217232,0.010917159466975135,0.008359538839779024,0.008610882605614933,0.057399136503955235,0.9890828405330249,0.725,0.07259347105967484,0.010917159466975135,0.2921763452774256,0.6787539566983105,0.5081877540550703,0.5599654602059281,0.5173233492993023,0.3447924752434402
v7-pilots-humanitarian-large-high-high-high-random_geometric-private_fragmented-771105-always_act-always_on,humanitarian,large,high,high,high,random_geometric,private_fragmented,always_on,771105,always_act,15,HUM-03-assessment,H09,no_operational_action,request_peer_evidence,send_targeted_summary,execute_autonomously,False,False,0.0,False,False,0.6659650383947158,0.09144504808992349,0.0,0.0,0.0,0.9257225534390867,0.940941104255867,0.023814473696191496,0.01987283591787381,0.016620108547471535,0.13156730677307005,0.9761855263038085,0.725,0.23565335954387445,0.023814473696191496,0.28782811305420336,0.6659650383947158,0.531156916892326,0.5785570189900444,0.6246876224208471,0.4167799907440903
v7-pilots-humanitarian-large-high-high-high-random_geometric-private_fragmented-771105-always_act-always_on,humanitarian,large,high,high,high,random_geometric,private_fragmented,always_on,771105,always_act,15,HUM-04-clinic,H02,revise_delivery_priority,request_peer_evidence,negotiate_commitment,execute_autonomously,True,True,43.856351669954485,True,False,0.6906802719494196,0.04135210290574298,0.0,0.0,0.0,0.9004345113134955,0.9004345113134955,0.0,0.0,0.0,0.0,1.0,0.8,0.02066707411881008,0.0,0.29623129246280266,0.6906802719494196,0.5013807366081418,0.5553585853556975,0.45008571421875626,0.2973904761458375
v7-pilots-humanitarian-large-high-high-high-random_geometric-private_fragmented-771105-always_act-always_on,humanitarian,large,high,high,high,random_geometric,private_fragmented,always_on,771105,always_act,15,HUM-05-shelter,H05,no_operational_action,request_peer_evidence,send_targeted_summary,execute_autonomously,False,False,0.0,False,False,0.5563513530669046,0.27885559513168573,0.0,0.0,0.0,0.8681458642594683,0.8681458642594683,0.0,0.0,0.0,0.0,1.0,0.8,0.06403236912165511,0.0,0.2505594600427476,0.5563513530669046,0.43957700729162896,0.48724020389463313,0.3936675682881,0.25977837885873334
v7-pilots-humanitarian-large-high-high-high-random_geometric-private_fragmented-771105-always_act-always_on,humanitarian,large,high,high,high,random_geometric,private_fragmented,always_on,771105,always_act,15,HUM-06-depot,H08,no_operational_action,request_peer_evidence,send_targeted_summary,execute_autonomously,False,False,0.0,False,False,0.5416332130125376,0.2871778915664567,0.0,0.0,0.0,0.843075211019323,0.843075211019323,0.0,0.0,0.0,0.0,1.0,0.8,-0.015283393654631494,0.0,0.24555529242426283,0.5416332130125376,0.4274220879598458,0.47605840224060925,0.3874859494652658,0.2556572996435106
v7-pilots-humanitarian-large-high-high-high-random_geometric-private_fragmented-771105-always_act-always_on,humanitarian,large,high,high,high,random_geometric,private_fragmented,always_on,771105,always_act,15,HUM-07-hub,H01,redirect_vehicle,request_peer_evidence,negotiate_commitment,execute_autonomously,True,False,0.0,False,False,0.6412568617840417,0.03310848971992547,0.12365335273941,0.1916626967460855,0.0,0.8385931962223335,0.8516120102232926,0.012408192714880695,0.01179496354915488,0.00744900959007555,0.06011939224896423,0.9875918072851193,0.725,-0.0266645896753418,0.012408192714880695,0.32542638022563475,0.6412568617840417,0.4835225135700331,0.5389494884705839,0.5057093581677231,0.36134539584227837
v7-pilots-humanitarian-large-high-high-high-random_geometric-private_fragmented-771105-always_act-always_on,humanitarian,large,high,high,high,random_geometric,private_fragmented,always_on,771105,always_act,15,HUM-08-ngo,H04,no_operational_action,request_peer_evidence,send_targeted_summary,execute_autonomously,False,False,0.0,False,False,0.700409318531459,0.08134250244333005,0.01791674478248503,0.027770954412851795,0.0,0.9432851606758049,0.9516849613596136,0.018467608172927474,0.016236724590263374,0.012046954242162733,0.0973115914907241,0.9815323918270725,0.725,0.010161118145603942,0.018467608172927474,0.3062041973597805,0.700409318531459,0.5418396690236332,0.5920615270909542,0.5870855328491135,0.39560219460410306
v7-pilots-humanitarian-large-high-high-high-random_geometric-private_fragmented-771105-always_act-always_on,humanitarian,large,high,high,high,random_geometric,private_fragmented,always_on,771105,always_act,15,HUM-09-transport,H07,no_operational_action,request_peer_evidence,send_targeted_summary,execute_autonomously,False,False,0.0,False,False,0.6493019222179275,0.03777998620897299,0.07471199750487605,0.11580359613255788,0.0,0.8397052021496701,0.8489643315838858,0.007480419000032823,0.006437190160566875,0.004920362358618258,0.050953342248533984,0.9925195809999672,0.725,-0.01836288773985928,0.007480419000032823,0.30995551662590926,0.6493019222179275,0.4801196560246345,0.5356289959123955,0.4951558875493012,0.33960438404152987
v7-pilots-humanitarian-large-high-high-high-random_geometric-private_fragmented-771105-always_act-always_on,humanitarian,large,high,high,high,random_geometric,private_fragmented,always_on,771105,always_act,15,HUM-10-local_authority,H00,no_operational_action,request_peer_evidence,send_targeted_summary,execute_autonomously,False,False,0.0,False,False,0.7229611578709954,0.03316184501055347,0.0,0.0,0.0,0.9290669282622404,0.9429162743809689,0.016965146160412337,0.016227799226690598,0.009600556528334026,0.08172417615385474,0.9830348538395877,0.7916666666666666,0.03194222243720668,0.016965146160412337,0.30720679367613846,0.7229611578709954,0.5452023998385355,0.5991658067416366,0.5861977673930105,0.393080656475634
v7-pilots-humanitarian-large-high-high-high-random_geometric-private_fragmented-771105-always_act-always_on,humanitarian,large,high,high,high,random_geometric,private_fragmented,always_on,771105,always_act,15,HUM-11-assessment,H03,no_operational_action,request_peer_evidence,send_targeted_summary,execute_autonomously,False,False,0.0,False,False,0.6299396488330753,0.20537949347425863,0.22029313061715394,0.3414543524565886,0.0,0.9145534064036146,0.9211851601898164,0.01971129186804832,0.017059815504332332,0.014181462313584858,0.062469154941568905,0.9802887081319517,0.6666666666666666,0.14540020032332468,0.01971129186804832,0.3575285251928269,0.6299396488330753,0.5082100197494015,0.5569019545288915,0.49286110135440964,0.3831298589763247
v7-pilots-humanitarian-large-high-high-high-random_geometric-private_fragmented-771105-always_act-always_on,humanitarian,large,high,high,high,random_geometric,private_fragmented,always_on,771105,always_act,15,HUM-12-clinic,H06,revise_delivery_priority,request_peer_evidence,negotiate_commitment,execute_autonomously,True,False,0.0,False,False,0.7321664959937679,0.04277198642253846,0.33158508182393176,0.5139568768270942,0.0,0.9633806921729718,0.9583936116495645,0.013476009697475533,0.01203097107087625,0.009078245080375358,0.030033538845709473,0.9865239903025245,0.3875,0.16911501390742323,0.013476009697475533,0.43368625907638375,0.7321664959937679,0.5525781850172159,0.6028402218281806,0.4306609073628609,0.36175759908996163
v7-pilots-humanitarian-large-high-high-high-random_geometric-private_fragmented-771105-always_act-always_on,humanitarian,large,high,high,high,random_geometric,private_fragmented,always_on,771105,always_act,15,HUM-13-shelter,H09,no_operational_action,request_peer_evidence,send_targeted_summary,execute_autonomously,False,False,0.0,False,False,0.6456561951811894,0.07886839806695678,0.0,0.0,0.0,0.8886616898255061,0.8886616898255061,0.0,0.0,0.0,0.0,1.0,0.8,-0.004382678114099758,0.0,0.28092310636160445,0.6456561951811894,0.4804279005288523,0.5326905579451668,0.4311756019760996,0.28478373465073303
v7-pilots-humanitarian-large-high-high-high-random_geometric-private_fragmented-771105-always_act-always_on,humanitarian,large,high,high,high,random_geometric,private_fragmented,always_on,771105,always_act,15,HUM-14-depot,H02,no_operational_action,request_peer_evidence,send_targeted_summary,execute_autonomously,False,False,0.0,False,False,0.5695565882014912,0.24412077037790914,0.0,0.0,0.0,0.8690443435421131,0.871370004277104,0.001758844369294632,0.0014667212362701187,0.0010726635404985085,0.008258230714379367,0.9982411556307054,0.725,0.12286927415704585,0.001758844369294632,0.25504923998850704,0.5695565882014912,0.4475461032831373,0.49640569863876527,0.3967662777304829,0.26265336733449457
v7-pilots-humanitarian-large-high-high-high-random_geometric-private_fragmented-771105-always_act-always_on,humanitarian,large,high,high,high,random_geometric,private_fragmented,always_on,771105,always_act,15,HUM-15-hub,H05,no_operational_action,request_peer_evidence,send_targeted_summary,execute_autonomously,False,False,0.0,False,False,0.6375170504804261,0.2089268485233091,0.19423110208733527,0.30105820823536966,0.0,0.9322541123587559,0.9389916994307052,0.00943666582823377,0.008698698550479667,0.006275894233077617,0.06963414980665039,0.9905633341717662,0.725,0.28201224869371844,0.00943666582823377,0.3504097671398336,0.6375170504804261,0.5012816804413867,0.55053294469084,0.5186010689078876,0.37557544574687235
v7-pilots-humanitarian-large-high-high-high-random_geometric-private_fragmented-771105-always_act-always_on,humanitarian,large,high,high,high,random_geometric,private_fragmented,always_on,771105,always_act,15,HUM-16-ngo,H08,no_operational_action,request_peer_evidence,send_targeted_summary,execute_autonomously,False,False,0.0,False,False,0.6156875431464478,0.16962463259208907,0.0,0.0,0.0,0.8922881888360301,0.8922881888360301,0.0,0.0,0.0,0.0,1.0,0.8,0.013997954588671369,0.0,0.27073376466979227,0.6156875431464478,0.46934706446758667,0.5205165400633983,0.4185887681215081,0.2763925120810054
v7-pilots-humanitarian-large-high-high-high-random_geometric-private_fragmented-771105-always_act-always_on,humanitarian,large,high,high,high,random_geometric,private_fragmented,always_on,771105,always_act,15,HUM-17-transport,H01,no_operational_action,request_peer_evidence,send_targeted_summary,execute_autonomously,False,False,0.0,False,False,0.6325887071362326,0.1801574068096589,0.1808617866587076,0.2803357693209968,0.0,0.9052883808475234,0.912528525649441,0.008582370968465813,0.00604370867326498,0.007801409937184478,0.045232421496693265,0.9914176290315342,0.725,0.06177117693265244,0.008582370968465813,0.34376074506335835,0.6325887071362326,0.49137289742222606,0.5399124718290447,0.4794405376721914,0.35294668248195055
v7-pilots-humanitarian-large-high-high-high-random_geometric-private_fragmented-771105-always_act-always_on,humanitarian,large,high,high,high,random_geometric,private_fragmented,always_on,771105,always_act,15,HUM-18-local_authority,H04,no_operational_action,request_peer_evidence,send_targeted_summary,execute_autonomously,False,False,0.0,False,False,0.6791005215507346,0.11458077718086429,0.18501990367228785,0.2867808506920462,0.0,0.9348016179497948,0.9506620145587842,0.03268751904982303,0.026554550209169525,0.026264970050275283,0.09554027483275465,0.967312480950177,0.3875,0.22159460460611435,0.03268751904982303,0.3611215814933409,0.6791005215507346,0.5511031397774948,0.5967705181720103,0.5079434367970956,0.40098654021440006
v7-pilots-humanitarian-large-high-high-high-random_geometric-private_fragmented-771105-always_act-always_on,humanitarian,large,high,high,high,random_geometric,private_fragmented,always_on,771105,always_act,15,HUM-19-assessment,H07,no_operational_action,request_peer_evidence,send_targeted_summary,execute_autonomously,False,False,0.0,False,False,0.5664320950402739,0.18210671713434923,0.0,0.0,0.0,0.8211539228338749,0.8338227397236407,0.010642726117319867,0.008895816807851897,0.008022799558600968,0.059040302230348285,0.9893572738826801,0.725,-0.05218983715222525,0.010642726117319867,0.25398691231369314,0.5664320950402739,0.44676113528882616,0.49833732915591444,0.4726427393070445,0.31405231643643167
v7-pilots-humanitarian-large-high-high-high-random_geometric-private_fragmented-771105-always_act-always_on,humanitarian,large,high,high,high,random_geometric,private_fragmented,always_on,771105,always_act,15,HUM-20-clinic,H00,no_operational_action,request_peer_evidence,send_targeted_summary,execute_autonomously,False,False,0.0,False,False,0.733298095482398,0.03661177165824914,0.0,0.0,0.0,0.932309801629517,0.9350557449661838,0.011862200599185857,0.008453813830542667,0.01160802641642844,0.0741320349494917,0.9881377994008141,0.7916666666666666,0.0003554021964187193,0.011862200599185857,0.31072135246401533,0.733298095482398,0.5430037694391986,0.593162742639065,0.5789992265591679,0.38325303728524573
v7-pilots-humanitarian-large-high-high-high-random_geometric-private_fragmented-771105-always_act-always_on,humanitarian,large,high,high,high,random_geometric,private_fragmented,always_on,771105,always_act,15,HUM-21-shelter,H03,no_operational_action,request_peer_evidence,send_targeted_summary,execute_autonomously,False,False,0.0,False,False,0.5970588416215004,0.20417669480723188,0.0,0.0,0.0,0.8720165872327172,0.8720165872327172,0.0,0.0,0.0,0.0,1.0,0.8333333333333334,0.11894092761439379,0.0,0.26440000615131015,0.5970588416215004,0.4568276834567795,0.5085874806192012,0.4174313801476968,0.27550980898735344
v7-pilots-humanitarian-large-high-high-high-random_geometric-private_fragmented-771105-always_act-always_on,humanitarian,large,high,high,high,random_geometric,private_fragmented,always_on,771105,always_act,15,HUM-22-depot,H06,allocate_shipment,request_peer_evidence,send_targeted_summary,execute_autonomously,True,False,0.0,False,False,0.7067066492019028,0.022800096398823966,0.15962891954282812,0.2474248252913836,0.0,0.8823016581718031,0.902705930981735,0.037044018160425796,0.03403267577003244,0.023925220266135083,0.04884009582804696,0.9629559818395742,0.2,0.015774678377649454,0.037044018160425796,0.3610622187985791,0.7067066492019028,0.5551196996483081,0.6121955179460306,0.4110537383234306,0.35172475298417244
v7-pilots-humanitarian-large-high-high-high-random_geometric-private_fragmented-771105-always_act-always_on,humanitarian,large,high,high,high,random_geometric,private_fragmented,always_on,771105,always_act,15,HUM-23-hub,H09,redirect_vehicle,request_peer_evidence,send_targeted_summary,execute_autonomously,True,False,0.0,False,False,0.6344033941726615,0.18432984476332806,0.021439459412484527,0.03323116208935102,0.0,0.9087106595996011,0.9087106595996011,0.0,0.0,0.0,0.0,1.0,0.8,0.4476189032986192,0.0,0.2850726329201491,0.6344033941726615,0.48093902256896487,0.5324484185830671,0.42644942555251786,0.28562068981906735
v7-pilots-humanitarian-large-high-high-high-random_geometric-private_fragmented-771105-always_act-always_on,humanitarian,large,high,high,high,random_geometric,private_fragmented,always_on,771105,always_act,15,HUM-24-ngo,H02,no_operational_action,request_peer_evidence,send_targeted_summary,execute_autonomously,False,False,0.0,False,False,0.6417258688227341,0.08298410036680098,0.0,0.0,0.0,0.8834264929500388,0.8834264929500388,0.0,0.0,0.0,0.0,1.0,0.8,0.050286530519000894,0.0,0.2795867953997296,0.6417258688227341,0.47754697076660335,0.5301421910605516,0.4295248649055483,0.28368324327036554
v7-pilots-humanitarian-large-high-high-high-random_geometric-private_fragmented-771105-always_act-always_on,humanitarian,large,high,high,high,random_geometric,private_fragmented,always_on,771105,always_act,15,HUM-25-transport,H05,allocate_shipment,request_peer_evidence,send_targeted_summary,execute_autonomously,True,False,0.0,False,False,0.7502422898454003,0.012636257379787741,0.0,0.0,0.0,0.9580025684020901,0.9537409650503045,0.01201009304737699,0.012566573251322821,0.007787069414462833,0.06863431144093857,0.987989906952623,0.725,0.09556596436112386,0.01201009304737699,0.31648237854743616,0.7502422898454003,0.5564116883050105,0.6104189774942637,0.5644259151252947,0.3748598170755774
v7-pilots-humanitarian-large-high-high-high-random_geometric-private_fragmented-771105-always_act-always_on,humanitarian,large,high,high,high,random_geometric,private_fragmented,always_on,771105,always_act,15,HUM-26-local_authority,H08,cancel_risky_dispatch,request_peer_evidence,send_targeted_summary,execute_autonomously,True,False,0.0,False,False,0.7259599551866376,0.053884680843768795,0.03867507097104467,0.059946360005119236,0.0,0.9551008723884571,0.9551008723884571,0.0,0.0,0.0,0.0,1.0,0.8,0.11117816474612685,0.0,0.32261351116468545,0.7259599551866376,0.5291592001717693,0.5808709872766664,0.4649031811783878,0.31446235065287287
v7-pilots-humanitarian-large-high-high-high-random_geometric-private_fragmented-771105-always_act-always_on,humanitarian,large,high,high,high,random_geometric,private_fragmented,always_on,771105,always_act,15,HUM-27-assessment,H01,no_operational_action,request_peer_evidence,send_targeted_summary,execute_autonomously,False,False,0.0,False,False,0.5689064025232813,0.1849309258920045,0.3801433847662202,0.5892222463876413,0.0,0.8301928278396602,0.8301928278396602,0.0,0.0,0.0,0.0,1.0,0.8,0.03068312340484025,0.0,0.3962415159909496,0.5689064025232813,0.43511076796922754,0.4874641984873783,0.3989406890597782,0.3340004622730357
v7-pilots-humanitarian-large-high-high-high-random_geometric-private_fragmented-771105-always_act-always_on,humanitarian,large,high,high,high,random_geometric,private_fragmented,always_on,771105,always_act,15,HUM-28-clinic,H04,no_operational_action,request_peer_evidence,send_targeted_summary,execute_autonomously,False,False,0.0,False,False,0.636542876793297,0.12919294271322368,0.23299484157698122,0.3611420044443209,0.0,0.8750842037058112,0.879466393369561,0.0061954902976628645,0.005642123751500416,0.003987640276613913,0.036121634639478706,0.9938045097023371,0.725,-0.014113362980962996,0.0061954902976628645,0.364498659176358,0.636542876793297,0.4820618880604996,0.5372615856323464,0.46725289290519234,0.352571082950759
v7-pilots-humanitarian-large-high-high-high-random_geometric-private_fragmented-771105-always_act-always_on,humanitarian,large,high,high,high,random_geometric,private_fragmented,always_on,771105,always_act,15,HUM-29-shelter,H07,no_operational_action,request_peer_evidence,send_targeted_summary,execute_autonomously,False,False,0.0,False,False,0.6661819303349119,0.11029680438985459,0.0,0.0,0.0,0.9310124654065242,0.9310124654065242,0.0,0.0,0.0,0.0,1.0,0.8,0.2668161847945024,0.0,0.28790185631387005,0.6661819303349119,0.4992258884855958,0.5501488519028299,0.439796410740663,0.29053094049377537
v7-pilots-humanitarian-large-high-high-high-random_geometric-private_fragmented-771105-always_act-always_on,humanitarian,large,high,high,high,random_geometric,private_fragmented,always_on,771105,always_act,15,HUM-30-depot,H00,allocate_shipment,request_peer_evidence,send_targeted_summary,execute_autonomously,True,False,0.0,False,False,0.7611633908319262,0.042465740179694206,0.09028491078603186,0.1399416117183494,0.0,0.9680291795260518,0.9741980175662674,0.019520431986635445,0.016853974567548113,0.013256123467683456,0.10357719005756472,0.9804795680133646,0.7916666666666666,0.2201284504061729,0.019520431986635445,0.35378153969525883,0.7611633908319262,0.5738012559955731,0.6234125646081518,0.6354592863702406,0.4412145309285066
v7-pilots-humanitarian-large-high-high-high-random_geometric-private_fragmented-771105-always_act-always_on,humanitarian,large,high,high,high,random_geometric,private_fragmented,always_on,771105,always_act,15,HUM-31-hub,H03,no_operational_action,request_peer_evidence,send_targeted_summary,execute_autonomously,False,False,0.0,False,False,0.6346931413624675,0.16792506859589498,0.21840945636127415,0.33853465735997496,0.0,0.9095395296772786,0.9136677053759612,0.011375158103144711,0.011441024542133915,0.005587809058340998,0.052219896446958354,0.9886248418968553,0.7916666666666666,0.28413085012590356,0.011375158103144711,0.358443985829633,0.6346931413624675,0.49718736030870925,0.5496807710567309,0.5042786953049463,0.37797671551963063
v7-pilots-humanitarian-large-high-high-high-random_geometric-private_fragmented-771105-always_act-always_on,humanitarian,large,high,high,high,random_geometric,private_fragmented,always_on,771105,always_act,15,HUM-32-ngo,H06,allocate_shipment,request_peer_evidence,send_targeted_summary,execute_autonomously,True,False,0.0,False,False,0.6476992917417566,0.03434479786738842,0.0,0.0,0.0,0.8252626677188278,0.8525507705325008,0.026194347115836458,0.02262425175279381,0.018835752476637047,0.048175263767918856,0.9738056528841635,0.5666666666666667,0.09347809677984775,0.026194347115836458,0.2816177591921972,0.6476992917417566,0.5020674695885807,0.5569913560772607,0.45859343679210773,0.334810290803789
v7-pilots-humanitarian-large-high-high-high-random_geometric-private_fragmented-771105-always_act-always_on,humanitarian,large,high,high,high,random_geometric,private_fragmented,always_on,771105,always_act,15,HUM-33-transport,H09,no_operational_action,request_peer_evidence,send_targeted_summary,execute_autonomously,False,False,0.0,False,False,0.5657109560528644,0.22032872262986447,0.1424667491863561,0.22082346123885196,0.0,0.8499412388442042,0.8612191896210502,0.017191731666601817,0.013665081912438537,0.014792242467736472,0.11742254946534603,0.9828082683333982,0.725,0.10571247894974611,0.017191731666601817,0.30673935575529837,0.5657109560528644,0.4628381164654394,0.509630631587524,0.561080876729529,0.3946231080906626
v7-pilots-humanitarian-large-high-high-high-random_geometric-private_fragmented-771105-always_act-always_on,humanitarian,large,high,high,high,random_geometric,private_fragmented,always_on,771105,always_act,15,HUM-34-local_authority,H02,no_operational_action,request_peer_evidence,send_targeted_summary,execute_autonomously,False,False,0.0,False,False,0.6128513672134743,0.11592801284120785,0.19882059971972518,0.30817192956557404,0.0,0.8627699318796892,0.8647011239941452,0.007847740897767852,0.006605761503961527,0.005874719975876741,0.0371035602490386,0.9921522591022321,0.725,-0.014519893806989925,0.007847740897767852,0.34373072794831905,0.6128513672134743,0.47181986711218704,0.5231777330724734,0.4587949858081979,0.34328776321035026
v7-pilots-humanitarian-large-high-high-high-random_geometric-private_fragmented-771105-always_act-always_on,humanitarian,large,high,high,high,random_geometric,private_fragmented,always_on,771105,always_act,15,HUM-35-assessment,H05,no_operational_action,request_peer_evidence,send_targeted_summary,execute_autonomously,False,False,0.0,False,False,0.6339113767234339,0.08419576241010301,0.0,0.0,0.0,0.8779809693187837,0.8987073690208887,0.026790841904590357,0.021221916220305004,0.020405216413064253,0.14134870099586982,0.9732091580954096,0.725,0.08220554960619819,0.026790841904590357,0.27692986808596753,0.6339113767234339,0.5105669716854959,0.556921220988431,0.6260928037375644,0.42038764067175655
v7-pilots-humanitarian-large-high-high-high-random_geometric-private_fragmented-771105-always_act-always_on,humanitarian,large,high,high,high,random_geometric,private_fragmented,always_on,771105,always_act,15,HUM-36-clinic,H08,no_operational_action,request_peer_evidence,send_targeted_summary,execute_autonomously,False,False,0.0,False,False,0.6116313972611943,0.13865004746598872,0.2057675646065261,0.3189397251401155,0.0,0.8607250621039312,0.8607250621039312,0.0,0.0,0.0,0.0,1.0,0.8,-0.05538197975428805,0.0,0.3459002091024338,0.6116313972611943,0.4598338244304605,0.513313508157355,0.4168851868497016,0.3135295582499483
v7-pilots-humanitarian-large-high-high-high-random_geometric-private_fragmented-771105-always_act-always_on,humanitarian,large,high,high,high,random_geometric,private_fragmented,always_on,771105,always_act,15,HUM-37-shelter,H01,no_operational_action,request_peer_evidence,send_targeted_summary,execute_autonomously,False,False,0.0,False,False,0.6178093566795533,0.20091919288958823,0.0,0.0,0.0,0.8941830371341754,0.8941830371341754,0.0,0.0,0.0,0.0,1.0,0.8,0.1575789321489195,0.0,0.2714551812710481,0.6178093566795533,0.47066950195536517,0.5225480373265748,0.4194799298054124,0.27698661987027495
v7-pilots-humanitarian-large-high-high-high-random_geometric-private_fragmented-771105-always_act-always_on,humanitarian,large,high,high,high,random_geometric,private_fragmented,always_on,771105,always_act,15,HUM-38-depot,H04,allocate_shipment,request_peer_evidence,send_targeted_summary,execute_autonomously,True,False,0.0,False,False,0.5333765054273938,0.2541799375803804,0.022268274376051698,0.034515825282880136,0.0,0.8201079396449819,0.8585188943044901,0.04263525561247217,0.03637341675796435,0.033302600241998825,0.12853568713575036,0.9573647443875278,0.5666666666666667,0.252959098646502,0.04263525561247217,0.2510318099132051,0.5333765054273938,0.478066944939664,0.5223997007148633,0.5327257100591793,0.3943786898898856
v7-pilots-humanitarian-large-high-high-high-random_geometric-private_fragmented-771105-always_act-always_on,humanitarian,large,high,high,high,random_geometric,private_fragmented,always_on,771105,always_act,15,HUM-39-hub,H07,redirect_vehicle,request_peer_evidence,send_targeted_summary,execute_autonomously,True,False,0.0,False,False,0.6334610900619506,0.15621215796147978,0.0,0.0,0.0,0.9105416799529726,0.9105416799529726,0.0,0.0,0.0,0.0,1.0,0.8,0.17024492335123464,0.0,0.2767767706210632,0.6334610900619506,0.48101985601302344,0.5318012623181344,0.4260536578260193,0.2813691052173462
v7-pilots-humanitarian-large-high-high-high-random_geometric-private_fragmented-771105-always_act-always_on,humanitarian,large,high,high,high,random_geometric,private_fragmented,always_on,771105,always_act,15,HUM-40-ngo,H00,no_operational_action,request_peer_evidence,send_targeted_summary,execute_autonomously,False,False,0.0,False,False,0.6100826202872728,0.1793686766184318,0.0,0.0,0.0,0.8659037922740004,0.8804074079417096,0.011348563690271374,0.010059959265856233,0.007652631800060927,0.057052232279714454,0.9886514363097286,0.7916666666666666,0.15897259448758028,0.011348563690271374,0.26882809089767273,0.6100826202872728,0.47639698534978914,0.5293580065590862,0.5012874269191538,0.33446284216209105
v7-pilots-humanitarian-large-high-high-high-random_geometric-private_fragmented-771105-always_act-always_on,humanitarian,large,high,high,high,random_geometric,private_fragmented,always_on,771105,always_act,15,HUM-41-transport,H03,no_operational_action,request_peer_evidence,send_targeted_summary,execute_autonomously,False,False,0.0,False,False,0.49931632024546746,0.36726990759678707,0.0,0.0,0.0,0.8259288982939859,0.8344197323048393,0.011006599739999512,0.010982101992714766,0.0058009112922741135,0.0545310306116602,0.9889934002600005,0.7916666666666666,-0.030844845181251523,0.011006599739999512,0.23116754888345892,0.49931632024546746,0.42161799230768277,0.46683491581713843,0.45093335436615317,0.3006473937814605
v7-pilots-humanitarian-large-high-high-high-random_geometric-private_fragmented-771105-always_act-always_on,humanitarian,large,high,high,high,random_geometric,private_fragmented,always_on,771105,always_act,15,HUM-42-local_authority,H06,no_operational_action,request_peer_evidence,send_targeted_summary,execute_autonomously,False,False,0.0,False,False,0.6290918366001961,0.1653117952203427,0.0,0.0,0.0,0.8685688447705648,0.8805839290831209,0.014318232399059716,0.010183232225916217,0.01347644367588563,0.04513644670413816,0.9856817676009403,0.5666666666666667,0.12495769394965428,0.014318232399059716,0.2752912244440667,0.6290918366001961,0.48882447119140326,0.5406815201361026,0.44615930369570567,0.30792414975037086
v7-pilots-humanitarian-large-high-high-high-random_geometric-private_fragmented-771105-always_act-always_on,humanitarian,large,high,high,high,random_geometric,private_fragmented,always_on,771105,always_act,15,HUM-43-assessment,H09,cancel_risky_dispatch,request_peer_evidence,send_targeted_summary,execute_autonomously,True,False,0.0,False,False,0.7248354097289618,0.000834911161543106,0.3486699988398446,0.5404384982017592,0.0,0.9309573390070766,0.9309573390070766,0.0,0.0,0.0,0.0,1.0,0.8,0.077679617880002,0.0,0.43754927887626927,0.7248354097289618,0.5226734986433539,0.575333479046372,0.46443087208616396,0.37180653450832046
v7-pilots-humanitarian-large-high-high-high-random_geometric-private_fragmented-771105-always_act-always_on,humanitarian,large,high,high,high,random_geometric,private_fragmented,always_on,771105,always_act,15,HUM-44-clinic,H02,revise_delivery_priority,request_peer_evidence,send_targeted_summary,execute_autonomously,True,False,0.0,False,False,0.7392013665709609,0.03356672628754087,0.0,0.0,0.0,0.9207317202428741,0.9207317202428741,0.0,0.0,0.0,0.0,1.0,0.8,0.17847819213527283,0.0,0.31272846463412673,0.7392013665709609,0.5258634766891029,0.5823455394524182,0.4704645739598036,0.3109763826398691
v7-pilots-humanitarian-large-high-high-high-random_geometric-private_fragmented-771105-always_act-always_on,humanitarian,large,high,high,high,random_geometric,private_fragmented,always_on,771105,always_act,15,HUM-45-shelter,H05,no_operational_action,request_peer_evidence,send_targeted_summary,execute_autonomously,False,False,0.0,False,False,0.6509584386261995,0.12731654837701573,0.08558462710709328,0.13265617201599458,0.0,0.8690845561862426,0.8734136148289328,0.006506695172996846,0.0065561234123907575,0.004068034131234244,0.04505702979443271,0.9934933048270032,0.725,0.1261167731473125,0.006506695172996846,0.31456335041674655,0.6509584386261995,0.486763887739236,0.5453406091188577,0.4868892295105415,0.336277615460151
v7-pilots-humanitarian-large-high-high-high-random_geometric-private_fragmented-771105-always_act-always_on,humanitarian,large,high,high,high,random_geometric,private_fragmented,always_on,771105,always_act,15,HUM-46-depot,H08,no_operational_action,request_peer_evidence,send_targeted_summary,execute_autonomously,False,False,0.0,False,False,0.651679214590134,0.12926055081798357,0.0,0.0,0.0,0.9172790981151072,0.9172790981151072,0.0,0.0,0.0,0.0,1.0,0.8,0.06989935142185644,0.0,0.28297093296064557,0.651679214590134,0.48999146036483043,0.5414493734746753,0.4337052701278563,0.28647018008523756
v7-pilots-humanitarian-large-high-high-high-random_geometric-private_fragmented-771105-always_act-always_on,humanitarian,large,high,high,high,random_geometric,private_fragmented,always_on,771105,always_act,15,HUM-47-hub,H01,no_operational_action,request_peer_evidence,send_targeted_summary,execute_autonomously,False,False,0.0,False,False,0.6051350115791265,0.22276082189925886,0.0,0.0,0.0,0.9044800408969491,0.9044800408969491,0.0,0.0,0.0,0.0,1.0,0.8,0.06002600500067823,0.0,0.267145903936903,0.6051350115791265,0.4681740148558879,0.5173925228537322,0.41415670486323314,0.27343780324215544
v7-pilots-humanitarian-large-high-high-high-random_geometric-private_fragmented-771105-always_act-always_on,humanitarian,large,high,high,high,random_geometric,private_fragmented,always_on,771105,always_act,15,HUM-48-ngo,H04,no_operational_action,request_peer_evidence,send_targeted_summary,execute_autonomously,False,False,0.0,False,False,0.47805553466736905,0.3909777342161005,0.0,0.0,0.0,0.7957556340832845,0.8573285173630336,0.06959244040230383,0.055225179016652914,0.061322475272032606,0.13451245162774697,0.9304075595976962,0.3875,0.02529889823857001,0.06959244040230383,0.22393888178690546,0.47805553466736905,0.48759053895099413,0.5173011354047866,0.48274225103447044,0.4042170217955825
v7-pilots-humanitarian-large-high-high-high-random_geometric-private_fragmented-771105-always_act-always_on,humanitarian,large,high,high,high,random_geometric,private_fragmented,always_on,771105,always_act,15,HUM-49-transport,H07,no_operational_action,request_peer_evidence,send_targeted_summary,execute_autonomously,False,False,0.0,False,False,0.6730633049667674,0.09143969769631988,0.0,0.0,0.0,0.9323948917539451,0.9323948917539451,0.0,0.0,0.0,0.0,1.0,0.8,0.20317692895741324,0.0,0.29024152368870093,0.6730633049667674,0.5023240449251932,0.5532479285874621,0.44268658808604233,0.2924577253906949
v7-pilots-humanitarian-large-high-high-high-random_geometric-private_fragmented-771105-always_act-always_on,humanitarian,large,high,high,high,random_geometric,private_fragmented,always_on,771105,always_act,15,HUM-50-local_authority,H00,no_operational_action,request_peer_evidence,send_targeted_summary,execute_autonomously,False,False,0.0,False,False,0.6555401441899287,0.171651529015602,0.1807093799997118,0.2800995389995533,0.0,0.9367949653664267,0.9430462841146801,0.007443150188118253,0.0054371794964303,0.006340693578131162,0.04484708961041206,0.9925568498118817,0.7916666666666666,0.07334221065777402,0.007443150188118253,0.3515075383844686,0.6555401441899287,0.5068352092809437,0.5548011370795518,0.5018277701009297,0.365608906627878
v7-pilots-humanitarian-large-high-high-high-random_geometric-private_fragmented-771105-always_act-always_on,humanitarian,large,high,high,high,random_geometric,private_fragmented,always_on,771105,always_act,15,HUM-51-assessment,H03,no_operational_action,request_peer_evidence,send_targeted_summary,execute_autonomously,False,False,0.0,False,False,0.6433596749711197,0.06457457254701737,0.0,0.0,0.0,0.8629832378683799,0.8629832378683799,0.0,0.0,0.0,0.0,1.0,0.8333333333333334,0.049776524761465435,0.0,0.2801422894901807,0.6433596749711197,0.47308967945554287,0.5278122349989016,0.43687773015453696,0.28847404232524687
v7-pilots-humanitarian-large-high-high-high-random_geometric-private_fragmented-771105-always_act-always_on,humanitarian,large,high,high,high,random_geometric,private_fragmented,always_on,771105,always_act,20,HUM-00-ngo,H10,no_operational_action,request_peer_evidence,send_targeted_summary,execute_autonomously,False,False,0.0,False,False,0.653956119658718,0.08527730808518347,0.6837628562217923,0.43917641967181076,0.9050186126307703,0.8616379730811285,0.8768878481627481,0.01734703524014436,0.015570951445489256,0.010086562683721989,0.08195685615190551,0.9826529647598556,0.7916666666666666,-0.059526737194550705,0.01734703524014436,0.5882515161839682,0.653956119658718,0.5012777904699715,0.5562652145124065,0.5575693249408913,0.427154247104751
v7-pilots-humanitarian-large-high-high-high-random_geometric-private_fragmented-771105-always_act-always_on,humanitarian,large,high,high,high,random_geometric,private_fragmented,always_on,771105,always_act,20,HUM-01-transport,H13,redirect_vehicle,request_peer_evidence,negotiate_commitment,execute_autonomously,True,False,0.0,False,False,0.7440787628979145,0.003310399005899689,0.7885020835907787,0.7116143727103039,0.9362519645075034,0.9250432461987018,0.9250432461987018,0.0,0.0,0.0,0.0,1.0,0.8333333333333334,0.027773901092957076,0.0,0.7151496610274146,0.7440787628979145,0.5288923167088413,0.583508706379732,0.4791797470837908,0.4020691116699859
v7-pilots-humanitarian-large-high-high-high-random_geometric-private_fragmented-771105-always_act-always_on,humanitarian,large,high,high,high,random_geometric,private_fragmented,always_on,771105,always_act,20,HUM-02-local_authority,H16,no_operational_action,request_peer_evidence,send_targeted_summary,execute_autonomously,False,False,0.0,False,False,0.7231117040953188,0.040357202305140144,0.764340667259985,1.0,0.9237267970664301,0.9300626046884759,0.9300626046884759,0.0,0.0,0.0,0.0,1.0,0.8,0.006211084315146498,0.0,0.846477874747023,0.7231117040953188,0.5217603328102465,0.5748189862330244,0.4637069157200339,0.4264712771466893
v7-pilots-humanitarian-large-high-high-high-random_geometric-private_fragmented-771105-always_act-always_on,humanitarian,large,high,high,high,random_geometric,private_fragmented,always_on,771105,always_act,20,HUM-03-assessment,H19,cancel_risky_dispatch,request_peer_evidence,negotiate_commitment,execute_autonomously,True,False,0.0,False,False,0.8007811477451605,0.06822631652616512,0.7028013205660566,0.6410710620610728,0.9917119507720011,0.9744083872132467,0.9770202492494,0.015525598297337684,0.012801534776088808,0.010590682204495105,0.022538926183205854,0.9844744017026623,0.725,0.018079562262968363,0.015525598297337684,0.7536992742978523,0.8007811477451605,0.5856503935176486,0.6336009137163299,0.5155872498514402,0.43798542481428415
v7-pilots-humanitarian-large-high-high-high-random_geometric-private_fragmented-771105-always_act-always_on,humanitarian,large,high,high,high,random_geometric,private_fragmented,always_on,771105,always_act,20,HUM-04-clinic,H12,allocate_shipment,request_peer_evidence,negotiate_commitment,execute_autonomously,False,True,-0.03118664091873005,False,True,0.7000925237701066,0.06015874994035236,0.6895546972910018,0.47683183564809073,0.9377914357082677,0.9148329346483441,0.9148329346483441,0.0,0.0,0.0,0.0,1.0,0.8,-0.024824352180301323,0.0,0.6681852144931969,0.7000925237701066,0.5087452431701287,0.5629349451184666,0.4540388599834448,0.35724572693340084
v7-pilots-humanitarian-large-high-high-high-random_geometric-private_fragmented-771105-always_act-always_on,humanitarian,large,high,high,high,random_geometric,private_fragmented,always_on,771105,always_act,20,HUM-05-shelter,H15,no_operational_action,request_peer_evidence,send_targeted_summary,execute_autonomously,False,False,0.0,False,False,0.7998470405440443,0.11178660024571285,1.0,0.8365924408806323,0.8733224686654403,0.9332155987637952,0.9332155987637952,0.0,0.0,0.0,0.0,1.0,0.8,0.10148435866609662,0.0,0.7502611227027237,0.7998470405440443,0.5532427159085666,0.6055601002609335,0.4959357570284986,0.4283482642580083
v7-pilots-humanitarian-large-high-high-high-random_geometric-private_fragmented-771105-always_act-always_on,humanitarian,large,high,high,high,random_geometric,private_fragmented,always_on,771105,always_act,20,HUM-06-depot,H18,redirect_vehicle,request_peer_evidence,negotiate_commitment,execute_autonomously,True,False,0.0,False,False,0.6814430374074182,0.09544709633031828,0.3277834240627325,0.20442628834832005,1.0,0.9397257781067534,0.9397257781067534,0.0,0.0,0.0,0.0,1.0,0.8,0.08404994644703989,-1.1102230246251565e-16,0.634152941922119,0.6814430374074182,0.5075086594896556,0.5584893130231664,0.44620607571111565,0.31933520507587554
v7-pilots-humanitarian-large-high-high-high-random_geometric-private_fragmented-771105-always_act-always_on,humanitarian,large,high,high,high,random_geometric,private_fragmented,always_on,771105,always_act,20,HUM-07-hub,H11,release_emergency_reserve,request_peer_evidence,negotiate_commitment,execute_autonomously,True,False,0.0,False,False,0.7221581567771236,0.02442527827502089,0.6291932691237874,0.38303490977686167,1.0,0.9242872589906987,0.9292923323138653,0.01273259285126016,0.01074083110994073,0.009302262320747157,0.03303915779328792,0.9872674071487398,0.725,0.07085125255414415,0.01273259285126016,0.6428621516506688,0.7221581567771236,0.5377607074502883,0.5896829116123885,0.49852594569218955,0.38821357510009435
v7-pilots-humanitarian-large-high-high-high-random_geometric-private_fragmented-771105-always_act-always_on,humanitarian,large,high,high,high,random_geometric,private_fragmented,always_on,771105,always_act,20,HUM-08-ngo,H14,no_operational_action,request_peer_evidence,send_targeted_summary,execute_autonomously,False,False,0.0,False,False,0.739481711357924,0.032748505431414054,0.7119638691079496,0.9109199585284514,0.706126775939944,0.9592628782474668,0.9705550741477172,0.02438987586901742,0.01974547218540923,0.016425826502642904,0.0,0.9756101241309826,0.725,0.05077679459098994,0.02438987586901742,0.7587924626153102,0.739481711357924,0.5697542303216607,0.6168902948396108,0.45558231877032807,0.45161733393275333
v7-pilots-humanitarian-large-high-high-high-random_geometric-private_fragmented-771105-always_act-always_on,humanitarian,large,high,high,high,random_geometric,private_fragmented,always_on,771105,always_act,20,HUM-09-transport,H17,redirect_vehicle,request_peer_evidence,negotiate_commitment,execute_autonomously,True,False,0.0,False,False,0.7046252462660294,0.09265476460963817,0.8733233447034404,1.0,0.9430166846084402,0.9366699050187444,0.9687049455318856,0.03799197778345553,0.0304322779896794,0.02686827130449332,0.04793635625138914,0.9620080222165445,0.725,0.05750743794138968,0.03799197778345553,0.8204362543443068,0.7046252462660294,0.5692063436579357,0.6145296698916566,0.5138058649338438,0.5107072692714937
v7-pilots-humanitarian-large-high-high-high-random_geometric-private_fragmented-771105-always_act-always_on,humanitarian,large,high,high,high,random_geometric,private_fragmented,always_on,771105,always_act,20,HUM-10-local_authority,H10,release_emergency_reserve,request_peer_evidence,negotiate_commitment,execute_autonomously,True,False,0.0,False,False,0.7266112970798648,0.03281953842286034,0.7223966932321186,0.49905886703781654,0.9050186126307703,0.9569086487650281,0.9627247586448603,0.009973353447206068,0.008151390607521347,0.006841265294647236,0.04842789653337453,0.9900266465527939,0.7916666666666666,0.14724709656873058,0.009973353447206068,0.6273260638749995,0.7266112970798648,0.5438343758492914,0.5932703588975401,0.5371204808376058,0.41830318016405643
v7-pilots-humanitarian-large-high-high-high-random_geometric-private_fragmented-771105-always_act-always_on,humanitarian,large,high,high,high,random_geometric,private_fragmented,always_on,771105,always_act,20,HUM-11-assessment,H13,no_operational_action,request_peer_evidence,send_targeted_summary,execute_autonomously,False,False,0.0,False,False,0.7241880968588352,0.09948844841722887,0.5387322602714203,0.3244711465652984,0.9362519645075034,0.9719135942231756,0.9679266149261153,0.017517886932103877,0.015407867354967686,0.01070109745078518,0.039783435608254036,0.9824821130678961,0.6666666666666666,0.06634918218432084,0.017517886932103877,0.6154724602993263,0.7241880968588352,0.5571786790042734,0.6063098073901492,0.4979631561385902,0.38655317615145
v7-pilots-humanitarian-large-high-high-high-random_geometric-private_fragmented-771105-always_act-always_on,humanitarian,large,high,high,high,random_geometric,private_fragmented,always_on,771105,always_act,20,HUM-12-clinic,H16,revise_delivery_priority,request_peer_evidence,negotiate_commitment,execute_autonomously,True,False,0.0,False,False,0.8089107117144323,0.19175126356002656,0.5300847672374545,0.6565363733505316,0.9237267970664301,0.8836126243969445,0.9426601283744614,0.0686610446018564,0.0505212994869344,0.06213570759629816,0.03767340327974129,0.9313389553981436,0.5666666666666667,0.0009720229485110643,0.0686610446018564,0.7932182669416492,0.8089107117144323,0.6405929032276081,0.6730816991687492,0.5103394052386017,0.5268902712566774
v7-pilots-humanitarian-large-high-high-high-random_geometric-private_fragmented-771105-always_act-always_on,humanitarian,large,high,high,high,random_geometric,private_fragmented,always_on,771105,always_act,20,HUM-13-shelter,H19,no_operational_action,request_peer_evidence,send_targeted_summary,execute_autonomously,False,False,0.0,False,False,0.7629852927663628,0.003584264118597663,0.5943344016487666,0.4729473377392732,0.9917119507720011,0.940824010295638,0.940824010295638,0.0,0.0,0.0,0.0,1.0,0.8,0.09730774257880737,0.0,0.7004989897678292,0.7629852927663628,0.5404001196804546,0.5937543145233695,0.4804538229618724,0.37438956250329436
v7-pilots-humanitarian-large-high-high-high-random_geometric-private_fragmented-771105-always_act-always_on,humanitarian,large,high,high,high,random_geometric,private_fragmented,always_on,771105,always_act,20,HUM-14-depot,H12,allocate_shipment,request_peer_evidence,negotiate_commitment,execute_autonomously,False,False,0.0,False,False,0.7143166640104073,0.07313107215156525,0.44840669631981195,0.1030524341427464,0.9377914357082677,0.9376546715638521,0.9822562176273941,0.062256446394520104,0.05060963970225152,0.04348001748916053,0.08784651343508632,0.9377435536054799,0.725,0.10191810262661882,0.062256446394520104,0.5833143658136165,0.7143166640104073,0.6072993584474542,0.6491418597743457,0.5785396993057023,0.4758024834524765
v7-pilots-humanitarian-large-high-high-high-random_geometric-private_fragmented-771105-always_act-always_on,humanitarian,large,high,high,high,random_geometric,private_fragmented,always_on,771105,always_act,20,HUM-15-hub,H15,redirect_vehicle,request_peer_evidence,negotiate_commitment,execute_autonomously,False,False,0.0,False,False,0.7241987514647945,0.06901441400169941,1.0,0.8927115944144701,0.8733224686654403,0.9417153490427391,0.9596625634056984,0.02400450852174163,0.020083620483643316,0.01589056646014886,0.06902993591317585,0.9759954914782584,0.725,0.16328205377837068,0.02400450852174163,0.7380093012638999,0.7241987514647945,0.5587146497770409,0.6083956244007048,0.554088978203241,0.49471839523544503
v7-pilots-humanitarian-large-high-high-high-random_geometric-private_fragmented-771105-always_act-always_on,humanitarian,large,high,high,high,random_geometric,private_fragmented,always_on,771105,always_act,20,HUM-16-ngo,H18,no_operational_action,request_peer_evidence,send_targeted_summary,execute_autonomously,False,False,0.0,False,False,0.7241641142667471,0.06400338580973908,0.9370326768756023,1.0,1.0,0.954658008449018,0.954658008449018,0.0,0.0,0.0,0.0,1.0,0.8,0.13287976990822004,0.0,0.8396157988506939,0.7241641142667471,0.5283301478189534,0.579961599746246,0.4641489279920338,0.42676595199468914
v7-pilots-humanitarian-large-high-high-high-random_geometric-private_fragmented-771105-always_act-always_on,humanitarian,large,high,high,high,random_geometric,private_fragmented,always_on,771105,always_act,20,HUM-17-transport,H11,redirect_vehicle,request_peer_evidence,send_targeted_summary,execute_autonomously,True,False,0.0,False,False,0.7684731388204262,0.02880079129906679,0.7937622076395748,0.6381167644763323,1.0,0.9834909732012578,0.986090023484343,0.011118252267807271,0.007693972396457749,0.010299532937558253,0.040530780200195626,0.9888817477321927,0.725,0.13215067560234928,0.011118252267807271,0.7198288906732647,0.7684731388204262,0.5688275520034152,0.6153946977636828,0.5293655042088764,0.4350001934639571
v7-pilots-humanitarian-large-high-high-high-random_geometric-private_fragmented-771105-always_act-always_on,humanitarian,large,high,high,high,random_geometric,private_fragmented,always_on,771105,always_act,20,HUM-18-local_authority,H14,no_operational_action,request_peer_evidence,send_targeted_summary,execute_autonomously,False,False,0.0,False,False,0.78509484217649,0.05324861384991103,0.6508092989735568,0.8161303748201425,0.706126775939944,0.9517264730840027,0.9763124426108566,0.037978423954751483,0.03077692143834343,0.025960715980649085,0.04370460583614555,0.9620215760452485,0.3875,0.08224548120764952,0.037978423954751483,0.7515514270036284,0.78509484217649,0.6051393486782487,0.6505036712327632,0.473670834585067,0.4639187153184054
v7-pilots-humanitarian-large-high-high-high-random_geometric-private_fragmented-771105-always_act-always_on,humanitarian,large,high,high,high,random_geometric,private_fragmented,always_on,771105,always_act,20,HUM-19-assessment,H17,no_operational_action,request_peer_evidence,send_targeted_summary,execute_autonomously,False,False,0.0,False,False,0.7984091886058764,0.12083676255653383,0.9742530694966967,1.0,0.9430166846084402,0.9344719469705032,0.9388421795279482,0.009362614536089664,0.007019528590874513,0.007714202973171602,0.014161007480989918,0.9906373854639103,0.725,0.02704712643139562,0.009362614536089664,0.8523227947398548,0.7984091886058764,0.5660893225355019,0.6154187892909775,0.5018565905855727,0.46427919739225343
v7-pilots-humanitarian-large-high-high-high-random_geometric-private_fragmented-771105-always_act-always_on,humanitarian,large,high,high,high,random_geometric,private_fragmented,always_on,771105,always_act,20,HUM-20-clinic,H10,no_operational_action,request_peer_evidence,send_targeted_summary,execute_autonomously,False,False,0.0,False,False,0.6938885917209058,0.01999275976513648,0.6623823491172404,0.4060366336597552,0.9050186126307703,0.9109955903620197,0.9109955903620197,0.0,0.0,0.0,0.0,1.0,0.8333333333333334,-0.06614072126288606,0.0,0.5938750080422187,0.6938885917209058,0.5053043342788672,0.5579340043487131,0.4580998751894471,0.3513465350543576
v7-pilots-humanitarian-large-high-high-high-random_geometric-private_fragmented-771105-always_act-always_on,humanitarian,large,high,high,high,random_geometric,private_fragmented,always_on,771105,always_act,20,HUM-21-shelter,H13,no_operational_action,request_peer_evidence,send_targeted_summary,execute_autonomously,False,False,0.0,False,False,0.7296471832557152,0.08195241471498854,0.6457648453362793,0.4903716534158299,0.9362519645075034,0.8665354061236045,0.8665354061236045,0.0,0.0,0.0,0.0,1.0,0.8333333333333334,-0.0018146872681134019,0.0,0.6571446713183932,0.7296471832557152,0.5084927248331872,0.5642865672764683,0.47311848363406706,0.3714791430548332
v7-pilots-humanitarian-large-high-high-high-random_geometric-private_fragmented-771105-always_act-always_on,humanitarian,large,high,high,high,random_geometric,private_fragmented,always_on,771105,always_act,20,HUM-22-depot,H16,release_emergency_reserve,request_peer_evidence,send_targeted_summary,execute_autonomously,True,False,0.0,False,False,0.6935035349255179,0.12884694832568694,0.884159277437936,1.0,0.9237267970664301,0.9567942287936404,0.959527507362996,0.03289895196838544,0.023487622811876996,0.03126306640176446,0.024586217608891906,0.9671010480316146,0.5666666666666667,0.06130443660209084,0.03289895196838544,0.8364110972292906,0.6935035349255179,0.5626585039243569,0.6024253135252428,0.4419758687675665,0.4639155929995881
v7-pilots-humanitarian-large-high-high-high-random_geometric-private_fragmented-771105-always_act-always_on,humanitarian,large,high,high,high,random_geometric,private_fragmented,always_on,771105,always_act,20,HUM-23-hub,H19,cancel_risky_dispatch,request_peer_evidence,send_targeted_summary,execute_autonomously,True,False,0.0,False,False,0.5182542977981106,0.31363289098352576,0.7408401589597495,0.7000312615712968,0.9917119507720011,0.8371228084021616,0.8371228084021616,0.0,0.0,0.0,0.0,1.0,0.8,-0.05925940758491999,0.0,0.671790593198309,0.5182542977981106,0.4165824212197846,0.462263224251969,0.37766680507520645,0.3331149547720266
v7-pilots-humanitarian-large-high-high-high-random_geometric-private_fragmented-771105-always_act-always_on,humanitarian,large,high,high,high,random_geometric,private_fragmented,always_on,771105,always_act,20,HUM-24-ngo,H12,revise_delivery_priority,request_peer_evidence,send_targeted_summary,execute_autonomously,True,False,0.0,False,False,0.6775387847665828,0.12786362467853363,1.0,1.0,0.9377914357082677,0.9455001026862555,0.9455001026862555,0.0,0.0,0.0,0.0,1.0,0.8,0.021780357935990202,0.0,0.786077302676457,0.6775387847665828,0.507390539578197,0.558061921135391,0.4445662896019648,0.41371085973464317
v7-pilots-humanitarian-large-high-high-high-random_geometric-private_fragmented-771105-always_act-always_on,humanitarian,large,high,high,high,random_geometric,private_fragmented,always_on,771105,always_act,20,HUM-25-transport,H15,redirect_vehicle,request_peer_evidence,send_targeted_summary,execute_autonomously,False,False,0.0,False,False,0.563512596379107,0.20634713256070997,0.859563174932893,0.60880684406857,0.8733224686654403,0.8434297388953903,0.890088053283958,0.05521990812347166,0.04344654815428328,0.047288694191882974,0.10057994633991951,0.9447800918765283,0.725,0.015022611154202115,0.05521990812347166,0.6152388684517501,0.563512596379107,0.5135703446483507,0.5518749634570306,0.5345568089159026,0.4946397000333633
v7-pilots-humanitarian-large-high-high-high-random_geometric-private_fragmented-771105-always_act-always_on,humanitarian,large,high,high,high,random_geometric,private_fragmented,always_on,771105,always_act,20,HUM-26-local_authority,H18,release_emergency_reserve,request_peer_evidence,send_targeted_summary,execute_autonomously,True,False,0.0,False,False,0.8397864446101003,0.2186328073662784,0.8808582065723423,1.0,1.0,0.9235290786743435,0.9235290786743435,0.0,0.0,0.0,0.0,1.0,0.8,0.04500246230708316,0.0,0.878927391167434,0.8397864446101003,0.566796847512626,0.6156881186587939,0.5127103067362422,0.45914020449082815
v7-pilots-humanitarian-large-high-high-high-random_geometric-private_fragmented-771105-always_act-always_on,humanitarian,large,high,high,high,random_geometric,private_fragmented,always_on,771105,always_act,20,HUM-27-assessment,H11,no_operational_action,request_peer_evidence,send_targeted_summary,execute_autonomously,False,False,0.0,False,False,0.6090546842164566,0.1624826538581216,0.615519898129887,0.36184118473631616,1.0,0.8729632764925899,0.8729632764925899,0.0,0.0,0.0,0.0,1.0,0.8,-0.046925334459478774,0.0,0.5993204769703112,0.6090546842164566,0.46186269280973014,0.5142295719779684,0.41580296737091177,0.3179562537489658
v7-pilots-humanitarian-large-high-high-high-random_geometric-private_fragmented-771105-always_act-always_on,humanitarian,large,high,high,high,random_geometric,private_fragmented,always_on,771105,always_act,20,HUM-28-clinic,H14,no_operational_action,request_peer_evidence,send_targeted_summary,execute_autonomously,False,False,0.0,False,False,0.7924445924763031,0.0932968791500014,0.7154842468209909,0.9163765439836654,0.706126775939944,0.9375635493667279,0.9375635493667279,0.0,0.0,0.0,0.0,1.0,0.8,-0.009880343085218457,0.0,0.7781094227048104,0.7924445924763031,0.5513687243322032,0.6036501546390199,0.4928267288400473,0.4358496711714047
v7-pilots-humanitarian-large-high-high-high-random_geometric-private_fragmented-771105-always_act-always_on,humanitarian,large,high,high,high,random_geometric,private_fragmented,always_on,771105,always_act,20,HUM-29-shelter,H17,no_operational_action,request_peer_evidence,send_targeted_summary,execute_autonomously,False,False,0.0,False,False,0.7530551012204629,0.16826405260244567,1.0,1.0,0.9430166846084402,0.8204681010964637,0.8204681010964637,0.0,0.0,0.0,0.0,1.0,0.8,-0.03514606478281568,0.0,0.8369024050288142,0.7530551012204629,0.5063390657623011,0.5619269745960217,0.47628314251259446,0.43485542834172963
v7-pilots-humanitarian-large-high-high-high-random_geometric-private_fragmented-771105-always_act-always_on,humanitarian,large,high,high,high,random_geometric,private_fragmented,always_on,771105,always_act,20,HUM-30-depot,H10,no_operational_action,request_peer_evidence,send_targeted_summary,execute_autonomously,False,False,0.0,False,False,0.7521088938117391,0.031213547279968556,0.5624171209036111,0.25109052992862974,0.9050186126307703,0.96693132767328,0.967218644478412,0.0020008561046740425,0.0014647772297607942,0.0016847438476949028,0.009499531725448818,0.997999143895326,0.7916666666666666,0.14659124578038274,0.0020008561046740425,0.576482845857632,0.7521088938117391,0.5453775879895594,0.5961809982226094,0.4886583569569459,0.3540111172132002
v7-pilots-humanitarian-large-high-high-high-random_geometric-private_fragmented-771105-always_act-always_on,humanitarian,large,high,high,high,random_geometric,private_fragmented,always_on,771105,always_act,20,HUM-31-hub,H13,redirect_vehicle,request_peer_evidence,send_targeted_summary,execute_autonomously,True,False,0.0,False,False,0.5332726651470494,0.2723553345044477,0.899643126134761,0.8838829886534766,0.9362519645075034,0.8306283219757927,0.8590459247009835,0.022339650094786445,0.017454659370213843,0.01977326930514889,0.0,0.9776603499052136,0.7916666666666666,-0.03830214969055701,0.022339650094786445,0.6848200556184819,0.5332726651470494,0.452241656685469,0.4957786125108271,0.38230785269509404,0.3975018901142304
v7-pilots-humanitarian-large-high-high-high-random_geometric-private_fragmented-771105-always_act-always_on,humanitarian,large,high,high,high,random_geometric,private_fragmented,always_on,771105,always_act,20,HUM-32-ngo,H16,revise_delivery_priority,request_peer_evidence,send_targeted_summary,execute_autonomously,True,False,0.0,False,False,0.779628488953304,0.024465519707303235,0.7742188533843019,1.0,0.9237267970664301,0.9848026273056902,0.9848026273056902,0.0,0.0,0.0,0.0,1.0,0.8,0.12172518748027572,0.0,0.865693581598738,0.779628488953304,0.5580520524077441,0.6087066154404122,0.4874439653603877,0.4422959769069251
v7-pilots-humanitarian-large-high-high-high-random_geometric-private_fragmented-771105-always_act-always_on,humanitarian,large,high,high,high,random_geometric,private_fragmented,always_on,771105,always_act,20,HUM-33-transport,H19,redirect_vehicle,request_peer_evidence,send_targeted_summary,execute_autonomously,True,False,0.0,False,False,0.7472289597157221,0.012703470488792556,0.7122480690130029,0.6557135221538394,0.9917119507720011,0.9318438857946987,0.969924787514705,0.03199713254664727,0.028088481270425292,0.018622110238276313,0.045917986942745626,0.9680028674533527,0.725,0.05426241537210297,0.03199713254664727,0.7390057207901072,0.7472289597157221,0.5766485409002697,0.6281648028714553,0.5286315032335767,0.46861039014826905
v7-pilots-humanitarian-large-high-high-high-random_geometric-private_fragmented-771105-always_act-always_on,humanitarian,large,high,high,high,random_geometric,private_fragmented,always_on,771105,always_act,20,HUM-34-local_authority,H12,no_operational_action,request_peer_evidence,send_targeted_summary,execute_autonomously,False,False,0.0,False,False,0.7223241773115083,0.03930435384368322,1.0,0.9685197094044621,0.9377914357082677,0.9475179393416802,0.9703568136994967,0.03763207333487739,0.02981882371143918,0.027016085164058512,0.052479405851947096,0.9623679266651226,0.725,0.11025754467307447,0.03763207333487739,0.7937490663988026,0.7223241773115083,0.5784940584288517,0.6222699859057339,0.528144851365793,0.5146895528528459
v7-pilots-humanitarian-large-high-high-high-random_geometric-private_fragmented-771105-always_act-always_on,humanitarian,large,high,high,high,random_geometric,private_fragmented,always_on,771105,always_act,20,HUM-35-assessment,H15,revise_delivery_priority,request_peer_evidence,send_targeted_summary,execute_autonomously,True,False,0.0,False,False,0.7775597463250504,0.05466561760521818,0.481050313575292,0.02211190896428844,0.8733224686654403,0.9454700636457857,0.9538280663251085,0.009564389493427083,0.007637225948924797,0.00716817411088666,0.0,0.9904356105065729,0.725,0.06568466864796807,0.009564389493427083,0.5472081150083433,0.7775597463250504,0.5607815597322646,0.6115330499769345,0.47157509345652115,0.3309582192198509
v7-pilots-humanitarian-large-high-high-high-random_geometric-private_fragmented-771105-always_act-always_on,humanitarian,large,high,high,high,random_geometric,private_fragmented,always_on,771105,always_act,20,HUM-36-clinic,H18,no_operational_action,request_peer_evidence,send_targeted_summary,execute_autonomously,False,False,0.0,False,False,0.7576073223566431,0.02650636868901421,0.80896763920681,0.9502618218216403,1.0,0.9344142188769267,0.9344142188769267,0.0,0.0,0.0,0.0,1.0,0.8,0.0225931142217638,0.0,0.8390493268384523,0.7576073223566431,0.5366464836618889,0.5898260656556173,0.4781950753897901,0.43016146887845697
v7-pilots-humanitarian-large-high-high-high-random_geometric-private_fragmented-771105-always_act-always_on,humanitarian,large,high,high,high,random_geometric,private_fragmented,always_on,771105,always_act,20,HUM-37-shelter,H11,no_operational_action,request_peer_evidence,send_targeted_summary,execute_autonomously,False,False,0.0,False,False,0.710735792679401,0.0764960100472469,0.5763595190384976,0.30114259714466257,1.0,0.9585747001057296,0.9585747001057296,0.0,0.0,0.0,0.0,1.0,0.8,0.15379431515556652,0.0,0.6193243928257154,0.710735792679401,0.5239379920981928,0.5748057233715552,0.45850903292534845,0.33914313360759185
v7-pilots-humanitarian-large-high-high-high-random_geometric-private_fragmented-771105-always_act-always_on,humanitarian,large,high,high,high,random_geometric,private_fragmented,always_on,771105,always_act,20,HUM-38-depot,H14,release_emergency_reserve,request_peer_evidence,send_targeted_summary,execute_autonomously,True,False,0.0,False,False,0.71716194941059,0.013465213858639524,0.6137151420056242,0.758634431519847,0.706126775939944,0.9143777219569391,0.9560515800424412,0.04798001241010241,0.039444756249117585,0.03319011038983688,0.07344534138859138,0.9520199875898976,0.5666666666666667,0.006700927054571926,0.04798001241010241,0.7146552170711515,0.71716194941059,0.5826312276276141,0.6289894930850563,0.52617827099644,0.5000279209804088
v7-pilots-humanitarian-large-high-high-high-random_geometric-private_fragmented-771105-always_act-always_on,humanitarian,large,high,high,high,random_geometric,private_fragmented,always_on,771105,always_act,20,HUM-39-hub,H17,release_emergency_reserve,request_peer_evidence,send_targeted_summary,execute_autonomously,False,False,0.0,False,False,0.7146878270304589,0.023510726324916686,1.0,1.0,0.9430166846084402,0.9094361528748386,0.9094361528748386,0.0,0.0,0.0,0.0,1.0,0.8,0.044132537035938446,0.0,0.8238575318042128,0.7146878270304589,0.5132341690308933,0.5675570247185528,0.46016888735279277,0.42411259156852854
v7-pilots-humanitarian-large-high-high-high-random_geometric-private_fragmented-771105-always_act-always_on,humanitarian,large,high,high,high,random_geometric,private_fragmented,always_on,771105,always_act,20,HUM-40-ngo,H10,cancel_risky_dispatch,request_peer_evidence,send_targeted_summary,execute_autonomously,True,False,0.0,False,False,0.7447902146382632,0.01723387273534216,0.6911636647541006,0.4506476728968886,0.9050186126307703,0.9659666568578208,0.9659666568578208,0.0,0.0,0.0,0.0,1.0,0.8333333333333334,0.17075099271677552,0.0,0.6218882092510323,0.7447902146382632,0.5394077500697605,0.5903999833708682,0.4794785568147372,0.37095231417967367
v7-pilots-humanitarian-large-high-high-high-random_geometric-private_fragmented-771105-always_act-always_on,humanitarian,large,high,high,high,random_geometric,private_fragmented,always_on,771105,always_act,20,HUM-41-transport,H13,redirect_vehicle,request_peer_evidence,send_targeted_summary,execute_autonomously,False,False,0.0,False,False,0.6805559600034201,0.07500817960686651,0.758150987725813,0.6645701741196071,0.9362519645075034,0.911304152944077,0.9320599944951469,0.02159193398743864,0.017633065516256208,0.015146200085638384,0.06677620726820921,0.9784080660125614,0.7916666666666666,0.0933134302702896,0.02159193398743864,0.6822613003815193,0.6805559600034201,0.5302771298198015,0.5800436738015755,0.5456666715824477,0.4583394261310565
v7-pilots-humanitarian-large-high-high-high-random_geometric-private_fragmented-771105-always_act-always_on,humanitarian,large,high,high,high,random_geometric,private_fragmented,always_on,771105,always_act,20,HUM-42-local_authority,H16,release_emergency_reserve,request_peer_evidence,send_targeted_summary,execute_autonomously,False,False,0.0,False,False,0.8088641458644942,0.17057662470190527,0.8118423663864432,1.0,0.9237267970664301,0.9104752347549255,0.9602024169535369,0.04692793513544091,0.034582392936845396,0.03920035157944901,0.026620348477071204,0.9530720648645591,0.5666666666666667,0.13920614106436757,0.04692793513544091,0.8756337049485426,0.8088641458644942,0.6168635762241463,0.6542401449892165,0.49351920428156915,0.5206825841563454
v7-pilots-humanitarian-large-high-high-high-random_geometric-private_fragmented-771105-always_act-always_on,humanitarian,large,high,high,high,random_geometric,private_fragmented,always_on,771105,always_act,20,HUM-43-assessment,H19,allocate_shipment,request_peer_evidence,send_targeted_summary,execute_autonomously,False,False,0.0,False,False,0.8238763628581122,0.08786193121445232,0.8271195919818339,0.8337643827555277,0.9917119507720011,0.9766510261774964,0.9766510261774964,0.0,0.0,0.0,0.0,1.0,0.8,0.10117983329648594,0.0,0.807798044402925,0.8238763628581122,0.573713301687619,0.6242404123135272,0.5060280724004071,0.43473710753093475
v7-pilots-humanitarian-large-high-high-high-random_geometric-private_fragmented-771105-always_act-always_on,humanitarian,large,high,high,high,random_geometric,private_fragmented,always_on,771105,always_act,20,HUM-44-clinic,H12,revise_delivery_priority,request_peer_evidence,send_targeted_summary,execute_autonomously,True,False,0.0,False,False,0.6166779284972828,0.18166124951050708,0.9114338408881735,0.8207445082237068,0.9377914357082677,0.8926632380203473,0.8926632380203473,0.0,0.0,0.0,0.0,1.0,0.8,0.17686370021062825,0.0,0.7223632935185846,0.6166779284972828,0.46983698090399995,0.5215434921811501,0.4190047299688588,0.37515916096608404
v7-pilots-humanitarian-large-high-high-high-random_geometric-private_fragmented-771105-always_act-always_on,humanitarian,large,high,high,high,random_geometric,private_fragmented,always_on,771105,always_act,20,HUM-45-shelter,H15,no_operational_action,request_peer_evidence,send_targeted_summary,execute_autonomously,False,False,0.0,False,False,0.7729959718085789,0.10971431089437031,0.8128625204413847,0.5364208296067322,0.8733224686654403,0.895238770111109,0.9316077982243115,0.0372301934064887,0.035007488536239695,0.021618605301523375,0.0,0.9627698065935113,0.725,0.00018998748003717925,0.0372301934064887,0.6690905726269295,0.7729959718085789,0.585130352020293,0.6406610067729518,0.4696583081596031,0.43720303964317103
v7-pilots-humanitarian-large-high-high-high-random_geometric-private_fragmented-771105-always_act-always_on,humanitarian,large,high,high,high,random_geometric,private_fragmented,always_on,771105,always_act,20,HUM-46-depot,H18,release_emergency_reserve,request_peer_evidence,send_targeted_summary,execute_autonomously,False,False,0.0,False,False,0.7116342908968514,0.025263731588053617,0.9599791984660784,1.0,1.0,0.9305589433825151,0.9305589433825151,0.0,0.0,0.0,0.0,1.0,0.8,0.12938179049763088,0.0,0.8353556589049295,0.7116342908968514,0.5172934522043693,0.5695496289088039,0.4588864021766776,0.42325760145111835
v7-pilots-humanitarian-large-high-high-high-random_geometric-private_fragmented-771105-always_act-always_on,humanitarian,large,high,high,high,random_geometric,private_fragmented,always_on,771105,always_act,20,HUM-47-hub,H11,cancel_risky_dispatch,request_peer_evidence,send_targeted_summary,execute_autonomously,True,False,0.0,False,False,0.7570561013197785,0.030791127717043787,0.6580382034805321,0.42774455802981604,1.0,0.9694916889089151,0.9694916889089151,0.0,0.0,0.0,0.0,1.0,0.8,0.09045392438334521,0.0,0.6654577683758806,0.7570561013197785,0.5451953627551402,0.5964830663798388,0.477963562554307,0.36730505533311597
v7-pilots-humanitarian-large-high-high-high-random_geometric-private_fragmented-771105-always_act-always_on,humanitarian,large,high,high,high,random_geometric,private_fragmented,always_on,771105,always_act,20,HUM-48-ngo,H14,redirect_vehicle,request_peer_evidence,send_targeted_summary,execute_autonomously,False,False,0.0,False,False,0.7402296953303886,0.054668484035037684,0.690431792430912,0.8775452396790432,0.706126775939944,0.9563392631540779,0.9821536177077168,0.03726851965303979,0.02953577693400511,0.026069962614195585,0.03387715166146099,0.9627314803469602,0.5666666666666667,0.08334562357598241,0.03726851965303979,0.7510368446420901,0.7402296953303886,0.5873526214349307,0.6316366110619227,0.4757230758975172,0.47378865755288824
v7-pilots-humanitarian-large-high-high-high-random_geometric-private_fragmented-771105-always_act-always_on,humanitarian,large,high,high,high,random_geometric,private_fragmented,always_on,771105,always_act,20,HUM-49-transport,H17,cancel_risky_dispatch,request_peer_evidence,send_targeted_summary,execute_autonomously,True,False,0.0,False,False,0.7764929313651046,0.006027516665864652,0.6473725306441941,0.7078787183150294,0.9430166846084402,0.9785158736766899,0.9785158736766899,0.0,0.0,0.0,0.0,1.0,0.8,0.045633037154647615,0.0,0.7747621596735994,0.7764929313651046,0.5552261409652144,0.606068952131218,0.48612703117334394,0.4063634669800328
v7-pilots-humanitarian-large-high-high-high-random_geometric-private_fragmented-771105-always_act-always_on,humanitarian,large,high,high,high,random_geometric,private_fragmented,always_on,771105,always_act,20,HUM-50-local_authority,H10,release_emergency_reserve,request_peer_evidence,send_targeted_summary,execute_autonomously,False,False,0.0,False,False,0.6814341408899729,0.03625214632764551,0.862486369534077,0.7161978653058519,0.9050186126307703,0.9043189569710057,0.9058440449678931,0.005475554681561912,0.004357484167640924,0.004761809399334571,0.03153699949989175,0.9945244453184381,0.7916666666666666,0.020392321051683315,0.005475554681561912,0.6640791903547647,0.6814341408899729,0.5063191721529273,0.5580939476334714,0.4924719117469574,0.4121897562677708
v7-pilots-humanitarian-large-high-high-high-random_geometric-private_fragmented-771105-always_act-always_on,humanitarian,large,high,high,high,random_geometric,private_fragmented,always_on,771105,always_act,20,HUM-51-assessment,H13,no_operational_action,request_peer_evidence,send_targeted_summary,execute_autonomously,False,False,0.0,False,False,0.6681629308332968,0.04114236555040274,0.7220054188973231,0.6085445424354476,0.9362519645075034,0.8844798476810254,0.8844798476810254,0.0,0.0,0.0,0.0,1.0,0.8333333333333334,0.020337674307383646,0.0,0.6646015188594792,0.6681629308332968,0.4883851342535751,0.5424169310970006,0.4472950976166513,0.3684442990589102
v7-pilots-humanitarian-large-high-high-high-random_geometric-private_fragmented-771105-always_act-always_on,humanitarian,large,high,high,high,random_geometric,private_fragmented,always_on,771105,always_act,25,HUM-00-ngo,H20,redirect_vehicle,request_peer_evidence,negotiate_commitment,execute_autonomously,True,False,0.0,False,False,0.7133523802072124,0.006294616125528507,0.5843395398099342,0.40761740119156575,0.838702177924396,0.9272375459759229,0.9356700706151236,0.010934787618354092,0.008837881169340034,0.007682914903237692,0.03948218959419003,0.9890652123816459,0.7916666666666666,0.04133207460563504,0.010934787618354092,0.6102824646997952,0.7133523802072124,0.5324590412425614,0.5825372817013651,0.5179542612035313,0.398782597970481
v7-pilots-humanitarian-large-high-high-high-random_geometric-private_fragmented-771105-always_act-always_on,humanitarian,large,high,high,high,random_geometric,private_fragmented,always_on,771105,always_act,25,HUM-01-transport,H23,cancel_risky_dispatch,request_peer_evidence,negotiate_commitment,execute_autonomously,True,False,0.0,False,False,0.7492387821413551,0.03149342497597446,0.670754969497061,0.5212211867059761,1.0,0.9535312040050454,0.9535312040050454,0.0,0.0,0.0,0.0,1.0,0.8333333333333334,0.079008926763388,0.0,0.7092342707374949,0.7492387821413551,0.5380783138578034,0.5903621935123708,0.4813469551660358,0.3806667347376299
v7-pilots-humanitarian-large-high-high-high-random_geometric-private_fragmented-771105-always_act-always_on,humanitarian,large,high,high,high,random_geometric,private_fragmented,always_on,771105,always_act,25,HUM-02-local_authority,H26,release_emergency_reserve,request_peer_evidence,negotiate_commitment,execute_autonomously,True,False,0.0,False,False,0.7190606458415802,0.027304447592771786,0.9329725638592739,0.7550787801562603,0.9517765820292248,0.9361740730002246,0.9426792325740381,0.007039878185147508,0.005943322630442394,0.004638069225272767,0.04734130179873619,0.9929601218148525,0.725,0.1635075208618928,0.007039878185147508,0.6964903748700693,0.7190606458415802,0.5315236060458948,0.5832278183258046,0.5189642499875428,0.43246536111836964
v7-pilots-humanitarian-large-high-high-high-random_geometric-private_fragmented-771105-always_act-always_on,humanitarian,large,high,high,high,random_geometric,private_fragmented,always_on,771105,always_act,25,HUM-03-assessment,H29,revise_delivery_priority,request_peer_evidence,negotiate_commitment,execute_autonomously,True,False,0.0,False,False,0.6838629695817409,0.01337472565086828,0.818767045207185,0.873896094160932,1.0,0.8812038800707739,0.9419269643807751,0.041854925951151145,0.03302971863533499,0.030795560447717252,0.05875591090368215,0.9581450740488489,0.725,0.015282458194192494,0.041854925951151145,0.7956484722564156,0.6838629695817409,0.5524430541820015,0.5961168199189883,0.521531431797928,0.5045296474167228
v7-pilots-humanitarian-large-high-high-high-random_geometric-private_fragmented-771105-always_act-always_on,humanitarian,large,high,high,high,random_geometric,private_fragmented,always_on,771105,always_act,25,HUM-04-clinic,H22,no_operational_action,request_peer_evidence,send_targeted_summary,execute_autonomously,False,False,0.0,False,False,0.8385316206436693,0.0417223401429882,0.892851364514349,0.6748585169565919,1.0,0.953574555421156,0.953574555421156,0.0,0.0,0.0,0.0,1.0,0.8,0.014732905350073766,0.0,0.7284667950884296,0.8385316206436693,0.5738062871127567,0.6251536280724579,0.5121832806703411,0.4197718758150184
v7-pilots-humanitarian-large-high-high-high-random_geometric-private_fragmented-771105-always_act-always_on,humanitarian,large,high,high,high,random_geometric,private_fragmented,always_on,771105,always_act,25,HUM-05-shelter,H25,allocate_shipment,request_peer_evidence,negotiate_commitment,execute_autonomously,True,True,-0.038043024569965805,False,True,0.8404335943376424,0.1433391674717576,0.9181008189988604,0.8876500351661019,1.0,0.9183298517585134,0.9183298517585134,0.0,0.0,0.0,0.0,1.0,0.8,0.07813594041318717,0.0,0.8281834305146628,0.8404335943376424,0.5657559006746853,0.6167177308351668,0.5129821096218099,0.4458394106344722
v7-pilots-humanitarian-large-high-high-high-random_geometric-private_fragmented-771105-always_act-always_on,humanitarian,large,high,high,high,random_geometric,private_fragmented,always_on,771105,always_act,25,HUM-06-depot,H28,redirect_vehicle,request_peer_evidence,negotiate_commitment,execute_autonomously,True,True,9.875015982821695,True,False,0.6943403906045735,0.06155147356158894,0.8828005726188828,0.7755911442684489,1.0,0.9279353734548998,0.9279353734548998,0.0,0.0,0.0,0.0,1.0,0.8,-0.03361792593405177,0.0,0.7276176074299827,0.6943403906045735,0.5097199996055544,0.5620760567070384,0.4516229640539209,0.39148624668149445
v7-pilots-humanitarian-large-high-high-high-random_geometric-private_fragmented-771105-always_act-always_on,humanitarian,large,high,high,high,random_geometric,private_fragmented,always_on,771105,always_act,25,HUM-07-hub,H21,release_emergency_reserve,request_peer_evidence,negotiate_commitment,execute_autonomously,False,False,0.0,False,False,0.6646693163519044,0.1812513339401241,0.867715690236893,0.6427984853105044,1.0,0.9494983888390166,0.9533823514818811,0.006570877779146667,0.004601886441916725,0.006011187202854318,0.037024347925771806,0.9934291222208533,0.725,0.19783919770577607,0.006570877779146667,0.6616592040341686,0.6646693163519044,0.5124415526413213,0.5598886322093165,0.4804381217149729,0.395942055221496
v7-pilots-humanitarian-large-high-high-high-random_geometric-private_fragmented-771105-always_act-always_on,humanitarian,large,high,high,high,random_geometric,private_fragmented,always_on,771105,always_act,25,HUM-08-ngo,H24,redirect_vehicle,request_peer_evidence,negotiate_commitment,execute_autonomously,True,False,0.0,False,False,0.6489415803722028,0.1447317607645938,0.5621310228522919,0.4025985317864953,0.985517854503049,0.9197166395924041,0.9387191569985139,0.034235039833434344,0.02453087150352984,0.030879489867100207,0.0,0.9657649601665657,0.725,0.018764122957919294,0.034235039833434344,0.6434777129459786,0.6489415803722028,0.5374348478137903,0.5776841145800764,0.41755546375632513,0.3842481514384956
v7-pilots-humanitarian-large-high-high-high-random_geometric-private_fragmented-771105-always_act-always_on,humanitarian,large,high,high,high,random_geometric,private_fragmented,always_on,771105,always_act,25,HUM-09-transport,H27,redirect_vehicle,request_peer_evidence,negotiate_commitment,execute_autonomously,True,False,0.0,False,False,0.5828438288580255,0.2474167119608749,0.3527847936787862,0.308582878111969,1.0,0.892387823767571,0.9194791242469477,0.03184147202678789,0.02225263529802657,0.029969821605766445,0.04135437127017805,0.9681585279732121,0.725,0.06686059325529814,0.03184147202678789,0.6496267925586012,0.5828438288580255,0.500812548322606,0.5377790973582186,0.45265305245104137,0.3806810590923533
v7-pilots-humanitarian-large-high-high-high-random_geometric-private_fragmented-771105-always_act-always_on,humanitarian,large,high,high,high,random_geometric,private_fragmented,always_on,771105,always_act,25,HUM-10-local_authority,H20,release_emergency_reserve,request_peer_evidence,negotiate_commitment,execute_autonomously,False,False,0.0,False,False,0.7908076955289123,0.1634280940165719,0.29944142480406827,0.0,0.838702177924396,0.8967305670668615,0.923741933907972,0.021699276840771886,0.01803267753489446,0.015106979529174946,0.055576827702491616,0.9783007231592281,0.7916666666666666,0.005128052567146879,0.021699276840771886,0.5387890956231973,0.7908076955289123,0.570884707555361,0.6194102058154572,0.5749493435632638,0.40149989062835484
v7-pilots-humanitarian-large-high-high-high-random_geometric-private_fragmented-771105-always_act-always_on,humanitarian,large,high,high,high,random_geometric,private_fragmented,always_on,771105,always_act,25,HUM-11-assessment,H23,allocate_shipment,request_peer_evidence,negotiate_commitment,execute_autonomously,True,False,0.0,False,False,0.6894983528117287,5.060207441165421e-05,1.0,1.0,1.0,0.897897055656492,0.9614736192530907,0.04385576597696694,0.032795926232977224,0.034624806854027135,0.03448132663351877,0.9561442340230331,0.6666666666666666,0.03949148613178899,0.04385576597696694,0.8038294399559877,0.6894983528117287,0.5616716774065682,0.6018835824273802,0.47533425799720785,0.49999879265077163
v7-pilots-humanitarian-large-high-high-high-random_geometric-private_fragmented-771105-always_act-always_on,humanitarian,large,high,high,high,random_geometric,private_fragmented,always_on,771105,always_act,25,HUM-12-clinic,H26,allocate_shipment,request_peer_evidence,negotiate_commitment,execute_autonomously,True,False,0.0,False,False,0.802208962403697,0.22238325290372793,0.6875767710411639,0.37471530128818975,0.9517765820292248,0.8636382647674087,0.9082028804459941,0.041817944422350095,0.03241714079592739,0.03426748474176167,0.060189562334342354,0.9581820555776499,0.3875,-0.009649480191182391,0.041817944422350095,0.633473567572852,0.802208962403697,0.5953382733446212,0.636191811400482,0.5059158989577531,0.4360634889824432
v7-pilots-humanitarian-large-high-high-high-random_geometric-private_fragmented-771105-always_act-always_on,humanitarian,large,high,high,high,random_geometric,private_fragmented,always_on,771105,always_act,25,HUM-13-shelter,H29,cancel_risky_dispatch,request_peer_evidence,negotiate_commitment,execute_autonomously,True,False,0.0,False,False,0.8242014681370801,0.0916435751030305,0.5255086130927775,0.41934552438360034,1.0,0.8967713076030773,0.8967713076030773,0.0,0.0,0.0,0.0,1.0,0.8,0.0018101212863581573,0.0,0.7342714250186713,0.8242014681370801,0.5538734141556014,0.6085393242795379,0.5061646166175737,0.3850978740044144
v7-pilots-humanitarian-large-high-high-high-random_geometric-private_fragmented-771105-always_act-always_on,humanitarian,large,high,high,high,random_geometric,private_fragmented,always_on,771105,always_act,25,HUM-14-depot,H22,release_emergency_reserve,request_peer_evidence,negotiate_commitment,execute_autonomously,False,False,0.0,False,False,0.673641961544206,0.08889961439048916,0.8472714216084406,0.604209605452434,1.0,0.9165973667234874,0.9220718010966026,0.010271525303649054,0.008005552474885214,0.007965864069779949,0.05961606095879968,0.989728474696351,0.725,-0.032670328051670805,0.010271525303649054,0.6554485722336142,0.673641961544206,0.5129862617236629,0.5632543556027476,0.518546036505942,0.41634822966705787
v7-pilots-humanitarian-large-high-high-high-random_geometric-private_fragmented-771105-always_act-always_on,humanitarian,large,high,high,high,random_geometric,private_fragmented,always_on,771105,always_act,25,HUM-15-hub,H25,redirect_vehicle,request_peer_evidence,negotiate_commitment,execute_autonomously,True,False,0.0,False,False,0.6758308634720016,0.12116113963650246,0.7351457160492721,0.60406962559424,1.0,0.9320748552833708,0.96137070904191,0.020375359062872467,0.015564869248303248,0.015599890188607524,0.026824051224623835,0.9796246409371275,0.725,0.05661892037626537,0.020375359062872467,0.704159203723098,0.6758308634720016,0.5318765618976647,0.5784315431209002,0.4696215205196689,0.41028384854270755
v7-pilots-humanitarian-large-high-high-high-random_geometric-private_fragmented-771105-always_act-always_on,humanitarian,large,high,high,high,random_geometric,private_fragmented,always_on,771105,always_act,25,HUM-16-ngo,H28,redirect_vehicle,request_peer_evidence,send_targeted_summary,execute_autonomously,False,False,0.0,False,False,0.7198991897278757,0.08664443880511463,0.5843543791698611,0.3129995444224653,1.0,0.9719484750163341,0.9719484750163341,0.0,0.0,0.0,0.0,1.0,0.8,0.15229740495162025,-1.1102230246251565e-16,0.6252856151688695,0.7198991897278757,0.5309467946452338,0.5812683742680327,0.4623576596857078,0.3431317184545011
v7-pilots-humanitarian-large-high-high-high-random_geometric-private_fragmented-771105-always_act-always_on,humanitarian,large,high,high,high,random_geometric,private_fragmented,always_on,771105,always_act,25,HUM-17-transport,H21,allocate_shipment,request_peer_evidence,send_targeted_summary,execute_autonomously,False,False,0.0,False,False,0.8558719135086352,0.04610627071375567,0.7947981828946816,0.5297763489300769,1.0,0.9542485497255118,0.9614026400663697,0.02017557685060134,0.014384789177944168,0.01842815661837449,0.0792383915810394,0.9798244231493987,0.725,0.07234589355393317,0.02017557685060134,0.6995427743361544,0.8558719135086352,0.6091567104256739,0.6538519727127832,0.6249085588768067,0.49049714784971504
v7-pilots-humanitarian-large-high-high-high-random_geometric-private_fragmented-771105-always_act-always_on,humanitarian,large,high,high,high,random_geometric,private_fragmented,always_on,771105,always_act,25,HUM-18-local_authority,H24,revise_delivery_priority,request_peer_evidence,send_targeted_summary,execute_autonomously,True,False,0.0,False,False,0.7626335277707139,0.0075976972987670255,0.6706156789450362,0.5707497487302489,0.985517854503049,0.9305072657126746,0.9686347127960377,0.04261175272301532,0.03423052394224124,0.030431432261673996,0.045006588548136106,0.9573882472769847,0.3875,0.11648676788609769,0.04261175272301532,0.7224892671279732,0.7626335277707139,0.5973366813486757,0.6438236100225287,0.4662160962568667,0.43737848394628676
v7-pilots-humanitarian-large-high-high-high-random_geometric-private_fragmented-771105-always_act-always_on,humanitarian,large,high,high,high,random_geometric,private_fragmented,always_on,771105,always_act,25,HUM-19-assessment,H27,no_operational_action,request_peer_evidence,send_targeted_summary,execute_autonomously,False,False,0.0,False,False,0.760442466129064,0.035283970713036045,0.6583895050142975,0.7822701806820115,1.0,0.9709899000486497,0.9698894996248127,0.024566569161975527,0.02341186322337996,0.015495655693549826,0.040373538573622254,0.9754334308380245,0.725,0.09813272818518748,0.024566569161975527,0.8236952818475645,0.760442466129064,0.5813176582905538,0.6332881235093786,0.5257536144061127,0.47198522328164455
v7-pilots-humanitarian-large-high-high-high-random_geometric-private_fragmented-771105-always_act-always_on,humanitarian,large,high,high,high,random_geometric,private_fragmented,always_on,771105,always_act,25,HUM-20-clinic,H20,no_operational_action,request_peer_evidence,send_targeted_summary,execute_autonomously,False,False,0.0,False,False,0.7155861341825434,0.002629885501126583,0.4957013302776446,0.27022817641651675,0.838702177924396,0.8773381212014724,0.8786638756839498,0.008438020343324859,0.005835960791542805,0.009265271280728071,0.026199614346990363,0.9915619796566751,0.7916666666666666,-0.04209392900958353,0.008438020343324859,0.5780685271053959,0.7155861341825434,0.5173822124540403,0.5730337221576653,0.49870292349742684,0.3701270665170464
v7-pilots-humanitarian-large-high-high-high-random_geometric-private_fragmented-771105-always_act-always_on,humanitarian,large,high,high,high,random_geometric,private_fragmented,always_on,771105,always_act,25,HUM-21-shelter,H23,revise_delivery_priority,request_peer_evidence,send_targeted_summary,execute_autonomously,True,False,0.0,False,False,0.8164112228983058,0.08602943285510956,0.9505443657481937,0.9548947508952316,1.0,0.9713852783974762,0.9713852783974762,0.0,0.0,0.0,0.0,1.0,0.8333333333333334,0.08118618336188621,0.0,0.8361545560002794,0.8164112228983058,0.5694108087586914,0.6201643507613214,0.5095593802839551,0.45151584585228677
v7-pilots-humanitarian-large-high-high-high-random_geometric-private_fragmented-771105-always_act-always_on,humanitarian,large,high,high,high,random_geometric,private_fragmented,always_on,771105,always_act,25,HUM-22-depot,H26,release_emergency_reserve,request_peer_evidence,send_targeted_summary,execute_autonomously,True,False,0.0,False,False,0.6556342630402672,0.0924890968390884,0.7227190859744802,0.42918588943483005,0.9517765820292248,0.8885516336656936,0.9025234441000085,0.019984970805021374,0.015715182258823956,0.017958909899544073,0.024235946112867352,0.9800150291949786,0.2,-0.02078614499905873,0.019984970805021374,0.5967111109444796,0.6556342630402672,0.5123705727595602,0.5623813416868922,0.3522050285684706,0.31392337252877645
v7-pilots-humanitarian-large-high-high-high-random_geometric-private_fragmented-771105-always_act-always_on,humanitarian,large,high,high,high,random_geometric,private_fragmented,always_on,771105,always_act,25,HUM-23-hub,H29,redirect_vehicle,request_peer_evidence,send_targeted_summary,execute_autonomously,False,False,0.0,False,False,0.7059597510210256,0.08399873980377187,1.0,1.0,1.0,0.9548774326433951,0.9548774326433951,0.0,0.0,0.0,0.0,1.0,0.8,-0.0047533902985670284,0.0,0.8334263153471486,0.7059597510210256,0.521103258569259,0.5721420619969574,0.4565030954288308,0.42166873028588714
v7-pilots-humanitarian-large-high-high-high-random_geometric-private_fragmented-771105-always_act-always_on,humanitarian,large,high,high,high,random_geometric,private_fragmented,always_on,771105,always_act,25,HUM-24-ngo,H22,release_emergency_reserve,request_peer_evidence,send_targeted_summary,execute_autonomously,False,False,0.0,False,False,0.6785655341400201,0.12854293651011892,0.7243489888272353,0.4136798346415657,1.0,0.9436588515467189,0.9436588515467189,0.0,0.0,0.0,0.0,1.0,0.8,-0.025138590875451783,0.0,0.6113954419215826,0.6785655341400201,0.5073409265426878,0.558197125913956,0.44499752433880846,0.3436399297161935
v7-pilots-humanitarian-large-high-high-high-random_geometric-private_fragmented-771105-always_act-always_on,humanitarian,large,high,high,high,random_geometric,private_fragmented,always_on,771105,always_act,25,HUM-25-transport,H25,redirect_vehicle,request_peer_evidence,send_targeted_summary,execute_autonomously,False,False,0.0,False,False,0.5915491420879074,0.19110836196205466,0.8748884471381336,0.8206708587819754,1.0,0.8819949777217999,0.9238530057651568,0.03688544684430817,0.026280929111302864,0.033640707177234,0.05167387982761784,0.9631145531556918,0.725,-0.046000255404868295,0.03688544684430817,0.7274877144175625,0.5915491420879074,0.5087580268476444,0.5461268098450126,0.47199493701490025,0.460650167938374
v7-pilots-humanitarian-large-high-high-high-random_geometric-private_fragmented-771105-always_act-always_on,humanitarian,large,high,high,high,random_geometric,private_fragmented,always_on,771105,always_act,25,HUM-26-local_authority,H28,revise_delivery_priority,request_peer_evidence,send_targeted_summary,execute_autonomously,True,False,0.0,False,False,0.6380513849685459,0.09777549458680301,0.6789132656784683,0.45956581851080647,1.0,0.8870649619364527,0.8870649619364527,0.0,0.0,0.0,0.0,1.0,0.8,-0.01559830849902566,0.0,0.6326332673318992,0.6380513849685459,0.4769867944715315,0.5292754457292945,0.4279815816867893,0.3378022860124896
v7-pilots-humanitarian-large-high-high-high-random_geometric-private_fragmented-771105-always_act-always_on,humanitarian,large,high,high,high,random_geometric,private_fragmented,always_on,771105,always_act,25,HUM-27-assessment,H21,no_operational_action,request_peer_evidence,send_targeted_summary,execute_autonomously,False,False,0.0,False,False,0.7299446487259584,0.01617999279637561,0.5884466266114253,0.20993143669102954,1.0,0.9006987344867703,0.9006987344867703,0.0,0.0,0.0,0.0,1.0,0.8,0.006927680443614359,0.0,0.579964725372673,0.7299446487259584,0.517152543112076,0.5730025702971041,0.46657675246490254,0.33357627404619195
v7-pilots-humanitarian-large-high-high-high-random_geometric-private_fragmented-771105-always_act-always_on,humanitarian,large,high,high,high,random_geometric,private_fragmented,always_on,771105,always_act,25,HUM-28-clinic,H24,no_operational_action,request_peer_evidence,send_targeted_summary,execute_autonomously,False,False,0.0,False,False,0.8488674159479426,0.3375994428947931,0.8959530537647657,0.9200226797008297,0.985517854503049,0.8279399314283313,0.8800622404234955,0.03530464742723738,0.02302756492778879,0.04037184926851611,0.04817844124326942,0.9646953525727626,0.725,-0.0465080953083048,0.03530464742723738,0.8356342925411704,0.8488674159479426,0.5959584556343922,0.6269579401856794,0.5747555453879054,0.541976987842652
v7-pilots-humanitarian-large-high-high-high-random_geometric-private_fragmented-771105-always_act-always_on,humanitarian,large,high,high,high,random_geometric,private_fragmented,always_on,771105,always_act,25,HUM-29-shelter,H27,cancel_risky_dispatch,request_peer_evidence,send_targeted_summary,execute_autonomously,True,False,0.0,False,False,0.8477433004248827,0.11449612921364505,0.807281906502769,1.0,1.0,0.9311670919272085,0.9311670919272085,0.0,0.0,0.0,0.0,1.0,0.8,0.07327275360552221,0.0,0.90563272214446,0.8477433004248827,0.5718890931517552,0.6247584500463973,0.5160521861784507,0.4613681241189671
v7-pilots-humanitarian-large-high-high-high-random_geometric-private_fragmented-771105-always_act-always_on,humanitarian,large,high,high,high,random_geometric,private_fragmented,always_on,771105,always_act,25,HUM-30-depot,H20,redirect_vehicle,request_peer_evidence,send_targeted_summary,execute_autonomously,False,False,0.0,False,False,0.693840721636191,0.03272987522605003,0.6548904817535712,0.5169713612042031,0.838702177924396,0.923474965825305,0.9461340556277096,0.025821227250810486,0.020714483564779784,0.018247069011225636,0.0629424666923144,0.9741787727491895,0.7916666666666666,0.05108024589305593,0.025821227250810486,0.6298934511886809,0.693840721636191,0.5445547482619374,0.5913852717784109,0.5454189857928514,0.4487035569103422
v7-pilots-humanitarian-large-high-high-high-random_geometric-private_fragmented-771105-always_act-always_on,humanitarian,large,high,high,high,random_geometric,private_fragmented,always_on,771105,always_act,25,HUM-31-hub,H23,redirect_vehicle,request_peer_evidence,send_targeted_summary,execute_autonomously,False,False,0.0,False,False,0.6388926612162101,0.10166641160083106,0.7310342130303809,0.6146540141826218,1.0,0.8931361230676692,0.9474562981187398,0.0471831637695076,0.03546359717175751,0.037530502791254694,0.0,0.9528168362304924,0.7916666666666666,0.003414131550649513,0.0471831637695076,0.6941404682173407,0.6388926612162101,0.5448975245307119,0.5838052267172645,0.4266682510441416,0.4365913788260556
v7-pilots-humanitarian-large-high-high-high-random_geometric-private_fragmented-771105-always_act-always_on,humanitarian,large,high,high,high,random_geometric,private_fragmented,always_on,771105,always_act,25,HUM-32-ngo,H26,release_emergency_reserve,request_peer_evidence,send_targeted_summary,execute_autonomously,True,False,0.0,False,False,0.7311201013069744,0.05829327597910677,0.5297191283587509,0.1300359551304496,0.9517765820292248,0.9711850652874967,0.9744994840048954,0.007902774759126041,0.006136719301492954,0.006000144051879652,0.027432149987703863,0.992097225240874,0.5666666666666667,0.047046180002741855,0.007902774759126041,0.5505803117221086,0.7311201013069744,0.5463081915074404,0.5950400479696254,0.46210064386357247,0.3274334918154062
v7-pilots-humanitarian-large-high-high-high-random_geometric-private_fragmented-771105-always_act-always_on,humanitarian,large,high,high,high,random_geometric,private_fragmented,always_on,771105,always_act,25,HUM-33-transport,H29,redirect_vehicle,request_peer_evidence,send_targeted_summary,execute_autonomously,False,False,0.0,False,False,0.6301281963129959,0.19155450361601156,0.8997797077492221,0.9994657211010894,1.0,0.9239621774495717,0.9620228199981865,0.037449047281041814,0.026722489849864695,0.032307879360623626,0.053687034667701194,0.9625509527189582,0.725,-0.003534739526681263,0.037449047281041814,0.80751535981068,0.6301281963129959,0.5354704890810498,0.5726373576801367,0.49125813514636407,0.49468661380528306
v7-pilots-humanitarian-large-high-high-high-random_geometric-private_fragmented-771105-always_act-always_on,humanitarian,large,high,high,high,random_geometric,private_fragmented,always_on,771105,always_act,25,HUM-34-local_authority,H22,release_emergency_reserve,request_peer_evidence,send_targeted_summary,execute_autonomously,False,False,0.0,False,False,0.6195498860424965,0.18499207204429077,0.7076756299761437,0.38783612842237386,1.0,0.9103534498395505,0.92165567703385,0.00899006517421197,0.007000400579793342,0.0069341371195652535,0.044510923384635026,0.991009934825788,0.725,0.11029033933544163,0.00899006517421197,0.5851276320758185,0.6195498860424965,0.487994408120783,0.535694802467137,0.4728675556824937,0.3620290877596416
v7-pilots-humanitarian-large-high-high-high-random_geometric-private_fragmented-771105-always_act-always_on,humanitarian,large,high,high,high,random_geometric,private_fragmented,always_on,771105,always_act,25,HUM-35-assessment,H25,revise_delivery_priority,request_peer_evidence,send_targeted_summary,execute_autonomously,True,False,0.0,False,False,0.8047018908402751,0.09562998093389685,0.9523078256856541,0.940670895530632,1.0,0.9065919949113916,0.9377612857749298,0.03577377707593965,0.029769790010670927,0.024469307038457178,0.0,0.9642262229240603,0.725,0.010241165451764456,0.03577377707593965,0.8287596578130452,0.8047018908402751,0.5986120429702735,0.6484433152150268,0.48297479415291555,0.49286601890327586
v7-pilots-humanitarian-large-high-high-high-random_geometric-private_fragmented-771105-always_act-always_on,humanitarian,large,high,high,high,random_geometric,private_fragmented,always_on,771105,always_act,25,HUM-36-clinic,H28,allocate_shipment,request_peer_evidence,send_targeted_summary,execute_autonomously,False,False,0.0,False,False,0.7279309284445766,0.09499523782753139,0.59682084596128,0.3323225679491646,1.0,0.8662745798753249,0.8662745798753249,0.0,0.0,0.0,0.0,1.0,0.8,0.009504954456435843,0.0,0.6326539319789556,0.7279309284445766,0.5077410163466618,0.5617766973252996,0.4657309899467222,0.3476993681183812
v7-pilots-humanitarian-large-high-high-high-random_geometric-private_fragmented-771105-always_act-always_on,humanitarian,large,high,high,high,random_geometric,private_fragmented,always_on,771105,always_act,25,HUM-37-shelter,H21,no_operational_action,request_peer_evidence,send_targeted_summary,execute_autonomously,False,False,0.0,False,False,0.847846506421737,0.1873787769499218,0.22800082286397572,0.0,1.0,0.8889825149189536,0.8889825149189536,0.0,0.0,0.0,0.0,1.0,0.8,0.03402745028511689,0.0,0.5696678121833906,0.847846506421737,0.5613842312984332,0.6153941062141224,0.5160955326971295,0.3413970217980864
v7-pilots-humanitarian-large-high-high-high-random_geometric-private_fragmented-771105-always_act-always_on,humanitarian,large,high,high,high,random_geometric,private_fragmented,always_on,771105,always_act,25,HUM-38-depot,H24,release_emergency_reserve,request_peer_evidence,send_targeted_summary,execute_autonomously,True,False,0.0,False,False,0.7056100570156947,0.11235651910632838,0.8629729193773823,0.8689034714003854,0.985517854503049,0.9553938362786764,0.9773961817208522,0.05227739936675968,0.040867292363989005,0.04048210700502508,0.03223040054133386,0.9477226006332403,0.5666666666666667,0.026541677769487904,0.05227739936675968,0.7746581805120994,0.7056100570156947,0.5942808409894105,0.6337590917240483,0.4586797661027526,0.4885899000909031
v7-pilots-humanitarian-large-high-high-high-random_geometric-private_fragmented-771105-always_act-always_on,humanitarian,large,high,high,high,random_geometric,private_fragmented,always_on,771105,always_act,25,HUM-39-hub,H27,no_operational_action,request_peer_evidence,send_targeted_summary,execute_autonomously,False,False,0.0,False,False,0.7655541697911001,0.015458250265332624,1.0,1.0,1.0,0.9654090910601013,0.9654090910601013,0.0,0.0,0.0,0.0,1.0,0.8,0.021883155659842335,0.0,0.877688417728974,0.7655541697911001,0.5475739406814654,0.5994382390141167,0.4815327513122621,0.43835516754150805
v7-pilots-humanitarian-large-high-high-high-random_geometric-private_fragmented-771105-always_act-always_on,humanitarian,large,high,high,high,random_geometric,private_fragmented,always_on,771105,always_act,25,HUM-40-ngo,H20,redirect_vehicle,request_peer_evidence,send_targeted_summary,execute_autonomously,False,False,0.0,False,False,0.6387487791212942,0.13366540374795846,0.7277433092122446,0.6298932437651468,0.838702177924396,0.8854084350005949,0.9009768195719979,0.012337649293816755,0.011200451796745559,0.008387624442695474,0.03548622019966319,0.9876623507061832,0.7916666666666666,0.10179179942494276,0.012337649293816755,0.6382634425482424,0.6387487791212942,0.4941243294100099,0.548037433620401,0.4805468752677649,0.40415318929891425
v7-pilots-humanitarian-large-high-high-high-random_geometric-private_fragmented-771105-always_act-always_on,humanitarian,large,high,high,high,random_geometric,private_fragmented,always_on,771105,always_act,25,HUM-41-transport,H23,cancel_risky_dispatch,request_peer_evidence,send_targeted_summary,execute_autonomously,True,False,0.0,False,False,0.7319449250545957,0.008544336221132598,0.47994056435197074,0.22545885873108606,1.0,0.9075876312117317,0.9475480796217974,0.036398994942841933,0.031001557737567742,0.022494414898386994,0.047946854532312955,0.9636010050571581,0.7916666666666666,-0.010172887180060375,0.036398994942841933,0.6323714006140232,0.7319449250545957,0.57063347074475,0.6209258249386975,0.5386294207453792,0.4304744685774864
v7-pilots-humanitarian-large-high-high-high-random_geometric-private_fragmented-771105-always_act-always_on,humanitarian,large,high,high,high,random_geometric,private_fragmented,always_on,771105,always_act,25,HUM-42-local_authority,H26,release_emergency_reserve,request_peer_evidence,send_targeted_summary,execute_autonomously,True,False,0.0,False,False,0.5877436019524355,0.26530757025454044,0.9727613497230962,0.816751398245185,0.9517765820292248,0.899945186237748,0.9154813237558108,0.01400287807807754,0.010014907488149372,0.01289547386180201,0.042851262522276,0.9859971219219225,0.5666666666666667,0.09886990824670328,0.01400287807807754,0.666644008289102,0.5877436019524355,0.47968776664971974,0.5231667897367074,0.42531956518721575,0.39202291612765205
v7-pilots-humanitarian-large-high-high-high-random_geometric-private_fragmented-771105-always_act-always_on,humanitarian,large,high,high,high,random_geometric,private_fragmented,always_on,771105,always_act,25,HUM-43-assessment,H29,cancel_risky_dispatch,request_peer_evidence,send_targeted_summary,execute_autonomously,True,False,0.0,False,False,0.8143443395155597,0.15850255889804943,0.7570847978412714,0.7782886107437658,1.0,0.9227136231803733,0.9227136231803733,0.0,0.0,0.0,0.0,1.0,0.8,-0.02892676238760561,0.0,0.817066342013794,0.8143443395155597,0.5564161416013172,0.6080363077932531,0.5020246225965351,0.42541104835360866
v7-pilots-humanitarian-large-high-high-high-random_geometric-private_fragmented-771105-always_act-always_on,humanitarian,large,high,high,high,random_geometric,private_fragmented,always_on,771105,always_act,25,HUM-44-clinic,H22,no_operational_action,request_peer_evidence,send_targeted_summary,execute_autonomously,False,False,0.0,False,False,0.7474623647638048,0.06082777152131891,0.9013791482963776,0.6880765818187363,1.0,0.9109545913832442,0.9109545913832442,0.0,0.0,0.0,0.0,1.0,0.8,-0.017022470820387325,0.0,0.7006755836561903,0.7474623647638048,0.526723593751333,0.5800427035577975,0.47393419320079805,0.3958586519521138
v7-pilots-humanitarian-large-high-high-high-random_geometric-private_fragmented-771105-always_act-always_on,humanitarian,large,high,high,high,random_geometric,private_fragmented,always_on,771105,always_act,25,HUM-45-shelter,H25,allocate_shipment,request_peer_evidence,send_targeted_summary,execute_autonomously,False,False,0.0,False,False,0.8766713234534702,0.3829707940163436,1.0,1.0,1.0,0.8179094551863446,0.881857421862171,0.03741328025686663,0.024300679414123172,0.04156302523018662,0.0,0.9625867197431334,0.725,-0.005450864293232938,0.03741328025686663,0.8674682499741798,0.8766713234534702,0.6075244855375875,0.6359208024926883,0.5132019558504575,0.5276899083097676
v7-pilots-humanitarian-large-high-high-high-random_geometric-private_fragmented-771105-always_act-always_on,humanitarian,large,high,high,high,random_geometric,private_fragmented,always_on,771105,always_act,25,HUM-46-depot,H28,redirect_vehicle,request_peer_evidence,send_targeted_summary,execute_autonomously,False,False,0.0,False,False,0.7300447895458718,0.016249694890684507,0.6931222903433515,0.4815898067413754,1.0,0.9220390660872642,0.9220390660872642,0.0,0.0,0.0,0.0,1.0,0.8,0.023724802796317723,0.0,0.6691967820635265,0.7300447895458718,0.5225276823401648,0.5763612188202181,0.46661881160926616,0.36620331788180915
v7-pilots-humanitarian-large-high-high-high-random_geometric-private_fragmented-771105-always_act-always_on,humanitarian,large,high,high,high,random_geometric,private_fragmented,always_on,771105,always_act,25,HUM-47-hub,H21,revise_delivery_priority,request_peer_evidence,send_targeted_summary,execute_autonomously,True,False,0.0,False,False,0.7363229220642253,0.028213681325812756,0.6077774225986821,0.23989417047127742,1.0,0.9526830728835832,0.9526830728835832,0.0,0.0,0.0,0.0,1.0,0.8,-0.0072748075822884894,0.0,0.5893243944149432,0.7363229220642253,0.5326999370465859,0.5848264155308662,0.4692556272669747,0.3389577186345364
v7-pilots-humanitarian-large-high-high-high-random_geometric-private_fragmented-771105-always_act-always_on,humanitarian,large,high,high,high,random_geometric,private_fragmented,always_on,771105,always_act,25,HUM-48-ngo,H24,redirect_vehicle,request_peer_evidence,send_targeted_summary,execute_autonomously,False,False,0.0,False,False,0.6485687919734232,0.12983883352502826,0.6562862336263838,0.5485391084863378,0.985517854503049,0.9244598498084722,0.9688407924264375,0.05161694786493065,0.03877717672672054,0.04215815187013372,0.04019462836872629,0.9483830521350693,0.3875,0.07181027612185109,0.05161694786493065,0.6783767032983556,0.6485687919734232,0.5628062062523903,0.5990235707396492,0.41099472774930174,0.4161037624792774
v7-pilots-humanitarian-large-high-high-high-random_geometric-private_fragmented-771105-always_act-always_on,humanitarian,large,high,high,high,random_geometric,private_fragmented,always_on,771105,always_act,25,HUM-49-transport,H27,redirect_vehicle,request_peer_evidence,send_targeted_summary,execute_autonomously,False,False,0.0,False,False,0.7007370753569124,0.0938038409272009,1.0,1.0,1.0,0.9490909983766204,0.9490909983766204,0.0,0.0,0.0,0.0,1.0,0.8,0.09285865647252611,0.0,0.8556506056213502,0.7007370753569124,0.51756757973692,0.5690206726420876,0.45430957164990327,0.42020638109993547
v7-pilots-humanitarian-large-high-high-high-random_geometric-private_fragmented-771105-always_act-always_on,humanitarian,large,high,high,high,random_geometric,private_fragmented,always_on,771105,always_act,25,HUM-50-local_authority,H20,no_operational_action,request_peer_evidence,send_targeted_summary,execute_autonomously,False,False,0.0,False,False,0.7274670387254226,0.01664991681986877,0.482210442079467,0.24931729970934152,0.838702177924396,0.9385977433223234,0.9506834030821649,0.01379908907646199,0.010583225908706195,0.010567701703084409,0.04278027374923343,0.986200910923538,0.7916666666666666,-0.0005560565332519696,0.01379908907646199,0.5770894242402528,0.7274670387254226,0.5449549760277967,0.5940874055260601,0.5288955056968456,0.39121916151090075
v7-pilots-humanitarian-large-high-high-high-random_geometric-private_fragmented-771105-always_act-always_on,humanitarian,large,high,high,high,random_geometric,private_fragmented,always_on,771105,always_act,25,HUM-51-assessment,H23,allocate_shipment,request_peer_evidence,send_targeted_summary,execute_autonomously,False,False,0.0,False,False,0.7790727653122551,0.09108105452867549,0.7704206960834928,0.6757030629149453,1.0,0.8707751776641862,0.8707751776641862,0.0,0.0,2.220446049250313e-16,0.0,1.0,0.8333333333333334,-0.021221052561938625,0.0,0.7564534753057536,0.7790727653122551,0.5293229005409487,0.5874432744213002,0.4938772280978138,0.40755807517055836
v7-pilots-humanitarian-large-high-high-high-random_geometric-private_fragmented-771105-always_act-always_on,humanitarian,large,high,high,high,random_geometric,private_fragmented,always_on,771105,always_act,30,HUM-00-ngo,H00,redirect_vehicle,request_peer_evidence,negotiate_commitment,execute_autonomously,True,False,0.0,False,False,0.5712770306536479,0.09091291726610018,0.0,0.017185340637300983,0.0,0.7755388153101254,0.8488726747355546,0.04131040862640689,0.03351122252352623,0.03231309038231178,0.072014271352416,0.9586895913735931,0.7916666666666666,-0.13107149910934324,0.027462897682807408,0.2837586721751925,0.5712770306536479,0.48023008816596013,0.5264795385709966,0.5077313786635378,0.3773579676863722
v7-pilots-humanitarian-large-high-high-high-random_geometric-private_fragmented-771105-always_act-always_on,humanitarian,large,high,high,high,random_geometric,private_fragmented,always_on,771105,always_act,30,HUM-01-transport,H03,cancel_risky_dispatch,request_peer_evidence,negotiate_commitment,execute_autonomously,True,False,0.0,False,False,0.7153388493742381,0.09588725927357605,0.5927947022507289,1.0,0.0,0.9583690167400184,0.9583690167400184,0.0,0.0,0.0,0.0,1.0,0.8333333333333334,0.020289515883695985,0.0,0.6406152087872409,0.7153388493742381,0.5257277939346998,0.5771110689369853,0.46710898340384666,0.42862821115812005
v7-pilots-humanitarian-large-high-high-high-random_geometric-private_fragmented-771105-always_act-always_on,humanitarian,large,high,high,high,random_geometric,private_fragmented,always_on,771105,always_act,30,HUM-02-local_authority,H06,release_emergency_reserve,request_peer_evidence,negotiate_commitment,execute_autonomously,True,False,0.0,False,False,0.8577372535994962,0.16404114776272374,0.0,0.18140598403071062,0.0,0.8803733001872369,0.9319229256143944,0.05113131034933316,0.04085684312739124,0.03939307738470754,0.08049532070144905,0.9488686896506668,0.725,0.035337523392671155,0.040214150882358024,0.4685681023911993,0.8577372535994962,0.6347720609756742,0.6758611471513284,0.6276025339779909,0.49373414711813557
v7-pilots-humanitarian-large-high-high-high-random_geometric-private_fragmented-771105-always_act-always_on,humanitarian,large,high,high,high,random_geometric,private_fragmented,always_on,771105,always_act,30,HUM-03-assessment,H09,allocate_shipment,request_peer_evidence,negotiate_commitment,execute_autonomously,True,False,0.0,False,False,0.8807244387800227,0.40215200051861444,0.3417632010267874,0.6172329615915205,0.0,0.8132548119975004,0.8443664555395287,0.02784475225342864,0.019678563787660308,0.02776539998728178,0.07903070265430145,0.9721552477465714,0.725,-0.09657464871633825,0.0040302785572371436,0.5329822199671727,0.8807244387800227,0.5945861316661843,0.6270668090864154,0.6350309323221477,0.5030085014507679
v7-pilots-humanitarian-large-high-high-high-random_geometric-private_fragmented-771105-always_act-always_on,humanitarian,large,high,high,high,random_geometric,private_fragmented,always_on,771105,always_act,30,HUM-04-clinic,H02,allocate_shipment,request_peer_evidence,negotiate_commitment,execute_autonomously,True,False,0.0,False,False,0.8291379668710412,0.3033539133279939,0.0047713566447588895,0.24489560279937625,0.0,0.8315295931973714,0.8315295931973714,0.0,0.0,0.0,0.0,1.0,0.8,-0.06890491811612409,0.0,0.45008185340800433,0.8291379668710412,0.5395375850477594,0.5870770876055837,0.5082379460858373,0.3655461030598167
v7-pilots-humanitarian-large-high-high-high-random_geometric-private_fragmented-771105-always_act-always_on,humanitarian,large,high,high,high,random_geometric,private_fragmented,always_on,771105,always_act,30,HUM-05-shelter,H05,no_operational_action,request_peer_evidence,send_targeted_summary,execute_autonomously,False,False,0.0,False,False,0.7138108372671146,0.05820089150091595,0.4606740776789365,1.0,0.0,0.8689251590700813,0.8689251590700813,0.0,0.0,0.0,0.0,1.0,0.8,0.0007792948106130071,0.0,0.616095684670819,0.7138108372671146,0.5027556246743662,0.5578731605514842,0.45980055165218814,0.4238670344347921
v7-pilots-humanitarian-large-high-high-high-random_geometric-private_fragmented-771105-always_act-always_on,humanitarian,large,high,high,high,random_geometric,private_fragmented,always_on,771105,always_act,30,HUM-06-depot,H08,redirect_vehicle,request_peer_evidence,negotiate_commitment,execute_autonomously,True,True,-0.019453193028779747,False,True,0.6748946391527031,0.06555294284708774,0.29843976762599156,0.8292483064869536,0.0,0.8977169275328949,0.8977169275328949,0.0,0.0,0.0,0.0,1.0,0.8,0.05464171651357186,0.0,0.5618837708687879,0.6748946391527031,0.494387087544305,0.5488942636237781,0.4434557484441353,0.39248029574119137
v7-pilots-humanitarian-large-high-high-high-random_geometric-private_fragmented-771105-always_act-always_on,humanitarian,large,high,high,high,random_geometric,private_fragmented,always_on,771105,always_act,30,HUM-07-hub,H01,redirect_vehicle,request_peer_evidence,negotiate_commitment,execute_autonomously,True,True,-0.010499999999999999,False,True,0.6662828102301461,0.02483855678339364,0.0,0.5479337556817203,0.0,0.8737086627527073,0.8947228722458427,0.014266884717494599,0.01010434094782453,0.012863649780586739,0.022405384817031693,0.9857331152825054,0.725,0.0431108620225501,0.0018586920026139042,0.5154402568418626,0.6662828102301461,0.5049139283847277,0.5540712256165232,0.45889496521854956,0.37789749667263267
v7-pilots-humanitarian-large-high-high-high-random_geometric-private_fragmented-771105-always_act-always_on,humanitarian,large,high,high,high,random_geometric,private_fragmented,always_on,771105,always_act,30,HUM-08-ngo,H04,no_operational_action,request_peer_evidence,send_targeted_summary,execute_autonomously,False,False,0.0,False,False,0.7391464533630175,0.024907338926987793,0.0,0.0,0.0,0.9472225573773342,0.9488084293768816,0.0023759183976751475,0.0018380604804745238,0.0017841248776895302,0.0,0.9976240816023249,0.725,-0.002876531982731967,-0.016091689775252327,0.312709794143426,0.7391464533630175,0.5357905064462858,0.5882513345930185,0.4554415104124674,0.3033604063086436
v7-pilots-humanitarian-large-high-high-high-random_geometric-private_fragmented-771105-always_act-always_on,humanitarian,large,high,high,high,random_geometric,private_fragmented,always_on,771105,always_act,30,HUM-09-transport,H07,redirect_vehicle,request_peer_evidence,negotiate_commitment,execute_autonomously,True,False,0.0,False,False,0.7249544845494647,0.10194609033230648,0.09487998843350745,0.2658139820719365,0.0,0.9709707837687193,0.9804102067906982,0.024211325026597175,0.018918836772955694,0.018286538408463615,0.0655322926349935,0.9757886749734028,0.725,0.1314458752068124,0.01673090602656435,0.39567988044408275,0.7249544845494647,0.5666203447992018,0.6117924619804589,0.5490899683159652,0.41214274573270715
v7-pilots-humanitarian-large-high-high-high-random_geometric-private_fragmented-771105-always_act-always_on,humanitarian,large,high,high,high,random_geometric,private_fragmented,always_on,771105,always_act,30,HUM-10-local_authority,H00,revise_delivery_priority,request_peer_evidence,negotiate_commitment,execute_autonomously,True,False,0.0,False,False,0.7427181303516333,0.04442529180274435,0.2280359847901986,0.4677414907105221,0.0,0.9483646591939928,0.9598343244057804,0.012655234796423498,0.00982121237540623,0.009286689779082091,0.03078908011997805,0.9873447652035765,0.7916666666666666,0.016918050024811504,-0.004309911363988839,0.4501821220900806,0.7427181303516333,0.5518957456541443,0.6017799311451044,0.5170743498633859,0.4007671865457695
v7-pilots-humanitarian-large-high-high-high-random_geometric-private_fragmented-771105-always_act-always_on,humanitarian,large,high,high,high,random_geometric,private_fragmented,always_on,771105,always_act,30,HUM-11-assessment,H03,no_operational_action,request_peer_evidence,send_targeted_summary,execute_autonomously,False,False,0.0,False,False,0.5490405454471103,0.28745258833116527,0.23678258570901023,0.8559018967378547,0.0,0.8560271091992165,0.8661822701594637,0.006620165674522727,0.005614640641794066,0.004813434924222482,0.006413379164001309,0.9933798343254773,0.6666666666666666,-0.05500289003035275,-0.013091126193525593,0.5494902406691026,0.5490405454471103,0.44289122742298004,0.490161736033012,0.37367869875040166,0.3537675426659431
v7-pilots-humanitarian-large-high-high-high-random_geometric-private_fragmented-771105-always_act-always_on,humanitarian,large,high,high,high,random_geometric,private_fragmented,always_on,771105,always_act,30,HUM-12-clinic,H06,revise_delivery_priority,request_peer_evidence,negotiate_commitment,execute_autonomously,True,False,0.0,False,False,0.7576432852064076,0.26044321317012764,0.11170596800941657,0.5293942504145956,0.0,0.7570250072161502,0.9380643846539506,0.1332701051712254,0.10714989062529479,0.10758366698862498,0.07873136430331441,0.8667298948287746,0.3875,-0.020329226995613903,0.11979409547374986,0.5180533370696815,0.7576432852064076,0.6788917131263161,0.7042350589736746,0.515381853527729,0.5873501164112994
v7-pilots-humanitarian-large-high-high-high-random_geometric-private_fragmented-771105-always_act-always_on,humanitarian,large,high,high,high,random_geometric,private_fragmented,always_on,771105,always_act,30,HUM-13-shelter,H09,revise_delivery_priority,request_peer_evidence,negotiate_commitment,execute_autonomously,True,False,0.0,False,False,0.8309899545486327,0.37477786601800156,0.0,0.0,0.0,0.7667781077152757,0.7667781077152757,0.0,0.0,0.0,0.0,1.0,0.8,-0.12188358211023043,0.0,0.3679365845465351,0.8309899545486327,0.524090508748272,0.567545311331117,0.5090157809104258,0.3366771872736172
v7-pilots-humanitarian-large-high-high-high-random_geometric-private_fragmented-771105-always_act-always_on,humanitarian,large,high,high,high,random_geometric,private_fragmented,always_on,771105,always_act,30,HUM-14-depot,H02,redirect_vehicle,request_peer_evidence,negotiate_commitment,execute_autonomously,False,False,0.0,False,False,0.6897148843204136,0.09057460669662779,0.0,0.19944719274118844,0.0,0.9133259625107092,0.9514808567069102,0.04956125319521798,0.039388628199473974,0.036578239506869226,0.06717254492528224,0.950438746804782,0.725,0.0801108524298062,0.04780240882592335,0.39177038692682586,0.6897148843204136,0.5736031988291479,0.617618844857675,0.5367825197010027,0.4431571602916528
v7-pilots-humanitarian-large-high-high-high-random_geometric-private_fragmented-771105-always_act-always_on,humanitarian,large,high,high,high,random_geometric,private_fragmented,always_on,771105,always_act,30,HUM-15-hub,H05,redirect_vehicle,request_peer_evidence,negotiate_commitment,execute_autonomously,False,False,0.0,False,False,0.6237372812771163,0.20792005398474162,0.0,0.3549106531002517,0.0,0.9050673841932313,0.9390418524777463,0.02291162400730473,0.019936278975750676,0.014343279775602569,0.03203717994878852,0.9770883759926953,0.725,5.015304704114598e-05,0.013474958179070962,0.4306492323782799,0.6237372812771163,0.507838032169381,0.5568312197398597,0.4556661716585474,0.36556805379919155
v7-pilots-humanitarian-large-high-high-high-random_geometric-private_fragmented-771105-always_act-always_on,humanitarian,large,high,high,high,random_geometric,private_fragmented,always_on,771105,always_act,30,HUM-16-ngo,H08,no_operational_action,request_peer_evidence,send_targeted_summary,execute_autonomously,False,False,0.0,False,False,0.6744517769155906,0.0054983076575899625,0.2567046819649358,0.7645589237123172,0.0,0.8699613947246375,0.8699613947246375,0.0,0.0,0.0,0.0,1.0,0.8,-0.0223267941113926,0.0,0.5462077458422568,0.6744517769155906,0.48727105944739557,0.541632429339862,0.4432697463045481,0.38459356838184344
v7-pilots-humanitarian-large-high-high-high-random_geometric-private_fragmented-771105-always_act-always_on,humanitarian,large,high,high,high,random_geometric,private_fragmented,always_on,771105,always_act,30,HUM-17-transport,H01,redirect_vehicle,request_peer_evidence,send_targeted_summary,execute_autonomously,False,False,0.0,False,False,0.5582344033892808,0.27795616148695346,0.26984221610681014,1.0,0.0,0.8583860962672206,0.8805294189614677,0.02635895567162394,0.023501659002918673,0.016341495970700892,0.03885050159478698,0.9736410443283761,0.725,-0.03199910668797323,0.017776584703158127,0.5871996971523554,0.5582344033892808,0.47479282336279105,0.5225805488747828,0.43851121184757413,0.436098011968576
v7-pilots-humanitarian-large-high-high-high-random_geometric-private_fragmented-771105-always_act-always_on,humanitarian,large,high,high,high,random_geometric,private_fragmented,always_on,771105,always_act,30,HUM-18-local_authority,H04,cancel_risky_dispatch,request_peer_evidence,send_targeted_summary,execute_autonomously,True,False,0.0,False,False,0.5915281868887234,0.2232826841094128,0.24617909147159367,0.38157759178097017,0.0,0.8675772734271417,0.8858709717275881,0.019316940796922033,0.013043534254995937,0.020041148318827084,0.04887275995130447,0.980683059203078,0.3875,-0.06479104283119608,-0.013370578252901,0.3540982055695988,0.5915281868887234,0.48054931022796565,0.5251879435112186,0.40022843361924665,0.31655142474225534
v7-pilots-humanitarian-large-high-high-high-random_geometric-private_fragmented-771105-always_act-always_on,humanitarian,large,high,high,high,random_geometric,private_fragmented,always_on,771105,always_act,30,HUM-19-assessment,H07,no_operational_action,request_peer_evidence,send_targeted_summary,execute_autonomously,False,False,0.0,False,False,0.8311397746911108,0.2973365466367409,0.22439387384185502,0.4665605044548753,0.0,0.8435484888101683,0.8505273171919037,0.007334922667356469,0.005417188684685215,0.006875913906389863,0.021326890448112867,0.9926650773326435,0.725,0.016704577468262927,-0.003307803449963398,0.4799620444641477,0.8311397746911108,0.5536119238132855,0.5988578944858469,0.5264955788513981,0.4055621875247184
v7-pilots-humanitarian-large-high-high-high-random_geometric-private_fragmented-771105-always_act-always_on,humanitarian,large,high,high,high,random_geometric,private_fragmented,always_on,771105,always_act,30,HUM-20-clinic,H00,no_operational_action,request_peer_evidence,send_targeted_summary,execute_autonomously,False,False,0.0,False,False,0.7121770493537777,0.05171034428989163,0.0,0.03786475526301389,0.0,0.8892725004047013,0.8914036937308845,0.004342928371498855,0.0034178745108296438,0.003743833442896416,0.013121579210777723,0.9956570716285011,0.7916666666666666,-0.04365205123529936,-0.007519272227687002,0.33662773804340773,0.7121770493537777,0.5132690445627848,0.5651304727842994,0.4773924944623021,0.3205293552064144
v7-pilots-humanitarian-large-high-high-high-random_geometric-private_fragmented-771105-always_act-always_on,humanitarian,large,high,high,high,random_geometric,private_fragmented,always_on,771105,always_act,30,HUM-21-shelter,H03,allocate_shipment,request_peer_evidence,send_targeted_summary,execute_autonomously,False,False,0.0,False,False,0.8101489691710878,0.12752005686987566,0.4771940797012663,1.0,0.0,0.9469383304908491,0.9469383304908491,0.0,0.0,0.0,0.0,1.0,0.8333333333333334,0.07492174325813183,0.0,0.6728506495181699,0.8101489691710878,0.5607941702911474,0.6116353430175243,0.5069292337185236,0.45517504470123793
v7-pilots-humanitarian-large-high-high-high-random_geometric-private_fragmented-771105-always_act-always_on,humanitarian,large,high,high,high,random_geometric,private_fragmented,always_on,771105,always_act,30,HUM-22-depot,H06,redirect_vehicle,request_peer_evidence,send_targeted_summary,execute_autonomously,False,False,0.0,False,False,0.6207231116550407,0.1033151640396735,0.0,0.2668571983037772,0.0,0.855115674737021,0.9652876682666134,0.09296115626275625,0.07737450979520866,0.06467751797091892,0.06014765971111671,0.9070388437372437,0.2,0.06258173728487837,0.055917138102330455,0.4084915855556204,0.6207231116550407,0.5922137821141302,0.6323946517078314,0.3921281496560145,0.40338969061399177
v7-pilots-humanitarian-large-high-high-high-random_geometric-private_fragmented-771105-always_act-always_on,humanitarian,large,high,high,high,random_geometric,private_fragmented,always_on,771105,always_act,30,HUM-23-hub,H09,redirect_vehicle,request_peer_evidence,send_targeted_summary,execute_autonomously,False,False,0.0,False,False,0.6513657738552706,0.16440049103537668,0.1779935559821046,0.3633900117722621,0.0,0.9309855427564387,0.9309855427564387,0.0,0.0,0.0,0.0,1.0,0.8,0.022274883156837677,0.0,0.3940779659361349,0.6513657738552706,0.493292695231218,0.5436757124642462,0.4335736250192137,0.32998921809214726
v7-pilots-humanitarian-large-high-high-high-random_geometric-private_fragmented-771105-always_act-always_on,humanitarian,large,high,high,high,random_geometric,private_fragmented,always_on,771105,always_act,30,HUM-24-ngo,H02,redirect_vehicle,request_peer_evidence,send_targeted_summary,execute_autonomously,False,False,0.0,False,False,0.5763511712736441,0.23352143151699167,0.0,0.23508899391391458,0.0,0.8694913416327755,0.8694913416327755,0.0,0.0,0.0,0.0,1.0,0.8,-0.013935151317263306,0.0,0.3617807567723785,0.5763511712736441,0.4479133039176515,0.49787652840998187,0.4020674919349305,0.2935890072262901
v7-pilots-humanitarian-large-high-high-high-random_geometric-private_fragmented-771105-always_act-always_on,humanitarian,large,high,high,high,random_geometric,private_fragmented,always_on,771105,always_act,30,HUM-25-transport,H05,cancel_risky_dispatch,request_peer_evidence,send_targeted_summary,execute_autonomously,True,False,0.0,False,False,0.7739239988528636,0.0021335165919473265,0.36440997096217204,0.9210854549913665,0.0,0.9732274429648641,0.9808330052125025,0.018007143728483,0.01263229886806283,0.015765908822045205,0.02286853116550691,0.981992856271517,0.725,0.027092040162198017,0.005997050681106009,0.6175946688079016,0.7739239988528636,0.5780864615022376,0.6231558517784546,0.5048082468897732,0.4598225432963096
v7-pilots-humanitarian-large-high-high-high-random_geometric-private_fragmented-771105-always_act-always_on,humanitarian,large,high,high,high,random_geometric,private_fragmented,always_on,771105,always_act,30,HUM-26-local_authority,H08,cancel_risky_dispatch,request_peer_evidence,send_targeted_summary,execute_autonomously,True,False,0.0,False,False,0.8526808621111706,0.2748475268893176,0.39312201564601734,0.9760057909179936,0.0,0.8767209626347514,0.8767209626347514,0.0,0.0,0.0,0.0,1.0,0.8,-0.07837990975370568,0.0,0.6575528829381164,0.8526808621111706,0.5602525855031562,0.6089785960822408,0.5181259620866916,0.45987133630128696
v7-pilots-humanitarian-large-high-high-high-random_geometric-private_fragmented-771105-always_act-always_on,humanitarian,large,high,high,high,random_geometric,private_fragmented,always_on,771105,always_act,30,HUM-27-assessment,H01,no_operational_action,request_peer_evidence,send_targeted_summary,execute_autonomously,False,False,0.0,False,False,0.7667967269477889,0.20204932258197147,0.026636620876102426,0.6523978734690699,0.0,0.8274921210800438,0.8274921210800438,0.0,0.0,0.0,0.0,1.0,0.8,-0.0027007067596164225,0.0,0.5746863767948249,0.7667967269477889,0.5135917210491265,0.566276759487978,0.48205462531807136,0.3969908283616693
v7-pilots-humanitarian-large-high-high-high-random_geometric-private_fragmented-771105-always_act-always_on,humanitarian,large,high,high,high,random_geometric,private_fragmented,always_on,771105,always_act,30,HUM-28-clinic,H04,cancel_risky_dispatch,request_peer_evidence,send_targeted_summary,execute_autonomously,True,False,0.0,False,False,0.7497137226918198,0.029077202528609347,0.0,0.0,0.0,0.9297321133790769,0.9315445910457804,0.007866599476829106,0.006198771004734538,0.007075820019599055,0.043757296220410025,0.9921334005231709,0.725,0.05207819767621935,0.0016711091791662414,0.31630266571521876,0.7497137226918198,0.5433317566890579,0.596895075121089,0.5263908537855875,0.3449027594320416
v7-pilots-humanitarian-large-high-high-high-random_geometric-private_fragmented-771105-always_act-always_on,humanitarian,large,high,high,high,random_geometric,private_fragmented,always_on,771105,always_act,30,HUM-29-shelter,H07,allocate_shipment,request_peer_evidence,send_targeted_summary,execute_autonomously,False,False,0.0,False,False,0.8000233931940786,0.12901635340866227,0.3264756377398243,0.6247872384967277,0.0,0.9367808039514915,0.9367808039514915,0.0,0.0,0.0,0.0,1.0,0.8,0.0057683385449673885,0.0,0.5073568909252014,0.8000233931940786,0.5542045582655044,0.6053487154094483,0.49600982514151304,0.4029810187139493
v7-pilots-humanitarian-large-high-high-high-random_geometric-private_fragmented-771105-always_act-always_on,humanitarian,large,high,high,high,random_geometric,private_fragmented,always_on,771105,always_act,30,HUM-30-depot,H00,redirect_vehicle,request_peer_evidence,send_targeted_summary,execute_autonomously,False,False,0.0,False,False,0.6614450596003121,0.024231087887484404,0.0,0.0,0.0,0.8711540734847091,0.9028225772203508,0.020703401837688595,0.016679452416381246,0.015519603835099538,0.05510003556158882,0.9792965981623114,0.7916666666666666,-0.0713754403459167,0.0011829698510531506,0.3102913202641061,0.6614450596003121,0.5113513047840662,0.5608733122784154,0.5198923124190794,0.34796647376356704
v7-pilots-humanitarian-large-high-high-high-random_geometric-private_fragmented-771105-always_act-always_on,humanitarian,large,high,high,high,random_geometric,private_fragmented,always_on,771105,always_act,30,HUM-31-hub,H03,cancel_risky_dispatch,request_peer_evidence,send_targeted_summary,execute_autonomously,True,False,0.0,False,False,0.7725671031814852,0.0027587749957666274,0.24560761747112597,0.8695806959691341,0.0,0.9626280022569051,0.9613112634144084,0.009889149144012177,0.0076152525276499405,0.008039364781705305,0.0,0.9901108508559878,0.7916666666666666,0.04764355803844722,-0.0014860089591325343,0.6287721821142972,0.7725671031814852,0.5635286506384375,0.6128265842849725,0.48281151666955713,0.4327495236148452
v7-pilots-humanitarian-large-high-high-high-random_geometric-private_fragmented-771105-always_act-always_on,humanitarian,large,high,high,high,random_geometric,private_fragmented,always_on,771105,always_act,30,HUM-32-ngo,H06,redirect_vehicle,request_peer_evidence,send_targeted_summary,execute_autonomously,False,False,0.0,False,False,0.5342868929201993,0.33665809635168087,0.5333085070507952,1.0,0.0,0.8564916191953974,0.9512987150645283,0.06881500613270397,0.051550527087422915,0.06029916244357303,0.05312583103697338,0.931184993867296,0.5666666666666667,0.09874794453202751,0.04262065901686751,0.5550575435928677,0.5342868929201993,0.5241786705527146,0.5513110875800937,0.4184850915360166,0.4811567615315838
v7-pilots-humanitarian-large-high-high-high-random_geometric-private_fragmented-771105-always_act-always_on,humanitarian,large,high,high,high,random_geometric,private_fragmented,always_on,771105,always_act,30,HUM-33-transport,H09,redirect_vehicle,request_peer_evidence,send_targeted_summary,execute_autonomously,False,False,0.0,False,False,0.49639411291397095,0.3216579503465284,0.1918923737523393,0.3849331793161259,0.0,0.7884918442043369,0.828193035762592,0.026117992966040116,0.02097954397813584,0.024308410104956435,0.07258079922664507,0.9738820070339599,0.725,-0.033026153858458196,0.008926261299438298,0.3465579614266203,0.49639411291397095,0.43224579636912874,0.4756536054307279,0.4638083422483683,0.36485320548553896
v7-pilots-humanitarian-large-high-high-high-random_geometric-private_fragmented-771105-always_act-always_on,humanitarian,large,high,high,high,random_geometric,private_fragmented,always_on,771105,always_act,30,HUM-34-local_authority,H02,revise_delivery_priority,request_peer_evidence,send_targeted_summary,execute_autonomously,True,False,0.0,False,False,0.7805515893884546,0.06618017791594466,0.08388710713763209,0.3675250160633297,0.0,0.9425200681372011,0.9558829307698551,0.02808963405239795,0.02109527727448357,0.023329746934569573,0.043972063587489285,0.971910365947602,0.725,0.09118180677570986,0.020241893154630097,0.4629935442472737,0.7805515893884546,0.5871761404630392,0.6317267762750092,0.5396692041961346,0.4312077568967276
v7-pilots-humanitarian-large-high-high-high-random_geometric-private_fragmented-771105-always_act-always_on,humanitarian,large,high,high,high,random_geometric,private_fragmented,always_on,771105,always_act,30,HUM-35-assessment,H05,allocate_shipment,request_peer_evidence,send_targeted_summary,execute_autonomously,False,False,0.0,False,False,0.8057277388365909,0.1655195085166842,0.28828077206330105,0.8030851966981166,0.0,0.901472980016237,0.9244739125179346,0.030405338868446763,0.026829061487565586,0.02097459933596979,0.0,0.9695946611315532,0.725,0.02576654349704599,0.003614496963856406,0.6000878784119889,0.8057277388365909,0.590226814954521,0.6413602078215943,0.4834056503113682,0.44651758905571404
v7-pilots-humanitarian-large-high-high-high-random_geometric-private_fragmented-771105-always_act-always_on,humanitarian,large,high,high,high,random_geometric,private_fragmented,always_on,771105,always_act,30,HUM-36-clinic,H08,revise_delivery_priority,request_peer_evidence,send_targeted_summary,execute_autonomously,True,False,0.0,False,False,0.8050650544935913,0.142703878111189,0.0,0.26642381838786633,0.0,0.9079555874923813,0.9079555874923813,0.0,0.0,0.0,0.0,1.0,0.8,0.04723052538845007,0.0,0.471063834940909,0.8050650544935913,0.5490149186705319,0.6028462550189513,0.4981273228873084,0.3613890734647496
v7-pilots-humanitarian-large-high-high-high-random_geometric-private_fragmented-771105-always_act-always_on,humanitarian,large,high,high,high,random_geometric,private_fragmented,always_on,771105,always_act,30,HUM-37-shelter,H01,no_operational_action,request_peer_evidence,send_targeted_summary,execute_autonomously,False,False,0.0,False,False,0.749220375311793,0.060095164049352,0.14898955607325406,0.842044923024655,0.0,0.9013868172241635,0.9013868172241635,0.0,0.0,0.0,0.0,1.0,0.8,0.007203780089988121,0.0,0.6142257091319268,0.749220375311793,0.5250348544307581,0.5796323393098226,0.47467255763095306,0.4148270958502607
v7-pilots-humanitarian-large-high-high-high-random_geometric-private_fragmented-771105-always_act-always_on,humanitarian,large,high,high,high,random_geometric,private_fragmented,always_on,771105,always_act,30,HUM-38-depot,H04,release_emergency_reserve,request_peer_evidence,send_targeted_summary,execute_autonomously,False,False,0.0,False,False,0.7497185821515756,0.04233165222768878,0.13644444135911565,0.21148888410662925,0.0,0.9390976311743159,0.947936946638731,0.014744893373878964,0.012787985386319312,0.010659865874840913,0.02633566533890286,0.985255106626121,0.5666666666666667,0.08941805233424083,-0.027890362238593203,0.36706165011712677,0.7497185821515756,0.5553046913776397,0.6085646047163802,0.46824534915212745,0.3415391762198507
v7-pilots-humanitarian-large-high-high-high-random_geometric-private_fragmented-771105-always_act-always_on,humanitarian,large,high,high,high,random_geometric,private_fragmented,always_on,771105,always_act,30,HUM-39-hub,H07,redirect_vehicle,request_peer_evidence,send_targeted_summary,execute_autonomously,False,False,0.0,False,False,0.5771421523173341,0.17111078653779266,0.0,0.038612300591912105,0.0,0.8338944853489116,0.8338944853489116,0.0,0.0,0.0,0.0,1.0,0.8,-0.076647194604061,0.0,0.2908952839299525,0.5771421523173341,0.4393304822641616,0.4924591467104661,0.40239970397328034,0.270233278719883
v7-pilots-humanitarian-large-high-high-high-random_geometric-private_fragmented-771105-always_act-always_on,humanitarian,large,high,high,high,random_geometric,private_fragmented,always_on,771105,always_act,30,HUM-40-ngo,H00,redirect_vehicle,request_peer_evidence,send_targeted_summary,execute_autonomously,False,False,0.0,False,False,0.6296893876091783,0.12535401841165078,0.0,0.0,0.0,0.8887269867280178,0.9034130933493119,0.009253971484028733,0.006394704569608334,0.008821147767595905,0.021271128373165693,0.9907460285159713,0.7916666666666666,0.023005685407602283,-0.0020945922062426403,0.2994943917871206,0.6296893876091783,0.48701306180331594,0.5357561933791454,0.45513499125640006,0.3036413124469857
v7-pilots-humanitarian-large-high-high-high-random_geometric-private_fragmented-771105-always_act-always_on,humanitarian,large,high,high,high,random_geometric,private_fragmented,always_on,771105,always_act,30,HUM-41-transport,H03,redirect_vehicle,request_peer_evidence,send_targeted_summary,execute_autonomously,False,False,0.0,False,False,0.6958860686143692,0.12249985527556484,0.0,0.48739780978670116,0.0,0.9300146695643231,0.9595910706584972,0.033180324955283,0.026970101258257495,0.02488531735587185,0.047379069008210206,0.966819675044717,0.7916666666666666,0.1251713383536579,0.02217372521528349,0.5109767376776938,0.6958860686143692,0.5573105497742247,0.605290541606026,0.5226216670438479,0.43868058914646924
v7-pilots-humanitarian-large-high-high-high-random_geometric-private_fragmented-771105-always_act-always_on,humanitarian,large,high,high,high,random_geometric,private_fragmented,always_on,771105,always_act,30,HUM-42-local_authority,H06,revise_delivery_priority,request_peer_evidence,send_targeted_summary,execute_autonomously,True,False,0.0,False,False,0.6517202405837066,0.0789166713568561,0.0,0.19112576230363904,0.0,0.9008474991822274,0.9501206402491775,0.03989619779386577,0.03364921561628664,0.025876824523219932,0.04964642399237761,0.9601038022061342,0.5666666666666667,0.06953671116605664,0.025577965394806057,0.4008550647513336,0.6517202405837066,0.5417546479404516,0.587941759064839,0.4625183988469041,0.37067199184493166
v7-pilots-humanitarian-large-high-high-high-random_geometric-private_fragmented-771105-always_act-always_on,humanitarian,large,high,high,high,random_geometric,private_fragmented,always_on,771105,always_act,30,HUM-43-assessment,H09,no_operational_action,request_peer_evidence,send_targeted_summary,execute_autonomously,False,False,0.0,False,False,0.7175230312790334,0.1053376531083215,0.11134315469914541,0.2600818897836754,0.0,0.8392718741757859,0.8392718741757859,0.0,0.0,0.0,0.0,1.0,0.8,-0.0916854648312907,0.0,0.39177748418295344,0.7175230312790334,0.49682718105555984,0.5520231251119596,0.46135967313719406,0.33611627553217044
v7-pilots-humanitarian-large-high-high-high-random_geometric-private_fragmented-771105-always_act-always_on,humanitarian,large,high,high,high,random_geometric,private_fragmented,always_on,771105,always_act,30,HUM-44-clinic,H02,no_operational_action,request_peer_evidence,send_targeted_summary,execute_autonomously,False,False,0.0,False,False,0.8267750200501246,0.18853089918276508,0.0,0.16561153580106097,0.0,0.922997679122995,0.922997679122995,0.0,0.0,0.0,0.0,1.0,0.8,0.002265958880120933,0.0,0.430250275409297,0.8267750200501246,0.5614594278007986,0.6118597018317169,0.5072455084210523,0.35537038991016223
v7-pilots-humanitarian-large-high-high-high-random_geometric-private_fragmented-771105-always_act-always_on,humanitarian,large,high,high,high,random_geometric,private_fragmented,always_on,771105,always_act,30,HUM-45-shelter,H05,allocate_shipment,request_peer_evidence,send_targeted_summary,execute_autonomously,False,False,0.0,False,False,0.7896038979748906,0.16722252628418996,0.0,0.26386171507975,0.0,0.8995380561275831,0.9150998072475556,0.020208097318132556,0.014389321366096497,0.017474286104831704,0.0,0.9797919026818674,0.725,0.041686192418622814,0.01370140214513571,0.4651921369306028,0.7896038979748906,0.5690174094672377,0.6133555480712367,0.47663363714945406,0.37689228460039853
v7-pilots-humanitarian-large-high-high-high-random_geometric-private_fragmented-771105-always_act-always_on,humanitarian,large,high,high,high,random_geometric,private_fragmented,always_on,771105,always_act,30,HUM-46-depot,H08,redirect_vehicle,request_peer_evidence,send_targeted_summary,execute_autonomously,False,False,0.0,False,False,0.45438421909186333,0.4025409959120172,0.0,0.3244014111700301,0.0,0.7697578653754052,0.7697578653754052,0.0,0.0,0.0,0.0,1.0,0.8,-0.14752123273970197,0.0,0.36574697317204075,0.45438421909186333,0.37419315398059666,0.417063279040387,0.3508413720185826,0.27015575068612535
v7-pilots-humanitarian-large-high-high-high-random_geometric-private_fragmented-771105-always_act-always_on,humanitarian,large,high,high,high,random_geometric,private_fragmented,always_on,771105,always_act,30,HUM-47-hub,H01,redirect_vehicle,request_peer_evidence,send_targeted_summary,execute_autonomously,False,False,0.0,False,False,0.5452657130745489,0.2819769943674053,0.0,0.5203465943686724,0.0,0.8581426857591739,0.8581426857591739,0.0,0.0,0.0,0.0,1.0,0.8,-0.04633735513777526,0.0,0.467673525093828,0.5452657130745489,0.432641956669613,0.47986869782788555,0.38901159949131053,0.3191159909851144
v7-pilots-humanitarian-large-high-high-high-random_geometric-private_fragmented-771105-always_act-always_on,humanitarian,large,high,high,high,random_geometric,private_fragmented,always_on,771105,always_act,30,HUM-48-ngo,H04,no_operational_action,request_peer_evidence,send_targeted_summary,execute_autonomously,False,False,0.0,False,False,0.758421233020617,0.003282359923323902,0.1543818627285737,0.23929188722928926,0.0,0.9522042761559714,0.9667249820406477,0.025457685536870334,0.020839886741451985,0.01764386706382004,0.03369476169602548,0.9745423144631297,0.3875,0.1093964646776141,-0.0441347548654335,0.3766932721620393,0.758421233020617,0.5770603219988582,0.6251365678108,0.4472529556466179,0.3386088604548247
v7-pilots-humanitarian-large-high-high-high-random_geometric-private_fragmented-771105-always_act-always_on,humanitarian,large,high,high,high,random_geometric,private_fragmented,always_on,771105,always_act,30,HUM-49-transport,H07,cancel_risky_dispatch,request_peer_evidence,send_targeted_summary,execute_autonomously,True,False,0.0,False,False,0.5705471531441152,0.2039576316794503,0.15983934620726983,0.3665009866212683,0.0,0.8588720742212529,0.8588720742212529,0.0,0.0,0.0,0.0,1.0,0.8,-0.07352281753269219,0.0,0.36734626885810356,0.5705471531441152,0.4429368798129593,0.49247076348977836,0.3996298043205284,0.3077333212749045
v7-pilots-humanitarian-large-high-high-high-random_geometric-private_fragmented-771105-always_act-always_on,humanitarian,large,high,high,high,random_geometric,private_fragmented,always_on,771105,always_act,30,HUM-50-local_authority,H00,no_operational_action,request_peer_evidence,send_targeted_summary,execute_autonomously,False,False,0.0,False,False,0.7266714820006135,0.05742989433773127,0.3357190327328131,0.6346502150215747,0.0,0.8960436286072104,0.9132117075976911,0.013786584040036187,0.013666370174910791,0.0069196900616412815,0.03139725722877795,0.9862134159599638,0.7916666666666666,-0.029834576516988953,0.0063434338519179345,0.4847843554853865,0.7266714820006135,0.5339807176080987,0.5888667685759549,0.5112591867613334,0.42214051297642785
v7-pilots-humanitarian-large-high-high-high-random_geometric-private_fragmented-771105-always_act-always_on,humanitarian,large,high,high,high,random_geometric,private_fragmented,always_on,771105,always_act,30,HUM-51-assessment,H03,no_operational_action,request_peer_evidence,send_targeted_summary,execute_autonomously,False,False,0.0,False,False,0.7853306648096997,0.07922979969848384,0.032146859430489436,0.5387165210061474,0.0,0.9302832810462336,0.9302832810462336,0.0,0.0,0.0,0.0,1.0,0.8333333333333334,0.06730004317785365,0.0,0.5537043910767733,0.7853306648096997,0.5467030861854383,0.5991313895485506,0.49650554588674056,0.392871902000787
v7-pilots-humanitarian-large-high-high-high-random_geometric-private_fragmented-771105-always_act-always_on,humanitarian,large,high,high,high,random_geometric,private_fragmented,always_on,771105,always_act,35,HUM-00-ngo,H10,release_emergency_reserve,request_peer_evidence,negotiate_commitment,execute_autonomously,True,False,0.0,False,False,0.6982859086896986,0.10589559253206296,0.7368810119295315,0.42080486195897004,1.0,0.9404888710496757,0.9447409543561885,0.003012630871659816,0.002495374662114358,0.0019754385909732664,0.015658144613411085,0.9969873691283402,0.7916666666666666,0.06785310619344043,-0.014334404368484543,0.6198103758246504,0.6982859086896986,0.5186542644586222,0.5705615338789398,0.4754137947953916,0.3629647337062677
v7-pilots-humanitarian-large-high-high-high-random_geometric-private_fragmented-771105-always_act-always_on,humanitarian,large,high,high,high,random_geometric,private_fragmented,always_on,771105,always_act,35,HUM-01-transport,H13,redirect_vehicle,request_peer_evidence,negotiate_commitment,execute_autonomously,True,False,0.0,False,False,0.6372531369940844,0.09755894342078186,0.6444011991588289,0.40600896639103484,1.0,0.8499800827874506,0.8499800827874506,0.0,0.0,0.0,0.0,1.0,0.8333333333333334,-0.07506316341125119,0.0,0.6195082185118371,0.6372531369940844,0.4673962754944964,0.5241801129870337,0.43431298420418213,0.3354852876586012
v7-pilots-humanitarian-large-high-high-high-random_geometric-private_fragmented-771105-always_act-always_on,humanitarian,large,high,high,high,random_geometric,private_fragmented,always_on,771105,always_act,35,HUM-02-local_authority,H16,release_emergency_reserve,request_peer_evidence,negotiate_commitment,execute_autonomously,False,False,0.0,False,False,0.8155661423541871,0.3262686788016674,0.746533525856605,0.9204261288081346,1.0,0.7944044192000017,0.8095905602766804,0.00748466256156155,0.00568753985398518,0.007879896222356964,0.04141987490229737,0.9925153374384384,0.725,-0.12047204441179549,0.00748466256156155,0.8755947593143759,0.8155661423541871,0.5353060893278615,0.5793488143114065,0.5504959896402506,0.47675135712756544
v7-pilots-humanitarian-large-high-high-high-random_geometric-private_fragmented-771105-always_act-always_on,humanitarian,large,high,high,high,random_geometric,private_fragmented,always_on,771105,always_act,35,HUM-03-assessment,H19,revise_delivery_priority,request_peer_evidence,negotiate_commitment,execute_autonomously,True,False,0.0,False,False,0.7982842049298511,0.10435185691442589,1.0,1.0,1.0,0.9204575308833649,0.9299596948062989,0.008962156098954344,0.00969143616855861,0.003939793897778987,0.04251301620182634,0.9910378439010457,0.725,-0.04706055444310109,-0.00656344219838334,0.8408166296761492,0.7982842049298511,0.5619750832313177,0.6190489961943705,0.5448991506973134,0.4762347858799016
v7-pilots-humanitarian-large-high-high-high-random_geometric-private_fragmented-771105-always_act-always_on,humanitarian,large,high,high,high,random_geometric,private_fragmented,always_on,771105,always_act,35,HUM-04-clinic,H12,allocate_shipment,request_peer_evidence,negotiate_commitment,execute_autonomously,False,False,0.0,False,False,0.6676722283160066,0.10963367427982329,0.774679493610867,0.5232506853321823,1.0,0.908246370053054,0.908246370053054,0.0,0.0,0.0,0.0,1.0,0.8,-0.0065865645952901675,0.0,0.681988722107166,0.6676722283160066,0.4941304838396662,0.5474072178039804,0.4404223358927228,0.3537383061683438
v7-pilots-humanitarian-large-high-high-high-random_geometric-private_fragmented-771105-always_act-always_on,humanitarian,large,high,high,high,random_geometric,private_fragmented,always_on,771105,always_act,35,HUM-05-shelter,H15,allocate_shipment,request_peer_evidence,negotiate_commitment,execute_autonomously,False,False,0.0,False,False,0.7778530990136305,0.20367580759467102,0.7680414450063036,0.36584662224317205,1.0,0.8558054531285954,0.8558054531285954,0.0,0.0,0.0,0.0,1.0,0.8,-0.07741014563519988,0.0,0.6576732430029957,0.7778530990136305,0.5250926028876011,0.5755901597349725,0.48669830158572486,0.36570046239299725
v7-pilots-humanitarian-large-high-high-high-random_geometric-private_fragmented-771105-always_act-always_on,humanitarian,large,high,high,high,random_geometric,private_fragmented,always_on,771105,always_act,35,HUM-06-depot,H18,redirect_vehicle,request_peer_evidence,negotiate_commitment,execute_autonomously,True,False,0.0,False,False,0.7067785914150855,0.03863279915067491,0.7759989669820082,0.8550267967632448,1.0,0.9275537358477213,0.9275537358477213,0.0,0.0,0.0,0.0,1.0,0.8,-0.012172042259032123,0.0,0.7989111523043078,0.7067785914150855,0.5145998705279645,0.5674015055811132,0.4568470083943359,0.4045012212078133
v7-pilots-humanitarian-large-high-high-high-random_geometric-private_fragmented-771105-always_act-always_on,humanitarian,large,high,high,high,random_geometric,private_fragmented,always_on,771105,always_act,35,HUM-07-hub,H11,redirect_vehicle,request_peer_evidence,negotiate_commitment,execute_autonomously,True,True,3.030523443824602,True,False,0.6218224199349098,0.2263888366691201,0.5050439975528332,0.1460459388828318,1.0,0.9197004286982685,0.9261221750908303,0.0019619105593042807,0.0013115370584538821,0.002112968267920623,0.007733809219936827,0.9980380894406957,0.725,-0.0031701572230350417,-0.01077068229195588,0.551870648109749,0.6218224199349098,0.48140074993155707,0.5300406120691357,0.41792080638696605,0.2934878233150532
v7-pilots-humanitarian-large-high-high-high-random_geometric-private_fragmented-771105-always_act-always_on,humanitarian,large,high,high,high,random_geometric,private_fragmented,always_on,771105,always_act,35,HUM-08-ngo,H14,redirect_vehicle,request_peer_evidence,negotiate_commitment,execute_autonomously,True,True,6.376480147344333,True,False,0.5706461186807777,0.25580521362454994,0.9673284217701963,1.0,1.0,0.8610200536772658,0.8646565483938844,0.0032279716722760643,0.0024156696327134464,0.0028485160858590097,0.0,0.9967720283277239,0.725,-0.10589852575383285,-0.021161904196741355,0.7874196803514644,0.5706461186807777,0.44803262123281407,0.49767544610583114,0.38467136984592665,0.377093022109792
v7-pilots-humanitarian-large-high-high-high-random_geometric-private_fragmented-771105-always_act-always_on,humanitarian,large,high,high,high,random_geometric,private_fragmented,always_on,771105,always_act,35,HUM-09-transport,H17,redirect_vehicle,request_peer_evidence,negotiate_commitment,execute_autonomously,True,False,0.0,False,False,0.6009291548384016,0.23317459755419984,0.7932812880219505,0.8571964348467288,1.0,0.8958360662427267,0.8987337115107428,0.0010653048885168603,0.0008338025988000597,0.0008267365699183848,0.00567056399366872,0.9989346951114831,0.725,-0.0699712340211428,-0.03692667289493867,0.7634430570082714,0.6009291548384016,0.46582210533996593,0.51553769860911,0.4060095023025051,0.3704714930244158
v7-pilots-humanitarian-large-high-high-high-random_geometric-private_fragmented-771105-always_act-always_on,humanitarian,large,high,high,high,random_geometric,private_fragmented,always_on,771105,always_act,35,HUM-10-local_authority,H10,revise_delivery_priority,request_peer_evidence,negotiate_commitment,execute_autonomously,True,False,0.0,False,False,0.7313572904293423,0.04575961666711981,0.9328145882589387,0.7245019052695512,1.0,0.9409530652255044,0.9421547910080261,0.0030057193544097416,0.0023043341304040954,0.0024404027525575245,0.01691739068163456,0.9969942806455903,0.7916666666666666,-0.020569967636834163,-0.0069676340927963265,0.7039419360106687,0.7313572904293423,0.5319891895742866,0.5844303420103334,0.4912178291497416,0.40972559631087413
v7-pilots-humanitarian-large-high-high-high-random_geometric-private_fragmented-771105-always_act-always_on,humanitarian,large,high,high,high,random_geometric,private_fragmented,always_on,771105,always_act,35,HUM-11-assessment,H13,no_operational_action,request_peer_evidence,send_targeted_summary,execute_autonomously,False,False,0.0,False,False,0.7657416734794993,0.056328332108348034,0.6750310009209608,0.45348515912233917,1.0,0.9273662137697593,0.9316007140647573,0.005216037626927017,0.004492141249313519,0.0031989533495973,0.02192757216885821,0.994783962373073,0.6666666666666666,-0.03632590086135801,-0.01230184930517686,0.6745886071723912,0.7657416734794993,0.5454406755119373,0.5984085493158786,0.48827474589138753,0.375963030729456
v7-pilots-humanitarian-large-high-high-high-random_geometric-private_fragmented-771105-always_act-always_on,humanitarian,large,high,high,high,random_geometric,private_fragmented,always_on,771105,always_act,35,HUM-12-clinic,H16,allocate_shipment,request_peer_evidence,negotiate_commitment,execute_autonomously,True,False,0.0,False,False,0.7507405774933767,0.15011246730795688,0.786344428186235,0.9821330274190608,1.0,0.8727339562410262,0.8992343939246945,0.01849383419304418,0.01423218640138757,0.015092259950983733,0.037787326172041044,0.9815061658069558,0.3875,-0.04342573444976694,-0.050167210408812224,0.8683637229283228,0.7507405774933767,0.544371087927869,0.5905127171705252,0.4502477783287206,0.4230718836726522
v7-pilots-humanitarian-large-high-high-high-random_geometric-private_fragmented-771105-always_act-always_on,humanitarian,large,high,high,high,random_geometric,private_fragmented,always_on,771105,always_act,35,HUM-13-shelter,H19,cancel_risky_dispatch,request_peer_evidence,negotiate_commitment,execute_autonomously,True,False,0.0,False,False,0.7631014333647745,0.14614440298123557,0.6264862553904724,0.4736988789531819,1.0,0.8860511463682099,0.8860511463682099,0.0,0.0,0.0,0.0,1.0,0.8,-0.054772863927428084,0.0,0.702542218292787,0.7631014333647745,0.5267533599379624,0.5781666081972341,0.4805026020132053,0.3745122668165187
v7-pilots-humanitarian-large-high-high-high-random_geometric-private_fragmented-771105-always_act-always_on,humanitarian,large,high,high,high,random_geometric,private_fragmented,always_on,771105,always_act,35,HUM-14-depot,H12,redirect_vehicle,request_peer_evidence,negotiate_commitment,execute_autonomously,False,False,0.0,False,False,0.6194154884187238,0.17097956071650733,0.9862633688588501,0.8512056919665562,1.0,0.9004129778756558,0.9065420973086549,0.003895125504477237,0.0030001531979068075,0.0030655398318490956,0.019594340878946626,0.9961048744955228,0.725,-0.07571412031873925,-0.05836132089004287,0.7442906321343395,0.6194154884187238,0.47832261554267164,0.5279995425889852,0.4349379032718629,0.3876518901362874
v7-pilots-humanitarian-large-high-high-high-random_geometric-private_fragmented-771105-always_act-always_on,humanitarian,large,high,high,high,random_geometric,private_fragmented,always_on,771105,always_act,35,HUM-15-hub,H15,redirect_vehicle,request_peer_evidence,negotiate_commitment,execute_autonomously,False,False,0.0,False,False,0.6681871936247944,0.12875552618182062,0.7170448935800879,0.28680196753253767,1.0,0.9248591071216613,0.9242006687200256,0.0013586636689396636,0.001225289533183349,0.0008649312359714223,0.014416410135695168,0.9986413363310603,0.725,-0.035461894685672846,-0.022645844852801966,0.6014161180402392,0.6681871936247944,0.5003917833668486,0.5523505565585098,0.4475515647286703,0.3274418017043004
v7-pilots-humanitarian-large-high-high-high-random_geometric-private_fragmented-771105-always_act-always_on,humanitarian,large,high,high,high,random_geometric,private_fragmented,always_on,771105,always_act,35,HUM-16-ngo,H18,redirect_vehicle,request_peer_evidence,send_targeted_summary,execute_autonomously,False,False,0.0,False,False,0.619148181003074,0.18273676156092428,1.0,1.0,1.0,0.9021060754455043,0.9021060754455043,0.0,0.0,0.0,0.0,1.0,0.8,-0.052551933003513795,0.0,0.8039103815410451,0.619148181003074,0.4731857912626057,0.5239063562767701,0.4200422360212911,0.3973614906808607
v7-pilots-humanitarian-large-high-high-high-random_geometric-private_fragmented-771105-always_act-always_on,humanitarian,large,high,high,high,random_geometric,private_fragmented,always_on,771105,always_act,35,HUM-17-transport,H11,redirect_vehicle,request_peer_evidence,send_targeted_summary,execute_autonomously,False,False,0.0,False,False,0.6609641797215595,0.13334397791440736,0.5273969785852375,0.1806930594830583,1.0,0.9224201987528571,0.9320174705140988,0.009501588630114521,0.007854794335062754,0.006264229834650359,0.046508307050627584,0.9904984113698855,0.725,-0.05407255297024427,-0.0016166636376927501,0.5734941553812642,0.6609641797215595,0.5082929456589984,0.5584637967198701,0.49329758220000886,0.34317416857236194
v7-pilots-humanitarian-large-high-high-high-random_geometric-private_fragmented-771105-always_act-always_on,humanitarian,large,high,high,high,random_geometric,private_fragmented,always_on,771105,always_act,35,HUM-18-local_authority,H14,revise_delivery_priority,request_peer_evidence,send_targeted_summary,execute_autonomously,True,False,0.0,False,False,0.723086436430141,0.05186204895850302,0.8726236532806426,0.9747404865336127,1.0,0.962251152278547,0.9661647052697552,0.004867637414940673,0.0038712942691471186,0.003368887494868522,0.010032520751859342,0.9951323625850593,0.3875,-0.010147737341101415,-0.03311078653981081,0.8331871051543149,0.723086436430141,0.5366120550226101,0.5864449108744672,0.39644573484348544,0.3814155737596839
v7-pilots-humanitarian-large-high-high-high-random_geometric-private_fragmented-771105-always_act-always_on,humanitarian,large,high,high,high,random_geometric,private_fragmented,always_on,771105,always_act,35,HUM-19-assessment,H17,revise_delivery_priority,request_peer_evidence,send_targeted_summary,execute_autonomously,True,False,0.0,False,False,0.7083295481944287,0.05767569091015817,0.8663824690344517,0.9705032654161057,1.0,0.8851368169524652,0.8899663031653078,0.002385484513762859,0.0020848544115181777,0.0014866189653877093,0.012177301055615208,0.9976145154862371,0.725,-0.04887587636264046,-0.006977130022326805,0.8271528300859711,0.7083295481944287,0.5079557018351558,0.5598821446448947,0.46100790784619516,0.41998057092207475
v7-pilots-humanitarian-large-high-high-high-random_geometric-private_fragmented-771105-always_act-always_on,humanitarian,large,high,high,high,random_geometric,private_fragmented,always_on,771105,always_act,35,HUM-20-clinic,H10,allocate_shipment,request_peer_evidence,send_targeted_summary,execute_autonomously,False,False,0.0,False,False,0.845894342453799,0.2897687172581384,0.655828415211353,0.2951733370457935,1.0,0.8731294128293973,0.8906247249455878,0.011894411785285386,0.008476010657007094,0.011421481769052333,0.05464762448471305,0.9881055882147146,0.7916666666666666,-0.02037086541643196,0.011894411785285386,0.6398456773252822,0.845894342453799,0.5732922666882685,0.6164731167414876,0.5966733463806928,0.4360006750461363
v7-pilots-humanitarian-large-high-high-high-random_geometric-private_fragmented-771105-always_act-always_on,humanitarian,large,high,high,high,random_geometric,private_fragmented,always_on,771105,always_act,35,HUM-21-shelter,H13,cancel_risky_dispatch,request_peer_evidence,send_targeted_summary,execute_autonomously,True,False,0.0,False,False,0.8529761195344383,0.2734198548264525,0.6572845581805832,0.4259781728747539,1.0,0.8876738755213087,0.8876738755213087,0.0,0.0,0.0,0.0,1.0,0.8333333333333334,0.02113846939770425,0.0,0.69764664213165,0.8529761195344383,0.5631089166941026,0.6116529591110693,0.5249166368711308,0.39828402754794656
v7-pilots-humanitarian-large-high-high-high-random_geometric-private_fragmented-771105-always_act-always_on,humanitarian,large,high,high,high,random_geometric,private_fragmented,always_on,771105,always_act,35,HUM-22-depot,H16,redirect_vehicle,request_peer_evidence,send_targeted_summary,execute_autonomously,False,False,0.0,False,False,0.6962273752944774,0.13120945875498896,0.9312538581338208,1.0,1.0,0.9568502292651823,0.9641037186112387,0.01217128820154545,0.010204651311291224,0.007719179523104747,0.02103238130382952,0.9878287117984546,0.2,0.004576211248242701,-0.020727663766839988,0.8541173076001223,0.6962273752944774,0.5347433109162502,0.5837806989196372,0.36438471720550136,0.36683989837835285
v7-pilots-humanitarian-large-high-high-high-random_geometric-private_fragmented-771105-always_act-always_on,humanitarian,large,high,high,high,random_geometric,private_fragmented,always_on,771105,always_act,35,HUM-23-hub,H19,cancel_risky_dispatch,request_peer_evidence,send_targeted_summary,execute_autonomously,True,False,0.0,False,False,0.7121122499883807,0.0056232439119996425,0.6059221831185856,0.4418245669317573,1.0,0.8619996434793107,0.8619996434793107,0.0,0.0,0.0,0.0,1.0,0.8,0.024876835077149106,0.0,0.6775560610596711,0.7121122499883807,0.50034481086518,0.5584069323422589,0.45908714499511993,0.3564103780285576
v7-pilots-humanitarian-large-high-high-high-random_geometric-private_fragmented-771105-always_act-always_on,humanitarian,large,high,high,high,random_geometric,private_fragmented,always_on,771105,always_act,35,HUM-24-ngo,H12,redirect_vehicle,request_peer_evidence,send_targeted_summary,execute_autonomously,False,False,0.0,False,False,0.6031263880427946,0.22614913453241461,1.0,1.0,1.0,0.8953614987978938,0.8953614987978938,0.0,0.0,1.1102230246251565e-16,0.0,1.0,0.8,-0.050138603888361666,0.0,0.77446297193455,0.6031263880427946,0.4650909299165913,0.5154717870467281,0.41331308297797376,0.39287538865198257
v7-pilots-humanitarian-large-high-high-high-random_geometric-private_fragmented-771105-always_act-always_on,humanitarian,large,high,high,high,random_geometric,private_fragmented,always_on,771105,always_act,35,HUM-25-transport,H15,redirect_vehicle,request_peer_evidence,send_targeted_summary,execute_autonomously,False,False,0.0,False,False,0.6446442902071157,0.13863824621873594,0.7954447915436619,0.4083218093760773,1.0,0.8926913847750234,0.8964942075276668,0.0015420550572531333,0.0014059410213257406,0.000926191615803873,0.00810697829037399,0.9984579449427469,0.725,0.006406154243708828,-0.05367785306621853,0.622576292920678,0.6446442902071157,0.4831894393567565,0.5362330815250389,0.428073208888357,0.33098725147960806
v7-pilots-humanitarian-large-high-high-high-random_geometric-private_fragmented-771105-always_act-always_on,humanitarian,large,high,high,high,random_geometric,private_fragmented,always_on,771105,always_act,35,HUM-26-local_authority,H18,cancel_risky_dispatch,request_peer_evidence,send_targeted_summary,execute_autonomously,True,False,0.0,False,False,0.7739025104444337,0.15913613687200684,0.5305133616341483,0.474524108474062,1.0,0.883356306640235,0.883356306640235,0.0,0.0,0.0,0.0,1.0,0.8,-0.04017277203410852,0.0,0.7304126395848823,0.7739025104444337,0.5304000808378322,0.5822761870814441,0.48503905438666217,0.3776355959413289
v7-pilots-humanitarian-large-high-high-high-random_geometric-private_fragmented-771105-always_act-always_on,humanitarian,large,high,high,high,random_geometric,private_fragmented,always_on,771105,always_act,35,HUM-27-assessment,H11,no_operational_action,request_peer_evidence,send_targeted_summary,execute_autonomously,False,False,0.0,False,False,0.8031505310031556,0.15026247779013294,1.0,1.0,1.0,0.9246323442298753,0.9246323442298753,0.0,0.0,0.0,0.0,1.0,0.8,0.05166906773728541,0.0,0.8184711805410729,0.8031505310031556,0.552418298458731,0.6037132551763684,0.49732322302132537,0.4488821486808836
v7-pilots-humanitarian-large-high-high-high-random_geometric-private_fragmented-771105-always_act-always_on,humanitarian,large,high,high,high,random_geometric,private_fragmented,always_on,771105,always_act,35,HUM-28-clinic,H14,no_operational_action,request_peer_evidence,send_targeted_summary,execute_autonomously,False,False,0.0,False,False,0.7421316489476392,0.13422000278529372,0.8568301183459488,0.9502605073848371,1.0,0.8725564299233647,0.8788725696116232,0.00234266566500152,0.0018225930484792041,0.0019350255550724116,0.012475921210686858,0.9976573343349985,0.725,-0.05869097975510473,0.00234266566500152,0.8337872824145582,0.7421316489476392,0.518271498990899,0.5689069153988922,0.47565869279825246,0.4292094110583155
v7-pilots-humanitarian-large-high-high-high-random_geometric-private_fragmented-771105-always_act-always_on,humanitarian,large,high,high,high,random_geometric,private_fragmented,always_on,771105,always_act,35,HUM-29-shelter,H17,no_operational_action,request_peer_evidence,send_targeted_summary,execute_autonomously,False,False,0.0,False,False,0.8527804543019892,0.23043360918644235,0.7110671959842734,0.7297645921883292,1.0,0.9085033692982691,0.9085033692982691,0.0,0.0,0.0,0.0,1.0,0.8,0.0880352682018054,0.0,0.8184888565878753,0.8527804543019892,0.568238024045363,0.6179074655951207,0.5181677908068355,0.43035027826715655
v7-pilots-humanitarian-large-high-high-high-random_geometric-private_fragmented-771105-always_act-always_on,humanitarian,large,high,high,high,random_geometric,private_fragmented,always_on,771105,always_act,35,HUM-30-depot,H10,release_emergency_reserve,request_peer_evidence,send_targeted_summary,execute_autonomously,False,False,0.0,False,False,0.6210277409657522,0.1959936382716591,0.3058840410991306,0.0,1.0,0.9080993884653834,0.9101953279890433,0.004301150756362504,0.0033139935865184045,0.0034457165450149096,0.023422024313816125,0.9956988492436375,0.7916666666666666,-0.05702331648936865,0.0023002946516884615,0.49254943192835576,0.6210277409657522,0.48145755456155426,0.5308674565861229,0.45476646149594974,0.29964561477519736
v7-pilots-humanitarian-large-high-high-high-random_geometric-private_fragmented-771105-always_act-always_on,humanitarian,large,high,high,high,random_geometric,private_fragmented,always_on,771105,always_act,35,HUM-31-hub,H13,redirect_vehicle,request_peer_evidence,send_targeted_summary,execute_autonomously,False,False,0.0,False,False,0.6169524198949268,0.10319362861518033,0.8238234263068231,0.6841134184704258,1.0,0.8485619122366048,0.8501293934540057,0.0013176983045151136,0.0011274168276244056,0.0009452150337767584,0.0,0.9986823016954849,0.7916666666666666,-0.008916531246977777,-0.02102195179027133,0.6793510431971773,0.6169524198949268,0.4607662236434431,0.5148266234565706,0.41745334968920256,0.3589502508568257
v7-pilots-humanitarian-large-high-high-high-random_geometric-private_fragmented-771105-always_act-always_on,humanitarian,large,high,high,high,random_geometric,private_fragmented,always_on,771105,always_act,35,HUM-32-ngo,H16,release_emergency_reserve,request_peer_evidence,send_targeted_summary,execute_autonomously,False,False,0.0,False,False,0.5883922580344085,0.22048757263395474,0.9867837422563357,1.0,1.0,0.8790404690370097,0.8917125648504132,0.008944501804578175,0.00718539431102827,0.00728021219503272,0.02877792101311114,0.9910554981954218,0.5666666666666667,-0.09309006245527707,0.008944501804578175,0.8174533677316989,0.5883922580344085,0.4676393229994253,0.515982966037553,0.40420052164771386,0.39483918805844564
v7-pilots-humanitarian-large-high-high-high-random_geometric-private_fragmented-771105-always_act-always_on,humanitarian,large,high,high,high,random_geometric,private_fragmented,always_on,771105,always_act,35,HUM-33-transport,H19,redirect_vehicle,request_peer_evidence,send_targeted_summary,execute_autonomously,False,False,0.0,False,False,0.5482350027275167,0.25716449489851,1.0,1.0,1.0,0.8552525744355072,0.8637840331272686,0.002880390226594365,0.0021727126653753315,0.002744791544580405,0.015619287912809863,0.9971196097734056,0.725,-0.10614075438743642,-0.029116742320052902,0.7557999009273556,0.5482350027275167,0.4371396910171156,0.48400306631071555,0.39900001877302793,0.381921941833666
v7-pilots-humanitarian-large-high-high-high-random_geometric-private_fragmented-771105-always_act-always_on,humanitarian,large,high,high,high,random_geometric,private_fragmented,always_on,771105,always_act,35,HUM-34-local_authority,H12,revise_delivery_priority,request_peer_evidence,send_targeted_summary,execute_autonomously,True,False,0.0,False,False,0.8493940100777049,0.10625993457186503,1.0,0.9442250394952568,1.0,0.9366713335611582,0.9372735066590515,0.0005555374344868858,0.0004696967000554775,0.0003533314585871805,0.0030328975087682286,0.9994444625655131,0.725,-0.03308330704044515,-0.037076535900390506,0.8448079729052812,0.8493940100777049,0.5747031898296531,0.6259537152848831,0.5063554884459637,0.4480779484713345
v7-pilots-humanitarian-large-high-high-high-random_geometric-private_fragmented-771105-always_act-always_on,humanitarian,large,high,high,high,random_geometric,private_fragmented,always_on,771105,always_act,35,HUM-35-assessment,H15,allocate_shipment,request_peer_evidence,send_targeted_summary,execute_autonomously,False,False,0.0,False,False,0.8098342749548479,0.16368547898712102,1.0,1.0,1.0,0.9183481016621804,0.9197383885536075,0.0013203302124366045,0.001047146469264848,0.0009945637233589322,0.0,0.9986796697875634,0.725,-0.03408967777150107,-0.008244059280990479,0.8207436534846483,0.8098342749548479,0.5553691976948955,0.6062356831555479,0.4851303954810361,0.44220264252603436
v7-pilots-humanitarian-large-high-high-high-random_geometric-private_fragmented-771105-always_act-always_on,humanitarian,large,high,high,high,random_geometric,private_fragmented,always_on,771105,always_act,35,HUM-36-clinic,H18,allocate_shipment,request_peer_evidence,send_targeted_summary,execute_autonomously,False,False,0.0,False,False,0.7874406232319422,0.0899993314937318,0.9307833986088367,1.0,1.0,0.9340595579350828,0.9340595579350828,0.0,0.0,0.0,0.0,1.0,0.8,-0.0003546609418438873,0.0,0.8611298118988603,0.7874406232319422,0.5484911387765476,0.6007102361443655,0.49072506175741576,0.4444833745049438
v7-pilots-humanitarian-large-high-high-high-random_geometric-private_fragmented-771105-always_act-always_on,humanitarian,large,high,high,high,random_geometric,private_fragmented,always_on,771105,always_act,35,HUM-37-shelter,H11,allocate_shipment,request_peer_evidence,send_targeted_summary,execute_autonomously,False,False,0.0,False,False,0.7963298872523985,0.150468530606499,0.675100015667495,0.40963276696055756,1.0,0.9125746841959984,0.9125746841959984,0.0,0.0,0.0,0.0,1.0,0.8,-0.04600001590973124,0.0,0.6744640257363493,0.7963298872523985,0.546675625949959,0.5988068257116013,0.4944585526460074,0.3761283004659385
v7-pilots-humanitarian-large-high-high-high-random_geometric-private_fragmented-771105-always_act-always_on,humanitarian,large,high,high,high,random_geometric,private_fragmented,always_on,771105,always_act,35,HUM-38-depot,H14,redirect_vehicle,request_peer_evidence,send_targeted_summary,execute_autonomously,False,False,0.0,False,False,0.7273258680164643,0.021078183819427943,0.7424983424134382,0.7730462546894457,1.0,0.9169879719116114,0.9199137291533673,0.0034698476956736,0.002866330278834428,0.0024669062242373974,0.07344534138859138,0.9965301523043264,0.5666666666666667,-0.03613785088907384,-0.04451016471442881,0.7862218962510648,0.7273258680164643,0.5250351269584316,0.5797122243660792,0.5304471168109073,0.42661751780769186
v7-pilots-humanitarian-large-high-high-high-random_geometric-private_fragmented-771105-always_act-always_on,humanitarian,large,high,high,high,random_geometric,private_fragmented,always_on,771105,always_act,35,HUM-39-hub,H17,redirect_vehicle,request_peer_evidence,send_targeted_summary,execute_autonomously,False,False,0.0,False,False,0.6820330548014624,0.11088481386028165,0.8476178229622978,0.9414180640042672,1.0,0.9485494807906104,0.9485494807906104,0.0,0.0,0.0,0.0,1.0,0.8,0.03911332791577182,0.0,0.8112315739935213,0.6820330548014624,0.5099505921182376,0.5604294321712311,0.4464538830166142,0.4079394230249216
v7-pilots-humanitarian-large-high-high-high-random_geometric-private_fragmented-771105-always_act-always_on,humanitarian,large,high,high,high,random_geometric,private_fragmented,always_on,771105,always_act,35,HUM-40-ngo,H10,release_emergency_reserve,request_peer_evidence,send_targeted_summary,execute_autonomously,False,False,0.0,False,False,0.6564780240861414,0.11801362876560723,0.7839375843498609,0.4937425492104808,1.0,0.8886854315405645,0.8951734800282911,0.005331252291148836,0.0055031955568909385,0.0027651783163163968,0.02432143091615424,0.9946687477088512,0.7916666666666666,-0.07079317682952968,0.005331252291148836,0.6231007399998035,0.6564780240861414,0.49222632072720607,0.5479252386880118,0.4710226784420672,0.3725342232510731
v7-pilots-humanitarian-large-high-high-high-random_geometric-private_fragmented-771105-always_act-always_on,humanitarian,large,high,high,high,random_geometric,private_fragmented,always_on,771105,always_act,35,HUM-41-transport,H13,redirect_vehicle,request_peer_evidence,send_targeted_summary,execute_autonomously,False,False,0.0,False,False,0.5707203030010967,0.2462879175768932,0.48502892763729305,0.15898194553265427,1.0,0.8728157004854888,0.8832876042794915,0.006886451668320359,0.005401423012919904,0.005696493419318105,0.046152796880861935,0.9931135483316796,0.7916666666666666,-0.04877239021565538,-0.01470548231911828,0.5376005699482099,0.5707203030010967,0.4561330786574594,0.5033796814357174,0.46818811185270404,0.3217914342102985
v7-pilots-humanitarian-large-high-high-high-random_geometric-private_fragmented-771105-always_act-always_on,humanitarian,large,high,high,high,random_geometric,private_fragmented,always_on,771105,always_act,35,HUM-42-local_authority,H16,cancel_risky_dispatch,request_peer_evidence,send_targeted_summary,execute_autonomously,True,False,0.0,False,False,0.766499818665429,0.09326917421328901,0.8995524090855328,1.0,1.0,0.9178288201157313,0.9292083935936617,0.00926075291050632,0.007931887403236915,0.006190869313448921,0.02066832433530494,0.9907392470894937,0.5666666666666667,-0.030994023359875222,-0.03766718222493459,0.8780099383462459,0.766499818665429,0.5490221865698133,0.6008092991237686,0.46667911016247704,0.4315380197932635
v7-pilots-humanitarian-large-high-high-high-random_geometric-private_fragmented-771105-always_act-always_on,humanitarian,large,high,high,high,random_geometric,private_fragmented,always_on,771105,always_act,35,HUM-43-assessment,H19,cancel_risky_dispatch,request_peer_evidence,send_targeted_summary,execute_autonomously,True,False,0.0,False,False,0.8652002753461694,0.29869829944293225,0.6248119592222015,0.47110371989236205,1.0,0.8872061659808064,0.8872061659808064,0.0,0.0,0.0,0.0,1.0,0.8,-0.08944486019669007,0.0,0.7366329863918645,0.8652002753461694,0.5678816516336693,0.6148215033710007,0.5233841156453911,0.40278852348401095
v7-pilots-humanitarian-large-high-high-high-random_geometric-private_fragmented-771105-always_act-always_on,humanitarian,large,high,high,high,random_geometric,private_fragmented,always_on,771105,always_act,35,HUM-44-clinic,H12,revise_delivery_priority,request_peer_evidence,send_targeted_summary,execute_autonomously,True,False,0.0,False,False,0.6434363750609633,0.03285238591818296,1.0,0.8767752307297672,1.0,0.8586533586764211,0.8586533586764211,0.0,0.0,0.0,0.0,1.0,0.8,-0.034009879343926186,0.0,0.7585944228958715,0.6434363750609633,0.4720378896934906,0.5245636573396055,0.4302432775256046,0.3893752127046418
v7-pilots-humanitarian-large-high-high-high-random_geometric-private_fragmented-771105-always_act-always_on,humanitarian,large,high,high,high,random_geometric,private_fragmented,always_on,771105,always_act,35,HUM-45-shelter,H15,no_operational_action,request_peer_evidence,send_targeted_summary,execute_autonomously,False,False,0.0,False,False,0.7102143491019294,0.0909746135106731,0.8949947586568827,0.5626242584015697,1.0,0.8581713878570826,0.8599291908366401,0.001576653838974984,0.0013179951480356555,0.0011374191256691146,0.0,0.998423346161025,0.725,-0.0716786073876714,-0.035653539567513715,0.6819027007110328,0.7102143491019294,0.5008359019796074,0.5531617717716442,0.44329002662281036,0.3620492376150701
v7-pilots-humanitarian-large-high-high-high-random_geometric-private_fragmented-771105-always_act-always_on,humanitarian,large,high,high,high,random_geometric,private_fragmented,always_on,771105,always_act,35,HUM-46-depot,H18,redirect_vehicle,request_peer_evidence,send_targeted_summary,execute_autonomously,False,False,0.0,False,False,0.6706956267345913,0.09056082893119488,0.47325964749874855,0.38578085156419234,1.0,0.9212281974158254,0.9212281974158254,0.0,0.0,0.0,0.0,1.0,0.8,-0.009330745966689702,0.0,0.6740239174651672,0.6706956267345913,0.4985853000477929,0.5504457147794366,0.44169216322852833,0.3380884776733887
v7-pilots-humanitarian-large-high-high-high-random_geometric-private_fragmented-771105-always_act-always_on,humanitarian,large,high,high,high,random_geometric,private_fragmented,always_on,771105,always_act,35,HUM-47-hub,H11,redirect_vehicle,request_peer_evidence,send_targeted_summary,execute_autonomously,False,False,0.0,False,False,0.6034717396271292,0.24782135225141305,0.7165342891565918,0.47385589086865754,1.0,0.9111143625344456,0.9111143625344456,0.0,0.0,0.0,0.0,1.0,0.8,-0.058377326374469574,0.0,0.6243058052817018,0.6034717396271292,0.46916728648446304,0.517690970991641,0.41345813064339426,0.32983479399983506
v7-pilots-humanitarian-large-high-high-high-random_geometric-private_fragmented-771105-always_act-always_on,humanitarian,large,high,high,high,random_geometric,private_fragmented,always_on,771105,always_act,35,HUM-48-ngo,H14,release_emergency_reserve,request_peer_evidence,send_targeted_summary,execute_autonomously,False,False,0.0,False,False,0.722988735602307,0.10183520395236578,0.7194706410238051,0.7373533175355145,1.0,0.9725146134200479,0.9754064902200832,0.005688611904481555,0.004365106281097875,0.004258464359694347,0.013627535432279982,0.9943113880955184,0.3875,-0.00674712748763362,-0.031579907748558234,0.7761809663133078,0.722988735602307,0.540288204262209,0.5893734599774622,0.40186912281003456,0.35633877302378286
v7-pilots-humanitarian-large-high-high-high-random_geometric-private_fragmented-771105-always_act-always_on,humanitarian,large,high,high,high,random_geometric,private_fragmented,always_on,771105,always_act,35,HUM-49-transport,H17,redirect_vehicle,request_peer_evidence,send_targeted_summary,execute_autonomously,False,False,0.0,False,False,0.6914081859056883,0.08153265067570609,0.6159167882427188,0.5822814601889197,1.0,0.9116468050338945,0.9116468050338946,1.1102230246251565e-16,0.0,0.0,0.0,0.9999999999999999,0.8,-0.06686906864279529,1.1102230246251565e-16,0.7282263336532747,0.6914081859056883,0.504474975620749,0.5594783360741404,0.4503914380803891,0.36746806727626324
v7-pilots-humanitarian-large-high-high-high-random_geometric-private_fragmented-771105-always_act-always_on,humanitarian,large,high,high,high,random_geometric,private_fragmented,always_on,771105,always_act,35,HUM-50-local_authority,H10,release_emergency_reserve,request_peer_evidence,send_targeted_summary,execute_autonomously,False,False,0.0,False,False,0.5456314546399426,0.2691772837716182,0.6756504651129958,0.32589751439333975,1.0,0.8294497566181813,0.8382208526077968,0.0031534869192060277,0.0026779603847438826,0.002630540202933185,0.018053894681467342,0.996846513080794,0.7916666666666666,-0.06762319236009628,-0.002322067762355884,0.545130098031982,0.5456314546399426,0.4300299026974108,0.4800633624249462,0.41494046419793956,0.31091649963592394
v7-pilots-humanitarian-large-high-high-high-random_geometric-private_fragmented-771105-always_act-always_on,humanitarian,large,high,high,high,random_geometric,private_fragmented,always_on,771105,always_act,35,HUM-51-assessment,H13,no_operational_action,request_peer_evidence,send_targeted_summary,execute_autonomously,False,False,0.0,False,False,0.7534947662287685,0.05641402115354477,0.5559751646772202,0.26894861294454137,1.0,0.9164850694935991,0.9164850694935991,0.0,0.0,0.0,0.0,1.0,0.8333333333333334,0.0320052218125737,0.0,0.6261358876244713,0.7534947662287685,0.5305191738649072,0.5841636629985583,0.48313446848274944,0.35158570143073353
v7-pilots-humanitarian-large-high-high-high-random_geometric-private_fragmented-771105-always_act-always_on,humanitarian,large,high,high,high,random_geometric,private_fragmented,always_on,771105,always_act,40,HUM-00-ngo,H20,redirect_vehicle,request_peer_evidence,negotiate_commitment,execute_autonomously,True,False,0.0,False,False,0.752776117250375,0.015363042587853926,0.6688953555075642,0.4329697242492412,1.0,0.950689979109107,0.9553564033956833,0.005903631981888369,0.004998202247424199,0.0036591239128284103,0.030763862382291784,0.9940963680181116,0.7916666666666666,0.019686332780559646,-0.005031155636465723,0.6652566136849454,0.752776117250375,0.5470480264520705,0.598759876892132,0.5212603733995743,0.3931426750854126
v7-pilots-humanitarian-large-high-high-high-random_geometric-private_fragmented-771105-always_act-always_on,humanitarian,large,high,high,high,random_geometric,private_fragmented,always_on,771105,always_act,40,HUM-01-transport,H23,redirect_vehicle,request_peer_evidence,negotiate_commitment,execute_autonomously,True,False,0.0,False,False,0.6277005820686044,0.16044853608755758,0.8851177027553674,0.8390949389019868,1.0,0.8831854967674339,0.8831854967674339,0.0,0.0,0.0,0.0,1.0,0.8333333333333334,-0.07034570723761158,0.0,0.7442009832398022,0.6277005820686044,0.47187660701930023,0.5249744419116935,0.4303009111354805,0.384780888980781
v7-pilots-humanitarian-large-high-high-high-random_geometric-private_fragmented-771105-always_act-always_on,humanitarian,large,high,high,high,random_geometric,private_fragmented,always_on,771105,always_act,40,HUM-02-local_authority,H26,release_emergency_reserve,request_peer_evidence,negotiate_commitment,execute_autonomously,False,False,0.0,False,False,0.5591564381897376,0.21894576566663446,0.8736553054510043,0.6247623535587705,1.0,0.8058739020338193,0.8189981935624324,0.009721842774076506,0.009657515268529648,0.004880039380546708,0.0555572005041145,0.9902781572259235,0.725,-0.12368103901160565,0.002681964588928998,0.6214561538386157,0.5591564381897376,0.438741630668057,0.4940999262634214,0.4642926488059438,0.37658357490924615
v7-pilots-humanitarian-large-high-high-high-random_geometric-private_fragmented-771105-always_act-always_on,humanitarian,large,high,high,high,random_geometric,private_fragmented,always_on,771105,always_act,40,HUM-03-assessment,H29,revise_delivery_priority,request_peer_evidence,negotiate_commitment,execute_autonomously,True,False,0.0,False,False,0.8395913032778447,0.07825501825261783,0.9134230712841112,1.0,1.0,0.9143311358683659,0.9176541443886167,0.002866247963652535,0.0023646275947013518,0.0019079623940927437,0.01623286804198021,0.9971337520363475,0.725,-0.024272819992158357,-0.03898867798749861,0.8788610431144672,0.8395913032778447,0.568432052427343,0.6202746484479554,0.5223023068005046,0.46366562861390986
v7-pilots-humanitarian-large-high-high-high-random_geometric-private_fragmented-771105-always_act-always_on,humanitarian,large,high,high,high,random_geometric,private_fragmented,always_on,771105,always_act,40,HUM-04-clinic,H22,no_operational_action,request_peer_evidence,send_targeted_summary,execute_autonomously,False,False,0.0,False,False,0.7372641511429779,0.051592162439029865,0.7672592626616167,0.45954508361139007,1.0,0.8790515315315747,0.8790515315315747,0.0,0.0,0.0,0.0,1.0,0.8,-0.07452302388958132,0.0,0.6423606314553462,0.7372641511429779,0.5146685433400848,0.5720441639713674,0.46965094348005076,0.36557937235340066
v7-pilots-humanitarian-large-high-high-high-random_geometric-private_fragmented-771105-always_act-always_on,humanitarian,large,high,high,high,random_geometric,private_fragmented,always_on,771105,always_act,40,HUM-05-shelter,H25,no_operational_action,request_peer_evidence,send_targeted_summary,execute_autonomously,False,False,0.0,False,False,0.7904360835717138,0.12697770842299994,0.8689497768174255,0.7905286749894846,1.0,0.9336620327311821,0.9336620327311821,0.0,0.0,0.0,0.0,1.0,0.8,0.015332180972668641,0.0,0.787875150411859,0.7904360835717138,0.5495899416114811,0.6003631287482023,0.4919831551001198,0.42018554439881806
v7-pilots-humanitarian-large-high-high-high-random_geometric-private_fragmented-771105-always_act-always_on,humanitarian,large,high,high,high,random_geometric,private_fragmented,always_on,771105,always_act,40,HUM-06-depot,H28,redirect_vehicle,request_peer_evidence,negotiate_commitment,execute_autonomously,True,False,0.0,False,False,0.6650865525446981,0.09388600332664843,0.41354530641352844,0.029149619789342496,1.0,0.907184316765521,0.907184316765521,0.0,0.0,0.0,0.0,1.0,0.8,-0.020751056689378822,0.0,0.5385253366146395,0.6650865525446981,0.49283070020925945,0.5455238306945437,0.4393363520687732,0.2937221890872366
v7-pilots-humanitarian-large-high-high-high-random_geometric-private_fragmented-771105-always_act-always_on,humanitarian,large,high,high,high,random_geometric,private_fragmented,always_on,771105,always_act,40,HUM-07-hub,H21,cancel_risky_dispatch,request_peer_evidence,negotiate_commitment,execute_autonomously,True,False,0.0,False,False,0.6888645401864951,0.059024143369597326,1.0,0.9130370325968151,1.0,0.9256107057201719,0.9293190630621018,0.002546561292219196,0.0018884171482750345,0.002155265567018838,0.017062482132601642,0.9974534387077808,0.725,-0.02406328841977934,-0.004024316486927471,0.734742831486644,0.6888645401864951,0.5105136783137479,0.5619224682534634,0.4602580797198824,0.4114863113865217
v7-pilots-humanitarian-large-high-high-high-random_geometric-private_fragmented-771105-always_act-always_on,humanitarian,large,high,high,high,random_geometric,private_fragmented,always_on,771105,always_act,40,HUM-08-ngo,H24,redirect_vehicle,request_peer_evidence,negotiate_commitment,execute_autonomously,True,True,20.757976209250952,True,False,0.678348411382776,0.12561151339739118,0.7794731679604412,0.7151169868517627,1.0,0.9293562760726021,0.9318734245213232,0.003619963187268538,0.0029627298067773644,0.002683777096358475,0.0,0.9963800368127315,0.725,-0.00684573247719078,-0.030615076646165806,0.7316665367145668,0.678348411382776,0.5087463820334369,0.5609082173203972,0.42990633278076595,0.3732917080013688
v7-pilots-humanitarian-large-high-high-high-random_geometric-private_fragmented-771105-always_act-always_on,humanitarian,large,high,high,high,random_geometric,private_fragmented,always_on,771105,always_act,40,HUM-09-transport,H27,redirect_vehicle,request_peer_evidence,negotiate_commitment,execute_autonomously,True,True,17.578778206660736,True,False,0.6411855701247334,0.18512384647533298,0.9134506890869328,1.0,1.0,0.9237707247533412,0.9290056743598768,0.002995538987430879,0.0022351754867206974,0.0025168139175016924,0.016592455842916465,0.9970044610125691,0.725,0.009526550112929133,-0.028845933039357008,0.8354030938424093,0.6411855701247334,0.4916106638206319,0.5412612225726572,0.43951847233362107,0.40864320115146296
v7-pilots-humanitarian-large-high-high-high-random_geometric-private_fragmented-771105-always_act-always_on,humanitarian,large,high,high,high,random_geometric,private_fragmented,always_on,771105,always_act,40,HUM-10-local_authority,H20,revise_delivery_priority,request_peer_evidence,negotiate_commitment,execute_autonomously,True,False,0.0,False,False,0.7260485952765068,0.049629019377257055,1.0,1.0,1.0,0.9001566872896514,0.9096536022216352,0.007141948418326716,0.00630110946794149,0.004396866886083317,0.02843035651068515,0.9928580515816733,0.7916666666666666,-0.01408833168633683,-0.01455732842244517,0.7922565223940123,0.7260485952765068,0.525457337718673,0.5783789778757724,0.5064878852457075,0.4531142613483156
v7-pilots-humanitarian-large-high-high-high-random_geometric-private_fragmented-771105-always_act-always_on,humanitarian,large,high,high,high,random_geometric,private_fragmented,always_on,771105,always_act,40,HUM-11-assessment,H23,revise_delivery_priority,request_peer_evidence,negotiate_commitment,execute_autonomously,True,False,0.0,False,False,0.8050354062247022,0.13207903222172826,0.5934071433784411,0.3869435718677512,1.0,0.9420337880840588,0.9488199430064692,0.008370907502349367,0.006822223580582598,0.005663355032527906,0.034002123253908945,0.9916290924976506,0.6666666666666666,-0.012653676246621504,-0.035484858474617575,0.6959784953646589,0.8050354062247022,0.5692418800141847,0.6185125273590699,0.5231314312936498,0.3906305876401455
v7-pilots-humanitarian-large-high-high-high-random_geometric-private_fragmented-771105-always_act-always_on,humanitarian,large,high,high,high,random_geometric,private_fragmented,always_on,771105,always_act,40,HUM-12-clinic,H26,revise_delivery_priority,request_peer_evidence,negotiate_commitment,execute_autonomously,True,False,0.0,False,False,0.7883777145992499,0.08813924518410296,0.6524186443762032,0.2818455288928287,1.0,0.8738468069728795,0.8974348468040606,0.01921754035250267,0.023791302459589048,0.007379031931801894,0.04332162605646284,0.9807824596474973,0.3875,-0.010768033641933461,-0.022600404069847424,0.6170913498980238,0.7883777145992499,0.5607173440764236,0.6282383880677669,0.4744675117375085,0.3528321672031336
v7-pilots-humanitarian-large-high-high-high-random_geometric-private_fragmented-771105-always_act-always_on,humanitarian,large,high,high,high,random_geometric,private_fragmented,always_on,771105,always_act,40,HUM-13-shelter,H29,revise_delivery_priority,request_peer_evidence,negotiate_commitment,execute_autonomously,True,False,0.0,False,False,0.7735334971174932,0.20763776852070276,1.0,1.0,1.0,0.8545578161604531,0.8545578161604531,0.0,0.0,0.0,0.0,1.0,0.8,-0.04221349144262421,0.0,0.8564013890199476,0.7735334971174932,0.5230528528871106,0.5724705310330007,0.48488406878934714,0.4405893791928981
v7-pilots-humanitarian-large-high-high-high-random_geometric-private_fragmented-771105-always_act-always_on,humanitarian,large,high,high,high,random_geometric,private_fragmented,always_on,771105,always_act,40,HUM-14-depot,H22,release_emergency_reserve,request_peer_evidence,negotiate_commitment,execute_autonomously,False,False,0.0,False,False,0.6130216199942204,0.21669444935530718,0.7314395273915362,0.40402449394276524,1.0,0.9046057214544081,0.905190439493013,0.00030884027803645964,0.00027707635942086917,0.0001687758732429323,0.0017153008748437282,0.9996911597219635,0.725,-0.01688136160358955,-0.009962685025612594,0.5867932293442986,0.6130216199942204,0.47179245475054127,0.5218759875457623,0.4050763377273351,0.3158883599064164
v7-pilots-humanitarian-large-high-high-high-random_geometric-private_fragmented-771105-always_act-always_on,humanitarian,large,high,high,high,random_geometric,private_fragmented,always_on,771105,always_act,40,HUM-15-hub,H25,redirect_vehicle,request_peer_evidence,negotiate_commitment,execute_autonomously,True,False,0.0,False,False,0.6438314308457251,0.20267323067335155,1.0,1.0,1.0,0.9287485268927804,0.9278094326926899,0.0012782336934934468,0.0010688603290777143,0.0008343270393084135,0.00717156184449641,0.9987217663065066,0.725,-0.033561276349220126,-0.01909712536937902,0.7883026864875465,0.6438314308457251,0.491509231232376,0.5417471931783033,0.42630997495883904,0.40085979547691675
v7-pilots-humanitarian-large-high-high-high-random_geometric-private_fragmented-771105-always_act-always_on,humanitarian,large,high,high,high,random_geometric,private_fragmented,always_on,771105,always_act,40,HUM-16-ngo,H28,release_emergency_reserve,request_peer_evidence,send_targeted_summary,execute_autonomously,False,False,0.0,False,False,0.6098578834881057,0.1270663814616182,0.7782658627210927,0.5944664820660671,1.0,0.8694487832363907,0.8694487832363907,0.0,0.0,0.0,0.0,1.0,0.8,-0.10249969177994334,0.0,0.6554236360818121,0.6098578834881057,0.46130534920433997,0.5128785058674848,0.4161403110650044,0.3460961852245977
v7-pilots-humanitarian-large-high-high-high-random_geometric-private_fragmented-771105-always_act-always_on,humanitarian,large,high,high,high,random_geometric,private_fragmented,always_on,771105,always_act,40,HUM-17-transport,H21,allocate_shipment,request_peer_evidence,send_targeted_summary,execute_autonomously,True,False,0.0,False,False,0.860440295081692,0.24642624427380103,0.5547039842773532,0.13005575019456078,1.0,0.8364680907623103,0.8462339007261316,0.004058675763985997,0.004733157001420407,0.0018479689799659749,0.017105319357236026,0.995941324236014,0.725,-0.11516873934023808,-0.016116901086615343,0.6051630803744699,0.860440295081692,0.5589752867928348,0.6115541952494912,0.5323850093573094,0.36672224164032086
v7-pilots-humanitarian-large-high-high-high-random_geometric-private_fragmented-771105-always_act-always_on,humanitarian,large,high,high,high,random_geometric,private_fragmented,always_on,771105,always_act,40,HUM-18-local_authority,H24,release_emergency_reserve,request_peer_evidence,send_targeted_summary,execute_autonomously,False,False,0.0,False,False,0.8345607300981988,0.24894197178749966,0.46267334087930195,0.2240772548759969,1.0,0.8882594475247655,0.8964901352662846,0.0053522177755072065,0.00407969344567094,0.004483484528498005,0.008705543225723256,0.9946477822244928,0.3875,-0.07214457752975312,-0.03725953494750811,0.6669291894036268,0.8345607300981988,0.563382258806181,0.6111948987506972,0.44124793234434284,0.32227359636691866
v7-pilots-humanitarian-large-high-high-high-random_geometric-private_fragmented-771105-always_act-always_on,humanitarian,large,high,high,high,random_geometric,private_fragmented,always_on,771105,always_act,40,HUM-19-assessment,H27,allocate_shipment,request_peer_evidence,send_targeted_summary,execute_autonomously,False,False,0.0,False,False,0.8134861558287034,0.2648635764305307,1.0,1.0,1.0,0.8505794041258136,0.8531560845729359,0.0005938796394377999,0.0006038353719849399,0.0002884375705176634,0.0031779224743402334,0.9994061203605622,0.725,-0.11673341505187684,-0.023972689522537727,0.8939852929817591,0.8134861558287034,0.5388707448581477,0.5874687561635663,0.4914946276090526,0.4448393536607427
v7-pilots-humanitarian-large-high-high-high-random_geometric-private_fragmented-771105-always_act-always_on,humanitarian,large,high,high,high,random_geometric,private_fragmented,always_on,771105,always_act,40,HUM-20-clinic,H20,allocate_shipment,request_peer_evidence,send_targeted_summary,execute_autonomously,False,False,0.0,False,False,0.771722128265074,0.1637012914459219,0.4911552826260388,0.15747261128287682,1.0,0.8796005507132821,0.8836754801073433,0.0038404216393583823,0.003791541576015356,0.0018210906250114567,0.02219319417908872,0.9961595783606416,0.7916666666666666,0.005011604423393545,-0.004597598703966477,0.6055789503180157,0.771722128265074,0.5339655792794519,0.5857434940214992,0.5161902823568792,0.3572481629795438
v7-pilots-humanitarian-large-high-high-high-random_geometric-private_fragmented-771105-always_act-always_on,humanitarian,large,high,high,high,random_geometric,private_fragmented,always_on,771105,always_act,40,HUM-21-shelter,H23,revise_delivery_priority,request_peer_evidence,send_targeted_summary,execute_autonomously,True,False,0.0,False,False,0.761802880092555,0.0869238237879345,0.8048122908936888,0.7146215505163849,1.0,0.9049609755174245,0.9049609755174245,0.0,0.0,0.0,0.0,1.0,0.8333333333333334,-0.06642430288005174,0.0,0.759922151355401,0.761802880092555,0.5309613959163781,0.585200349808804,0.48662387630553977,0.40739272582121494
v7-pilots-humanitarian-large-high-high-high-random_geometric-private_fragmented-771105-always_act-always_on,humanitarian,large,high,high,high,random_geometric,private_fragmented,always_on,771105,always_act,40,HUM-22-depot,H26,release_emergency_reserve,request_peer_evidence,send_targeted_summary,execute_autonomously,False,False,0.0,False,False,0.4675603412201379,0.411743729413412,0.5974853197932162,0.19669887578919873,1.0,0.8014965223292648,0.8329702953020228,0.011254958597296305,0.008628297625374759,0.01083476060616606,0.016469221161411845,0.9887450414027037,0.2,-0.06955314879798569,-0.008730012207725069,0.4875782462042546,0.4675603412201379,0.4031552091065862,0.4416607263322028,0.26140855947780395,0.2035159508004231
v7-pilots-humanitarian-large-high-high-high-random_geometric-private_fragmented-771105-always_act-always_on,humanitarian,large,high,high,high,random_geometric,private_fragmented,always_on,771105,always_act,40,HUM-23-hub,H29,redirect_vehicle,request_peer_evidence,send_targeted_summary,execute_autonomously,False,False,0.0,False,False,0.677297964747793,0.05696439852416152,1.0,1.0,1.0,0.9085760781292187,0.9085760781292187,0.0,0.0,0.0,0.0,1.0,0.8,-0.046301354514176385,0.0,0.8236813080142495,0.677297964747793,0.4980632054314219,0.550981958635851,0.4444651451940731,0.4136434301293821
v7-pilots-humanitarian-large-high-high-high-random_geometric-private_fragmented-771105-always_act-always_on,humanitarian,large,high,high,high,random_geometric,private_fragmented,always_on,771105,always_act,40,HUM-24-ngo,H22,release_emergency_reserve,request_peer_evidence,send_targeted_summary,execute_autonomously,False,False,0.0,False,False,0.6389393424316381,0.09667890784573124,0.2833850649076576,0.0,1.0,0.8823907686149954,0.8823907686149954,0.0,0.0,0.0,0.0,1.0,0.8,-0.06126808293172348,0.0,0.498639376426757,0.6389393424316381,0.4761734291264041,0.5291914909660341,0.428354523821288,0.2829030158808587
v7-pilots-humanitarian-large-high-high-high-random_geometric-private_fragmented-771105-always_act-always_on,humanitarian,large,high,high,high,random_geometric,private_fragmented,always_on,771105,always_act,40,HUM-25-transport,H25,redirect_vehicle,request_peer_evidence,send_targeted_summary,execute_autonomously,False,False,0.0,False,False,0.5593297891239191,0.25851399222773647,1.0,1.0,1.0,0.8696707542521096,0.8761262757559026,0.003495952522524326,0.003028357635429746,0.002283159188262829,0.0176217460650826,0.9965040474774757,0.725,-0.047726730009254204,-0.03338949432178384,0.7595721283021324,0.5593297891239191,0.4460439377441291,0.4933686456469766,0.4067035654509715,0.38676048853476414
v7-pilots-humanitarian-large-high-high-high-random_geometric-private_fragmented-771105-always_act-always_on,humanitarian,large,high,high,high,random_geometric,private_fragmented,always_on,771105,always_act,40,HUM-26-local_authority,H28,release_emergency_reserve,request_peer_evidence,send_targeted_summary,execute_autonomously,False,False,0.0,False,False,0.7115637758681959,0.056097614124913986,0.7963792687571275,0.622542261421921,1.0,0.8584551708558742,0.8584551708558742,0.0,0.0,0.0,0.0,1.0,0.8,-0.028609791080578484,0.0,0.6967418265364477,0.7115637758681959,0.49923930306124686,0.5550441090921231,0.4588567858646423,0.37794292861372536
v7-pilots-humanitarian-large-high-high-high-random_geometric-private_fragmented-771105-always_act-always_on,humanitarian,large,high,high,high,random_geometric,private_fragmented,always_on,771105,always_act,40,HUM-27-assessment,H21,revise_delivery_priority,request_peer_evidence,send_targeted_summary,execute_autonomously,True,False,0.0,False,False,0.7936305274507014,0.19218702512659303,1.0,0.9612842848497047,1.0,0.8879019384276401,0.8879019384276401,0.0,0.0,0.0,0.0,1.0,0.8,-0.0127967960591302,0.0,0.7819426076971676,0.7936305274507014,0.5394276955871906,0.5898636755461253,0.4933248215292946,0.44157066186816096
v7-pilots-humanitarian-large-high-high-high-random_geometric-private_fragmented-771105-always_act-always_on,humanitarian,large,high,high,high,random_geometric,private_fragmented,always_on,771105,always_act,40,HUM-28-clinic,H24,allocate_shipment,request_peer_evidence,send_targeted_summary,execute_autonomously,False,False,0.0,False,False,0.8425776740037867,0.22984318336652834,0.709648669253168,0.6068890138554894,1.0,0.9002889348411629,0.9028718145765271,0.0014365529875387528,0.0014360139131751604,0.0007247764113550437,0.007416244946642835,0.9985634470124612,0.725,0.022809574153031642,-0.033868094439698626,0.7615297724866048,0.8425776740037867,0.5641144774943597,0.6151765450645694,0.5101553154004875,0.40961427231456166
v7-pilots-humanitarian-large-high-high-high-random_geometric-private_fragmented-771105-always_act-always_on,humanitarian,large,high,high,high,random_geometric,private_fragmented,always_on,771105,always_act,40,HUM-29-shelter,H27,revise_delivery_priority,request_peer_evidence,send_targeted_summary,execute_autonomously,True,False,0.0,False,False,0.7985623408704969,0.2144390363187575,0.7125472507272118,0.8493652361934653,1.0,0.8738179254109165,0.8738179254109165,0.0,0.0,0.0,0.0,1.0,0.8,-0.05734916651629196,0.0,0.8527588525824006,0.7985623408704969,0.537879417700928,0.5881355748025638,0.49539618316560874,0.429521283786955
v7-pilots-humanitarian-large-high-high-high-random_geometric-private_fragmented-771105-always_act-always_on,humanitarian,large,high,high,high,random_geometric,private_fragmented,always_on,771105,always_act,40,HUM-30-depot,H20,redirect_vehicle,request_peer_evidence,send_targeted_summary,execute_autonomously,False,False,0.0,False,False,0.7472242623835921,0.006093313701431763,0.56116226804707,0.2659834386854752,1.0,0.9420704167623365,0.9466121551061978,0.005374690236190305,0.004101562538890269,0.003968480801125329,0.02550133488218842,0.9946253097638097,0.7916666666666666,0.0004780994784882031,-0.02044653701462018,0.6232922744949354,0.7472242623835921,0.5419318754746875,0.5930771429393535,0.5109295525553683,0.36742998481740097
v7-pilots-humanitarian-large-high-high-high-random_geometric-private_fragmented-771105-always_act-always_on,humanitarian,large,high,high,high,random_geometric,private_fragmented,always_on,771105,always_act,40,HUM-31-hub,H23,redirect_vehicle,request_peer_evidence,send_targeted_summary,execute_autonomously,False,False,0.0,False,False,0.49775414796610107,0.294796853394094,0.7893460690218936,0.6906489066151025,1.0,0.7860799320312769,0.7924394432362117,0.00417089963382733,0.003328118296655913,0.003974399115011185,0.0,0.9958291003661727,0.7916666666666666,-0.15501685488252803,-0.04301226413568027,0.6643921478960989,0.49775414796610107,0.4014609016816179,0.4488556174850934,0.36739007547909575,0.32926462225935926
v7-pilots-humanitarian-large-high-high-high-random_geometric-private_fragmented-771105-always_act-always_on,humanitarian,large,high,high,high,random_geometric,private_fragmented,always_on,771105,always_act,40,HUM-32-ngo,H26,cancel_risky_dispatch,request_peer_evidence,send_targeted_summary,execute_autonomously,True,False,0.0,False,False,0.6080226664998529,0.2300759749489035,0.8793689443100564,0.6336184937903011,1.0,0.9112427902480116,0.9288762701154114,0.020720388663584832,0.015056838079649748,0.018383278719991236,0.040298221457741375,0.9792796113364152,0.5666666666666667,-0.04562321388948398,0.012817613904458791,0.6401961451196223,0.6080226664998529,0.5000283082909628,0.5425291874238127,0.42995614987903846,0.3791364814851445
v7-pilots-humanitarian-large-high-high-high-random_geometric-private_fragmented-771105-always_act-always_on,humanitarian,large,high,high,high,random_geometric,private_fragmented,always_on,771105,always_act,40,HUM-33-transport,H29,redirect_vehicle,request_peer_evidence,send_targeted_summary,execute_autonomously,False,False,0.0,False,False,0.5917530319003449,0.17894668169956643,0.6948053338245548,0.6705583492945006,1.0,0.8320156853703902,0.8370226824013256,0.0026742039472414936,0.002930497700702639,0.0014703083229071767,0.013501169212094322,0.9973257960527585,0.725,-0.1250001375968609,-0.03477484333380032,0.7155300346767974,0.5917530319003449,0.44844901962887357,0.5045136133031324,0.41405805060052825,0.3525998344468153
v7-pilots-humanitarian-large-high-high-high-random_geometric-private_fragmented-771105-always_act-always_on,humanitarian,large,high,high,high,random_geometric,private_fragmented,always_on,771105,always_act,40,HUM-34-local_authority,H22,release_emergency_reserve,request_peer_evidence,send_targeted_summary,execute_autonomously,False,False,0.0,False,False,0.7484489885686899,0.05012698270952726,0.39736207181375555,0.0,1.0,0.8947840804292229,0.9087577967560981,0.012842815038568212,0.015323973851402717,0.0056312004889225165,0.04906388655898264,0.9871571849614318,0.725,-0.01289788027775185,0.003852749864356242,0.5358726561133546,0.7484489885686899,0.5410555565887772,0.6033728759407659,0.5339256827685034,0.3536866159116607
v7-pilots-humanitarian-large-high-high-high-random_geometric-private_fragmented-771105-always_act-always_on,humanitarian,large,high,high,high,random_geometric,private_fragmented,always_on,771105,always_act,40,HUM-35-assessment,H25,no_operational_action,request_peer_evidence,send_targeted_summary,execute_autonomously,False,False,0.0,False,False,0.6733335539928945,0.04927813196233444,0.7554868682358269,0.6146611666880069,1.0,0.8975545377236581,0.89899478045619,0.0015977968562010947,0.001629067696759079,0.0007356797683732985,0.0,0.9984022031437989,0.725,-0.03876650531873982,-0.034175980219738555,0.7058520883627057,0.6733335539928945,0.49595897162675395,0.5495698461933184,0.4278000926770157,0.3578801617903184
v7-pilots-humanitarian-large-high-high-high-random_geometric-private_fragmented-771105-always_act-always_on,humanitarian,large,high,high,high,random_geometric,private_fragmented,always_on,771105,always_act,40,HUM-36-clinic,H28,no_operational_action,request_peer_evidence,send_targeted_summary,execute_autonomously,False,False,0.0,False,False,0.7853084031911708,0.15206164410838943,0.8913021006422931,0.7696726508439278,1.0,0.9058394251932581,0.9058394251932581,0.0,0.0,0.0,0.0,1.0,0.8,0.03956484531793325,0.0,0.7571262932875408,0.7853084031911708,0.5405832175747829,0.5920134078606896,0.4898295293402917,0.4162470709947992
v7-pilots-humanitarian-large-high-high-high-random_geometric-private_fragmented-771105-always_act-always_on,humanitarian,large,high,high,high,random_geometric,private_fragmented,always_on,771105,always_act,40,HUM-37-shelter,H21,no_operational_action,request_peer_evidence,send_targeted_summary,execute_autonomously,False,False,0.0,False,False,0.8015081119502805,0.16294846444588904,0.6689187682497457,0.3070886653517691,1.0,0.8929705637401008,0.8929705637401008,0.0,0.0,0.0,0.0,1.0,0.8,0.0039880488211471166,0.0,0.62761403774752,0.8015081119502805,0.5438458857151374,0.5981063513661351,0.49663340701911785,0.36527291118829086
v7-pilots-humanitarian-large-high-high-high-random_geometric-private_fragmented-771105-always_act-always_on,humanitarian,large,high,high,high,random_geometric,private_fragmented,always_on,771105,always_act,40,HUM-38-depot,H24,redirect_vehicle,request_peer_evidence,send_targeted_summary,execute_autonomously,False,False,0.0,False,False,0.6751578121783898,0.16094647412308916,1.0,1.0,1.0,0.9234912203958259,0.934043318146377,0.011966595275517133,0.011669760750813718,0.006711512963450628,0.03223040054133386,0.9880334047244829,0.5666666666666667,-0.04335286357447521,-0.04031080409124255,0.7989536561406525,0.6751578121783898,0.5176891633560364,0.572192476393051,0.4458898232710845,0.41654115436158706
v7-pilots-humanitarian-large-high-high-high-random_geometric-private_fragmented-771105-always_act-always_on,humanitarian,large,high,high,high,random_geometric,private_fragmented,always_on,771105,always_act,40,HUM-39-hub,H27,redirect_vehicle,request_peer_evidence,send_targeted_summary,execute_autonomously,False,False,0.0,False,False,0.6152715982855037,0.19006449037655077,0.673695131254166,0.7891444510102442,1.0,0.9008939725340931,0.9008939725340931,0.0,0.0,0.0,0.0,1.0,0.8,-0.06451511852600822,0.0,0.7759870116595299,0.6152715982855037,0.47133213244772476,0.5219017467009546,0.4184140712799116,0.37097338164117033
v7-pilots-humanitarian-large-high-high-high-random_geometric-private_fragmented-771105-always_act-always_on,humanitarian,large,high,high,high,random_geometric,private_fragmented,always_on,771105,always_act,40,HUM-40-ngo,H20,redirect_vehicle,request_peer_evidence,send_targeted_summary,execute_autonomously,False,False,0.0,False,False,0.5545818576208997,0.28337280551112687,0.9566155645136865,0.8789360482087307,1.0,0.8572436800828117,0.8653994494130759,0.007181117128992165,0.007085511027570823,0.004254170994733464,0.03592928561756592,0.9928188828710078,0.7916666666666666,-0.03557737015892204,-0.00515653216482459,0.7049024831612013,0.5545818576208997,0.44619722704965187,0.49574185197449006,0.4458702276728114,0.3961309648872323
v7-pilots-humanitarian-large-high-high-high-random_geometric-private_fragmented-771105-always_act-always_on,humanitarian,large,high,high,high,random_geometric,private_fragmented,always_on,771105,always_act,40,HUM-41-transport,H23,redirect_vehicle,request_peer_evidence,send_targeted_summary,execute_autonomously,False,False,0.0,False,False,0.4767644015444339,0.3504098077421074,0.9703145287462063,0.9711500191877871,1.0,0.7885400064517656,0.8024280709034077,0.008701710904985838,0.007396887290780141,0.00646883312851898,0.04158038100892625,0.9912982890950142,0.7916666666666666,-0.1451200087183897,-0.027697284037856096,0.7245759011301763,0.4767644015444339,0.4000231574976951,0.4434388982361805,0.4217765611155635,0.3911298295374427
v7-pilots-humanitarian-large-high-high-high-random_geometric-private_fragmented-771105-always_act-always_on,humanitarian,large,high,high,high,random_geometric,private_fragmented,always_on,771105,always_act,40,HUM-42-local_authority,H26,no_operational_action,request_peer_evidence,send_targeted_summary,execute_autonomously,False,False,0.0,False,False,0.6554230327725243,0.03281892028278377,0.6852921307113234,0.3327994327122651,1.0,0.8433016919089004,0.8460737804637873,0.001015272248368726,0.0009369815072346466,0.0006811966670343672,0.010280950891309652,0.9989847277516313,0.5666666666666667,-0.06940754329202348,-0.012987605829708815,0.5841156949936019,0.6554230327725243,0.47441601723395105,0.5308249486018304,0.4042380524525842,0.30551111102890843
v7-pilots-humanitarian-large-high-high-high-random_geometric-private_fragmented-771105-always_act-always_on,humanitarian,large,high,high,high,random_geometric,private_fragmented,always_on,771105,always_act,40,HUM-43-assessment,H29,cancel_risky_dispatch,request_peer_evidence,send_targeted_summary,execute_autonomously,True,False,0.0,False,False,0.7365403931614936,0.1301827862580524,0.8194519078910656,0.8637605390975924,1.0,0.8220285071499429,0.8220285071499429,0.0,0.0,0.0,0.0,1.0,0.8,-0.1006851160304304,0.0,0.8111262630583299,0.7365403931614936,0.5001232840520832,0.556819237537598,0.4693469651278273,0.41388257477692936
v7-pilots-humanitarian-large-high-high-high-random_geometric-private_fragmented-771105-always_act-always_on,humanitarian,large,high,high,high,random_geometric,private_fragmented,always_on,771105,always_act,40,HUM-44-clinic,H22,revise_delivery_priority,request_peer_evidence,send_targeted_summary,execute_autonomously,True,False,0.0,False,False,0.8392989111824456,0.21657242904220142,1.0,0.8852550131665882,1.0,0.9156888266534844,0.9156888266534844,0.0,0.0,0.0,0.0,1.0,0.8,0.004734235270240195,0.0,0.7792228329620127,0.8392989111824456,0.5646417711363494,0.6145025637098006,0.5125055426966272,0.4452342967110754
v7-pilots-humanitarian-large-high-high-high-random_geometric-private_fragmented-771105-always_act-always_on,humanitarian,large,high,high,high,random_geometric,private_fragmented,always_on,771105,always_act,40,HUM-45-shelter,H25,allocate_shipment,request_peer_evidence,send_targeted_summary,execute_autonomously,False,False,0.0,False,False,0.7706177845689787,0.11725296398278268,1.0,1.0,1.0,0.8848622406075642,0.8901651495709414,0.004635176569415589,0.004186306996476374,0.0028255774852158355,0.0,0.9953648234305844,0.725,0.008307727708770418,-0.03277810368745104,0.8314100467534526,0.7706177845689787,0.5359519211766643,0.5900509442291675,0.468659469518971,0.434069929160706
v7-pilots-humanitarian-large-high-high-high-random_geometric-private_fragmented-771105-always_act-always_on,humanitarian,large,high,high,high,random_geometric,private_fragmented,always_on,771105,always_act,40,HUM-46-depot,H28,revise_delivery_priority,request_peer_evidence,send_targeted_summary,execute_autonomously,True,False,0.0,False,False,0.7357745640839015,0.029252598502957305,0.8314213445066579,0.6768574788336933,1.0,0.9551641466034834,0.9551641466034834,0.0,0.0,0.0,0.0,1.0,0.8,0.03312508051621921,0.0,0.7180091467086129,0.7357745640839015,0.5331008622844314,0.584835217312199,0.46902531691523863,0.3912397754035356
v7-pilots-humanitarian-large-high-high-high-random_geometric-private_fragmented-771105-always_act-always_on,humanitarian,large,high,high,high,random_geometric,private_fragmented,always_on,771105,always_act,40,HUM-47-hub,H21,release_emergency_reserve,request_peer_evidence,send_targeted_summary,execute_autonomously,False,False,0.0,False,False,0.6333707496694165,0.10079231722295062,1.0,0.982726969694151,1.0,0.8832275193788908,0.8832275193788908,0.0,0.0,0.0,0.0,1.0,0.8,-0.06945555350469246,0.0,0.7326005276141978,0.6333707496694165,0.4741551797124893,0.5263000545123413,0.42601571486115497,0.39927104627073473
v7-pilots-humanitarian-large-high-high-high-random_geometric-private_fragmented-771105-always_act-always_on,humanitarian,large,high,high,high,random_geometric,private_fragmented,always_on,771105,always_act,40,HUM-48-ngo,H24,no_operational_action,request_peer_evidence,send_targeted_summary,execute_autonomously,False,False,0.0,False,False,0.6865211140814944,0.11481430894852229,0.5502099266862782,0.3597589628768102,1.0,0.9160226713791053,0.9281754862111938,0.015028746782313585,0.01340080442040592,0.010675997110110358,0.03902379785025215,0.9849712532176864,0.3875,-0.04066530621524367,-0.03658820108261707,0.6491593298781425,0.6865211140814944,0.5246543589726131,0.5786137186575022,0.4251550406466109,0.32783166466083447
v7-pilots-humanitarian-large-high-high-high-random_geometric-private_fragmented-771105-always_act-always_on,humanitarian,large,high,high,high,random_geometric,private_fragmented,always_on,771105,always_act,40,HUM-49-transport,H27,cancel_risky_dispatch,request_peer_evidence,send_targeted_summary,execute_autonomously,True,False,0.0,False,False,0.633491528991388,0.17407374206711326,0.679132792630662,0.797572826143813,1.0,0.9098287619886237,0.9098287619886237,0.0,0.0,0.0,0.0,1.0,0.8,-0.03926223638799664,0.0,0.784204598131587,0.633491528991388,0.4808538020937112,0.5319226285759779,0.426066442176383,0.37708636725484623
v7-pilots-humanitarian-large-high-high-high-random_geometric-private_fragmented-771105-always_act-always_on,humanitarian,large,high,high,high,random_geometric,private_fragmented,always_on,771105,always_act,40,HUM-50-local_authority,H20,cancel_risky_dispatch,request_peer_evidence,send_targeted_summary,execute_autonomously,True,False,0.0,False,False,0.6986624440078406,0.004831323419578704,0.684897351171951,0.45777281752904075,1.0,0.9008965296899203,0.9040214681949128,0.0033076751021903217,0.002460203800528804,0.002743500140305999,0.020209317679298566,0.9966923248978097,0.7916666666666666,-0.04666193488725212,-0.010491413974271668,0.6528107071696356,0.6986624440078406,0.5093198551686828,0.5621367025948121,0.4824897226891602,0.37124444065016854
v7-pilots-humanitarian-large-high-high-high-random_geometric-private_fragmented-771105-always_act-always_on,humanitarian,large,high,high,high,random_geometric,private_fragmented,always_on,771105,always_act,40,HUM-51-assessment,H23,cancel_risky_dispatch,request_peer_evidence,send_targeted_summary,execute_autonomously,True,False,0.0,False,False,0.8505784851511566,0.22796078065599024,0.882962942025888,0.8357550597712937,1.0,0.8657824732947077,0.8657824732947077,0.0,0.0,0.0,0.0,1.0,0.8333333333333334,-0.004992704369478518,0.0,0.8191778992965036,0.8505784851511566,0.5566770123841396,0.6069774766512723,0.5239096304301525,0.44678591634821246
v7-pilots-humanitarian-large-high-high-high-random_geometric-private_fragmented-771105-always_act-always_on,humanitarian,large,high,high,high,random_geometric,private_fragmented,always_on,771105,always_act,45,HUM-00-ngo,H00,release_emergency_reserve,request_peer_evidence,negotiate_commitment,execute_autonomously,False,False,0.0,False,False,0.5963852494681051,0.1634915126568221,0.23612716914443865,0.4802828264595942,0.0,0.7981974414321213,0.8109386309049357,0.009232584010046008,0.008597836666921266,0.007424341301369375,0.05154814077533565,0.990767415989954,0.7916666666666666,-0.037934043830618935,-0.032077824616360884,0.4034388631694583,0.5963852494681051,0.4510290777593368,0.510241320104492,0.4871683120884477,0.373840580619767
v7-pilots-humanitarian-large-high-high-high-random_geometric-private_fragmented-771105-always_act-always_on,humanitarian,large,high,high,high,random_geometric,private_fragmented,always_on,771105,always_act,45,HUM-01-transport,H03,redirect_vehicle,request_peer_evidence,negotiate_commitment,execute_autonomously,True,False,0.0,False,False,0.6512121730710521,0.08784243060738761,0.17349744465012806,0.7578099280965873,0.0,0.8913484547096271,0.8913484547096271,0.0,0.0,0.0,0.0,1.0,0.8333333333333334,-0.0670205620303913,0.0,0.5606865215873387,0.6512121730710521,0.4833219829058276,0.5366471969115538,0.44017577935650853,0.38160993316481845
v7-pilots-humanitarian-large-high-high-high-random_geometric-private_fragmented-771105-always_act-always_on,humanitarian,large,high,high,high,random_geometric,private_fragmented,always_on,771105,always_act,45,HUM-02-local_authority,H06,revise_delivery_priority,request_peer_evidence,negotiate_commitment,execute_autonomously,True,False,0.0,False,False,0.6836897295308257,0.1500200525848844,0.0,0.336119237885119,0.0,0.9528627771240978,0.9583097107691806,0.010082675326366863,0.007734704701541806,0.007881420289218899,0.05630473229261812,0.9899173246736331,0.725,0.026386785154786208,-0.041048635022966296,0.44652312513290926,0.6836897295308257,0.5258073315502684,0.5738748415893136,0.5177328794877264,0.37619094839256073
v7-pilots-humanitarian-large-high-high-high-random_geometric-private_fragmented-771105-always_act-always_on,humanitarian,large,high,high,high,random_geometric,private_fragmented,always_on,771105,always_act,45,HUM-03-assessment,H09,revise_delivery_priority,request_peer_evidence,negotiate_commitment,execute_autonomously,True,False,0.0,False,False,0.7542827024969787,0.10278777714447673,0.08106155901162924,0.21314541646802532,0.0,0.885273072579434,0.8839667433107604,0.0028857855628813267,0.002078649437936675,0.00274516148268078,0.018052350584880084,0.9971142144371187,0.725,0.0396002877712317,-0.024958966690547313,0.39301101880129885,0.7542827024969787,0.5270714489316839,0.5806155945191604,0.4892383079377488,0.3469527584044116
v7-pilots-humanitarian-large-high-high-high-random_geometric-private_fragmented-771105-always_act-always_on,humanitarian,large,high,high,high,random_geometric,private_fragmented,always_on,771105,always_act,45,HUM-04-clinic,H02,no_operational_action,request_peer_evidence,send_targeted_summary,execute_autonomously,False,False,0.0,False,False,0.7696183095200329,0.10573256289031643,0.2421285208461841,0.6127992073115853,0.0,0.8968052162733181,0.8968052162733181,0.0,0.0,0.0,0.0,1.0,0.8,0.0652756230759467,0.0,0.5181420349915917,0.7696183095200329,0.5320486278763427,0.5859715938814168,0.4832396899984138,0.3930290315429995
v7-pilots-humanitarian-large-high-high-high-random_geometric-private_fragmented-771105-always_act-always_on,humanitarian,large,high,high,high,random_geometric,private_fragmented,always_on,771105,always_act,45,HUM-05-shelter,H05,allocate_shipment,request_peer_evidence,negotiate_commitment,execute_autonomously,True,False,0.0,False,False,0.6723263477959038,0.047133486621737164,0.011408493058324143,0.3739331642404024,0.0,0.8137930109263758,0.8137930109263758,0.0,0.0,0.0,0.0,1.0,0.8,-0.055132148143705484,0.0,0.45173491766830387,0.6723263477959038,0.4723787918499555,0.5291311918278161,0.4423770660742796,0.3371233570917014
v7-pilots-humanitarian-large-high-high-high-random_geometric-private_fragmented-771105-always_act-always_on,humanitarian,large,high,high,high,random_geometric,private_fragmented,always_on,771105,always_act,45,HUM-06-depot,H08,redirect_vehicle,request_peer_evidence,negotiate_commitment,execute_autonomously,True,False,0.0,False,False,0.6357510853411154,0.13609206397898535,0.0,0.03264105872088324,0.0,0.8847901477961568,0.8847901477961568,0.0,0.0,0.0,0.0,1.0,0.8,-0.012926779736738059,0.0,0.35738922310899124,0.6357510853411154,0.47549797108548536,0.52869981660228,0.42701545584326844,0.28592723094201833
v7-pilots-humanitarian-large-high-high-high-random_geometric-private_fragmented-771105-always_act-always_on,humanitarian,large,high,high,high,random_geometric,private_fragmented,always_on,771105,always_act,45,HUM-07-hub,H01,redirect_vehicle,request_peer_evidence,negotiate_commitment,execute_autonomously,True,False,0.0,False,False,0.6237065241117442,0.16424255484741027,0.11264653933812846,0.7857132470852102,0.0,0.879031869770994,0.8829663529417152,0.0049136270065638366,0.004560076876883312,0.0027079839952192097,0.02895005817454588,0.9950863729934362,0.725,-0.011756519304127466,-0.009353257710930762,0.5580313974984434,0.6237065241117442,0.4761196548966356,0.5291990004352058,0.4509608285522423,0.38842967500774433
v7-pilots-humanitarian-large-high-high-high-random_geometric-private_fragmented-771105-always_act-always_on,humanitarian,large,high,high,high,random_geometric,private_fragmented,always_on,771105,always_act,45,HUM-08-ngo,H04,no_operational_action,request_peer_evidence,send_targeted_summary,execute_autonomously,False,False,0.0,False,False,0.4524216235867303,0.40847924083856907,0.007517471871951748,0.01165208140152521,0.0,0.7809459642375384,0.7817321326920887,0.0003449179687058379,0.0002895607346030671,0.0002935375593612344,0.0,0.9996550820312942,0.725,-0.16707629668479285,-0.0020310004289693095,0.21801985155585435,0.4524216235867303,0.3766880256502649,0.4174960422421298,0.33501708190642676,0.22265372990028462
v7-pilots-humanitarian-large-high-high-high-random_geometric-private_fragmented-771105-always_act-always_on,humanitarian,large,high,high,high,random_geometric,private_fragmented,always_on,771105,always_act,45,HUM-09-transport,H07,allocate_shipment,request_peer_evidence,negotiate_commitment,execute_autonomously,True,True,-0.01755691225894106,False,True,0.7142197808951372,0.0032389723094508605,0.2352304086313687,0.4833571333786215,0.0,0.9331805300942144,0.9343245713366762,0.0051416382861037,0.0037215115803209686,0.00467793376858916,0.03275530292625206,0.9948583617138963,0.725,-0.046085635454022,-0.019069686740493474,0.4442404375152158,0.7142197808951372,0.5261813384821535,0.5760263141304744,0.49476036842386073,0.380966437797227
v7-pilots-humanitarian-large-high-high-high-random_geometric-private_fragmented-771105-always_act-always_on,humanitarian,large,high,high,high,random_geometric,private_fragmented,always_on,771105,always_act,45,HUM-10-local_authority,H00,revise_delivery_priority,request_peer_evidence,negotiate_commitment,execute_autonomously,True,True,229.70129086566916,True,False,0.8360857433799495,0.2933375295780807,0.0,0.06239574506670775,0.0,0.8485643655905732,0.8605871273584803,0.009291954823570592,0.009390702075073643,0.004787445881535568,0.032995657190719174,0.9907080451764294,0.7916666666666666,-0.09924719704730012,-0.003363279972852906,0.38464413156519267,0.8360857433799495,0.559584125502622,0.6090609491142853,0.5596427444828052,0.37645906336880053
v7-pilots-humanitarian-large-high-high-high-random_geometric-private_fragmented-771105-always_act-always_on,humanitarian,large,high,high,high,random_geometric,private_fragmented,always_on,771105,always_act,45,HUM-11-assessment,H03,revise_delivery_priority,request_peer_evidence,negotiate_commitment,execute_autonomously,True,False,0.0,False,False,0.8037891897409826,0.09874834927978254,0.0,0.4170986380112069,0.0,0.9466042459510591,0.9491450788600375,0.0037725418993581616,0.003445983092452143,0.002112503686400369,0.015496828476046165,0.9962274581006418,0.6666666666666666,0.08296280870057382,-0.002847623775164565,0.5307919976346237,0.8037891897409826,0.5634482960432593,0.6152973950951771,0.49447997230813623,0.3762788842178585
v7-pilots-humanitarian-large-high-high-high-random_geometric-private_fragmented-771105-always_act-always_on,humanitarian,large,high,high,high,random_geometric,private_fragmented,always_on,771105,always_act,45,HUM-12-clinic,H06,revise_delivery_priority,request_peer_evidence,negotiate_commitment,execute_autonomously,True,False,0.0,False,False,0.8366798554071468,0.15185657965465627,0.31237835740431774,0.8404364539766924,0.0,0.9576431215326887,0.9567021856994057,0.00939273848635358,0.007735281242442493,0.0068288346459723925,0.032605577029353135,0.9906072615136464,0.3875,0.018637801045455094,-0.12387736668487181,0.6195758997928361,0.8366798554071468,0.587232556426926,0.6358298744366493,0.4784660163556184,0.4176973417313855
v7-pilots-humanitarian-large-high-high-high-random_geometric-private_fragmented-771105-always_act-always_on,humanitarian,large,high,high,high,random_geometric,private_fragmented,always_on,771105,always_act,45,HUM-13-shelter,H09,no_operational_action,request_peer_evidence,send_targeted_summary,execute_autonomously,False,False,0.0,False,False,0.7983254830258659,0.20990297946303244,0.19160834547433536,0.3844929354852198,0.0,0.8785873777275375,0.8785873777275375,0.0,0.0,0.0,0.0,1.0,0.8,0.11180927001226182,0.0,0.44910896874524714,0.7983254830258659,0.5389770376422307,0.5891732962210205,0.4952967028708637,0.3736702875054688
v7-pilots-humanitarian-large-high-high-high-random_geometric-private_fragmented-771105-always_act-always_on,humanitarian,large,high,high,high,random_geometric,private_fragmented,always_on,771105,always_act,45,HUM-14-depot,H02,redirect_vehicle,request_peer_evidence,negotiate_commitment,execute_autonomously,True,False,0.0,False,False,0.5332046707122962,0.31657871736761123,0.5789279907058549,1.0,0.0,0.8559446223660896,0.864677098043397,0.004626559565875321,0.003742480823801353,0.0036689277114752006,0.02409923518028778,0.9953734404341247,0.725,-0.0868037586635132,-0.04493469362934266,0.5306895880421807,0.5332046707122962,0.43374520726866633,0.4787631587862139,0.4055767991732018,0.38534910252979737
v7-pilots-humanitarian-large-high-high-high-random_geometric-private_fragmented-771105-always_act-always_on,humanitarian,large,high,high,high,random_geometric,private_fragmented,always_on,771105,always_act,45,HUM-15-hub,H05,cancel_risky_dispatch,request_peer_evidence,negotiate_commitment,execute_autonomously,True,False,0.0,False,False,0.7047220840142067,0.05114101503347396,0.23053522753375882,0.7135796026773262,0.0,0.926755180053986,0.93024608669214,0.0012869189910681422,0.001102798710619468,0.0008086541289750171,0.006674274408747127,0.9987130810089319,0.725,-0.008795765785606258,-0.02162470501623659,0.5442646132073885,0.7047220840142067,0.5153793152066746,0.5680297502304548,0.45112817238726244,0.3831775791394965
v7-pilots-humanitarian-large-high-high-high-random_geometric-private_fragmented-771105-always_act-always_on,humanitarian,large,high,high,high,random_geometric,private_fragmented,always_on,771105,always_act,45,HUM-16-ngo,H08,redirect_vehicle,request_peer_evidence,send_targeted_summary,execute_autonomously,True,False,0.0,False,False,0.6460669664590664,0.12243523068762616,0.0,0.25900482027709615,0.0,0.8713238834496208,0.8713238834496208,0.0,0.0,0.0,0.0,1.0,0.8,0.0013624887249832351,0.0,0.4152239254625857,0.6460669664590664,0.4762577574460317,0.5333267071671277,0.4313481259128079,0.31597932904179016
v7-pilots-humanitarian-large-high-high-high-random_geometric-private_fragmented-771105-always_act-always_on,humanitarian,large,high,high,high,random_geometric,private_fragmented,always_on,771105,always_act,45,HUM-17-transport,H01,redirect_vehicle,request_peer_evidence,send_targeted_summary,execute_autonomously,True,False,0.0,False,False,0.652610348568869,0.10300284412245025,0.3324650977856112,1.0,0.0,0.8927103883382594,0.9036584696708093,0.011849254760325167,0.011608964217786344,0.005945039431292765,0.05325470140778199,0.9881507452396748,0.725,0.02312905070934157,-0.014509700911298773,0.6192875185134155,0.652610348568869,0.5008106931765677,0.5555003435635735,0.5000434925387536,0.4457359853782834
v7-pilots-humanitarian-large-high-high-high-random_geometric-private_fragmented-771105-always_act-always_on,humanitarian,large,high,high,high,random_geometric,private_fragmented,always_on,771105,always_act,45,HUM-18-local_authority,H04,no_operational_action,request_peer_evidence,send_targeted_summary,execute_autonomously,False,False,0.0,False,False,0.6736982985713711,0.1171540555514965,0.09622413319999323,0.14914740645998953,0.0,0.9166361103966598,0.921720066984724,0.003882482526352482,0.0038070320583837303,0.002027359366149839,0.017435388231992647,0.9961175174736475,0.3875,0.035849095257135866,-0.015434458270569551,0.3262527990646637,0.6736982985713711,0.5040738225646069,0.5575605305639663,0.38695507551260466,0.272902760326343
v7-pilots-humanitarian-large-high-high-high-random_geometric-private_fragmented-771105-always_act-always_on,humanitarian,large,high,high,high,random_geometric,private_fragmented,always_on,771105,always_act,45,HUM-19-assessment,H07,allocate_shipment,request_peer_evidence,send_targeted_summary,execute_autonomously,True,False,0.0,False,False,0.8250022421967687,0.27884879832295545,0.24641793806243284,0.5006978039967709,0.0,0.8262835077337405,0.8390664254645386,0.005431538474754971,0.006388639929108431,0.002971722756986095,0.022576925059506925,0.994568461525245,0.725,-0.011460891727365086,-0.0019033841926014983,0.48606823530612636,0.8250022421967687,0.5441759276767996,0.5980964127925127,0.5258178678130934,0.4066447309650124
v7-pilots-humanitarian-large-high-high-high-random_geometric-private_fragmented-771105-always_act-always_on,humanitarian,large,high,high,high,random_geometric,private_fragmented,always_on,771105,always_act,45,HUM-20-clinic,H00,allocate_shipment,request_peer_evidence,send_targeted_summary,execute_autonomously,True,False,0.0,False,False,0.7377922664093635,0.016314307900609615,0.214373708674377,0.44656496273099866,0.0,0.9478886668966429,0.9520970223880988,0.006345488227683105,0.0054018553287121795,0.0041121149579643745,0.04417306724048786,0.9936545117723169,0.7916666666666666,0.06069332865721433,0.0020025598561842495,0.44342496163462325,0.7377922664093635,0.5409727568066625,0.5926273771496277,0.5353491474308075,0.402388995642833
v7-pilots-humanitarian-large-high-high-high-random_geometric-private_fragmented-771105-always_act-always_on,humanitarian,large,high,high,high,random_geometric,private_fragmented,always_on,771105,always_act,45,HUM-21-shelter,H03,allocate_shipment,request_peer_evidence,send_targeted_summary,execute_autonomously,False,False,0.0,False,False,0.8296744500124843,0.28195579147038463,0.08911223432181141,0.6270128520876965,0.0,0.8509990544555591,0.8509990544555591,0.0,0.0,0.0,0.0,1.0,0.8333333333333334,-0.09593927603528996,0.0,0.5899723975052918,0.8296744500124843,0.5446195436188835,0.5933254982511948,0.5151299356719101,0.41588372158735254
v7-pilots-humanitarian-large-high-high-high-random_geometric-private_fragmented-771105-always_act-always_on,humanitarian,large,high,high,high,random_geometric,private_fragmented,always_on,771105,always_act,45,HUM-22-depot,H06,redirect_vehicle,request_peer_evidence,send_targeted_summary,execute_autonomously,False,False,0.0,False,False,0.602564454480652,0.13291231262521996,0.27837401001872136,0.7877297155290182,0.0,0.8490520907154546,0.861177278795812,0.012186259464628257,0.011145305231938019,0.0077233745200220305,0.01987872078537755,0.9878137405353717,0.2,-0.10411038947080142,-0.08077489679812799,0.5273270462503861,0.602564454480652,0.470349567721604,0.5232816217486609,0.32329272647564766,0.31447587689346945
v7-pilots-humanitarian-large-high-high-high-random_geometric-private_fragmented-771105-always_act-always_on,humanitarian,large,high,high,high,random_geometric,private_fragmented,always_on,771105,always_act,45,HUM-23-hub,H09,redirect_vehicle,request_peer_evidence,send_targeted_summary,execute_autonomously,False,False,0.0,False,False,0.630351423867586,0.16178447382318034,0.0,0.004313510164412282,0.0,0.9155649165721459,0.9155649165721459,0.0,0.0,0.0,0.0,1.0,0.8,-0.015420626184292852,0.0,0.3007547265544382,0.630351423867586,0.48103179869007084,0.5310626457186076,0.42474759802438616,0.28101601990265357
v7-pilots-humanitarian-large-high-high-high-random_geometric-private_fragmented-771105-always_act-always_on,humanitarian,large,high,high,high,random_geometric,private_fragmented,always_on,771105,always_act,45,HUM-24-ngo,H02,release_emergency_reserve,request_peer_evidence,send_targeted_summary,execute_autonomously,False,False,0.0,False,False,0.6173041802632631,0.1437324843567439,0.0,0.1808534645858798,0.0,0.8864943788867747,0.8864943788867747,0.0,0.0,1.1102230246251565e-16,0.0,1.0,0.8,0.01700303725399921,0.0,0.3626882527901206,0.6173041802632631,0.46854526682699893,0.5198025202032603,0.4192677557105705,0.2985475862240193
v7-pilots-humanitarian-large-high-high-high-random_geometric-private_fragmented-771105-always_act-always_on,humanitarian,large,high,high,high,random_geometric,private_fragmented,always_on,771105,always_act,45,HUM-25-transport,H05,cancel_risky_dispatch,request_peer_evidence,send_targeted_summary,execute_autonomously,True,False,0.0,False,False,0.6313668341205199,0.063399094782983,0.0,0.3148357166899264,0.0,0.8314317097576699,0.8393955718691075,0.004471625954312053,0.0042668778525408735,0.003247607383536244,0.023774481274566606,0.995528374045688,0.725,-0.14143743334339498,-0.013535517774170946,0.42362529560655904,0.6313668341205199,0.46666493742366233,0.5233889644169496,0.44631128186795954,0.3302519070632806
v7-pilots-humanitarian-large-high-high-high-random_geometric-private_fragmented-771105-always_act-always_on,humanitarian,large,high,high,high,random_geometric,private_fragmented,always_on,771105,always_act,45,HUM-26-local_authority,H08,revise_delivery_priority,request_peer_evidence,send_targeted_summary,execute_autonomously,True,False,0.0,False,False,0.7740700466826635,0.06553763715377403,0.0,0.18821838354216142,0.0,0.9017191825983207,0.9017191825983207,0.0,0.0,0.0,0.0,1.0,0.8,0.024998219963569324,0.0,0.44175622792222435,0.7740700466826635,0.5350578143226457,0.5913017959073619,0.4851094196067187,0.3433258190962052
v7-pilots-humanitarian-large-high-high-high-random_geometric-private_fragmented-771105-always_act-always_on,humanitarian,large,high,high,high,random_geometric,private_fragmented,always_on,771105,always_act,45,HUM-27-assessment,H01,no_operational_action,request_peer_evidence,send_targeted_summary,execute_autonomously,False,False,0.0,False,False,0.7411267689849677,0.0885203021121278,0.0,0.47548669336106997,0.0,0.9048216618676256,0.9048216618676256,0.0,0.0,0.0,0.0,1.0,0.8,0.07732954078758181,0.0,0.5234999078615458,0.7411267689849677,0.5226561230608935,0.5742933658212543,0.47127324297368645,0.36857389851911937
v7-pilots-humanitarian-large-high-high-high-random_geometric-private_fragmented-771105-always_act-always_on,humanitarian,large,high,high,high,random_geometric,private_fragmented,always_on,771105,always_act,45,HUM-28-clinic,H04,no_operational_action,request_peer_evidence,send_targeted_summary,execute_autonomously,False,False,0.0,False,False,0.6227006140727447,0.1781390584625911,0.09811933412314251,0.1520849678908709,0.0,0.9051880606481978,0.9105895810502549,0.0036111143284548453,0.0030224387056314583,0.002514505309147874,0.023812061569349785,0.9963888856715452,0.725,-0.020955009995525464,-0.004255485148374261,0.3096186010785422,0.6227006140727447,0.4804328208509841,0.5306475019086137,0.44272859149596444,0.30740272065511864
v7-pilots-humanitarian-large-high-high-high-random_geometric-private_fragmented-771105-always_act-always_on,humanitarian,large,high,high,high,random_geometric,private_fragmented,always_on,771105,always_act,45,HUM-29-shelter,H07,cancel_risky_dispatch,request_peer_evidence,send_targeted_summary,execute_autonomously,True,False,0.0,False,False,0.8774320534269406,0.44864990859369636,0.01847825163223843,0.14739129002996956,0.0,0.7295170506450424,0.7295170506450424,0.0,0.0,0.0,0.0,1.0,0.8,-0.2072637533064492,0.0,0.41910080777235253,0.8774320534269406,0.5333520840320369,0.5744426042059243,0.5285214624393151,0.3673679297631398
v7-pilots-humanitarian-large-high-high-high-random_geometric-private_fragmented-771105-always_act-always_on,humanitarian,large,high,high,high,random_geometric,private_fragmented,always_on,771105,always_act,45,HUM-30-depot,H00,redirect_vehicle,request_peer_evidence,send_targeted_summary,execute_autonomously,False,False,0.0,False,False,0.6361046455865635,0.12039380742116018,0.09924303454488893,0.26811241783029216,0.0,0.853686244307791,0.8532127643762228,0.001142042218755357,0.0010320973285586899,0.0007661681756022665,0.015052720776044583,0.9988579577812446,0.7916666666666666,-0.04960981284412791,-0.01956135961893324,0.36602255977870174,0.6361046455865635,0.4694622784178307,0.5271040456250601,0.4483774200592778,0.3251724819303878
v7-pilots-humanitarian-large-high-high-high-random_geometric-private_fragmented-771105-always_act-always_on,humanitarian,large,high,high,high,random_geometric,private_fragmented,always_on,771105,always_act,45,HUM-31-hub,H03,redirect_vehicle,request_peer_evidence,send_targeted_summary,execute_autonomously,False,False,0.0,False,False,0.6111365093548331,0.22864618759274732,0.2591317507503823,0.8905431025519814,0.0,0.9136863550906552,0.9167352102912847,0.003035930304306267,0.002091889600810304,0.0029308304918174155,0.0,0.9969640696956937,0.7916666666666666,-0.04457605312312374,-0.00685321883970591,0.5789167577931188,0.6111365093548331,0.4771264949406258,0.5249898553425019,0.41501066726236324,0.38384558105060196
v7-pilots-humanitarian-large-high-high-high-random_geometric-private_fragmented-771105-always_act-always_on,humanitarian,large,high,high,high,random_geometric,private_fragmented,always_on,771105,always_act,45,HUM-32-ngo,H06,redirect_vehicle,request_peer_evidence,send_targeted_summary,execute_autonomously,False,False,0.0,False,False,0.6174309768432854,0.21435369286587042,0.0,0.24477731632502522,0.0,0.9156968318167168,0.913466851278831,0.007697465756166699,0.006987440041237414,0.004622911414734032,0.036215539654867665,0.9923025342438333,0.5666666666666667,-0.03783186378569736,-0.06111754037653727,0.4020730880447231,0.6174309768432854,0.48667305075012673,0.5356737489741994,0.42770196388291204,0.30895799552423564
v7-pilots-humanitarian-large-high-high-high-random_geometric-private_fragmented-771105-always_act-always_on,humanitarian,large,high,high,high,random_geometric,private_fragmented,always_on,771105,always_act,45,HUM-33-transport,H09,redirect_vehicle,request_peer_evidence,send_targeted_summary,execute_autonomously,False,False,0.0,False,False,0.5749036596877742,0.20574337902413153,0.3910538952998264,0.6936335377147309,0.0,0.8512729688039264,0.8521525237287774,0.0026067516708834226,0.002492785856609503,0.0016501370345711752,0.014546835276232017,0.9973932483291166,0.725,0.02395948796618541,-0.023511241295156693,0.44733929334537864,0.5749036596877742,0.4464291584153281,0.49794398644356286,0.40857072668873784,0.3513614530216473
v7-pilots-humanitarian-large-high-high-high-random_geometric-private_fragmented-771105-always_act-always_on,humanitarian,large,high,high,high,random_geometric,private_fragmented,always_on,771105,always_act,45,HUM-34-local_authority,H02,revise_delivery_priority,request_peer_evidence,send_targeted_summary,execute_autonomously,True,False,0.0,False,False,0.6644372727478554,0.12756243812725948,0.18032846889089704,0.5170091267808904,0.0,0.9163771097530643,0.9268194668277401,0.010587060396837766,0.008546890826176878,0.007685752636195198,0.062443370002456255,0.9894129396031622,0.725,-0.02906346394211501,-0.017502573655560183,0.45939086316168454,0.6644372727478554,0.5096910710929811,0.5601690624614712,0.5189775769578328,0.3972794559335588
v7-pilots-humanitarian-large-high-high-high-random_geometric-private_fragmented-771105-always_act-always_on,humanitarian,large,high,high,high,random_geometric,private_fragmented,always_on,771105,always_act,45,HUM-35-assessment,H05,allocate_shipment,request_peer_evidence,send_targeted_summary,execute_autonomously,False,False,0.0,False,False,0.8681230123835237,0.3824488682940154,0.13779544976010166,0.5698329471281576,0.0,0.8161840825973291,0.8203496840101479,0.003396395156307408,0.0027152864257972142,0.0029702569729398443,0.0,0.9966036048436926,0.725,-0.1041242285077868,-0.027008943712139355,0.565321731521156,0.8681230123835237,0.5560501788215721,0.598259042294102,0.5096116652010799,0.40894327616385023
v7-pilots-humanitarian-large-high-high-high-random_geometric-private_fragmented-771105-always_act-always_on,humanitarian,large,high,high,high,random_geometric,private_fragmented,always_on,771105,always_act,45,HUM-36-clinic,H08,revise_delivery_priority,request_peer_evidence,send_targeted_summary,execute_autonomously,True,False,0.0,False,False,0.6793913094808912,0.04343190638589972,0.05948836919754062,0.45887363892285454,0.0,0.8524733531916789,0.8524733531916789,0.0,0.0,0.0,0.0,1.0,0.8,-0.055482234300702316,0.0,0.47452271856498807,0.6793913094808912,0.4848748620902762,0.537745145229791,0.4453443499819743,0.3492944033253921
v7-pilots-humanitarian-large-high-high-high-random_geometric-private_fragmented-771105-always_act-always_on,humanitarian,large,high,high,high,random_geometric,private_fragmented,always_on,771105,always_act,45,HUM-37-shelter,H01,allocate_shipment,request_peer_evidence,send_targeted_summary,execute_autonomously,False,False,0.0,False,False,0.8276864210634538,0.2686108421903767,0.30955122039178895,1.0,0.0,0.8522576626334883,0.8522576626334883,0.0,0.0,1.1102230246251565e-16,0.0,1.0,0.8,-0.04912915459067513,0.0,0.6788133831615744,0.8276864210634538,0.5441389840837536,0.5942780689327611,0.5076282968466506,0.4557521978977672
v7-pilots-humanitarian-large-high-high-high-random_geometric-private_fragmented-771105-always_act-always_on,humanitarian,large,high,high,high,random_geometric,private_fragmented,always_on,771105,always_act,45,HUM-38-depot,H04,no_operational_action,request_peer_evidence,send_targeted_summary,execute_autonomously,False,False,0.0,False,False,0.631925387322779,0.1872291542546302,0.0,0.0,0.0,0.8978589867742738,0.8982153675805076,0.00047988181477598424,0.0004548525683037985,0.0002709771659622495,0.02633566533890286,0.999520118185224,0.5666666666666667,-0.049721579058223386,-0.01426501155910298,0.2762546316897449,0.631925387322779,0.4779067361633665,0.5304703122100085,0.41877220732403286,0.2701731533562388
v7-pilots-humanitarian-large-high-high-high-random_geometric-private_fragmented-771105-always_act-always_on,humanitarian,large,high,high,high,random_geometric,private_fragmented,always_on,771105,always_act,45,HUM-39-hub,H07,redirect_vehicle,request_peer_evidence,send_targeted_summary,execute_autonomously,False,False,0.0,False,False,0.6718739166272445,0.08959760463066252,0.2453602434453096,0.4990583773402299,0.0,0.9009655723083764,0.9009655723083765,1.1102230246251565e-16,0.0,0.0,0.0,0.9999999999999999,0.8,0.06707108695946484,1.1102230246251565e-16,0.4336111422149183,0.6718739166272445,0.49399095972799206,0.5484352005189019,0.4421870449834427,0.3520117019364562
v7-pilots-humanitarian-large-high-high-high-random_geometric-private_fragmented-771105-always_act-always_on,humanitarian,large,high,high,high,random_geometric,private_fragmented,always_on,771105,always_act,45,HUM-40-ngo,H00,redirect_vehicle,request_peer_evidence,send_targeted_summary,execute_autonomously,False,False,0.0,False,False,0.5914887611229162,0.2194983927337704,0.0,0.0,0.0,0.8793376710727743,0.8843187448060925,0.00448467466384761,0.0039023414679670854,0.0028194605989346755,0.023327972931118657,0.9955153253361524,0.7916666666666666,-0.01909434854321934,-0.004769296820181124,0.2865061787817915,0.5914887611229162,0.46270846674674665,0.5129212514030491,0.44221713186025846,0.289421297948258
v7-pilots-humanitarian-large-high-high-high-random_geometric-private_fragmented-771105-always_act-always_on,humanitarian,large,high,high,high,random_geometric,private_fragmented,always_on,771105,always_act,45,HUM-41-transport,H03,redirect_vehicle,request_peer_evidence,send_targeted_summary,execute_autonomously,False,False,0.0,False,False,0.7071684308130639,0.04779106819950818,0.15153916403499518,0.7237745931431314,0.0,0.9028800449565458,0.904958982416645,0.004300978849322901,0.0031485871923052633,0.00411100742332593,0.02382217403212039,0.9956990211506771,0.7916666666666666,-0.054632088241852284,-0.028879346105960102,0.5715431688307933,0.7071684308130639,0.5146087539534141,0.5692352842402866,0.49155377880364315,0.4092918515395334
v7-pilots-humanitarian-large-high-high-high-random_geometric-private_fragmented-771105-always_act-always_on,humanitarian,large,high,high,high,random_geometric,private_fragmented,always_on,771105,always_act,45,HUM-42-local_authority,H06,revise_delivery_priority,request_peer_evidence,send_targeted_summary,execute_autonomously,True,False,0.0,False,False,0.8305428766458092,0.06053956165607394,0.3809450328224901,0.9467148008748596,0.0,0.9698674572568462,0.9712309948753166,0.0068214490580568166,0.005584743956523308,0.004681289921613652,0.042252785252851234,0.9931785509419432,0.5666666666666667,0.021110354626139083,-0.033074748735808956,0.6429961302695414,0.8305428766458092,0.5842340436538147,0.6341580805706637,0.526385575108907,0.45660829167525774
v7-pilots-humanitarian-large-high-high-high-random_geometric-private_fragmented-771105-always_act-always_on,humanitarian,large,high,high,high,random_geometric,private_fragmented,always_on,771105,always_act,45,HUM-43-assessment,H09,allocate_shipment,request_peer_evidence,send_targeted_summary,execute_autonomously,False,False,0.0,False,False,0.7400883998919727,0.10865931714624077,0.0,0.0,0.0,0.8808136835520688,0.8808136835520688,0.0,0.0,0.0,0.0,1.0,0.8,0.041541809376282934,0.0,0.33703005596327074,0.7400883998919727,0.5162387808448063,0.5688010881469086,0.47083712795462856,0.3112247519697524
v7-pilots-humanitarian-large-high-high-high-random_geometric-private_fragmented-771105-always_act-always_on,humanitarian,large,high,high,high,random_geometric,private_fragmented,always_on,771105,always_act,45,HUM-44-clinic,H02,allocate_shipment,request_peer_evidence,send_targeted_summary,execute_autonomously,False,False,0.0,False,False,0.6360002662734565,0.17360047527424965,0.0,0.14012047491332577,0.0,0.8963788510745796,0.8963788510745796,0.0,0.0,0.0,0.0,1.0,0.8,-0.02661882804841542,0.0,0.3592690045121734,0.6360002662734565,0.4784948192780275,0.5314430072845322,0.42712011183485177,0.29889453154616696
v7-pilots-humanitarian-large-high-high-high-random_geometric-private_fragmented-771105-always_act-always_on,humanitarian,large,high,high,high,random_geometric,private_fragmented,always_on,771105,always_act,45,HUM-45-shelter,H05,allocate_shipment,request_peer_evidence,send_targeted_summary,execute_autonomously,False,False,0.0,False,False,0.8205659395552898,0.2287430885692495,0.13875653550949046,0.5713226300397101,0.0,0.8881824604274675,0.891359096786191,0.003314302946359926,0.0030462001733222444,0.001965612672703565,0.0,0.9966856970536401,0.725,-0.02374071046136461,-0.01689379437177263,0.5495098506583289,0.8205659395552898,0.5549120150538868,0.6046334616315487,0.4896376946132217,0.39544857632865593
v7-pilots-humanitarian-large-high-high-high-random_geometric-private_fragmented-771105-always_act-always_on,humanitarian,large,high,high,high,random_geometric,private_fragmented,always_on,771105,always_act,45,HUM-46-depot,H08,redirect_vehicle,request_peer_evidence,send_targeted_summary,execute_autonomously,False,False,0.0,False,False,0.6051855329404828,0.21241649573351168,0.2601079994392926,0.7698340657975702,0.0,0.9052231150394132,0.9052231150394132,0.0,0.0,0.0,0.0,1.0,0.8,0.13546524966400797,0.0,0.523923256991181,0.6051855329404828,0.46837999193604646,0.5174593443780481,0.4141779238350028,0.36583203711904366
v7-pilots-humanitarian-large-high-high-high-random_geometric-private_fragmented-771105-always_act-always_on,humanitarian,large,high,high,high,random_geometric,private_fragmented,always_on,771105,always_act,45,HUM-47-hub,H01,redirect_vehicle,request_peer_evidence,send_targeted_summary,execute_autonomously,False,False,0.0,False,False,0.6479029301896543,0.16480062163926287,0.0926965536924767,0.75479076933445,0.0,0.9305362921732236,0.9305362921732236,0.0,0.0,0.0,0.0,1.0,0.8,0.0723936064140498,0.0,0.5588367809047504,0.6479029301896543,0.4917952451191676,0.5419761948127749,0.4321192306796548,0.37598771277323717
v7-pilots-humanitarian-large-high-high-high-random_geometric-private_fragmented-771105-always_act-always_on,humanitarian,large,high,high,high,random_geometric,private_fragmented,always_on,771105,always_act,45,HUM-48-ngo,H04,no_operational_action,request_peer_evidence,send_targeted_summary,execute_autonomously,False,False,0.0,False,False,0.5305167711911505,0.2771196318751147,0.20592707478066935,0.3191869659100375,0.0,0.8355654295051195,0.8637747288867192,0.023204298548090585,0.01886740430842815,0.01786291988829103,0.06616038676990561,0.9767957014519094,0.3875,-0.10295025315392847,-0.0022533869887797486,0.3183805740234002,0.5305167711911505,0.4535840838200669,0.4968716240611364,0.40088083179053974,0.3066148608147782
v7-pilots-humanitarian-large-high-high-high-random_geometric-private_fragmented-771105-always_act-always_on,humanitarian,large,high,high,high,random_geometric,private_fragmented,always_on,771105,always_act,45,HUM-49-transport,H07,cancel_risky_dispatch,request_peer_evidence,send_targeted_summary,execute_autonomously,True,False,0.0,False,False,0.6430734138389296,0.024191159693092157,0.050006641108919725,0.19626029371882558,0.0,0.8157443500985734,0.8157443500985734,0.0,0.0,0.0,0.0,1.0,0.8,-0.04312772412267951,0.0,0.35114743119775416,0.6430734138389296,0.46116545306021517,0.5187093913607206,0.4300908338123504,0.3076117911211594
v7-pilots-humanitarian-large-high-high-high-random_geometric-private_fragmented-771105-always_act-always_on,humanitarian,large,high,high,high,random_geometric,private_fragmented,always_on,771105,always_act,45,HUM-50-local_authority,H00,revise_delivery_priority,request_peer_evidence,send_targeted_summary,execute_autonomously,True,False,0.0,False,False,0.7591898482481476,0.04400137192746573,0.0,0.0,0.0,0.9368898039156645,0.941113890016901,0.0037729632015151005,0.0034204981927876688,0.0020685064203173065,0.023566521095935933,0.9962270367984849,0.7916666666666666,0.027902182419209942,-0.010013620838521087,0.3435245484043702,0.7591898482481476,0.5431805387602964,0.595586602509051,0.513014181663378,0.33583673178509277
v7-pilots-humanitarian-large-high-high-high-random_geometric-private_fragmented-771105-always_act-always_on,humanitarian,large,high,high,high,random_geometric,private_fragmented,always_on,771105,always_act,45,HUM-51-assessment,H03,no_operational_action,request_peer_evidence,send_targeted_summary,execute_autonomously,False,False,0.0,False,False,0.6748572505349348,0.12772441079992017,0.33941978912888926,1.0,0.0,0.9443045175136907,0.9443045175136907,0.0,0.0,0.0,0.0,1.0,0.8333333333333334,0.014021236467457121,0.0,0.6268514651818778,0.6748572505349348,0.5060190295923966,0.5566281033147122,0.45010671189133933,0.41729336348311513
v7-pilots-humanitarian-large-high-high-high-random_geometric-private_fragmented-771105-always_act-always_on,humanitarian,large,high,high,high,random_geometric,private_fragmented,always_on,771105,always_act,50,HUM-00-ngo,H10,cancel_risky_dispatch,request_peer_evidence,negotiate_commitment,execute_autonomously,True,False,0.0,False,False,0.7066887302900388,0.029355157230235907,0.9433281122178825,0.7278964611622327,1.0,0.926251268333047,0.9303771753075877,0.004925242854640022,0.0037807233636344417,0.003931325212954695,0.03244021342828107,0.99507475714536,0.7916666666666666,-0.014363779048600867,0.0019126119829802057,0.6963693189775491,0.7066887302900388,0.5211336491957733,0.5726098416463989,0.5044517244661368,0.41779611772220004
v7-pilots-humanitarian-large-high-high-high-random_geometric-private_fragmented-771105-always_act-always_on,humanitarian,large,high,high,high,random_geometric,private_fragmented,always_on,771105,always_act,50,HUM-01-transport,H13,redirect_vehicle,request_peer_evidence,negotiate_commitment,execute_autonomously,True,False,0.0,False,False,0.7640721491314642,0.026998345474976815,0.8956785589604843,0.6531570615644264,1.0,0.9516230850638995,0.9516230850638995,0.0,0.0,0.0,0.0,1.0,0.8333333333333334,0.10164300227644885,0.0,0.6979422254801602,0.7640721491314642,0.5435346309185606,0.5955870463208474,0.4875769693018816,0.4006523824778745
v7-pilots-humanitarian-large-high-high-high-random_geometric-private_fragmented-771105-always_act-always_on,humanitarian,large,high,high,high,random_geometric,private_fragmented,always_on,771105,always_act,50,HUM-02-local_authority,H16,release_emergency_reserve,request_peer_evidence,negotiate_commitment,execute_autonomously,False,False,0.0,False,False,0.7794022052974943,0.11579651490849746,0.7167502610205286,0.37604328774043977,1.0,0.8939496513696769,0.8952859384807912,0.0007678008009214254,0.0007538120049920272,0.0005583225588456919,0.019960878591849807,0.9992321991990786,0.725,0.08569537820411077,-0.006716861760640125,0.6366471388588536,0.7794022052974943,0.5363232160827069,0.5922765831970022,0.5026894616845593,0.3728437691551307
v7-pilots-humanitarian-large-high-high-high-random_geometric-private_fragmented-771105-always_act-always_on,humanitarian,large,high,high,high,random_geometric,private_fragmented,always_on,771105,always_act,50,HUM-03-assessment,H19,no_operational_action,request_peer_evidence,send_targeted_summary,execute_autonomously,False,False,0.0,False,False,0.9068096848331237,0.18793951199827436,0.5043691959258009,0.047624045797444975,1.0,0.8128672495347355,0.8142029044438646,0.000977844596017019,0.0008884534560547053,0.0005690028977974881,0.028412872316509134,0.999022155403983,0.725,-0.11575679036243436,-0.007984311502937325,0.6011450638346489,0.9068096848331237,0.5673096687513572,0.6178985938376089,0.5690476335510058,0.3753800583696649
v7-pilots-humanitarian-large-high-high-high-random_geometric-private_fragmented-771105-always_act-always_on,humanitarian,large,high,high,high,random_geometric,private_fragmented,always_on,771105,always_act,50,HUM-04-clinic,H12,cancel_risky_dispatch,request_peer_evidence,negotiate_commitment,execute_autonomously,True,False,0.0,False,False,0.8510579765687054,0.07619539066107606,0.9196419269407927,0.6900128587777998,1.0,0.9133922160855963,0.9133922160855963,0.0,0.0,0.0,0.0,1.0,0.8,0.005145846032542312,0.0,0.7363627981400318,0.8510579765687054,0.5687712446488813,0.6216001696449736,0.5174443501588564,0.4250977764925735
v7-pilots-humanitarian-large-high-high-high-random_geometric-private_fragmented-771105-always_act-always_on,humanitarian,large,high,high,high,random_geometric,private_fragmented,always_on,771105,always_act,50,HUM-05-shelter,H15,allocate_shipment,request_peer_evidence,negotiate_commitment,execute_autonomously,True,False,0.0,False,False,0.7611417643347159,0.025088446080617444,0.8098707246488492,0.5206980067424847,1.0,0.9670523358403396,0.9670523358403396,0.0,0.0,0.0,0.0,1.0,0.8,0.11124688271174421,0.0,0.6651557214919998,0.7611417643347159,0.5462197896939713,0.5979525687810118,0.4796795410205807,0.37960345482281865
v7-pilots-humanitarian-large-high-high-high-random_geometric-private_fragmented-771105-always_act-always_on,humanitarian,large,high,high,high,random_geometric,private_fragmented,always_on,771105,always_act,50,HUM-06-depot,H18,release_emergency_reserve,request_peer_evidence,negotiate_commitment,execute_autonomously,False,False,0.0,False,False,0.6987260609754886,0.058292359449820086,0.6991833459721495,0.3493443961014441,1.0,0.9372991221964344,0.9372991221964344,0.0,0.0,0.0,0.0,1.0,0.8,0.009745386348713136,0.0,0.6028095157960127,0.6987260609754886,0.5138152049393041,0.5657095215439762,0.45346494560970524,0.3415646246053101
v7-pilots-humanitarian-large-high-high-high-random_geometric-private_fragmented-771105-always_act-always_on,humanitarian,large,high,high,high,random_geometric,private_fragmented,always_on,771105,always_act,50,HUM-07-hub,H11,release_emergency_reserve,request_peer_evidence,negotiate_commitment,execute_autonomously,False,False,0.0,False,False,0.6955564450531051,0.053725009753521846,0.936517519782412,0.7164901074955363,1.0,0.9028069431521138,0.9050584795632678,0.0018558696310012612,0.0014518319645124844,0.0014385825857180512,0.022883749689250887,0.9981441303689987,0.725,-0.021063695527562487,-0.00010604092830301948,0.6898468171169845,0.6955564450531051,0.5065225312926722,0.5602384121791406,0.4719170064499655,0.3933250208322266
v7-pilots-humanitarian-large-high-high-high-random_geometric-private_fragmented-771105-always_act-always_on,humanitarian,large,high,high,high,random_geometric,private_fragmented,always_on,771105,always_act,50,HUM-08-ngo,H14,revise_delivery_priority,request_peer_evidence,negotiate_commitment,execute_autonomously,True,False,0.0,False,False,0.7198106240051378,0.02396862307313863,0.6776730267457478,0.3174855461031166,1.0,0.9092879972385397,0.9093009243202017,1.460001057418392e-05,1.1044063774279245e-05,1.2022050231652592e-05,0.03299439536314652,0.9999853999894258,0.725,0.044644375926317315,-0.0032133716617018804,0.6023321432264949,0.7198106240051378,0.5152666889264939,0.5715167366460671,0.49747194303414066,0.3579047438947854
v7-pilots-humanitarian-large-high-high-high-random_geometric-private_fragmented-771105-always_act-always_on,humanitarian,large,high,high,high,random_geometric,private_fragmented,always_on,771105,always_act,50,HUM-09-transport,H17,redirect_vehicle,request_peer_evidence,negotiate_commitment,execute_autonomously,True,False,0.0,False,False,0.830634334860689,0.12780404796096895,0.815394694052521,0.5301403695317989,1.0,0.8944299235522875,0.8949618280148292,0.0006175286285958759,0.0004309219402613973,0.0005578984742358184,0.01618767807831023,0.9993824713714041,0.725,-0.0037718834959136194,-0.00044777625992098447,0.691049362540266,0.830634334860689,0.5567257549123817,0.6095173597700644,0.518471691320521,0.4028034729526061
v7-pilots-humanitarian-large-high-high-high-random_geometric-private_fragmented-771105-always_act-always_on,humanitarian,large,high,high,high,random_geometric,private_fragmented,always_on,771105,always_act,50,HUM-10-local_authority,H10,release_emergency_reserve,request_peer_evidence,negotiate_commitment,execute_autonomously,False,True,-0.03336803787056021,False,True,0.6143418598437506,0.17252962026764038,0.7622679290186738,0.4472531772034592,1.0,0.8963793806949403,0.894209747460618,0.0010556700386332718,0.0009675638353879856,0.0006807668664703392,0.006015532974718352,0.9989443299613667,0.7916666666666666,-0.04794504354740814,-0.0019500493157764698,0.5976169948757054,0.6143418598437506,0.4713095271653219,0.5218374847747422,0.42550052458928045,0.3339144974890868
v7-pilots-humanitarian-large-high-high-high-random_geometric-private_fragmented-771105-always_act-always_on,humanitarian,large,high,high,high,random_geometric,private_fragmented,always_on,771105,always_act,50,HUM-11-assessment,H13,no_operational_action,request_peer_evidence,send_targeted_summary,execute_autonomously,False,False,0.0,False,False,0.8585334552790026,0.056539715564548454,0.5631777764357773,0.13778084865113052,1.0,0.9071046156606398,0.9088077840573354,0.0025116525412747226,0.0019437987511262689,0.002157630450165371,0.047743483406723186,0.9974883474587253,0.6666666666666666,-0.022792930007421885,-0.0027043850856522944,0.6063687784711322,0.8585334552790026,0.5737058495845456,0.6266497787226654,0.5664874793287337,0.38068529888705555
v7-pilots-humanitarian-large-high-high-high-random_geometric-private_fragmented-771105-always_act-always_on,humanitarian,large,high,high,high,random_geometric,private_fragmented,always_on,771105,always_act,50,HUM-12-clinic,H16,allocate_shipment,request_peer_evidence,negotiate_commitment,execute_autonomously,True,False,0.0,False,False,0.8212867682076461,0.03150260374900371,0.6421529549874184,0.26041746338911903,1.0,0.9014313555281971,0.9023134447414447,0.0006195763172028856,0.0004890824939876026,0.0005366815046002893,0.051992348474790256,0.9993804236827971,0.3875,0.003079050816750195,-0.017874257875841293,0.6231376924039883,0.8212867682076461,0.5547399530091918,0.6091769155539162,0.5014688123288926,0.3499868408627419
v7-pilots-humanitarian-large-high-high-high-random_geometric-private_fragmented-771105-always_act-always_on,humanitarian,large,high,high,high,random_geometric,private_fragmented,always_on,771105,always_act,50,HUM-13-shelter,H19,allocate_shipment,request_peer_evidence,negotiate_commitment,execute_autonomously,True,False,0.0,False,False,0.8088019219457865,0.05173617655409671,0.6341982122363425,0.24885902107878455,1.0,0.9752120514747232,0.9752120514747236,3.3306690738754696e-16,0.0,0.0,0.0,0.9999999999999997,0.8,0.08916090510651364,3.3306690738754696e-16,0.6161188185204757,0.8088019219457865,0.5673237816469958,0.6184974049894262,0.49969680721723037,0.36032762067427476
v7-pilots-humanitarian-large-high-high-high-random_geometric-private_fragmented-771105-always_act-always_on,humanitarian,large,high,high,high,random_geometric,private_fragmented,always_on,771105,always_act,50,HUM-14-depot,H12,allocate_shipment,request_peer_evidence,negotiate_commitment,execute_autonomously,True,False,0.0,False,False,0.7460312688870756,0.003967126325630288,0.4444697910640826,0.0,1.0,0.9326605266547557,0.9332411023753681,0.000543089359350879,0.0004534137599139232,0.0003665005136517241,0.014910392482537671,0.9994569106406491,0.725,0.02669900506671319,-0.003352036145126358,0.5350506314216057,0.7460312688870756,0.5323379643216104,0.5854173655211681,0.480996929506029,0.3144638100179061
v7-pilots-humanitarian-large-high-high-high-random_geometric-private_fragmented-771105-always_act-always_on,humanitarian,large,high,high,high,random_geometric,private_fragmented,always_on,771105,always_act,50,HUM-15-hub,H15,redirect_vehicle,request_peer_evidence,negotiate_commitment,execute_autonomously,True,False,0.0,False,False,0.7230705340760519,0.04778048699967313,0.5464857365598002,0.11245127520445869,1.0,0.933378327656547,0.9353956862666316,0.002961646824143571,0.0023872192896216005,0.002004520502581819,0.033204726274270846,0.9970383531758564,0.725,0.011195017546606012,0.0016029831552039076,0.5542322876349278,0.7230705340760519,0.5267191010983586,0.5791381469648396,0.49916080824883347,0.33824648655572376
v7-pilots-humanitarian-large-high-high-high-random_geometric-private_fragmented-771105-always_act-always_on,humanitarian,large,high,high,high,random_geometric,private_fragmented,always_on,771105,always_act,50,HUM-16-ngo,H18,cancel_risky_dispatch,request_peer_evidence,send_targeted_summary,execute_autonomously,True,False,0.0,False,False,0.7393533238209309,0.04914051235813016,0.6524891313632817,0.27696836345769904,1.0,0.9448377138982179,0.9448377138982179,0.0,0.0,0.0,0.0,1.0,0.8,0.04273163845271366,0.0,0.5992525373289643,0.7393533238209309,0.5319507580029268,0.5850028137578275,0.470528396004791,0.34425513428478455
v7-pilots-humanitarian-large-high-high-high-random_geometric-private_fragmented-771105-always_act-always_on,humanitarian,large,high,high,high,random_geometric,private_fragmented,always_on,771105,always_act,50,HUM-17-transport,H11,redirect_vehicle,request_peer_evidence,send_targeted_summary,execute_autonomously,True,False,0.0,False,False,0.7745120785928312,0.008431507463132426,0.7972013625621647,0.5005500638041528,1.0,0.9395325087490447,0.9413617123066104,0.0022448428586807623,0.001722523640065421,0.0017719533841534796,0.02848286814969259,0.9977551571413192,0.725,0.009344241792511587,-0.007256745771433759,0.6648661220345593,0.7745120785928312,0.5478307386265467,0.6005223752300544,0.5135890325965218,0.3939543751356872
v7-pilots-humanitarian-large-high-high-high-random_geometric-private_fragmented-771105-always_act-always_on,humanitarian,large,high,high,high,random_geometric,private_fragmented,always_on,771105,always_act,50,HUM-18-local_authority,H14,release_emergency_reserve,request_peer_evidence,send_targeted_summary,execute_autonomously,False,False,0.0,False,False,0.6869010387161043,0.06741544843904901,0.75247401593658,0.43342707934890656,1.0,0.9284434755453586,0.9291179347339183,0.0003268854034375046,0.00028736314378741135,0.00019324214938487572,0.043049018527856385,0.9996731145965625,0.3875,-0.037046770535836826,-0.0045407520115031685,0.6189688522072131,0.6869010387161043,0.5073289239375939,0.5591937641007453,0.43143294442310554,0.32630852450613085
v7-pilots-humanitarian-large-high-high-high-random_geometric-private_fragmented-771105-always_act-always_on,humanitarian,large,high,high,high,random_geometric,private_fragmented,always_on,771105,always_act,50,HUM-19-assessment,H17,revise_delivery_priority,request_peer_evidence,send_targeted_summary,execute_autonomously,True,False,0.0,False,False,0.8527304143657558,0.10050331406132124,0.7396771180623785,0.4127781267470779,1.0,0.9322872799006675,0.9320921598302229,0.00013058886461980723,9.250446717357086e-05,0.00012720439705704578,0.003740684974770314,0.9998694111353802,0.725,0.042125856664915085,-0.0022548956491430516,0.6703950913036557,0.8527304143657558,0.5743468101319369,0.6269577370573531,0.5088326151952683,0.3853958637477887
v7-pilots-humanitarian-large-high-high-high-random_geometric-private_fragmented-771105-always_act-always_on,humanitarian,large,high,high,high,random_geometric,private_fragmented,always_on,771105,always_act,50,HUM-20-clinic,H10,revise_delivery_priority,request_peer_evidence,send_targeted_summary,execute_autonomously,True,False,0.0,False,False,0.8507171930627635,0.08292807406321906,0.7863132595862089,0.4845234395831387,1.0,0.9361561081925064,0.9359598080980261,0.002142518651698122,0.002095928172097694,0.0010314557117793166,0.01310114441580934,0.9978574813483019,0.7916666666666666,0.045335083152438393,-0.009751893133587264,0.6869294711412929,0.8507171930627635,0.5773254303856095,0.6294092017202841,0.5355482939317242,0.4105831454802766
v7-pilots-humanitarian-large-high-high-high-random_geometric-private_fragmented-771105-always_act-always_on,humanitarian,large,high,high,high,random_geometric,private_fragmented,always_on,771105,always_act,50,HUM-21-shelter,H13,no_operational_action,request_peer_evidence,send_targeted_summary,execute_autonomously,False,False,0.0,False,False,0.8535257170522047,0.0726700875775309,0.7792008427105653,0.47261660137705197,1.0,0.910859929957006,0.910859929957006,0.0,3.3306690738754696e-16,0.0,0.0,1.0,0.8333333333333334,0.023186054435697323,0.0,0.6850267281282421,0.8535257170522047,0.5691252693101334,0.621552253222988,0.5251474678285927,0.404034526273197
v7-pilots-humanitarian-large-high-high-high-random_geometric-private_fragmented-771105-always_act-always_on,humanitarian,large,high,high,high,random_geometric,private_fragmented,always_on,771105,always_act,50,HUM-22-depot,H16,release_emergency_reserve,request_peer_evidence,send_targeted_summary,execute_autonomously,False,False,0.0,False,False,0.6721159451846879,0.10044887407360892,0.6016990166502745,0.1977138589665458,1.0,0.9264417000162629,0.9280729564217512,0.0034555897342669617,0.002565447784333874,0.0030438625171019806,0.0295297771045917,0.996544410265733,0.2,-0.03603076218948742,-0.008715698467278488,0.5573707475147649,0.6721159451846879,0.5052946287059147,0.5559965460642513,0.3671739581765483,0.2626680750492407
v7-pilots-humanitarian-large-high-high-high-random_geometric-private_fragmented-771105-always_act-always_on,humanitarian,large,high,high,high,random_geometric,private_fragmented,always_on,771105,always_act,50,HUM-23-hub,H19,release_emergency_reserve,request_peer_evidence,send_targeted_summary,execute_autonomously,False,False,0.0,False,False,0.691590973441788,0.036057956925330426,0.7170165357176437,0.37722742247480123,1.0,0.9120163568653898,0.9120163568653898,0.0,0.0,0.0,0.0,1.0,0.8,0.05001671338607916,0.0,0.6070755123641602,0.691590973441788,0.5046404785930627,0.5575129519668767,0.450468208845551,0.34291276326067677
v7-pilots-humanitarian-large-high-high-high-random_geometric-private_fragmented-771105-always_act-always_on,humanitarian,large,high,high,high,random_geometric,private_fragmented,always_on,771105,always_act,50,HUM-24-ngo,H12,release_emergency_reserve,request_peer_evidence,send_targeted_summary,execute_autonomously,False,False,0.0,False,False,0.7237776245058591,0.08334326349252855,0.8228492167843743,0.5399841580353512,1.0,0.9695224894558427,0.9695224894558427,0.0,0.0,0.0,0.0,1.0,0.8,0.0741609906579489,0.0,0.6570805902604764,0.7237776245058591,0.5318916721663043,0.5825523909028812,0.46398660229246086,0.37145583382588276
v7-pilots-humanitarian-large-high-high-high-random_geometric-private_fragmented-771105-always_act-always_on,humanitarian,large,high,high,high,random_geometric,private_fragmented,always_on,771105,always_act,50,HUM-25-transport,H15,cancel_risky_dispatch,request_peer_evidence,send_targeted_summary,execute_autonomously,True,False,0.0,False,False,0.7973870692927911,0.025533167146956637,0.7747267065767113,0.46622477873067086,1.0,0.9845622297601365,0.9852790085784027,0.0021994846121484724,0.00164160482882314,0.0017221153287837465,0.02384390365476663,0.9978005153878515,0.725,0.08878480105073583,0.000657429554895339,0.66440555045491,0.7973870692927911,0.5681746636141585,0.618107115047458,0.5161453026582176,0.3933382603007713
v7-pilots-humanitarian-large-high-high-high-random_geometric-private_fragmented-771105-always_act-always_on,humanitarian,large,high,high,high,random_geometric,private_fragmented,always_on,771105,always_act,50,HUM-26-local_authority,H18,cancel_risky_dispatch,request_peer_evidence,send_targeted_summary,execute_autonomously,True,False,0.0,False,False,0.764938797275105,0.03368939364319562,0.8246233187019637,0.5437763538326562,1.0,0.9262148233468691,0.9262148233468691,0.0,0.0,0.0,0.0,1.0,0.8,0.0428585167066341,0.0,0.6719855159933732,0.764938797275105,0.5375292247467593,0.5917028710770318,0.4812742948555441,0.3834360256969481
v7-pilots-humanitarian-large-high-high-high-random_geometric-private_fragmented-771105-always_act-always_on,humanitarian,large,high,high,high,random_geometric,private_fragmented,always_on,771105,always_act,50,HUM-27-assessment,H11,allocate_shipment,request_peer_evidence,send_targeted_summary,execute_autonomously,False,False,0.0,False,False,0.6972781327677091,0.09393506081398703,0.6705379910581383,0.3042218379729119,1.0,0.9440106273628711,0.9440106273628711,0.0,0.0,0.0,0.0,1.0,0.8,0.019378283132995833,0.0,0.59148780625452,0.6972781327677091,0.5149139099478014,0.5665135575245812,0.45285681576243786,0.335744497731708
v7-pilots-humanitarian-large-high-high-high-random_geometric-private_fragmented-771105-always_act-always_on,humanitarian,large,high,high,high,random_geometric,private_fragmented,always_on,771105,always_act,50,HUM-28-clinic,H14,no_operational_action,request_peer_evidence,send_targeted_summary,execute_autonomously,False,False,0.0,False,False,0.8440704116656126,0.06295976143276413,0.7029021796681634,0.35659073313286077,1.0,0.9373441198518057,0.9377858837168648,0.00018231242613708787,0.00016623161658146923,9.960115022511484e-05,0.005718586699114736,0.9998176875738629,0.725,0.05891331410524159,-0.002160353238864432,0.6539657159181949,0.8440704116656126,0.5722194320257884,0.6243174764394908,0.5082018246822116,0.3776945719860517
v7-pilots-humanitarian-large-high-high-high-random_geometric-private_fragmented-771105-always_act-always_on,humanitarian,large,high,high,high,random_geometric,private_fragmented,always_on,771105,always_act,50,HUM-29-shelter,H17,cancel_risky_dispatch,request_peer_evidence,send_targeted_summary,execute_autonomously,True,False,0.0,False,False,0.8516834892405389,0.01161898876228773,0.5228621128122596,0.0767148686093937,1.0,0.8099504137087595,0.8099504137087595,0.0,0.0,0.0,0.0,1.0,0.8,-0.0985529555895096,0.0,0.5893839548080377,0.8516834892405389,0.5431609991234054,0.6016420511970668,0.5177070654810263,0.3516771612204782
v7-pilots-humanitarian-large-high-high-high-random_geometric-private_fragmented-771105-always_act-always_on,humanitarian,large,high,high,high,random_geometric,private_fragmented,always_on,771105,always_act,50,HUM-30-depot,H10,release_emergency_reserve,request_peer_evidence,send_targeted_summary,execute_autonomously,False,False,0.0,False,False,0.5801643041176242,0.2100406121098807,0.5716078082205673,0.15172998996639425,1.0,0.8455649075985507,0.8570456653196377,0.0068804496460502795,0.007520043689087874,0.0032233469897869904,0.03146495061547305,0.9931195503539497,0.7916666666666666,-0.053149662669405684,0.0025792988896877755,0.5150710609919269,0.5801643041176242,0.4530895780511578,0.5079768628734743,0.44982906599825456,0.3143970198193398
v7-pilots-humanitarian-large-high-high-high-random_geometric-private_fragmented-771105-always_act-always_on,humanitarian,large,high,high,high,random_geometric,private_fragmented,always_on,771105,always_act,50,HUM-31-hub,H13,revise_delivery_priority,request_peer_evidence,send_targeted_summary,execute_autonomously,True,False,0.0,False,False,0.7539040190511541,0.014070587101544157,0.7488714423911275,0.4256060308819234,1.0,0.9561157435785016,0.9561352671812989,2.5855882025749288e-05,2.0719385751877262e-05,1.7891192011454393e-05,0.05391861304718759,0.9999741441179743,0.7916666666666666,0.1060058737272932,-0.0012918424224893643,0.639872813889054,0.7539040190511541,0.5406267417499231,0.5927879971960215,0.5569293131665431,0.40431898058335025
v7-pilots-humanitarian-large-high-high-high-random_geometric-private_fragmented-771105-always_act-always_on,humanitarian,large,high,high,high,random_geometric,private_fragmented,always_on,771105,always_act,50,HUM-32-ngo,H16,release_emergency_reserve,request_peer_evidence,send_targeted_summary,execute_autonomously,False,False,0.0,False,False,0.6614967941705695,0.1068618343252502,0.41533677385227946,0.0,1.0,0.9122107948453443,0.9149902132632911,0.0027348611879655094,0.0020199572746767425,0.0023124370672249484,0.022097267379770365,0.9972651388120345,0.5666666666666667,0.023277648412877938,-0.006209640616612666,0.5063089100179937,0.6614967941705695,0.4964802220427156,0.5481653538775095,0.42474983330222343,0.27751068078867913
v7-pilots-humanitarian-large-high-high-high-random_geometric-private_fragmented-771105-always_act-always_on,humanitarian,large,high,high,high,random_geometric,private_fragmented,always_on,771105,always_act,50,HUM-33-transport,H19,redirect_vehicle,request_peer_evidence,send_targeted_summary,execute_autonomously,False,False,0.0,False,False,0.8221414810110997,0.14715173970140372,0.434921982882784,0.0,1.0,0.9399613114194046,0.9413602035837958,0.0015825676670557787,0.0012353915756958544,0.0012624546078183752,0.050427884054355616,0.9984174323329442,0.725,0.0775761704565272,-0.0012978225595385862,0.560928103543774,0.8221414810110997,0.5660625149931692,0.616921508928737,0.5669498057872824,0.3625857647962555
v7-pilots-humanitarian-large-high-high-high-random_geometric-private_fragmented-771105-always_act-always_on,humanitarian,large,high,high,high,random_geometric,private_fragmented,always_on,771105,always_act,50,HUM-34-local_authority,H12,release_emergency_reserve,request_peer_evidence,send_targeted_summary,execute_autonomously,False,False,0.0,False,False,0.7310765988768728,0.00944868128845855,0.7973085164608436,0.5003960725338785,1.0,0.9385984556613115,0.9386158729957335,0.0003229343892866554,0.00025590705948497217,0.00024622275841412744,0.010521741534607497,0.9996770656107133,0.725,0.0013423663366819438,-0.00023260304520023034,0.6500611010262676,0.7310765988768728,0.5275323616110783,0.5792366582532787,0.46804521866089,0.36694537831850144
v7-pilots-humanitarian-large-high-high-high-random_geometric-private_fragmented-771105-always_act-always_on,humanitarian,large,high,high,high,random_geometric,private_fragmented,always_on,771105,always_act,50,HUM-35-assessment,H15,allocate_shipment,request_peer_evidence,send_targeted_summary,execute_autonomously,False,False,0.0,False,False,0.6515149620467684,0.1507190795927456,0.666258534166689,0.29809911149513635,1.0,0.923427517274822,0.9234415690926641,1.3072356409460362e-05,9.330960739850624e-06,1.206063134406854e-05,0.027372164640156016,0.9999869276435905,0.725,0.0037031805390566053,-0.0013072578560271442,0.5744588738547339,0.6515149620467684,0.49148116543638615,0.5426152935473476,0.4602419743126799,0.3323656422087198
v7-pilots-humanitarian-large-high-high-high-random_geometric-private_fragmented-771105-always_act-always_on,humanitarian,large,high,high,high,random_geometric,private_fragmented,always_on,771105,always_act,50,HUM-36-clinic,H18,cancel_risky_dispatch,request_peer_evidence,send_targeted_summary,execute_autonomously,True,False,0.0,False,False,0.8051393984925106,0.052363660382607174,0.48741801104446325,0.021108126963530427,1.0,0.9553542179726201,0.9553542179726201,0.0,0.0,0.0,0.0,1.0,0.8,0.021294660037537327,0.0,0.560213345958701,0.8051393984925106,0.5608943138901593,0.6130850958155448,0.49815854736685444,0.3319720068135267
v7-pilots-humanitarian-large-high-high-high-random_geometric-private_fragmented-771105-always_act-always_on,humanitarian,large,high,high,high,random_geometric,private_fragmented,always_on,771105,always_act,50,HUM-37-shelter,H11,allocate_shipment,request_peer_evidence,send_targeted_summary,execute_autonomously,False,False,0.0,False,False,0.8672541225908201,0.09502783732968562,1.0,0.8474015969455273,1.0,0.9267827596869967,0.9267827596869967,0.0,0.0,0.0,0.0,1.0,0.8,0.01420807549099834,0.0,0.7796427849478054,0.8672541225908201,0.5785973389580773,0.6300049904045102,0.5242467314881445,0.448519345958893
v7-pilots-humanitarian-large-high-high-high-random_geometric-private_fragmented-771105-always_act-always_on,humanitarian,large,high,high,high,random_geometric,private_fragmented,always_on,771105,always_act,50,HUM-38-depot,H14,redirect_vehicle,request_peer_evidence,send_targeted_summary,execute_autonomously,False,False,0.0,False,False,0.7323561929952125,0.01214974168615085,0.5004548779267819,0.0427974154337194,1.0,0.9442440466216585,0.9442697944503723,3.7072142931249275e-05,2.9251634835802953e-05,2.659824793127541e-05,0.04354121536659483,0.9999629278570688,0.5666666666666667,0.02435606529700496,-0.003432775552742351,0.5406724853224649,0.7323561929952125,0.5290553898536035,0.5811778333277254,0.48710558174854673,0.31556158259835354
v7-pilots-humanitarian-large-high-high-high-random_geometric-private_fragmented-771105-always_act-always_on,humanitarian,large,high,high,high,random_geometric,private_fragmented,always_on,771105,always_act,50,HUM-39-hub,H17,cancel_risky_dispatch,request_peer_evidence,send_targeted_summary,execute_autonomously,True,False,0.0,False,False,0.7312530299287359,0.006041873193962655,0.6588231476937841,0.28745447267575674,1.0,0.9510738056102558,0.9510738056102558,0.0,0.0,0.0,0.0,1.0,0.8,0.002524324819645374,0.0,0.5990151036179518,0.7312530299287359,0.5302696633740583,0.5814831685912369,0.46712627257006906,0.3432453851011369
v7-pilots-humanitarian-large-high-high-high-random_geometric-private_fragmented-771105-always_act-always_on,humanitarian,large,high,high,high,random_geometric,private_fragmented,always_on,771105,always_act,50,HUM-40-ngo,H10,release_emergency_reserve,request_peer_evidence,send_targeted_summary,execute_autonomously,False,False,0.0,False,False,0.6015253972338102,0.14316140577969583,1.0,0.8320136455902021,1.0,0.8578646114122769,0.8612747445110353,0.0027356016316059106,0.0023034763529561353,0.0018963079526919113,0.017602711428508777,0.9972643983683941,0.7916666666666666,-0.03389873551725586,-0.002595650659542925,0.685601910001144,0.6015253972338102,0.45890615403084156,0.5111770308672234,0.4377301215428669,0.3864348926801689
v7-pilots-humanitarian-large-high-high-high-random_geometric-private_fragmented-771105-always_act-always_on,humanitarian,large,high,high,high,random_geometric,private_fragmented,always_on,771105,always_act,50,HUM-41-transport,H13,redirect_vehicle,request_peer_evidence,send_targeted_summary,execute_autonomously,False,False,0.0,False,False,0.7981247279147566,0.1458171525248533,0.5247754529382214,0.07825724722991895,1.0,0.9072535499698594,0.909936121190414,0.0022120775871173892,0.0018626692071370687,0.0015989061978195496,0.023775970277419067,0.9977879224128826,0.7916666666666666,0.026648516910922515,-0.00467437408120297,0.5715441468261978,0.7981247279147566,0.5491601872803319,0.6018222440080438,0.5296851938792081,0.35507644420564455
v7-pilots-humanitarian-large-high-high-high-random_geometric-private_fragmented-771105-always_act-always_on,humanitarian,large,high,high,high,random_geometric,private_fragmented,always_on,771105,always_act,50,HUM-42-local_authority,H16,release_emergency_reserve,request_peer_evidence,send_targeted_summary,execute_autonomously,False,False,0.0,False,False,0.7197652308983429,0.08189203826106584,0.8367726788988074,0.5620780354517718,1.0,0.9572638068501462,0.9575321960092187,0.00027391992174241597,0.00018271732643337923,0.00026481085886709277,0.014113666783715671,0.9997260800782576,0.5666666666666667,0.028323802415556987,-0.008986832988763904,0.6610189070138618,0.7197652308983429,0.5276055319623132,0.5792203480434566,0.43708750382188516,0.3531799643823877
v7-pilots-humanitarian-large-high-high-high-random_geometric-private_fragmented-771105-always_act-always_on,humanitarian,large,high,high,high,random_geometric,private_fragmented,always_on,771105,always_act,50,HUM-43-assessment,H19,allocate_shipment,request_peer_evidence,send_targeted_summary,execute_autonomously,False,False,0.0,False,False,0.8167331995382099,0.01083538278414603,0.9515803744275997,0.7408013724752331,1.0,0.892955531297559,0.892955531297559,0.0,0.0,0.0,0.0,1.0,0.8,0.00574936531675263,0.0,0.7368816172370474,0.8167331995382099,0.5499321626396737,0.6043556377267338,0.5030279438060481,0.42158146056772683
v7-pilots-humanitarian-large-high-high-high-random_geometric-private_fragmented-771105-always_act-always_on,humanitarian,large,high,high,high,random_geometric,private_fragmented,always_on,771105,always_act,50,HUM-44-clinic,H12,no_operational_action,request_peer_evidence,send_targeted_summary,execute_autonomously,False,False,0.0,False,False,0.8270188255337225,0.061498347327588965,0.7874318331517307,0.48508721340475364,1.0,0.9169005014455357,0.9169005014455357,0.0,0.0,0.0,0.0,1.0,0.8,0.05824714276911458,0.0,0.6790073318986065,0.8270188255337225,0.5600326555748729,0.6139085520145545,0.5073479067241635,0.3937757367580128
v7-pilots-humanitarian-large-high-high-high-random_geometric-private_fragmented-771105-always_act-always_on,humanitarian,large,high,high,high,random_geometric,private_fragmented,always_on,771105,always_act,50,HUM-45-shelter,H15,no_operational_action,request_peer_evidence,send_targeted_summary,execute_autonomously,False,False,0.0,False,False,0.8167245821135516,0.006788335446799854,0.7189140002800717,0.37971508397087955,1.0,0.929924262652511,0.9299414330844653,2.2424064284432e-05,1.7198751337987872e-05,1.7107513213932002e-05,0.039717141937129045,0.9999775759357156,0.725,0.07001224224782521,-0.001554229774690552,0.6502179780716186,0.8167245821135516,0.5592022921985466,0.612480882684449,0.5483943802321278,0.39740424505180366
v7-pilots-humanitarian-large-high-high-high-random_geometric-private_fragmented-771105-always_act-always_on,humanitarian,large,high,high,high,random_geometric,private_fragmented,always_on,771105,always_act,50,HUM-46-depot,H18,cancel_risky_dispatch,request_peer_evidence,send_targeted_summary,execute_autonomously,True,False,0.0,False,False,0.6788316142158699,0.05562413227668894,0.9167607248246536,0.6865893333228256,1.0,0.8972901901049487,0.8972901901049487,0.0,0.0,0.0,0.0,1.0,0.8,-0.023938007310876697,0.0,0.6769841888308739,0.6788316142158699,0.4958551932125852,0.5507847507734557,0.4451092779706654,0.3764635719791827
v7-pilots-humanitarian-large-high-high-high-random_geometric-private_fragmented-771105-always_act-always_on,humanitarian,large,high,high,high,random_geometric,private_fragmented,always_on,771105,always_act,50,HUM-47-hub,H11,release_emergency_reserve,request_peer_evidence,send_targeted_summary,execute_autonomously,False,False,0.0,False,False,0.6717131488272995,0.11302417801884063,0.5333437151168889,0.09157071026397548,1.0,0.9223129196345609,0.9223129196345609,0.0,0.0,0.0,0.0,1.0,0.8,0.011198557100115303,0.0,0.5317594410646359,0.6717131488272995,0.49926348943956,0.5518374625424549,0.4421195225074658,0.30306816690332095
v7-pilots-humanitarian-large-high-high-high-random_geometric-private_fragmented-771105-always_act-always_on,humanitarian,large,high,high,high,random_geometric,private_fragmented,always_on,771105,always_act,50,HUM-48-ngo,H14,redirect_vehicle,request_peer_evidence,send_targeted_summary,execute_autonomously,False,False,0.0,False,False,0.5195144097713245,0.23810879587970374,0.4004189690717799,0.0,1.0,0.7965430367421387,0.8012812400060979,0.0027931824033706754,0.002420531218858213,0.001979949730566144,0.04246083231464718,0.9972068175966293,0.3875,-0.17412525021398528,-0.00289542950111088,0.45803489932225033,0.5195144097713245,0.4108519784587834,0.4598411540216334,0.36023651722222,0.22924250824017559
v7-pilots-humanitarian-large-high-high-high-random_geometric-private_fragmented-771105-always_act-always_on,humanitarian,large,high,high,high,random_geometric,private_fragmented,always_on,771105,always_act,50,HUM-49-transport,H17,no_operational_action,request_peer_evidence,send_targeted_summary,execute_autonomously,False,False,0.0,False,False,0.7971391733942017,0.03562956183062849,1.0,0.8360680811029961,1.0,0.9759636825516202,0.9759636825516202,0.0,0.0,0.0,0.0,1.0,0.8,0.06431687751772563,-1.1102230246251565e-16,0.7530836584187477,0.7971391733942017,0.5628465899955858,0.6139718037924752,0.4947984528255647,0.42752713828273603
v7-pilots-humanitarian-large-high-high-high-random_geometric-private_fragmented-771105-always_act-always_on,humanitarian,large,high,high,high,random_geometric,private_fragmented,always_on,771105,always_act,50,HUM-50-local_authority,H10,release_emergency_reserve,request_peer_evidence,send_targeted_summary,execute_autonomously,False,False,0.0,False,False,0.5864463809829497,0.14457969543689653,0.8337041287681338,0.5579792868151223,1.0,0.840983648234416,0.8526254404503731,0.006290204986419523,0.005279553619948585,0.004785393139882244,0.02907669147459435,0.9937097950135805,0.7916666666666666,0.014404587842576366,0.0031367180672134953,0.6147067983698322,0.5864463809829497,0.4536307514327712,0.5049493482146787,0.4488373843875556,0.36351322867659175
v7-pilots-humanitarian-large-high-high-high-random_geometric-private_fragmented-771105-always_act-always_on,humanitarian,large,high,high,high,random_geometric,private_fragmented,always_on,771105,always_act,50,HUM-51-assessment,H13,no_operational_action,request_peer_evidence,send_targeted_summary,execute_autonomously,False,False,0.0,False,False,0.7706909848990425,0.08068050694964346,0.7240213473811953,0.3870883836165285,1.0,0.9204390041926028,0.9204390041926028,0.0,0.0,0.0,0.0,1.0,0.8333333333333334,0.003953934699003736,0.0,0.6363361469336413,0.7706909848990425,0.5383861450077677,0.5925126762368074,0.49035688032426455,0.3705774151390487
v7-pilots-humanitarian-large-high-high-high-random_geometric-private_fragmented-771105-always_act-always_on,humanitarian,large,high,high,high,random_geometric,private_fragmented,always_on,771105,always_act,55,HUM-00-ngo,H20,release_emergency_reserve,request_peer_evidence,negotiate_commitment,execute_autonomously,False,False,0.0,False,False,0.6533015690536401,0.18890339881201298,0.3646030267753375,0.0,1.0,0.9392563712446779,0.9406402288084625,0.001322710582104536,0.001006630614430848,0.0010073194944504316,0.01495260207509097,0.9986772894178955,0.7916666666666666,-0.014716174587220743,-0.004580921399783833,0.5035225334782377,0.6533015690536401,0.49798651524757187,0.5475999775105324,0.45544794749000045,0.29791394356196377
v7-pilots-humanitarian-large-high-high-high-random_geometric-private_fragmented-771105-always_act-always_on,humanitarian,large,high,high,high,random_geometric,private_fragmented,always_on,771105,always_act,55,HUM-01-transport,H23,redirect_vehicle,request_peer_evidence,negotiate_commitment,execute_autonomously,True,False,0.0,False,False,0.812033764429594,0.2046658962765313,0.603159275097543,0.19837882725456024,1.0,0.8843395724955742,0.8843395724955742,0.0,0.0,0.0,0.0,1.0,0.8333333333333334,0.0011540757281403025,0.0,0.6051023984471564,0.812033764429594,0.5458983988957311,0.5976910648289171,0.5077208477270961,0.3595082466441669
v7-pilots-humanitarian-large-high-high-high-random_geometric-private_fragmented-771105-always_act-always_on,humanitarian,large,high,high,high,random_geometric,private_fragmented,always_on,771105,always_act,55,HUM-02-local_authority,H26,no_operational_action,request_peer_evidence,send_targeted_summary,execute_autonomously,False,False,0.0,False,False,0.6459717826364062,0.11933459496876711,0.8282431610380132,0.5463213674858878,1.0,0.9032831929943465,0.9061457458261465,0.007264589052729975,0.004540263783811449,0.008408358144082473,0.04580176356294052,0.99273541094727,0.725,0.08714755226371407,-0.0024572537213465306,0.6321475342929912,0.6459717826364062,0.4943799359769711,0.5431270754918047,0.48592682932296016,0.38147943268493867
v7-pilots-humanitarian-large-high-high-high-random_geometric-private_fragmented-771105-always_act-always_on,humanitarian,large,high,high,high,random_geometric,private_fragmented,always_on,771105,always_act,55,HUM-03-assessment,H29,allocate_shipment,request_peer_evidence,negotiate_commitment,execute_autonomously,True,False,0.0,False,False,0.7030428466665353,0.1253242525291247,1.0,0.8338823145160329,1.0,0.9658994718345849,0.9669493187911081,0.0020315741804929344,0.0015796548018175427,0.0015541473745718237,0.07162668349046286,0.9979684258195071,0.725,0.049295174402491426,-0.0008346737831596007,0.7205663233504699,0.7030428466665353,0.5255362104779505,0.5753247228091581,0.5491505545054484,0.4451094654577069
v7-pilots-humanitarian-large-high-high-high-random_geometric-private_fragmented-771105-always_act-always_on,humanitarian,large,high,high,high,random_geometric,private_fragmented,always_on,771105,always_act,55,HUM-04-clinic,H22,no_operational_action,request_peer_evidence,send_targeted_summary,execute_autonomously,False,False,0.0,False,False,0.8103350818553292,0.17195337047553616,0.8181579716001798,0.5321584592366595,1.0,0.9259284418961574,0.9259284418961574,0.0,0.0,0.0,0.0,1.0,0.8,0.04687691036458275,0.0,0.6846319580476102,0.8103350818553292,0.555616143216171,0.6055086713960467,0.5003407343792383,0.3947528380278913
v7-pilots-humanitarian-large-high-high-high-random_geometric-private_fragmented-771105-always_act-always_on,humanitarian,large,high,high,high,random_geometric,private_fragmented,always_on,771105,always_act,55,HUM-05-shelter,H25,no_operational_action,request_peer_evidence,send_targeted_summary,execute_autonomously,False,False,0.0,False,False,0.7863751212879067,0.1548816481418656,0.7983092547329991,0.5010215585063723,1.0,0.8843487075157703,0.8843487075157703,0.0,0.0,0.0,0.0,1.0,0.8,-0.04931332521541176,0.0,0.6690127152794176,0.7863751212879067,0.5356372253941053,0.5893030042223928,0.4902775509409208,0.3843076209813786
v7-pilots-humanitarian-large-high-high-high-random_geometric-private_fragmented-771105-always_act-always_on,humanitarian,large,high,high,high,random_geometric,private_fragmented,always_on,771105,always_act,55,HUM-06-depot,H28,release_emergency_reserve,request_peer_evidence,negotiate_commitment,execute_autonomously,False,False,0.0,False,False,0.7149104776543906,0.06377493427941294,1.0,0.8793251904377923,1.0,0.944928156375706,0.944928156375706,0.0,0.0,0.0,0.0,1.0,0.8,0.037743839610185015,0.0,0.735507608107563,0.7149104776543906,0.5221962301556827,0.5745658927900288,0.4602624006148441,0.40969395659576446
v7-pilots-humanitarian-large-high-high-high-random_geometric-private_fragmented-771105-always_act-always_on,humanitarian,large,high,high,high,random_geometric,private_fragmented,always_on,771105,always_act,55,HUM-07-hub,H21,release_emergency_reserve,request_peer_evidence,negotiate_commitment,execute_autonomously,False,False,0.0,False,False,0.6333320706737482,0.16586049063514235,0.700639872363642,0.3503590081849325,1.0,0.9111859380778903,0.9112856742857515,0.0031864756261579252,0.002812829661139271,0.0019721690467470188,0.02346710324270207,0.9968135243738421,0.725,-0.0180333887763503,0.0006399143339387292,0.5808190659934582,0.6333320706737482,0.48559037866559296,0.5362823922869349,0.44666946661188134,0.3339867957036162
v7-pilots-humanitarian-large-high-high-high-random_geometric-private_fragmented-771105-always_act-always_on,humanitarian,large,high,high,high,random_geometric,private_fragmented,always_on,771105,always_act,55,HUM-08-ngo,H24,cancel_risky_dispatch,request_peer_evidence,negotiate_commitment,execute_autonomously,True,False,0.0,False,False,0.6871078849460031,0.07219788829853702,0.5030348479859441,0.04261851334317024,1.0,0.9143143795260485,0.9143621652739019,5.6249941247976665e-05,4.985251551403724e-05,3.432473775899503e-05,0.08712756715068903,0.999943750058752,0.725,-0.01751125924742125,-0.003563713246020561,0.5252451240840019,0.6871078849460031,0.5035004987776606,0.5570024088862606,0.5660192137463687,0.35516889423869574
v7-pilots-humanitarian-large-high-high-high-random_geometric-private_fragmented-771105-always_act-always_on,humanitarian,large,high,high,high,random_geometric,private_fragmented,always_on,771105,always_act,55,HUM-09-transport,H27,redirect_vehicle,request_peer_evidence,negotiate_commitment,execute_autonomously,True,False,0.0,False,False,0.8565379561685217,0.32356298275231554,0.5912421297718629,0.17792224255599867,1.0,0.8490982274159482,0.8512383925791045,0.0021281967572026605,0.0014006601270386554,0.002339727686170634,0.06742460054669008,0.9978718032427973,0.725,-0.0777672817807723,-0.0008673422302282185,0.6153242433107371,0.8565379561685217,0.5578692147814794,0.6038771158390374,0.607231334421748,0.40662606935935236
v7-pilots-humanitarian-large-high-high-high-random_geometric-private_fragmented-771105-always_act-always_on,humanitarian,large,high,high,high,random_geometric,private_fragmented,always_on,771105,always_act,55,HUM-10-local_authority,H20,cancel_risky_dispatch,request_peer_evidence,negotiate_commitment,execute_autonomously,True,False,0.0,False,False,0.7252725330653664,0.0014189585819495143,0.5163634514982771,0.06365156032798813,1.0,0.9420854280948051,0.9433306804853626,0.0023148339910827875,0.0017351994652171632,0.0018354069135498863,0.023453069042292052,0.9976851660089172,0.7916666666666666,0.033677078263727456,-0.004827114427243928,0.5432690357209418,0.7252725330653664,0.5288711378373637,0.5797104146256018,0.49859646216507114,0.3328093134113421
v7-pilots-humanitarian-large-high-high-high-random_geometric-private_fragmented-771105-always_act-always_on,humanitarian,large,high,high,high,random_geometric,private_fragmented,always_on,771105,always_act,55,HUM-11-assessment,H23,revise_delivery_priority,request_peer_evidence,negotiate_commitment,execute_autonomously,True,True,22.799177567016258,True,False,0.7886748031748532,0.07986804781194709,0.845147258352305,0.5734602012994413,1.0,0.9346018962174588,0.9349566776621174,0.001497131550682318,0.0010043701878053035,0.0015311913224915763,0.04553609952941761,0.9985028684493177,0.6666666666666666,-0.013863265344351783,-0.006873775951667049,0.687179881391316,0.7886748031748532,0.5512163794952613,0.6032962486904576,0.5337916219514864,0.4109078101273432
v7-pilots-humanitarian-large-high-high-high-random_geometric-private_fragmented-771105-always_act-always_on,humanitarian,large,high,high,high,random_geometric,private_fragmented,always_on,771105,always_act,55,HUM-12-clinic,H26,allocate_shipment,request_peer_evidence,negotiate_commitment,execute_autonomously,True,True,4.725670403497358,True,False,0.8282983145678167,0.29746994265166354,0.879488076137473,0.6257509858900505,1.0,0.8206722281601648,0.8412272706189304,0.01659754877617392,0.013083338517528631,0.014560246435238788,0.0793073175303213,0.9834024512238261,0.3875,-0.05620757618513017,-0.0026199915763287507,0.7132016635666698,0.8282983145678167,0.5597239511538113,0.6061050527931919,0.5459324147645713,0.43089349631735296
v7-pilots-humanitarian-large-high-high-high-random_geometric-private_fragmented-771105-always_act-always_on,humanitarian,large,high,high,high,random_geometric,private_fragmented,always_on,771105,always_act,55,HUM-13-shelter,H29,cancel_risky_dispatch,request_peer_evidence,negotiate_commitment,execute_autonomously,True,False,0.0,False,False,0.8549544637461446,0.16887194781531267,0.35329329294381445,0.0,1.0,0.9106767314371915,0.9106767314371915,0.0,0.0,0.0,0.0,1.0,0.8,0.0561189152767384,0.0,0.5720845176736892,0.8549544637461446,0.5696509683577557,0.6202882478541119,0.5190808747733807,0.34338724984892055
v7-pilots-humanitarian-large-high-high-high-random_geometric-private_fragmented-771105-always_act-always_on,humanitarian,large,high,high,high,random_geometric,private_fragmented,always_on,771105,always_act,55,HUM-14-depot,H22,release_emergency_reserve,request_peer_evidence,negotiate_commitment,execute_autonomously,False,False,0.0,False,False,0.6558074505199124,0.16995565923427133,0.8337997218087992,0.5564031720600197,1.0,0.9364320108317816,0.9409934472422496,0.006302991501737076,0.005688429730675293,0.0037313546205745007,0.03867090724910238,0.9936970084982629,0.725,0.035803007749236615,0.005994151223700617,0.637911294471175,0.6558074505199124,0.5052551710183423,0.5552871802170998,0.47921890823699886,0.3830277693957272
v7-pilots-humanitarian-large-high-high-high-random_geometric-private_fragmented-771105-always_act-always_on,humanitarian,large,high,high,high,random_geometric,private_fragmented,always_on,771105,always_act,55,HUM-15-hub,H25,revise_delivery_priority,request_peer_evidence,negotiate_commitment,execute_autonomously,True,False,0.0,False,False,0.7055849155758188,0.020708449006749508,0.808080705148834,0.5161673066509165,1.0,0.9324607557704429,0.9344589832572171,0.0026250729292389696,0.0018953190160928557,0.002233167128321112,0.060710863361822076,0.997374927070761,0.725,0.006649550564527207,0.0013468392357455228,0.6451790248919984,0.7055849155758188,0.5190242572738728,0.5697087210478485,0.5336261768518135,0.4014340053352919
v7-pilots-humanitarian-large-high-high-high-random_geometric-private_fragmented-771105-always_act-always_on,humanitarian,large,high,high,high,random_geometric,private_fragmented,always_on,771105,always_act,55,HUM-16-ngo,H28,release_emergency_reserve,request_peer_evidence,send_targeted_summary,execute_autonomously,False,False,0.0,False,False,0.5986749650152907,0.20419444926843267,0.816521513735042,0.5284712612383353,1.0,0.8828695433332961,0.8828695433332961,0.0,0.0,0.0,0.0,1.0,0.8,0.013420760096905404,0.0,0.6117825908023993,0.5986749650152907,0.46018737183944036,0.5108202854118168,0.4114434853064221,0.3350455415528817
v7-pilots-humanitarian-large-high-high-high-random_geometric-private_fragmented-771105-always_act-always_on,humanitarian,large,high,high,high,random_geometric,private_fragmented,always_on,771105,always_act,55,HUM-17-transport,H21,redirect_vehicle,request_peer_evidence,send_targeted_summary,execute_autonomously,True,False,0.0,False,False,0.7745371275758054,0.002833405108347564,0.5191482384057007,0.06904697555012351,1.0,0.9677392188071308,0.9684564932670827,0.002494401511221378,0.0018277329824530897,0.0020025610696745577,0.0158985866739092,0.9975055984887786,0.725,0.12222259254095114,-0.0015642742527646192,0.5613138975078035,0.7745371275758054,0.5552418178478148,0.6061057010108095,0.49447144532618026,0.33325666721234226
v7-pilots-humanitarian-large-high-high-high-random_geometric-private_fragmented-771105-always_act-always_on,humanitarian,large,high,high,high,random_geometric,private_fragmented,always_on,771105,always_act,55,HUM-18-local_authority,H24,no_operational_action,request_peer_evidence,send_targeted_summary,execute_autonomously,False,False,0.0,False,False,0.7060262975863492,0.05334358235155559,0.730996206093829,0.39595861841039187,1.0,0.9227427518666661,0.923541395691621,0.0008510163980931518,0.0008006410245914308,0.00044959147104661756,0.020908571842721244,0.9991489836019068,0.3875,0.027051260425336343,-0.004501201377414055,0.6164790095978527,0.7060262975863492,0.5142876299585366,0.5679150331466073,0.40581207418720294,0.3115063349969528
v7-pilots-humanitarian-large-high-high-high-random_geometric-private_fragmented-771105-always_act-always_on,humanitarian,large,high,high,high,random_geometric,private_fragmented,always_on,771105,always_act,55,HUM-19-assessment,H27,allocate_shipment,request_peer_evidence,send_targeted_summary,execute_autonomously,True,False,0.0,False,False,0.6921439574941903,0.015089647231861847,1.0,0.8177231874801745,1.0,0.8945162543859673,0.8966490071078015,0.0018157028713166046,0.0013055793957020834,0.001563714829714291,0.03934958505038299,0.9981842971286834,0.725,0.043492922534865586,0.0012218232318788047,0.7129825105432666,0.6921439574941903,0.5030286306140113,0.554571304090836,0.495511831424142,0.417472977980913
v7-pilots-humanitarian-large-high-high-high-random_geometric-private_fragmented-771105-always_act-always_on,humanitarian,large,high,high,high,random_geometric,private_fragmented,always_on,771105,always_act,55,HUM-20-clinic,H20,allocate_shipment,request_peer_evidence,send_targeted_summary,execute_autonomously,True,False,0.0,False,False,0.8066269908513878,0.28881632356432707,0.6062765648430591,0.20301688601240037,1.0,0.8202347525055981,0.8359278462636889,0.014455071679100207,0.01070543782183564,0.013318668797527633,0.10915314868461756,0.9855449283208998,0.7916666666666666,-0.047747633843654436,0.010614650039741824,0.604377229532448,0.8066269908513878,0.547946584817695,0.591176865924532,0.6630294554915349,0.45490717792921076
v7-pilots-humanitarian-large-high-high-high-random_geometric-private_fragmented-771105-always_act-always_on,humanitarian,large,high,high,high,random_geometric,private_fragmented,always_on,771105,always_act,55,HUM-21-shelter,H23,revise_delivery_priority,request_peer_evidence,send_targeted_summary,execute_autonomously,True,False,0.0,False,False,0.8071542305412224,0.16561632939308712,0.5670970675691772,0.14248240558559327,1.0,0.9055957174846438,0.9055957174846438,0.0,0.0,0.0,0.0,1.0,0.8333333333333334,0.0006347419672193544,0.0,0.590028215724558,0.8071542305412224,0.5492606215876499,0.6017159491163946,0.5056714434939801,0.3514344065551468
v7-pilots-humanitarian-large-high-high-high-random_geometric-private_fragmented-771105-always_act-always_on,humanitarian,large,high,high,high,random_geometric,private_fragmented,always_on,771105,always_act,55,HUM-22-depot,H26,release_emergency_reserve,request_peer_evidence,send_targeted_summary,execute_autonomously,False,False,0.0,False,False,0.6682285297233322,0.1389066453385479,0.7213953133206883,0.3807072035240342,1.0,0.9300382342862779,0.9384785249287293,0.019641274004224663,0.01682258637924261,0.01309377130254652,0.0516220421797448,0.9803587259957753,0.2,0.10550822962670647,0.008386315406928357,0.5999674289517012,0.6682285297233322,0.5272987540668169,0.5768827667838506,0.39912148659701163,0.32045965064227616
v7-pilots-humanitarian-large-high-high-high-random_geometric-private_fragmented-771105-always_act-always_on,humanitarian,large,high,high,high,random_geometric,private_fragmented,always_on,771105,always_act,55,HUM-23-hub,H29,revise_delivery_priority,request_peer_evidence,send_targeted_summary,execute_autonomously,True,False,0.0,False,False,0.5888715094242907,0.2578033671827149,0.8832266456118905,0.6318180239820359,1.0,0.903218919976315,0.903218919976315,0.0,0.0,0.0,0.0,1.0,0.8,-0.005357158152903718,0.0,0.6332526389599474,0.5888715094242907,0.46135333376379506,0.5091316573711432,0.4073260339582021,0.34470218551664566
v7-pilots-humanitarian-large-high-high-high-random_geometric-private_fragmented-771105-always_act-always_on,humanitarian,large,high,high,high,random_geometric,private_fragmented,always_on,771105,always_act,55,HUM-24-ngo,H22,release_emergency_reserve,request_peer_evidence,send_targeted_summary,execute_autonomously,False,False,0.0,False,False,0.7364092438015208,0.007120195470790014,0.563343380944134,0.13719584371978857,1.0,0.9095159140674635,0.9095159140674635,0.0,0.0,0.0,0.0,1.0,0.8,0.027125145452468025,0.0,0.5647061453852664,0.7364092438015208,0.5219426760374742,0.5769273849069474,0.46929188239663877,0.3266580895108005
v7-pilots-humanitarian-large-high-high-high-random_geometric-private_fragmented-771105-always_act-always_on,humanitarian,large,high,high,high,random_geometric,private_fragmented,always_on,771105,always_act,55,HUM-25-transport,H25,no_operational_action,request_peer_evidence,send_targeted_summary,execute_autonomously,False,False,0.0,False,False,0.7557277479736183,0.14218506688478952,0.6496354030707888,0.2705770884299463,1.0,0.8590454723610493,0.8611919623035889,0.0016180944623049864,0.0013235378346997395,0.0012782982957080247,0.05376997154768448,0.998381905537695,0.725,-0.014934313452313774,-0.0018778580602193395,0.6032859355342174,0.7557277479736183,0.5193177995269367,0.5731588983292366,0.5441360109014001,0.37892805241581456
v7-pilots-humanitarian-large-high-high-high-random_geometric-private_fragmented-771105-always_act-always_on,humanitarian,large,high,high,high,random_geometric,private_fragmented,always_on,771105,always_act,55,HUM-26-local_authority,H28,release_emergency_reserve,request_peer_evidence,send_targeted_summary,execute_autonomously,False,False,0.0,False,False,0.6691109728307731,0.11866587906905784,0.769348352089069,0.4553528606870773,1.0,0.919696801194851,0.919696801194851,0.0,0.0,0.0,0.0,1.0,0.8,0.06124163033897678,0.0,0.6181824173273615,0.6691109728307731,0.497568589431022,0.5501050033763589,0.44102660858892473,0.3459934156750658
v7-pilots-humanitarian-large-high-high-high-random_geometric-private_fragmented-771105-always_act-always_on,humanitarian,large,high,high,high,random_geometric,private_fragmented,always_on,771105,always_act,55,HUM-27-assessment,H21,allocate_shipment,request_peer_evidence,send_targeted_summary,execute_autonomously,False,False,0.0,False,False,0.745551420222669,0.14957165985353849,0.5393959479224989,0.10043092530116068,1.0,0.854210965974813,0.854210965974813,0.0,0.0,0.0,0.0,1.0,0.8,-0.03369097245282704,0.0,0.558990904947986,0.745551420222669,0.5117733095827709,0.5642200176989225,0.473131596493521,0.3248061086984866
v7-pilots-humanitarian-large-high-high-high-random_geometric-private_fragmented-771105-always_act-always_on,humanitarian,large,high,high,high,random_geometric,private_fragmented,always_on,771105,always_act,55,HUM-28-clinic,H24,cancel_risky_dispatch,request_peer_evidence,send_targeted_summary,execute_autonomously,True,False,0.0,False,False,0.8268856982505814,0.1327704754162312,0.6510014328708698,0.27196671991480503,1.0,0.9380825434078021,0.9401948662998514,0.0023246917683267254,0.0023153985107567943,0.0011626679306340204,0.0480122590025156,0.9976753082316733,0.725,0.037323051723324285,0.0008881387807879726,0.6278131501847509,0.8268856982505814,0.5685294836278405,0.621708440030911,0.5652706269490679,0.39601467090527825
v7-pilots-humanitarian-large-high-high-high-random_geometric-private_fragmented-771105-always_act-always_on,humanitarian,large,high,high,high,random_geometric,private_fragmented,always_on,771105,always_act,55,HUM-29-shelter,H27,revise_delivery_priority,request_peer_evidence,send_targeted_summary,execute_autonomously,True,False,0.0,False,False,0.8563427458878464,0.11266496726604941,0.4789418480588968,0.003856805900901261,1.0,0.7674770642541322,0.7674770642541322,0.0,0.0,0.0,0.0,1.0,0.8,-0.10634086115678432,0.0,0.5734821670180842,0.8563427458878464,0.5344063644186716,0.5920063124798127,0.5196639532728955,0.3442387855567052
v7-pilots-humanitarian-large-high-high-high-random_geometric-private_fragmented-771105-always_act-always_on,humanitarian,large,high,high,high,random_geometric,private_fragmented,always_on,771105,always_act,55,HUM-30-depot,H20,release_emergency_reserve,request_peer_evidence,send_targeted_summary,execute_autonomously,False,False,0.0,False,False,0.7171862702260201,0.0946765050627047,0.47574324745034374,0.0006902440536914467,1.0,0.9612670053619246,0.9625689244350394,0.00152226221316476,0.0013457810508277213,0.000855387010651798,0.01748373991302732,0.9984777377868352,0.7916666666666666,0.015956769328841602,-0.0038524280230255448,0.5254089904497328,0.7171862702260201,0.5293224265293198,0.5804791277925463,0.4861268514960633,0.3178230429605699
v7-pilots-humanitarian-large-high-high-high-random_geometric-private_fragmented-771105-always_act-always_on,humanitarian,large,high,high,high,random_geometric,private_fragmented,always_on,771105,always_act,55,HUM-31-hub,H23,release_emergency_reserve,request_peer_evidence,send_targeted_summary,execute_autonomously,False,False,0.0,False,False,0.6614063911933796,0.09478412392222263,0.7909681251426584,0.48948254482448905,1.0,0.913207670361646,0.9132456918306299,3.672179928138064e-05,3.051366886264173e-05,2.5686084619502836e-05,0.05587402871894542,0.9999632782007186,0.7916666666666666,0.12080624859441813,-0.004134177834545949,0.6237539837636265,0.6614063911933796,0.4929158845867573,0.544900010827692,0.5210525412873498,0.387516864544795
v7-pilots-humanitarian-large-high-high-high-random_geometric-private_fragmented-771105-always_act-always_on,humanitarian,large,high,high,high,random_geometric,private_fragmented,always_on,771105,always_act,55,HUM-32-ngo,H26,cancel_risky_dispatch,request_peer_evidence,send_targeted_summary,execute_autonomously,True,False,0.0,False,False,0.5866807702670553,0.136725465887636,0.7418892970715022,0.4124728783377957,1.0,0.8349606290382944,0.8561628011875134,0.020848186104735933,0.017078292964744057,0.017907956697838845,0.041125058652231115,0.9791518138952641,0.5666666666666667,-0.07271346892789798,0.0001277974411511007,0.5798649526918698,0.5866807702670553,0.4725999259130261,0.5216973861716994,0.42224934599688785,0.33730263814186623
v7-pilots-humanitarian-large-high-high-high-random_geometric-private_fragmented-771105-always_act-always_on,humanitarian,large,high,high,high,random_geometric,private_fragmented,always_on,771105,always_act,55,HUM-33-transport,H29,no_operational_action,request_peer_evidence,send_targeted_summary,execute_autonomously,False,False,0.0,False,False,0.8685831036305137,0.20472744632472184,0.5337119738829325,0.09007028280215093,1.0,0.8637058908861369,0.865065678434409,0.0009124042235513219,0.0006821865258207493,0.000799148784929482,0.023932169481757803,0.9990875957764487,0.725,0.028042996033083356,-0.0017617997236901717,0.5983351231068909,0.8685831036305137,0.5646370800867117,0.6157724657344752,0.5461818011370876,0.36653042775608663
v7-pilots-humanitarian-large-high-high-high-random_geometric-private_fragmented-771105-always_act-always_on,humanitarian,large,high,high,high,random_geometric,private_fragmented,always_on,771105,always_act,55,HUM-34-local_authority,H22,no_operational_action,request_peer_evidence,send_targeted_summary,execute_autonomously,False,False,0.0,False,False,0.7424960320502242,0.04649031578817958,0.47323155914945514,0.0,1.0,0.9466881782205474,0.9509031239262782,0.006071090983550409,0.005219144204054116,0.004223817965304133,0.03527902360367474,0.9939289090164496,0.725,0.04214532717018005,-0.006771724055017803,0.5338486508970762,0.7424960320502242,0.5421699847521971,0.5952259999135743,0.5104724493386797,0.3332624514433196
v7-pilots-humanitarian-large-high-high-high-random_geometric-private_fragmented-771105-always_act-always_on,humanitarian,large,high,high,high,random_geometric,private_fragmented,always_on,771105,always_act,55,HUM-35-assessment,H25,allocate_shipment,request_peer_evidence,send_targeted_summary,execute_autonomously,False,False,0.0,False,False,0.6908032080473316,0.13129808379385902,0.7056579056995628,0.35741196750454596,1.0,0.9533812908559376,0.9533871975666814,1.562438590596571e-05,1.1505385719590144e-05,1.2955012930859766e-05,0.025884806109670144,0.999984375614094,0.725,0.054392417110491476,-0.001582172470295129,0.6020519629371838,0.6908032080473316,0.5146884800731854,0.5655088840197047,0.47448225266657795,0.3494041392402888
v7-pilots-humanitarian-large-high-high-high-random_geometric-private_fragmented-771105-always_act-always_on,humanitarian,large,high,high,high,random_geometric,private_fragmented,always_on,771105,always_act,55,HUM-36-clinic,H28,cancel_risky_dispatch,request_peer_evidence,send_targeted_summary,execute_autonomously,True,False,0.0,False,False,0.7110219737044549,0.015418358588102477,1.0,0.8816274582395316,1.0,0.9356019199834874,0.9356019199834874,0.0,0.0,0.0,0.0,1.0,0.8,0.0297624947902293,0.0,0.7347380610370022,0.7110219737044549,0.5183092694776538,0.5697601341649166,0.45862922895587105,0.4088814476259912
v7-pilots-humanitarian-large-high-high-high-random_geometric-private_fragmented-771105-always_act-always_on,humanitarian,large,high,high,high,random_geometric,private_fragmented,always_on,771105,always_act,55,HUM-37-shelter,H21,no_operational_action,request_peer_evidence,send_targeted_summary,execute_autonomously,False,False,0.0,False,False,0.8076546835652876,0.14648848004514653,0.5389511443044185,0.0997414796931361,1.0,0.9389130841847584,0.9389130841847584,0.0,0.0,0.0,0.0,1.0,0.8,0.04594252044465763,0.0,0.5799405475385505,0.8076546835652876,0.5577901444723046,0.608094057784702,0.4992149670974208,0.34211228896145685
v7-pilots-humanitarian-large-high-high-high-random_geometric-private_fragmented-771105-always_act-always_on,humanitarian,large,high,high,high,random_geometric,private_fragmented,always_on,771105,always_act,55,HUM-38-depot,H24,release_emergency_reserve,request_peer_evidence,send_targeted_summary,execute_autonomously,False,False,0.0,False,False,0.6992032783555135,0.05234339116431247,0.23808369077240726,0.0,1.0,0.9001303263917338,0.900180139220542,5.62864886025638e-05,5.0693781792676695e-05,3.646021527003995e-05,0.05317694672523534,0.9999437135113974,0.5666666666666667,-0.033863178925835014,-0.01191030878691457,0.5191291146408746,0.6992032783555135,0.5047926940241825,0.5604234893890775,0.4878276692650067,0.3081676935270536
v7-pilots-humanitarian-large-high-high-high-random_geometric-private_fragmented-771105-always_act-always_on,humanitarian,large,high,high,high,random_geometric,private_fragmented,always_on,771105,always_act,55,HUM-39-hub,H27,revise_delivery_priority,request_peer_evidence,send_targeted_summary,execute_autonomously,True,False,0.0,False,False,0.714864991455963,0.07822976840303203,0.7407760176701689,0.40969976879837294,1.0,0.9569428387395864,0.9569428387395864,0.0,0.0,0.0,0.0,1.0,0.8,0.05604886620549332,0.0,0.622782041606637,0.714864991455963,0.5251817062672819,0.576507526038139,0.4602432964115045,0.3533261698634744
v7-pilots-humanitarian-large-high-high-high-random_geometric-private_fragmented-771105-always_act-always_on,humanitarian,large,high,high,high,random_geometric,private_fragmented,always_on,771105,always_act,55,HUM-40-ngo,H20,cancel_risky_dispatch,request_peer_evidence,send_targeted_summary,execute_autonomously,True,False,0.0,False,False,0.6587180104805825,0.08938019463001595,1.0,0.9622530591574852,1.0,0.9060163603687562,0.91337290256793,0.008077267767146235,0.006451644481608176,0.0061067345131176065,0.07164230076267786,0.9919227322328538,0.7916666666666666,0.04797345315485413,0.0008961506381540696,0.7363048577611945,0.6587180104805825,0.5012994691584268,0.5521353308914567,0.5438911948944483,0.46300352812063056
v7-pilots-humanitarian-large-high-high-high-random_geometric-private_fragmented-771105-always_act-always_on,humanitarian,large,high,high,high,random_geometric,private_fragmented,always_on,771105,always_act,55,HUM-41-transport,H23,no_operational_action,request_peer_evidence,send_targeted_summary,execute_autonomously,False,False,0.0,False,False,0.7950087654828031,0.14767362058566216,0.7140000959648207,0.3701820995988407,1.0,0.9080625762621573,0.9099035546855407,0.0015501379245563829,0.0012721672511993853,0.0011503554530361004,0.0429858505157491,0.9984498620754436,0.7916666666666666,0.10747548378213301,-0.007151572980429455,0.6405466841678749,0.7950087654828031,0.5471893433530395,0.5996546903748823,0.5575755076200493,0.4026130668572837
v7-pilots-humanitarian-large-high-high-high-random_geometric-private_fragmented-771105-always_act-always_on,humanitarian,large,high,high,high,random_geometric,private_fragmented,always_on,771105,always_act,55,HUM-42-local_authority,H26,no_operational_action,request_peer_evidence,send_targeted_summary,execute_autonomously,False,False,0.0,False,False,0.6523147653158657,0.046347125128140654,0.8552370779846499,0.5881619387531746,1.0,0.8503706888343874,0.8559015471085417,0.008471607763633648,0.005829202671649547,0.009093194088221956,0.033609708514610495,0.9915283922363664,0.5666666666666667,0.009827766644754377,0.0074563355152649224,0.6443458855081563,0.6523147653158657,0.48537882920403025,0.5380863526672796,0.4383922917082049,0.3658578980590944
v7-pilots-humanitarian-large-high-high-high-random_geometric-private_fragmented-771105-always_act-always_on,humanitarian,large,high,high,high,random_geometric,private_fragmented,always_on,771105,always_act,55,HUM-43-assessment,H29,revise_delivery_priority,request_peer_evidence,send_targeted_summary,execute_autonomously,True,False,0.0,False,False,0.8223997843053983,0.19365253839809426,0.7049177403629486,0.3554392208461761,1.0,0.9190697285195937,0.9190697285195937,0.0,0.0,0.0,0.0,1.0,0.8,0.09704122136965077,0.0,0.6463213396669177,0.8223997843053983,0.5587273458520577,0.6086050484250799,0.5054079094082673,0.3769246461070527
v7-pilots-humanitarian-large-high-high-high-random_geometric-private_fragmented-771105-always_act-always_on,humanitarian,large,high,high,high,random_geometric,private_fragmented,always_on,771105,always_act,55,HUM-44-clinic,H22,revise_delivery_priority,request_peer_evidence,send_targeted_summary,execute_autonomously,True,False,0.0,False,False,0.8092316899348704,0.1258871411231409,0.6617430392848725,0.2897153141479332,1.0,0.9111712645167782,0.9111712645167782,0.0,0.0,0.0,0.0,1.0,0.8,-0.004517562136706177,0.0,0.6260704499733599,0.8092316899348704,0.5514854921031427,0.605456696640331,0.49987730977264555,0.36535071087951576
v7-pilots-humanitarian-large-high-high-high-random_geometric-private_fragmented-771105-always_act-always_on,humanitarian,large,high,high,high,random_geometric,private_fragmented,always_on,771105,always_act,55,HUM-45-shelter,H25,cancel_risky_dispatch,request_peer_evidence,send_targeted_summary,execute_autonomously,True,False,0.0,False,False,0.872123576952234,0.326931569612504,0.9494088919661662,0.7352259962177813,1.0,0.8644049904815556,0.8644541751439093,4.04538781125785e-05,3.315795528646692e-05,3.250818911337827e-05,0.06403132072225637,0.9999595461218874,0.725,-0.025710974427032074,-0.00459472269130301,0.754376255256027,0.872123576952234,0.5650073138306402,0.6118249450515794,0.6086195098177679,0.4732776103090755
v7-pilots-humanitarian-large-high-high-high-random_geometric-private_fragmented-771105-always_act-always_on,humanitarian,large,high,high,high,random_geometric,private_fragmented,always_on,771105,always_act,55,HUM-46-depot,H28,cancel_risky_dispatch,request_peer_evidence,send_targeted_summary,execute_autonomously,True,False,0.0,False,False,0.666825104171764,0.09932116218039494,1.0,0.8729396830093998,1.0,0.9275266601533865,0.9275266601533865,0.0,0.0,0.0,0.0,1.0,0.8,-0.027637486450096893,0.0,0.7176260593406557,0.666825104171764,0.49861170670705224,0.5496755437911065,0.4400665437521409,0.3954637911292219
v7-pilots-humanitarian-large-high-high-high-random_geometric-private_fragmented-771105-always_act-always_on,humanitarian,large,high,high,high,random_geometric,private_fragmented,always_on,771105,always_act,55,HUM-47-hub,H21,revise_delivery_priority,request_peer_evidence,send_targeted_summary,execute_autonomously,True,False,0.0,False,False,0.6423784209915064,0.11797158284091835,0.969957708661125,0.7678016544460311,1.0,0.891398334893422,0.891398334893422,0.0,0.0,0.0,0.0,1.0,0.8,0.008170815514531249,0.0,0.6840810602041597,0.6423784209915064,0.4798009521199581,0.5331919127496451,0.4297989368164327,0.37600215641114554
v7-pilots-humanitarian-large-high-high-high-random_geometric-private_fragmented-771105-always_act-always_on,humanitarian,large,high,high,high,random_geometric,private_fragmented,always_on,771105,always_act,55,HUM-48-ngo,H24,release_emergency_reserve,request_peer_evidence,send_targeted_summary,execute_autonomously,False,False,0.0,False,False,0.7153646226966679,0.07281745249188623,0.5784616862605754,0.15953011266884873,1.0,0.9494106458892084,0.9516862780578436,0.0031646447324124027,0.002409648429351652,0.0024492308269142837,0.039546560694451484,0.9968353552675876,0.3875,0.023510791846649726,-0.011864102049901182,0.5629111987573908,0.7153646226966679,0.5279290131763467,0.5787576769855967,0.4380639137881668,0.30146428421177035
v7-pilots-humanitarian-large-high-high-high-random_geometric-private_fragmented-771105-always_act-always_on,humanitarian,large,high,high,high,random_geometric,private_fragmented,always_on,771105,always_act,55,HUM-49-transport,H27,cancel_risky_dispatch,request_peer_evidence,send_targeted_summary,execute_autonomously,True,False,0.0,False,False,0.6625257415618754,0.07941343933988304,0.8040460029145227,0.5077682459271213,1.0,0.8883711308747361,0.8883711308747361,0.0,0.0,0.0,0.0,1.0,0.8,-0.021457631113887654,0.0,0.6285231311535467,0.6625257415618754,0.4871030793434342,0.5421591644181634,0.43826081145598766,0.3504393971485797
v7-pilots-humanitarian-large-high-high-high-random_geometric-private_fragmented-771105-always_act-always_on,humanitarian,large,high,high,high,random_geometric,private_fragmented,always_on,771105,always_act,55,HUM-50-local_authority,H20,release_emergency_reserve,request_peer_evidence,send_targeted_summary,execute_autonomously,False,False,0.0,False,False,0.7360756145805372,0.03336563581134028,0.6252952787051672,0.23249589249866784,1.0,0.9231990856475956,0.9260009032831307,0.003234926268557703,0.0027062356305426194,0.0020801005272093054,0.043406745322925655,0.9967650737314423,0.7916666666666666,0.02197943508821787,-7.274883363261875e-05,0.5874647231570629,0.7360756145805372,0.5297589140200946,0.5818453327776365,0.5334633443480059,0.37131370934604807
v7-pilots-humanitarian-large-high-high-high-random_geometric-private_fragmented-771105-always_act-always_on,humanitarian,large,high,high,high,random_geometric,private_fragmented,always_on,771105,always_act,55,HUM-51-assessment,H23,cancel_risky_dispatch,request_peer_evidence,send_targeted_summary,execute_autonomously,True,False,0.0,False,False,0.7666749561388002,0.06052661815521654,1.0,1.0,1.0,0.9492028215020761,0.9492028215020761,0.0,0.0,0.0,0.0,1.0,0.8333333333333334,0.08342034820736843,0.0,0.782069485087192,0.7666749561388002,0.5439706878310392,0.5951648142227479,0.48867014824496274,0.44300232105219745
v7-pilots-humanitarian-large-high-high-high-random_geometric-private_fragmented-771105-always_act-always_on,humanitarian,large,high,high,high,random_geometric,private_fragmented,always_on,771105,always_act,60,HUM-00-ngo,H00,no_operational_action,request_peer_evidence,send_targeted_summary,execute_autonomously,False,False,0.0,False,False,0.6333596922415303,0.1874549835933773,0.0,0.0,0.0,0.921313603549833,0.9236941861638819,0.00422035097049811,0.0033675250432119164,0.0033808731920563773,0.03922002858259854,0.9957796490295019,0.7916666666666666,0.1127555552589462,-0.0050122330395478976,0.2767422953621203,0.6333596922415303,0.48958076914276777,0.5387445326015958,0.4839588475203258,0.3126963620373758
v7-pilots-humanitarian-large-high-high-high-random_geometric-private_fragmented-771105-always_act-always_on,humanitarian,large,high,high,high,random_geometric,private_fragmented,always_on,771105,always_act,60,HUM-01-transport,H03,cancel_risky_dispatch,request_peer_evidence,negotiate_commitment,execute_autonomously,True,False,0.0,False,False,0.7071177315787373,0.037653629745522776,0.0,0.0,0.0,0.931644433681849,0.931644433681849,0.0,0.0,0.0,0.0,1.0,0.8333333333333334,0.040295978972221924,0.0,0.30182002873677066,0.7071177315787373,0.5157582010519572,0.5682110427112467,0.4636561139297363,0.3063262981753798
v7-pilots-humanitarian-large-high-high-high-random_geometric-private_fragmented-771105-always_act-always_on,humanitarian,large,high,high,high,random_geometric,private_fragmented,always_on,771105,always_act,60,HUM-02-local_authority,H06,no_operational_action,request_peer_evidence,send_targeted_summary,execute_autonomously,False,False,0.0,False,False,0.582553237335041,0.17472733564944254,0.2082555882928787,0.322796161853962,0.0,0.8584113687616935,0.8618867495074911,0.0035574394175099666,0.0028404672455264457,0.0027669924405614443,0.0912628275074382,0.99644256058249,0.725,-0.09642296126168948,-0.006525235908856897,0.3369391795388649,0.582553237335041,0.4526045523089538,0.5024375983094721,0.5283918574920233,0.3657390652490037
v7-pilots-humanitarian-large-high-high-high-random_geometric-private_fragmented-771105-always_act-always_on,humanitarian,large,high,high,high,random_geometric,private_fragmented,always_on,771105,always_act,60,HUM-03-assessment,H09,no_operational_action,request_peer_evidence,send_targeted_summary,execute_autonomously,False,False,0.0,False,False,0.6793718253819181,0.15149926628136196,0.0,0.0,0.0,0.9450015557840757,0.9498208899663616,0.007179521567105218,0.005534875850124132,0.005546985672111537,0.06844043987841342,0.9928204784328948,0.725,0.06585414665560119,0.0042937360042238915,0.29238642062985215,0.6793718253819181,0.5180504492927335,0.5672833135791382,0.534365635275594,0.3442302123004536
v7-pilots-humanitarian-large-high-high-high-random_geometric-private_fragmented-771105-always_act-always_on,humanitarian,large,high,high,high,random_geometric,private_fragmented,always_on,771105,always_act,60,HUM-04-clinic,H02,no_operational_action,request_peer_evidence,send_targeted_summary,execute_autonomously,False,False,0.0,False,False,0.6395563034253362,0.14186280002287693,0.20723254430680904,0.321210443675554,0.0,0.9127521103230408,0.9127521103230408,0.0,0.0,0.0,0.0,1.0,0.8,0.015946894049722715,0.0,0.3559396496467473,0.6395563034253362,0.4840105489508947,0.5350376999231333,0.4286136474386412,0.32162101820016065
v7-pilots-humanitarian-large-high-high-high-random_geometric-private_fragmented-771105-always_act-always_on,humanitarian,large,high,high,high,random_geometric,private_fragmented,always_on,771105,always_act,60,HUM-05-shelter,H05,cancel_risky_dispatch,request_peer_evidence,negotiate_commitment,execute_autonomously,True,False,0.0,False,False,0.8003714250355779,0.05059322471678754,0.0,0.0,0.0,0.9683955810815212,0.9683955810815212,0.0,0.0,0.0,0.0,1.0,0.8,0.15460257015514545,0.0,0.33352628451209654,0.8003714250355779,0.5622474652846114,0.6135881583358219,0.49615599851494274,0.32810399900996184
v7-pilots-humanitarian-large-high-high-high-random_geometric-private_fragmented-771105-always_act-always_on,humanitarian,large,high,high,high,random_geometric,private_fragmented,always_on,771105,always_act,60,HUM-06-depot,H08,no_operational_action,request_peer_evidence,send_targeted_summary,execute_autonomously,False,False,0.0,False,False,0.7026315451272254,0.08990803764594543,0.19679287339242524,0.3050289537582591,0.0,0.9381146812462478,0.9381146812462478,0.0,0.0,0.0,0.0,1.0,0.8,0.053324533450090916,0.0,0.37350167424523883,0.7026315451272254,0.5155812883624521,0.5681711236740443,0.4551052489534347,0.3373403070866142
v7-pilots-humanitarian-large-high-high-high-random_geometric-private_fragmented-771105-always_act-always_on,humanitarian,large,high,high,high,random_geometric,private_fragmented,always_on,771105,always_act,60,HUM-07-hub,H01,no_operational_action,request_peer_evidence,send_targeted_summary,execute_autonomously,False,False,0.0,False,False,0.6299695822867597,0.22685900502359835,0.0,0.0,0.0,0.9256023437941662,0.9276845028092995,0.0023594451224678847,0.0018022330340635717,0.0019108596573772507,0.07320239838044951,0.9976405548775321,0.725,0.04471814986758427,-0.002554181884095952,0.2755896579774983,0.6299695822867597,0.4866916420347005,0.5356483914367167,0.5208548700987223,0.32606091853393293
v7-pilots-humanitarian-large-high-high-high-random_geometric-private_fragmented-771105-always_act-always_on,humanitarian,large,high,high,high,random_geometric,private_fragmented,always_on,771105,always_act,60,HUM-08-ngo,H04,no_operational_action,request_peer_evidence,send_targeted_summary,execute_autonomously,False,False,0.0,False,False,0.6656949785624037,0.13184520466864524,0.04854355669523033,0.07524251287760703,0.0,0.9305033624047495,0.9305127916896184,8.840293894585294e-06,7.412666334527529e-06,5.380931041520931e-06,0.016442318859018257,0.9999911597061054,0.725,0.14878065899752968,-0.0003360776748112526,0.305794495801843,0.6656949785624037,0.49891620843760126,0.5502605303153141,0.4495842156619173,0.3016393608844081
v7-pilots-humanitarian-large-high-high-high-random_geometric-private_fragmented-771105-always_act-always_on,humanitarian,large,high,high,high,random_geometric,private_fragmented,always_on,771105,always_act,60,HUM-09-transport,H07,no_operational_action,request_peer_evidence,send_targeted_summary,execute_autonomously,False,False,0.0,False,False,0.699955590448279,0.09746311428723187,0.0,0.0,0.0,0.9531364921619473,0.9545410547440525,0.004243125908925172,0.003270356230154259,0.003552895913246701,0.047329016311757344,0.9957568740910748,0.725,0.02021648340737625,-0.0008985123771785286,0.29938490075241486,0.699955590448279,0.5242067354922937,0.5742496211532597,0.5109214527821484,0.3286322234616475
v7-pilots-humanitarian-large-high-high-high-random_geometric-private_fragmented-771105-always_act-always_on,humanitarian,large,high,high,high,random_geometric,private_fragmented,always_on,771105,always_act,60,HUM-10-local_authority,H00,no_operational_action,request_peer_evidence,send_targeted_summary,execute_autonomously,False,False,0.0,False,False,0.5181827893955052,0.2590499747025947,0.0,0.0,0.0,0.7768141130554603,0.7900869156371103,0.009150981199362862,0.008667399776751017,0.006922763627638329,0.08289443006564756,0.9908490188006371,0.7916666666666666,-0.07050021172137,-0.00014097362420772974,0.23758214839447178,0.5181827893955052,0.4142880177011752,0.4674192117968542,0.5019696385792298,0.31687800784065884
v7-pilots-humanitarian-large-high-high-high-random_geometric-private_fragmented-771105-always_act-always_on,humanitarian,large,high,high,high,random_geometric,private_fragmented,always_on,771105,always_act,60,HUM-11-assessment,H03,no_operational_action,request_peer_evidence,send_targeted_summary,execute_autonomously,False,False,0.0,False,False,0.6998964883713524,0.07422817650871452,0.10163805052688657,0.15753897831667418,0.0,0.9145416883286904,0.9159698862381678,0.001532282649230332,0.001509718397016191,0.0008032961142974138,0.030740976011082725,0.9984677173507697,0.6666666666666666,-0.03317519262186974,-0.0022402592501278296,0.33717416084226165,0.6998964883713524,0.5107392131396361,0.5657276473431647,0.47401614198614705,0.32521129536515353
v7-pilots-humanitarian-large-high-high-high-random_geometric-private_fragmented-771105-always_act-always_on,humanitarian,large,high,high,high,random_geometric,private_fragmented,always_on,771105,always_act,60,HUM-12-clinic,H06,no_operational_action,request_peer_evidence,send_targeted_summary,execute_autonomously,False,False,0.0,False,False,0.6323652744390034,0.16838230655009084,0.06619140822168398,0.10259668274361017,0.0,0.9140109623266345,0.917115197353261,0.003653757165952176,0.0025981702953922214,0.003286078331240727,0.04471588395644632,0.9963462428340478,0.3875,-0.039586988346144714,-0.005738981320401404,0.3010273971677276,0.6323652744390034,0.48656411038959296,0.5358700678185582,0.41106155887817986,0.27573815709640603
v7-pilots-humanitarian-large-high-high-high-random_geometric-private_fragmented-771105-always_act-always_on,humanitarian,large,high,high,high,random_geometric,private_fragmented,always_on,771105,always_act,60,HUM-13-shelter,H09,no_operational_action,request_peer_evidence,send_targeted_summary,execute_autonomously,False,False,0.0,False,False,0.7065379179439146,0.10959023966912027,0.08297430625018684,0.12861017468778962,0.0,0.9640313117568663,0.9640313117568662,0.0,0.0,2.220446049250313e-16,0.0,1.0,0.8,0.0854439340293287,0.0,0.3324893340260005,0.7065379179439146,0.5236229951167825,0.5741741362464241,0.45674592553644416,0.3172638379868309
v7-pilots-humanitarian-large-high-high-high-random_geometric-private_fragmented-771105-always_act-always_on,humanitarian,large,high,high,high,random_geometric,private_fragmented,always_on,771105,always_act,60,HUM-14-depot,H02,no_operational_action,request_peer_evidence,send_targeted_summary,execute_autonomously,False,False,0.0,False,False,0.6647498223218844,0.13490308704191808,0.2639098180907625,0.40906021804068193,0.0,0.9310840138665226,0.9334856387874624,0.0025296523171915997,0.0020952270231692216,0.0017566520039773437,0.06745353525200115,0.9974703476828084,0.725,0.0688085407440654,-0.0020969072486837215,0.3855893919192044,0.6647498223218844,0.5022124456394527,0.5532038734281075,0.5267242989582331,0.3807811009605679
v7-pilots-humanitarian-large-high-high-high-random_geometric-private_fragmented-771105-always_act-always_on,humanitarian,large,high,high,high,random_geometric,private_fragmented,always_on,771105,always_act,60,HUM-15-hub,H05,cancel_risky_dispatch,request_peer_evidence,negotiate_commitment,execute_autonomously,True,False,0.0,False,False,0.76400668893819,0.0021589258614127804,0.0,0.0,0.0,0.9625974051346732,0.9624363473014049,0.0009014509284712702,0.0007751052614488607,0.0005967521208470883,0.03183947476588789,0.9990985490715287,0.725,0.03219026060926489,-0.00038546806259687205,0.32116227423898464,0.76400668893819,0.5475140581588042,0.5989787836575726,0.5142788109981894,0.3321261927519189
v7-pilots-humanitarian-large-high-high-high-random_geometric-private_fragmented-771105-always_act-always_on,humanitarian,large,high,high,high,random_geometric,private_fragmented,always_on,771105,always_act,60,HUM-16-ngo,H08,allocate_shipment,request_peer_evidence,send_targeted_summary,execute_autonomously,True,False,0.0,False,False,0.7806956596969751,0.02054599103316257,0.057051365580566143,0.08842961664987753,0.0,0.9833639695765871,0.9833639695765871,0.0,0.0,0.0,0.0,1.0,0.8,0.11204008612696637,0.0,0.3480596322929422,0.7806956596969751,0.5581192562729368,0.608912292076628,0.4878921770727295,0.3332063387131383
v7-pilots-humanitarian-large-high-high-high-random_geometric-private_fragmented-771105-always_act-always_on,humanitarian,large,high,high,high,random_geometric,private_fragmented,always_on,771105,always_act,60,HUM-17-transport,H01,no_operational_action,request_peer_evidence,send_targeted_summary,execute_autonomously,False,False,0.0,False,False,0.6587762432712492,0.1005541968343524,0.0,0.0,0.0,0.9126318955128065,0.9149484548998463,0.0025923605461199983,0.002047391464789383,0.0019275322997536204,0.07818258681300705,0.99740763945388,0.725,0.011289985229037014,-0.009256894214205169,0.28538392271222474,0.6587762432712492,0.49529777595126934,0.5466873483398382,0.5405235541296953,0.3379110895126752
v7-pilots-humanitarian-large-high-high-high-random_geometric-private_fragmented-771105-always_act-always_on,humanitarian,large,high,high,high,random_geometric,private_fragmented,always_on,771105,always_act,60,HUM-18-local_authority,H04,no_operational_action,request_peer_evidence,send_targeted_summary,execute_autonomously,False,False,0.0,False,False,0.6661108263698563,0.16390704642266515,0.06412357537199088,0.09939154182658588,0.0,0.9391548588748997,0.93746408451376,0.003598704902966543,0.0030039128405240367,0.0025972145328581053,0.03255931558190123,0.9964012950970335,0.3875,0.01574401752903598,-0.00028377762338593904,0.3117316510041318,0.6661108263698563,0.5062712321308206,0.5566540655169556,0.40675670675982956,0.27573925865372584
v7-pilots-humanitarian-large-high-high-high-random_geometric-private_fragmented-771105-always_act-always_on,humanitarian,large,high,high,high,random_geometric,private_fragmented,always_on,771105,always_act,60,HUM-19-assessment,H07,no_operational_action,request_peer_evidence,send_targeted_summary,execute_autonomously,False,False,0.0,False,False,0.6896777209744183,0.11496132506933232,0.0,0.0,0.0,0.9095431240420329,0.9148172889856594,0.004641512327648645,0.004270877383641403,0.0031218838498202617,0.04234353106034905,0.9953584876723514,0.725,0.07575086352112081,-0.0007900261471063263,0.2958904251313022,0.6896777209744183,0.5097549866589836,0.565807507451098,0.49902681002098614,0.3223460122180326
v7-pilots-humanitarian-large-high-high-high-random_geometric-private_fragmented-771105-always_act-always_on,humanitarian,large,high,high,high,random_geometric,private_fragmented,always_on,771105,always_act,60,HUM-20-clinic,H00,no_operational_action,request_peer_evidence,send_targeted_summary,execute_autonomously,False,False,0.0,False,False,0.660969943231861,0.07966861699382433,0.15835414921156096,0.2454489312779195,0.0,0.8979618545254011,0.8994167784261597,0.0018123037349926374,0.0014056030232839634,0.0016236324174068173,0.024167589132040312,0.9981876962650074,0.7916666666666666,-0.052680243961939044,-0.004533184492690467,0.34503752420553346,0.660969943231861,0.49141566615308435,0.5442126663380671,0.4726754449714162,0.3367567810034742
v7-pilots-humanitarian-large-high-high-high-random_geometric-private_fragmented-771105-always_act-always_on,humanitarian,large,high,high,high,random_geometric,private_fragmented,always_on,771105,always_act,60,HUM-21-shelter,H03,no_operational_action,request_peer_evidence,send_targeted_summary,execute_autonomously,False,False,0.0,False,False,0.7340588170089214,0.030511871612014685,0.13223237845118754,0.2049601865993407,0.0,0.9583710612151969,0.9583710612151969,0.0,0.0,2.220446049250313e-16,0.0,1.0,0.8333333333333334,0.10737200675963776,0.0,0.3601704425668751,0.7340588170089214,0.5332162921073678,0.5846016654602981,0.47497136981041366,0.3384650244877524
v7-pilots-humanitarian-large-high-high-high-random_geometric-private_fragmented-771105-always_act-always_on,humanitarian,large,high,high,high,random_geometric,private_fragmented,always_on,771105,always_act,60,HUM-22-depot,H06,no_operational_action,request_peer_evidence,send_targeted_summary,execute_autonomously,False,False,0.0,False,False,0.7402404904141493,0.046441180601207666,0.3042455681167849,0.47158063058101657,0.0,0.9484451544229758,0.9520315291646411,0.0035680008224633353,0.0029739302660362066,0.0024233227652460387,0.016831586078657333,0.9964319991775367,0.2,0.0908542503688291,-0.008618258642164922,0.42626111808025474,0.7402404904141493,0.5382026859228524,0.5903669762877728,0.3764850168135019,0.30526466406583685
v7-pilots-humanitarian-large-high-high-high-random_geometric-private_fragmented-771105-always_act-always_on,humanitarian,large,high,high,high,random_geometric,private_fragmented,always_on,771105,always_act,60,HUM-23-hub,H09,allocate_shipment,request_peer_evidence,send_targeted_summary,execute_autonomously,True,False,0.0,False,False,0.6697037805760078,0.08744043489069644,0.15891410808864062,0.24631686753739296,0.0,0.9077022707050101,0.9077022707050101,0.0,0.0,0.0,0.0,1.0,0.8,-0.007862645867135809,0.0,0.348215333604817,0.6697037805760078,0.4948070799066556,0.5477077757094708,0.4412755878419233,0.32107508266576934
v7-pilots-humanitarian-large-high-high-high-random_geometric-private_fragmented-771105-always_act-always_on,humanitarian,large,high,high,high,random_geometric,private_fragmented,always_on,771105,always_act,60,HUM-24-ngo,H02,no_operational_action,request_peer_evidence,send_targeted_summary,execute_autonomously,False,False,0.0,False,False,0.6713701725891463,0.028971413412702374,0.0,0.0,0.0,0.8750816478073533,0.8750816478073533,0.0,0.0,0.0,0.0,1.0,0.8,-0.011412731079421423,0.0,0.28966585868030975,0.6713701725891463,0.48731848098749686,0.5422634365210282,0.44197547248744146,0.291983648324961
v7-pilots-humanitarian-large-high-high-high-random_geometric-private_fragmented-771105-always_act-always_on,humanitarian,large,high,high,high,random_geometric,private_fragmented,always_on,771105,always_act,60,HUM-25-transport,H05,cancel_risky_dispatch,request_peer_evidence,send_targeted_summary,execute_autonomously,True,False,0.0,False,False,0.6611535399773221,0.07769786714100946,0.10142321898706012,0.15720598942994318,0.0,0.8974486492177393,0.8979295116792247,0.00024651402433484293,0.00021779245926345503,0.000165077447014772,0.007385593989836958,0.9997534859756652,0.725,0.05853393981011723,-0.00422511192997721,0.3239216410554759,0.6611535399773221,0.4891686979294324,0.5424859252074672,0.4339105896550274,0.30382929703358297
v7-pilots-humanitarian-large-high-high-high-random_geometric-private_fragmented-771105-always_act-always_on,humanitarian,large,high,high,high,random_geometric,private_fragmented,always_on,771105,always_act,60,HUM-26-local_authority,H08,no_operational_action,request_peer_evidence,send_targeted_summary,execute_autonomously,False,False,0.0,False,False,0.7238486360800085,0.08585925672320258,0.0,0.0,0.0,0.9634894445204628,0.9634894445204628,0.0,0.0,0.0,0.0,1.0,0.8,0.06177026192214208,0.0,0.3075085362672029,0.7238486360800085,0.5304118155621191,0.5817412539853621,0.4640164271536036,0.3066776181024024
v7-pilots-humanitarian-large-high-high-high-random_geometric-private_fragmented-771105-always_act-always_on,humanitarian,large,high,high,high,random_geometric,private_fragmented,always_on,771105,always_act,60,HUM-27-assessment,H01,no_operational_action,request_peer_evidence,send_targeted_summary,execute_autonomously,False,False,0.0,False,False,0.7072975263360612,0.05954693139631595,0.22608369691707583,0.35042973022146756,0.0,0.9256108929150134,0.9256108929150134,0.0,0.0,0.0,0.0,1.0,0.8,0.020789231047387835,0.0,0.3859842942074131,0.7072975263360612,0.5143217337631779,0.5681916035127499,0.45706496106114575,0.34409487500067326
v7-pilots-humanitarian-large-high-high-high-random_geometric-private_fragmented-771105-always_act-always_on,humanitarian,large,high,high,high,random_geometric,private_fragmented,always_on,771105,always_act,60,HUM-28-clinic,H04,no_operational_action,request_peer_evidence,send_targeted_summary,execute_autonomously,False,False,0.0,False,False,0.6934795871978583,0.013154505653889703,0.0,0.0,0.0,0.8867738393120194,0.8940336166010757,0.009885863427895769,0.008766747566696043,0.006672048548809428,0.04972102611681484,0.9901141365721042,0.725,-0.016555964449179172,0.006274749099440924,0.2971830596472718,0.6934795871978583,0.5129255035062023,0.5673580036129832,0.511837386320659,0.33845169495784255
v7-pilots-humanitarian-large-high-high-high-random_geometric-private_fragmented-771105-always_act-always_on,humanitarian,large,high,high,high,random_geometric,private_fragmented,always_on,771105,always_act,60,HUM-29-shelter,H07,no_operational_action,request_peer_evidence,send_targeted_summary,execute_autonomously,False,False,0.0,False,False,0.6560325359509963,0.15558507098809526,0.23201713195197382,0.35962655452555947,0.0,0.9363137395465908,0.9363137395465908,0.0,0.0,0.0,0.0,1.0,0.8,0.20679668890154845,0.0,0.37076143530947303,0.6560325359509963,0.49649144926704625,0.5467201272445554,0.4355336650994185,0.3308442966093461
v7-pilots-humanitarian-large-high-high-high-random_geometric-private_fragmented-771105-always_act-always_on,humanitarian,large,high,high,high,random_geometric,private_fragmented,always_on,771105,always_act,60,HUM-30-depot,H00,no_operational_action,request_peer_evidence,send_targeted_summary,execute_autonomously,False,False,0.0,False,False,0.7630883085030674,0.015827281247740993,0.05676809109209472,0.08799054119274682,0.0,0.9634088671866611,0.9673912275035018,0.007498169282156186,0.00629624250669969,0.004926151259380673,0.08802837352080561,0.9925018307178438,0.7916666666666666,0.11417846312727897,0.006356127063400829,0.34196775477730224,0.7630883085030674,0.556584977192911,0.6071142888250851,0.6126335506562461,0.4028458476874848
v7-pilots-humanitarian-large-high-high-high-random_geometric-private_fragmented-771105-always_act-always_on,humanitarian,large,high,high,high,random_geometric,private_fragmented,always_on,771105,always_act,60,HUM-31-hub,H03,no_operational_action,request_peer_evidence,send_targeted_summary,execute_autonomously,False,False,0.0,False,False,0.5916724617458313,0.20226925268532808,0.0,0.0,0.0,0.8555104713114268,0.8555360893878966,1.7751419472578078e-05,2.0739838745620354e-05,7.092928213991989e-06,0.029371172818640767,0.9999822485805274,0.7916666666666666,-0.06119912090338808,-0.003018178884833689,0.2625686369935827,0.5916724617458313,0.4505714545134508,0.5043863761863863,0.45147994995091645,0.28996079267446123
v7-pilots-humanitarian-large-high-high-high-random_geometric-private_fragmented-771105-always_act-always_on,humanitarian,large,high,high,high,random_geometric,private_fragmented,always_on,771105,always_act,60,HUM-32-ngo,H06,allocate_shipment,request_peer_evidence,send_targeted_summary,execute_autonomously,True,False,0.0,False,False,0.5926683587411361,0.22713477247655434,0.005548973001910065,0.0086009081529606,0.0,0.8939771120735162,0.8980871382533896,0.003943752816778612,0.002796788453279131,0.003681545199962666,0.029560281147669117,0.9960562471832214,0.5666666666666667,-0.015379713025441388,-0.0037537129393880875,0.26497145992869686,0.5926683587411361,0.46608287545832355,0.5138386378392626,0.4071856713490676,0.26593581900969654
v7-pilots-humanitarian-large-high-high-high-random_geometric-private_fragmented-771105-always_act-always_on,humanitarian,large,high,high,high,random_geometric,private_fragmented,always_on,771105,always_act,60,HUM-33-transport,H09,no_operational_action,request_peer_evidence,send_targeted_summary,execute_autonomously,False,False,0.0,False,False,0.72832678274499,0.04326178831836597,0.09054231078511413,0.1403405817169269,0.0,0.9572550625669964,0.9585612188085051,0.0031214804001586938,0.002504198400712365,0.002250699179516591,0.03267900208684682,0.9968785195998413,0.725,0.10640869507972772,0.0005147287292752711,0.3427128457453591,0.72832678274499,0.5350145512999672,0.5857880646525797,0.5005693319249029,0.34200377225014506
v7-pilots-humanitarian-large-high-high-high-random_geometric-private_fragmented-771105-always_act-always_on,humanitarian,large,high,high,high,random_geometric,private_fragmented,always_on,771105,always_act,60,HUM-34-local_authority,H02,revise_delivery_priority,request_peer_evidence,send_targeted_summary,execute_autonomously,True,False,0.0,False,False,0.6402469137328787,0.18202253175817962,0.10092788207529459,0.15643821721670662,0.0,0.9061904025452757,0.9098794956037504,0.004105352356654213,0.0036757029860112755,0.0027166266816193163,0.09383555496033158,0.9958946476433458,0.725,-0.016939971223989714,-0.006481708040183554,0.3166291228011884,0.6402469137328787,0.4883938594287863,0.54072108981908,0.556533747307513,0.3641964209385914
v7-pilots-humanitarian-large-high-high-high-random_geometric-private_fragmented-771105-always_act-always_on,humanitarian,large,high,high,high,random_geometric,private_fragmented,always_on,771105,always_act,60,HUM-35-assessment,H05,cancel_risky_dispatch,request_peer_evidence,send_targeted_summary,execute_autonomously,True,False,0.0,False,False,0.6134753295219837,0.12604443679572147,0.0,0.0,0.0,0.8501724136702742,0.8502081583041132,3.325031144219004e-05,3.0038710418511805e-05,2.370036206278403e-05,0.06392410440008434,0.9999667496885578,0.725,0.029858474293965376,-0.003363144844865218,0.26998161203747445,0.6134753295219837,0.4579797856623811,0.5124747332072362,0.4998242770873613,0.31254370188252145
v7-pilots-humanitarian-large-high-high-high-random_geometric-private_fragmented-771105-always_act-always_on,humanitarian,large,high,high,high,random_geometric,private_fragmented,always_on,771105,always_act,60,HUM-36-clinic,H08,revise_delivery_priority,request_peer_evidence,send_targeted_summary,execute_autonomously,True,False,0.0,False,False,0.6838898246566245,0.05925420253443725,0.014960611570383656,0.023188947934094668,0.0,0.9261417544584241,0.9261417544584241,0.0,0.0,0.0,0.0,1.0,0.8,0.07366840126674512,0.0,0.2994878878874351,0.6838898246566245,0.5050913684772558,0.556750044411932,0.4472337263557823,0.29827182465594626
v7-pilots-humanitarian-large-high-high-high-random_geometric-private_fragmented-771105-always_act-always_on,humanitarian,large,high,high,high,random_geometric,private_fragmented,always_on,771105,always_act,60,HUM-37-shelter,H01,no_operational_action,request_peer_evidence,send_targeted_summary,execute_autonomously,False,False,0.0,False,False,0.6800438000967357,0.11879671344722456,0.3014225344685863,0.4672049284263088,0.0,0.946335101927188,0.9463351019271882,2.220446049250313e-16,0.0,0.0,0.0,0.9999999999999998,0.8,0.09407743929369983,2.220446049250313e-16,0.40474407485520425,0.6800438000967357,0.5086012955204916,0.5592918211441302,0.44561839604062903,0.35047685543824336
v7-pilots-humanitarian-large-high-high-high-random_geometric-private_fragmented-771105-always_act-always_on,humanitarian,large,high,high,high,random_geometric,private_fragmented,always_on,771105,always_act,60,HUM-38-depot,H04,no_operational_action,request_peer_evidence,send_targeted_summary,execute_autonomously,False,False,0.0,False,False,0.7612114713360483,0.010548533086453704,0.059941564420212964,0.0929094248513301,0.0,0.952272650966455,0.9522852431382723,3.741286800040822e-05,2.908056064654385e-05,3.0843370163680106e-05,0.027310064856111503,0.9999625871319996,0.5666666666666667,0.05406987555776477,-0.000442468946775576,0.34251016221857566,0.7612114713360483,0.5426051292912336,0.5952065354332277,0.4745534498757631,0.3178517431031504
v7-pilots-humanitarian-large-high-high-high-random_geometric-private_fragmented-771105-always_act-always_on,humanitarian,large,high,high,high,random_geometric,private_fragmented,always_on,771105,always_act,60,HUM-39-hub,H07,redirect_vehicle,request_peer_evidence,send_targeted_summary,execute_autonomously,True,False,0.0,False,False,0.6939804153005755,0.07355846254095438,0.0,0.0,0.0,0.8821782766176078,0.8821782766176078,0.0,0.0,0.0,0.0,1.0,0.8,-0.018787295690768646,-1.1102230246251565e-16,0.2973533412021957,0.6939804153005755,0.4981367352746322,0.5566093219929606,0.45147177442624176,0.29831451628416117
v7-pilots-humanitarian-large-high-high-high-random_geometric-private_fragmented-771105-always_act-always_on,humanitarian,large,high,high,high,random_geometric,private_fragmented,always_on,771105,always_act,60,HUM-40-ngo,H00,allocate_shipment,request_peer_evidence,send_targeted_summary,execute_autonomously,True,False,0.0,False,False,0.61639602300547,0.13182816953059473,0.19841092819270195,0.30753693869868803,0.0,0.8836093023454779,0.886789016837276,0.0013789004432825935,0.0011929261836570726,0.000949278601032777,0.01231921659566848,0.9986210995567174,0.7916666666666666,0.0024702720311834403,-0.0031057742205650163,0.34478351310954497,0.61639602300547,0.46939119540915314,0.5202575221221859,0.43594487222104683,0.32260544725523016
v7-pilots-humanitarian-large-high-high-high-random_geometric-private_fragmented-771105-always_act-always_on,humanitarian,large,high,high,high,random_geometric,private_fragmented,always_on,771105,always_act,60,HUM-41-transport,H03,no_operational_action,request_peer_evidence,send_targeted_summary,execute_autonomously,False,False,0.0,False,False,0.687771949396351,0.028452763499793587,0.15209353257054725,0.23574497548434825,0.0,0.8770719052236834,0.8796355737653767,0.0020084311322999815,0.0018002226585920322,0.0012042743901500286,0.05501722920795182,0.9979915688677,0.7916666666666666,-0.025323408651268253,-0.002292547717022919,0.35182125691100297,0.687771949396351,0.4971885596496813,0.5528311608251391,0.5308237404758875,0.36553847207076684
v7-pilots-humanitarian-large-high-high-high-random_geometric-private_fragmented-771105-always_act-always_on,humanitarian,large,high,high,high,random_geometric,private_fragmented,always_on,771105,always_act,60,HUM-42-local_authority,H06,revise_delivery_priority,request_peer_evidence,send_targeted_summary,execute_autonomously,True,False,0.0,False,False,0.6929986496113543,0.08578141889873872,0.13336422640857165,0.20671455093328606,0.0,0.9348891740314343,0.9357002520719262,0.0015878454587949786,0.001239381251798899,0.0011688643235053808,0.02422935252088677,0.998412154541205,0.5666666666666667,-0.035530742803390414,-0.005233603599261838,0.3466310330918491,0.6929986496113543,0.5131447369947133,0.5651696444592879,0.44122138200185,0.3115619157728401
v7-pilots-humanitarian-large-high-high-high-random_geometric-private_fragmented-771105-always_act-always_on,humanitarian,large,high,high,high,random_geometric,private_fragmented,always_on,771105,always_act,60,HUM-43-assessment,H09,no_operational_action,request_peer_evidence,send_targeted_summary,execute_autonomously,False,False,0.0,False,False,0.6995341791043939,0.1166439046523261,0.0,0.0,0.0,0.9507319808536095,0.9507319808536095,0.0,0.0,0.0,0.0,1.0,0.8,0.06991829730154075,0.0,0.29924162089549394,0.6995341791043939,0.5174966668551599,0.5689024488071581,0.45380435522384543,0.2998695701492303
v7-pilots-humanitarian-large-high-high-high-random_geometric-private_fragmented-771105-always_act-always_on,humanitarian,large,high,high,high,random_geometric,private_fragmented,always_on,771105,always_act,60,HUM-44-clinic,H02,revise_delivery_priority,request_peer_evidence,send_targeted_summary,execute_autonomously,True,False,0.0,False,False,0.7914853070941904,0.10487154133345283,0.0,0.0,0.0,0.9267963806341466,0.9267963806341466,0.0,0.0,0.0,0.0,1.0,0.8,0.030417529559567003,0.0,0.3305050044120248,0.7914853070941904,0.5482932179962128,0.6008361473031222,0.49242382897956,0.32561588598637337
v7-pilots-humanitarian-large-high-high-high-random_geometric-private_fragmented-771105-always_act-always_on,humanitarian,large,high,high,high,random_geometric,private_fragmented,always_on,771105,always_act,60,HUM-45-shelter,H05,cancel_risky_dispatch,request_peer_evidence,send_targeted_summary,execute_autonomously,True,False,0.0,False,False,0.6296904239822168,0.1474436315776348,0.24351240281680253,0.37744422436604397,0.0,0.8772401873168073,0.8772544723315466,1.41995779540105e-05,9.454549940501877e-06,1.4940812458563713e-05,0.034198404054224585,0.999985800422046,0.725,-0.014104624454644332,-0.0033001033684059156,0.3660813580018043,0.6296904239822168,0.4712060958312242,0.5250862830320426,0.4614515522349524,0.3407423824730418
v7-pilots-humanitarian-large-high-high-high-random_geometric-private_fragmented-771105-always_act-always_on,humanitarian,large,high,high,high,random_geometric,private_fragmented,always_on,771105,always_act,60,HUM-46-depot,H08,cancel_risky_dispatch,request_peer_evidence,send_targeted_summary,execute_autonomously,True,False,0.0,False,False,0.6273009276137541,0.060645521686788606,0.0,0.0,0.0,0.8536614210792229,0.8536614210792229,0.0,0.0,0.0,0.0,1.0,0.8,-0.05156169396019028,0.0,0.27468231538867643,0.6273009276137541,0.4643357263153074,0.5167615901743157,0.42346638959777677,0.27964425973185114
v7-pilots-humanitarian-large-high-high-high-random_geometric-private_fragmented-771105-always_act-always_on,humanitarian,large,high,high,high,random_geometric,private_fragmented,always_on,771105,always_act,60,HUM-47-hub,H01,no_operational_action,request_peer_evidence,send_targeted_summary,execute_autonomously,False,False,0.0,False,False,0.6503719412673741,0.06791612257537094,0.0,0.0,0.0,0.8492646042762894,0.8492646042762894,0.0,0.0,0.0,0.0,1.0,0.8,-0.08127168789693429,0.0,0.2825264600309072,0.6503719412673741,0.472464927576022,0.5291177916234562,0.43315621533229715,0.2861041435548648
v7-pilots-humanitarian-large-high-high-high-random_geometric-private_fragmented-771105-always_act-always_on,humanitarian,large,high,high,high,random_geometric,private_fragmented,always_on,771105,always_act,60,HUM-48-ngo,H04,no_operational_action,request_peer_evidence,send_targeted_summary,execute_autonomously,False,False,0.0,False,False,0.667697389370197,0.054468171934734744,0.0,0.0,0.0,0.8642638745883778,0.8770306129049917,0.008629633885080867,0.007969580018624689,0.004883196878593732,0.050013112641547695,0.9913703661149191,0.3875,0.01325588401827249,-0.014574664663009718,0.288417112385867,0.667697389370197,0.4952264118342864,0.5511109965897338,0.43395283475063523,0.2811258992838025
v7-pilots-humanitarian-large-high-high-high-random_geometric-private_fragmented-771105-always_act-always_on,humanitarian,large,high,high,high,random_geometric,private_fragmented,always_on,771105,always_act,60,HUM-49-transport,H07,redirect_vehicle,request_peer_evidence,send_targeted_summary,execute_autonomously,True,False,0.0,False,False,0.7405959421110808,0.04411348845805682,0.228408358179593,0.3540329551783692,0.0,0.9349924993367569,0.9349924993367569,0.0,0.0,0.0,0.0,1.0,0.8,0.1192481492381835,0.0,0.39817052956057614,0.7405959421110808,0.5299865016786216,0.5848924837686675,0.47105029568665396,0.353850818412507
v7-pilots-humanitarian-large-high-high-high-random_geometric-private_fragmented-771105-always_act-always_on,humanitarian,large,high,high,high,random_geometric,private_fragmented,always_on,771105,always_act,60,HUM-50-local_authority,H00,release_emergency_reserve,request_peer_evidence,send_targeted_summary,execute_autonomously,False,False,0.0,False,False,0.6742850698924145,0.06720365383344395,0.0,0.0,0.0,0.906224169876154,0.9104409462688807,0.0053277071390722686,0.0039324536632429075,0.004611402424745337,0.07192321695120885,0.9946722928609277,0.7916666666666666,-0.03067294374802032,0.0015547439375571681,0.29065692376342095,0.6742850698924145,0.5037288604207054,0.5554942805666645,0.5508563524539849,0.3502841187164093
v7-pilots-humanitarian-large-high-high-high-random_geometric-private_fragmented-771105-always_act-always_on,humanitarian,large,high,high,high,random_geometric,private_fragmented,always_on,771105,always_act,60,HUM-51-assessment,H03,no_operational_action,request_peer_evidence,send_targeted_summary,execute_autonomously,False,False,0.0,False,False,0.7696236220829968,0.008113888233977795,0.3008165328903704,0.46626562598007415,0.0,0.9685990970189589,0.9685990970189589,0.0,0.0,0.0,0.0,1.0,0.8333333333333334,0.024294579505268143,0.0,0.43497578174343676,0.7696236220829968,0.5499992230879385,0.601705806164379,0.48990858794152536,0.37977982263418136
v7-pilots-humanitarian-large-high-high-high-random_geometric-private_fragmented-771105-always_act-always_on,humanitarian,large,high,high,high,random_geometric,private_fragmented,always_on,771105,always_act,65,HUM-00-ngo,H10,release_emergency_reserve,request_peer_evidence,negotiate_commitment,execute_autonomously,False,False,0.0,False,False,0.5703338603189134,0.16143869075694783,0.8504052429529124,0.579952653042778,1.0,0.8225707485312231,0.8246630230767231,0.00120869226515119,0.0010187199676265912,0.0008437195757877713,0.00807226259487892,0.9987913077348488,0.7916666666666666,-0.10571415223086456,-0.0037165505894888318,0.6145021492386973,0.5703338603189134,0.4354684004315828,0.4877552623672767,0.4101433938114929,0.3391595452094867
v7-pilots-humanitarian-large-high-high-high-random_geometric-private_fragmented-771105-always_act-always_on,humanitarian,large,high,high,high,random_geometric,private_fragmented,always_on,771105,always_act,65,HUM-01-transport,H13,cancel_risky_dispatch,request_peer_evidence,negotiate_commitment,execute_autonomously,True,False,0.0,False,False,0.8047985361982918,0.3061774066012626,0.7366015204029466,0.4039348266530723,1.0,0.8002820465003878,0.8002820465003878,0.0,0.0,0.0,0.0,1.0,0.8333333333333334,-0.15134103856351167,0.0,0.6519758607041566,0.8047985361982918,0.5219899261044136,0.5687442880804325,0.5046820518699493,0.38214910266722374
v7-pilots-humanitarian-large-high-high-high-random_geometric-private_fragmented-771105-always_act-always_on,humanitarian,large,high,high,high,random_geometric,private_fragmented,always_on,771105,always_act,65,HUM-02-local_authority,H16,no_operational_action,request_peer_evidence,send_targeted_summary,execute_autonomously,False,False,0.0,False,False,0.6197815199297293,0.16187376666393183,0.935656207719943,0.710903741781261,1.0,0.9006382434245631,0.9095706385246117,0.007695232993820023,0.0056744601760712055,0.006765858721607287,0.04429767296344678,0.99230476700618,0.725,0.014284700043820542,0.006927432192898597,0.6627426148036106,0.6197815199297293,0.4838454950193805,0.5320487686595468,0.4726407012749254,0.39813435374864303
v7-pilots-humanitarian-large-high-high-high-random_geometric-private_fragmented-771105-always_act-always_on,humanitarian,large,high,high,high,random_geometric,private_fragmented,always_on,771105,always_act,65,HUM-03-assessment,H19,revise_delivery_priority,request_peer_evidence,negotiate_commitment,execute_autonomously,True,False,0.0,False,False,0.8088680895789974,0.17364003238511558,1.0,1.0,1.0,0.917173338203995,0.9182426647242488,0.00016575510307303976,0.0001227025946157756,0.0001445097328570677,0.0010751862110928156,0.999834244896927,0.725,0.1040397602803842,-0.0008120894929439793,0.7964151504568592,0.8088680895789974,0.5530726275269,0.6036310748987259,0.48635888066404,0.44167132033111306
v7-pilots-humanitarian-large-high-high-high-random_geometric-private_fragmented-771105-always_act-always_on,humanitarian,large,high,high,high,random_geometric,private_fragmented,always_on,771105,always_act,65,HUM-04-clinic,H12,revise_delivery_priority,request_peer_evidence,negotiate_commitment,execute_autonomously,True,False,0.0,False,False,0.8376162214177214,0.18718616984768566,0.7654456856051258,0.4485747917606555,1.0,0.8665357037512064,0.8665357037512064,0.0,0.0,0.0,0.0,1.0,0.8,-0.04685651233438992,0.0,0.6738474653045826,0.8376162214177214,0.5516804145048901,0.6050306949078762,0.5117988129954429,0.39236151700824073
v7-pilots-humanitarian-large-high-high-high-random_geometric-private_fragmented-771105-always_act-always_on,humanitarian,large,high,high,high,random_geometric,private_fragmented,always_on,771105,always_act,65,HUM-05-shelter,H15,allocate_shipment,request_peer_evidence,negotiate_commitment,execute_autonomously,True,False,0.0,False,False,0.8726094191435138,0.19016845000361005,0.6894503124036437,0.3312361514319293,1.0,0.9093994182499757,0.9093994182499757,0.0,0.0,0.0,0.0,1.0,0.8,-0.05765291759036384,0.0,0.6575838788524577,0.8726094191435138,0.5763936222198994,0.6262128222873993,0.5264959560402758,0.3880789755320154
v7-pilots-humanitarian-large-high-high-high-random_geometric-private_fragmented-771105-always_act-always_on,humanitarian,large,high,high,high,random_geometric,private_fragmented,always_on,771105,always_act,65,HUM-06-depot,H18,release_emergency_reserve,request_peer_evidence,negotiate_commitment,execute_autonomously,False,False,0.0,False,False,0.4754537765448352,0.3862464725294997,0.3962919648759193,0.0,1.0,0.788707718000126,0.788707718000126,0.0,0.0,0.0,0.0,1.0,0.8,-0.14859140419630845,0.0,0.443054284025244,0.4754537765448352,0.3873584401179656,0.43227842741416267,0.3596905861488308,0.23712705743255388
v7-pilots-humanitarian-large-high-high-high-random_geometric-private_fragmented-771105-always_act-always_on,humanitarian,large,high,high,high,random_geometric,private_fragmented,always_on,771105,always_act,65,HUM-07-hub,H11,release_emergency_reserve,request_peer_evidence,negotiate_commitment,execute_autonomously,False,False,0.0,False,False,0.6645834000506625,0.14705269592776138,0.9153163091393544,0.679553075578665,1.0,0.9405393840183,0.9444366974387646,0.003943339292641346,0.0031284978334660263,0.0027550175056602066,0.022272821338513382,0.9960566607073587,0.725,0.03937821787549678,0.0020874696616400845,0.6704510941561048,0.6645834000506625,0.5064888810345379,0.5560709734732571,0.4579797164558186,0.38324854812026216
v7-pilots-humanitarian-large-high-high-high-random_geometric-private_fragmented-771105-always_act-always_on,humanitarian,large,high,high,high,random_geometric,private_fragmented,always_on,771105,always_act,65,HUM-08-ngo,H14,release_emergency_reserve,request_peer_evidence,negotiate_commitment,execute_autonomously,False,False,0.0,False,False,0.5948438613559789,0.1725653090317421,1.0,0.8711439862947827,1.0,0.8586138970419652,0.8643291597313503,0.00237555451612137,0.0024208803482186347,0.0012401996043491792,0.011820999322879833,0.9976244454838786,0.725,-0.04497176458885144,0.002360954505547186,0.6927214695717807,0.5948438613559789,0.4559167951254528,0.5089197469883713,0.41280234074028843,0.37787190880887034
v7-pilots-humanitarian-large-high-high-high-random_geometric-private_fragmented-771105-always_act-always_on,humanitarian,large,high,high,high,random_geometric,private_fragmented,always_on,771105,always_act,65,HUM-09-transport,H17,redirect_vehicle,request_peer_evidence,negotiate_commitment,execute_autonomously,True,False,0.0,False,False,0.7946775682754693,0.12149728153567382,1.0,0.8138239457142662,1.0,0.93091688186501,0.9326938524803469,0.0017163551432816115,0.0012547986518652854,0.001544948700911486,0.010122894713625707,0.9982836448567184,0.725,0.03773202446551771,0.0010988265146857357,0.7469081201850835,0.7946775682754693,0.5530031449770345,0.603997226615042,0.49415137864040815,0.4242960079639897
v7-pilots-humanitarian-large-high-high-high-random_geometric-private_fragmented-771105-always_act-always_on,humanitarian,large,high,high,high,random_geometric,private_fragmented,always_on,771105,always_act,65,HUM-10-local_authority,H10,release_emergency_reserve,request_peer_evidence,negotiate_commitment,execute_autonomously,False,False,0.0,False,False,0.5168696782023193,0.3323224657836512,0.619908790433294,0.22268315163736951,1.0,0.8336087162556125,0.840516452221406,0.006582403178952534,0.006590594423257934,0.0031417881942180648,0.03097129476536442,0.9934175968210475,0.7916666666666666,-0.05369329523921196,0.005526733140319262,0.5105796469817573,0.5168696782023193,0.42436541479536444,0.47123888493283345,0.4224949662216614,0.3068365218029992
v7-pilots-humanitarian-large-high-high-high-random_geometric-private_fragmented-771105-always_act-always_on,humanitarian,large,high,high,high,random_geometric,private_fragmented,always_on,771105,always_act,65,HUM-11-assessment,H13,allocate_shipment,request_peer_evidence,negotiate_commitment,execute_autonomously,True,False,0.0,False,False,0.7605230517209287,0.11515108610984354,0.8659318722541073,0.6043968720223714,1.0,0.9124702703770495,0.9236005600031726,0.00944577529314894,0.007735687753084641,0.006274287639966403,0.030227722724177328,0.9905542247068511,0.6666666666666666,0.014792775945837167,0.0069341227518742166,0.6850330868704849,0.7605230517209287,0.5455508736930424,0.5947872999821429,0.4986991535968729,0.40797457628473804
v7-pilots-humanitarian-large-high-high-high-random_geometric-private_fragmented-771105-always_act-always_on,humanitarian,large,high,high,high,random_geometric,private_fragmented,always_on,771105,always_act,65,HUM-12-clinic,H16,allocate_shipment,request_peer_evidence,negotiate_commitment,execute_autonomously,True,False,0.0,False,False,0.8213616650358098,0.1528682011926487,0.6924281119037946,0.333900193266231,1.0,0.9291351911013056,0.9357430607526073,0.006294721180056029,0.006158328394579415,0.0030137666759458837,0.010139822812004358,0.993705278819944,0.3875,0.033429616011162566,0.005675144862853143,0.6407990124960707,0.8213616650358098,0.5696410734417288,0.6222884718195173,0.4378844299892867,0.3376046000767171
v7-pilots-humanitarian-large-high-high-high-random_geometric-private_fragmented-771105-always_act-always_on,humanitarian,large,high,high,high,random_geometric,private_fragmented,always_on,771105,always_act,65,HUM-13-shelter,H19,cancel_risky_dispatch,request_peer_evidence,negotiate_commitment,execute_autonomously,True,True,-0.022689268143136793,False,True,0.6989028343384975,0.03450077664741147,0.40630893810455976,0.0,1.0,0.8699963985903725,0.8699963985903725,0.0,0.0,0.0,0.0,1.0,0.8,-0.10521565288435109,-3.3306690738754696e-16,0.5190269636750892,0.6989028343384975,0.49706023338299216,0.5522891849739355,0.453539190422169,0.29969279361477935
v7-pilots-humanitarian-large-high-high-high-random_geometric-private_fragmented-771105-always_act-always_on,humanitarian,large,high,high,high,random_geometric,private_fragmented,always_on,771105,always_act,65,HUM-14-depot,H12,release_emergency_reserve,request_peer_evidence,negotiate_commitment,execute_autonomously,False,True,-0.030511423110401503,False,True,0.5735604314594548,0.2852738886255078,0.6670474370133836,0.2960575064434551,1.0,0.88840356313478,0.8942891652456766,0.0033590477816785036,0.0024725704557486683,0.0030283602992753345,0.01688725813828751,0.9966409522183215,0.725,-0.03895193712969147,0.0028159584223276246,0.5474643482426439,0.5735604314594548,0.4562277302618268,0.5028964882585669,0.41156401358316796,0.30811024790771663
v7-pilots-humanitarian-large-high-high-high-random_geometric-private_fragmented-771105-always_act-always_on,humanitarian,large,high,high,high,random_geometric,private_fragmented,always_on,771105,always_act,65,HUM-15-hub,H15,release_emergency_reserve,request_peer_evidence,negotiate_commitment,execute_autonomously,False,False,0.0,False,False,0.5439866884530086,0.2624040641378659,0.6647316327505062,0.2929221979695661,1.0,0.8365621344634682,0.8509185281847522,0.006571397063270923,0.00611309343812072,0.0049174708275528944,0.030018122712329842,0.9934286029367291,0.725,-0.08447715808187939,0.0036097502391273517,0.5366568015867188,0.5439866884530086,0.4359351648856498,0.48572897257493475,0.4191019556730049,0.31254753618483033
v7-pilots-humanitarian-large-high-high-high-random_geometric-private_fragmented-771105-always_act-always_on,humanitarian,large,high,high,high,random_geometric,private_fragmented,always_on,771105,always_act,65,HUM-16-ngo,H18,cancel_risky_dispatch,request_peer_evidence,send_targeted_summary,execute_autonomously,True,False,0.0,False,False,0.6545636633331934,0.06655991718076887,0.8313024200982889,0.5502646196439301,1.0,0.8579111420603921,0.8579111420603921,0.0,0.0,0.0,0.0,1.0,0.8,-0.08692657183782582,0.0,0.636015154247829,0.6545636633331934,0.47630325084837544,0.5322870713880462,0.43491673859994123,0.3533095800905658
v7-pilots-humanitarian-large-high-high-high-random_geometric-private_fragmented-771105-always_act-always_on,humanitarian,large,high,high,high,random_geometric,private_fragmented,always_on,771105,always_act,65,HUM-17-transport,H11,allocate_shipment,request_peer_evidence,send_targeted_summary,execute_autonomously,True,False,0.0,False,False,0.7268683131518872,0.09762146644465158,0.6778112534645448,0.31142023928271023,1.0,0.8602497466660839,0.8669295150261119,0.004740610367046982,0.004450353123185646,0.0025378992129575506,0.023429960758991952,0.995259389632953,0.725,-0.07443219728049844,0.00249576750836622,0.6032760838994922,0.7268683131518872,0.5124466164411416,0.5669507416789356,0.4858982318774604,0.358214768250911
v7-pilots-humanitarian-large-high-high-high-random_geometric-private_fragmented-771105-always_act-always_on,humanitarian,large,high,high,high,random_geometric,private_fragmented,always_on,771105,always_act,65,HUM-18-local_authority,H14,release_emergency_reserve,request_peer_evidence,send_targeted_summary,execute_autonomously,False,False,0.0,False,False,0.5793696914399756,0.18693305355589768,0.4808929696401296,0.006466149443992042,1.0,0.8613027953290804,0.8828114375054755,0.018861139038706343,0.014506399597659758,0.01673924594836884,0.031105583796814447,0.9811388609612937,0.3875,-0.04630649722844282,0.018534253635268838,0.47993757095614986,0.5793696914399756,0.4734791700624493,0.5189401446039252,0.36811575777594774,0.2688166511446841
v7-pilots-humanitarian-large-high-high-high-random_geometric-private_fragmented-771105-always_act-always_on,humanitarian,large,high,high,high,random_geometric,private_fragmented,always_on,771105,always_act,65,HUM-19-assessment,H17,cancel_risky_dispatch,request_peer_evidence,send_targeted_summary,execute_autonomously,True,False,0.0,False,False,0.7676446102846908,0.0973447622741177,0.8718505647697832,0.6131406065953202,1.0,0.9236226743569609,0.9277924033803268,0.005473514159401449,0.004094831505406127,0.004359019407016218,0.029946398820588253,0.9945264858405986,0.725,-0.004299756449896108,0.005342925294781642,0.6895529130796717,0.7676446102846908,0.5456264325262786,0.5959506820250997,0.5129292625268642,0.41384059550699664
v7-pilots-humanitarian-large-high-high-high-random_geometric-private_fragmented-771105-always_act-always_on,humanitarian,large,high,high,high,random_geometric,private_fragmented,always_on,771105,always_act,65,HUM-20-clinic,H10,cancel_risky_dispatch,request_peer_evidence,send_targeted_summary,execute_autonomously,True,False,0.0,False,False,0.8081284929900799,0.10273328810262344,0.9549455227200933,0.7419900866819082,1.0,0.8113473465630959,0.8226389490454924,0.009053592004124589,0.008876359177048432,0.005101771156863721,0.04599495529224007,0.9909464079958754,0.7916666666666666,-0.11332085905253375,0.006911073352426467,0.7342413084202851,0.8081284929900799,0.5387632626425805,0.5980002487060108,0.5676596324333718,0.46510114627668164
v7-pilots-humanitarian-large-high-high-high-random_geometric-private_fragmented-771105-always_act-always_on,humanitarian,large,high,high,high,random_geometric,private_fragmented,always_on,771105,always_act,65,HUM-21-shelter,H13,no_operational_action,request_peer_evidence,send_targeted_summary,execute_autonomously,False,False,0.0,False,False,0.7060001230494809,0.03490602566254247,0.9291195441429819,0.7023377634501271,1.0,0.8959448177096591,0.8959448177096591,0.0,0.0,0.0,0.0,1.0,0.8333333333333334,-0.014915112247346984,0.0,0.690001105064854,0.7060001230494809,0.5063862536472071,0.5588632686893347,0.4631867183474487,0.39029389940120324
v7-pilots-humanitarian-large-high-high-high-random_geometric-private_fragmented-771105-always_act-always_on,humanitarian,large,high,high,high,random_geometric,private_fragmented,always_on,771105,always_act,65,HUM-22-depot,H16,release_emergency_reserve,request_peer_evidence,send_targeted_summary,execute_autonomously,False,False,0.0,False,False,0.6302976486641251,0.14967105419667281,0.6340889767909058,0.2434745338412534,1.0,0.8963917880826261,0.9131431287065895,0.013838044833942464,0.011585949249069194,0.009347807989841916,0.020878839026926516,0.9861619551660575,0.2,-0.014929827715161714,0.010382455099675503,0.5541350886677033,0.6302976486641251,0.49559026925382604,0.5453023911272405,0.33646084775986085,0.2674589686139376
v7-pilots-humanitarian-large-high-high-high-random_geometric-private_fragmented-771105-always_act-always_on,humanitarian,large,high,high,high,random_geometric,private_fragmented,always_on,771105,always_act,65,HUM-23-hub,H19,release_emergency_reserve,request_peer_evidence,send_targeted_summary,execute_autonomously,False,False,0.0,False,False,0.686644887336124,0.08032113878039579,0.9143116459798528,0.6789809109112696,1.0,0.9123001524027962,0.9123001524027962,0.0,0.0,0.0,0.0,1.0,0.8,0.00028379553740631724,0.0,0.6778146803129869,0.686644887336124,0.5027329930351486,0.5566451743605341,0.4483908526811721,0.37773827776346713
v7-pilots-humanitarian-large-high-high-high-random_geometric-private_fragmented-771105-always_act-always_on,humanitarian,large,high,high,high,random_geometric,private_fragmented,always_on,771105,always_act,65,HUM-24-ngo,H12,release_emergency_reserve,request_peer_evidence,send_targeted_summary,execute_autonomously,False,False,0.0,False,False,0.6247881455404743,0.2016050403365167,0.8914518356879162,0.6438843243889807,1.0,0.9015172624309943,0.9015172624309944,1.1102230246251565e-16,0.0,0.0,0.0,0.9999999999999999,0.8,-0.06800522702484835,1.1102230246251565e-16,0.6483602073371166,0.6247881455404743,0.4752945738239385,0.52734011925805,0.42241102112699924,0.3562067996780107
v7-pilots-humanitarian-large-high-high-high-random_geometric-private_fragmented-771105-always_act-always_on,humanitarian,large,high,high,high,random_geometric,private_fragmented,always_on,771105,always_act,65,HUM-25-transport,H15,redirect_vehicle,request_peer_evidence,send_targeted_summary,execute_autonomously,True,False,0.0,False,False,0.756551036318913,0.03485450482336694,0.9745766710356512,0.7731820073115409,1.0,0.9429111814014159,0.9430192545796933,0.0004985175831716537,0.0003722333169147163,0.0004051147910441033,0.0032110713327472284,0.9995014824168283,0.725,-0.042259753998709404,-0.0017009670289768186,0.7241910341032002,0.756551036318913,0.5390461344943596,0.5911651139192108,0.4676322636797192,0.4016616082655825
v7-pilots-humanitarian-large-high-high-high-random_geometric-private_fragmented-771105-always_act-always_on,humanitarian,large,high,high,high,random_geometric,private_fragmented,always_on,771105,always_act,65,HUM-26-local_authority,H18,release_emergency_reserve,request_peer_evidence,send_targeted_summary,execute_autonomously,False,False,0.0,False,False,0.6215558312425927,0.1965959344828736,1.0,0.8687828295815464,1.0,0.9000671033805653,0.9000671033805653,0.0,0.0,0.0,0.0,1.0,0.8,-0.02614771996630383,0.0,0.7012368617220527,0.6215558312425927,0.4736391083421784,0.5250616033984132,0.42105344912188897,0.38228957229771154
v7-pilots-humanitarian-large-high-high-high-random_geometric-private_fragmented-771105-always_act-always_on,humanitarian,large,high,high,high,random_geometric,private_fragmented,always_on,771105,always_act,65,HUM-27-assessment,H11,cancel_risky_dispatch,request_peer_evidence,send_targeted_summary,execute_autonomously,True,False,0.0,False,False,0.7966847302953272,0.13574527819861318,0.6676024737064518,0.29559663065766584,1.0,0.878741052113235,0.878741052113235,0.0,0.0,0.0,0.0,1.0,0.8,-0.06526957524963606,0.0,0.623215999658251,0.7966847302953272,0.5383591551464397,0.5939897766943703,0.49460758672403743,0.3625433201616115
v7-pilots-humanitarian-large-high-high-high-random_geometric-private_fragmented-771105-always_act-always_on,humanitarian,large,high,high,high,random_geometric,private_fragmented,always_on,771105,always_act,65,HUM-28-clinic,H14,allocate_shipment,request_peer_evidence,send_targeted_summary,execute_autonomously,True,False,0.0,False,False,0.7526908876862067,0.05691508372549381,0.7636991580113213,0.4448157414193391,1.0,0.9298981552154013,0.936969345788532,0.014488374904418788,0.010525309499299529,0.012681898187017482,0.06869971409561249,0.9855116250955812,0.725,-0.0008165379283328056,0.0143060624782817,0.6440706797539517,0.7526908876862067,0.5538346187445194,0.6014127018218267,0.5655537382535378,0.43345069778169487
v7-pilots-humanitarian-large-high-high-high-random_geometric-private_fragmented-771105-always_act-always_on,humanitarian,large,high,high,high,random_geometric,private_fragmented,always_on,771105,always_act,65,HUM-29-shelter,H17,no_operational_action,request_peer_evidence,send_targeted_summary,execute_autonomously,False,False,0.0,False,False,0.8489124804153765,0.2189849237813933,1.0,0.8545539733252832,1.0,0.92274098433287,0.92274098433287,0.0,0.0,0.0,0.0,1.0,0.8,0.11279057062411046,0.0,0.775123196939296,0.8489124804153765,0.5702502382493682,0.6200694567261659,0.5165432417744582,0.4442419713153394
v7-pilots-humanitarian-large-high-high-high-random_geometric-private_fragmented-771105-always_act-always_on,humanitarian,large,high,high,high,random_geometric,private_fragmented,always_on,771105,always_act,65,HUM-30-depot,H10,release_emergency_reserve,request_peer_evidence,send_targeted_summary,execute_autonomously,False,False,0.0,False,False,0.6589461494266938,0.11660732652182523,0.9989195703188527,0.8101498604599855,1.0,0.9133031768656769,0.9159784091036592,0.0019549908677728434,0.001413302784457282,0.0016948177543834042,0.009011791842762906,0.9980450091322272,0.7916666666666666,0.05893274378402158,-0.004925458778277436,0.6998776573154725,0.6589461494266938,0.4946412412019788,0.5461134209073644,0.4487886396935444,0.3930301784360983
v7-pilots-humanitarian-large-high-high-high-random_geometric-private_fragmented-771105-always_act-always_on,humanitarian,large,high,high,high,random_geometric,private_fragmented,always_on,771105,always_act,65,HUM-31-hub,H13,release_emergency_reserve,request_peer_evidence,send_targeted_summary,execute_autonomously,False,False,0.0,False,False,0.6719155638329332,0.04130521145282723,0.5579147546374934,0.12697033971661992,1.0,0.8968308479834711,0.9009850352136891,0.003634880666364637,0.0029755978507738368,0.0025917154146707366,0.019085856171002776,0.9963651193336354,0.7916666666666666,-0.05515023196760982,0.003609024784338888,0.5403241732351861,0.6719155638329332,0.4980627704619516,0.5501909131804013,0.4695483715230895,0.32632100951237225
v7-pilots-humanitarian-large-high-high-high-random_geometric-private_fragmented-771105-always_act-always_on,humanitarian,large,high,high,high,random_geometric,private_fragmented,always_on,771105,always_act,65,HUM-32-ngo,H16,release_emergency_reserve,request_peer_evidence,send_targeted_summary,execute_autonomously,False,False,0.0,False,False,0.6758326217734458,0.06365211703572499,0.40535848992926093,0.0,1.0,0.9056543966015377,0.9177240356754683,0.011199997746337842,0.009547079338496522,0.007138213287884887,0.02160870487992369,0.9888000022536622,0.5666666666666667,0.0027338224121772337,0.008465136558372333,0.5111830914029716,0.6758326217734458,0.5124266447046357,0.5643494610300268,0.4300282658956646,0.2951869024000477
v7-pilots-humanitarian-large-high-high-high-random_geometric-private_fragmented-771105-always_act-always_on,humanitarian,large,high,high,high,random_geometric,private_fragmented,always_on,771105,always_act,65,HUM-33-transport,H19,cancel_risky_dispatch,request_peer_evidence,send_targeted_summary,execute_autonomously,True,False,0.0,False,False,0.8653760012509364,0.3091527746868142,0.8487036835215492,0.5772885691008991,1.0,0.8476381231135717,0.8628849467806305,0.016984183652551277,0.014390245979795768,0.012178700690868682,0.06793184028003507,0.9830158163474487,0.725,-0.07847525680316525,0.015401615985495498,0.7141770970095341,0.8653760012509364,0.5818377883923394,0.6266778848236949,0.6117143177510466,0.48289607176607785
v7-pilots-humanitarian-large-high-high-high-random_geometric-private_fragmented-771105-always_act-always_on,humanitarian,large,high,high,high,random_geometric,private_fragmented,always_on,771105,always_act,65,HUM-34-local_authority,H12,release_emergency_reserve,request_peer_evidence,send_targeted_summary,execute_autonomously,False,False,0.0,False,False,0.603567381191533,0.17079410675402978,0.6318537870771568,0.24150734904230342,1.0,0.8776641047421723,0.8820281258874723,0.0019894221941660906,0.0015293114935475138,0.001775010941219457,0.011958786078455685,0.9980105778058339,0.725,-0.0565877471082612,0.0016664878048794352,0.5445746733752741,0.603567381191533,0.4636281697339888,0.5145340055613131,0.4166756549396965,0.304161414233139
v7-pilots-humanitarian-large-high-high-high-random_geometric-private_fragmented-771105-always_act-always_on,humanitarian,large,high,high,high,random_geometric,private_fragmented,always_on,771105,always_act,65,HUM-35-assessment,H15,no_operational_action,request_peer_evidence,send_targeted_summary,execute_autonomously,False,False,0.0,False,False,0.7596924265697602,0.12080042865769414,0.6505252078798333,0.2709022394200231,1.0,0.8860877991028813,0.8959697699256329,0.0073850044938506,0.006591161203157392,0.0043095298785047476,0.03186320173678692,0.9926149955061494,0.725,-0.02747179916703113,0.0073719321374411395,0.6047119624945241,0.7596924265697602,0.5357379266950153,0.5884453514333201,0.5125028857992154,0.37490218728842223
v7-pilots-humanitarian-large-high-high-high-random_geometric-private_fragmented-771105-always_act-always_on,humanitarian,large,high,high,high,random_geometric,private_fragmented,always_on,771105,always_act,65,HUM-36-clinic,H18,allocate_shipment,request_peer_evidence,send_targeted_summary,execute_autonomously,True,False,0.0,False,False,0.8864459683093711,0.1157144021218644,1.0,0.853236123593873,1.0,0.9031356566299759,0.9031356566299759,0.0,0.0,0.0,0.0,1.0,0.8,-0.05221856134264424,0.0,0.7875682988877157,0.8864459683093711,0.5803623014812425,0.6313821761820393,0.5323073066899359,0.45459320595788866
v7-pilots-humanitarian-large-high-high-high-random_geometric-private_fragmented-771105-always_act-always_on,humanitarian,large,high,high,high,random_geometric,private_fragmented,always_on,771105,always_act,65,HUM-37-shelter,H11,cancel_risky_dispatch,request_peer_evidence,send_targeted_summary,execute_autonomously,True,False,0.0,False,False,0.8157021271487852,0.15139113792054232,0.7248816980576327,0.38437942840199635,1.0,0.907798054772981,0.907798054772981,0.0,0.0,0.0,0.0,1.0,0.8,-0.018984704914015715,0.0,0.6509897860470661,0.8157021271487852,0.5532303645527593,0.6052410685905365,0.5025948934024898,0.3785221270098994
v7-pilots-humanitarian-large-high-high-high-random_geometric-private_fragmented-771105-always_act-always_on,humanitarian,large,high,high,high,random_geometric,private_fragmented,always_on,771105,always_act,65,HUM-38-depot,H14,release_emergency_reserve,request_peer_evidence,send_targeted_summary,execute_autonomously,False,False,0.0,False,False,0.7465881483102864,0.040300946765694845,0.9860792487625036,0.7895048820836716,1.0,0.9649662789017059,0.9729352039908887,0.017859201495897925,0.013963679728114853,0.013363277142721453,0.03195977965173094,0.9821407985041021,0.5666666666666667,0.02866540954051644,0.017822129352966676,0.7247211421255786,0.7465881483102864,0.5648797111437981,0.6123185566346119,0.47547922069428467,0.43110290984361377
v7-pilots-humanitarian-large-high-high-high-random_geometric-private_fragmented-771105-always_act-always_on,humanitarian,large,high,high,high,random_geometric,private_fragmented,always_on,771105,always_act,65,HUM-39-hub,H17,release_emergency_reserve,request_peer_evidence,send_targeted_summary,execute_autonomously,False,False,0.0,False,False,0.760232273135151,0.0025401274476530566,0.6958624517151947,0.34035903136070805,1.0,0.9529394332450554,0.9529394332450554,0.0,0.0,0.0,0.0,1.0,0.8,0.0018656276347995826,0.0,0.6215651403925213,0.760232273135151,0.5423277675653242,0.5944957053207955,0.47929755471676344,0.3577081202411273
v7-pilots-humanitarian-large-high-high-high-random_geometric-private_fragmented-771105-always_act-always_on,humanitarian,large,high,high,high,random_geometric,private_fragmented,always_on,771105,always_act,65,HUM-40-ngo,H10,release_emergency_reserve,request_peer_evidence,send_targeted_summary,execute_autonomously,False,False,0.0,False,False,0.7506812469816009,0.006878350310718595,0.8071407413632693,0.5128926755788312,1.0,0.9669485850416456,0.9684704521965886,0.0028378049380893833,0.002240597532380928,0.0019956474177221795,0.01740310761966679,0.9971621950619106,0.7916666666666666,0.10719570768555331,0.00010220330648347264,0.6597258661126638,0.7506812469816009,0.545982571966377,0.5963100103027452,0.5000721806474993,0.38991586362175495
v7-pilots-humanitarian-large-high-high-high-random_geometric-private_fragmented-771105-always_act-always_on,humanitarian,large,high,high,high,random_geometric,private_fragmented,always_on,771105,always_act,65,HUM-41-transport,H13,no_operational_action,request_peer_evidence,send_targeted_summary,execute_autonomously,False,False,0.0,False,False,0.7349044622361558,0.053406757372417235,0.40077297583528665,0.0,1.0,0.9221574282587677,0.9243897612992188,0.003042451342117447,0.002409656617562761,0.0022189435085043785,0.014841192054518948,0.9969575486578826,0.7916666666666666,0.014453640108804788,0.0008303737550000578,0.531267517160293,0.7349044622361558,0.5287605738381187,0.5796845359803036,0.48955181939538756,0.32288499142913873
v7-pilots-humanitarian-large-high-high-high-random_geometric-private_fragmented-771105-always_act-always_on,humanitarian,large,high,high,high,random_geometric,private_fragmented,always_on,771105,always_act,65,HUM-42-local_authority,H16,release_emergency_reserve,request_peer_evidence,send_targeted_summary,execute_autonomously,False,False,0.0,False,False,0.7424701099208671,0.007689180605881973,1.0,0.84139741975928,1.0,0.9577899415094314,0.9599859476360183,0.006206218269573238,0.004951148292242635,0.004367603330066361,0.018584745835182458,0.9937937817304268,0.5666666666666667,0.0024537516267996162,0.005932298347830822,0.735775218115322,0.7424701099208671,0.5451242349231072,0.5952799023801134,0.45341959316957486,0.4063153750577717
v7-pilots-humanitarian-large-high-high-high-random_geometric-private_fragmented-771105-always_act-always_on,humanitarian,large,high,high,high,random_geometric,private_fragmented,always_on,771105,always_act,65,HUM-43-assessment,H19,allocate_shipment,request_peer_evidence,send_targeted_summary,execute_autonomously,False,False,0.0,False,False,0.7212055948187777,0.048474258789870495,0.7690982672800389,0.45390017392655807,1.0,0.8713421458079279,0.8713421458079279,0.0,0.0,0.0,0.0,1.0,0.8,-0.0216133854896311,0.0,0.6355459439807584,0.7212055948187777,0.5063177743794931,0.5622668504138234,0.4629063498238866,0.3604055874204447
v7-pilots-humanitarian-large-high-high-high-random_geometric-private_fragmented-771105-always_act-always_on,humanitarian,large,high,high,high,random_geometric,private_fragmented,always_on,771105,always_act,65,HUM-44-clinic,H12,cancel_risky_dispatch,request_peer_evidence,send_targeted_summary,execute_autonomously,True,False,0.0,False,False,0.8884067867977821,0.3964237975840623,0.705489629351063,0.35564290456685804,1.0,0.8242566442886414,0.8242566442886414,0.0,0.0,0.0,0.0,1.0,0.8,-0.09264385715689427,0.0,0.6688126046072919,0.8884067867977821,0.5614268757912733,0.6042691265329596,0.5331308504550685,0.395431048851402
v7-pilots-humanitarian-large-high-high-high-random_geometric-private_fragmented-771105-always_act-always_on,humanitarian,large,high,high,high,random_geometric,private_fragmented,always_on,771105,always_act,65,HUM-45-shelter,H15,no_operational_action,request_peer_evidence,send_targeted_summary,execute_autonomously,False,False,0.0,False,False,0.874436913752402,0.20995685343337764,0.561380034373697,0.13272722048551183,1.0,0.8890742235799678,0.9022704052580385,0.011427158977783347,0.008312215289273506,0.010326579452809015,0.060037386650953824,0.9885728410222167,0.725,-0.02767102782642683,0.011404734913498915,0.6105630835923396,0.874436913752402,0.5880413439648495,0.6344587451610626,0.6035203314854586,0.4187024060780394
v7-pilots-humanitarian-large-high-high-high-random_geometric-private_fragmented-771105-always_act-always_on,humanitarian,large,high,high,high,random_geometric,private_fragmented,always_on,771105,always_act,65,HUM-46-depot,H18,cancel_risky_dispatch,request_peer_evidence,send_targeted_summary,execute_autonomously,True,False,0.0,False,False,0.6943523488701334,0.07508893095028721,0.8827245155067109,0.6299688675269842,1.0,0.9433822489415943,0.9433822489415943,0.0,0.0,0.0,0.0,1.0,0.8,0.04609205883664558,0.0,0.6686723268223216,0.6943523488701334,0.513586501783452,0.564810226331568,0.45162798652545605,0.37401492178687545
v7-pilots-humanitarian-large-high-high-high-random_geometric-private_fragmented-771105-always_act-always_on,humanitarian,large,high,high,high,random_geometric,private_fragmented,always_on,771105,always_act,65,HUM-47-hub,H11,release_emergency_reserve,request_peer_evidence,send_targeted_summary,execute_autonomously,False,False,0.0,False,False,0.7437933054772253,0.018065160043107875,0.8344517489300597,0.5542130072542581,1.0,0.9581827751885597,0.9581827751885597,0.0,0.0,0.0,0.0,1.0,0.8,0.0358698555539988,0.0,0.6673008456032785,0.7437933054772253,0.5370630159880301,0.5887558922582269,0.47239318830043464,0.37876768640413405
v7-pilots-humanitarian-large-high-high-high-random_geometric-private_fragmented-771105-always_act-always_on,humanitarian,large,high,high,high,random_geometric,private_fragmented,always_on,771105,always_act,65,HUM-48-ngo,H14,release_emergency_reserve,request_peer_evidence,send_targeted_summary,execute_autonomously,False,False,0.0,False,False,0.6219032422024888,0.20333484175689945,0.833694405570194,0.553308375135592,1.0,0.9136224521053645,0.9211269222634096,0.004402503726421592,0.003524030346329532,0.0033038126092513886,0.008916071719909881,0.9955974962735784,0.3875,0.11984568225731174,0.0016093213230509162,0.6256411123813883,0.6219032422024888,0.4833304151243269,0.5323081474494189,0.35225179073930835,0.30267341842254086
v7-pilots-humanitarian-large-high-high-high-random_geometric-private_fragmented-771105-always_act-always_on,humanitarian,large,high,high,high,random_geometric,private_fragmented,always_on,771105,always_act,65,HUM-49-transport,H17,cancel_risky_dispatch,request_peer_evidence,send_targeted_summary,execute_autonomously,True,False,0.0,False,False,0.8248560193954115,0.2510434442952638,0.9885171032923875,0.7939737413053569,1.0,0.8833941204929525,0.8833941204929525,0.0,0.0,0.0,0.0,1.0,0.8,-0.09256956205866773,0.0,0.7524047445077255,0.8248560193954115,0.5507909378814028,0.5988323390296175,0.5064395281460728,0.4302365343873581
v7-pilots-humanitarian-large-high-high-high-random_geometric-private_fragmented-771105-always_act-always_on,humanitarian,large,high,high,high,random_geometric,private_fragmented,always_on,771105,always_act,65,HUM-50-local_authority,H10,release_emergency_reserve,request_peer_evidence,send_targeted_summary,execute_autonomously,False,False,0.0,False,False,0.6350619911325351,0.09351439526360716,0.318712743429005,0.0,1.0,0.824242991618646,0.8339007288943525,0.006315985492444609,0.007485122107985798,0.0028515580573048593,0.03255863025241479,0.9936840145075554,0.7916666666666666,-0.018724711556020623,2.578050602508597e-05,0.497321076985062,0.6350619911325351,0.46892792404709804,0.531669532212336,0.47454848759266854,0.3099232995875286
v7-pilots-humanitarian-large-high-high-high-random_geometric-private_fragmented-771105-always_act-always_on,humanitarian,large,high,high,high,random_geometric,private_fragmented,always_on,771105,always_act,65,HUM-51-assessment,H13,cancel_risky_dispatch,request_peer_evidence,send_targeted_summary,execute_autonomously,True,False,0.0,False,False,0.8320184052232925,0.1963673827588217,0.8144289670962256,0.5245673690276548,1.0,0.8346792668335893,0.8346792668335893,0.0,0.0,0.0,0.0,1.0,0.8333333333333334,-0.08575973735901354,0.0,0.6901824263425566,0.8320184052232925,0.5414771787977144,0.5954755857538663,0.5161143968604496,0.40424657107917383
v7-pilots-humanitarian-large-high-high-high-random_geometric-private_fragmented-771105-always_act-always_on,humanitarian,large,high,high,high,random_geometric,private_fragmented,always_on,771105,always_act,70,HUM-00-ngo,H20,release_emergency_reserve,request_peer_evidence,negotiate_commitment,execute_autonomously,False,False,0.0,False,False,0.622514932118867,0.20930828071423868,0.6148237186007846,0.21413688571449396,1.0,0.9178830362094345,0.9229745137429982,0.002724225474333819,0.0023458102775382184,0.0017361975291939613,0.012625765239525077,0.9972757745256662,0.7916666666666666,-0.017665715065464327,0.001401514892229283,0.5444479294918934,0.622514932118867,0.4822906475639728,0.5315414420230757,0.43898076798733554,0.31560525474168033
v7-pilots-humanitarian-large-high-high-high-random_geometric-private_fragmented-771105-always_act-always_on,humanitarian,large,high,high,high,random_geometric,private_fragmented,always_on,771105,always_act,70,HUM-01-transport,H23,redirect_vehicle,request_peer_evidence,negotiate_commitment,execute_autonomously,True,False,0.0,False,False,0.782092884781308,0.16365272049730872,0.6099433479784959,0.204791335280228,1.0,0.8872884726057656,0.8872884726057656,0.0,0.0,0.0,0.0,1.0,0.8333333333333334,0.0029489001101914436,0.0,0.5964615012928994,0.782092884781308,0.5346592720639646,0.5868004523233654,0.49514567827481604,0.35189430130572696
v7-pilots-humanitarian-large-high-high-high-random_geometric-private_fragmented-771105-always_act-always_on,humanitarian,large,high,high,high,random_geometric,private_fragmented,always_on,771105,always_act,70,HUM-02-local_authority,H26,release_emergency_reserve,request_peer_evidence,negotiate_commitment,execute_autonomously,False,False,0.0,False,False,0.5657051174805431,0.21258932867183516,1.0,0.8241749603651194,1.0,0.8390121585397311,0.8503989025262404,0.007114657828488968,0.006950785699520345,0.0037347859910215053,0.036776824125747454,0.992885342171511,0.725,-0.05574684329990609,-0.0001499312242410067,0.6715417304310133,0.5657051174805431,0.44599560758703455,0.4980247975322567,0.4384969220129642,0.3843701798969867
v7-pilots-humanitarian-large-high-high-high-random_geometric-private_fragmented-771105-always_act-always_on,humanitarian,large,high,high,high,random_geometric,private_fragmented,always_on,771105,always_act,70,HUM-03-assessment,H29,allocate_shipment,request_peer_evidence,negotiate_commitment,execute_autonomously,True,False,0.0,False,False,0.6488223417159042,0.07356224096134112,0.7059918657916127,0.3539768254397636,1.0,0.8682230294343591,0.8775342313824227,0.009517398285810996,0.007655679864126519,0.007465894688783337,0.058367790893006484,0.990482601714189,0.725,-0.08941508740868542,0.007485824105318062,0.5869540342889508,0.6488223417159042,0.4899090516450869,0.5426324004890035,0.5062244256780496,0.37560874109298475
v7-pilots-humanitarian-large-high-high-high-random_geometric-private_fragmented-771105-always_act-always_on,humanitarian,large,high,high,high,random_geometric,private_fragmented,always_on,771105,always_act,70,HUM-04-clinic,H22,no_operational_action,request_peer_evidence,send_targeted_summary,execute_autonomously,False,False,0.0,False,False,0.8336725418235258,0.24425235721535907,0.7025015889303456,0.34889784052779016,1.0,0.8953478400946414,0.8953478400946414,0.0,0.0,0.0,0.0,1.0,0.8,-0.030580601801516005,0.0,0.6485841459466685,0.8336725418235258,0.5573059767530707,0.6059606963450754,0.5101424675658808,0.37929605257392207
v7-pilots-humanitarian-large-high-high-high-random_geometric-private_fragmented-771105-always_act-always_on,humanitarian,large,high,high,high,random_geometric,private_fragmented,always_on,771105,always_act,70,HUM-05-shelter,H25,revise_delivery_priority,request_peer_evidence,negotiate_commitment,execute_autonomously,True,False,0.0,False,False,0.9256908684141603,0.277195026013336,0.9695829159733439,0.7624250163916125,1.0,0.7502877933283246,0.7502877933283246,0.0,0.0,0.0,0.0,1.0,0.8,-0.1340609141874457,0.0,0.7791168991948015,0.9256908684141603,0.5578482956977453,0.6057975939959389,0.5487901647339473,0.45468444512295836
v7-pilots-humanitarian-large-high-high-high-random_geometric-private_fragmented-771105-always_act-always_on,humanitarian,large,high,high,high,random_geometric,private_fragmented,always_on,771105,always_act,70,HUM-06-depot,H28,cancel_risky_dispatch,request_peer_evidence,negotiate_commitment,execute_autonomously,True,False,0.0,False,False,0.7071586204807331,0.026816684652599843,0.9350572301658012,0.7097653428575055,1.0,0.8993983383083638,0.8993983383083638,0.0,0.0,0.0,0.0,1.0,0.8,-0.04552981806734224,0.0,0.6921776132492505,0.7071586204807331,0.5077130327693842,0.5626416553734985,0.4570066206019079,0.38717625487750595
v7-pilots-humanitarian-large-high-high-high-random_geometric-private_fragmented-771105-always_act-always_on,humanitarian,large,high,high,high,random_geometric,private_fragmented,always_on,771105,always_act,70,HUM-07-hub,H21,revise_delivery_priority,request_peer_evidence,negotiate_commitment,execute_autonomously,True,False,0.0,False,False,0.6755928363161585,0.10760138863399094,0.6756344832810028,0.3073214463391998,1.0,0.9258642060516428,0.9308893072195579,0.003267103407539995,0.0026871392163648755,0.0022391610309731025,0.019049784290412375,0.99673289659246,0.725,0.019603632933806403,8.062778138206994e-05,0.5848587114689019,0.6755928363161585,0.5062771308099301,0.55795546645406,0.45770466337421334,0.3371128781716216
v7-pilots-humanitarian-large-high-high-high-random_geometric-private_fragmented-771105-always_act-always_on,humanitarian,large,high,high,high,random_geometric,private_fragmented,always_on,771105,always_act,70,HUM-08-ngo,H24,release_emergency_reserve,request_peer_evidence,negotiate_commitment,execute_autonomously,False,False,0.0,False,False,0.7031319015627626,0.060612337581170184,0.6208667756442181,0.2232139943266732,1.0,0.9177592803456083,0.9207890945997161,0.0027979049856527993,0.0021201179500581757,0.00221447447631562,0.016275376049598278,0.9972020950143472,0.725,0.006426929325814235,0.0027416550444048227,0.5740362051697409,0.7031319015627626,0.514609647691421,0.5687888365570024,0.46505397025174966,0.3345104283097914
v7-pilots-humanitarian-large-high-high-high-random_geometric-private_fragmented-771105-always_act-always_on,humanitarian,large,high,high,high,random_geometric,private_fragmented,always_on,771105,always_act,70,HUM-09-transport,H27,no_operational_action,request_peer_evidence,send_targeted_summary,execute_autonomously,False,False,0.0,False,False,0.865606059783572,0.11432292310477682,0.7948504356415462,0.49176697419543713,1.0,0.9211529521519973,0.9249554104341815,0.00482978632533515,0.0038874870317222587,0.0032535721174916654,0.030081478286745233,0.9951702136746648,0.725,0.073717017855077,0.0027015895681324897,0.6937301341333194,0.865606059783572,0.5832923628068973,0.633250552128696,0.554278392104953,0.42392223436449017
v7-pilots-humanitarian-large-high-high-high-random_geometric-private_fragmented-771105-always_act-always_on,humanitarian,large,high,high,high,random_geometric,private_fragmented,always_on,771105,always_act,70,HUM-10-local_authority,H20,release_emergency_reserve,request_peer_evidence,negotiate_commitment,execute_autonomously,False,False,0.0,False,False,0.6918360714116069,0.06725119658338718,0.6373132775229229,0.24899570204380833,1.0,0.9267887784913378,0.9338305493189384,0.007194874799025586,0.006205380629187962,0.004367484221518447,0.03836754942474874,0.9928051252009744,0.7916666666666666,-0.00950013116642423,0.004880040807942798,0.5763832327704603,0.6918360714116069,0.518504447906113,0.5702289486472301,0.5072231584518263,0.364541239297626
v7-pilots-humanitarian-large-high-high-high-random_geometric-private_fragmented-771105-always_act-always_on,humanitarian,large,high,high,high,random_geometric,private_fragmented,always_on,771105,always_act,70,HUM-11-assessment,H23,revise_delivery_priority,request_peer_evidence,negotiate_commitment,execute_autonomously,True,False,0.0,False,False,0.7773926635184166,0.0026167815947027995,0.7788919057943443,0.466661599894793,1.0,0.9117759616832865,0.9258855485162467,0.014224475300988915,0.01301909375448429,0.008115291231308386,0.037232602096099535,0.9857755246990111,0.6666666666666666,-0.009071129145870716,0.012727343750306597,0.657712289571012,0.7773926635184166,0.5588153212495728,0.6136433359526466,0.5164318071971395,0.40983483066736914
v7-pilots-humanitarian-large-high-high-high-random_geometric-private_fragmented-771105-always_act-always_on,humanitarian,large,high,high,high,random_geometric,private_fragmented,always_on,771105,always_act,70,HUM-12-clinic,H26,revise_delivery_priority,request_peer_evidence,negotiate_commitment,execute_autonomously,True,False,0.0,False,False,0.7814748789782249,0.12286799851758506,0.8757863938850949,0.6181010632227032,1.0,0.8957305764667729,0.9264820090071239,0.03343843828440329,0.027044408782227247,0.024390299845280405,0.057935820895854334,0.9665615617155967,0.3875,0.08525473838819342,0.016840889508229373,0.6954457140260453,0.7814748789782249,0.5833364093061478,0.630810924173614,0.49378189693255303,0.42913019354147564
v7-pilots-humanitarian-large-high-high-high-random_geometric-private_fragmented-771105-always_act-always_on,humanitarian,large,high,high,high,random_geometric,private_fragmented,always_on,771105,always_act,70,HUM-13-shelter,H29,cancel_risky_dispatch,request_peer_evidence,negotiate_commitment,execute_autonomously,True,False,0.0,False,False,0.8310035034199601,0.1469212034474547,0.4479154570485862,0.0,1.0,0.8738460435510658,0.8738460435510658,0.0,0.0,0.0,0.0,1.0,0.8,-0.03683068788612576,0.0,0.5639411911627865,0.8310035034199601,0.5508629122557505,0.6054468057868296,0.5090214714363832,0.33668098095758886
v7-pilots-humanitarian-large-high-high-high-random_geometric-private_fragmented-771105-always_act-always_on,humanitarian,large,high,high,high,random_geometric,private_fragmented,always_on,771105,always_act,70,HUM-14-depot,H22,release_emergency_reserve,request_peer_evidence,negotiate_commitment,execute_autonomously,False,True,-0.0385931128033994,False,True,0.5952566374713106,0.12306950412285844,0.9364370934466468,0.711497872528057,1.0,0.8458524000817432,0.8612727742246357,0.0100595504824883,0.00881041576031616,0.0067401837188811875,0.044311752650459946,0.9899404495175117,0.725,-0.07972067301761399,0.0037565589807512234,0.6545467461469793,0.5952566374713106,0.46364912568444366,0.5146205229221799,0.46236165176664956,0.39049300534607134
v7-pilots-humanitarian-large-high-high-high-random_geometric-private_fragmented-771105-always_act-always_on,humanitarian,large,high,high,high,random_geometric,private_fragmented,always_on,771105,always_act,70,HUM-15-hub,H25,revise_delivery_priority,request_peer_evidence,negotiate_commitment,execute_autonomously,True,True,-224.46641306980496,False,True,0.6639247420691475,0.15259819024831456,0.43626696380642155,0.0,1.0,0.9157347724633246,0.9230055365420713,0.010506091142246543,0.007568874650845325,0.009310542677193445,0.053964548818976055,0.9894939088577535,0.725,-0.01145344671514581,0.007881018213007573,0.5071344123035102,0.6639247420691475,0.5092121175426354,0.5591607332210417,0.5058745058738856,0.33564250044735744
v7-pilots-humanitarian-large-high-high-high-random_geometric-private_fragmented-771105-always_act-always_on,humanitarian,large,high,high,high,random_geometric,private_fragmented,always_on,771105,always_act,70,HUM-16-ngo,H28,cancel_risky_dispatch,request_peer_evidence,send_targeted_summary,execute_autonomously,True,False,0.0,False,False,0.7549666908761421,0.009191680723112161,0.7785083002796811,0.4671145015340193,1.0,0.9634229869509991,0.9634229869509991,0.0,0.0,0.0,0.0,1.0,0.8,0.080553443617703,0.0,0.6501961552660529,0.7549666908761421,0.5428424230882066,0.5942785823466502,0.4770860101679797,0.37144441362940217
v7-pilots-humanitarian-large-high-high-high-random_geometric-private_fragmented-771105-always_act-always_on,humanitarian,large,high,high,high,random_geometric,private_fragmented,always_on,771105,always_act,70,HUM-17-transport,H21,cancel_risky_dispatch,request_peer_evidence,send_targeted_summary,execute_autonomously,True,False,0.0,False,False,0.7914319933677669,0.03981787784054752,0.7758177782092647,0.46260555347800575,1.0,0.9629439811774748,0.9650724252143034,0.004542410822200416,0.003201859173482813,0.003915914455422165,0.025272025943765205,0.9954575891777996,0.725,-0.0033840680527793543,0.0020480093109790376,0.6615122105797622,0.7914319933677669,0.563668167792556,0.614179929690531,0.5158149166489852,0.3956280389682806
v7-pilots-humanitarian-large-high-high-high-random_geometric-private_fragmented-771105-always_act-always_on,humanitarian,large,high,high,high,random_geometric,private_fragmented,always_on,771105,always_act,70,HUM-18-local_authority,H24,release_emergency_reserve,request_peer_evidence,send_targeted_summary,execute_autonomously,False,False,0.0,False,False,0.5747200428271946,0.2461647002438388,0.8105283241727873,0.5171893945459554,1.0,0.8697345715218334,0.8899076820284795,0.0126290648466858,0.010464631115888579,0.009258266071517696,0.02782644220117956,0.9873709351533142,0.3875,-0.033633713663141496,0.011778048448592648,0.6009302692522754,0.5747200428271946,0.46500235079669633,0.5126798563931977,0.3611786101332147,0.31446039964437394
v7-pilots-humanitarian-large-high-high-high-random_geometric-private_fragmented-771105-always_act-always_on,humanitarian,large,high,high,high,random_geometric,private_fragmented,always_on,771105,always_act,70,HUM-19-assessment,H27,no_operational_action,request_peer_evidence,send_targeted_summary,execute_autonomously,False,False,0.0,False,False,0.7945820668595289,0.15201948330223852,0.7762251532234183,0.462897786447339,1.0,0.8894364427448589,0.8937278385392785,0.00629526298772054,0.006793376855800282,0.0031001894237940864,0.031065108175820644,0.9937047370122795,0.725,-0.0029211685685229805,0.004479560116403936,0.6626533714796012,0.7945820668595289,0.5490053056128351,0.6051303835266746,0.5259434325082495,0.40388165924118846
v7-pilots-humanitarian-large-high-high-high-random_geometric-private_fragmented-771105-always_act-always_on,humanitarian,large,high,high,high,random_geometric,private_fragmented,always_on,771105,always_act,70,HUM-20-clinic,H20,allocate_shipment,request_peer_evidence,send_targeted_summary,execute_autonomously,True,False,0.0,False,False,0.7764973181491739,0.12156954154192245,1.0,0.8218357661789488,1.0,0.8875868106920719,0.8959091129262353,0.007447410197101267,0.00620372645643541,0.005161426372089162,0.040473031114187756,0.9925525898028987,0.7916666666666666,0.05998126666254644,-0.007007661481998939,0.7426496720536668,0.7764973181491739,0.5429220042086292,0.5966428817705016,0.5459812142495517,0.4550409951447215
v7-pilots-humanitarian-large-high-high-high-random_geometric-private_fragmented-771105-always_act-always_on,humanitarian,large,high,high,high,random_geometric,private_fragmented,always_on,771105,always_act,70,HUM-21-shelter,H23,allocate_shipment,request_peer_evidence,send_targeted_summary,execute_autonomously,True,False,0.0,False,False,0.8572514238559319,0.37911412785788434,0.7565621629565068,0.4320504984961448,1.0,0.7849345041910001,0.7849345041910001,0.0,0.0,0.0,0.0,1.0,0.8333333333333334,-0.12066121329364377,0.0,0.6765576037500917,0.8572514238559319,0.5391341955901228,0.5851928129236618,0.5267122646861581,0.40020979183253164
v7-pilots-humanitarian-large-high-high-high-random_geometric-private_fragmented-771105-always_act-always_on,humanitarian,large,high,high,high,random_geometric,private_fragmented,always_on,771105,always_act,70,HUM-22-depot,H26,release_emergency_reserve,request_peer_evidence,send_targeted_summary,execute_autonomously,False,False,0.0,False,False,0.5175247626780946,0.26863965548099045,0.9769564012612199,0.7749145746556968,1.0,0.813709067349823,0.8487539444153948,0.02794151571698522,0.02280368896581675,0.021614411779129927,0.050365478873567335,0.9720584842830148,0.2,-0.08972458051333454,0.008300241712760559,0.6433379172279194,0.5175247626780946,0.44955529391247284,0.49229107897964675,0.33391592821262206,0.33284205492646013
v7-pilots-humanitarian-large-high-high-high-random_geometric-private_fragmented-771105-always_act-always_on,humanitarian,large,high,high,high,random_geometric,private_fragmented,always_on,771105,always_act,70,HUM-23-hub,H29,release_emergency_reserve,request_peer_evidence,send_targeted_summary,execute_autonomously,False,False,0.0,False,False,0.5811930839620298,0.1402838524009512,0.4408201894816748,0.0,1.0,0.8211695194140444,0.8211695194140444,0.0,0.0,0.0,0.0,1.0,0.8,-0.08204940056227061,0.0,0.47900564854709016,0.5811930839620298,0.43776961343832305,0.4913017794468607,0.4041010952640526,0.26673406350936835
v7-pilots-humanitarian-large-high-high-high-random_geometric-private_fragmented-771105-always_act-always_on,humanitarian,large,high,high,high,random_geometric,private_fragmented,always_on,771105,always_act,70,HUM-24-ngo,H22,release_emergency_reserve,request_peer_evidence,send_targeted_summary,execute_autonomously,False,False,0.0,False,False,0.5393787016908251,0.28552498940790794,0.7612943870197758,0.4400266775664069,1.0,0.8512353019357563,0.8512353019357563,0.0,0.0,0.0,0.0,1.0,0.8,-0.05828061213170721,0.0,0.5703951611908182,0.5393787016908251,0.42856030616026913,0.47576559502238747,0.3865390547101466,0.3078292377813999
v7-pilots-humanitarian-large-high-high-high-random_geometric-private_fragmented-771105-always_act-always_on,humanitarian,large,high,high,high,random_geometric,private_fragmented,always_on,771105,always_act,70,HUM-25-transport,H25,allocate_shipment,request_peer_evidence,send_targeted_summary,execute_autonomously,True,False,0.0,False,False,0.7929385985524342,0.034569469726203395,0.9804628658343915,0.7792889386762363,1.0,0.9358357793802756,0.9373477286387024,0.0016599750919770173,0.0013554922764557054,0.0011581796098812935,0.010103066347006862,0.998340024908023,0.725,0.07615576633511356,4.188062967203088e-05,0.7380284687901244,0.7929385985524342,0.5534583493948104,0.6072093565396467,0.49339087223947276,0.4186492044568542
v7-pilots-humanitarian-large-high-high-high-random_geometric-private_fragmented-771105-always_act-always_on,humanitarian,large,high,high,high,random_geometric,private_fragmented,always_on,771105,always_act,70,HUM-26-local_authority,H28,release_emergency_reserve,request_peer_evidence,send_targeted_summary,execute_autonomously,False,False,0.0,False,False,0.6508613158164355,0.1187680279105694,0.5779617162816602,0.15626729633708686,1.0,0.9089207497775209,0.9089207497775209,0.0,0.0,0.0,0.0,1.0,0.8,-0.010776051417330068,0.0,0.5401969984984889,0.6508613158164355,0.4875747137709544,0.5395708409740745,0.43336175264290294,0.30499324398905236
v7-pilots-humanitarian-large-high-high-high-random_geometric-private_fragmented-771105-always_act-always_on,humanitarian,large,high,high,high,random_geometric,private_fragmented,always_on,771105,always_act,70,HUM-27-assessment,H21,revise_delivery_priority,request_peer_evidence,send_targeted_summary,execute_autonomously,True,False,0.0,False,False,0.7457508005381046,0.07926940871698906,0.7502142468047228,0.4229200798009658,1.0,0.9105467709230666,0.9105467709230666,0.0,0.0,0.0,0.0,1.0,0.8,0.05633580494825352,0.0,0.6364560913351874,0.7457508005381046,0.5259370129460085,0.5781062686726202,0.473215336226004,0.36356063372678515
v7-pilots-humanitarian-large-high-high-high-random_geometric-private_fragmented-771105-always_act-always_on,humanitarian,large,high,high,high,random_geometric,private_fragmented,always_on,771105,always_act,70,HUM-28-clinic,H24,cancel_risky_dispatch,request_peer_evidence,send_targeted_summary,execute_autonomously,True,False,0.0,False,False,0.8444158135429259,0.028111625890157144,0.7243944500578456,0.38368188966779576,1.0,0.9167511092271033,0.9240330664558417,0.005503153667839156,0.004847300547009437,0.003361901969801684,0.024710595855438555,0.9944968463321608,0.725,-0.016161799844009672,0.0031784618995124303,0.6605850301248658,0.8444158135429259,0.574658517858921,0.6270113369102086,0.5372147473882956,0.40202873699071573
v7-pilots-humanitarian-large-high-high-high-random_geometric-private_fragmented-771105-always_act-always_on,humanitarian,large,high,high,high,random_geometric,private_fragmented,always_on,771105,always_act,70,HUM-29-shelter,H27,no_operational_action,request_peer_evidence,send_targeted_summary,execute_autonomously,False,False,0.0,False,False,0.8350647171268025,0.3066391795751282,1.0,0.8638012487878612,1.0,0.8313342842088243,0.8313342842088243,0.0,0.0,0.0,0.0,1.0,0.8,0.06385721995469207,0.0,0.7726343035321995,0.8350647171268025,0.5418594579029271,0.5901143583760504,0.510727181193257,0.4414742706500481
v7-pilots-humanitarian-large-high-high-high-random_geometric-private_fragmented-771105-always_act-always_on,humanitarian,large,high,high,high,random_geometric,private_fragmented,always_on,771105,always_act,70,HUM-30-depot,H20,release_emergency_reserve,request_peer_evidence,send_targeted_summary,execute_autonomously,False,False,0.0,False,False,0.6123158010704163,0.10740376177082134,1.0,0.8197039029798847,1.0,0.8379870979250575,0.8527157349903229,0.008767925480385186,0.008893527144480218,0.004501399442807252,0.03649140844526366,0.9912320745196148,0.7916666666666666,-0.10985318944471645,0.007245663267220426,0.6863163090791139,0.6123158010704163,0.46669819058197015,0.5230456982951359,0.4709729106197089,0.4125809965450624
v7-pilots-humanitarian-large-high-high-high-random_geometric-private_fragmented-771105-always_act-always_on,humanitarian,large,high,high,high,random_geometric,private_fragmented,always_on,771105,always_act,70,HUM-31-hub,H23,release_emergency_reserve,request_peer_evidence,send_targeted_summary,execute_autonomously,False,False,0.0,False,False,0.5540120145882937,0.29097646970697855,0.5845535013392087,0.16543707298933277,1.0,0.8660249089561017,0.8745032597855317,0.004992565296464968,0.004322123803149336,0.003420444931300226,0.024059725941694365,0.995007434703535,0.7916666666666666,-0.038742432045098196,0.004955843497183587,0.5094689824774598,0.5540120145882937,0.4451006244893939,0.492247842677801,0.4275891628917921,0.30381694068780957
v7-pilots-humanitarian-large-high-high-high-random_geometric-private_fragmented-771105-always_act-always_on,humanitarian,large,high,high,high,random_geometric,private_fragmented,always_on,771105,always_act,70,HUM-32-ngo,H26,release_emergency_reserve,request_peer_evidence,send_targeted_summary,execute_autonomously,False,False,0.0,False,False,0.6789974842769143,0.13048370586360775,0.964351942497935,0.7553776635726053,1.0,0.9125231436723774,0.9140185687907479,0.0039830866071723925,0.003828641114899778,0.0025620466627003236,0.012513009011686876,0.9960169133928276,0.5666666666666667,0.05785576760323452,-0.01686509949756354,0.6935497839115762,0.6789974842769143,0.5053061008789015,0.5608255079914746,0.4175320504274014,0.3671074679417877
v7-pilots-humanitarian-large-high-high-high-random_geometric-private_fragmented-771105-always_act-always_on,humanitarian,large,high,high,high,random_geometric,private_fragmented,always_on,771105,always_act,70,HUM-33-transport,H29,allocate_shipment,request_peer_evidence,send_targeted_summary,execute_autonomously,True,False,0.0,False,False,0.7603382136681142,0.09727938557728702,0.6369778173656571,0.24700505037953246,1.0,0.9008577748314053,0.9102118506392967,0.005445164395675661,0.004219638426252503,0.004428426350468473,0.024908689601088056,0.9945548356043243,0.725,0.0451461722048877,0.004532760172124339,0.5991962047382466,0.7603382136681142,0.536972959329043,0.5888505272144464,0.5022032579342618,0.36357863489057457
v7-pilots-humanitarian-large-high-high-high-random_geometric-private_fragmented-771105-always_act-always_on,humanitarian,large,high,high,high,random_geometric,private_fragmented,always_on,771105,always_act,70,HUM-34-local_authority,H22,release_emergency_reserve,request_peer_evidence,send_targeted_summary,execute_autonomously,False,False,0.0,False,False,0.6933206927411827,0.07974609676027317,0.8451320378788821,0.5699750363980217,1.0,0.8982699772266718,0.9047582287803265,0.0044057475158166826,0.004506894001419903,0.0022939270523250066,0.020791732564962806,0.9955942524841833,0.725,-0.04614489514595166,-0.0016653434677337264,0.6539230442675273,0.6933206927411827,0.5080638179252843,0.5648073563195573,0.4677981244500402,0.37569944704320596
v7-pilots-humanitarian-large-high-high-high-random_geometric-private_fragmented-771105-always_act-always_on,humanitarian,large,high,high,high,random_geometric,private_fragmented,always_on,771105,always_act,70,HUM-35-assessment,H25,allocate_shipment,request_peer_evidence,send_targeted_summary,execute_autonomously,True,False,0.0,False,False,0.8133216944642061,0.19533774545646354,0.9832802816607195,0.7836559332070446,1.0,0.8995154198328424,0.8987643809998993,0.0008626726214644442,0.0006682903527777118,0.0007050636547293321,0.005022271234875086,0.9991373273785356,0.725,-0.05462281656678214,0.0008470482355584785,0.7460068000875207,0.8133216944642061,0.5514152744139433,0.602237344683716,0.4942289639519767,0.4211494301207674
v7-pilots-humanitarian-large-high-high-high-random_geometric-private_fragmented-771105-always_act-always_on,humanitarian,large,high,high,high,random_geometric,private_fragmented,always_on,771105,always_act,70,HUM-36-clinic,H28,no_operational_action,request_peer_evidence,send_targeted_summary,execute_autonomously,False,False,0.0,False,False,0.7997102179981623,0.24213603940330028,0.702554943662963,0.34938679877810624,1.0,0.8446868680327783,0.8446868680327783,0.0,0.0,0.0,0.0,1.0,0.8,-0.09091505195070915,0.0,0.6371543058261208,0.7997102179981623,0.5310558042074596,0.5815977660929784,0.4958782915592282,0.3698452768928582
v7-pilots-humanitarian-large-high-high-high-random_geometric-private_fragmented-771105-always_act-always_on,humanitarian,large,high,high,high,random_geometric,private_fragmented,always_on,771105,always_act,70,HUM-37-shelter,H21,no_operational_action,request_peer_evidence,send_targeted_summary,execute_autonomously,False,False,0.0,False,False,0.76503565862681,0.1485960194201834,0.8312573377879044,0.5485368708248973,1.0,0.8466914505483035,0.8466914505483035,0.0,0.0,0.0,0.0,1.0,0.8,-0.09222163363645486,0.0,0.6731609729310908,0.76503565862681,0.5176871260877999,0.5742966031893708,0.4813149766232602,0.3840344089144945
v7-pilots-humanitarian-large-high-high-high-random_geometric-private_fragmented-771105-always_act-always_on,humanitarian,large,high,high,high,random_geometric,private_fragmented,always_on,771105,always_act,70,HUM-38-depot,H24,release_emergency_reserve,request_peer_evidence,send_targeted_summary,execute_autonomously,False,False,0.0,False,False,0.5991659126143591,0.1946534621852262,0.850641096306477,0.5793641913531744,1.0,0.8872929866362806,0.9014150458456539,0.009836043306996944,0.008431934772190286,0.006550038469039343,0.034045762802695154,0.9901639566930031,0.5666666666666667,0.0012349066251119423,0.00977975681839438,0.624163816213644,0.5991659126143591,0.47526007233460954,0.5243283721777872,0.4167325760914608,0.35225382178769576
v7-pilots-humanitarian-large-high-high-high-random_geometric-private_fragmented-771105-always_act-always_on,humanitarian,large,high,high,high,random_geometric,private_fragmented,always_on,771105,always_act,70,HUM-39-hub,H27,release_emergency_reserve,request_peer_evidence,send_targeted_summary,execute_autonomously,False,False,0.0,False,False,0.7603231963402186,0.04077968648699626,0.7393044959206163,0.4056707676279958,1.0,0.9672421524583025,0.9672421524583025,0.0,0.0,0.0,0.0,1.0,0.8,0.010299313718716063,0.0,0.6372708709863933,0.7603231963402186,0.545939816650663,0.5979533211051564,0.47933574246289185,0.36557098709062075
v7-pilots-humanitarian-large-high-high-high-random_geometric-private_fragmented-771105-always_act-always_on,humanitarian,large,high,high,high,random_geometric,private_fragmented,always_on,771105,always_act,70,HUM-40-ngo,H20,release_emergency_reserve,request_peer_evidence,send_targeted_summary,execute_autonomously,False,False,0.0,False,False,0.7225734956353832,0.047713872009179537,0.7140087159928313,0.36787363167216647,1.0,0.9088663283808129,0.9098225876076533,0.004427829362953606,0.0033446166257682375,0.003949535176708041,0.03144387735908627,0.9955721706370464,0.7916666666666666,-0.0035503149602766904,-0.0036494384041926287,0.6153646601173502,0.7225734956353832,0.5224449414574915,0.5771683757813064,0.5096088950860054,0.37647391569885996
v7-pilots-humanitarian-large-high-high-high-random_geometric-private_fragmented-771105-always_act-always_on,humanitarian,large,high,high,high,random_geometric,private_fragmented,always_on,771105,always_act,70,HUM-41-transport,H23,no_operational_action,request_peer_evidence,send_targeted_summary,execute_autonomously,False,False,0.0,False,False,0.8090955946501422,0.171893203103332,0.5503137416249759,0.11236544543227198,1.0,0.9239447111172149,0.9287656585429851,0.004211563202704438,0.003492554373990542,0.002692163624755106,0.019815143915364986,0.9957884367972956,0.7916666666666666,0.018862103857444357,0.002661425278148055,0.5834602090847937,0.8090955946501422,0.5605206041231469,0.6098742303167692,0.5282725018377479,0.36315656554791914
v7-pilots-humanitarian-large-high-high-high-random_geometric-private_fragmented-771105-always_act-always_on,humanitarian,large,high,high,high,random_geometric,private_fragmented,always_on,771105,always_act,70,HUM-42-local_authority,H26,release_emergency_reserve,request_peer_evidence,send_targeted_summary,execute_autonomously,False,False,0.0,False,False,0.623837578234573,0.21225620103753867,0.9019902019182638,0.658716965674115,1.0,0.9221749459525105,0.9209697700853056,0.00229171544124529,0.0021207255678881154,0.0014176100212149878,0.00957888734876584,0.9977082845587547,0.5666666666666667,0.06506822297676385,-0.006179892322388358,0.6515968483615424,0.623837578234573,0.4832871693997002,0.5325167405104176,0.38990502496197804,0.3363688113619787
v7-pilots-humanitarian-large-high-high-high-random_geometric-private_fragmented-771105-always_act-always_on,humanitarian,large,high,high,high,random_geometric,private_fragmented,always_on,771105,always_act,70,HUM-43-assessment,H29,revise_delivery_priority,request_peer_evidence,send_targeted_summary,execute_autonomously,True,False,0.0,False,False,0.8263309460178979,0.31938057544373655,0.7649807826232157,0.4454096465287483,1.0,0.8154398729835497,0.8154398729835497,0.0,0.0,0.0,0.0,1.0,0.8,-0.10362985553604398,0.0,0.6692508368129849,0.8263309460178979,0.5343923466530467,0.5810197647539866,0.5070589973275171,0.3888218224684612
v7-pilots-humanitarian-large-high-high-high-random_geometric-private_fragmented-771105-always_act-always_on,humanitarian,large,high,high,high,random_geometric,private_fragmented,always_on,771105,always_act,70,HUM-44-clinic,H22,cancel_risky_dispatch,request_peer_evidence,send_targeted_summary,execute_autonomously,True,False,0.0,False,False,0.8348041158366684,0.2835690850687876,0.8635677289753745,0.5985503575975848,1.0,0.8691152026609107,0.8691152026609107,0.0,0.0,0.0,0.0,1.0,0.8,-0.04205606185586752,0.0,0.7088854852078876,0.8348041158366684,0.551200446999895,0.598015836608733,0.5106177286514006,0.4095711953459773
v7-pilots-humanitarian-large-high-high-high-random_geometric-private_fragmented-771105-always_act-always_on,humanitarian,large,high,high,high,random_geometric,private_fragmented,always_on,771105,always_act,70,HUM-45-shelter,H25,revise_delivery_priority,request_peer_evidence,send_targeted_summary,execute_autonomously,True,False,0.0,False,False,0.8744614405028259,0.052625831192758266,0.8445384188308848,0.5686060458208009,1.0,0.8839202491103297,0.8941737092971275,0.007412434739764384,0.0061188854835591,0.005246770279389135,0.04032256064449613,0.9925875652602356,0.725,0.029719534153218152,0.007371980861651806,0.7151823407679531,0.8744614405028259,0.581142047114383,0.6326224341080101,0.573564097190821,0.44920114742269773
v7-pilots-humanitarian-large-high-high-high-random_geometric-private_fragmented-771105-always_act-always_on,humanitarian,large,high,high,high,random_geometric,private_fragmented,always_on,771105,always_act,70,HUM-46-depot,H28,release_emergency_reserve,request_peer_evidence,send_targeted_summary,execute_autonomously,False,False,0.0,False,False,0.6753541125221678,0.09207924979712823,0.6470111704978854,0.2632939503722359,1.0,0.9352464653729325,0.9352464653729325,0.0,0.0,0.0,0.0,1.0,0.8,0.007719805219546072,0.0,0.5742109463468738,0.6753541125221678,0.5039532613521003,0.5548245142209264,0.4436487272593105,0.32469442555087535
v7-pilots-humanitarian-large-high-high-high-random_geometric-private_fragmented-771105-always_act-always_on,humanitarian,large,high,high,high,random_geometric,private_fragmented,always_on,771105,always_act,70,HUM-47-hub,H21,release_emergency_reserve,request_peer_evidence,send_targeted_summary,execute_autonomously,False,False,0.0,False,False,0.6342077625949136,0.14160335752221992,0.49172399941887257,0.022260196352897887,1.0,0.9083014421384409,0.9083014421384409,0.0,0.0,0.0,0.0,1.0,0.8,0.016903107245018867,0.0,0.5023730864069662,0.6342077625949136,0.48075846557257573,0.5315964459739395,0.42636726028986377,0.2842493970889236
v7-pilots-humanitarian-large-high-high-high-random_geometric-private_fragmented-771105-always_act-always_on,humanitarian,large,high,high,high,random_geometric,private_fragmented,always_on,771105,always_act,70,HUM-48-ngo,H24,cancel_risky_dispatch,request_peer_evidence,send_targeted_summary,execute_autonomously,True,False,0.0,False,False,0.6933039106271257,0.13094115291064945,1.0,0.8207271042821278,1.0,0.9329857557103273,0.9522983790780886,0.020988832688649373,0.018380749889956194,0.01361204285260531,0.02726091546311194,0.9790111673113506,0.3875,0.0006121010202450039,0.01782418795623697,0.7140978346409335,0.6933039106271257,0.5399523689425412,0.5917072018627374,0.41012423396732295,0.3956192953441804
v7-pilots-humanitarian-large-high-high-high-random_geometric-private_fragmented-771105-always_act-always_on,humanitarian,large,high,high,high,random_geometric,private_fragmented,always_on,771105,always_act,70,HUM-49-transport,H27,cancel_risky_dispatch,request_peer_evidence,send_targeted_summary,execute_autonomously,True,False,0.0,False,False,0.797823973218633,0.09794127562476829,0.801807166804661,0.5025499074982652,1.0,0.9375869518451423,0.9375869518451423,0.0,0.0,0.0,0.0,1.0,0.8,0.04921582097040622,0.0,0.673272128693919,0.797823973218633,0.5535263272487387,0.6059921725778235,0.49508606875182587,0.3876967014010091
v7-pilots-humanitarian-large-high-high-high-random_geometric-private_fragmented-771105-always_act-always_on,humanitarian,large,high,high,high,random_geometric,private_fragmented,always_on,771105,always_act,70,HUM-50-local_authority,H20,release_emergency_reserve,request_peer_evidence,send_targeted_summary,execute_autonomously,False,False,0.0,False,False,0.6416310540603803,0.126755753312337,1.0,0.8326403012166125,1.0,0.8950930992938513,0.9016277905065626,0.004248006146684302,0.0036900069004862646,0.0027990734513406723,0.022616592097145394,0.9957519938533157,0.7916666666666666,-0.024373112776568062,0.0010130798781265993,0.6993882306725163,0.6416310540603803,0.486372905052973,0.5388296802927144,0.46219559602635407,0.4035132131171049
v7-pilots-humanitarian-large-high-high-high-random_geometric-private_fragmented-771105-always_act-always_on,humanitarian,large,high,high,high,random_geometric,private_fragmented,always_on,771105,always_act,70,HUM-51-assessment,H23,allocate_shipment,request_peer_evidence,send_targeted_summary,execute_autonomously,True,False,0.0,False,False,0.7593284741100972,0.017393191244505307,0.6731653047254114,0.3027853682379469,1.0,0.9531894409363497,0.9531894409363497,0.0,0.0,0.0,0.0,1.0,0.8333333333333334,0.003986619434273586,0.0,0.6122401695745403,0.7593284741100972,0.5420287498781263,0.5946478425917965,0.4855846257929075,0.3572795502727142
v7-pilots-humanitarian-large-high-high-high-random_geometric-private_fragmented-771105-always_act-always_on,humanitarian,large,high,high,high,random_geometric,private_fragmented,always_on,771105,always_act,75,HUM-00-ngo,H00,allocate_shipment,request_peer_evidence,negotiate_commitment,execute_autonomously,True,False,0.0,False,False,0.7622076139619989,0.00794338949481832,0.18211722975508068,0.28228170612037506,0.0,0.9607667992700782,0.9609439954607348,0.00034791498697805956,0.000307649335225868,0.00021495059829557128,0.05541577349082938,0.9996520850130219,0.7916666666666666,0.037249809296852954,-0.0038724359835200506,0.38829819821596967,0.7622076139619989,0.5455618263840885,0.5976152641753707,0.5626925069034335,0.3908147985209727
v7-pilots-humanitarian-large-high-high-high-random_geometric-private_fragmented-771105-always_act-always_on,humanitarian,large,high,high,high,random_geometric,private_fragmented,always_on,771105,always_act,75,HUM-01-transport,H03,cancel_risky_dispatch,request_peer_evidence,negotiate_commitment,execute_autonomously,True,False,0.0,False,False,0.7349114691284218,0.06043587423223423,0.0,0.0,0.0,0.9435586439893832,0.9435586439893832,0.0,0.0,0.0,0.0,1.0,0.8333333333333334,0.011914210307534145,0.0,0.3112698995036634,0.7349114691284218,0.5298542486487146,0.5835559125049792,0.4753294837006038,0.31410854468929145
v7-pilots-humanitarian-large-high-high-high-random_geometric-private_fragmented-771105-always_act-always_on,humanitarian,large,high,high,high,random_geometric,private_fragmented,always_on,771105,always_act,75,HUM-02-local_authority,H06,no_operational_action,request_peer_evidence,send_targeted_summary,execute_autonomously,False,False,0.0,False,False,0.6110339667602562,0.18249634909806875,0.0,0.0,0.0,0.8688136798790418,0.8689967153621807,0.0001912572005078328,0.0001724796826377828,0.00012484089834796652,0.09540254948215121,0.9998087427994922,0.725,0.007109965854689593,-0.003366182217002134,0.2691515486984871,0.6110339667602562,0.4618847667545739,0.5153654683863554,0.5466461412521775,0.33489326294309296
v7-pilots-humanitarian-large-high-high-high-random_geometric-private_fragmented-771105-always_act-always_on,humanitarian,large,high,high,high,random_geometric,private_fragmented,always_on,771105,always_act,75,HUM-03-assessment,H09,cancel_risky_dispatch,request_peer_evidence,negotiate_commitment,execute_autonomously,True,False,0.0,False,False,0.7060660784179613,0.013819039337978845,0.12817082167508825,0.1986647735963868,0.0,0.9082161962395444,0.9136062176435673,0.0031596584340999323,0.0024569652186959834,0.002439546709547491,0.01712701039154252,0.9968403415659001,0.725,-0.036214672322794295,-0.004019863133005286,0.3491420123252397,0.7060660784179613,0.5139040022348105,0.5656574986948348,0.4675808087306884,0.3311291893192949
v7-pilots-humanitarian-large-high-high-high-random_geometric-private_fragmented-771105-always_act-always_on,humanitarian,large,high,high,high,random_geometric,private_fragmented,always_on,771105,always_act,75,HUM-04-clinic,H02,no_operational_action,request_peer_evidence,send_targeted_summary,execute_autonomously,False,False,0.0,False,False,0.5313093813439467,0.31463236416461804,0.10374374166285368,0.16080279957742322,0.0,0.8404343213980083,0.8404343213980083,0.0,0.0,0.0,0.0,1.0,0.8,-0.07231778892503249,0.0,0.28063786155552345,0.5313093813439467,0.4226323328870808,0.47014219895034826,0.38314994016445764,0.2720629627255959
v7-pilots-humanitarian-large-high-high-high-random_geometric-private_fragmented-771105-always_act-always_on,humanitarian,large,high,high,high,random_geometric,private_fragmented,always_on,771105,always_act,75,HUM-05-shelter,H05,no_operational_action,request_peer_evidence,send_targeted_summary,execute_autonomously,False,False,0.0,False,False,0.5161905488817611,0.31464834880595516,0.3994959928952842,0.6192187889876906,0.0,0.8307677591073885,0.8307677591073885,0.0,0.0,0.0,0.0,1.0,0.8,-0.1376278219741327,0.0,0.38551729597684453,0.5161905488817611,0.4141681593295516,0.4602913116595742,0.37680003053033967,0.32283960836541603
v7-pilots-humanitarian-large-high-high-high-random_geometric-private_fragmented-771105-always_act-always_on,humanitarian,large,high,high,high,random_geometric,private_fragmented,always_on,771105,always_act,75,HUM-06-depot,H08,no_operational_action,request_peer_evidence,send_targeted_summary,execute_autonomously,False,False,0.0,False,False,0.6106656848535849,0.19167274905147177,0.0,0.0,0.0,0.8776343005159065,0.8776343005159065,0.0,0.0,0.0,0.0,1.0,0.8,-0.06048038073034123,0.0,0.2690263328502189,0.6106656848535849,0.46367484907041057,0.516248067634616,0.4164795876385057,0.27498639175900375
v7-pilots-humanitarian-large-high-high-high-random_geometric-private_fragmented-771105-always_act-always_on,humanitarian,large,high,high,high,random_geometric,private_fragmented,always_on,771105,always_act,75,HUM-07-hub,H01,redirect_vehicle,request_peer_evidence,negotiate_commitment,execute_autonomously,True,False,0.0,False,False,0.6249468376875025,0.15959133419186833,0.35435156588784283,0.5492449271261564,0.0,0.9040296202258045,0.9040936001371863,6.930536493032768e-05,6.377564778281553e-05,3.718591216461675e-05,0.03528969261365811,0.9999306946350697,0.725,-0.023590902672113168,-0.002290139757537557,0.4057007073240284,0.6249468376875025,0.4760831676423546,0.5268111288145718,0.4611180046015113,0.36086852702843875
v7-pilots-humanitarian-large-high-high-high-random_geometric-private_fragmented-771105-always_act-always_on,humanitarian,large,high,high,high,random_geometric,private_fragmented,always_on,771105,always_act,75,HUM-08-ngo,H04,allocate_shipment,request_peer_evidence,negotiate_commitment,execute_autonomously,True,False,0.0,False,False,0.6541548714262893,0.05807713494601047,0.002741299969428646,0.004249014952614401,0.0,0.8789961817346852,0.8874553699414542,0.005497377488160926,0.0050725645213134385,0.0035327112359342383,0.027568543246843547,0.9945026225118391,0.725,-0.04305742174816418,0.005488537194266341,0.28483241987356583,0.6541548714262893,0.4891073224876123,0.5426789003973624,0.46164923173424366,0.30725169318431644
v7-pilots-humanitarian-large-high-high-high-random_geometric-private_fragmented-771105-always_act-always_on,humanitarian,large,high,high,high,random_geometric,private_fragmented,always_on,771105,always_act,75,HUM-09-transport,H07,cancel_risky_dispatch,request_peer_evidence,negotiate_commitment,execute_autonomously,True,False,0.0,False,False,0.7068534366549479,0.06758929098687261,0.001717938529373438,0.002662804720528829,0.0,0.9357379575264428,0.9383230368504846,0.003943229476454535,0.003767054677953352,0.0022848961449122296,0.019609153692519365,0.9960567705235455,0.725,-0.016218017893567915,-0.0002998964324706366,0.30236924159560924,0.7068534366549479,0.5221963853106263,0.5749226011014259,0.4716843570077076,0.310186206911088
v7-pilots-humanitarian-large-high-high-high-random_geometric-private_fragmented-771105-always_act-always_on,humanitarian,large,high,high,high,random_geometric,private_fragmented,always_on,771105,always_act,75,HUM-10-local_authority,H00,no_operational_action,request_peer_evidence,send_targeted_summary,execute_autonomously,False,False,0.0,False,False,0.6893651097676368,0.05870926040275731,0.0,0.0,0.0,0.8813189401337154,0.8882834064891166,0.0059615809154031085,0.005569270454302555,0.003753466815005102,0.03911151212327213,0.9940384190845969,0.7916666666666666,0.09819649085200632,-0.0031894002839597535,0.2957841373209965,0.6893651097676368,0.5044219922220479,0.5623943422021328,0.5073161778631143,0.32968052880312765
v7-pilots-humanitarian-large-high-high-high-random_geometric-private_fragmented-771105-always_act-always_on,humanitarian,large,high,high,high,random_geometric,private_fragmented,always_on,771105,always_act,75,HUM-11-assessment,H03,allocate_shipment,request_peer_evidence,negotiate_commitment,execute_autonomously,True,False,0.0,False,False,0.7211275034012684,0.02497243431369106,0.06672847666117704,0.10342913882482441,0.0,0.9060187467821871,0.916489448458093,0.014035012606979147,0.01079332439675007,0.011282206972161535,0.04584108545243561,0.9859649873930209,0.6666666666666666,0.0005195622199252181,0.012502729957748815,0.33140634447438916,0.7211275034012684,0.534604705705825,0.5847038164780101,0.5058853346495682,0.3573002269933806
v7-pilots-humanitarian-large-high-high-high-random_geometric-private_fragmented-771105-always_act-always_on,humanitarian,large,high,high,high,random_geometric,private_fragmented,always_on,771105,always_act,75,HUM-12-clinic,H06,no_operational_action,request_peer_evidence,send_targeted_summary,execute_autonomously,False,False,0.0,False,False,0.6907405840875371,0.009320071170371702,0.0,0.0,0.0,0.8837349583287685,0.9062042396904049,0.016217096970710387,0.0152151576933236,0.009455429854604791,0.041194362178924596,0.9837829030292896,0.3875,-0.010910957662856102,0.012563339804758211,0.29625179858976264,0.6907405840875371,0.5199339089762015,0.5753547359590416,0.43022647582873097,0.29789804177614426
v7-pilots-humanitarian-large-high-high-high-random_geometric-private_fragmented-771105-always_act-always_on,humanitarian,large,high,high,high,random_geometric,private_fragmented,always_on,771105,always_act,75,HUM-13-shelter,H09,cancel_risky_dispatch,request_peer_evidence,negotiate_commitment,execute_autonomously,True,False,0.0,False,False,0.6936950013293915,0.07848455087924672,0.1250128678840406,0.19376994522026292,0.0,0.9277137380010935,0.9277137380010935,0.0,0.0,0.0,0.0,1.0,0.8,-0.036317573755772714,0.0,0.34376108730485627,0.6936950013293915,0.50940643503203,0.561955253162935,0.45135190055834445,0.3214869937986612
v7-pilots-humanitarian-large-high-high-high-random_geometric-private_fragmented-771105-always_act-always_on,humanitarian,large,high,high,high,random_geometric,private_fragmented,always_on,771105,always_act,75,HUM-14-depot,H02,allocate_shipment,request_peer_evidence,negotiate_commitment,execute_autonomously,True,False,0.0,False,False,0.7274986351824959,0.062485391269036794,0.12448997050817612,0.19295945428767297,0.0,0.964849362060845,0.9688519825370588,0.006604322112390704,0.005144917692598394,0.004901027380486922,0.03902242370077824,0.9933956778876093,0.725,0.03536634374959646,0.004074669795199104,0.35505980499109013,0.7274986351824959,0.5414578455455566,0.590972943366199,0.5098635108018312,0.358701334286283
v7-pilots-humanitarian-large-high-high-high-random_geometric-private_fragmented-771105-always_act-always_on,humanitarian,large,high,high,high,random_geometric,private_fragmented,always_on,771105,always_act,75,HUM-15-hub,H05,no_operational_action,request_peer_evidence,send_targeted_summary,execute_autonomously,False,False,0.0,False,False,0.7322460417460844,0.06645172020073187,0.0,0.0,0.0,0.9715276163481744,0.9725367575204555,0.004205585558107239,0.0031721088424795374,0.003372984476493035,0.026269715589054332,0.9957944144418928,0.725,0.010100410219050615,0.0033041346296359686,0.31036365419366874,0.7322460417460844,0.5416681405668275,0.5911992993745288,0.492473305228718,0.32489907726251044
v7-pilots-humanitarian-large-high-high-high-random_geometric-private_fragmented-771105-always_act-always_on,humanitarian,large,high,high,high,random_geometric,private_fragmented,always_on,771105,always_act,75,HUM-16-ngo,H08,no_operational_action,request_peer_evidence,send_targeted_summary,execute_autonomously,False,False,0.0,False,False,0.6555459722640042,0.1221734414610195,0.0,0.0,0.0,0.9168967119158178,0.9168967119158178,0.0,0.0,0.0,0.0,1.0,0.8,-0.06646725766076933,0.0,0.28428563056976147,0.6555459722640042,0.4914425668845562,0.5431238276187262,0.4353293083508818,0.28755287223392123
v7-pilots-humanitarian-large-high-high-high-random_geometric-private_fragmented-771105-always_act-always_on,humanitarian,large,high,high,high,random_geometric,private_fragmented,always_on,771105,always_act,75,HUM-17-transport,H01,no_operational_action,request_peer_evidence,send_targeted_summary,execute_autonomously,False,False,0.0,False,False,0.5974745975647426,0.24860492051116603,0.028969593106965685,0.04490286931579682,0.0,0.8978487768162288,0.8979842824107682,0.0001442506277502531,0.00011233177783709358,0.00011564265092056658,0.07544814089236884,0.9998557493722497,0.725,-0.01696417248907811,-0.0024481099183697452,0.2753180518078037,0.5974745975647426,0.4636539841088046,0.5130245440625695,0.5106205051335926,0.3219358516064775
v7-pilots-humanitarian-large-high-high-high-random_geometric-private_fragmented-771105-always_act-always_on,humanitarian,large,high,high,high,random_geometric,private_fragmented,always_on,771105,always_act,75,HUM-18-local_authority,H04,no_operational_action,request_peer_evidence,send_targeted_summary,execute_autonomously,False,False,0.0,False,False,0.7118313228894553,0.04927082262384125,0.4654861151655897,0.7215034785066641,0.0,0.934837915481411,0.9456618040468752,0.013649986977249506,0.011523968099496962,0.008524149615360521,0.03496185589338088,0.9863500130227505,0.3875,0.00819771953311521,0.010051282074282963,0.4765834846240142,0.7118313228894553,0.5375519897942842,0.5884508683699892,0.42961117657151016,0.3815906489344658
v7-pilots-humanitarian-large-high-high-high-random_geometric-private_fragmented-771105-always_act-always_on,humanitarian,large,high,high,high,random_geometric,private_fragmented,always_on,771105,always_act,75,HUM-19-assessment,H07,cancel_risky_dispatch,request_peer_evidence,send_targeted_summary,execute_autonomously,True,False,0.0,False,False,0.5786204372326039,0.19549443507246295,0.1278076174046728,0.19810180697724286,0.0,0.8571012432952431,0.8747163924210424,0.013175893073582357,0.01048032419016609,0.010530879590676556,0.07331838293814275,0.9868241069264176,0.725,-0.04010089656461702,0.008534380745933712,0.3056753823336236,0.5786204372326039,0.46416973601986766,0.5123196712054143,0.4994645257036706,0.3523802528410835
v7-pilots-humanitarian-large-high-high-high-random_geometric-private_fragmented-771105-always_act-always_on,humanitarian,large,high,high,high,random_geometric,private_fragmented,always_on,771105,always_act,75,HUM-20-clinic,H00,no_operational_action,request_peer_evidence,send_targeted_summary,execute_autonomously,False,False,0.0,False,False,0.7013061134137013,0.05926637935544807,0.0,0.0,0.0,0.9170928011769799,0.9171824611295362,0.00012592738437067208,0.0001024066441512872,9.513078425382737e-05,0.03228846326757906,0.9998740726156293,0.7916666666666666,0.017765682703376418,-0.0016863763506219653,0.2998440785606585,0.7013061134137013,0.5099719439978444,0.5641485314789647,0.501960365133808,0.3228798003380719
v7-pilots-humanitarian-large-high-high-high-random_geometric-private_fragmented-771105-always_act-always_on,humanitarian,large,high,high,high,random_geometric,private_fragmented,always_on,771105,always_act,75,HUM-21-shelter,H03,cancel_risky_dispatch,request_peer_evidence,send_targeted_summary,execute_autonomously,True,False,0.0,False,False,0.6618636690600656,0.0636202768048495,0.0,0.0,0.0,0.888592078585484,0.888592078585484,0.0,0.0,0.0,0.0,1.0,0.8333333333333334,-0.06977898262971294,0.0,0.2864336474804223,0.6618636690600656,0.4868934872703972,0.5405329858956234,0.4446494076718942,0.29365516067015174
v7-pilots-humanitarian-large-high-high-high-random_geometric-private_fragmented-771105-always_act-always_on,humanitarian,large,high,high,high,random_geometric,private_fragmented,always_on,771105,always_act,75,HUM-22-depot,H06,no_operational_action,request_peer_evidence,send_targeted_summary,execute_autonomously,False,False,0.0,False,False,0.6514565572996447,0.19433260800370775,0.18876656815322737,0.2925881806375024,0.0,0.9405255903809461,0.9441192968522065,0.0049890584309545405,0.003678254105116685,0.0041963182384467945,0.023344296755382046,0.9950109415690455,0.2,-0.007912232312434542,0.0014210576084912052,0.35311639283487983,0.6514565572996447,0.5026987023184307,0.5509377370447694,0.3490950851340314,0.26628240259846897
v7-pilots-humanitarian-large-high-high-high-random_geometric-private_fragmented-771105-always_act-always_on,humanitarian,large,high,high,high,random_geometric,private_fragmented,always_on,771105,always_act,75,HUM-23-hub,H09,no_operational_action,request_peer_evidence,send_targeted_summary,execute_autonomously,False,False,0.0,False,False,0.6777828693175835,0.07525071173517625,0.0,0.0,0.0,0.9250514278845606,0.9250514278845606,0.0,0.0,0.0,0.0,1.0,0.8,0.017349157179550545,0.0,0.29184617556797837,0.6777828693175835,0.5023760046981736,0.5540424181140992,0.4446688051133851,0.2937792034089234
v7-pilots-humanitarian-large-high-high-high-random_geometric-private_fragmented-771105-always_act-always_on,humanitarian,large,high,high,high,random_geometric,private_fragmented,always_on,771105,always_act,75,HUM-24-ngo,H02,allocate_shipment,request_peer_evidence,send_targeted_summary,execute_autonomously,True,False,0.0,False,False,0.6468912081534046,0.0905767271266652,0.09201180762843095,0.14261830182406798,0.0,0.8887548326926735,0.8887548326926735,0.0,0.0,0.0,0.0,1.0,0.8,0.013673184885320211,0.0,0.31557140320993393,0.6468912081534046,0.48094519143453024,0.5337245158084432,0.43169430742442993,0.3022437345018415
v7-pilots-humanitarian-large-high-high-high-random_geometric-private_fragmented-771105-always_act-always_on,humanitarian,large,high,high,high,random_geometric,private_fragmented,always_on,771105,always_act,75,HUM-25-transport,H05,no_operational_action,request_peer_evidence,send_targeted_summary,execute_autonomously,False,False,0.0,False,False,0.7689035942790368,0.019704996871898944,0.0,0.0,0.0,0.9725953195387538,0.9743781684262361,0.0022567430139877054,0.0017978462102347104,0.0015593895980513528,0.013147712286570523,0.9977432569860123,0.725,0.0764486567470114,0.0020102289896528625,0.3228272220548725,0.7689035942790368,0.553869707815886,0.6048723310861157,0.4879240322727826,0.3227119470642016
v7-pilots-humanitarian-large-high-high-high-random_geometric-private_fragmented-771105-always_act-always_on,humanitarian,large,high,high,high,random_geometric,private_fragmented,always_on,771105,always_act,75,HUM-26-local_authority,H08,no_operational_action,request_peer_evidence,send_targeted_summary,execute_autonomously,False,False,0.0,False,False,0.6165024556572174,0.2111845866511839,0.12522003724838848,0.19409105773500215,0.0,0.9149857295283661,0.9149857295283661,0.0,0.0,0.0,0.0,1.0,0.8,-0.048503714992096714,0.0,0.31759268877985447,0.6165024556572174,0.4753474146449785,0.5246362398646502,0.4189310313760313,0.29991161451222115
v7-pilots-humanitarian-large-high-high-high-random_geometric-private_fragmented-771105-always_act-always_on,humanitarian,large,high,high,high,random_geometric,private_fragmented,always_on,771105,always_act,75,HUM-27-assessment,H01,no_operational_action,request_peer_evidence,send_targeted_summary,execute_autonomously,False,False,0.0,False,False,0.6585329335195093,0.14029608311212094,0.0,0.0,0.0,0.9169850994433422,0.9169850994433422,0.0,0.0,0.0,0.0,1.0,0.8,-0.00862579347167125,0.0,0.2853011973966332,0.6585329335195093,0.4926594482686393,0.5452459887195971,0.4365838320781939,0.28838922138546264
v7-pilots-humanitarian-large-high-high-high-random_geometric-private_fragmented-771105-always_act-always_on,humanitarian,large,high,high,high,random_geometric,private_fragmented,always_on,771105,always_act,75,HUM-28-clinic,H04,no_operational_action,request_peer_evidence,send_targeted_summary,execute_autonomously,False,False,0.0,False,False,0.6650471935256673,0.0875056528797937,0.28293516976328364,0.43854951313308965,0.0,0.9055230451235242,0.905546802804822,0.0002218860047172866,0.00017088208180071618,0.000187673804761479,0.02186416635190247,0.9997781139952827,0.725,0.011513186203746306,-0.009663977423178483,0.3927679289506684,0.6650471935256673,0.4927102790977522,0.5459445800624702,0.457553354135672,0.349198712809324
v7-pilots-humanitarian-large-high-high-high-random_geometric-private_fragmented-771105-always_act-always_on,humanitarian,large,high,high,high,random_geometric,private_fragmented,always_on,771105,always_act,75,HUM-29-shelter,H07,no_operational_action,request_peer_evidence,send_targeted_summary,execute_autonomously,False,False,0.0,False,False,0.6976227411580633,0.08560979696677107,0.039917273832869915,0.061871774440948366,0.0,0.9381892268129463,0.9381892268129463,0.0,0.0,0.0,0.0,1.0,0.8,0.0018754872663554467,0.0,0.31344095785956916,0.6976227411580633,0.5135964031664619,0.5658796954329862,0.45300155128638664,0.30675898045717154
v7-pilots-humanitarian-large-high-high-high-random_geometric-private_fragmented-771105-always_act-always_on,humanitarian,large,high,high,high,random_geometric,private_fragmented,always_on,771105,always_act,75,HUM-30-depot,H00,allocate_shipment,request_peer_evidence,send_targeted_summary,execute_autonomously,True,False,0.0,False,False,0.5598346477613119,0.2784305619269419,0.0,0.0,0.0,0.8529843923456637,0.8533113437511716,0.00038636073700692997,0.00028913015830700495,0.0003560100021028356,0.10097019460197754,0.9996136392629931,0.7916666666666666,-0.11407988375233025,-0.007111808545149256,0.251743780238846,0.5598346477613119,0.4377208622227504,0.4882217369381703,0.5469385811880901,0.3334755764218559
v7-pilots-humanitarian-large-high-high-high-random_geometric-private_fragmented-771105-always_act-always_on,humanitarian,large,high,high,high,random_geometric,private_fragmented,always_on,771105,always_act,75,HUM-31-hub,H03,cancel_risky_dispatch,request_peer_evidence,send_targeted_summary,execute_autonomously,True,False,0.0,False,False,0.6797175986218611,0.09518348164732876,0.0,0.0,0.0,0.9317529702059213,0.9332640926200471,0.002270260610558905,0.001812899358405895,0.0017751792520632748,0.01355122620707494,0.9977297393894411,0.7916666666666666,0.07772800323215046,0.002252509191086327,0.2925039835314328,0.6797175986218611,0.5080036468550073,0.5591828182167446,0.4644125885892689,0.30698423150907544
v7-pilots-humanitarian-large-high-high-high-random_geometric-private_fragmented-771105-always_act-always_on,humanitarian,large,high,high,high,random_geometric,private_fragmented,always_on,771105,always_act,75,HUM-32-ngo,H06,allocate_shipment,request_peer_evidence,send_targeted_summary,execute_autonomously,True,False,0.0,False,False,0.6194435134648163,0.09950913404126793,0.0,0.0,0.0,0.8620758104149113,0.8624259023453225,0.0003131896494347197,0.00024667094640073994,0.0002428203003610463,0.03893256542162547,0.9996868103505653,0.5666666666666667,-0.035661235908067135,-0.003630563167343892,0.27201079457803756,0.6194435134648163,0.46373482349886297,0.5163178904824989,0.43267710842942686,0.27571216341046967
v7-pilots-humanitarian-large-high-high-high-random_geometric-private_fragmented-771105-always_act-always_on,humanitarian,large,high,high,high,random_geometric,private_fragmented,always_on,771105,always_act,75,HUM-33-transport,H09,cancel_risky_dispatch,request_peer_evidence,send_targeted_summary,execute_autonomously,True,False,0.0,False,False,0.7209423988245078,0.07000907218784302,0.2387790824776511,0.3701075778403592,0.0,0.9578722673272801,0.9614098114571751,0.004242727417849035,0.0032061168313364252,0.0033015148845320086,0.020443409245886505,0.995757272582151,0.725,0.0028485926486699897,0.001121247017690341,0.39534623428201887,0.7209423988245078,0.5337848447466119,0.5839402410915697,0.4788697895600408,0.3601592789736574
v7-pilots-humanitarian-large-high-high-high-random_geometric-private_fragmented-771105-always_act-always_on,humanitarian,large,high,high,high,random_geometric,private_fragmented,always_on,771105,always_act,75,HUM-34-local_authority,H02,no_operational_action,request_peer_evidence,send_targeted_summary,execute_autonomously,False,False,0.0,False,False,0.6074812457578799,0.20569399405120226,0.0,0.0,0.0,0.9013012372721381,0.9041132967873611,0.0015902147509605502,0.0013431980446467762,0.0009967225352142117,0.009445310043337818,0.9984097852490394,0.725,-0.00576619881638929,-0.0025151376056936625,0.26794362355767914,0.6074812457578799,0.47054410827253124,0.520014874754446,0.41449899448418304,0.27259562942827165
v7-pilots-humanitarian-large-high-high-high-random_geometric-private_fragmented-771105-always_act-always_on,humanitarian,large,high,high,high,random_geometric,private_fragmented,always_on,771105,always_act,75,HUM-35-assessment,H05,no_operational_action,request_peer_evidence,send_targeted_summary,execute_autonomously,False,False,0.0,False,False,0.6737046949508183,0.03392736784968603,0.0,0.0,0.0,0.8776055460195819,0.8813593117281685,0.0037723310632961082,0.00327259968017668,0.002466838167043184,0.01860306791065236,0.9962276689367039,0.725,0.031151153424055278,0.003739080751853918,0.2904595962832782,0.6737046949508183,0.49416452797383736,0.5483552086501349,0.4562326351035353,0.302740244659723
v7-pilots-humanitarian-large-high-high-high-random_geometric-private_fragmented-771105-always_act-always_on,humanitarian,large,high,high,high,random_geometric,private_fragmented,always_on,771105,always_act,75,HUM-36-clinic,H08,revise_delivery_priority,request_peer_evidence,send_targeted_summary,execute_autonomously,True,False,0.0,False,False,0.6669530054583153,0.031783904826247045,0.0,0.0,0.0,0.8911226776384137,0.8911226776384137,0.0,0.0,0.0,0.0,1.0,0.8,-0.035019076820010375,0.0,0.2881640218558272,0.6669530054583153,0.4895618715929295,0.5417674296309314,0.4401202622924924,0.2907468415283283
v7-pilots-humanitarian-large-high-high-high-random_geometric-private_fragmented-771105-always_act-always_on,humanitarian,large,high,high,high,random_geometric,private_fragmented,always_on,771105,always_act,75,HUM-37-shelter,H01,no_operational_action,request_peer_evidence,send_targeted_summary,execute_autonomously,False,False,0.0,False,False,0.39413539504291606,0.49452802279446906,0.0,0.0,0.0,0.7127601215520619,0.7127601215520619,0.0,0.0,0.0,0.0,1.0,0.8,-0.23357498037512625,-2.220446049250313e-16,0.19540603431459147,0.39413539504291606,0.33584418840518193,0.37281617185286087,0.3255368659180248,0.21435791061201653
v7-pilots-humanitarian-large-high-high-high-random_geometric-private_fragmented-771105-always_act-always_on,humanitarian,large,high,high,high,random_geometric,private_fragmented,always_on,771105,always_act,75,HUM-38-depot,H04,no_operational_action,request_peer_evidence,send_targeted_summary,execute_autonomously,False,False,0.0,False,False,0.6524663717699798,0.14781262006763624,0.0,0.0,0.0,0.9219118247015458,0.9256308793784961,0.005962302123698304,0.005596904038163486,0.003016687936347795,0.011901292197325629,0.9940376978763017,0.5666666666666667,-0.026654363759776256,0.005924889255697896,0.2832385664017931,0.6524663717699798,0.499811727856556,0.5512288590884198,0.4054591736166598,0.2747586191809531
v7-pilots-humanitarian-large-high-high-high-random_geometric-private_fragmented-771105-always_act-always_on,humanitarian,large,high,high,high,random_geometric,private_fragmented,always_on,771105,always_act,75,HUM-39-hub,H07,allocate_shipment,request_peer_evidence,send_targeted_summary,execute_autonomously,True,False,0.0,False,False,0.7246192348487528,0.052260249413099424,0.10522118099305583,0.16309283053923654,0.0,0.9309061775076752,0.9309061775076752,0.0,0.0,0.0,0.0,1.0,0.8,0.0487279008900674,0.0,0.3469128191779927,0.7246192348487528,0.5225742383164199,0.5768943581863226,0.4643400786364762,0.3264645254223592
v7-pilots-humanitarian-large-high-high-high-random_geometric-private_fragmented-771105-always_act-always_on,humanitarian,large,high,high,high,random_geometric,private_fragmented,always_on,771105,always_act,75,HUM-40-ngo,H00,no_operational_action,request_peer_evidence,send_targeted_summary,execute_autonomously,False,False,0.0,False,False,0.7490737959720795,0.012922998859330903,0.0878688188672171,0.13619666924418652,0.0,0.9631312892025654,0.9632671459010094,0.0001541049095175051,0.00011905963269209785,0.00011242222477114705,0.03426315514078626,0.9998458950904825,0.7916666666666666,0.07647812906373341,-0.0012247955337650884,0.3487722912491118,0.7490737959720795,0.5406280875627977,0.5919387426810729,0.5250243234556018,0.3540576989130684
v7-pilots-humanitarian-large-high-high-high-random_geometric-private_fragmented-771105-always_act-always_on,humanitarian,large,high,high,high,random_geometric,private_fragmented,always_on,771105,always_act,75,HUM-41-transport,H03,cancel_risky_dispatch,request_peer_evidence,send_targeted_summary,execute_autonomously,True,False,0.0,False,False,0.6571527467978764,0.14585524644734169,0.0,0.0,0.0,0.9153390389621906,0.9200132996476093,0.004709214092965208,0.003948354311183788,0.0032773010949868064,0.025917475210978425,0.9952907859070348,0.7916666666666666,0.04037772588223254,0.0027007829606652267,0.284831933911278,0.6571527467978764,0.4982887581898495,0.5500403136743709,0.4737320493091286,0.31214052397251174
v7-pilots-humanitarian-large-high-high-high-random_geometric-private_fragmented-771105-always_act-always_on,humanitarian,large,high,high,high,random_geometric,private_fragmented,always_on,771105,always_act,75,HUM-42-local_authority,H06,no_operational_action,request_peer_evidence,send_targeted_summary,execute_autonomously,False,False,0.0,False,False,0.6043419288319476,0.19227207057129245,0.295230926353568,0.45760793584803044,0.0,0.8952084087371026,0.9047526015612152,0.006133690455843888,0.005162256352216232,0.004048728801296364,0.017846813786783097,0.9938663095441561,0.5666666666666667,-0.030947650510711022,0.004545844997048909,0.3767021604063895,0.6043419288319476,0.47412604035523614,0.5231145331481859,0.39428410039866163,0.3198141448034224
v7-pilots-humanitarian-large-high-high-high-random_geometric-private_fragmented-771105-always_act-always_on,humanitarian,large,high,high,high,random_geometric,private_fragmented,always_on,771105,always_act,75,HUM-43-assessment,H09,cancel_risky_dispatch,request_peer_evidence,send_targeted_summary,execute_autonomously,True,False,0.0,False,False,0.7893950027045036,0.01458067574360336,0.0,0.0,0.0,0.9916499193492507,0.9916499193492507,0.0,0.0,0.0,0.0,1.0,0.8,0.04091793849564118,0.0,0.32979430091953127,0.7893950027045036,0.5636704809191142,0.613950422924151,0.4915459011358915,0.32503060075726103
v7-pilots-humanitarian-large-high-high-high-random_geometric-private_fragmented-771105-always_act-always_on,humanitarian,large,high,high,high,random_geometric,private_fragmented,always_on,771105,always_act,75,HUM-44-clinic,H02,no_operational_action,request_peer_evidence,send_targeted_summary,execute_autonomously,False,False,0.0,False,False,0.6832032433919281,0.04527794352660647,0.04738785699366839,0.07345117834018601,0.0,0.9005380451021905,0.9005380451021905,0.0,0.0,0.0,0.0,1.0,0.8,-0.026258335531956112,0.0,0.3113173855549002,0.6832032433919281,0.4984158086323189,0.552623459341758,0.4469453622246098,0.30411104955056223
v7-pilots-humanitarian-large-high-high-high-random_geometric-private_fragmented-771105-always_act-always_on,humanitarian,large,high,high,high,random_geometric,private_fragmented,always_on,771105,always_act,75,HUM-45-shelter,H05,no_operational_action,request_peer_evidence,send_targeted_summary,execute_autonomously,False,False,0.0,False,False,0.6296531039813685,0.1360801092537119,0.02732480498498883,0.04235344772673269,0.0,0.8989611243915249,0.9050687576174048,0.008468584073592744,0.006759711059782458,0.006214896714884621,0.03776414409553164,0.9915314159264073,0.725,0.027814285285858165,0.008454384495638734,0.28564688280808115,0.6296531039813685,0.4884575403934585,0.5379429596675547,0.4668558026973828,0.3174999458987098
v7-pilots-humanitarian-large-high-high-high-random_geometric-private_fragmented-771105-always_act-always_on,humanitarian,large,high,high,high,random_geometric,private_fragmented,always_on,771105,always_act,75,HUM-46-depot,H08,no_operational_action,request_peer_evidence,send_targeted_summary,execute_autonomously,False,False,0.0,False,False,0.7365664267472256,0.09344942724686947,0.0,0.0,0.0,0.9705744268061132,0.9705744268061132,0.0,0.0,0.0,0.0,1.0,0.8,0.11691300572689023,0.0,0.31183258509405676,0.7365664267472256,0.5372701774004185,0.5884625952024609,0.46935789923383475,0.31023859948922317
v7-pilots-humanitarian-large-high-high-high-random_geometric-private_fragmented-771105-always_act-always_on,humanitarian,large,high,high,high,random_geometric,private_fragmented,always_on,771105,always_act,75,HUM-47-hub,H01,redirect_vehicle,request_peer_evidence,send_targeted_summary,execute_autonomously,False,False,0.0,False,False,0.6542636312296726,0.052032340469863436,0.0,0.0,0.0,0.8714247224161037,0.8714247224161037,0.0,0.0,0.0,0.0,1.0,0.8,0.022160118139814333,0.0,0.2838496346180887,0.6542636312296726,0.47956163309589495,0.5338709929458175,0.4347907251164625,0.28719381674430833
v7-pilots-humanitarian-large-high-high-high-random_geometric-private_fragmented-771105-always_act-always_on,humanitarian,large,high,high,high,random_geometric,private_fragmented,always_on,771105,always_act,75,HUM-48-ngo,H04,no_operational_action,request_peer_evidence,send_targeted_summary,execute_autonomously,False,False,0.0,False,False,0.5307048100925835,0.22276126361404613,0.0,0.0,0.0,0.7789467445097353,0.8037083577721063,0.011129075635009977,0.012268043072658164,0.006168405628388718,0.02005015684502471,0.98887092436499,0.3875,-0.07332225513288548,0.00249944174992911,0.2418396354314784,0.5307048100925835,0.4225993160534812,0.47924166744526164,0.33087225864332265,0.225444612440323
v7-pilots-humanitarian-large-high-high-high-random_geometric-private_fragmented-771105-always_act-always_on,humanitarian,large,high,high,high,random_geometric,private_fragmented,always_on,771105,always_act,75,HUM-49-transport,H07,no_operational_action,request_peer_evidence,send_targeted_summary,execute_autonomously,False,False,0.0,False,False,0.5488412006145872,0.2521739074253391,0.0,0.0,0.0,0.8523633263633804,0.8523633263633804,0.0,0.0,0.0,0.0,1.0,0.8,-0.08262917297337646,0.0,0.24800600820895963,0.5488412006145872,0.43262731183668,0.480657925773157,0.39051330425812664,0.25767553617208444
v7-pilots-humanitarian-large-high-high-high-random_geometric-private_fragmented-771105-always_act-always_on,humanitarian,large,high,high,high,random_geometric,private_fragmented,always_on,771105,always_act,75,HUM-50-local_authority,H00,no_operational_action,request_peer_evidence,send_targeted_summary,execute_autonomously,False,False,0.0,False,False,0.6409777362528646,0.15044821583192847,0.0,0.0,0.0,0.9097023189935265,0.9079610248052397,0.004712320002417836,0.004186907896844949,0.003143729263495487,0.03020456700099194,0.9952876799975822,0.7916666666666666,-0.002479921463641066,-0.0006153871366544328,0.279332430325974,0.6409777362528646,0.4904139222529124,0.5418133244591647,0.4734549244010442,0.3085624957925748
v7-pilots-humanitarian-large-high-high-high-random_geometric-private_fragmented-771105-always_act-always_on,humanitarian,large,high,high,high,random_geometric,private_fragmented,always_on,771105,always_act,75,HUM-51-assessment,H03,cancel_risky_dispatch,request_peer_evidence,send_targeted_summary,execute_autonomously,True,False,0.0,False,False,0.7360253556111948,0.049183470645408345,0.013499114454985441,0.020923627405227435,0.0,0.9508748740910399,0.9508748740910399,0.0,0.0,0.0,0.0,1.0,0.8333333333333334,-0.017724222927918976,0.0,0.3166702914850609,0.7360253556111948,0.5321288607672379,0.5845659895306932,0.47579731602336844,0.3169312681930952
v7-pilots-humanitarian-large-high-high-high-random_geometric-private_fragmented-771105-always_act-always_on,humanitarian,large,high,high,high,random_geometric,private_fragmented,always_on,771105,always_act,80,HUM-00-ngo,H10,release_emergency_reserve,request_peer_evidence,negotiate_commitment,execute_autonomously,False,False,0.0,False,False,0.6496773216127105,0.12108965454527804,0.6678912347406175,0.2947400753998279,1.0,0.9185810586145424,0.9210717506742013,0.0026878718253829925,0.002229220146789501,0.0017034661464032652,0.018806578024259113,0.997312128174617,0.7916666666666666,0.0964087275974782,0.0014791795602318025,0.5730279074442802,0.6496773216127105,0.493279213854256,0.5437170487001559,0.45978380700754556,0.3373928780396576
v7-pilots-humanitarian-large-high-high-high-random_geometric-private_fragmented-771105-always_act-always_on,humanitarian,large,high,high,high,random_geometric,private_fragmented,always_on,771105,always_act,80,HUM-01-transport,H13,allocate_shipment,request_peer_evidence,negotiate_commitment,execute_autonomously,True,False,0.0,False,False,0.8065120505682118,0.2574538453581344,0.469295002415474,0.0,1.0,0.8468205779215963,0.8468205779215963,0.0,0.0,0.0,0.0,1.0,0.8333333333333334,0.04653853142120845,0.0,0.5556140971931921,0.8065120505682118,0.5343099647076839,0.5831410225332678,0.5054017279053156,0.33415670749243265
v7-pilots-humanitarian-large-high-high-high-random_geometric-private_fragmented-771105-always_act-always_on,humanitarian,large,high,high,high,random_geometric,private_fragmented,always_on,771105,always_act,80,HUM-02-local_authority,H16,no_operational_action,request_peer_evidence,send_targeted_summary,execute_autonomously,False,False,0.0,False,False,0.6334804791198161,0.051372025489534234,0.823609875624264,0.5358399353928498,1.0,0.8279047964160736,0.8364903745675014,0.004512791036828556,0.0043553462793533,0.0029201395313958045,0.019147209386836672,0.9954872089631714,0.725,-0.07308026395711031,-0.0031824419569914664,0.6253849473950214,0.6334804791198161,0.46668629820350477,0.5234691910095088,0.4401655594983145,0.35390926905557585
v7-pilots-humanitarian-large-high-high-high-random_geometric-private_fragmented-771105-always_act-always_on,humanitarian,large,high,high,high,random_geometric,private_fragmented,always_on,771105,always_act,80,HUM-03-assessment,H19,revise_delivery_priority,request_peer_evidence,negotiate_commitment,execute_autonomously,True,False,0.0,False,False,0.8542858752958672,0.3076194640194486,0.7431844566449786,0.41075395607526616,1.0,0.8541106095195552,0.8561326039195373,0.002326416501529316,0.0026343208726560263,0.0008108516045282066,0.011795920561668671,0.9976735834984707,0.725,-0.06211006080471149,0.002160661398456276,0.6704381470586588,0.8542858752958672,0.5584989856003767,0.6075649361259676,0.5217298668780006,0.3949437366784126
v7-pilots-humanitarian-large-high-high-high-random_geometric-private_fragmented-771105-always_act-always_on,humanitarian,large,high,high,high,random_geometric,private_fragmented,always_on,771105,always_act,80,HUM-04-clinic,H12,revise_delivery_priority,request_peer_evidence,negotiate_commitment,execute_autonomously,True,False,0.0,False,False,0.7907337361553508,0.1751882439915774,0.5858902268301354,0.16748828979718755,1.0,0.8886364813266074,0.8886364813266074,0.0,2.220446049250313e-16,0.0,0.0,1.0,0.8,0.022100777575401076,0.0,0.5904466598441444,0.7907337361553508,0.5384526147937923,0.5901617677643078,0.49210816918524736,0.3455040408991608
v7-pilots-humanitarian-large-high-high-high-random_geometric-private_fragmented-771105-always_act-always_on,humanitarian,large,high,high,high,random_geometric,private_fragmented,always_on,771105,always_act,80,HUM-05-shelter,H15,revise_delivery_priority,request_peer_evidence,negotiate_commitment,execute_autonomously,True,False,0.0,False,False,0.8334000763627868,0.2210765526452586,1.0,0.8145417605389829,1.0,0.9006924210657316,0.9006924210657316,0.0,0.0,0.0,0.0,1.0,0.8,-0.00870699718424417,0.0,0.7602460484927034,0.8334000763627868,0.5585331358115476,0.6089138819625471,0.5100280320723705,0.4350970326462582
v7-pilots-humanitarian-large-high-high-high-random_geometric-private_fragmented-771105-always_act-always_on,humanitarian,large,high,high,high,random_geometric,private_fragmented,always_on,771105,always_act,80,HUM-06-depot,H18,release_emergency_reserve,request_peer_evidence,negotiate_commitment,execute_autonomously,False,False,0.0,False,False,0.6120921747604355,0.17721515356037715,0.7716164237325127,0.4552445391893439,1.0,0.8888963795740679,0.8888963795740679,0.0,0.0,0.0,0.0,1.0,0.8,0.1001886615739419,0.0,0.5987700288239907,0.6120921747604355,0.4670609647976912,0.5183676777668726,0.41707871339938296,0.33001515363564327
v7-pilots-humanitarian-large-high-high-high-random_geometric-private_fragmented-771105-always_act-always_on,humanitarian,large,high,high,high,random_geometric,private_fragmented,always_on,771105,always_act,80,HUM-07-hub,H11,release_emergency_reserve,request_peer_evidence,negotiate_commitment,execute_autonomously,False,False,0.0,False,False,0.5616842982046656,0.14534919034908034,0.9064963421114577,0.6651770182929911,1.0,0.7650616662127497,0.773696746026618,0.004361657138917341,0.004945475232919994,0.002427080741995158,0.023130603403601735,0.9956383428610827,0.725,-0.1707399514121466,0.0004183178462759951,0.6320151457799041,0.5616842982046656,0.422045455829538,0.481682610640908,0.4160659224194342,0.35242205035456364
v7-pilots-humanitarian-large-high-high-high-random_geometric-private_fragmented-771105-always_act-always_on,humanitarian,large,high,high,high,random_geometric,private_fragmented,always_on,771105,always_act,80,HUM-08-ngo,H14,release_emergency_reserve,request_peer_evidence,negotiate_commitment,execute_autonomously,False,False,0.0,False,False,0.6037912847865745,0.22651457509655737,0.778992475660365,0.46713360307095436,1.0,0.903643542550014,0.9025956042964688,0.000935187414000449,0.0008304065558188967,0.0005392197820628386,0.005449677342184489,0.9990648125859996,0.725,0.03826644456511852,-0.0014403671021209208,0.5988011015644644,0.6037912847865745,0.4687366619317339,0.5179995359778459,0.4068758491704817,0.32413292005375305
v7-pilots-humanitarian-large-high-high-high-random_geometric-private_fragmented-771105-always_act-always_on,humanitarian,large,high,high,high,random_geometric,private_fragmented,always_on,771105,always_act,80,HUM-09-transport,H17,cancel_risky_dispatch,request_peer_evidence,negotiate_commitment,execute_autonomously,True,False,0.0,False,False,0.7444398627595985,0.034639819893014706,0.6395482012762013,0.2505227365627061,1.0,0.9554795987317731,0.9555723267888647,0.001675670996815759,0.0013293376003353785,0.0012620457564637144,0.009013875979161257,0.9983243290031842,0.725,0.02287847430851786,-4.06841464658525e-05,0.594635010113313,0.7444398627595985,0.5389917841823247,0.590846210525281,0.4713658338473564,0.34083365123739184
v7-pilots-humanitarian-large-high-high-high-random_geometric-private_fragmented-771105-always_act-always_on,humanitarian,large,high,high,high,random_geometric,private_fragmented,always_on,771105,always_act,80,HUM-10-local_authority,H10,release_emergency_reserve,request_peer_evidence,negotiate_commitment,execute_autonomously,False,False,0.0,False,False,0.7693900229204162,0.020831533021710424,0.5752258835367687,0.15110878103386224,1.0,0.9758094344683593,0.9777144276985024,0.00944326144653318,0.008444854323059192,0.005742212138005742,0.054886208586749974,0.9905567385534668,0.7916666666666666,0.13719797547709633,0.002860858267580646,0.5792587152410684,0.7693900229204162,0.5649289338104028,0.6154065356780987,0.564904180011768,0.3869161621174013
v7-pilots-humanitarian-large-high-high-high-random_geometric-private_fragmented-771105-always_act-always_on,humanitarian,large,high,high,high,random_geometric,private_fragmented,always_on,771105,always_act,80,HUM-11-assessment,H13,allocate_shipment,request_peer_evidence,negotiate_commitment,execute_autonomously,True,False,0.0,False,False,0.8691680153016865,0.23666999666462382,0.6879216989562984,0.32518068087802215,1.0,0.9008777224416746,0.90887456933251,0.007329643166046562,0.006337117050064234,0.004514228190359071,0.020173725076791715,0.9926703568339534,0.6666666666666666,-0.014725990670662603,-0.002116132127102377,0.6549604886132988,0.8691680153016865,0.5831481371635585,0.6314072057921842,0.5290479618767651,0.3900910928957581
v7-pilots-humanitarian-large-high-high-high-random_geometric-private_fragmented-771105-always_act-always_on,humanitarian,large,high,high,high,random_geometric,private_fragmented,always_on,771105,always_act,80,HUM-12-clinic,H16,cancel_risky_dispatch,request_peer_evidence,negotiate_commitment,execute_autonomously,True,False,0.0,False,False,0.8133842428841104,0.2034114659203066,0.5175427748232,0.0614359291512005,1.0,0.9069298488660691,0.9173972607083921,0.008823081183407244,0.007337025262035168,0.005775271355746403,0.020069498668679304,0.9911769188165928,0.3875,-0.018345800044215155,0.0025283600033512155,0.5726952655768857,0.8133842428841104,0.5644384730269315,0.6124383659621054,0.4496270199877189,0.3098531409945828
v7-pilots-humanitarian-large-high-high-high-random_geometric-private_fragmented-771105-always_act-always_on,humanitarian,large,high,high,high,random_geometric,private_fragmented,always_on,771105,always_act,80,HUM-13-shelter,H19,cancel_risky_dispatch,request_peer_evidence,negotiate_commitment,execute_autonomously,True,False,0.0,False,False,0.746308496947936,0.18315684042907815,0.424898284114025,0.0,1.0,0.8347031988108852,0.8347031988108852,0.0,0.0,0.0,0.0,1.0,0.8,-0.035293199779487305,0.0,0.5351448889622983,0.746308496947936,0.5071991984818957,0.5577070113493314,0.47344956871813315,0.31296637914542214
v7-pilots-humanitarian-large-high-high-high-random_geometric-private_fragmented-771105-always_act-always_on,humanitarian,large,high,high,high,random_geometric,private_fragmented,always_on,771105,always_act,80,HUM-14-depot,H12,cancel_risky_dispatch,request_peer_evidence,negotiate_commitment,execute_autonomously,True,False,0.0,False,False,0.6341020942195543,0.0834852073126377,0.6465756432523472,0.26155068525161584,1.0,0.8741311810485244,0.8820428928779851,0.007773417277231243,0.006315782424498928,0.006004097883855919,0.05250471839283711,0.9922265827227688,0.725,-0.01224627236769149,0.004414369495552739,0.5597668764950363,0.6341020942195543,0.48305641713807657,0.534170531574392,0.4911300515293252,0.3520411636306308
v7-pilots-humanitarian-large-high-high-high-random_geometric-private_fragmented-771105-always_act-always_on,humanitarian,large,high,high,high,random_geometric,private_fragmented,always_on,771105,always_act,80,HUM-15-hub,H15,release_emergency_reserve,request_peer_evidence,negotiate_commitment,execute_autonomously,False,False,0.0,False,False,0.6880440450159568,0.13122891165220452,0.833758943307328,0.5507291053471987,1.0,0.9433719820087615,0.9472735679127922,0.003929329537563975,0.003417691257003197,0.0022657035538125037,0.017345686778345693,0.996070670462436,0.725,0.09635503972803994,-0.002642067525706948,0.647509960588753,0.6880440450159568,0.5165616748611627,0.5677263903432812,0.4603439428097873,0.36896249495491146
v7-pilots-humanitarian-large-high-high-high-random_geometric-private_fragmented-771105-always_act-always_on,humanitarian,large,high,high,high,random_geometric,private_fragmented,always_on,771105,always_act,80,HUM-16-ngo,H18,release_emergency_reserve,request_peer_evidence,send_targeted_summary,execute_autonomously,False,True,-0.0405,False,True,0.5829361187599882,0.19315456251339258,1.0,0.8332981600880902,1.0,0.8469086202966329,0.8469086202966329,0.0,0.0,0.0,0.0,1.0,0.8,-0.011002521763759154,0.0,0.6795898387995376,0.5829361187599882,0.44490160257815353,0.49804621758886264,0.40483316987919504,0.36721789246336756
v7-pilots-humanitarian-large-high-high-high-random_geometric-private_fragmented-771105-always_act-always_on,humanitarian,large,high,high,high,random_geometric,private_fragmented,always_on,771105,always_act,80,HUM-17-transport,H11,redirect_vehicle,request_peer_evidence,send_targeted_summary,execute_autonomously,True,True,1.8110719979244918,True,False,0.7414892992687282,0.07289465286229202,0.9167071978439583,0.6810038446783672,1.0,0.858255705341545,0.8677577078080989,0.00579266602227102,0.005606807493998445,0.0031126918046682217,0.031054215676221908,0.994207333977729,0.725,0.0008281927819869805,0.0010520556552240379,0.6969472844741756,0.7414892992687282,0.519269378474057,0.5766869931745198,0.5036279135207231,0.4119833072384568
v7-pilots-humanitarian-large-high-high-high-random_geometric-private_fragmented-771105-always_act-always_on,humanitarian,large,high,high,high,random_geometric,private_fragmented,always_on,771105,always_act,80,HUM-18-local_authority,H14,release_emergency_reserve,request_peer_evidence,send_targeted_summary,execute_autonomously,False,False,0.0,False,False,0.7289598959894966,0.01817495844889011,0.6597621883516915,0.28232665774251053,1.0,0.9322157841583549,0.9391044033719237,0.009638226019845653,0.007867307946378577,0.006825325498896806,0.015055557341560317,0.9903617739801543,0.3875,0.056292965866448164,-0.00922291301886069,0.5970047624946314,0.7289598959894966,0.5381314208631713,0.589911932885839,0.40654760347476027,0.30794131059241125
v7-pilots-humanitarian-large-high-high-high-random_geometric-private_fragmented-771105-always_act-always_on,humanitarian,large,high,high,high,random_geometric,private_fragmented,always_on,771105,always_act,80,HUM-19-assessment,H17,revise_delivery_priority,request_peer_evidence,send_targeted_summary,execute_autonomously,True,False,0.0,False,False,0.6589779701241811,0.007692389871448435,0.9181414182893091,0.6823422229330232,1.0,0.8599065388825269,0.8788069123399155,0.015202254368193668,0.011707227389698094,0.01194923403062409,0.07539025534232624,0.9847977456318063,0.725,-0.04898549104041128,0.00972874020879222,0.6692146433461471,0.6589779701241811,0.49985097888577534,0.5492030195045002,0.536363935572492,0.43719318061088663
v7-pilots-humanitarian-large-high-high-high-random_geometric-private_fragmented-771105-always_act-always_on,humanitarian,large,high,high,high,random_geometric,private_fragmented,always_on,771105,always_act,80,HUM-20-clinic,H10,cancel_risky_dispatch,request_peer_evidence,send_targeted_summary,execute_autonomously,True,False,0.0,False,False,0.764928742624801,0.2077605404880056,0.6500859545563462,0.26714189111420733,1.0,0.8406649572676976,0.8492048277333335,0.0025208526754936234,0.0019300543201976605,0.002539524568246576,0.01391189777563906,0.9974791473245064,0.7916666666666666,0.026565878687841105,-0.006532739328630965,0.6055898263598422,0.764928742624801,0.519666930112536,0.568690729792855,0.5007494898547211,0.3617842686136461
v7-pilots-humanitarian-large-high-high-high-random_geometric-private_fragmented-771105-always_act-always_on,humanitarian,large,high,high,high,random_geometric,private_fragmented,always_on,771105,always_act,80,HUM-21-shelter,H13,cancel_risky_dispatch,request_peer_evidence,send_targeted_summary,execute_autonomously,True,False,0.0,False,False,0.7447842211334028,0.08776191023421337,0.8605916393639053,0.5928190885098128,1.0,0.8804493474208686,0.8804493474208686,0.0,0.0,0.0,0.0,1.0,0.8333333333333334,-0.015495470288790503,0.0,0.676903216427712,0.7447842211334028,0.5180260253085782,0.5730475373128969,0.47947603954269585,0.38801120587186366
v7-pilots-humanitarian-large-high-high-high-random_geometric-private_fragmented-771105-always_act-always_on,humanitarian,large,high,high,high,random_geometric,private_fragmented,always_on,771105,always_act,80,HUM-22-depot,H16,release_emergency_reserve,request_peer_evidence,send_targeted_summary,execute_autonomously,False,False,0.0,False,False,0.5428667017283253,0.2616443564126454,0.7284565007239479,0.3883522042973597,1.0,0.8326819953627616,0.8724251250544761,0.023519011787436983,0.020228414313643195,0.016921860275473044,0.025873548608384957,0.976480988212563,0.2,-0.04071800365211342,0.009680966953494519,0.559179207618997,0.5428667017283253,0.4582437960344323,0.5055481377337276,0.3073318086106418,0.2724868510588467
v7-pilots-humanitarian-large-high-high-high-random_geometric-private_fragmented-771105-always_act-always_on,humanitarian,large,high,high,high,random_geometric,private_fragmented,always_on,771105,always_act,80,HUM-23-hub,H19,release_emergency_reserve,request_peer_evidence,send_targeted_summary,execute_autonomously,False,False,0.0,False,False,0.7808202243483001,0.0011862161776303726,0.6280052835007717,0.23222623770174539,1.0,0.9677586741865155,0.9677586741865155,0.0,0.0,0.0,0.0,1.0,0.8,0.05545852178371935,0.0,0.602613173326841,0.7808202243483001,0.554267758285949,0.6061337893293758,0.48794449422628605,0.3504968113417335
v7-pilots-humanitarian-large-high-high-high-random_geometric-private_fragmented-771105-always_act-always_on,humanitarian,large,high,high,high,random_geometric,private_fragmented,always_on,771105,always_act,80,HUM-24-ngo,H12,release_emergency_reserve,request_peer_evidence,send_targeted_summary,execute_autonomously,False,False,0.0,False,False,0.6803634001256029,0.0912172662446083,1.0,0.8356368373921994,1.0,0.8921568040960709,0.8921568040960709,0.0,0.0,0.0,0.0,1.0,0.8,-0.009360458334923494,-1.1102230246251565e-16,0.7132763970168329,0.6803634001256029,0.4951845610742589,0.5515946334176098,0.44575262805275323,0.3947781725222328
v7-pilots-humanitarian-large-high-high-high-random_geometric-private_fragmented-771105-always_act-always_on,humanitarian,large,high,high,high,random_geometric,private_fragmented,always_on,771105,always_act,80,HUM-25-transport,H15,cancel_risky_dispatch,request_peer_evidence,send_targeted_summary,execute_autonomously,True,False,0.0,False,False,0.8703172322345312,0.21336992094369747,0.5974869565250293,0.18450752583463548,1.0,0.8835214240772703,0.8892434830660639,0.007499691283626375,0.0053661497688256565,0.007437757352067864,0.05182115658235087,0.9925003087163736,0.725,-0.053775771513629333,0.007001173700454721,0.6215896651600532,0.8703172322345312,0.579506816710207,0.6265328856741805,0.5893013955436764,0.4107501410149556
v7-pilots-humanitarian-large-high-high-high-random_geometric-private_fragmented-771105-always_act-always_on,humanitarian,large,high,high,high,random_geometric,private_fragmented,always_on,771105,always_act,80,HUM-26-local_authority,H18,release_emergency_reserve,request_peer_evidence,send_targeted_summary,execute_autonomously,False,False,0.0,False,False,0.7131305973636353,0.04241494250933453,0.6220714344514453,0.22344980580368945,1.0,0.8913887748489171,0.8913887748489171,0.0,0.0,0.0,0.0,1.0,0.8,-0.008678328531648183,0.0,0.5774923564965215,0.7131305973636353,0.5080994326576833,0.5615424127080215,0.4595148508927268,0.3304905439582606
v7-pilots-humanitarian-large-high-high-high-random_geometric-private_fragmented-771105-always_act-always_on,humanitarian,large,high,high,high,random_geometric,private_fragmented,always_on,771105,always_act,80,HUM-27-assessment,H11,allocate_shipment,request_peer_evidence,send_targeted_summary,execute_autonomously,True,False,0.0,False,False,0.6763069352535552,0.01031231274329475,1.0,0.9424440187356115,1.0,0.8748616901540001,0.8748616901540001,0.0,0.0,0.0,0.0,1.0,0.8,-0.003879361959234995,0.0,0.7375309224827555,0.6763069352535552,0.48923819663992213,0.5417589230807347,0.4440489128064932,0.4064592241192688
v7-pilots-humanitarian-large-high-high-high-random_geometric-private_fragmented-771105-always_act-always_on,humanitarian,large,high,high,high,random_geometric,private_fragmented,always_on,771105,always_act,80,HUM-28-clinic,H14,no_operational_action,request_peer_evidence,send_targeted_summary,execute_autonomously,False,False,0.0,False,False,0.8193311393657707,0.014767296890861481,1.0,1.0,1.0,0.9667319014972048,0.9668234426153463,0.0029818767724409945,0.002207445764207283,0.0024732169233022683,0.01462929043012795,0.997018123227559,0.725,0.02985409682681428,-0.011506498131977794,0.799972587384362,0.8193311393657707,0.5735900586020269,0.6243814801717613,0.5113555999874182,0.4570690848976643
v7-pilots-humanitarian-large-high-high-high-random_geometric-private_fragmented-771105-always_act-always_on,humanitarian,large,high,high,high,random_geometric,private_fragmented,always_on,771105,always_act,80,HUM-29-shelter,H17,revise_delivery_priority,request_peer_evidence,send_targeted_summary,execute_autonomously,True,False,0.0,False,False,0.8063060801597653,0.11847449423468742,0.757490977012742,0.4333340389543443,1.0,0.8895771320697569,0.8895771320697569,0.0,0.0,0.0,0.0,1.0,0.8,-0.033163852263113136,0.0,0.6595442366033628,0.8063060801597653,0.5449167150813454,0.5994979546416989,0.4986485536671015,0.3817657871192557
v7-pilots-humanitarian-large-high-high-high-random_geometric-private_fragmented-771105-always_act-always_on,humanitarian,large,high,high,high,random_geometric,private_fragmented,always_on,771105,always_act,80,HUM-30-depot,H10,release_emergency_reserve,request_peer_evidence,send_targeted_summary,execute_autonomously,False,False,0.0,False,False,0.5796653370862872,0.23875907052675172,0.5395575926803173,0.09582293020636262,1.0,0.875026178486105,0.8771017405141087,0.005047205998449433,0.004718324299029963,0.002683052025366006,0.023667735356650677,0.9949527940015506,0.7916666666666666,-0.03887666858955052,0.00309221513067659,0.5014837178588647,0.5796653370862872,0.45768876785387036,0.5075568831975151,0.43776773265168295,0.3006945542144698
v7-pilots-humanitarian-large-high-high-high-random_geometric-private_fragmented-771105-always_act-always_on,humanitarian,large,high,high,high,random_geometric,private_fragmented,always_on,771105,always_act,80,HUM-31-hub,H13,cancel_risky_dispatch,request_peer_evidence,send_targeted_summary,execute_autonomously,True,False,0.0,False,False,0.7174905559448134,0.05501754834564884,0.8252765804092913,0.5380807471301612,1.0,0.9342095418010824,0.938778174251244,0.005695770505146691,0.004194467003660551,0.004672555359670372,0.030247675207403346,0.9943042294948533,0.7916666666666666,0.03779313903755488,0.002060889838782054,0.6544861683324752,0.7174905559448134,0.5285226865354014,0.5799060154747198,0.505655833145408,0.39729567194043824
v7-pilots-humanitarian-large-high-high-high-random_geometric-private_fragmented-771105-always_act-always_on,humanitarian,large,high,high,high,random_geometric,private_fragmented,always_on,771105,always_act,80,HUM-32-ngo,H16,release_emergency_reserve,request_peer_evidence,send_targeted_summary,execute_autonomously,False,False,0.0,False,False,0.7043819076219173,0.02505267685786655,0.7601813432011042,0.4375257101369521,1.0,0.9226536474823236,0.9301511241705706,0.008418863188060288,0.007098233425367972,0.005461079087311416,0.015059945032139557,0.9915811368119397,0.5666666666666667,0.012427088495102212,-0.0027811345582775537,0.6258960190243205,0.7043819076219173,0.5242025833826323,0.5757715637155532,0.4320648509833907,0.3417353868225879
v7-pilots-humanitarian-large-high-high-high-random_geometric-private_fragmented-771105-always_act-always_on,humanitarian,large,high,high,high,random_geometric,private_fragmented,always_on,771105,always_act,80,HUM-33-transport,H19,redirect_vehicle,request_peer_evidence,send_targeted_summary,execute_autonomously,True,False,0.0,False,False,0.8472349271752393,0.06709270626414082,1.0,1.0,1.0,0.9691256218838199,0.9689114257774067,0.0026194259410300402,0.0018671980365276841,0.002370877837240881,0.012484878127631107,0.99738057405897,0.725,0.1060264789967762,-0.014364757711521237,0.8094598752395813,0.8472349271752393,0.5848425726584928,0.6347702321087002,0.5198156841675997,0.46304949570920406
v7-pilots-humanitarian-large-high-high-high-random_geometric-private_fragmented-771105-always_act-always_on,humanitarian,large,high,high,high,random_geometric,private_fragmented,always_on,771105,always_act,80,HUM-34-local_authority,H12,no_operational_action,request_peer_evidence,send_targeted_summary,execute_autonomously,False,False,0.0,False,False,0.7355581865293658,0.0627889395754962,0.4029586340527494,0.0,1.0,0.9527811294558054,0.9546247469936675,0.004890697934917809,0.003309266585212689,0.004718621811238499,0.02660500255066678,0.9951093020650822,0.725,0.07259662110619525,0.0029012757407517187,0.5314897834199844,0.7355581865293658,0.5392655340845826,0.5899222097380628,0.4943740422193471,0.3266126473031496
v7-pilots-humanitarian-large-high-high-high-random_geometric-private_fragmented-771105-always_act-always_on,humanitarian,large,high,high,high,random_geometric,private_fragmented,always_on,771105,always_act,80,HUM-35-assessment,H15,revise_delivery_priority,request_peer_evidence,send_targeted_summary,execute_autonomously,True,False,0.0,False,False,0.8546040572130071,0.2138451439934811,1.0,1.0,1.0,0.9383668241608446,0.9376764186039782,0.0013239656531727206,0.0011679030847093763,0.000758024249873368,0.00894188144817798,0.9986760343468273,0.725,0.04170664867834528,-0.006061038840677879,0.8119653794524224,0.8546040572130071,0.5782868808398558,0.627305528562893,0.5175253638306935,0.46117395829239505
v7-pilots-humanitarian-large-high-high-high-random_geometric-private_fragmented-771105-always_act-always_on,humanitarian,large,high,high,high,random_geometric,private_fragmented,always_on,771105,always_act,80,HUM-36-clinic,H18,no_operational_action,request_peer_evidence,send_targeted_summary,execute_autonomously,False,False,0.0,False,False,0.8559710433898788,0.14485867106193678,1.0,1.0,1.0,0.9321569010697314,0.9321569010697314,0.0,0.0,0.0,0.0,1.0,0.8,0.02902124443975551,0.0,0.8124301547525589,0.8559710433898788,0.5754276426233844,0.6257415452552509,0.5195078382237491,0.46367189214916604
v7-pilots-humanitarian-large-high-high-high-random_geometric-private_fragmented-771105-always_act-always_on,humanitarian,large,high,high,high,random_geometric,private_fragmented,always_on,771105,always_act,80,HUM-37-shelter,H11,cancel_risky_dispatch,request_peer_evidence,send_targeted_summary,execute_autonomously,True,False,0.0,False,False,0.7373967652137678,0.05674983079698809,1.0,0.8412207239818643,1.0,0.8850719370514326,0.8850719370514326,0.0,0.0,0.0,0.0,1.0,0.8,-0.022726117721548422,0.0,0.7340078739283286,0.7373967652137678,0.5162266903483653,0.571511351079678,0.4697066413897825,0.4114175811376788
v7-pilots-humanitarian-large-high-high-high-random_geometric-private_fragmented-771105-always_act-always_on,humanitarian,large,high,high,high,random_geometric,private_fragmented,always_on,771105,always_act,80,HUM-38-depot,H14,release_emergency_reserve,request_peer_evidence,send_targeted_summary,execute_autonomously,False,False,0.0,False,False,0.6863063873643362,0.10838416209926013,0.6630914409160834,0.28748699921731785,1.0,0.9289932029712976,0.935421239063682,0.010061116369313394,0.009374803234995066,0.005505624252570396,0.02765680812942304,0.9899388836306866,0.5666666666666667,-0.03751396492720671,-0.007798085126584531,0.5837410515160306,0.6863063873643362,0.5208564186055977,0.5738067530666542,0.4436203643830776,0.3290395194326778
v7-pilots-humanitarian-large-high-high-high-random_geometric-private_fragmented-771105-always_act-always_on,humanitarian,large,high,high,high,random_geometric,private_fragmented,always_on,771105,always_act,80,HUM-39-hub,H17,release_emergency_reserve,request_peer_evidence,send_targeted_summary,execute_autonomously,False,False,0.0,False,False,0.6525538990656343,0.1658911385624336,0.57078550846749,0.14394056270920358,1.0,0.9233909177360626,0.9233909177360626,0.0,0.0,0.0,0.0,1.0,0.8,-0.029548515508992734,0.0,0.5378140607325246,0.6525538990656343,0.4918692890602694,0.5434157081322295,0.4340726376075664,0.3039879592634821
v7-pilots-humanitarian-large-high-high-high-random_geometric-private_fragmented-771105-always_act-always_on,humanitarian,large,high,high,high,random_geometric,private_fragmented,always_on,771105,always_act,80,HUM-40-ngo,H10,release_emergency_reserve,request_peer_evidence,send_targeted_summary,execute_autonomously,False,False,0.0,False,False,0.6356674238433733,0.10792966460260744,0.17350062753187434,0.0,1.0,0.8872659563310282,0.891983090319759,0.007916601152239688,0.0070515549007151845,0.004710341958028663,0.04929883361362719,0.9920833988477603,0.7916666666666666,-0.07648736187682958,0.005078796214150305,0.4975269241067469,0.6356674238433733,0.48716670023324193,0.5389197915634185,0.5002478784402634,0.3276740813037434
v7-pilots-humanitarian-large-high-high-high-random_geometric-private_fragmented-771105-always_act-always_on,humanitarian,large,high,high,high,random_geometric,private_fragmented,always_on,771105,always_act,80,HUM-41-transport,H13,allocate_shipment,request_peer_evidence,send_targeted_summary,execute_autonomously,True,False,0.0,False,False,0.7783502470994376,0.0725178388246969,0.580359929730518,0.1584599385780625,1.0,0.9393816622922144,0.9392655332468952,0.0014856005436378883,0.0011479166829262422,0.0011051642476622714,0.007170310702458216,0.9985143994563621,0.7916666666666666,0.01487577194767642,-0.0015568507984795588,0.5840694692725438,0.7783502470994376,0.5482653551739217,0.599994446634526,0.49613930938283357,0.3464236223272462
v7-pilots-humanitarian-large-high-high-high-random_geometric-private_fragmented-771105-always_act-always_on,humanitarian,large,high,high,high,random_geometric,private_fragmented,always_on,771105,always_act,80,HUM-42-local_authority,H16,no_operational_action,request_peer_evidence,send_targeted_summary,execute_autonomously,False,False,0.0,False,False,0.6558006083425445,0.09471784866988536,0.7339093382891492,0.39680410252342174,1.0,0.890595048511624,0.907703074120724,0.014864484512271181,0.011508563063154176,0.011793048734974443,0.026283537705421203,0.9851355154877288,0.5666666666666667,-0.05228287351529426,0.008658266242697943,0.5996051914420863,0.6558006083425445,0.5057792837821035,0.5563799765066472,0.42872056614944226,0.3446314754712872
v7-pilots-humanitarian-large-high-high-high-random_geometric-private_fragmented-771105-always_act-always_on,humanitarian,large,high,high,high,random_geometric,private_fragmented,always_on,771105,always_act,80,HUM-43-assessment,H19,no_operational_action,request_peer_evidence,send_targeted_summary,execute_autonomously,False,False,0.0,False,False,0.8106937089846025,0.10859411751764525,0.5685803725027969,0.14011762565488461,1.0,0.953302671153197,0.953302671153197,0.0,0.0,0.0,0.0,1.0,0.8,0.0819605253452691,0.0,0.5906640912119372,0.8106937089846025,0.5626031513821402,0.6138040144409553,0.500491357773533,0.34780835359427487
v7-pilots-humanitarian-large-high-high-high-random_geometric-private_fragmented-771105-always_act-always_on,humanitarian,large,high,high,high,random_geometric,private_fragmented,always_on,771105,always_act,80,HUM-44-clinic,H12,allocate_shipment,request_peer_evidence,send_targeted_summary,execute_autonomously,True,False,0.0,False,False,0.828184051592186,0.22403759068716037,0.42546335225180876,0.0,1.0,0.9087742104557509,0.9087742104557509,0.0,0.0,0.0,0.0,1.0,0.8,0.08451756616710948,0.0,0.5629825775413433,0.828184051592186,0.5584671732508122,0.6071723732154677,0.5078373016687181,0.3358915344458121
v7-pilots-humanitarian-large-high-high-high-random_geometric-private_fragmented-771105-always_act-always_on,humanitarian,large,high,high,high,random_geometric,private_fragmented,always_on,771105,always_act,80,HUM-45-shelter,H15,no_operational_action,request_peer_evidence,send_targeted_summary,execute_autonomously,False,False,0.0,False,False,0.83330493546799,0.30153016917860986,0.4410665925048193,0.0,1.0,0.8425303532008819,0.8460262656873982,0.0016137102847187945,0.0013932446911851804,0.0012491014954324475,0.009531439265978991,0.9983862897152812,0.725,-0.05624413957064023,-0.009813448693064553,0.5647236780591166,0.83330493546799,0.5462137568860228,0.5934047668422173,0.5094758605808438,0.3360030171249597
v7-pilots-humanitarian-large-high-high-high-random_geometric-private_fragmented-771105-always_act-always_on,humanitarian,large,high,high,high,random_geometric,private_fragmented,always_on,771105,always_act,80,HUM-46-depot,H18,redirect_vehicle,request_peer_evidence,send_targeted_summary,execute_autonomously,True,False,0.0,False,False,0.6564519196958476,0.05336337896576859,0.8673425658470296,0.6036200594668452,1.0,0.8770217585733863,0.8770217585733863,0.0,0.0,0.0,0.0,1.0,0.8,-0.06636049036820801,0.0,0.6494624669686311,0.6564519196958476,0.48183620752168566,0.5357747630685201,0.43570980627225603,0.36024094465085876
v7-pilots-humanitarian-large-high-high-high-random_geometric-private_fragmented-771105-always_act-always_on,humanitarian,large,high,high,high,random_geometric,private_fragmented,always_on,771105,always_act,80,HUM-47-hub,H11,revise_delivery_priority,request_peer_evidence,send_targeted_summary,execute_autonomously,True,False,0.0,False,False,0.6948467080979455,0.08811259323611328,0.6065210983623406,0.20021539048185974,1.0,0.9384149642485712,0.9384149642485712,0.0,0.0,0.0,0.0,1.0,0.8,-0.019767810939988473,0.0,0.5656995744689478,0.6948467080979455,0.512542424301321,0.5642776105002832,0.4518356174011371,0.3225829251252479
v7-pilots-humanitarian-large-high-high-high-random_geometric-private_fragmented-771105-always_act-always_on,humanitarian,large,high,high,high,random_geometric,private_fragmented,always_on,771105,always_act,80,HUM-48-ngo,H14,release_emergency_reserve,request_peer_evidence,send_targeted_summary,execute_autonomously,False,False,0.0,False,False,0.5565382004364059,0.15110458233619356,0.6698602272295491,0.2979786180031896,1.0,0.7901321806223588,0.823206096137778,0.017708365826018535,0.016850894990715237,0.011033636695484739,0.03619893791400793,0.9822916341739815,0.3875,-0.09792082612563169,0.013305862099596943,0.5421378564691435,0.5565382004364059,0.444940037486578,0.49906585424990235,0.36626842981258256,0.2946497720096794
v7-pilots-humanitarian-large-high-high-high-random_geometric-private_fragmented-771105-always_act-always_on,humanitarian,large,high,high,high,random_geometric,private_fragmented,always_on,771105,always_act,80,HUM-49-transport,H17,allocate_shipment,request_peer_evidence,send_targeted_summary,execute_autonomously,True,False,0.0,False,False,0.7973729008317346,0.1242153790864679,0.652991786212257,0.27136029321359245,1.0,0.9303827181031035,0.9303827181031035,0.0,0.0,0.0,0.0,1.0,0.8,0.04698859761015095,0.0,0.617633256654052,0.7973729008317346,0.5515448398584697,0.6030576920512395,0.4948966183493286,0.3598276474185168
v7-pilots-humanitarian-large-high-high-high-random_geometric-private_fragmented-771105-always_act-always_on,humanitarian,large,high,high,high,random_geometric,private_fragmented,always_on,771105,always_act,80,HUM-50-local_authority,H10,release_emergency_reserve,request_peer_evidence,send_targeted_summary,execute_autonomously,False,False,0.0,False,False,0.6450742379171545,0.11168925567771482,0.7478545949456807,0.4186832837176758,1.0,0.8854598632629179,0.8881608892452678,0.00543612127910742,0.004778300034979921,0.0038038629096235343,0.029528269071152913,0.9945638787208926,0.7916666666666666,0.0542601603509153,-0.0008798642133371892,0.6012092289840747,0.6450742379171545,0.4870052307733417,0.5407350399341859,0.4741474822466906,0.3601645625740143
v7-pilots-humanitarian-large-high-high-high-random_geometric-private_fragmented-771105-always_act-always_on,humanitarian,large,high,high,high,random_geometric,private_fragmented,always_on,771105,always_act,80,HUM-51-assessment,H13,no_operational_action,no_information_action,no_communication_action,execute_autonomously,False,False,0.0,False,False,0.7930495101729179,0.18169081469540635,1.0,0.8324741574589014,1.0,0.890224609116784,0.890224609116784,0.0,0.0,0.0,0.0,1.0,0.8333333333333334,0.05554534228319474,0.0,0.7508306312489285,0.7930495101729179,0.5397759563483632,0.5911038223169791,0.4997474609392922,0.4302840950768186
v7-pilots-humanitarian-large-high-high-high-random_geometric-private_fragmented-771105-always_act-always_on,humanitarian,large,high,high,high,random_geometric,private_fragmented,always_on,771105,always_act,85,HUM-00-ngo,H20,release_emergency_reserve,request_peer_evidence,negotiate_commitment,execute_autonomously,False,False,0.0,False,False,0.5655186702043611,0.18561570961405313,0.6707160398763445,0.29918194296613765,1.0,0.8167404772854606,0.8245244226699885,0.006946933409181066,0.006618919743494933,0.0036093490947740614,0.040583735694663226,0.9930530665908189,0.7916666666666666,-0.09845009107300973,0.004222707934847247,0.5454800141813558,0.5655186702043611,0.4401182941759631,0.4937061488622233,0.4575384530750531,0.33594569965660387
v7-pilots-humanitarian-large-high-high-high-random_geometric-private_fragmented-771105-always_act-always_on,humanitarian,large,high,high,high,random_geometric,private_fragmented,always_on,771105,always_act,85,HUM-01-transport,H23,redirect_vehicle,request_peer_evidence,negotiate_commitment,execute_autonomously,True,False,0.0,False,False,0.8656639107324151,0.30610723617083907,0.7231793190236048,0.3790661512934875,1.0,0.8742402285682935,0.8742402285682935,0.0,0.0,0.0,0.0,1.0,0.8333333333333334,-0.013048244037472068,0.0,0.6667016059594582,0.8656639107324151,0.5648256214350394,0.6124629057669846,0.530245509174281,0.3962071664936281
v7-pilots-humanitarian-large-high-high-high-random_geometric-private_fragmented-771105-always_act-always_on,humanitarian,large,high,high,high,random_geometric,private_fragmented,always_on,771105,always_act,85,HUM-02-local_authority,H26,no_operational_action,request_peer_evidence,send_targeted_summary,execute_autonomously,False,False,0.0,False,False,0.5733763284249958,0.1238707627668787,0.8820004684409888,0.6252016986321128,1.0,0.7805143925869278,0.7903638238803438,0.008390023572083405,0.006184197451707396,0.008865895613041519,0.056483950475595734,0.9916099764279166,0.725,-0.06003507864589663,0.0012753657435944366,0.6263963593362056,0.5733763284249958,0.43622516251764704,0.49068365159094396,0.47167366266140376,0.3804194986122421
v7-pilots-humanitarian-large-high-high-high-random_geometric-private_fragmented-771105-always_act-always_on,humanitarian,large,high,high,high,random_geometric,private_fragmented,always_on,771105,always_act,85,HUM-03-assessment,H29,cancel_risky_dispatch,request_peer_evidence,negotiate_commitment,execute_autonomously,True,False,0.0,False,False,0.8426772911360305,0.31328529635430846,0.6207800100085858,0.22012448508007393,1.0,0.8494119291834709,0.8567103694451486,0.0048097615926617765,0.004019974440538143,0.0033257772880568304,0.024262231352023877,0.9951902384073382,0.725,-0.020823861937274146,-0.00470763669314922,0.6207401554054681,0.8426772911360305,0.5561575649800065,0.6015133096548444,0.5358030539322091,0.37854486109374874
v7-pilots-humanitarian-large-high-high-high-random_geometric-private_fragmented-771105-always_act-always_on,humanitarian,large,high,high,high,random_geometric,private_fragmented,always_on,771105,always_act,85,HUM-04-clinic,H22,cancel_risky_dispatch,request_peer_evidence,negotiate_commitment,execute_autonomously,True,False,0.0,False,False,0.8465320189900963,0.2364962216293573,0.8809467982023329,0.6234313602423607,1.0,0.9154511326082806,0.9154511326082806,0.0,0.0,0.0,0.0,1.0,0.8,0.02010329251363918,0.0,0.7188444129147994,0.8465320189900963,0.5674755907481087,0.6161504261871171,0.5155434479758405,0.41584072854631027
v7-pilots-humanitarian-large-high-high-high-random_geometric-private_fragmented-771105-always_act-always_on,humanitarian,large,high,high,high,random_geometric,private_fragmented,always_on,771105,always_act,85,HUM-05-shelter,H25,no_operational_action,request_peer_evidence,send_targeted_summary,execute_autonomously,False,False,0.0,False,False,0.8603654815914579,0.29752835376618436,1.0,0.894190448887002,1.0,0.8805207622417585,0.8805207622417585,0.0,0.0,0.0,0.0,1.0,0.8,0.13023296891343383,0.0,0.7885299714739762,0.8603654815914579,0.5642763831970228,0.6114830017782789,0.5213535022684124,0.4522051887120485
v7-pilots-humanitarian-large-high-high-high-random_geometric-private_fragmented-771105-always_act-always_on,humanitarian,large,high,high,high,random_geometric,private_fragmented,always_on,771105,always_act,85,HUM-06-depot,H28,release_emergency_reserve,request_peer_evidence,negotiate_commitment,execute_autonomously,False,False,0.0,False,False,0.5207924647278226,0.3193062548081454,0.828541541594975,0.5426693648459129,1.0,0.838421277624325,0.838421277624325,0.0,0.0,0.0,0.0,1.0,0.8,-0.06097706068403885,0.0,0.5887100855704788,0.5207924647278226,0.4179223052972103,0.46399377387763807,0.3787328351856855,0.31494221390529986
v7-pilots-humanitarian-large-high-high-high-random_geometric-private_fragmented-771105-always_act-always_on,humanitarian,large,high,high,high,random_geometric,private_fragmented,always_on,771105,always_act,85,HUM-07-hub,H21,release_emergency_reserve,request_peer_evidence,negotiate_commitment,execute_autonomously,False,False,0.0,False,False,0.6524499353245288,0.15877967142841037,0.5022490998004294,0.03711511740595985,1.0,0.9305489010947504,0.9405392947684547,0.008055703898708022,0.006411695592506428,0.005777992028621504,0.03461280216250362,0.991944296101292,0.725,0.009649987548896788,0.004788600491168027,0.5121406061877702,0.6524499353245288,0.5048951848616904,0.5536919906697843,0.47164043212330753,0.31760292404788415
v7-pilots-humanitarian-large-high-high-high-random_geometric-private_fragmented-771105-always_act-always_on,humanitarian,large,high,high,high,random_geometric,private_fragmented,always_on,771105,always_act,85,HUM-08-ngo,H24,cancel_risky_dispatch,request_peer_evidence,negotiate_commitment,execute_autonomously,True,False,0.0,False,False,0.7048755674029631,0.0684367869850741,1.0,0.9537210215162728,1.0,0.9222222224147849,0.925867814551394,0.005819237629664631,0.004837135191601893,0.004311215499671506,0.03585332550293696,0.9941807623703354,0.725,0.005078719951677857,0.0030213326440118315,0.749950738080913,0.7048755674029631,0.520652715246412,0.573757176738629,0.4955447930737087,0.43985014794771754
v7-pilots-humanitarian-large-high-high-high-random_geometric-private_fragmented-771105-always_act-always_on,humanitarian,large,high,high,high,random_geometric,private_fragmented,always_on,771105,always_act,85,HUM-09-transport,H27,redirect_vehicle,request_peer_evidence,negotiate_commitment,execute_autonomously,True,False,0.0,False,False,0.8184555014932913,0.19177651377482197,1.0,0.9166034487025128,1.0,0.8706526465111233,0.8805409265328065,0.0089191322206581,0.00992575620734093,0.0034977574767379727,0.04068847903383033,0.9910808677793419,0.725,-0.044414483901375035,0.004089345895322949,0.7796596981963221,0.8184555014932913,0.5575321473340187,0.6135285117049183,0.5505977987586045,0.4736674846854067
v7-pilots-humanitarian-large-high-high-high-random_geometric-private_fragmented-771105-always_act-always_on,humanitarian,large,high,high,high,random_geometric,private_fragmented,always_on,771105,always_act,85,HUM-10-local_authority,H20,release_emergency_reserve,request_peer_evidence,negotiate_commitment,execute_autonomously,False,False,0.0,False,False,0.7412099882930736,0.048089450978149484,0.5667148671622502,0.13798012525929135,1.0,0.9668827567159262,0.9660003947741865,0.0022702771592556514,0.0017743430671245397,0.0017183543454716288,0.014421382540573345,0.9977297228407443,0.7916666666666666,0.03216984545524815,-0.004924597639769934,0.566526626081875,0.7412099882930736,0.5413830725191688,0.592109672720325,0.49156202987809566,0.3395625931279989
v7-pilots-humanitarian-large-high-high-high-random_geometric-private_fragmented-771105-always_act-always_on,humanitarian,large,high,high,high,random_geometric,private_fragmented,always_on,771105,always_act,85,HUM-11-assessment,H23,cancel_risky_dispatch,request_peer_evidence,negotiate_commitment,execute_autonomously,True,False,0.0,False,False,0.8094336169161667,0.026064528681548405,0.7942764933637442,0.4892667715207035,1.0,0.9786714100505189,0.9782693224982918,0.006779030790983187,0.005031969140332548,0.005775810298198625,0.021530150135191335,0.9932209692090168,0.6666666666666666,0.05238377398204508,-0.007445444510005728,0.6740314549164655,0.8094336169161667,0.5779319423864728,0.6272531959323507,0.5060212806436141,0.3940271651045824
v7-pilots-humanitarian-large-high-high-high-random_geometric-private_fragmented-771105-always_act-always_on,humanitarian,large,high,high,high,random_geometric,private_fragmented,always_on,771105,always_act,85,HUM-12-clinic,H26,allocate_shipment,request_peer_evidence,negotiate_commitment,execute_autonomously,True,False,0.0,False,False,0.8243615188663411,0.018392790652630775,0.8185633775027314,0.5268742076778139,1.0,0.9215852813594754,0.9298308794252751,0.012662034711799053,0.010582146156938865,0.00913132480224832,0.025871272563603994,0.987337965288201,0.3875,0.0033488704181512396,-0.02077640357260424,0.6881327262572313,0.8243615188663411,0.577867776482924,0.6291597894105079,0.46305617222054135,0.37467422471021583
v7-pilots-humanitarian-large-high-high-high-random_geometric-private_fragmented-771105-always_act-always_on,humanitarian,large,high,high,high,random_geometric,private_fragmented,always_on,771105,always_act,85,HUM-13-shelter,H29,no_operational_action,request_peer_evidence,send_targeted_summary,execute_autonomously,False,False,0.0,False,False,0.8559840183494497,0.2665126944166242,0.39524858285515957,0.0,1.0,0.8989499900795547,0.8989499900795547,0.0,0.0,0.0,0.0,1.0,0.8,0.025103946528488907,0.0,0.572434566238813,0.8559840183494497,0.5671311048596686,0.6155357930304883,0.519513287706769,0.34367552513784594
v7-pilots-humanitarian-large-high-high-high-random_geometric-private_fragmented-771105-always_act-always_on,humanitarian,large,high,high,high,random_geometric,private_fragmented,always_on,771105,always_act,85,HUM-14-depot,H22,release_emergency_reserve,request_peer_evidence,negotiate_commitment,execute_autonomously,False,False,0.0,False,False,0.702106392809332,0.05126654171957862,0.9037065506702865,0.6587089765676888,1.0,0.9308318351824114,0.9361029321206709,0.006768942710260517,0.005957576052808555,0.004015329336486739,0.04202246862064074,0.9932310572897395,0.725,0.0748301578960352,-0.0032906077722277827,0.6782063279314182,0.702106392809332,0.5230270357137004,0.5750094863195592,0.5037588372832934,0.4062887272640258
v7-pilots-humanitarian-large-high-high-high-random_geometric-private_fragmented-771105-always_act-always_on,humanitarian,large,high,high,high,random_geometric,private_fragmented,always_on,771105,always_act,85,HUM-15-hub,H25,release_emergency_reserve,request_peer_evidence,negotiate_commitment,execute_autonomously,False,False,0.0,False,False,0.6419582118221439,0.1700677565364797,0.5027057745171676,0.03771618120781439,1.0,0.9241651743074336,0.9298620402998724,0.005122117569327345,0.004189262984238162,0.0035367823321844627,0.025933257521287167,0.9948778824306727,0.725,0.006856503757801113,-0.005383973572919198,0.5087176755094044,0.6419582118221439,0.4949955429027742,0.5444574014238278,0.45404100039765694,0.3019354622922238
v7-pilots-humanitarian-large-high-high-high-random_geometric-private_fragmented-771105-always_act-always_on,humanitarian,large,high,high,high,random_geometric,private_fragmented,always_on,771105,always_act,85,HUM-16-ngo,H28,release_emergency_reserve,request_peer_evidence,send_targeted_summary,execute_autonomously,False,False,0.0,False,False,0.6767153935554001,0.036566518548730276,0.6899042644272938,0.3277815852360071,1.0,0.8872099156347961,0.8872099156347961,0.0,0.0,0.0,0.0,1.0,0.8,-0.07621307131620303,0.0,0.5901508142654778,0.6767153935554001,0.4924886363308591,0.5471243673865955,0.4442204652932681,0.33281410042383286
v7-pilots-humanitarian-large-high-high-high-random_geometric-private_fragmented-771105-always_act-always_on,humanitarian,large,high,high,high,random_geometric,private_fragmented,always_on,771105,always_act,85,HUM-17-transport,H21,allocate_shipment,request_peer_evidence,send_targeted_summary,execute_autonomously,True,True,3.3257441758147164,True,False,0.7277522692761811,0.005879986784708802,0.5820846861679944,0.16086027627568547,1.0,0.873943515453133,0.8783464656985795,0.001554821958904995,0.00150377116209377,0.0010271860829826895,0.007348609482385471,0.998445178041095,0.725,-0.08672595951572382,-0.0029875888632954206,0.5674422378600661,0.7277522692761811,0.5117635373162227,0.5696880624397821,0.46182583950922196,0.3240768410331599
v7-pilots-humanitarian-large-high-high-high-random_geometric-private_fragmented-771105-always_act-always_on,humanitarian,large,high,high,high,random_geometric,private_fragmented,always_on,771105,always_act,85,HUM-18-local_authority,H24,release_emergency_reserve,request_peer_evidence,send_targeted_summary,execute_autonomously,False,True,-0.0405,False,True,0.6503140908742163,0.10361535679730113,1.0,0.8399105710879031,1.0,0.9113216599772358,0.9240613234279432,0.01263106856752405,0.010412727195832194,0.008713868872397112,0.02560757532189738,0.987368931432476,0.3875,0.03415364139946375,2.003720838250622e-06,0.7040853279583303,0.6503140908742163,0.5056395473385291,0.5547721973807307,0.38955543265645487,0.36311670309961974
v7-pilots-humanitarian-large-high-high-high-random_geometric-private_fragmented-771105-always_act-always_on,humanitarian,large,high,high,high,random_geometric,private_fragmented,always_on,771105,always_act,85,HUM-19-assessment,H27,cancel_risky_dispatch,request_peer_evidence,send_targeted_summary,execute_autonomously,True,False,0.0,False,False,0.8334279615692594,0.136589211116905,0.8309926646931415,0.5464622773718728,1.0,0.953018343237899,0.9539656184051867,0.002443019792851331,0.002055478674617972,0.0014925503938948426,0.013590887923295769,0.9975569802071487,0.725,0.06023777986590817,-0.0038522431948692093,0.6959164535027977,0.8334279615692594,0.5750459981471704,0.6256752430018123,0.5156978935024985,0.4051771480754156
v7-pilots-humanitarian-large-high-high-high-random_geometric-private_fragmented-771105-always_act-always_on,humanitarian,large,high,high,high,random_geometric,private_fragmented,always_on,771105,always_act,85,HUM-20-clinic,H20,revise_delivery_priority,request_peer_evidence,send_targeted_summary,execute_autonomously,True,False,0.0,False,False,0.7676660685492436,0.14995620586053798,0.6785281083967358,0.3112906491727441,1.0,0.8957001935087621,0.9047403640340481,0.008381550068954025,0.007215532670320157,0.005167898329251908,0.043112493371603056,0.991618449931046,0.7916666666666666,0.008831251107812799,0.0009341398718527572,0.6171162191082014,0.7676660685492436,0.5427256458934236,0.5922325004424608,0.5462840720488522,0.39459539417441086
v7-pilots-humanitarian-large-high-high-high-random_geometric-private_fragmented-771105-always_act-always_on,humanitarian,large,high,high,high,random_geometric,private_fragmented,always_on,771105,always_act,85,HUM-21-shelter,H23,allocate_shipment,request_peer_evidence,send_targeted_summary,execute_autonomously,True,False,0.0,False,False,0.8044391069617151,0.1594899516590467,0.6644957116161838,0.288106559811985,1.0,0.9201601271099754,0.9201601271099754,0.0,0.0,0.0,0.0,1.0,0.8333333333333334,0.13522562291897533,0.0,0.6240548707218595,0.8044391069617151,0.55181567456218,0.6028209355835449,0.504531091590587,0.3681490704600518
v7-pilots-humanitarian-large-high-high-high-random_geometric-private_fragmented-771105-always_act-always_on,humanitarian,large,high,high,high,random_geometric,private_fragmented,always_on,771105,always_act,85,HUM-22-depot,H26,release_emergency_reserve,request_peer_evidence,send_targeted_summary,execute_autonomously,False,False,0.0,False,False,0.556016091470362,0.2511741057511688,0.5787639842115943,0.15518514807655118,1.0,0.85298419795642,0.8785758302495174,0.019824708401859792,0.018233058308862793,0.011741175038752494,0.03886616069911215,0.9801752915981402,0.2,0.029821885834122597,-0.00811680731512543,0.5076899066382954,0.556016091470362,0.4634070778398535,0.5122433684610894,0.33260332268020254,0.2457976266224998
v7-pilots-humanitarian-large-high-high-high-random_geometric-private_fragmented-771105-always_act-always_on,humanitarian,large,high,high,high,random_geometric,private_fragmented,always_on,771105,always_act,85,HUM-23-hub,H29,release_emergency_reserve,request_peer_evidence,send_targeted_summary,execute_autonomously,False,False,0.0,False,False,0.535884568618239,0.28700692331204686,0.5440189987428878,0.10114491761824201,1.0,0.8441352962565049,0.8441352962565049,0.0,0.0,0.0,0.0,1.0,0.8,0.022965776842460484,0.0,0.4878755335585794,0.535884568618239,0.42538765151142177,0.47295897553830657,0.3850715188196604,0.266185069327296
v7-pilots-humanitarian-large-high-high-high-random_geometric-private_fragmented-771105-always_act-always_on,humanitarian,large,high,high,high,random_geometric,private_fragmented,always_on,771105,always_act,85,HUM-24-ngo,H22,release_emergency_reserve,request_peer_evidence,send_targeted_summary,execute_autonomously,False,False,0.0,False,False,0.7604246595727677,0.012830837529166444,0.7548129059160751,0.4279238271986611,1.0,0.9726800917415809,0.9726800917415809,0.0,0.0,0.0,0.0,1.0,0.8,0.12144478980582463,0.0,0.6426461027824197,0.7604246595727677,0.5473398867645023,0.5983232173128427,0.4793783570205625,0.3682697639442143
v7-pilots-humanitarian-large-high-high-high-random_geometric-private_fragmented-771105-always_act-always_on,humanitarian,large,high,high,high,random_geometric,private_fragmented,always_on,771105,always_act,85,HUM-25-transport,H25,no_operational_action,request_peer_evidence,send_targeted_summary,execute_autonomously,False,False,0.0,False,False,0.781241423856392,0.12546609357568567,0.7958270294569199,0.49205412636443036,1.0,0.9125480967262117,0.9231191841476247,0.01042122671035084,0.008982529387203453,0.006639753903255108,0.050825518644604495,0.9895787732896492,0.725,-0.014228544491077688,0.008761251618373822,0.6651150744386366,0.781241423856392,0.5552233111186009,0.6064239371638054,0.5503761863594834,0.42514694975694356
v7-pilots-humanitarian-large-high-high-high-random_geometric-private_fragmented-771105-always_act-always_on,humanitarian,large,high,high,high,random_geometric,private_fragmented,always_on,771105,always_act,85,HUM-26-local_authority,H28,release_emergency_reserve,request_peer_evidence,send_targeted_summary,execute_autonomously,False,False,0.0,False,False,0.5884380330515847,0.2242388507372284,0.7027535937066126,0.3476980456189511,1.0,0.8663508681336587,0.8663508681336587,0.0,0.0,0.0,0.0,1.0,0.8,-0.04256988164386222,0.0,0.564916462186087,0.5884380330515847,0.45196293025404854,0.5044805633747772,0.40714397388166557,0.31048641472871785
v7-pilots-humanitarian-large-high-high-high-random_geometric-private_fragmented-771105-always_act-always_on,humanitarian,large,high,high,high,random_geometric,private_fragmented,always_on,771105,always_act,85,HUM-27-assessment,H21,allocate_shipment,request_peer_evidence,send_targeted_summary,execute_autonomously,True,False,0.0,False,False,0.6435001449260165,0.12627646685443938,0.7733215267966983,0.4572773792501765,1.0,0.8752938782912504,0.8752938782912504,0.0,0.0,0.0,0.0,1.0,0.8,-0.03525289263181619,0.0,0.6099366202948879,0.6435001449260165,0.47622352754321917,0.5307266078471695,0.43027006086892694,0.33905332608930583
v7-pilots-humanitarian-large-high-high-high-random_geometric-private_fragmented-771105-always_act-always_on,humanitarian,large,high,high,high,random_geometric,private_fragmented,always_on,771105,always_act,85,HUM-28-clinic,H24,revise_delivery_priority,request_peer_evidence,send_targeted_summary,execute_autonomously,True,False,0.0,False,False,0.6726688836471432,0.08080440849948042,0.6816261156381797,0.3152755720688552,1.0,0.8818700700874603,0.8908875691442112,0.0067650176912050775,0.005614091348708938,0.0046261922343782125,0.034624695122399296,0.9932349823087949,0.725,-0.03314549731163052,0.0012618640233659217,0.5857735577365539,0.6726688836471432,0.4990060957484095,0.5531426629129091,0.480150467717847,0.35263129156705963
v7-pilots-humanitarian-large-high-high-high-random_geometric-private_fragmented-771105-always_act-always_on,humanitarian,large,high,high,high,random_geometric,private_fragmented,always_on,771105,always_act,85,HUM-29-shelter,H27,allocate_shipment,request_peer_evidence,send_targeted_summary,execute_autonomously,True,False,0.0,False,False,0.8694191735504531,0.20235946610525476,1.0,0.8738914564622813,1.0,0.8964800204055319,0.8964800204055319,0.0,0.0,0.0,0.0,1.0,0.8,0.0651457361967076,0.0,0.7867364685581015,0.8694191735504531,0.5718876745215642,0.6223878230606184,0.5251560528911903,0.4523043433696007
v7-pilots-humanitarian-large-high-high-high-random_geometric-private_fragmented-771105-always_act-always_on,humanitarian,large,high,high,high,random_geometric,private_fragmented,always_on,771105,always_act,85,HUM-30-depot,H20,release_emergency_reserve,request_peer_evidence,send_targeted_summary,execute_autonomously,False,False,0.0,False,False,0.662432566283082,0.135103340121587,0.6119125713647211,0.20803656677312127,1.0,0.9173247360907397,0.9192143428910748,0.0018639504118278527,0.0016298487494632585,0.0011171783281318515,0.011223262344259521,0.9981360495881721,0.7916666666666666,0.0664986079007519,-0.006903975068557333,0.5565558485617971,0.662432566283082,0.4969137411124767,0.54923734186337,0.45361436993550225,0.3231352252190301
v7-pilots-humanitarian-large-high-high-high-random_geometric-private_fragmented-771105-always_act-always_on,humanitarian,large,high,high,high,random_geometric,private_fragmented,always_on,771105,always_act,85,HUM-31-hub,H23,release_emergency_reserve,request_peer_evidence,send_targeted_summary,execute_autonomously,False,False,0.0,False,False,0.6035550206737008,0.16606275825137679,0.8487982582216118,0.5737755070503984,1.0,0.8680251866580795,0.8801589385791778,0.010262722750576603,0.009701065604145187,0.0057099244664992055,0.05561373814439763,0.9897372772494234,0.7916666666666666,0.005655678793646146,0.005270157454111635,0.6243148287211538,0.6035550206737008,0.4727961167848075,0.5255342907383361,0.49635932399577204,0.39425674977852554
v7-pilots-humanitarian-large-high-high-high-random_geometric-private_fragmented-771105-always_act-always_on,humanitarian,large,high,high,high,random_geometric,private_fragmented,always_on,771105,always_act,85,HUM-32-ngo,H26,release_emergency_reserve,request_peer_evidence,send_targeted_summary,execute_autonomously,False,False,0.0,False,False,0.6346329789924086,0.15560344398241188,1.0,0.8960058003987579,1.0,0.8916194056446914,0.8963375228010625,0.0076743517831476815,0.006380620683367311,0.005640276420400214,0.046906107576360136,0.9923256482168523,0.5666666666666667,-0.01768104598968545,0.003691265175975289,0.7122166049531208,0.6346329789924086,0.487502135504543,0.5390820580345401,0.4511764680262123,0.40291574979405204
v7-pilots-humanitarian-large-high-high-high-random_geometric-private_fragmented-771105-always_act-always_on,humanitarian,large,high,high,high,random_geometric,private_fragmented,always_on,771105,always_act,85,HUM-33-transport,H29,no_operational_action,request_peer_evidence,send_targeted_summary,execute_autonomously,False,False,0.0,False,False,0.7997655146608096,0.12056601681939855,0.9609312668329187,0.7473589331577899,1.0,0.9319944004754492,0.9313522756111465,0.0023964070085490397,0.0017938997487566555,0.0020035189286649047,0.01287475288979889,0.997603592991451,0.725,0.02114042497184987,-0.0030487573871266216,0.7326864189425448,0.7997655146608096,0.5562597757951548,0.6075635166589383,0.5004711405500343,0.41946471158315163
v7-pilots-humanitarian-large-high-high-high-random_geometric-private_fragmented-771105-always_act-always_on,humanitarian,large,high,high,high,random_geometric,private_fragmented,always_on,771105,always_act,85,HUM-34-local_authority,H22,release_emergency_reserve,request_peer_evidence,send_targeted_summary,execute_autonomously,False,False,0.0,False,False,0.6507649959998985,0.18244907188038628,0.8218356729915544,0.531809116165654,1.0,0.9335842372682742,0.9325185435906788,0.002539170096538479,0.0020867077894148878,0.0016986526317044337,0.016747177444776273,0.9974608299034615,0.725,0.027760314810352238,-0.0018665774192782036,0.6302942865197224,0.6507649959998985,0.4972568958521818,0.5471036452873255,0.4437770080360173,0.3546987751191001
v7-pilots-humanitarian-large-high-high-high-random_geometric-private_fragmented-771105-always_act-always_on,humanitarian,large,high,high,high,random_geometric,private_fragmented,always_on,771105,always_act,85,HUM-35-assessment,H25,allocate_shipment,request_peer_evidence,send_targeted_summary,execute_autonomously,False,False,0.0,False,False,0.7324627996766657,0.06192890408146473,0.5898207770952977,0.17274443520391605,1.0,0.957203268147882,0.9623464551302398,0.008449954280503102,0.006476040261842009,0.0064239506949299585,0.05056933211249226,0.9915500457194969,0.725,0.06358207413034045,0.007587281659038658,0.5718960163390062,0.7324627996766657,0.5441158729003411,0.5942177099074115,0.5294997606751879,0.370578933674628
v7-pilots-humanitarian-large-high-high-high-random_geometric-private_fragmented-771105-always_act-always_on,humanitarian,large,high,high,high,random_geometric,private_fragmented,always_on,771105,always_act,85,HUM-36-clinic,H28,allocate_shipment,request_peer_evidence,send_targeted_summary,execute_autonomously,False,False,0.0,False,False,0.8600251048819619,0.2834868414667801,1.0,0.9300302877696018,1.0,0.811434940473624,0.811434940473624,0.0,0.0,0.0,0.0,1.0,0.8,-0.03325192755915429,0.0,0.7970158047245715,0.8600251048819619,0.5468687770711907,0.5969203478081371,0.521210544050424,0.4564106638993016
v7-pilots-humanitarian-large-high-high-high-random_geometric-private_fragmented-771105-always_act-always_on,humanitarian,large,high,high,high,random_geometric,private_fragmented,always_on,771105,always_act,85,HUM-37-shelter,H21,cancel_risky_dispatch,request_peer_evidence,send_targeted_summary,execute_autonomously,True,False,0.0,False,False,0.8047767705052268,0.2544589188707815,0.5218795171889721,0.06754226435820088,1.0,0.8520028449830261,0.8520028449830261,0.0,0.0,0.0,0.0,1.0,0.8,0.005311394434722616,0.0,0.5712342454177454,0.8047767705052268,0.5349114194478473,0.583263784427954,0.49800624361219525,0.3374425674644477
v7-pilots-humanitarian-large-high-high-high-random_geometric-private_fragmented-771105-always_act-always_on,humanitarian,large,high,high,high,random_geometric,private_fragmented,always_on,771105,always_act,85,HUM-38-depot,H24,release_emergency_reserve,request_peer_evidence,send_targeted_summary,execute_autonomously,False,False,0.0,False,False,0.7414651963576174,0.06320880606667917,0.5637312137170636,0.13253847409112524,1.0,0.9692305316066978,0.9675451850680984,0.003990204984012591,0.0029763722244380286,0.0034754923935852444,0.015619804575541851,0.9960097950159874,0.5666666666666667,0.06613013922244448,-0.005845838322984354,0.5653074005434601,0.7414651963576174,0.5444799984223391,0.5946101710535572,0.4484908187583562,0.31231114459683124
v7-pilots-humanitarian-large-high-high-high-random_geometric-private_fragmented-771105-always_act-always_on,humanitarian,large,high,high,high,random_geometric,private_fragmented,always_on,771105,always_act,85,HUM-39-hub,H27,release_emergency_reserve,request_peer_evidence,send_targeted_summary,execute_autonomously,False,False,0.0,False,False,0.7379496707337185,0.05355695696539109,1.0,0.8555588945884547,1.0,0.974283592223808,0.974283592223808,0.0,0.0,0.0,0.0,1.0,0.8,0.0070414397655055305,0.0,0.7376370227506934,0.7379496707337185,0.5387507663494394,0.5893051966394012,0.4699388617081618,0.4132929751560558
v7-pilots-humanitarian-large-high-high-high-random_geometric-private_fragmented-771105-always_act-always_on,humanitarian,large,high,high,high,random_geometric,private_fragmented,always_on,771105,always_act,85,HUM-40-ngo,H20,release_emergency_reserve,request_peer_evidence,send_targeted_summary,execute_autonomously,False,False,0.0,False,False,0.6210009719832498,0.23741505710528543,0.7785779940577648,0.4663679719473391,1.0,0.9256104045727975,0.9258119303740469,0.0018850708402015082,0.0017403130615595286,0.001013501750232626,0.011610359819958616,0.9981149291597985,0.7916666666666666,0.01598934276639352,-0.0025427585227520977,0.6044686437416663,0.6210009719832498,0.4824420891127814,0.5311264315596056,0.4368014884926353,0.34280558509886183
v7-pilots-humanitarian-large-high-high-high-random_geometric-private_fragmented-771105-always_act-always_on,humanitarian,large,high,high,high,random_geometric,private_fragmented,always_on,771105,always_act,85,HUM-41-transport,H23,no_operational_action,request_peer_evidence,send_targeted_summary,execute_autonomously,False,False,0.0,False,False,0.8392940034156114,0.22395955504868836,0.9760042415347971,0.7709447811858356,1.0,0.913776139825041,0.9175889570847998,0.0038975538323647863,0.003127761754207703,0.002812643906343504,0.023565646029174325,0.9961024461676352,0.7916666666666666,-0.011176701458185279,-0.0003140093703396518,0.7517867086459085,0.8392940034156114,0.5696182116878156,0.6182370102867236,0.5466565967322351,0.4510694566340097
v7-pilots-humanitarian-large-high-high-high-random_geometric-private_fragmented-771105-always_act-always_on,humanitarian,large,high,high,high,random_geometric,private_fragmented,always_on,771105,always_act,85,HUM-42-local_authority,H26,no_operational_action,request_peer_evidence,send_targeted_summary,execute_autonomously,False,False,0.0,False,False,0.6593562723253239,0.1375662044176935,0.775726377388602,0.46047685750091316,1.0,0.9229705377783065,0.9346857231962731,0.016949788704380464,0.012459888886810933,0.01459950460978865,0.06182554405153129,0.9830502112956195,0.5666666666666667,0.013715953110967516,0.014658073263135174,0.6160955783908293,0.6593562723253239,0.5182148475608388,0.5646755345509811,0.4842377946682969,0.3861501474302098
v7-pilots-humanitarian-large-high-high-high-random_geometric-private_fragmented-771105-always_act-always_on,humanitarian,large,high,high,high,random_geometric,private_fragmented,always_on,771105,always_act,85,HUM-43-assessment,H29,allocate_shipment,request_peer_evidence,send_targeted_summary,execute_autonomously,False,False,0.0,False,False,0.8510178248101274,0.2271981788966368,0.910945711462454,0.6698813223335695,1.0,0.9252208823614979,0.9252208823614979,0.0,0.0,0.0,0.0,1.0,0.8,0.10978100937794821,0.0,0.7315175777955,0.8510178248101274,0.5717123505144255,0.620730043169545,0.5174274864202535,0.422670749626864
v7-pilots-humanitarian-large-high-high-high-random_geometric-private_fragmented-771105-always_act-always_on,humanitarian,large,high,high,high,random_geometric,private_fragmented,always_on,771105,always_act,85,HUM-44-clinic,H22,no_operational_action,request_peer_evidence,send_targeted_summary,execute_autonomously,False,False,0.0,False,False,0.8128117989756738,0.1371202305274099,0.6726165324945066,0.30051944839523,1.0,0.9186079387522699,0.9186079387522699,0.0,0.0,0.0,0.0,1.0,0.8,0.04949273609135918,0.0,0.6298806792665843,0.8128117989756738,0.554776704278337,0.6078650642110855,0.501380955569783,0.3676496375206163
v7-pilots-humanitarian-large-high-high-high-random_geometric-private_fragmented-771105-always_act-always_on,humanitarian,large,high,high,high,random_geometric,private_fragmented,always_on,771105,always_act,85,HUM-45-shelter,H25,cancel_risky_dispatch,request_peer_evidence,send_targeted_summary,execute_autonomously,True,False,0.0,False,False,0.8607131383960296,0.30584381118925164,1.0,0.8840820336578978,1.0,0.8725597044292666,0.8751970898993364,0.0012889621059880563,0.001092193619622095,0.0008463890774242921,0.006401741815910911,0.9987110378940119,0.725,-0.01897661939779105,-0.006123472633776328,0.7862221551325456,0.8607131383960296,0.5642297284141118,0.611187512100599,0.516230165686517,0.4471293338546636
v7-pilots-humanitarian-large-high-high-high-random_geometric-private_fragmented-771105-always_act-always_on,humanitarian,large,high,high,high,random_geometric,private_fragmented,always_on,771105,always_act,85,HUM-46-depot,H28,release_emergency_reserve,request_peer_evidence,send_targeted_summary,execute_autonomously,False,False,0.0,False,False,0.7446538456456601,0.019692722675000662,0.8863732904768686,0.632308575612848,1.0,0.935532229225684,0.935532229225684,0.0,0.0,0.0,0.0,1.0,0.8,0.000285763852751475,0.0,0.6863363656666079,0.7446538456456601,0.5317445955646851,0.5856721845900674,0.47275461517117723,0.3883801058543266
v7-pilots-humanitarian-large-high-high-high-random_geometric-private_fragmented-771105-always_act-always_on,humanitarian,large,high,high,high,random_geometric,private_fragmented,always_on,771105,always_act,85,HUM-47-hub,H21,release_emergency_reserve,request_peer_evidence,send_targeted_summary,execute_autonomously,False,False,0.0,False,False,0.5117610576191699,0.30405392936968334,0.7696977225326843,0.4516604826409549,1.0,0.825652292318461,0.825652292318461,0.0,0.0,0.0,0.0,1.0,0.8,-0.08264914981997984,0.0,0.563797275424347,0.5117610576191699,0.4111174961272832,0.4569009395885226,0.3749396442000514,0.3014923540502822
v7-pilots-humanitarian-large-high-high-high-random_geometric-private_fragmented-771105-always_act-always_on,humanitarian,large,high,high,high,random_geometric,private_fragmented,always_on,771105,always_act,85,HUM-48-ngo,H24,release_emergency_reserve,request_peer_evidence,send_targeted_summary,execute_autonomously,False,False,0.0,False,False,0.647760712329116,0.07164646914118228,0.7804663258308492,0.46847789786749294,1.0,0.8503370164212477,0.8626333431914173,0.0071346695389092885,0.006742329162637284,0.004390625227382761,0.011987203434518135,0.9928653304610907,0.3875,-0.0896650358866713,-0.013854163149740084,0.6140733376800978,0.647760712329116,0.4816770763914314,0.5382522110232857,0.3677800483986963,0.30298570678641057
v7-pilots-humanitarian-large-high-high-high-random_geometric-private_fragmented-771105-always_act-always_on,humanitarian,large,high,high,high,random_geometric,private_fragmented,always_on,771105,always_act,85,HUM-49-transport,H27,redirect_vehicle,request_peer_evidence,send_targeted_summary,execute_autonomously,False,False,0.0,False,False,0.7781978050106352,0.03907265694712403,0.8279750900973857,0.5417850367484512,1.0,0.8797575178924558,0.8797575178924558,0.0,0.0,0.0,0.0,1.0,0.8,-0.05782943395268647,0.0,0.6760156625232443,0.7781978050106352,0.531218501477368,0.5871820347787289,0.4868430781044668,0.386909589812792
v7-pilots-humanitarian-large-high-high-high-random_geometric-private_fragmented-771105-always_act-always_on,humanitarian,large,high,high,high,random_geometric,private_fragmented,always_on,771105,always_act,85,HUM-50-local_authority,H20,release_emergency_reserve,request_peer_evidence,send_targeted_summary,execute_autonomously,False,False,0.0,False,False,0.6377908636787369,0.13671541098226528,0.8569668551082152,0.5878707065755372,1.0,0.8941033729998068,0.9035452845870278,0.007652126240813906,0.007358942098069088,0.003941101810913561,0.03123961589685209,0.9923478737591861,0.7916666666666666,0.0019174940804651541,0.0034041200941296035,0.6393378632288995,0.6377908636787369,0.48935516545858593,0.5425763800120815,0.47368971224161804,0.3839721757807377
v7-pilots-humanitarian-large-high-high-high-random_geometric-private_fragmented-771105-always_act-always_on,humanitarian,large,high,high,high,random_geometric,private_fragmented,always_on,771105,always_act,85,HUM-51-assessment,H23,no_operational_action,request_peer_evidence,send_targeted_summary,execute_autonomously,False,False,0.0,False,False,0.8497410224023714,0.1658450530370725,0.8705617664712421,0.6075089448373253,1.0,0.9335465158177414,0.9335465158177414,0.0,0.0,0.0,0.0,1.0,0.8333333333333334,-0.019642925118608323,0.0,0.7161140943777643,0.8497410224023714,0.5732830379153839,0.6237935161201612,0.5235578960756626,0.4191618929864764
v7-pilots-humanitarian-large-high-high-high-random_geometric-private_fragmented-771105-always_act-always_on,humanitarian,large,high,high,high,random_geometric,private_fragmented,always_on,771105,always_act,90,HUM-00-ngo,H00,no_operational_action,request_peer_evidence,send_targeted_summary,execute_autonomously,False,False,0.0,False,False,0.6590430947163936,0.1395709242723555,0.007888107490572848,0.012226566610387915,0.0,0.9249310502898515,0.9316312253097541,0.009629542092932875,0.00755518351710982,0.007743167178277499,0.05711587613685354,0.9903704579070671,0.7916666666666666,-0.02931277015098077,0.009281627105954815,0.2884090281900669,0.6590430947163936,0.5083313593891263,0.5578857227489495,0.521947564842236,0.3467991183228011
v7-pilots-humanitarian-large-high-high-high-random_geometric-private_fragmented-771105-always_act-always_on,humanitarian,large,high,high,high,random_geometric,private_fragmented,always_on,771105,always_act,90,HUM-01-transport,H03,no_operational_action,request_peer_evidence,send_targeted_summary,execute_autonomously,False,False,0.0,False,False,0.6273422593293193,0.13168367300238254,0.0,0.0,0.0,0.8879843444542975,0.8879843444542975,0.0,0.0,0.0,0.0,1.0,0.8333333333333334,-0.055574299535085636,0.0,0.2746963681719686,0.6273422593293193,0.4729329898453021,0.5250256095810653,0.4301504155849808,0.2839891659455428
v7-pilots-humanitarian-large-high-high-high-random_geometric-private_fragmented-771105-always_act-always_on,humanitarian,large,high,high,high,random_geometric,private_fragmented,always_on,771105,always_act,90,HUM-02-local_authority,H06,no_operational_action,request_peer_evidence,send_targeted_summary,execute_autonomously,False,False,0.0,False,False,0.6063150770608199,0.2249602646753918,0.0,0.0,0.0,0.8922619375812167,0.8951807056760548,0.0007198616346187903,0.0008741146284075851,0.0002849124190588137,0.003697239219563109,0.9992801383653812,0.725,0.026183990313874084,0.0005286044341109575,0.2675471262006788,0.6063150770608199,0.46659932150809846,0.5181982101693722,0.40527213597928025,0.2677410479673059
v7-pilots-humanitarian-large-high-high-high-random_geometric-private_fragmented-771105-always_act-always_on,humanitarian,large,high,high,high,random_geometric,private_fragmented,always_on,771105,always_act,90,HUM-03-assessment,H09,no_operational_action,request_peer_evidence,send_targeted_summary,execute_autonomously,False,False,0.0,False,False,0.6929729648067321,0.09859706440516125,0.1527483800932302,0.2367599891445068,0.0,0.946234343984791,0.951389273198214,0.004562994612296034,0.0034942960224807473,0.0034398212246263826,0.023151911854735308,0.995437005387704,0.725,0.03778305555464667,0.0014033361781961018,0.35383320542897057,0.6929729648067321,0.5201359643761051,0.5704048419371203,0.4712395512380251,0.3387796866214434
v7-pilots-humanitarian-large-high-high-high-random_geometric-private_fragmented-771105-always_act-always_on,humanitarian,large,high,high,high,random_geometric,private_fragmented,always_on,771105,always_act,90,HUM-04-clinic,H02,no_operational_action,request_peer_evidence,send_targeted_summary,execute_autonomously,False,False,0.0,False,False,0.6840049216236757,0.030217042939157723,0.06987989690968784,0.10831384021001615,0.0,0.89493345978811,0.89493345978811,0.0,0.0,0.0,0.0,1.0,0.8,0.054499138390101676,0.0,0.3199569950024536,0.6840049216236757,0.4973353335964978,0.5513695635159537,0.4472820670819438,0.3085190388798311
v7-pilots-humanitarian-large-high-high-high-random_geometric-private_fragmented-771105-always_act-always_on,humanitarian,large,high,high,high,random_geometric,private_fragmented,always_on,771105,always_act,90,HUM-05-shelter,H05,no_operational_action,request_peer_evidence,send_targeted_summary,execute_autonomously,False,False,0.0,False,False,0.5756035901665991,0.259534030968069,0.0,0.0,0.0,0.8666305577812206,0.8666305577812206,0.0,0.0,0.0,0.0,1.0,0.8,0.03586279867383202,0.0,0.2571052206566437,0.5756035901665991,0.4468990755119448,0.4976487740996566,0.40175350786997166,0.26516900524664777
v7-pilots-humanitarian-large-high-high-high-random_geometric-private_fragmented-771105-always_act-always_on,humanitarian,large,high,high,high,random_geometric,private_fragmented,always_on,771105,always_act,90,HUM-06-depot,H08,no_operational_action,request_peer_evidence,send_targeted_summary,execute_autonomously,False,False,0.0,False,False,0.589057645142706,0.24434003067865798,0.10696564981442076,0.16579675721235218,0.0,0.8761342772706677,0.8761342772706677,0.0,0.0,0.0,0.0,1.0,0.8,-0.0015000232452387907,0.0,0.3014708210794846,0.589057645142706,0.4546566273747493,0.5058442921514665,0.4074042109599365,0.28883175150543994
v7-pilots-humanitarian-large-high-high-high-random_geometric-private_fragmented-771105-always_act-always_on,humanitarian,large,high,high,high,random_geometric,private_fragmented,always_on,771105,always_act,90,HUM-07-hub,H01,no_operational_action,request_peer_evidence,send_targeted_summary,execute_autonomously,False,False,0.0,False,False,0.6540351075133164,0.16409368846452566,0.10300041376636107,0.15965064133785967,0.0,0.9399915349167224,0.9392978748992277,0.0012577459253581003,0.0010927450026048113,0.000773624624930358,0.007406526434993843,0.9987422540746419,0.725,0.035204274762041354,0.0011884405604277726,0.32208809047561393,0.6540351075133164,0.4983727710300085,0.5480375457578753,0.43095266533678356,0.3039674184190237
v7-pilots-humanitarian-large-high-high-high-random_geometric-private_fragmented-771105-always_act-always_on,humanitarian,large,high,high,high,random_geometric,private_fragmented,always_on,771105,always_act,90,HUM-08-ngo,H04,no_operational_action,request_peer_evidence,send_targeted_summary,execute_autonomously,False,False,0.0,False,False,0.666969697846348,0.08551732558448191,0.0,0.0,0.0,0.8976823936827208,0.9038453830300509,0.0044465252369322306,0.0041305944620730894,0.002520984672805149,0.023426480042184727,0.9955534747630678,0.725,0.016390013088596667,-0.0010508522512286955,0.2881696972677583,0.666969697846348,0.49743361289092447,0.5513861832641032,0.46073552275958696,0.3018708777833802
v7-pilots-humanitarian-large-high-high-high-random_geometric-private_fragmented-771105-always_act-always_on,humanitarian,large,high,high,high,random_geometric,private_fragmented,always_on,771105,always_act,90,HUM-09-transport,H07,no_operational_action,request_peer_evidence,send_targeted_summary,execute_autonomously,False,False,0.0,False,False,0.6003162673332301,0.2339878285249952,0.007079261370191546,0.010972855123796896,0.0,0.8919921681026209,0.9008912954976525,0.010668152432561695,0.007324986811793166,0.01048328809106569,0.05732617500282777,0.9893318475674383,0.725,-0.037431741352832115,0.00672492295610716,0.2681410161230095,0.6003162673332301,0.47805996236453363,0.5245283369831737,0.4842686182842548,0.32114205211697255
v7-pilots-humanitarian-large-high-high-high-random_geometric-private_fragmented-771105-always_act-always_on,humanitarian,large,high,high,high,random_geometric,private_fragmented,always_on,771105,always_act,90,HUM-10-local_authority,H00,cancel_risky_dispatch,request_peer_evidence,negotiate_commitment,execute_autonomously,True,False,0.0,False,False,0.6359891329158648,0.021500454352199716,0.0,0.0,0.0,0.834544606753941,0.8473232699647606,0.009152297207934534,0.007447898501533268,0.006935340246150168,0.05331605908773441,0.9908477027920655,0.7916666666666666,-0.04096013652435604,0.003190716292531426,0.27763630519139404,0.6359891329158648,0.47584502094593956,0.5275524983424845,0.5064891789713528,0.3306802351605863
v7-pilots-humanitarian-large-high-high-high-random_geometric-private_fragmented-771105-always_act-always_on,humanitarian,large,high,high,high,random_geometric,private_fragmented,always_on,771105,always_act,90,HUM-11-assessment,H03,cancel_risky_dispatch,request_peer_evidence,negotiate_commitment,execute_autonomously,True,False,0.0,False,False,0.6913647904491287,0.06104300661919626,0.0027732800181401725,0.0042985840281172675,0.0,0.9198426132362962,0.9235397613325442,0.003352876454763676,0.0027915658246725483,0.0022253869654167424,0.009457791949323521,0.9966471235452363,0.6666666666666666,0.007050312874451237,-0.010682136152215471,0.2974956889194519,0.6913647904491287,0.5112005965253946,0.5635737182661074,0.43808238908493913,0.2905983431135298
v7-pilots-humanitarian-large-high-high-high-random_geometric-private_fragmented-771105-always_act-always_on,humanitarian,large,high,high,high,random_geometric,private_fragmented,always_on,771105,always_act,90,HUM-12-clinic,H06,revise_delivery_priority,request_peer_evidence,negotiate_commitment,execute_autonomously,True,False,0.0,False,False,0.6707200038854191,0.015647567182556832,0.13604781666168542,0.21087411582561238,0.0,0.8489481058416087,0.8817575920147319,0.025795133890676003,0.020458871258290823,0.020806495378667966,0.0354575268674548,0.974204866109324,0.3875,-0.02444664767567295,0.009578036919965616,0.3400545891191895,0.6707200038854191,0.5166382154615162,0.5683127029663002,0.4130978424704073,0.32090113025826794
v7-pilots-humanitarian-large-high-high-high-random_geometric-private_fragmented-771105-always_act-always_on,humanitarian,large,high,high,high,random_geometric,private_fragmented,always_on,771105,always_act,90,HUM-13-shelter,H09,no_operational_action,request_peer_evidence,send_targeted_summary,execute_autonomously,False,False,0.0,False,False,0.5761207594321288,0.26330897054837255,0.0,0.0,0.0,0.88752845903571,0.88752845903571,0.0,0.0,0.0,0.0,1.0,0.8,-0.040185278965383486,0.0,0.2572810582069238,0.5761207594321288,0.452330418531779,0.500371551938063,0.4019707189614941,0.26531381264099607
v7-pilots-humanitarian-large-high-high-high-random_geometric-private_fragmented-771105-always_act-always_on,humanitarian,large,high,high,high,random_geometric,private_fragmented,always_on,771105,always_act,90,HUM-14-depot,H02,no_operational_action,request_peer_evidence,send_targeted_summary,execute_autonomously,False,False,0.0,False,False,0.5577679108376166,0.18812718990914884,0.28884539692332917,0.44771036523116026,0.0,0.8227913121055039,0.8327980471891682,0.005593549362837402,0.005555922999041396,0.00299048690448267,0.024343713571973513,0.9944064506371626,0.725,-0.13605393534789068,-0.0010107727495533014,0.35849157734026815,0.5577679108376166,0.436635961469395,0.48863866912564446,0.41626496718119865,0.32667427459189147
v7-pilots-humanitarian-large-high-high-high-random_geometric-private_fragmented-771105-always_act-always_on,humanitarian,large,high,high,high,random_geometric,private_fragmented,always_on,771105,always_act,90,HUM-15-hub,H05,no_operational_action,request_peer_evidence,send_targeted_summary,execute_autonomously,False,False,0.0,False,False,0.6130447631207202,0.15776913596521333,0.05529924034107019,0.0857138225286588,0.0,0.8556370573837171,0.8686180809191746,0.007027308112196984,0.006864832608386218,0.003946876419766654,0.030536300045624465,0.992972691887803,0.725,-0.10391867660128096,0.002821722554089745,0.290406536867923,0.6130447631207202,0.4689654009512932,0.5238151158016828,0.4488939765800517,0.30675187032509926
v7-pilots-humanitarian-large-high-high-high-random_geometric-private_fragmented-771105-always_act-always_on,humanitarian,large,high,high,high,random_geometric,private_fragmented,always_on,771105,always_act,90,HUM-16-ngo,H08,no_operational_action,request_peer_evidence,send_targeted_summary,execute_autonomously,False,False,0.0,False,False,0.6324895184638533,0.13375329728751792,0.0,0.0,0.0,0.897823501418081,0.897823501418081,0.0,0.0,0.0,0.0,1.0,0.8,-0.019073210497736803,0.0,0.2764464362777101,0.6324895184638533,0.47745168274006156,0.5289851077028986,0.4256455977548184,0.281097065169879
v7-pilots-humanitarian-large-high-high-high-random_geometric-private_fragmented-771105-always_act-always_on,humanitarian,large,high,high,high,random_geometric,private_fragmented,always_on,771105,always_act,90,HUM-17-transport,H01,redirect_vehicle,request_peer_evidence,send_targeted_summary,execute_autonomously,True,False,0.0,False,False,0.7932294103934746,0.016734548089868684,0.0,0.0,0.0,0.9873249351669615,0.9877418303635312,0.0041531918017315705,0.0031380550078732306,0.003242013910179198,0.024540345959574106,0.9958468081982684,0.725,0.08975754795276303,0.0040089411739813174,0.3310979995337814,0.7932294103934746,0.5699374664715544,0.619401030660444,0.5154576782238119,0.34119792782288627
v7-pilots-humanitarian-large-high-high-high-random_geometric-private_fragmented-771105-always_act-always_on,humanitarian,large,high,high,high,random_geometric,private_fragmented,always_on,771105,always_act,90,HUM-18-local_authority,H04,no_operational_action,request_peer_evidence,send_targeted_summary,execute_autonomously,False,False,0.0,False,False,0.7560745832082407,0.023121658739193862,0.0,0.0,0.0,0.955361215531032,0.9523491056082392,0.008518971936788411,0.007227967293142679,0.006188777759858044,0.01802268756479819,0.9914810280632116,0.3875,0.00668730156136399,-0.0051310150404610955,0.31846535829080186,0.7560745832082407,0.5531966978775581,0.6035267379066112,0.42244581004595433,0.2829136157500169
v7-pilots-humanitarian-large-high-high-high-random_geometric-private_fragmented-771105-always_act-always_on,humanitarian,large,high,high,high,random_geometric,private_fragmented,always_on,771105,always_act,90,HUM-19-assessment,H07,no_operational_action,request_peer_evidence,send_targeted_summary,execute_autonomously,False,False,0.0,False,False,0.6554029156640433,0.12922493403221863,0.0,0.0,0.0,0.9163427301666129,0.9240398789014752,0.006859221108134306,0.005664985127060929,0.004553668846836723,0.03858125204701712,0.9931407788918657,0.725,0.04932348648043283,-0.006316671965448051,0.28423699132577473,0.6554029156640433,0.5008497583586585,0.5514648682314829,0.4789127276903642,0.3118583175663767
v7-pilots-humanitarian-large-high-high-high-random_geometric-private_fragmented-771105-always_act-always_on,humanitarian,large,high,high,high,random_geometric,private_fragmented,always_on,771105,always_act,90,HUM-20-clinic,H00,no_operational_action,request_peer_evidence,send_targeted_summary,execute_autonomously,False,False,0.0,False,False,0.6670559261954301,0.13457681853614437,0.0,0.0,0.0,0.9205383051260616,0.9298206472768121,0.007061631694185833,0.0070118516212486215,0.0034672595351249447,0.02920272946141922,0.9929383683058142,0.7916666666666666,0.012638186147275965,0.0069357043098151605,0.2881990149064462,0.6670559261954301,0.5068432311315476,0.5603949358921922,0.48288497111677114,0.3224402566827272
v7-pilots-humanitarian-large-high-high-high-random_geometric-private_fragmented-771105-always_act-always_on,humanitarian,large,high,high,high,random_geometric,private_fragmented,always_on,771105,always_act,90,HUM-21-shelter,H03,no_operational_action,request_peer_evidence,send_targeted_summary,execute_autonomously,False,False,0.0,False,False,0.5494917850073144,0.22121352376455278,0.01032838747248994,0.016009000582359406,0.0,0.8351182865959337,0.8351182865959337,0.0,0.0,0.0,0.0,1.0,0.8333333333333334,-0.05347379198955027,0.0,0.2520693670422532,0.5494917850073144,0.4285762856519092,0.4780131663827312,0.39745321636973874,0.2641121132052645
v7-pilots-humanitarian-large-high-high-high-random_geometric-private_fragmented-771105-always_act-always_on,humanitarian,large,high,high,high,random_geometric,private_fragmented,always_on,771105,always_act,90,HUM-22-depot,H06,no_operational_action,request_peer_evidence,send_targeted_summary,execute_autonomously,False,False,0.0,False,False,0.5358727836697025,0.25985752392471567,0.00966008487283465,0.014973131552893707,0.0,0.8402129678926725,0.8646692707592548,0.018972725670799884,0.01567011780848704,0.013233946122713558,0.02799554478772969,0.9810272743292001,0.2,-0.07945002609295171,0.013983667239845343,0.24719029802039333,0.5358727836697025,0.4509641713801689,0.4953296359793443,0.3076197972186242,0.2263158508442208
v7-pilots-humanitarian-large-high-high-high-random_geometric-private_fragmented-771105-always_act-always_on,humanitarian,large,high,high,high,random_geometric,private_fragmented,always_on,771105,always_act,90,HUM-23-hub,H09,redirect_vehicle,request_peer_evidence,send_targeted_summary,execute_autonomously,True,False,0.0,False,False,0.6792749263535857,0.0759839547933476,0.0,0.0,0.0,0.8805689627546937,0.8805689627546937,0.0,0.0,0.0,0.0,1.0,0.8,-0.04448246512986698,0.0,0.29235347496021913,0.6792749263535857,0.4918522112301077,0.54930285941921,0.445295469068506,0.294196979379004
v7-pilots-humanitarian-large-high-high-high-random_geometric-private_fragmented-771105-always_act-always_on,humanitarian,large,high,high,high,random_geometric,private_fragmented,always_on,771105,always_act,90,HUM-24-ngo,H02,allocate_shipment,request_peer_evidence,send_targeted_summary,execute_autonomously,True,False,0.0,False,False,0.7132161311871832,0.06001272385593845,0.41498296993221684,0.6432236033949361,0.0,0.9445985680942639,0.9445985680942639,0.0,0.0,0.0,0.0,1.0,0.8,0.05584373540159038,0.0,0.45826714941842694,0.7132161311871832,0.5214360944984393,0.5736153620472496,0.45955077509861697,0.3808873491398036
v7-pilots-humanitarian-large-high-high-high-random_geometric-private_fragmented-771105-always_act-always_on,humanitarian,large,high,high,high,random_geometric,private_fragmented,always_on,771105,always_act,90,HUM-25-transport,H05,no_operational_action,request_peer_evidence,send_targeted_summary,execute_autonomously,False,False,0.0,False,False,0.6168251494037703,0.18350742898676048,0.0461050907914848,0.07146289072680145,0.0,0.8842288708720376,0.8910469926453226,0.0020667380969429106,0.001985428581452564,0.0013378248200944798,0.009322387712763058,0.9979332619030571,0.725,-0.08333117578091354,-0.00019000491704479483,0.2882716445717143,0.6168251494037703,0.4706807108152376,0.5230879562182025,0.41823659207298336,0.2841696786142072
v7-pilots-humanitarian-large-high-high-high-random_geometric-private_fragmented-771105-always_act-always_on,humanitarian,large,high,high,high,random_geometric,private_fragmented,always_on,771105,always_act,90,HUM-26-local_authority,H08,no_operational_action,request_peer_evidence,send_targeted_summary,execute_autonomously,False,False,0.0,False,False,0.7193982655762927,0.01836549426494677,0.10621135301731595,0.16462759717683972,0.0,0.940265756188735,0.940265756188735,0.0,0.0,0.0,0.0,1.0,0.8,0.02528002666036888,0.0,0.34550603361838106,0.7193982655762927,0.5228257452777009,0.5747216572992425,0.46214727154204294,0.32518682602258275
v7-pilots-humanitarian-large-high-high-high-random_geometric-private_fragmented-771105-always_act-always_on,humanitarian,large,high,high,high,random_geometric,private_fragmented,always_on,771105,always_act,90,HUM-27-assessment,H01,no_operational_action,request_peer_evidence,send_targeted_summary,execute_autonomously,False,False,0.0,False,False,0.6820611516340513,0.11892282437324739,0.0,0.0,0.0,0.9379063420613295,0.9379063420613295,0.0,0.0,0.0,0.0,1.0,0.8,0.020921242617987335,0.0,0.2933007915555775,0.6820611516340513,0.5073010461689529,0.5590027828074966,0.4464656836863016,0.2949771224575344
v7-pilots-humanitarian-large-high-high-high-random_geometric-private_fragmented-771105-always_act-always_on,humanitarian,large,high,high,high,random_geometric,private_fragmented,always_on,771105,always_act,90,HUM-28-clinic,H04,revise_delivery_priority,request_peer_evidence,send_targeted_summary,execute_autonomously,True,False,0.0,False,False,0.6618485466609236,0.07163643540084325,0.0,0.0,0.0,0.8730288638728549,0.887854405102766,0.01952200257887493,0.016455782632390004,0.01453547616482509,0.10381829746041858,0.9804779974211251,0.725,-0.017692397702055995,0.019300116574157644,0.286428505864714,0.6618485466609236,0.5103274382430081,0.5631459545184879,0.5807802017374242,0.3883564009037458
v7-pilots-humanitarian-large-high-high-high-random_geometric-private_fragmented-771105-always_act-always_on,humanitarian,large,high,high,high,random_geometric,private_fragmented,always_on,771105,always_act,90,HUM-29-shelter,H07,no_operational_action,request_peer_evidence,send_targeted_summary,execute_autonomously,False,False,0.0,False,False,0.6709089435256583,0.08433459938029969,0.0,0.0,0.0,0.9179316434297575,0.9179316434297577,2.220446049250313e-16,0.0,0.0,0.0,0.9999999999999998,0.8,-0.020257583383188504,2.220446049250313e-16,0.28950904079872386,0.6709089435256583,0.49784648826770306,0.5499526928938407,0.44178175628077654,0.29185450418718456
v7-pilots-humanitarian-large-high-high-high-random_geometric-private_fragmented-771105-always_act-always_on,humanitarian,large,high,high,high,random_geometric,private_fragmented,always_on,771105,always_act,90,HUM-30-depot,H00,no_operational_action,request_peer_evidence,send_targeted_summary,execute_autonomously,False,False,0.0,False,False,0.6382168950785925,0.1563741573971733,0.3628398861756467,0.5624018235722524,0.0,0.8947287468657027,0.9032583576062894,0.00580581057536067,0.0056808046734286854,0.003307401702400292,0.03383408700388879,0.9941941894246393,0.7916666666666666,0.049947013855117794,0.00541944983835374,0.41337018198406206,0.6382168950785925,0.4870970795533676,0.5412764142685831,0.47781224151225316,0.3831142145962033
v7-pilots-humanitarian-large-high-high-high-random_geometric-private_fragmented-771105-always_act-always_on,humanitarian,large,high,high,high,random_geometric,private_fragmented,always_on,771105,always_act,90,HUM-31-hub,H03,no_operational_action,request_peer_evidence,send_targeted_summary,execute_autonomously,False,False,0.0,False,False,0.7014767190272829,0.10650156792518478,0.41912432556852,0.649642704631206,0.0,0.945552611170548,0.9548682828865039,0.011192209935140363,0.009481977336798564,0.0070245860496717105,0.05570415255317662,0.9888077900648596,0.7916666666666666,0.02160419026645688,0.008921949324581457,0.4558163335807657,0.7014767190272829,0.5326479343127466,0.5832508810330354,0.5376238672056206,0.43467570563123004
v7-pilots-humanitarian-large-high-high-high-random_geometric-private_fragmented-771105-always_act-always_on,humanitarian,large,high,high,high,random_geometric,private_fragmented,always_on,771105,always_act,90,HUM-32-ngo,H06,allocate_shipment,request_peer_evidence,send_targeted_summary,execute_autonomously,True,False,0.0,False,False,0.6981881191341047,0.02784027849924986,0.1655748244334326,0.25664097787182055,0.0,0.9201770309347734,0.9275746250004552,0.007787491786346079,0.006259213696389709,0.005666116028388846,0.019691610358308232,0.9922125082136539,0.5666666666666667,0.06514872265513272,0.007474302136911359,0.3603777951948326,0.6981881191341047,0.5202219938882198,0.5711485287638236,0.4365035911142858,0.3272700767966581
v7-pilots-humanitarian-large-high-high-high-random_geometric-private_fragmented-771105-always_act-always_on,humanitarian,large,high,high,high,random_geometric,private_fragmented,always_on,771105,always_act,90,HUM-33-transport,H09,no_operational_action,request_peer_evidence,send_targeted_summary,execute_autonomously,False,False,0.0,False,False,0.6523986979297921,0.12225821733283773,0.29228299733772156,0.4530386458734684,0.0,0.9153590944601784,0.9238265760598386,0.008830120961519583,0.00703482052455251,0.006574034057671763,0.042555868296238246,0.9911698790384804,0.725,-0.037583235397336434,0.004587393543670548,0.39194483230576177,0.6523986979297921,0.5021614221330889,0.5518532971687347,0.4836923729407948,0.37390114854119805
v7-pilots-humanitarian-large-high-high-high-random_geometric-private_fragmented-771105-always_act-always_on,humanitarian,large,high,high,high,random_geometric,private_fragmented,always_on,771105,always_act,90,HUM-34-local_authority,H02,no_operational_action,request_peer_evidence,send_targeted_summary,execute_autonomously,False,False,0.0,False,False,0.6156368469621516,0.17049037827890523,0.0,0.0,0.0,0.873104367659383,0.8885426267434848,0.010400316515707386,0.008756548219050031,0.007299809568942051,0.045941386144887075,0.9895996834842926,0.725,-0.015570670043876245,0.008810101764746836,0.2707165279671316,0.6156368469621516,0.47909127382169675,0.5305509456299102,0.473398382664332,0.3164164291986037
v7-pilots-humanitarian-large-high-high-high-random_geometric-private_fragmented-771105-always_act-always_on,humanitarian,large,high,high,high,random_geometric,private_fragmented,always_on,771105,always_act,90,HUM-35-assessment,H05,cancel_risky_dispatch,request_peer_evidence,send_targeted_summary,execute_autonomously,True,False,0.0,False,False,0.6029392990199165,0.1558268969961661,0.14963199123974785,0.23192958642160916,0.0,0.8608927067691512,0.8723120148964774,0.009793843852259343,0.00786435859053436,0.007838286607355527,0.060190278488760574,0.9902061561477407,0.725,-0.009047296831691143,0.006021512788963235,0.32206246240795783,0.6029392990199165,0.4701102776934175,0.520821517974269,0.489723728891281,0.34857790516252013
v7-pilots-humanitarian-large-high-high-high-random_geometric-private_fragmented-771105-always_act-always_on,humanitarian,large,high,high,high,random_geometric,private_fragmented,always_on,771105,always_act,90,HUM-36-clinic,H08,revise_delivery_priority,request_peer_evidence,send_targeted_summary,execute_autonomously,True,False,0.0,False,False,0.6718194019669896,0.14393902640758643,0.40475277964473577,0.6273668084493405,0.0,0.93953295774167,0.93953295774167,0.0,0.0,0.0,0.0,1.0,0.8,0.04841028010325632,0.0,0.4403866306966182,0.6718194019669896,0.5036110002222134,0.5546263084621869,0.4421641488261357,0.367393449564678
v7-pilots-humanitarian-large-high-high-high-random_geometric-private_fragmented-771105-always_act-always_on,humanitarian,large,high,high,high,random_geometric,private_fragmented,always_on,771105,always_act,90,HUM-37-shelter,H01,no_operational_action,request_peer_evidence,send_targeted_summary,execute_autonomously,False,False,0.0,False,False,0.6240497111087208,0.1581100060290334,0.05038457929664483,0.07809609790979949,0.0,0.8497651667137783,0.8497651667137783,0.0,0.0,0.0,0.0,1.0,0.8,0.1370050451617164,0.0,0.29231996527531695,0.6240497111087208,0.46206117612193287,0.5197627840732253,0.42210087866566276,0.2881054508596178
v7-pilots-humanitarian-large-high-high-high-random_geometric-private_fragmented-771105-always_act-always_on,humanitarian,large,high,high,high,random_geometric,private_fragmented,always_on,771105,always_act,90,HUM-38-depot,H04,no_operational_action,request_peer_evidence,send_targeted_summary,execute_autonomously,False,False,0.0,False,False,0.7162158998908759,0.05007379980747667,0.0,0.0,0.0,0.9509921447179385,0.9513629982202196,0.009663874823400698,0.008213195380048055,0.006678441195268725,0.030046638316839264,0.9903361251765993,0.5666666666666667,0.02573211884172355,0.0037015726997023934,0.3049134059628978,0.7162158998908759,0.537763820888596,0.5879776093466188,0.4598149015290968,0.30766424517059104
v7-pilots-humanitarian-large-high-high-high-random_geometric-private_fragmented-771105-always_act-always_on,humanitarian,large,high,high,high,random_geometric,private_fragmented,always_on,771105,always_act,90,HUM-39-hub,H07,no_operational_action,request_peer_evidence,send_targeted_summary,execute_autonomously,False,False,0.0,False,False,0.6776304320971234,0.02974793202092474,0.17397827226547302,0.2696663220114832,0.0,0.8979670160684332,0.8979670160684332,0.0,0.0,0.0,0.0,1.0,0.8,-0.032939161439242026,0.0,0.3565142641957779,0.6776304320971234,0.49554392685595766,0.5482967152921813,0.44460478148079186,0.3260964796285726
v7-pilots-humanitarian-large-high-high-high-random_geometric-private_fragmented-771105-always_act-always_on,humanitarian,large,high,high,high,random_geometric,private_fragmented,always_on,771105,always_act,90,HUM-40-ngo,H00,no_operational_action,request_peer_evidence,send_targeted_summary,execute_autonomously,False,False,0.0,False,False,0.668678305155131,0.13591121320526556,0.0,0.0,0.0,0.9425547262290169,0.9428274128841271,0.0015962537319044179,0.0014561419001066778,0.0008612359528995528,0.00836053143037685,0.9984037462680956,0.7916666666666666,-0.02043973301688229,0.0014421488223869128,0.2887506237527446,0.668678305155131,0.5053447588439729,0.5556957660754956,0.45188622927266114,0.29873383508366225
v7-pilots-humanitarian-large-high-high-high-random_geometric-private_fragmented-771105-always_act-always_on,humanitarian,large,high,high,high,random_geometric,private_fragmented,always_on,771105,always_act,90,HUM-41-transport,H03,allocate_shipment,request_peer_evidence,send_targeted_summary,execute_autonomously,True,False,0.0,False,False,0.6413920093440959,0.08294981887500447,0.11332170356467376,0.17564864052524434,0.0,0.8656570531246343,0.870384414648673,0.0028405854454709445,0.0023456838835934635,0.002179754996204486,0.015230783201511167,0.997159414554529,0.7916666666666666,-0.04962888499893625,-0.0018686286474942637,0.32162895690305127,0.6413920093440959,0.4769478866424563,0.5311943435903832,0.4508687677241506,0.31727441904374537
v7-pilots-humanitarian-large-high-high-high-random_geometric-private_fragmented-771105-always_act-always_on,humanitarian,large,high,high,high,random_geometric,private_fragmented,always_on,771105,always_act,90,HUM-42-local_authority,H06,no_operational_action,request_peer_evidence,send_targeted_summary,execute_autonomously,False,False,0.0,False,False,0.6659078191009377,0.1179167481561004,0.336622334492775,0.5217646184638013,0.0,0.9120333406800123,0.9176756480295891,0.005371259376870108,0.004598016589093201,0.0033601937827664186,0.019379890899890725,0.9946287406231299,0.5666666666666667,0.012923046468373944,-0.0007624310789737798,0.41303216692563116,0.6659078191009377,0.5018912259379963,0.5547312340930748,0.42247205152356104,0.341507304778131
v7-pilots-humanitarian-large-high-high-high-random_geometric-private_fragmented-771105-always_act-always_on,humanitarian,large,high,high,high,random_geometric,private_fragmented,always_on,771105,always_act,90,HUM-43-assessment,H09,no_operational_action,request_peer_evidence,send_targeted_summary,execute_autonomously,False,False,0.0,False,False,0.5385121847271057,0.21906208454873716,0.0,0.0,0.0,0.8177708684611041,0.8177708684611041,0.0,0.0,0.0,0.0,1.0,0.8,-0.1738790508881466,0.0,0.24449414280721593,0.5385121847271057,0.41984759100611835,0.46935564879797703,0.3861751175853844,0.25478341172358965
v7-pilots-humanitarian-large-high-high-high-random_geometric-private_fragmented-771105-always_act-always_on,humanitarian,large,high,high,high,random_geometric,private_fragmented,always_on,771105,always_act,90,HUM-44-clinic,H02,no_operational_action,request_peer_evidence,send_targeted_summary,execute_autonomously,False,False,0.0,False,False,0.5481394715317986,0.2998560380019402,0.0,0.0,0.0,0.8650462706894676,0.8650462706894676,0.0,0.0,0.0,0.0,1.0,0.8,-0.03549177441272289,0.0,0.24776742032081156,0.5481394715317986,0.43551735628508637,0.482488325097172,0.39021857804335547,0.25747905202890364
v7-pilots-humanitarian-large-high-high-high-random_geometric-private_fragmented-771105-always_act-always_on,humanitarian,large,high,high,high,random_geometric,private_fragmented,always_on,771105,always_act,90,HUM-45-shelter,H05,no_operational_action,request_peer_evidence,send_targeted_summary,execute_autonomously,False,False,0.0,False,False,0.5660345259633903,0.2644163494925673,0.10561256660243525,0.16369947823377462,0.0,0.8661539535006311,0.8693540515892461,0.002647785745932607,0.002100498676488205,0.002150182964170133,0.013687824085367839,0.9973522142540674,0.725,-0.03571470602815874,-0.005820798327660137,0.29313961360365864,0.5660345259633903,0.4466591988048195,0.4955088573709242,0.4035399935143831,0.28480127456224485
v7-pilots-humanitarian-large-high-high-high-random_geometric-private_fragmented-771105-always_act-always_on,humanitarian,large,high,high,high,random_geometric,private_fragmented,always_on,771105,always_act,90,HUM-46-depot,H08,no_operational_action,request_peer_evidence,send_targeted_summary,execute_autonomously,False,False,0.0,False,False,0.6093403788421986,0.11968431316064038,0.0,0.0,0.0,0.8532406073976598,0.8532406073976598,0.0,0.0,0.0,0.0,1.0,0.8,-0.11733381940845333,0.0,0.26857572880634756,0.6093403788421986,0.4570463033862944,0.5102628306899496,0.41592295911372346,0.27461530607581564
v7-pilots-humanitarian-large-high-high-high-random_geometric-private_fragmented-771105-always_act-always_on,humanitarian,large,high,high,high,random_geometric,private_fragmented,always_on,771105,always_act,90,HUM-47-hub,H01,no_operational_action,request_peer_evidence,send_targeted_summary,execute_autonomously,False,False,0.0,False,False,0.5071697425479996,0.33907157760984863,0.10724298320639275,0.16622662396990878,0.0,0.8239758294439646,0.8239758294439646,0.0,0.0,0.0,0.0,1.0,0.8,-0.047448892972139056,0.0,0.273732102219098,0.5071697425479996,0.408861854380191,0.45461033384053806,0.37301129187015986,0.26595472278982896
v7-pilots-humanitarian-large-high-high-high-random_geometric-private_fragmented-771105-always_act-always_on,humanitarian,large,high,high,high,random_geometric,private_fragmented,always_on,771105,always_act,90,HUM-48-ngo,H04,cancel_risky_dispatch,request_peer_evidence,send_targeted_summary,execute_autonomously,True,False,0.0,False,False,0.6244514142488186,0.11442531767816078,0.0,0.0,0.0,0.8817613129279704,0.9036469838208929,0.017181324502327233,0.013334634133708057,0.013880414961385146,0.034037370983724204,0.9828186754976728,0.3875,0.09993862604878667,0.006052248867317256,0.27371348084459834,0.6244514142488186,0.4942747482347782,0.5418751098996237,0.3915063978797646,0.27072087274187
v7-pilots-humanitarian-large-high-high-high-random_geometric-private_fragmented-771105-always_act-always_on,humanitarian,large,high,high,high,random_geometric,private_fragmented,always_on,771105,always_act,90,HUM-49-transport,H07,no_operational_action,request_peer_evidence,send_targeted_summary,execute_autonomously,False,False,0.0,False,False,0.5445202256172894,0.2988496954472458,0.0,0.0,0.0,0.8585141965470836,0.8585141965470836,0.0,0.0,0.0,0.0,1.0,0.8,0.006150870183703194,0.0,0.2465368767098784,0.5445202256172894,0.4324366393836867,0.4796853885133506,0.38869849475926155,0.25646566317284103
v7-pilots-humanitarian-large-high-high-high-random_geometric-private_fragmented-771105-always_act-always_on,humanitarian,large,high,high,high,random_geometric,private_fragmented,always_on,771105,always_act,90,HUM-50-local_authority,H00,no_operational_action,request_peer_evidence,send_targeted_summary,execute_autonomously,False,False,0.0,False,False,0.6484893068288538,0.11514326119244545,0.0,0.0,0.0,0.892669567745462,0.8986717125528049,0.006582804346640825,0.006951396869402715,0.0029435112061879654,0.030495391140808903,0.9934171956533592,0.7916666666666666,-0.00928931225243479,0.001870484344222989,0.2818863643218103,0.6484893068288538,0.49177904075320417,0.5468488311339954,0.4770518367354814,0.3136943842569594
v7-pilots-humanitarian-large-high-high-high-random_geometric-private_fragmented-771105-always_act-always_on,humanitarian,large,high,high,high,random_geometric,private_fragmented,always_on,771105,always_act,90,HUM-51-assessment,H03,no_operational_action,request_peer_evidence,send_targeted_summary,execute_autonomously,False,False,0.0,False,False,0.668977932709231,0.04228086196283615,0.0,0.0,0.0,0.8783593476562196,0.8783593476562196,0.0,0.0,0.0,0.0,1.0,0.8333333333333334,-0.07251552643482029,0.0,0.28885249712113853,0.668977932709231,0.48718100999774727,0.5419547321855818,0.4476373984045437,0.29564715449191803
v7-pilots-humanitarian-large-high-high-high-random_geometric-private_fragmented-771105-always_act-always_on,humanitarian,large,high,high,high,random_geometric,private_fragmented,always_on,771105,always_act,95,HUM-00-ngo,H10,release_emergency_reserve,request_peer_evidence,negotiate_commitment,execute_autonomously,False,False,0.0,False,False,0.5961776131863845,0.21740636157353305,0.5466822565608219,0.10549453616849852,1.0,0.8871295282862247,0.8902797371020008,0.003659896656187378,0.003492167656116041,0.0017489428500917503,0.02228247348747736,0.9963401033438126,0.7916666666666666,-0.030792013572200516,0.0009720248308043855,0.5094190771638104,0.5961776131863845,0.4653772826647723,0.5156820338737221,0.4425972905725804,0.30253221492523347
v7-pilots-humanitarian-large-high-high-high-random_geometric-private_fragmented-771105-always_act-always_on,humanitarian,large,high,high,high,random_geometric,private_fragmented,always_on,771105,always_act,95,HUM-01-transport,H13,cancel_risky_dispatch,request_peer_evidence,negotiate_commitment,execute_autonomously,True,False,0.0,False,False,0.6946551380078425,0.07911277849742743,0.5481092523529331,0.10693536733338202,1.0,0.8359842206382107,0.8359842206382107,0.0,3.3306690738754696e-16,0.0,0.0,1.0,0.8333333333333334,-0.010836357283385611,0.0,0.5432472350826781,0.6946551380078425,0.48685811036268967,0.5409192952020154,0.4584218246299605,0.3156690160555352
v7-pilots-humanitarian-large-high-high-high-random_geometric-private_fragmented-771105-always_act-always_on,humanitarian,large,high,high,high,random_geometric,private_fragmented,always_on,771105,always_act,95,HUM-02-local_authority,H16,release_emergency_reserve,request_peer_evidence,negotiate_commitment,execute_autonomously,False,False,0.0,False,False,0.5974238489507555,0.09505410839261907,1.0,1.0,1.0,0.8243072457685968,0.826300404481923,0.0016869918486773772,0.001575284459165771,0.0010680022680380485,0.011401112855076612,0.9983130081513226,0.725,-0.010189970085578426,-0.002825799188151179,0.7245241086432569,0.5974238489507555,0.4474081396105997,0.5006439972124602,0.4132477080990338,0.39131664515655024
v7-pilots-humanitarian-large-high-high-high-random_geometric-private_fragmented-771105-always_act-always_on,humanitarian,large,high,high,high,random_geometric,private_fragmented,always_on,771105,always_act,95,HUM-03-assessment,H19,no_operational_action,request_peer_evidence,send_targeted_summary,execute_autonomously,False,False,0.0,False,False,0.8303991248837197,0.2927716746116353,0.7236713251163354,0.37907231293682514,1.0,0.8387177895303319,0.8517356144891903,0.0075286794180629,0.0064429251841884305,0.005871956555166702,0.04234633146946831,0.9924713205819371,0.725,-0.0043969894303469426,0.005202262916533584,0.6547130575653027,0.8303991248837197,0.552379248521359,0.6003058392878768,0.5581340562847541,0.4141981100034574
v7-pilots-humanitarian-large-high-high-high-random_geometric-private_fragmented-771105-always_act-always_on,humanitarian,large,high,high,high,random_geometric,private_fragmented,always_on,771105,always_act,95,HUM-04-clinic,H12,cancel_risky_dispatch,request_peer_evidence,negotiate_commitment,execute_autonomously,True,False,0.0,False,False,0.7993110496231428,0.15468217493810238,0.7276920518242282,0.38605084160356534,1.0,0.9108115717228271,0.9108115717228271,0.0,0.0,0.0,0.0,1.0,0.8,0.022175090396219677,0.0,0.6458179588567243,0.7993110496231428,0.5474273127799639,0.5989942589804291,0.49571064084172,0.3741331948869079
v7-pilots-humanitarian-large-high-high-high-random_geometric-private_fragmented-771105-always_act-always_on,humanitarian,large,high,high,high,random_geometric,private_fragmented,always_on,771105,always_act,95,HUM-05-shelter,H15,cancel_risky_dispatch,request_peer_evidence,negotiate_commitment,execute_autonomously,True,False,0.0,False,False,0.7886948778029284,0.12182923366402595,0.8849136133012645,0.6292222522376876,1.0,0.9005553405930273,0.9005553405930273,0.0,0.0,0.0,0.0,1.0,0.8,-0.00013708047270422075,0.0,0.7005695989900407,0.7886948778029284,0.5406167862694282,0.595256272778048,0.49125184867722993,0.4003412360533425
v7-pilots-humanitarian-large-high-high-high-random_geometric-private_fragmented-771105-always_act-always_on,humanitarian,large,high,high,high,random_geometric,private_fragmented,always_on,771105,always_act,95,HUM-06-depot,H18,cancel_risky_dispatch,request_peer_evidence,negotiate_commitment,execute_autonomously,True,False,0.0,False,False,0.7211297623144145,0.0049137318223120285,0.7789527348294181,0.46510896537661267,1.0,0.913684845462657,0.913684845462657,0.0,0.0,0.0,0.0,1.0,0.8,0.024788465888589184,0.0,0.638210270877288,0.7211297623144145,0.5168731162914301,0.5705890702232108,0.4628745001720541,0.3617294092932296
v7-pilots-humanitarian-large-high-high-high-random_geometric-private_fragmented-771105-always_act-always_on,humanitarian,large,high,high,high,random_geometric,private_fragmented,always_on,771105,always_act,95,HUM-07-hub,H11,release_emergency_reserve,request_peer_evidence,negotiate_commitment,execute_autonomously,False,False,0.0,False,False,0.7342705517919235,0.020600508432065123,0.7864149285418383,0.47651371425515904,1.0,0.9132113120639842,0.9115680665533316,0.0010827979970705615,0.0009761136930871439,0.000676154749713942,0.006107189238097277,0.9989172020029294,0.725,0.13787132052671358,-0.0032788591418467794,0.6454152790304921,0.7342705517919235,0.5235269659286642,0.5788701768962434,0.4626765593945157,0.3624203940470125
v7-pilots-humanitarian-large-high-high-high-random_geometric-private_fragmented-771105-always_act-always_on,humanitarian,large,high,high,high,random_geometric,private_fragmented,always_on,771105,always_act,95,HUM-08-ngo,H14,release_emergency_reserve,request_peer_evidence,negotiate_commitment,execute_autonomously,False,False,0.0,False,False,0.4935640179569595,0.34006342201793194,0.6257510398619794,0.22818796022415824,1.0,0.7962463950255377,0.8071428591669962,0.003946453538069772,0.0028526205249793657,0.0044772609588437096,0.020020851627349234,0.9960535464619302,0.725,-0.09545274512947255,0.003011266124069323,0.5039768765591642,0.4935640179569595,0.4020122408924659,0.44798696813734196,0.38272858201549376,0.2808936332994504
v7-pilots-humanitarian-large-high-high-high-random_geometric-private_fragmented-771105-always_act-always_on,humanitarian,large,high,high,high,random_geometric,private_fragmented,always_on,771105,always_act,95,HUM-09-transport,H17,cancel_risky_dispatch,request_peer_evidence,negotiate_commitment,execute_autonomously,True,False,0.0,False,False,0.7716261359166905,0.0844700775099716,0.8924529342759905,0.6413123633448543,1.0,0.9074842658551164,0.9223727016990066,0.017030441468639967,0.016791711795750675,0.009657341173850753,0.07810369511095461,0.98296955853136,0.725,-0.033199625089858076,0.015354770471824208,0.6976678534144398,0.7716261359166905,0.5593641388865513,0.6160811125885155,0.587800593653661,0.471219936053393
v7-pilots-humanitarian-large-high-high-high-random_geometric-private_fragmented-771105-always_act-always_on,humanitarian,large,high,high,high,random_geometric,private_fragmented,always_on,771105,always_act,95,HUM-10-local_authority,H10,release_emergency_reserve,request_peer_evidence,negotiate_commitment,execute_autonomously,False,False,0.0,False,False,0.6832684607586501,0.12696923228067813,0.5919756193619785,0.17569924851029123,1.0,0.9428162498063577,0.9430640467016325,0.002694423332362028,0.0024652271135222614,0.0014594993804770695,0.018594571610061505,0.997305576667638,0.7916666666666666,-0.0346503809968699,-0.006748838114171152,0.555879096300411,0.6832684607586501,0.5127836394203563,0.5639981235800782,0.47356983569925987,0.33112759640487416
v7-pilots-humanitarian-large-high-high-high-random_geometric-private_fragmented-771105-always_act-always_on,humanitarian,large,high,high,high,random_geometric,private_fragmented,always_on,771105,always_act,95,HUM-11-assessment,H13,allocate_shipment,request_peer_evidence,negotiate_commitment,execute_autonomously,True,False,0.0,False,False,0.7082923977964313,0.11491006943437759,0.5577976269278737,0.12195234792454007,1.0,0.8213623059232812,0.8441127080267444,0.014742798657441436,0.01545371553524455,0.0078044329621068664,0.04468843166959191,0.9852572013425586,0.6666666666666666,-0.06476186130576556,0.007413155491394874,0.5514879787526763,0.7082923977964313,0.5092974537198108,0.5665639690505367,0.49874255654561417,0.35088045749175006
v7-pilots-humanitarian-large-high-high-high-random_geometric-private_fragmented-771105-always_act-always_on,humanitarian,large,high,high,high,random_geometric,private_fragmented,always_on,771105,always_act,95,HUM-12-clinic,H16,cancel_risky_dispatch,request_peer_evidence,negotiate_commitment,execute_autonomously,True,False,0.0,False,False,0.8429719092076857,0.32819608993599475,0.8989188234591126,0.6511006398102308,1.0,0.8134872203300636,0.8345607234080549,0.012288344261528916,0.010332227599961441,0.010947614312685205,0.034473983473244874,0.9877116557384711,0.3875,-0.08283653730033724,0.003465263078121672,0.7242746026850686,0.8429719092076857,0.5577642507317307,0.6050323937582798,0.4839486567465602,0.4042883517038503
v7-pilots-humanitarian-large-high-high-high-random_geometric-private_fragmented-771105-always_act-always_on,humanitarian,large,high,high,high,random_geometric,private_fragmented,always_on,771105,always_act,95,HUM-13-shelter,H19,cancel_risky_dispatch,request_peer_evidence,negotiate_commitment,execute_autonomously,True,False,0.0,False,False,0.8677052162376004,0.19839757114942247,0.5783714002454279,0.15385742938691852,1.0,0.9069862571475064,0.9069862571475064,0.0,0.0,0.0,0.0,1.0,0.8,0.07228305833662119,0.0,0.6133455565736446,0.8677052162376004,0.5738286507819168,0.624044904547814,0.5244361908197922,0.3654203520729584
v7-pilots-humanitarian-large-high-high-high-random_geometric-private_fragmented-771105-always_act-always_on,humanitarian,large,high,high,high,random_geometric,private_fragmented,always_on,771105,always_act,95,HUM-14-depot,H12,release_emergency_reserve,request_peer_evidence,negotiate_commitment,execute_autonomously,False,False,0.0,False,False,0.6256097977669621,0.14514877384953312,0.5622323866085772,0.12958836051930633,1.0,0.844997054585308,0.8625568091582023,0.01222431051541828,0.013871172324699477,0.00564041076188837,0.04761239101184267,0.9877756894845817,0.725,-0.019486083719782776,0.004450893238187037,0.5252085377654007,0.6256097977669621,0.4786072174746974,0.5397719531689061,0.4801269494001249,0.3336792773405544
v7-pilots-humanitarian-large-high-high-high-random_geometric-private_fragmented-771105-always_act-always_on,humanitarian,large,high,high,high,random_geometric,private_fragmented,always_on,771105,always_act,95,HUM-15-hub,H15,release_emergency_reserve,request_peer_evidence,negotiate_commitment,execute_autonomously,False,False,0.0,False,False,0.7158073341566408,0.03389563717837557,1.0,0.8829457288728799,1.0,0.9205318981337222,0.9228094775326582,0.004173207195566464,0.003592588343064973,0.0031439735955278714,0.02111126330364177,0.9958267928044335,0.725,-0.024464090380133974,0.00024387765800248928,0.7366814685427491,0.7158073341566408,0.5222983982698799,0.5762427835745522,0.47772820056732457,0.4200204305385
v7-pilots-humanitarian-large-high-high-high-random_geometric-private_fragmented-771105-always_act-always_on,humanitarian,large,high,high,high,random_geometric,private_fragmented,always_on,771105,always_act,95,HUM-16-ngo,H18,release_emergency_reserve,request_peer_evidence,send_targeted_summary,execute_autonomously,False,False,0.0,False,False,0.5585896706988882,0.16768640516482175,0.9887136036417639,0.7902383120357487,1.0,0.7966930607307984,0.7966930607307984,0.0,0.0,0.0,0.0,1.0,0.8,-0.05021555956583457,0.0,0.6609776829262017,0.5585896706988882,0.4226091334622549,0.4768439170533873,0.39460766169353306,0.35523370523997855
v7-pilots-humanitarian-large-high-high-high-random_geometric-private_fragmented-771105-always_act-always_on,humanitarian,large,high,high,high,random_geometric,private_fragmented,always_on,771105,always_act,95,HUM-17-transport,H11,redirect_vehicle,request_peer_evidence,send_targeted_summary,execute_autonomously,True,False,0.0,False,False,0.8215155488931474,0.11432782050740503,0.5985863736040322,0.1853794541015596,1.0,0.8500900562854687,0.852831829413004,0.007002831091618034,0.007487162203658526,0.003185625125811997,0.037587234755598664,0.992997168908382,0.725,-0.01492587839509496,0.0012101650693470134,0.6052063556080444,0.8215155488931474,0.5509326971568914,0.6112556413624008,0.5471691273636319,0.38074088485179747
v7-pilots-humanitarian-large-high-high-high-random_geometric-private_fragmented-771105-always_act-always_on,humanitarian,large,high,high,high,random_geometric,private_fragmented,always_on,771105,always_act,95,HUM-18-local_authority,H14,release_emergency_reserve,request_peer_evidence,send_targeted_summary,execute_autonomously,False,False,0.0,False,False,0.7390480074755562,0.04213479752703431,0.8255253466759604,0.5378381357858288,1.0,0.9099530178401547,0.9277489844308615,0.02264657143589277,0.019432726568866965,0.015291383643517897,0.042317290394029546,0.9773534285641072,0.3875,-0.011355418941062179,0.013008345416047118,0.661757475130288,0.7390480074755562,0.5548126574605111,0.606288720718874,0.45222244453865856,0.38318865693156334
v7-pilots-humanitarian-large-high-high-high-random_geometric-private_fragmented-771105-always_act-always_on,humanitarian,large,high,high,high,random_geometric,private_fragmented,always_on,771105,always_act,95,HUM-19-assessment,H17,allocate_shipment,request_peer_evidence,send_targeted_summary,execute_autonomously,True,True,-0.03758579722408526,False,True,0.5391487128186925,0.3127112801638941,0.902859907469509,0.6574431717948078,1.0,0.8449187901389155,0.8598079116485521,0.009680787794070222,0.007628860831966788,0.00864600595116094,0.05422280962941173,0.9903192122059298,0.725,-0.0189990006913634,-0.005521466574123446,0.6224969235891094,0.5391487128186925,0.4404422855739042,0.48681469517192927,0.4538611300205566,0.3728266664454954
v7-pilots-humanitarian-large-high-high-high-random_geometric-private_fragmented-771105-always_act-always_on,humanitarian,large,high,high,high,random_geometric,private_fragmented,always_on,771105,always_act,95,HUM-20-clinic,H10,revise_delivery_priority,request_peer_evidence,send_targeted_summary,execute_autonomously,True,True,-6.302772017826876,False,True,0.7672066790759755,0.08584077739240639,0.5383065827180137,0.09251224171214581,1.0,0.9090379880535437,0.9159334367850578,0.008117309186108534,0.006339623984368714,0.006701491307122165,0.040284656391033846,0.9918826908138915,0.7916666666666666,0.06672860905172429,0.005596456510614911,0.5644532088967467,0.7672066790759755,0.5455064015043282,0.5982922430949668,0.5417928162596145,0.37019720211097207
v7-pilots-humanitarian-large-high-high-high-random_geometric-private_fragmented-771105-always_act-always_on,humanitarian,large,high,high,high,random_geometric,private_fragmented,always_on,771105,always_act,95,HUM-21-shelter,H13,no_operational_action,request_peer_evidence,send_targeted_summary,execute_autonomously,False,False,0.0,False,False,0.7814776702012028,0.1805824447567967,0.8001595326332699,0.4976133017679042,1.0,0.8715241510916235,0.8715241510916235,0.0,0.0,0.0,0.0,1.0,0.8333333333333334,-0.008925196329245044,0.0,0.666529600292706,0.7814776702012028,0.530472105853387,0.582335543838355,0.4948872881511719,0.38686067720181866
v7-pilots-humanitarian-large-high-high-high-random_geometric-private_fragmented-771105-always_act-always_on,humanitarian,large,high,high,high,random_geometric,private_fragmented,always_on,771105,always_act,95,HUM-22-depot,H16,cancel_risky_dispatch,request_peer_evidence,send_targeted_summary,execute_autonomously,True,False,0.0,False,False,0.7053570500368067,0.044311720303712776,0.671350938768511,0.29837041853979823,1.0,0.9300224723207903,0.9454413555078065,0.02181569895011226,0.018858838775705045,0.013928028849047203,0.03511330701954227,0.9781843010498877,0.2,0.07301623045333039,-0.001703312837324722,0.5928302974620658,0.7053570500368067,0.5451904166250774,0.5957334848803255,0.3896221876851631,0.30397794866459804
v7-pilots-humanitarian-large-high-high-high-random_geometric-private_fragmented-771105-always_act-always_on,humanitarian,large,high,high,high,random_geometric,private_fragmented,always_on,771105,always_act,95,HUM-23-hub,H19,release_emergency_reserve,request_peer_evidence,send_targeted_summary,execute_autonomously,False,False,0.0,False,False,0.501267170622401,0.3656779065119825,0.8980669309183815,0.6493855019299967,1.0,0.8283570401614119,0.8283570401614122,3.3306690738754696e-16,0.0,0.0,0.0,0.9999999999999997,0.8,-0.1394016340251033,3.3306690738754696e-16,0.6076833584748156,0.501267170622401,0.4075961282893138,0.45171330682210187,0.3705322116614085,0.32228106800587225
v7-pilots-humanitarian-large-high-high-high-random_geometric-private_fragmented-771105-always_act-always_on,humanitarian,large,high,high,high,random_geometric,private_fragmented,always_on,771105,always_act,95,HUM-24-ngo,H12,cancel_risky_dispatch,request_peer_evidence,send_targeted_summary,execute_autonomously,True,False,0.0,False,False,0.5681711029097334,0.2141538595874373,0.8755633955581429,0.615251424391133,1.0,0.8618599074430752,0.8618599074430752,0.0,0.0,0.0,0.0,1.0,0.8,-0.03029689665299573,0.0,0.6222385168431813,0.5681711029097334,0.44273341802466215,0.49180142488124046,0.39863186322208805,0.3369180797416613
v7-pilots-humanitarian-large-high-high-high-random_geometric-private_fragmented-771105-always_act-always_on,humanitarian,large,high,high,high,random_geometric,private_fragmented,always_on,771105,always_act,95,HUM-25-transport,H15,allocate_shipment,request_peer_evidence,send_targeted_summary,execute_autonomously,True,False,0.0,False,False,0.8145726139234025,0.1798441996345019,0.5965036536862964,0.18218681483448698,1.0,0.91720485373027,0.920835189457452,0.0026343284491782137,0.0023734569053034393,0.0014303327603748528,0.01706847473395101,0.9973656715508218,0.725,0.031591706391388086,-0.004865362834448161,0.6020795242942338,0.8145726139234025,0.558818318830778,0.6092475212455304,0.5130645794434345,0.3588370235624514
v7-pilots-humanitarian-large-high-high-high-random_geometric-private_fragmented-771105-always_act-always_on,humanitarian,large,high,high,high,random_geometric,private_fragmented,always_on,771105,always_act,95,HUM-26-local_authority,H18,release_emergency_reserve,request_peer_evidence,send_targeted_summary,execute_autonomously,False,False,0.0,False,False,0.6294656840974102,0.15826758876672223,0.6079987768963792,0.2001303305804024,1.0,0.8942152016260967,0.8942152016260967,0.0,0.0,1.1102230246251565e-16,0.0,1.0,0.8,0.0028264267771795915,0.0,0.543449611932416,0.6294656840974102,0.4753400740454883,0.5276996628407707,0.4243755873209123,0.30426603121692325
v7-pilots-humanitarian-large-high-high-high-random_geometric-private_fragmented-771105-always_act-always_on,humanitarian,large,high,high,high,random_geometric,private_fragmented,always_on,771105,always_act,95,HUM-27-assessment,H11,allocate_shipment,request_peer_evidence,send_targeted_summary,execute_autonomously,True,False,0.0,False,False,0.8116977261822831,0.21172039848152252,1.0,0.9303980344751106,1.0,0.9009832543703028,0.9009832543703028,0.0,0.0,0.0,0.0,1.0,0.8,0.02612156421630274,0.0,0.7806727551760029,0.8116977261822831,0.549924904065489,0.5988611834151687,0.5009130449965589,0.4429231274680525
v7-pilots-humanitarian-large-high-high-high-random_geometric-private_fragmented-771105-always_act-always_on,humanitarian,large,high,high,high,random_geometric,private_fragmented,always_on,771105,always_act,95,HUM-28-clinic,H14,revise_delivery_priority,request_peer_evidence,send_targeted_summary,execute_autonomously,True,False,0.0,False,False,0.7352862704986407,0.012682317343793048,0.5011670901376181,0.035082838151398094,1.0,0.943649767203944,0.953816299739696,0.017601855212694084,0.01376571506828761,0.013325516646465752,0.09200883142834237,0.9823981447873059,0.725,-0.013007142875650302,0.01461997844025309,0.5398172131258734,0.7352862704986407,0.554669547298214,0.6022454953361156,0.5936736573805095,0.3989349925499023
v7-pilots-humanitarian-large-high-high-high-random_geometric-private_fragmented-771105-always_act-always_on,humanitarian,large,high,high,high,random_geometric,private_fragmented,always_on,771105,always_act,95,HUM-29-shelter,H17,allocate_shipment,request_peer_evidence,send_targeted_summary,execute_autonomously,True,False,0.0,False,False,0.8350960054418515,0.23681177731828304,0.7138122240989423,0.3644192625704296,1.0,0.903238677961216,0.903238677961216,0.0,0.0,0.0,0.0,1.0,0.8,0.013661545891459181,0.0,0.6527932648671326,0.8350960054418515,0.5598480716670446,0.6086138672827652,0.5107403222855776,0.38155719303216995
v7-pilots-humanitarian-large-high-high-high-random_geometric-private_fragmented-771105-always_act-always_on,humanitarian,large,high,high,high,random_geometric,private_fragmented,always_on,771105,always_act,95,HUM-30-depot,H10,cancel_risky_dispatch,request_peer_evidence,send_targeted_summary,execute_autonomously,True,False,0.0,False,False,0.7152200323904123,0.062405239496063664,0.426241068836743,0.0,1.0,0.9330674527841524,0.9417071860516996,0.009442816013535138,0.008015117701933305,0.006404064614697225,0.04212091377233651,0.9905571839864649,0.7916666666666666,0.06460544553759084,0.004395610015085705,0.5245748110127403,0.7152200323904123,0.5325748185711522,0.5847494957746682,0.5227495358712579,0.34573124713677167
v7-pilots-humanitarian-large-high-high-high-random_geometric-private_fragmented-771105-always_act-always_on,humanitarian,large,high,high,high,random_geometric,private_fragmented,always_on,771105,always_act,95,HUM-31-hub,H13,release_emergency_reserve,request_peer_evidence,send_targeted_summary,execute_autonomously,False,False,0.0,False,False,0.6272076208462102,0.20593955559070082,0.9687658827830735,0.7589531445000998,1.0,0.9214093451360741,0.9222482954597045,0.001942256939455711,0.0016973862927790462,0.0010893487786615141,0.010085150137095544,0.9980577430605443,0.7916666666666666,-0.016529878791539443,-0.00375351356569098,0.6767993457677354,0.6272076208462102,0.4839545443377406,0.5333479510600434,0.4370899622971268,0.3785928213230596
v7-pilots-humanitarian-large-high-high-high-random_geometric-private_fragmented-771105-always_act-always_on,humanitarian,large,high,high,high,random_geometric,private_fragmented,always_on,771105,always_act,95,HUM-32-ngo,H16,release_emergency_reserve,request_peer_evidence,send_targeted_summary,execute_autonomously,False,False,0.0,False,False,0.4076964705228706,0.41207500626963667,0.631174681874753,0.2360972203544734,1.0,0.6919020638722168,0.7162686371687539,0.008762725882081268,0.00934254299436632,0.00571392577973473,0.013040775986087055,0.9912372741179187,0.5666666666666667,-0.21388248700181667,0.0003438626940209799,0.4766801328628496,0.4076964705228706,0.34832192041211624,0.3932011780333005,0.3043878304517913,0.23395922788793846
v7-pilots-humanitarian-large-high-high-high-random_geometric-private_fragmented-771105-always_act-always_on,humanitarian,large,high,high,high,random_geometric,private_fragmented,always_on,771105,always_act,95,HUM-33-transport,H19,allocate_shipment,request_peer_evidence,send_targeted_summary,execute_autonomously,True,False,0.0,False,False,0.8103787134121342,0.10446452671583692,1.0,0.8373229609841657,1.0,0.8794060543577795,0.8853183691238137,0.00720656655893781,0.006736604778073363,0.005783074116065157,0.034768479431955934,0.9927934334410622,0.725,-0.08359305665359307,0.00458714061790777,0.7578862731963254,0.8103787134121342,0.5540921921368115,0.6101988169290072,0.5382071483696694,0.4574685534373625
v7-pilots-humanitarian-large-high-high-high-random_geometric-private_fragmented-771105-always_act-always_on,humanitarian,large,high,high,high,random_geometric,private_fragmented,always_on,771105,always_act,95,HUM-34-local_authority,H12,release_emergency_reserve,request_peer_evidence,send_targeted_summary,execute_autonomously,False,False,0.0,False,False,0.6892871091231311,0.10948501520958367,0.715745650672394,0.3675339198182223,1.0,0.9406494871367633,0.94012349688357,0.0033334355761642787,0.0026093825643119795,0.0026211636946804617,0.015261174056881988,0.9966665644238357,0.725,-0.014501250110097508,-0.0015572623587535306,0.6039657578582379,0.6892871091231311,0.5155440252400733,0.5668188170703625,0.4576975703981757,0.3455170290971553
v7-pilots-humanitarian-large-high-high-high-random_geometric-private_fragmented-771105-always_act-always_on,humanitarian,large,high,high,high,random_geometric,private_fragmented,always_on,771105,always_act,95,HUM-35-assessment,H15,allocate_shipment,request_peer_evidence,send_targeted_summary,execute_autonomously,True,False,0.0,False,False,0.5274432954084293,0.18241436344600748,0.9457469261971284,0.7235138872262766,1.0,0.7658142886021211,0.7804536257526211,0.010822393291198384,0.008973260511399572,0.010403845512416243,0.056752438422265516,0.9891776067088016,0.725,-0.1572227928513571,0.009498427638025664,0.6343740533731723,0.5274432954084293,0.41758224092157975,0.46822624172490324,0.4527898904733839,0.38836793786454543
v7-pilots-humanitarian-large-high-high-high-random_geometric-private_fragmented-771105-always_act-always_on,humanitarian,large,high,high,high,random_geometric,private_fragmented,always_on,771105,always_act,95,HUM-36-clinic,H18,allocate_shipment,request_peer_evidence,send_targeted_summary,execute_autonomously,False,False,0.0,False,False,0.8303839076933471,0.06704189015907894,0.7276097766745059,0.3855273802364988,1.0,0.9591828736398169,0.9591828736398169,0.0,0.0,0.0,0.0,1.0,0.8,0.027025972570085544,0.0,0.6562570998724978,0.8303839076933471,0.5719492814872931,0.6237007709018503,0.5087612412312058,0.38277077978251706
v7-pilots-humanitarian-large-high-high-high-random_geometric-private_fragmented-771105-always_act-always_on,humanitarian,large,high,high,high,random_geometric,private_fragmented,always_on,771105,always_act,95,HUM-37-shelter,H11,no_operational_action,request_peer_evidence,send_targeted_summary,execute_autonomously,False,False,0.0,False,False,0.8466722892729628,0.25879949564063515,0.6636317328248588,0.2861997608938408,1.0,0.8767495786950698,0.8767495786950698,0.0,0.0,0.0,0.0,1.0,0.8,-0.008322358356362858,0.0,0.6379565209673291,0.8466722892729628,0.5578563103829526,0.6076823441056686,0.5156023614946443,0.3754122123036905
v7-pilots-humanitarian-large-high-high-high-random_geometric-private_fragmented-771105-always_act-always_on,humanitarian,large,high,high,high,random_geometric,private_fragmented,always_on,771105,always_act,95,HUM-38-depot,H14,release_emergency_reserve,request_peer_evidence,send_targeted_summary,execute_autonomously,False,False,0.0,False,False,0.6563775508767707,0.10772045121941748,0.7234401019339931,0.3796060064357794,1.0,0.8929177014311399,0.8983328484562926,0.008430606374676408,0.007442142548954922,0.00540322625469003,0.029247795631376534,0.9915693936253236,0.5666666666666667,-0.03708839060738944,-0.001630509994636986,0.5956738088426892,0.6563775508767707,0.4975832946330403,0.5506913538691232,0.4334685540612694,0.33170730470259346
v7-pilots-humanitarian-large-high-high-high-random_geometric-private_fragmented-771105-always_act-always_on,humanitarian,large,high,high,high,random_geometric,private_fragmented,always_on,771105,always_act,95,HUM-39-hub,H17,revise_delivery_priority,request_peer_evidence,send_targeted_summary,execute_autonomously,True,False,0.0,False,False,0.690004760915248,0.11343588789579387,0.9143197618827836,0.6752059461353837,1.0,0.9278089361473281,0.9278089361473281,0.0,0.0,0.0,0.0,1.0,0.8,0.004418018411265434,0.0,0.6780510457836764,0.690004760915248,0.5079541384029312,0.5611782585454878,0.4498019995844042,0.37822604659251546
v7-pilots-humanitarian-large-high-high-high-random_geometric-private_fragmented-771105-always_act-always_on,humanitarian,large,high,high,high,random_geometric,private_fragmented,always_on,771105,always_act,95,HUM-40-ngo,H10,cancel_risky_dispatch,request_peer_evidence,send_targeted_summary,execute_autonomously,True,False,0.0,False,False,0.6444671567625058,0.12356579406495427,0.6062341226048984,0.19779992853681705,1.0,0.9165039153477509,0.9241332773556268,0.011434426511210738,0.008650019910343865,0.009184140992314238,0.050037477213300215,0.9885655734887893,0.7916666666666666,0.032150187035867805,0.0035178253589710495,0.5479908161480881,0.6444671567625058,0.502921038657635,0.5504535787407587,0.5050665045378021,0.35683622867050374
v7-pilots-humanitarian-large-high-high-high-random_geometric-private_fragmented-771105-always_act-always_on,humanitarian,large,high,high,high,random_geometric,private_fragmented,always_on,771105,always_act,95,HUM-41-transport,H13,cancel_risky_dispatch,request_peer_evidence,send_targeted_summary,execute_autonomously,True,False,0.0,False,False,0.8354166912575633,0.07831923282818445,0.7263939536780171,0.38327665438726216,1.0,0.938499902920704,0.9429131627288779,0.006292440814217648,0.004569795087833173,0.005542145161172463,0.035502768753223335,0.9937075591857824,0.7916666666666666,0.003647629481982717,0.00480684027057976,0.6574280720805145,0.8354166912575633,0.577601069373106,0.6272693850938793,0.5631725521664094,0.4184384857034655
v7-pilots-humanitarian-large-high-high-high-random_geometric-private_fragmented-771105-always_act-always_on,humanitarian,large,high,high,high,random_geometric,private_fragmented,always_on,771105,always_act,95,HUM-42-local_authority,H16,no_operational_action,request_peer_evidence,send_targeted_summary,execute_autonomously,False,False,0.0,False,False,0.6959610308389055,0.11263117926179136,0.8584804992391923,0.5884212372693542,1.0,0.9557704203667474,0.9588019901000315,0.010591062414026964,0.007226969537588279,0.010335775628537824,0.02222056442190586,0.989408937585973,0.5666666666666667,0.05109891597930749,-0.004273422098244217,0.6592478474298729,0.6959610308389055,0.5321545048068869,0.5788651197497161,0.4394122242069705,0.3656177259158654
v7-pilots-humanitarian-large-high-high-high-random_geometric-private_fragmented-771105-always_act-always_on,humanitarian,large,high,high,high,random_geometric,private_fragmented,always_on,771105,always_act,95,HUM-43-assessment,H19,cancel_risky_dispatch,request_peer_evidence,send_targeted_summary,execute_autonomously,True,False,0.0,False,False,0.7807279589041323,0.14782075287156826,0.4427448856990953,0.0,1.0,0.8976213551499931,0.8976213551499931,0.0,0.0,0.0,0.0,1.0,0.8,-0.05568131600320392,0.0,0.546847506027405,0.7807279589041323,0.5366965223491512,0.5886487176362027,0.4879057427397356,0.32260382849315705
v7-pilots-humanitarian-large-high-high-high-random_geometric-private_fragmented-771105-always_act-always_on,humanitarian,large,high,high,high,random_geometric,private_fragmented,always_on,771105,always_act,95,HUM-44-clinic,H12,cancel_risky_dispatch,request_peer_evidence,send_targeted_summary,execute_autonomously,True,False,0.0,False,False,0.8040713296164363,0.1524372918714741,0.7692526111941769,0.45046970862698577,1.0,0.9037584389652986,0.9037584389652986,0.0,0.0,0.0,0.0,1.0,0.8,-0.005015771490452292,0.0,0.662896982140065,0.8040713296164363,0.5475681415878992,0.6010224604095351,0.4977099584389033,0.38319633732784053
v7-pilots-humanitarian-large-high-high-high-random_geometric-private_fragmented-771105-always_act-always_on,humanitarian,large,high,high,high,random_geometric,private_fragmented,always_on,771105,always_act,95,HUM-45-shelter,H15,cancel_risky_dispatch,request_peer_evidence,send_targeted_summary,execute_autonomously,True,False,0.0,False,False,0.8192588346762983,0.2894663902850158,0.5528664270705055,0.11454911358001113,1.0,0.8242178807244519,0.8318417543360558,0.0028435170225377115,0.003193544307855012,0.0013960029037459742,0.014831344608432384,0.9971564829774623,0.725,-0.014184511351342466,0.001229806737818917,0.5874397910491441,0.8192588346762983,0.5377389278831851,0.587850341735489,0.5116323543688625,0.35162507786543235
v7-pilots-humanitarian-large-high-high-high-random_geometric-private_fragmented-771105-always_act-always_on,humanitarian,large,high,high,high,random_geometric,private_fragmented,always_on,771105,always_act,95,HUM-46-depot,H18,release_emergency_reserve,request_peer_evidence,send_targeted_summary,execute_autonomously,False,False,0.0,False,False,0.5794306400129071,0.12666268717204454,0.8606661020978279,0.591764684642648,1.0,0.8230286926798204,0.8230286926798204,0.0,0.0,0.0,0.0,1.0,0.8,-0.053993065893565895,0.0,0.620429941918624,0.5794306400129071,0.43752942917511795,0.48950561305170437,0.403360868805421,0.3372523413607318
v7-pilots-humanitarian-large-high-high-high-random_geometric-private_fragmented-771105-always_act-always_on,humanitarian,large,high,high,high,random_geometric,private_fragmented,always_on,771105,always_act,95,HUM-47-hub,H11,release_emergency_reserve,request_peer_evidence,send_targeted_summary,execute_autonomously,False,False,0.0,False,False,0.6160617829767738,0.2237532158691419,0.7001341221075313,0.34277846428198333,1.0,0.9097469208540061,0.9097469208540061,0.0,0.0,0.0,0.0,1.0,0.8,-0.02866804339456508,0.0,0.5731278376397791,0.6160617829767738,0.4738614434042111,0.5237968082472361,0.418745948850245,0.3176307149473347
v7-pilots-humanitarian-large-high-high-high-random_geometric-private_fragmented-771105-always_act-always_on,humanitarian,large,high,high,high,random_geometric,private_fragmented,always_on,771105,always_act,95,HUM-48-ngo,H14,release_emergency_reserve,request_peer_evidence,send_targeted_summary,execute_autonomously,False,False,0.0,False,False,0.5582326747084891,0.2982968556215481,0.5704844472528443,0.14252474167999873,1.0,0.8682153393528947,0.891405499320495,0.013090937041668416,0.011517780533717548,0.009104734982847917,0.01583411092752571,0.9869090629583316,0.3875,0.068199403182717,-0.004617428784350119,0.505405047404086,0.5582326747084891,0.45867421657995516,0.5058241609198451,0.3360255719874045,0.24708508029682905
v7-pilots-humanitarian-large-high-high-high-random_geometric-private_fragmented-771105-always_act-always_on,humanitarian,large,high,high,high,random_geometric,private_fragmented,always_on,771105,always_act,95,HUM-49-transport,H17,no_operational_action,request_peer_evidence,send_targeted_summary,execute_autonomously,False,False,0.0,False,False,0.8328151889682989,0.1739497732437707,0.8487879768627202,0.5736316793542854,1.0,0.9108256317780262,0.9108256317780262,0.0,0.0,0.0,0.0,1.0,0.8,-0.019557086325077244,0.0,0.7022287672942501,0.8328151889682989,0.5608324835318261,0.6117137333501956,0.5097823793666856,0.406024054433638
v7-pilots-humanitarian-large-high-high-high-random_geometric-private_fragmented-771105-always_act-always_on,humanitarian,large,high,high,high,random_geometric,private_fragmented,always_on,771105,always_act,95,HUM-50-local_authority,H10,release_emergency_reserve,request_peer_evidence,send_targeted_summary,execute_autonomously,False,False,0.0,False,False,0.5833335988139503,0.24479575289939237,0.7524913575582192,0.4244986427144643,1.0,0.8697152737179732,0.8789040844934497,0.004295151297265765,0.00390813387336153,0.0031416105775645686,0.02311267565526376,0.9957048487027342,0.7916666666666666,-0.009256804751818115,-0.0011409699818416552,0.5816130978482146,0.5833335988139503,0.4567754697712455,0.5077767550965754,0.4384647118311934,0.3379521722636454
v7-pilots-humanitarian-large-high-high-high-random_geometric-private_fragmented-771105-always_act-always_on,humanitarian,large,high,high,high,random_geometric,private_fragmented,always_on,771105,always_act,95,HUM-51-assessment,H13,revise_delivery_priority,request_peer_evidence,send_targeted_summary,execute_autonomously,True,False,0.0,False,False,0.7942630201146849,0.20235613130721178,0.8079807129909896,0.5097361313223696,1.0,0.8852075599641739,0.8852075599641739,0.0,0.0,0.0,0.0,1.0,0.8333333333333334,-0.005017049152610142,0.0,0.6737860983563616,0.7942630201146849,0.5390070980369175,0.5885576143880556,0.5002571351148344,0.39189531472412953
