run_id,application,regime,information_condition,environment_seed,operator_seed,incident_id,criticality,service_deficit,backlog,lateness,resource_scarcity,commitment_strain,safety_stress,disruption_risk,actionability_flag,raw_service_deficit,raw_backlog,raw_lateness,raw_safety_stress,raw_commitment_strain,raw_resource_scarcity,operational_energy,standardized_energy,belief_entropy,alternative_entropy,commitment_entropy,distributed_entropy,entropy_residual,entropy_anomaly,entropy_slope,entropy_acceleration,belief_disagreement,consensus_confidence,consensus_error,temperature_diagnostic,free_energy_diagnostic,free_energy_residual,sketch_contributors,sketch_messages,sketch_bytes,view_sha256,operator_minutes,intervention_effect,loss_with_intervention,loss_without_intervention,causal_utility,beneficial,harmful,complete_causal_chain,privileged_feature_used,cluster_id
implementation_pilot_v3_dense-commercial-autonomy_no_operator-telemetry_integrity-private_fragmented-e24001-o124001-rnone,commercial,telemetry_integrity,private_fragmented,24001,124001,retailer_north,1.0,0.47500000000000003,0.43000000000000005,0.265,0.0,0.29800000000000004,0.34,0.495,0.92,0.46,0.41500000000000004,0.265,0.34,0.29800000000000004,0.0,0.34580000000000005,4.916,0.7555010662888074,0.5254238753244399,0.8788323569105613,0.7571101773493977,5.463877216867471,5.463877216867471,0.2655553403660631,0.2655553403660631,0.001609111060590231,0.9933283419868267,0.01014291853348722,0.3225718222121181,0.10157759047706494,1.0197198809633117,5,24,1440,214bd1ca76836e2e87ddc4eb03e459f4ac14f6baa96793a87192d121e92dcd80,8.0,0.0,1.3577600000000003,1.3577600000000003,-0.02,0,0,0,False,commercial|telemetry_integrity|24001|private_fragmented
implementation_pilot_v3_dense-commercial-autonomy_no_operator-telemetry_integrity-private_fragmented-e24002-o124002-rnone,commercial,telemetry_integrity,private_fragmented,24002,124002,retailer_north,1.0,0.47500000000000003,0.43000000000000005,0.265,0.0,0.29800000000000004,0.34,0.495,0.92,0.46,0.41500000000000004,0.265,0.34,0.29800000000000004,0.0,0.34580000000000005,4.916,0.7555010662888074,0.5254238753244399,0.8788323569105613,0.7571101773493977,5.463877216867471,5.463877216867471,0.2655553403660631,0.2655553403660631,0.001609111060590231,0.9933283419868267,0.01014291853348722,0.3225718222121181,0.10157759047706494,1.0197198809633117,5,24,1440,214bd1ca76836e2e87ddc4eb03e459f4ac14f6baa96793a87192d121e92dcd80,8.0,0.0,1.3577600000000003,1.3577600000000003,-0.02,0,0,0,False,commercial|telemetry_integrity|24002|private_fragmented
implementation_pilot_v3_dense-commercial-autonomy_no_operator-telemetry_integrity-private_fragmented-e24003-o124003-rnone,commercial,telemetry_integrity,private_fragmented,24003,124003,retailer_north,1.0,0.47500000000000003,0.43000000000000005,0.265,0.0,0.29800000000000004,0.34,0.495,0.92,0.46,0.41500000000000004,0.265,0.34,0.29800000000000004,0.0,0.34580000000000005,4.916,0.8747082394117477,0.5254238753244399,0.8788323569105613,0.9380256215172845,7.725320268966057,7.725320268966057,0.44647078453394995,0.44647078453394995,0.06331738210553706,0.9257820361257648,0.11284715407974533,0.33491347642110747,0.031642578125576304,0.14553222656970374,5,24,1440,9cc5583569d5d817867ea45e909bcc76de170676da03ac523111d379e79955d5,8.0,1.0382399999999996,1.3577600000000003,2.396,1.0182399999999996,1,0,1,False,commercial|telemetry_integrity|24003|private_fragmented
implementation_pilot_v3_dense-commercial-autonomy_no_operator-telemetry_integrity-private_fragmented-e24004-o124004-rnone,commercial,telemetry_integrity,private_fragmented,24004,124004,retailer_north,1.0,0.47500000000000003,0.43000000000000005,0.265,0.0,0.29800000000000004,0.34,0.495,0.92,0.46,0.41500000000000004,0.265,0.34,0.29800000000000004,0.0,0.34580000000000005,4.916,0.8803972175265727,0.5254238753244399,0.8788323569105613,0.9170489670079891,7.463112087599863,7.463112087599863,0.4254941300246545,0.4254941300246545,0.03665174948141645,0.9500243852537764,0.07598376753714635,0.3295803498962833,0.04355868058148182,0.29448350726852274,5,24,1440,b73c7614f4d7f973403c92a64f702565b2637980719554a740709a87b726563e,8.0,1.0382399999999996,1.3577600000000003,2.396,1.0182399999999996,1,0,1,False,commercial|telemetry_integrity|24004|private_fragmented
implementation_pilot_v3_dense-commercial-autonomy_no_operator-telemetry_integrity-private_fragmented-e24005-o124005-rnone,commercial,telemetry_integrity,private_fragmented,24005,124005,retailer_north,1.0,0.47500000000000003,0.43000000000000005,0.265,0.0,0.29800000000000004,0.34,0.495,0.92,0.46,0.41500000000000004,0.265,0.34,0.29800000000000004,0.0,0.34580000000000005,4.916,0.8747082394117477,0.5254238753244399,0.8788323569105613,0.9380256215172845,7.725320268966057,7.725320268966057,0.44647078453394995,0.44647078453394995,0.06331738210553706,0.9257820361257648,0.11284715407974533,0.33491347642110747,0.031642578125576304,0.14553222656970374,5,24,1440,9cc5583569d5d817867ea45e909bcc76de170676da03ac523111d379e79955d5,8.0,1.0382399999999996,1.3577600000000003,2.396,1.0182399999999996,1,0,1,False,commercial|telemetry_integrity|24005|private_fragmented
implementation_pilot_v3_dense-commercial-autonomy_no_operator-telemetry_integrity-globally_public-e24001-o124001-rnone,commercial,telemetry_integrity,globally_public,24001,124001,retailer_north,1.0,0.46,0.41500000000000004,0.265,0.0,0.29800000000000004,0.34,0.495,0.92,0.46,0.41500000000000004,0.265,0.34,0.29800000000000004,0.0,0.34580000000000005,4.916,0.4878527713892913,0.5254238753244399,0.8788323569105613,0.4878527713892913,2.098159642366141,2.098159642366141,-0.003702065594043291,-0.003702065594043291,6.840771704922596e-17,1.0,4.0539612963254114e-17,0.32225000000000004,0.1885894444198009,2.107368055247511,5,24,1440,f82d03eec32198f0a66b90b415cf8dbd2483a35a097feb9e0c38e8389ded0e68,8.0,0.0,1.3577600000000003,1.3577600000000003,-0.02,0,0,0,False,commercial|telemetry_integrity|24001|globally_public
implementation_pilot_v3_dense-commercial-autonomy_no_operator-telemetry_integrity-globally_public-e24002-o124002-rnone,commercial,telemetry_integrity,globally_public,24002,124002,retailer_north,1.0,0.46,0.41500000000000004,0.265,0.0,0.29800000000000004,0.34,0.495,0.92,0.46,0.41500000000000004,0.265,0.34,0.29800000000000004,0.0,0.34580000000000005,4.916,0.4878527713892913,0.5254238753244399,0.8788323569105613,0.4878527713892913,2.098159642366141,2.098159642366141,-0.003702065594043291,-0.003702065594043291,6.840771704922596e-17,1.0,4.0539612963254114e-17,0.32225000000000004,0.1885894444198009,2.107368055247511,5,24,1440,f82d03eec32198f0a66b90b415cf8dbd2483a35a097feb9e0c38e8389ded0e68,8.0,0.0,1.3577600000000003,1.3577600000000003,-0.02,0,0,0,False,commercial|telemetry_integrity|24002|globally_public
implementation_pilot_v3_dense-commercial-autonomy_no_operator-telemetry_integrity-globally_public-e24003-o124003-rnone,commercial,telemetry_integrity,globally_public,24003,124003,retailer_north,1.0,0.46,0.41500000000000004,0.265,0.0,0.29800000000000004,0.34,0.495,0.92,0.46,0.41500000000000004,0.265,0.34,0.29800000000000004,0.0,0.34580000000000005,4.916,0.4878527713892913,0.5254238753244399,0.8788323569105613,0.4878527713892913,2.098159642366141,2.098159642366141,-0.003702065594043291,-0.003702065594043291,6.840771704922596e-17,1.0,4.0539612963254114e-17,0.32225000000000004,0.1885894444198009,2.107368055247511,5,24,1440,f82d03eec32198f0a66b90b415cf8dbd2483a35a097feb9e0c38e8389ded0e68,8.0,0.0,1.3577600000000003,1.3577600000000003,-0.02,0,0,0,False,commercial|telemetry_integrity|24003|globally_public
implementation_pilot_v3_dense-commercial-autonomy_no_operator-telemetry_integrity-globally_public-e24004-o124004-rnone,commercial,telemetry_integrity,globally_public,24004,124004,retailer_north,1.0,0.46,0.41500000000000004,0.265,0.0,0.29800000000000004,0.34,0.495,0.92,0.46,0.41500000000000004,0.265,0.34,0.29800000000000004,0.0,0.34580000000000005,4.916,0.4878527713892913,0.5254238753244399,0.8788323569105613,0.4878527713892913,2.098159642366141,2.098159642366141,-0.003702065594043291,-0.003702065594043291,6.840771704922596e-17,1.0,4.0539612963254114e-17,0.32225000000000004,0.1885894444198009,2.107368055247511,5,24,1440,f82d03eec32198f0a66b90b415cf8dbd2483a35a097feb9e0c38e8389ded0e68,8.0,0.0,1.3577600000000003,1.3577600000000003,-0.02,0,0,0,False,commercial|telemetry_integrity|24004|globally_public
implementation_pilot_v3_dense-commercial-autonomy_no_operator-telemetry_integrity-globally_public-e24005-o124005-rnone,commercial,telemetry_integrity,globally_public,24005,124005,retailer_north,1.0,0.46,0.41500000000000004,0.265,0.0,0.29800000000000004,0.34,0.495,0.92,0.46,0.41500000000000004,0.265,0.34,0.29800000000000004,0.0,0.34580000000000005,4.916,0.4878527713892913,0.5254238753244399,0.8788323569105613,0.4878527713892913,2.098159642366141,2.098159642366141,-0.003702065594043291,-0.003702065594043291,6.840771704922596e-17,1.0,4.0539612963254114e-17,0.32225000000000004,0.1885894444198009,2.107368055247511,5,24,1440,f82d03eec32198f0a66b90b415cf8dbd2483a35a097feb9e0c38e8389ded0e68,8.0,0.0,1.3577600000000003,1.3577600000000003,-0.02,0,0,0,False,commercial|telemetry_integrity|24005|globally_public
implementation_pilot_v3_dense-commercial-autonomy_no_operator-partition-private_fragmented-e24001-o124001-rnone,commercial,partition,private_fragmented,24001,124001,retailer_north,1.0,0.47500000000000003,0.43000000000000005,0.265,0.0,0.29800000000000004,0.34,0.495,0.92,0.46,0.41500000000000004,0.265,0.34,0.29800000000000004,0.0,0.34580000000000005,4.916,0.7504216537196745,0.5254238753244399,0.8788323569105613,0.7571101773493977,5.463877216867471,5.463877216867471,0.2655553403660631,0.2655553403660631,0.0066885236297231625,0.6,0.022281635955042726,0.32358770472594467,0.10080845548685555,1.0101056935856942,5,12,1440,eaa1972f49d3dd971b4d12ef2bbc0be328b4499dac29d3f003f1d9d0b94d6d8d,8.0,0.0,1.3577600000000003,1.3577600000000003,-0.02,0,0,0,False,commercial|partition|24001|private_fragmented
implementation_pilot_v3_dense-commercial-autonomy_no_operator-partition-private_fragmented-e24002-o124002-rnone,commercial,partition,private_fragmented,24002,124002,retailer_north,1.0,0.47500000000000003,0.43000000000000005,0.265,0.0,0.29800000000000004,0.34,0.495,0.92,0.46,0.41500000000000004,0.265,0.34,0.29800000000000004,0.0,0.34580000000000005,4.916,0.7504216537196745,0.5254238753244399,0.8788323569105613,0.7571101773493977,5.463877216867471,5.463877216867471,0.2655553403660631,0.2655553403660631,0.0066885236297231625,0.6,0.022281635955042726,0.32358770472594467,0.10080845548685555,1.0101056935856942,5,12,1440,eaa1972f49d3dd971b4d12ef2bbc0be328b4499dac29d3f003f1d9d0b94d6d8d,8.0,0.0,1.3577600000000003,1.3577600000000003,-0.02,0,0,0,False,commercial|partition|24002|private_fragmented
implementation_pilot_v3_dense-commercial-autonomy_no_operator-partition-private_fragmented-e24003-o124003-rnone,commercial,partition,private_fragmented,24003,124003,retailer_north,1.0,0.47500000000000003,0.43000000000000005,0.265,0.0,0.29800000000000004,0.34,0.495,0.92,0.46,0.41500000000000004,0.265,0.34,0.29800000000000004,0.0,0.34580000000000005,4.916,0.6578529599495626,0.5254238753244399,0.8788323569105613,0.9380256215172847,7.72532026896606,7.72532026896606,0.44647078453395017,0.44647078453395017,0.280172661567722,0.6,0.24804019082018322,0.3782845323135444,-0.009040583533787838,-0.363007294172348,5,12,1440,640272664fe56b9231546028931382d111d6f39bce62f13fcbb7a8202312ebf9,8.0,1.0382399999999996,1.3577600000000003,2.396,1.0182399999999996,1,0,1,False,commercial|partition|24003|private_fragmented
implementation_pilot_v3_dense-commercial-autonomy_no_operator-partition-private_fragmented-e24004-o124004-rnone,commercial,partition,private_fragmented,24004,124004,retailer_north,1.0,0.47500000000000003,0.43000000000000005,0.265,0.0,0.29800000000000004,0.34,0.495,0.92,0.46,0.41500000000000004,0.265,0.34,0.29800000000000004,0.0,0.34580000000000005,4.916,0.7706577891298296,0.5254238753244399,0.8788323569105613,0.9170489670079891,7.463112087599863,7.463112087599863,0.4254941300246545,0.4254941300246545,0.14639117787815945,0.5999999999999999,0.1669798657718398,0.35152823557563195,0.023431394691225738,0.04289243364032167,5,12,1440,2eac3edd74f4910f9a36edaf94b5060436fe7da9c1856806adfeb044c901accf,8.0,1.0382399999999996,1.3577600000000003,2.396,1.0182399999999996,1,0,1,False,commercial|partition|24004|private_fragmented
implementation_pilot_v3_dense-commercial-autonomy_no_operator-partition-private_fragmented-e24005-o124005-rnone,commercial,partition,private_fragmented,24005,124005,retailer_north,1.0,0.47500000000000003,0.43000000000000005,0.265,0.0,0.29800000000000004,0.34,0.495,0.92,0.46,0.41500000000000004,0.265,0.34,0.29800000000000004,0.0,0.34580000000000005,4.916,0.6578529599495626,0.5254238753244399,0.8788323569105613,0.9380256215172847,7.72532026896606,7.72532026896606,0.44647078453395017,0.44647078453395017,0.280172661567722,0.6,0.24804019082018322,0.3782845323135444,-0.009040583533787838,-0.363007294172348,5,12,1440,640272664fe56b9231546028931382d111d6f39bce62f13fcbb7a8202312ebf9,8.0,1.0382399999999996,1.3577600000000003,2.396,1.0182399999999996,1,0,1,False,commercial|partition|24005|private_fragmented
implementation_pilot_v3_dense-commercial-autonomy_no_operator-partition-globally_public-e24001-o124001-rnone,commercial,partition,globally_public,24001,124001,retailer_north,1.0,0.46,0.41500000000000004,0.265,0.0,0.29800000000000004,0.34,0.495,0.92,0.46,0.41500000000000004,0.265,0.34,0.29800000000000004,0.0,0.34580000000000005,4.916,0.4878527713892913,0.5254238753244399,0.8788323569105613,0.4878527713892913,2.098159642366141,2.098159642366141,-0.003702065594043291,-0.003702065594043291,6.840771704922596e-17,0.5999999999999999,4.0539612963254114e-17,0.32225000000000004,0.1885894444198009,2.107368055247511,5,12,1440,54d8a9275731a6cdfe34218c9a83bac83d97461d4c2d754e7eb4a0eb93107fbb,8.0,0.0,1.3577600000000003,1.3577600000000003,-0.02,0,0,0,False,commercial|partition|24001|globally_public
implementation_pilot_v3_dense-commercial-autonomy_no_operator-partition-globally_public-e24002-o124002-rnone,commercial,partition,globally_public,24002,124002,retailer_north,1.0,0.46,0.41500000000000004,0.265,0.0,0.29800000000000004,0.34,0.495,0.92,0.46,0.41500000000000004,0.265,0.34,0.29800000000000004,0.0,0.34580000000000005,4.916,0.4878527713892913,0.5254238753244399,0.8788323569105613,0.4878527713892913,2.098159642366141,2.098159642366141,-0.003702065594043291,-0.003702065594043291,6.840771704922596e-17,0.5999999999999999,4.0539612963254114e-17,0.32225000000000004,0.1885894444198009,2.107368055247511,5,12,1440,54d8a9275731a6cdfe34218c9a83bac83d97461d4c2d754e7eb4a0eb93107fbb,8.0,0.0,1.3577600000000003,1.3577600000000003,-0.02,0,0,0,False,commercial|partition|24002|globally_public
implementation_pilot_v3_dense-commercial-autonomy_no_operator-partition-globally_public-e24003-o124003-rnone,commercial,partition,globally_public,24003,124003,retailer_north,1.0,0.46,0.41500000000000004,0.265,0.0,0.29800000000000004,0.34,0.495,0.92,0.46,0.41500000000000004,0.265,0.34,0.29800000000000004,0.0,0.34580000000000005,4.916,0.4878527713892913,0.5254238753244399,0.8788323569105613,0.4878527713892913,2.098159642366141,2.098159642366141,-0.003702065594043291,-0.003702065594043291,6.840771704922596e-17,0.5999999999999999,4.0539612963254114e-17,0.32225000000000004,0.1885894444198009,2.107368055247511,5,12,1440,54d8a9275731a6cdfe34218c9a83bac83d97461d4c2d754e7eb4a0eb93107fbb,8.0,0.0,1.3577600000000003,1.3577600000000003,-0.02,0,0,0,False,commercial|partition|24003|globally_public
implementation_pilot_v3_dense-commercial-autonomy_no_operator-partition-globally_public-e24004-o124004-rnone,commercial,partition,globally_public,24004,124004,retailer_north,1.0,0.46,0.41500000000000004,0.265,0.0,0.29800000000000004,0.34,0.495,0.92,0.46,0.41500000000000004,0.265,0.34,0.29800000000000004,0.0,0.34580000000000005,4.916,0.4878527713892913,0.5254238753244399,0.8788323569105613,0.4878527713892913,2.098159642366141,2.098159642366141,-0.003702065594043291,-0.003702065594043291,6.840771704922596e-17,0.5999999999999999,4.0539612963254114e-17,0.32225000000000004,0.1885894444198009,2.107368055247511,5,12,1440,54d8a9275731a6cdfe34218c9a83bac83d97461d4c2d754e7eb4a0eb93107fbb,8.0,0.0,1.3577600000000003,1.3577600000000003,-0.02,0,0,0,False,commercial|partition|24004|globally_public
implementation_pilot_v3_dense-commercial-autonomy_no_operator-partition-globally_public-e24005-o124005-rnone,commercial,partition,globally_public,24005,124005,retailer_north,1.0,0.46,0.41500000000000004,0.265,0.0,0.29800000000000004,0.34,0.495,0.92,0.46,0.41500000000000004,0.265,0.34,0.29800000000000004,0.0,0.34580000000000005,4.916,0.4878527713892913,0.5254238753244399,0.8788323569105613,0.4878527713892913,2.098159642366141,2.098159642366141,-0.003702065594043291,-0.003702065594043291,6.840771704922596e-17,0.5999999999999999,4.0539612963254114e-17,0.32225000000000004,0.1885894444198009,2.107368055247511,5,12,1440,54d8a9275731a6cdfe34218c9a83bac83d97461d4c2d754e7eb4a0eb93107fbb,8.0,0.0,1.3577600000000003,1.3577600000000003,-0.02,0,0,0,False,commercial|partition|24005|globally_public
implementation_pilot_v3_dense-commercial-autonomy_no_operator-correlated-private_fragmented-e24001-o124001-rnone,commercial,correlated,private_fragmented,24001,124001,retailer_north,1.0,0.47500000000000003,0.43000000000000005,0.265,0.0,0.29800000000000004,0.34,0.495,0.72,0.46,0.41500000000000004,0.265,0.34,0.29800000000000004,0.0,0.34580000000000005,4.916,0.4878527713892913,0.5254238753244399,0.8788323569105613,0.4878527713892913,2.098159642366141,2.098159642366141,-0.003702065594043291,-0.003702065594043291,6.840771704922596e-17,1.0,4.0539612963254114e-17,0.32225000000000004,0.1885894444198009,2.107368055247511,5,24,1440,3f4f8fa5db389c13af887202b42791e213ba7575cbd811dc0b87834f2543b7fb,8.0,0.0,3.5771104,3.5771104,-0.02,0,0,0,False,commercial|correlated|24001|private_fragmented
implementation_pilot_v3_dense-commercial-autonomy_no_operator-correlated-private_fragmented-e24001-o124001-rnone,commercial,correlated,private_fragmented,24001,124001,retailer_east,0.86,0.5,0.4601,0.315,0.0,0.34800000000000003,0.3612,0.525,0.92,0.5,0.4601,0.315,0.3612,0.34800000000000003,0.0,0.38326199999999994,5.665239999999998,0.7603476560389656,0.5670145582413119,0.9322691915480672,0.7603476560389656,5.50434570048707,5.50434570048707,0.268792819055631,0.268792819055631,0.0,1.0,0.0,0.35475,0.11352866902017689,1.169108362752211,2,6,576,f6de551dcd6e3870d71323d8edb05c6f317777d0ae0c56748bf97fef01d5c5a1,8.0,0.8928864000000001,3.7224640000000004,4.6153504000000005,0.8728864000000001,1,0,1,False,commercial|correlated|24001|private_fragmented
implementation_pilot_v3_dense-commercial-autonomy_no_operator-correlated-private_fragmented-e24002-o124002-rnone,commercial,correlated,private_fragmented,24002,124002,retailer_north,1.0,0.47500000000000003,0.43000000000000005,0.265,0.0,0.29800000000000004,0.34,0.495,0.72,0.46,0.41500000000000004,0.265,0.34,0.29800000000000004,0.0,0.34580000000000005,4.916,0.4878527713892913,0.5254238753244399,0.8788323569105613,0.4878527713892913,2.098159642366141,2.098159642366141,-0.003702065594043291,-0.003702065594043291,6.840771704922596e-17,1.0,4.0539612963254114e-17,0.32225000000000004,0.1885894444198009,2.107368055247511,5,24,1440,3f4f8fa5db389c13af887202b42791e213ba7575cbd811dc0b87834f2543b7fb,8.0,0.0,3.5771104,3.5771104,-0.02,0,0,0,False,commercial|correlated|24002|private_fragmented
implementation_pilot_v3_dense-commercial-autonomy_no_operator-correlated-private_fragmented-e24002-o124002-rnone,commercial,correlated,private_fragmented,24002,124002,retailer_east,0.86,0.5,0.4601,0.315,0.0,0.34800000000000003,0.3612,0.525,0.92,0.5,0.4601,0.315,0.3612,0.34800000000000003,0.0,0.38326199999999994,5.665239999999998,0.7521324349345982,0.5670145582413119,0.9322691915480672,0.7521324349345982,5.401655436682478,5.401655436682478,0.2605775979512637,0.2605775979512637,0.0,1.0,0.0,0.35475,0.11644301870695117,1.2055377338368896,2,6,576,c2702209304e3529b5963facbacfff436e53dbab7c72653777693cef95aec720,8.0,0.0,3.7224640000000004,3.7224640000000004,-0.02,0,0,0,False,commercial|correlated|24002|private_fragmented
implementation_pilot_v3_dense-commercial-autonomy_no_operator-correlated-private_fragmented-e24003-o124003-rnone,commercial,correlated,private_fragmented,24003,124003,retailer_north,1.0,0.47500000000000003,0.43000000000000005,0.265,0.0,0.29800000000000004,0.34,0.495,0.72,0.46,0.41500000000000004,0.265,0.34,0.29800000000000004,0.0,0.34580000000000005,4.916,0.4878527713892913,0.5254238753244399,0.8788323569105613,0.4878527713892913,2.098159642366141,2.098159642366141,-0.003702065594043291,-0.003702065594043291,6.840771704922596e-17,1.0,4.0539612963254114e-17,0.32225000000000004,0.1885894444198009,2.107368055247511,5,24,1440,3f4f8fa5db389c13af887202b42791e213ba7575cbd811dc0b87834f2543b7fb,8.0,0.0,3.5771104,3.5771104,-0.02,0,0,0,False,commercial|correlated|24003|private_fragmented
implementation_pilot_v3_dense-commercial-autonomy_no_operator-correlated-private_fragmented-e24003-o124003-rnone,commercial,correlated,private_fragmented,24003,124003,retailer_east,0.86,0.5,0.4601,0.315,0.0,0.34800000000000003,0.3612,0.525,0.92,0.5,0.4601,0.315,0.3612,0.34800000000000003,0.0,0.38326199999999994,5.665239999999998,0.727448560399438,0.5670145582413119,0.9322691915480672,0.727448560399438,5.093107004992974,5.093107004992974,0.23589372341610337,0.23589372341610337,0.0,1.0,0.0,0.35475,0.1251996231982993,1.3149952899787412,2,6,576,7147f9b1ec780240d11a06ffde623bc4f4783bd8a0957dbd8aff226c1395cc75,8.0,0.0,3.7224640000000004,3.7224640000000004,-0.02,0,0,0,False,commercial|correlated|24003|private_fragmented
implementation_pilot_v3_dense-commercial-autonomy_no_operator-correlated-private_fragmented-e24004-o124004-rnone,commercial,correlated,private_fragmented,24004,124004,retailer_north,1.0,0.47500000000000003,0.43000000000000005,0.265,0.0,0.29800000000000004,0.34,0.495,0.72,0.46,0.41500000000000004,0.265,0.34,0.29800000000000004,0.0,0.34580000000000005,4.916,0.4878527713892913,0.5254238753244399,0.8788323569105613,0.4878527713892913,2.098159642366141,2.098159642366141,-0.003702065594043291,-0.003702065594043291,6.840771704922596e-17,1.0,4.0539612963254114e-17,0.32225000000000004,0.1885894444198009,2.107368055247511,5,24,1440,3f4f8fa5db389c13af887202b42791e213ba7575cbd811dc0b87834f2543b7fb,8.0,0.0,3.5771104,3.5771104,-0.02,0,0,0,False,commercial|correlated|24004|private_fragmented
implementation_pilot_v3_dense-commercial-autonomy_no_operator-correlated-private_fragmented-e24004-o124004-rnone,commercial,correlated,private_fragmented,24004,124004,retailer_east,0.86,0.5,0.4601,0.315,0.0,0.34800000000000003,0.3612,0.525,0.92,0.5,0.4601,0.315,0.3612,0.34800000000000003,0.0,0.38326199999999994,5.665239999999998,0.7521324349345982,0.5670145582413119,0.9322691915480672,0.7521324349345982,5.401655436682478,5.401655436682478,0.2605775979512637,0.2605775979512637,0.0,1.0,0.0,0.35475,0.11644301870695117,1.2055377338368896,2,6,576,c2702209304e3529b5963facbacfff436e53dbab7c72653777693cef95aec720,8.0,0.0,3.7224640000000004,3.7224640000000004,-0.02,0,0,0,False,commercial|correlated|24004|private_fragmented
implementation_pilot_v3_dense-commercial-autonomy_no_operator-correlated-private_fragmented-e24005-o124005-rnone,commercial,correlated,private_fragmented,24005,124005,retailer_north,1.0,0.47500000000000003,0.43000000000000005,0.265,0.0,0.29800000000000004,0.34,0.495,0.72,0.46,0.41500000000000004,0.265,0.34,0.29800000000000004,0.0,0.34580000000000005,4.916,0.4878527713892913,0.5254238753244399,0.8788323569105613,0.4878527713892913,2.098159642366141,2.098159642366141,-0.003702065594043291,-0.003702065594043291,6.840771704922596e-17,1.0,4.0539612963254114e-17,0.32225000000000004,0.1885894444198009,2.107368055247511,5,24,1440,3f4f8fa5db389c13af887202b42791e213ba7575cbd811dc0b87834f2543b7fb,8.0,0.0,3.5771104,3.5771104,-0.02,0,0,0,False,commercial|correlated|24005|private_fragmented
implementation_pilot_v3_dense-commercial-autonomy_no_operator-correlated-private_fragmented-e24005-o124005-rnone,commercial,correlated,private_fragmented,24005,124005,retailer_east,0.86,0.5,0.4601,0.315,0.0,0.34800000000000003,0.3612,0.525,0.92,0.5,0.4601,0.315,0.3612,0.34800000000000003,0.0,0.38326199999999994,5.665239999999998,0.7521324349345982,0.5670145582413119,0.9322691915480672,0.7521324349345982,5.401655436682478,5.401655436682478,0.2605775979512637,0.2605775979512637,0.0,1.0,0.0,0.35475,0.11644301870695117,1.2055377338368896,2,6,576,c2702209304e3529b5963facbacfff436e53dbab7c72653777693cef95aec720,8.0,0.0,3.7224640000000004,3.7224640000000004,-0.02,0,0,0,False,commercial|correlated|24005|private_fragmented
implementation_pilot_v3_dense-commercial-autonomy_no_operator-correlated-globally_public-e24001-o124001-rnone,commercial,correlated,globally_public,24001,124001,retailer_north,1.0,0.46,0.41500000000000004,0.265,0.0,0.29800000000000004,0.34,0.495,0.72,0.46,0.41500000000000004,0.265,0.34,0.29800000000000004,0.0,0.34580000000000005,4.916,0.4878527713892913,0.5254238753244399,0.8788323569105613,0.4878527713892913,2.098159642366141,2.098159642366141,-0.003702065594043291,-0.003702065594043291,6.840771704922596e-17,1.0,4.0539612963254114e-17,0.32225000000000004,0.1885894444198009,2.107368055247511,5,24,1440,b3d44f2125e5fdb7f0a0ce4a24803ed298d6ba164b3f7fc156eb3a23fa887b5f,8.0,0.0,3.5771104,3.5771104,-0.02,0,0,0,False,commercial|correlated|24001|globally_public
implementation_pilot_v3_dense-commercial-autonomy_no_operator-correlated-globally_public-e24001-o124001-rnone,commercial,correlated,globally_public,24001,124001,retailer_east,0.86,0.5,0.4601,0.315,0.0,0.34800000000000003,0.3612,0.525,0.92,0.5,0.4601,0.315,0.3612,0.34800000000000003,0.0,0.38326199999999994,5.665239999999998,0.4878527713892913,0.5670145582413119,0.9322691915480672,0.4878527713892913,2.098159642366141,2.098159642366141,-0.003702065594043291,-0.003702065594043291,0.0,1.0,0.0,0.35475,0.21019622934964885,2.3774528668706107,2,6,576,5610475ae484fc08c1ac5955c02da068bb09627636a5caa4f0088190c96b69d7,8.0,0.0,3.7224640000000004,3.7224640000000004,-0.02,0,0,0,False,commercial|correlated|24001|globally_public
implementation_pilot_v3_dense-commercial-autonomy_no_operator-correlated-globally_public-e24002-o124002-rnone,commercial,correlated,globally_public,24002,124002,retailer_north,1.0,0.46,0.41500000000000004,0.265,0.0,0.29800000000000004,0.34,0.495,0.72,0.46,0.41500000000000004,0.265,0.34,0.29800000000000004,0.0,0.34580000000000005,4.916,0.4878527713892913,0.5254238753244399,0.8788323569105613,0.4878527713892913,2.098159642366141,2.098159642366141,-0.003702065594043291,-0.003702065594043291,6.840771704922596e-17,1.0,4.0539612963254114e-17,0.32225000000000004,0.1885894444198009,2.107368055247511,5,24,1440,b3d44f2125e5fdb7f0a0ce4a24803ed298d6ba164b3f7fc156eb3a23fa887b5f,8.0,0.0,3.5771104,3.5771104,-0.02,0,0,0,False,commercial|correlated|24002|globally_public
implementation_pilot_v3_dense-commercial-autonomy_no_operator-correlated-globally_public-e24002-o124002-rnone,commercial,correlated,globally_public,24002,124002,retailer_east,0.86,0.5,0.4601,0.315,0.0,0.34800000000000003,0.3612,0.525,0.92,0.5,0.4601,0.315,0.3612,0.34800000000000003,0.0,0.38326199999999994,5.665239999999998,0.4878527713892913,0.5670145582413119,0.9322691915480672,0.4878527713892913,2.098159642366141,2.098159642366141,-0.003702065594043291,-0.003702065594043291,0.0,1.0,0.0,0.35475,0.21019622934964885,2.3774528668706107,2,6,576,5610475ae484fc08c1ac5955c02da068bb09627636a5caa4f0088190c96b69d7,8.0,0.0,3.7224640000000004,3.7224640000000004,-0.02,0,0,0,False,commercial|correlated|24002|globally_public
implementation_pilot_v3_dense-commercial-autonomy_no_operator-correlated-globally_public-e24003-o124003-rnone,commercial,correlated,globally_public,24003,124003,retailer_north,1.0,0.46,0.41500000000000004,0.265,0.0,0.29800000000000004,0.34,0.495,0.72,0.46,0.41500000000000004,0.265,0.34,0.29800000000000004,0.0,0.34580000000000005,4.916,0.4878527713892913,0.5254238753244399,0.8788323569105613,0.4878527713892913,2.098159642366141,2.098159642366141,-0.003702065594043291,-0.003702065594043291,6.840771704922596e-17,1.0,4.0539612963254114e-17,0.32225000000000004,0.1885894444198009,2.107368055247511,5,24,1440,b3d44f2125e5fdb7f0a0ce4a24803ed298d6ba164b3f7fc156eb3a23fa887b5f,8.0,0.0,3.5771104,3.5771104,-0.02,0,0,0,False,commercial|correlated|24003|globally_public
implementation_pilot_v3_dense-commercial-autonomy_no_operator-correlated-globally_public-e24003-o124003-rnone,commercial,correlated,globally_public,24003,124003,retailer_east,0.86,0.5,0.4601,0.315,0.0,0.34800000000000003,0.3612,0.525,0.92,0.5,0.4601,0.315,0.3612,0.34800000000000003,0.0,0.38326199999999994,5.665239999999998,0.4878527713892913,0.5670145582413119,0.9322691915480672,0.4878527713892913,2.098159642366141,2.098159642366141,-0.003702065594043291,-0.003702065594043291,0.0,1.0,0.0,0.35475,0.21019622934964885,2.3774528668706107,2,6,576,5610475ae484fc08c1ac5955c02da068bb09627636a5caa4f0088190c96b69d7,8.0,0.0,3.7224640000000004,3.7224640000000004,-0.02,0,0,0,False,commercial|correlated|24003|globally_public
implementation_pilot_v3_dense-commercial-autonomy_no_operator-correlated-globally_public-e24004-o124004-rnone,commercial,correlated,globally_public,24004,124004,retailer_north,1.0,0.46,0.41500000000000004,0.265,0.0,0.29800000000000004,0.34,0.495,0.72,0.46,0.41500000000000004,0.265,0.34,0.29800000000000004,0.0,0.34580000000000005,4.916,0.4878527713892913,0.5254238753244399,0.8788323569105613,0.4878527713892913,2.098159642366141,2.098159642366141,-0.003702065594043291,-0.003702065594043291,6.840771704922596e-17,1.0,4.0539612963254114e-17,0.32225000000000004,0.1885894444198009,2.107368055247511,5,24,1440,b3d44f2125e5fdb7f0a0ce4a24803ed298d6ba164b3f7fc156eb3a23fa887b5f,8.0,0.0,3.5771104,3.5771104,-0.02,0,0,0,False,commercial|correlated|24004|globally_public
implementation_pilot_v3_dense-commercial-autonomy_no_operator-correlated-globally_public-e24004-o124004-rnone,commercial,correlated,globally_public,24004,124004,retailer_east,0.86,0.5,0.4601,0.315,0.0,0.34800000000000003,0.3612,0.525,0.92,0.5,0.4601,0.315,0.3612,0.34800000000000003,0.0,0.38326199999999994,5.665239999999998,0.4878527713892913,0.5670145582413119,0.9322691915480672,0.4878527713892913,2.098159642366141,2.098159642366141,-0.003702065594043291,-0.003702065594043291,0.0,1.0,0.0,0.35475,0.21019622934964885,2.3774528668706107,2,6,576,5610475ae484fc08c1ac5955c02da068bb09627636a5caa4f0088190c96b69d7,8.0,0.0,3.7224640000000004,3.7224640000000004,-0.02,0,0,0,False,commercial|correlated|24004|globally_public
implementation_pilot_v3_dense-commercial-autonomy_no_operator-correlated-globally_public-e24005-o124005-rnone,commercial,correlated,globally_public,24005,124005,retailer_north,1.0,0.46,0.41500000000000004,0.265,0.0,0.29800000000000004,0.34,0.495,0.72,0.46,0.41500000000000004,0.265,0.34,0.29800000000000004,0.0,0.34580000000000005,4.916,0.4878527713892913,0.5254238753244399,0.8788323569105613,0.4878527713892913,2.098159642366141,2.098159642366141,-0.003702065594043291,-0.003702065594043291,6.840771704922596e-17,1.0,4.0539612963254114e-17,0.32225000000000004,0.1885894444198009,2.107368055247511,5,24,1440,b3d44f2125e5fdb7f0a0ce4a24803ed298d6ba164b3f7fc156eb3a23fa887b5f,8.0,0.0,3.5771104,3.5771104,-0.02,0,0,0,False,commercial|correlated|24005|globally_public
implementation_pilot_v3_dense-commercial-autonomy_no_operator-correlated-globally_public-e24005-o124005-rnone,commercial,correlated,globally_public,24005,124005,retailer_east,0.86,0.5,0.4601,0.315,0.0,0.34800000000000003,0.3612,0.525,0.92,0.5,0.4601,0.315,0.3612,0.34800000000000003,0.0,0.38326199999999994,5.665239999999998,0.4878527713892913,0.5670145582413119,0.9322691915480672,0.4878527713892913,2.098159642366141,2.098159642366141,-0.003702065594043291,-0.003702065594043291,0.0,1.0,0.0,0.35475,0.21019622934964885,2.3774528668706107,2,6,576,5610475ae484fc08c1ac5955c02da068bb09627636a5caa4f0088190c96b69d7,8.0,0.0,3.7224640000000004,3.7224640000000004,-0.02,0,0,0,False,commercial|correlated|24005|globally_public
implementation_pilot_v3_dense-commercial-autonomy_no_operator-compound-private_fragmented-e24001-o124001-rnone,commercial,compound,private_fragmented,24001,124001,retailer_north,1.0,0.47500000000000003,0.43000000000000005,0.265,0.0,0.29800000000000004,0.34,0.495,0.92,0.46,0.41500000000000004,0.265,0.34,0.29800000000000004,0.0,0.34580000000000005,4.916,0.7504216537196745,0.5254238753244399,0.8788323569105613,0.7571101773493977,5.463877216867471,5.463877216867471,0.2655553403660631,0.2655553403660631,0.0066885236297231625,0.6,0.022281635955042726,0.32358770472594467,0.10080845548685555,1.0101056935856942,5,12,1440,a71af5c71bc40876fafc15214dffc46753592bd5c57ba229268e92953c9285ed,8.0,0.0,5.626732800000001,5.626732800000001,-0.02,0,0,0,False,commercial|compound|24001|private_fragmented
implementation_pilot_v3_dense-commercial-autonomy_no_operator-compound-private_fragmented-e24001-o124001-rnone,commercial,compound,private_fragmented,24001,124001,retailer_east,0.86,0.5,0.4601,0.315,0.0,0.34800000000000003,0.3612,0.525,0.72,0.5,0.4601,0.315,0.3612,0.34800000000000003,0.0,0.38326199999999994,5.665239999999998,0.4878527713892913,0.5670145582413119,0.9322691915480672,0.4878527713892913,2.098159642366141,2.098159642366141,-0.003702065594043291,-0.003702065594043291,0.0,1.0,0.0,0.35475,0.21019622934964885,2.3774528668706107,2,6,576,2b2a1c0152692a8556e5b131601e19b7332edd205b3cfbf211571654768b7930,8.0,0.0,5.772086400000001,5.772086400000001,-0.02,0,0,0,False,commercial|compound|24001|private_fragmented
implementation_pilot_v3_dense-commercial-autonomy_no_operator-compound-private_fragmented-e24001-o124001-rnone,commercial,compound,private_fragmented,24001,124001,retailer_south,0.74,0.54,0.5059,0.365,0.0,0.398,0.37,0.555,0.92,0.54,0.5059,0.365,0.37,0.398,0.0,0.419362,6.38724,0.8902602465395183,0.6010875927101489,0.9697686402763741,0.9697735931806998,8.122169914758748,8.122169914758748,0.4782187561973652,0.4782187561973652,0.07951334664118138,0.6666666666666666,0.12370316058046972,0.40315266932823624,0.028395187265165878,0.10493984081457342,3,6,864,a24f27912ed399cf4f49e89d7ad5f4803a3cc0923fb49eaec409248fbf03843a,8.0,0.7682976000000004,5.8966752,6.6649728,0.7482976000000003,1,0,1,False,commercial|compound|24001|private_fragmented
implementation_pilot_v3_dense-commercial-autonomy_no_operator-compound-private_fragmented-e24002-o124002-rnone,commercial,compound,private_fragmented,24002,124002,retailer_north,1.0,0.47500000000000003,0.43000000000000005,0.265,0.0,0.29800000000000004,0.34,0.495,0.92,0.46,0.41500000000000004,0.265,0.34,0.29800000000000004,0.0,0.34580000000000005,4.916,0.7504216537196745,0.5254238753244399,0.8788323569105613,0.7571101773493977,5.463877216867471,5.463877216867471,0.2655553403660631,0.2655553403660631,0.0066885236297231625,0.6,0.022281635955042726,0.32358770472594467,0.10080845548685555,1.0101056935856942,5,12,1440,a71af5c71bc40876fafc15214dffc46753592bd5c57ba229268e92953c9285ed,8.0,0.0,5.626732800000001,5.626732800000001,-0.02,0,0,0,False,commercial|compound|24002|private_fragmented
implementation_pilot_v3_dense-commercial-autonomy_no_operator-compound-private_fragmented-e24002-o124002-rnone,commercial,compound,private_fragmented,24002,124002,retailer_east,0.86,0.5,0.4601,0.315,0.0,0.34800000000000003,0.3612,0.525,0.72,0.5,0.4601,0.315,0.3612,0.34800000000000003,0.0,0.38326199999999994,5.665239999999998,0.4878527713892913,0.5670145582413119,0.9322691915480672,0.4878527713892913,2.098159642366141,2.098159642366141,-0.003702065594043291,-0.003702065594043291,0.0,1.0,0.0,0.35475,0.21019622934964885,2.3774528668706107,2,6,576,2b2a1c0152692a8556e5b131601e19b7332edd205b3cfbf211571654768b7930,8.0,0.0,5.772086400000001,5.772086400000001,-0.02,0,0,0,False,commercial|compound|24002|private_fragmented
implementation_pilot_v3_dense-commercial-autonomy_no_operator-compound-private_fragmented-e24002-o124002-rnone,commercial,compound,private_fragmented,24002,124002,retailer_south,0.74,0.54,0.5059,0.365,0.0,0.398,0.37,0.555,0.92,0.54,0.5059,0.365,0.37,0.398,0.0,0.419362,6.38724,0.8004017366324163,0.6010875927101489,0.9697686402763741,0.9789676138153003,8.237095172691253,8.237095172691253,0.4874127768319657,0.4874127768319657,0.1785658771828839,0.6666666666666666,0.1836698006804816,0.42296317543657674,0.005294749411112243,-0.18381563236109702,3,6,864,4ef5b2da7e925bd1554930ee0ef7feecbef778fd44f12e38e3d3a4f880328b90,8.0,0.7682976000000004,5.8966752,6.6649728,0.7482976000000003,1,0,1,False,commercial|compound|24002|private_fragmented
implementation_pilot_v3_dense-commercial-autonomy_no_operator-compound-private_fragmented-e24003-o124003-rnone,commercial,compound,private_fragmented,24003,124003,retailer_north,1.0,0.47500000000000003,0.43000000000000005,0.265,0.0,0.29800000000000004,0.34,0.495,0.92,0.46,0.41500000000000004,0.265,0.34,0.29800000000000004,0.0,0.34580000000000005,4.916,0.6578529599495626,0.5254238753244399,0.8788323569105613,0.9380256215172847,7.72532026896606,7.72532026896606,0.44647078453395017,0.44647078453395017,0.280172661567722,0.6,0.24804019082018322,0.3782845323135444,-0.009040583533787838,-0.363007294172348,5,12,1440,762da4714f5951d359c580110e6bfc9e6a12e58999f9adac185fd72055d9a010,8.0,1.0382399999999992,5.626732800000001,6.6649728,1.0182399999999991,1,0,1,False,commercial|compound|24003|private_fragmented
implementation_pilot_v3_dense-commercial-autonomy_no_operator-compound-private_fragmented-e24003-o124003-rnone,commercial,compound,private_fragmented,24003,124003,retailer_east,0.86,0.5,0.4601,0.315,0.0,0.34800000000000003,0.3612,0.525,0.72,0.5,0.4601,0.315,0.3612,0.34800000000000003,0.0,0.38326199999999994,5.665239999999998,0.4878527713892913,0.5670145582413119,0.9322691915480672,0.4878527713892913,2.098159642366141,2.098159642366141,-0.003702065594043291,-0.003702065594043291,0.0,1.0,0.0,0.35475,0.21019622934964885,2.3774528668706107,2,6,576,2b2a1c0152692a8556e5b131601e19b7332edd205b3cfbf211571654768b7930,8.0,0.0,5.772086400000001,5.772086400000001,-0.02,0,0,0,False,commercial|compound|24003|private_fragmented
implementation_pilot_v3_dense-commercial-autonomy_no_operator-compound-private_fragmented-e24003-o124003-rnone,commercial,compound,private_fragmented,24003,124003,retailer_south,0.74,0.54,0.5059,0.365,0.0,0.398,0.37,0.555,0.92,0.54,0.5059,0.365,0.37,0.398,0.0,0.419362,6.38724,0.771748303259055,0.6010875927101489,0.9697686402763741,0.7746712414698708,5.683390518373384,5.683390518373384,0.2831164044865362,0.2831164044865362,0.0029229382108159467,0.6666666666666666,0.016520490837025767,0.38783458764216316,0.11891769850629008,1.236471231328626,3,6,864,4e03a10b5bcb2ebd962543c351381d17994faf788edd17817dc84d16ccce9842,8.0,0.7682976000000004,5.8966752,6.6649728,0.7482976000000003,1,0,1,False,commercial|compound|24003|private_fragmented
implementation_pilot_v3_dense-commercial-autonomy_no_operator-compound-private_fragmented-e24004-o124004-rnone,commercial,compound,private_fragmented,24004,124004,retailer_north,1.0,0.47500000000000003,0.43000000000000005,0.265,0.0,0.29800000000000004,0.34,0.495,0.92,0.46,0.41500000000000004,0.265,0.34,0.29800000000000004,0.0,0.34580000000000005,4.916,0.7706577891298296,0.5254238753244399,0.8788323569105613,0.9170489670079891,7.463112087599863,7.463112087599863,0.4254941300246545,0.4254941300246545,0.14639117787815945,0.5999999999999999,0.1669798657718398,0.35152823557563195,0.023431394691225738,0.04289243364032167,5,12,1440,98884157a73033b5123b35fec74392c0c122da816bb332779cc4220787e7ff1d,8.0,1.0382399999999992,5.626732800000001,6.6649728,1.0182399999999991,1,0,1,False,commercial|compound|24004|private_fragmented
implementation_pilot_v3_dense-commercial-autonomy_no_operator-compound-private_fragmented-e24004-o124004-rnone,commercial,compound,private_fragmented,24004,124004,retailer_east,0.86,0.5,0.4601,0.315,0.0,0.34800000000000003,0.3612,0.525,0.72,0.5,0.4601,0.315,0.3612,0.34800000000000003,0.0,0.38326199999999994,5.665239999999998,0.4878527713892913,0.5670145582413119,0.9322691915480672,0.4878527713892913,2.098159642366141,2.098159642366141,-0.003702065594043291,-0.003702065594043291,0.0,1.0,0.0,0.35475,0.21019622934964885,2.3774528668706107,2,6,576,2b2a1c0152692a8556e5b131601e19b7332edd205b3cfbf211571654768b7930,8.0,0.0,5.772086400000001,5.772086400000001,-0.02,0,0,0,False,commercial|compound|24004|private_fragmented
implementation_pilot_v3_dense-commercial-autonomy_no_operator-compound-private_fragmented-e24004-o124004-rnone,commercial,compound,private_fragmented,24004,124004,retailer_south,0.74,0.54,0.5059,0.365,0.0,0.398,0.37,0.555,0.92,0.54,0.5059,0.365,0.37,0.398,0.0,0.419362,6.38724,0.8902602465395183,0.6010875927101489,0.9697686402763741,0.9697735931806998,8.122169914758748,8.122169914758748,0.4782187561973652,0.4782187561973652,0.07951334664118138,0.6666666666666666,0.12370316058046972,0.40315266932823624,0.028395187265165878,0.10493984081457342,3,6,864,a24f27912ed399cf4f49e89d7ad5f4803a3cc0923fb49eaec409248fbf03843a,8.0,0.7682976000000004,5.8966752,6.6649728,0.7482976000000003,1,0,1,False,commercial|compound|24004|private_fragmented
implementation_pilot_v3_dense-commercial-autonomy_no_operator-compound-private_fragmented-e24005-o124005-rnone,commercial,compound,private_fragmented,24005,124005,retailer_north,1.0,0.47500000000000003,0.43000000000000005,0.265,0.0,0.29800000000000004,0.34,0.495,0.92,0.46,0.41500000000000004,0.265,0.34,0.29800000000000004,0.0,0.34580000000000005,4.916,0.6578529599495626,0.5254238753244399,0.8788323569105613,0.9380256215172847,7.72532026896606,7.72532026896606,0.44647078453395017,0.44647078453395017,0.280172661567722,0.6,0.24804019082018322,0.3782845323135444,-0.009040583533787838,-0.363007294172348,5,12,1440,762da4714f5951d359c580110e6bfc9e6a12e58999f9adac185fd72055d9a010,8.0,1.0382399999999992,5.626732800000001,6.6649728,1.0182399999999991,1,0,1,False,commercial|compound|24005|private_fragmented
implementation_pilot_v3_dense-commercial-autonomy_no_operator-compound-private_fragmented-e24005-o124005-rnone,commercial,compound,private_fragmented,24005,124005,retailer_east,0.86,0.5,0.4601,0.315,0.0,0.34800000000000003,0.3612,0.525,0.72,0.5,0.4601,0.315,0.3612,0.34800000000000003,0.0,0.38326199999999994,5.665239999999998,0.4878527713892913,0.5670145582413119,0.9322691915480672,0.4878527713892913,2.098159642366141,2.098159642366141,-0.003702065594043291,-0.003702065594043291,0.0,1.0,0.0,0.35475,0.21019622934964885,2.3774528668706107,2,6,576,2b2a1c0152692a8556e5b131601e19b7332edd205b3cfbf211571654768b7930,8.0,0.0,5.772086400000001,5.772086400000001,-0.02,0,0,0,False,commercial|compound|24005|private_fragmented
implementation_pilot_v3_dense-commercial-autonomy_no_operator-compound-private_fragmented-e24005-o124005-rnone,commercial,compound,private_fragmented,24005,124005,retailer_south,0.74,0.54,0.5059,0.365,0.0,0.398,0.37,0.555,0.92,0.54,0.5059,0.365,0.37,0.398,0.0,0.419362,6.38724,0.8902602465395183,0.6010875927101489,0.9697686402763741,0.9697735931806998,8.122169914758748,8.122169914758748,0.4782187561973652,0.4782187561973652,0.07951334664118138,0.6666666666666666,0.12370316058046972,0.40315266932823624,0.028395187265165878,0.10493984081457342,3,6,864,a24f27912ed399cf4f49e89d7ad5f4803a3cc0923fb49eaec409248fbf03843a,8.0,0.0,5.8966752,5.8966752,-0.02,0,0,0,False,commercial|compound|24005|private_fragmented
implementation_pilot_v3_dense-commercial-autonomy_no_operator-compound-globally_public-e24001-o124001-rnone,commercial,compound,globally_public,24001,124001,retailer_north,1.0,0.46,0.41500000000000004,0.265,0.0,0.29800000000000004,0.34,0.495,0.92,0.46,0.41500000000000004,0.265,0.34,0.29800000000000004,0.0,0.34580000000000005,4.916,0.4878527713892913,0.5254238753244399,0.8788323569105613,0.4878527713892913,2.098159642366141,2.098159642366141,-0.003702065594043291,-0.003702065594043291,6.840771704922596e-17,0.5999999999999999,4.0539612963254114e-17,0.32225000000000004,0.1885894444198009,2.107368055247511,5,12,1440,02073ab29bf8940ffcad9e626ccfdb6d70bac6930475773d308cbc2b5bbcec04,8.0,0.0,5.626732800000001,5.626732800000001,-0.02,0,0,0,False,commercial|compound|24001|globally_public
implementation_pilot_v3_dense-commercial-autonomy_no_operator-compound-globally_public-e24001-o124001-rnone,commercial,compound,globally_public,24001,124001,retailer_east,0.86,0.5,0.4601,0.315,0.0,0.34800000000000003,0.3612,0.525,0.72,0.5,0.4601,0.315,0.3612,0.34800000000000003,0.0,0.38326199999999994,5.665239999999998,0.4878527713892913,0.5670145582413119,0.9322691915480672,0.4878527713892913,2.098159642366141,2.098159642366141,-0.003702065594043291,-0.003702065594043291,0.0,1.0,0.0,0.35475,0.21019622934964885,2.3774528668706107,2,6,576,2b2a1c0152692a8556e5b131601e19b7332edd205b3cfbf211571654768b7930,8.0,0.0,5.772086400000001,5.772086400000001,-0.02,0,0,0,False,commercial|compound|24001|globally_public
implementation_pilot_v3_dense-commercial-autonomy_no_operator-compound-globally_public-e24001-o124001-rnone,commercial,compound,globally_public,24001,124001,retailer_south,0.74,0.54,0.5059,0.365,0.0,0.398,0.37,0.555,0.92,0.54,0.5059,0.365,0.37,0.398,0.0,0.419362,6.38724,0.4878527713892913,0.6010875927101489,0.9697686402763741,0.4878527713892913,2.098159642366141,2.098159642366141,-0.003702065594043291,-0.003702065594043291,0.0,0.6666666666666666,0.0,0.38725,0.23044101427949698,2.630512678493712,3,6,864,decd9f0207e51f03de38625451bdd9f06c8e9c91cd311417b1101af59db467e1,8.0,0.0,5.8966752,5.8966752,-0.02,0,0,0,False,commercial|compound|24001|globally_public
implementation_pilot_v3_dense-commercial-autonomy_no_operator-compound-globally_public-e24002-o124002-rnone,commercial,compound,globally_public,24002,124002,retailer_north,1.0,0.46,0.41500000000000004,0.265,0.0,0.29800000000000004,0.34,0.495,0.92,0.46,0.41500000000000004,0.265,0.34,0.29800000000000004,0.0,0.34580000000000005,4.916,0.4878527713892913,0.5254238753244399,0.8788323569105613,0.4878527713892913,2.098159642366141,2.098159642366141,-0.003702065594043291,-0.003702065594043291,6.840771704922596e-17,0.5999999999999999,4.0539612963254114e-17,0.32225000000000004,0.1885894444198009,2.107368055247511,5,12,1440,02073ab29bf8940ffcad9e626ccfdb6d70bac6930475773d308cbc2b5bbcec04,8.0,0.0,5.626732800000001,5.626732800000001,-0.02,0,0,0,False,commercial|compound|24002|globally_public
implementation_pilot_v3_dense-commercial-autonomy_no_operator-compound-globally_public-e24002-o124002-rnone,commercial,compound,globally_public,24002,124002,retailer_east,0.86,0.5,0.4601,0.315,0.0,0.34800000000000003,0.3612,0.525,0.72,0.5,0.4601,0.315,0.3612,0.34800000000000003,0.0,0.38326199999999994,5.665239999999998,0.4878527713892913,0.5670145582413119,0.9322691915480672,0.4878527713892913,2.098159642366141,2.098159642366141,-0.003702065594043291,-0.003702065594043291,0.0,1.0,0.0,0.35475,0.21019622934964885,2.3774528668706107,2,6,576,2b2a1c0152692a8556e5b131601e19b7332edd205b3cfbf211571654768b7930,8.0,0.0,5.772086400000001,5.772086400000001,-0.02,0,0,0,False,commercial|compound|24002|globally_public
implementation_pilot_v3_dense-commercial-autonomy_no_operator-compound-globally_public-e24002-o124002-rnone,commercial,compound,globally_public,24002,124002,retailer_south,0.74,0.54,0.5059,0.365,0.0,0.398,0.37,0.555,0.92,0.54,0.5059,0.365,0.37,0.398,0.0,0.419362,6.38724,0.4878527713892913,0.6010875927101489,0.9697686402763741,0.4878527713892913,2.098159642366141,2.098159642366141,-0.003702065594043291,-0.003702065594043291,0.0,0.6666666666666666,0.0,0.38725,0.23044101427949698,2.630512678493712,3,6,864,decd9f0207e51f03de38625451bdd9f06c8e9c91cd311417b1101af59db467e1,8.0,0.0,5.8966752,5.8966752,-0.02,0,0,0,False,commercial|compound|24002|globally_public
implementation_pilot_v3_dense-commercial-autonomy_no_operator-compound-globally_public-e24003-o124003-rnone,commercial,compound,globally_public,24003,124003,retailer_north,1.0,0.46,0.41500000000000004,0.265,0.0,0.29800000000000004,0.34,0.495,0.92,0.46,0.41500000000000004,0.265,0.34,0.29800000000000004,0.0,0.34580000000000005,4.916,0.4878527713892913,0.5254238753244399,0.8788323569105613,0.4878527713892913,2.098159642366141,2.098159642366141,-0.003702065594043291,-0.003702065594043291,6.840771704922596e-17,0.5999999999999999,4.0539612963254114e-17,0.32225000000000004,0.1885894444198009,2.107368055247511,5,12,1440,02073ab29bf8940ffcad9e626ccfdb6d70bac6930475773d308cbc2b5bbcec04,8.0,0.0,5.626732800000001,5.626732800000001,-0.02,0,0,0,False,commercial|compound|24003|globally_public
implementation_pilot_v3_dense-commercial-autonomy_no_operator-compound-globally_public-e24003-o124003-rnone,commercial,compound,globally_public,24003,124003,retailer_east,0.86,0.5,0.4601,0.315,0.0,0.34800000000000003,0.3612,0.525,0.72,0.5,0.4601,0.315,0.3612,0.34800000000000003,0.0,0.38326199999999994,5.665239999999998,0.4878527713892913,0.5670145582413119,0.9322691915480672,0.4878527713892913,2.098159642366141,2.098159642366141,-0.003702065594043291,-0.003702065594043291,0.0,1.0,0.0,0.35475,0.21019622934964885,2.3774528668706107,2,6,576,2b2a1c0152692a8556e5b131601e19b7332edd205b3cfbf211571654768b7930,8.0,0.0,5.772086400000001,5.772086400000001,-0.02,0,0,0,False,commercial|compound|24003|globally_public
implementation_pilot_v3_dense-commercial-autonomy_no_operator-compound-globally_public-e24003-o124003-rnone,commercial,compound,globally_public,24003,124003,retailer_south,0.74,0.54,0.5059,0.365,0.0,0.398,0.37,0.555,0.92,0.54,0.5059,0.365,0.37,0.398,0.0,0.419362,6.38724,0.4878527713892913,0.6010875927101489,0.9697686402763741,0.4878527713892913,2.098159642366141,2.098159642366141,-0.003702065594043291,-0.003702065594043291,0.0,0.6666666666666666,0.0,0.38725,0.23044101427949698,2.630512678493712,3,6,864,decd9f0207e51f03de38625451bdd9f06c8e9c91cd311417b1101af59db467e1,8.0,0.0,5.8966752,5.8966752,-0.02,0,0,0,False,commercial|compound|24003|globally_public
implementation_pilot_v3_dense-commercial-autonomy_no_operator-compound-globally_public-e24004-o124004-rnone,commercial,compound,globally_public,24004,124004,retailer_north,1.0,0.46,0.41500000000000004,0.265,0.0,0.29800000000000004,0.34,0.495,0.92,0.46,0.41500000000000004,0.265,0.34,0.29800000000000004,0.0,0.34580000000000005,4.916,0.4878527713892913,0.5254238753244399,0.8788323569105613,0.4878527713892913,2.098159642366141,2.098159642366141,-0.003702065594043291,-0.003702065594043291,6.840771704922596e-17,0.5999999999999999,4.0539612963254114e-17,0.32225000000000004,0.1885894444198009,2.107368055247511,5,12,1440,02073ab29bf8940ffcad9e626ccfdb6d70bac6930475773d308cbc2b5bbcec04,8.0,0.0,5.626732800000001,5.626732800000001,-0.02,0,0,0,False,commercial|compound|24004|globally_public
implementation_pilot_v3_dense-commercial-autonomy_no_operator-compound-globally_public-e24004-o124004-rnone,commercial,compound,globally_public,24004,124004,retailer_east,0.86,0.5,0.4601,0.315,0.0,0.34800000000000003,0.3612,0.525,0.72,0.5,0.4601,0.315,0.3612,0.34800000000000003,0.0,0.38326199999999994,5.665239999999998,0.4878527713892913,0.5670145582413119,0.9322691915480672,0.4878527713892913,2.098159642366141,2.098159642366141,-0.003702065594043291,-0.003702065594043291,0.0,1.0,0.0,0.35475,0.21019622934964885,2.3774528668706107,2,6,576,2b2a1c0152692a8556e5b131601e19b7332edd205b3cfbf211571654768b7930,8.0,0.0,5.772086400000001,5.772086400000001,-0.02,0,0,0,False,commercial|compound|24004|globally_public
implementation_pilot_v3_dense-commercial-autonomy_no_operator-compound-globally_public-e24004-o124004-rnone,commercial,compound,globally_public,24004,124004,retailer_south,0.74,0.54,0.5059,0.365,0.0,0.398,0.37,0.555,0.92,0.54,0.5059,0.365,0.37,0.398,0.0,0.419362,6.38724,0.4878527713892913,0.6010875927101489,0.9697686402763741,0.4878527713892913,2.098159642366141,2.098159642366141,-0.003702065594043291,-0.003702065594043291,0.0,0.6666666666666666,0.0,0.38725,0.23044101427949698,2.630512678493712,3,6,864,decd9f0207e51f03de38625451bdd9f06c8e9c91cd311417b1101af59db467e1,8.0,0.0,5.8966752,5.8966752,-0.02,0,0,0,False,commercial|compound|24004|globally_public
implementation_pilot_v3_dense-commercial-autonomy_no_operator-compound-globally_public-e24005-o124005-rnone,commercial,compound,globally_public,24005,124005,retailer_north,1.0,0.46,0.41500000000000004,0.265,0.0,0.29800000000000004,0.34,0.495,0.92,0.46,0.41500000000000004,0.265,0.34,0.29800000000000004,0.0,0.34580000000000005,4.916,0.4878527713892913,0.5254238753244399,0.8788323569105613,0.4878527713892913,2.098159642366141,2.098159642366141,-0.003702065594043291,-0.003702065594043291,6.840771704922596e-17,0.5999999999999999,4.0539612963254114e-17,0.32225000000000004,0.1885894444198009,2.107368055247511,5,12,1440,02073ab29bf8940ffcad9e626ccfdb6d70bac6930475773d308cbc2b5bbcec04,8.0,0.0,5.626732800000001,5.626732800000001,-0.02,0,0,0,False,commercial|compound|24005|globally_public
implementation_pilot_v3_dense-commercial-autonomy_no_operator-compound-globally_public-e24005-o124005-rnone,commercial,compound,globally_public,24005,124005,retailer_east,0.86,0.5,0.4601,0.315,0.0,0.34800000000000003,0.3612,0.525,0.72,0.5,0.4601,0.315,0.3612,0.34800000000000003,0.0,0.38326199999999994,5.665239999999998,0.4878527713892913,0.5670145582413119,0.9322691915480672,0.4878527713892913,2.098159642366141,2.098159642366141,-0.003702065594043291,-0.003702065594043291,0.0,1.0,0.0,0.35475,0.21019622934964885,2.3774528668706107,2,6,576,2b2a1c0152692a8556e5b131601e19b7332edd205b3cfbf211571654768b7930,8.0,0.0,5.772086400000001,5.772086400000001,-0.02,0,0,0,False,commercial|compound|24005|globally_public
implementation_pilot_v3_dense-commercial-autonomy_no_operator-compound-globally_public-e24005-o124005-rnone,commercial,compound,globally_public,24005,124005,retailer_south,0.74,0.54,0.5059,0.365,0.0,0.398,0.37,0.555,0.92,0.54,0.5059,0.365,0.37,0.398,0.0,0.419362,6.38724,0.4878527713892913,0.6010875927101489,0.9697686402763741,0.4878527713892913,2.098159642366141,2.098159642366141,-0.003702065594043291,-0.003702065594043291,0.0,0.6666666666666666,0.0,0.38725,0.23044101427949698,2.630512678493712,3,6,864,decd9f0207e51f03de38625451bdd9f06c8e9c91cd311417b1101af59db467e1,8.0,0.0,5.8966752,5.8966752,-0.02,0,0,0,False,commercial|compound|24005|globally_public
implementation_pilot_v3_dense-humanitarian-autonomy_no_operator-telemetry_integrity-private_fragmented-e24001-o124001-rnone,humanitarian,telemetry_integrity,private_fragmented,24001,124001,clinic_region,1.0,0.47500000000000003,0.43000000000000005,0.265,0.0,0.29800000000000004,0.34,0.495,0.5,0.46,0.41500000000000004,0.265,0.34,0.29800000000000004,0.0,0.34580000000000005,4.916,0.952144248152433,0.5254238753244399,0.8788323569105613,0.9651475365449957,8.064344206812446,8.064344206812446,0.47359269956166117,0.47359269956166117,0.013003288392562868,0.9504976047696413,0.05034193096544787,0.3248506576785126,0.03227118799656187,0.1533898499570233,6,30,1728,72697d423f2fd462af0723c45eb92e4868e15adfe36fc6a20d554a5220ced9a2,8.0,1.0382399999999996,1.3577600000000003,2.396,1.0182399999999996,1,0,1,False,humanitarian|telemetry_integrity|24001|private_fragmented
implementation_pilot_v3_dense-humanitarian-autonomy_no_operator-telemetry_integrity-private_fragmented-e24002-o124002-rnone,humanitarian,telemetry_integrity,private_fragmented,24002,124002,clinic_region,1.0,0.47500000000000003,0.43000000000000005,0.265,0.0,0.29800000000000004,0.34,0.495,0.5,0.46,0.41500000000000004,0.265,0.34,0.29800000000000004,0.0,0.34580000000000005,4.916,0.8773514813247917,0.5254238753244399,0.8788323569105613,0.8822735414318378,7.028419267897973,7.028419267897973,0.3907187044485032,0.3907187044485032,0.004922060107046187,0.9747104165690904,0.02570837194523138,0.3232344120214093,0.060618830593233475,0.5077353824154184,6,30,1728,54f588a8d0fbc0011a06c043a23618c5dc0be3a4d9a39fb651e61466a2144069,8.0,1.0382399999999996,1.3577600000000003,2.396,1.0182399999999996,1,0,1,False,humanitarian|telemetry_integrity|24002|private_fragmented
implementation_pilot_v3_dense-humanitarian-autonomy_no_operator-telemetry_integrity-private_fragmented-e24003-o124003-rnone,humanitarian,telemetry_integrity,private_fragmented,24003,124003,clinic_region,1.0,0.47500000000000003,0.43000000000000005,0.265,0.0,0.29800000000000004,0.34,0.495,0.5,0.46,0.41500000000000004,0.265,0.34,0.29800000000000004,0.0,0.34580000000000005,4.916,0.9739252786533306,0.5254238753244399,0.8788323569105613,0.9980168402487533,8.475210503109414,8.475210503109414,0.5064620032654187,0.5064620032654187,0.024091561595422716,0.9264754085180537,0.07480065503113818,0.32706831231908456,0.019380316393814878,-0.007746045077314072,6,30,1728,56eafe2c9284ec83e4ba24a6255641cc0479bc6864dd4b3cf5189f6585e92980,8.0,1.0382399999999996,1.3577600000000003,2.396,1.0182399999999996,1,0,1,False,humanitarian|telemetry_integrity|24003|private_fragmented
implementation_pilot_v3_dense-humanitarian-autonomy_no_operator-telemetry_integrity-private_fragmented-e24004-o124004-rnone,humanitarian,telemetry_integrity,private_fragmented,24004,124004,clinic_region,1.0,0.47500000000000003,0.43000000000000005,0.265,0.0,0.29800000000000004,0.34,0.495,0.5,0.46,0.41500000000000004,0.265,0.34,0.29800000000000004,0.0,0.34580000000000005,4.916,0.8773514813247917,0.5254238753244399,0.8788323569105613,0.8822735414318378,7.028419267897973,7.028419267897973,0.3907187044485032,0.3907187044485032,0.004922060107046187,0.9747104165690904,0.02570837194523138,0.3232344120214093,0.060618830593233475,0.5077353824154184,6,30,1728,54f588a8d0fbc0011a06c043a23618c5dc0be3a4d9a39fb651e61466a2144069,8.0,1.0382399999999996,1.3577600000000003,2.396,1.0182399999999996,1,0,1,False,humanitarian|telemetry_integrity|24004|private_fragmented
implementation_pilot_v3_dense-humanitarian-autonomy_no_operator-telemetry_integrity-private_fragmented-e24005-o124005-rnone,humanitarian,telemetry_integrity,private_fragmented,24005,124005,clinic_region,1.0,0.47500000000000003,0.43000000000000005,0.265,0.0,0.29800000000000004,0.34,0.495,0.5,0.46,0.41500000000000004,0.265,0.34,0.29800000000000004,0.0,0.34580000000000005,4.916,0.8773514813247917,0.5254238753244399,0.8788323569105613,0.8822735414318378,7.028419267897973,7.028419267897973,0.3907187044485032,0.3907187044485032,0.004922060107046187,0.9747104165690904,0.02570837194523138,0.3232344120214093,0.060618830593233475,0.5077353824154184,6,30,1728,54f588a8d0fbc0011a06c043a23618c5dc0be3a4d9a39fb651e61466a2144069,8.0,1.0382399999999996,1.3577600000000003,2.396,1.0182399999999996,1,0,1,False,humanitarian|telemetry_integrity|24005|private_fragmented
implementation_pilot_v3_dense-humanitarian-autonomy_no_operator-telemetry_integrity-globally_public-e24001-o124001-rnone,humanitarian,telemetry_integrity,globally_public,24001,124001,clinic_region,1.0,0.46,0.41500000000000004,0.265,0.0,0.29800000000000004,0.34,0.495,0.5,0.46,0.41500000000000004,0.265,0.34,0.29800000000000004,0.0,0.34580000000000005,4.916,0.4878527713892913,0.5254238753244399,0.8788323569105613,0.4878527713892913,2.098159642366141,2.098159642366141,-0.003702065594043291,-0.003702065594043291,8.550964631153244e-17,1.0,4.5324665183683945e-17,0.32225000000000004,0.1885894444198009,2.107368055247511,6,30,1728,dbe8b0443fdf65697fcdeb33c28fd19351f9850aa7c1a85377d2869f70d44415,8.0,0.0,1.3577600000000003,1.3577600000000003,-0.02,0,0,0,False,humanitarian|telemetry_integrity|24001|globally_public
implementation_pilot_v3_dense-humanitarian-autonomy_no_operator-telemetry_integrity-globally_public-e24002-o124002-rnone,humanitarian,telemetry_integrity,globally_public,24002,124002,clinic_region,1.0,0.46,0.41500000000000004,0.265,0.0,0.29800000000000004,0.34,0.495,0.5,0.46,0.41500000000000004,0.265,0.34,0.29800000000000004,0.0,0.34580000000000005,4.916,0.4878527713892913,0.5254238753244399,0.8788323569105613,0.4878527713892913,2.098159642366141,2.098159642366141,-0.003702065594043291,-0.003702065594043291,8.550964631153244e-17,1.0,4.5324665183683945e-17,0.32225000000000004,0.1885894444198009,2.107368055247511,6,30,1728,dbe8b0443fdf65697fcdeb33c28fd19351f9850aa7c1a85377d2869f70d44415,8.0,0.0,1.3577600000000003,1.3577600000000003,-0.02,0,0,0,False,humanitarian|telemetry_integrity|24002|globally_public
implementation_pilot_v3_dense-humanitarian-autonomy_no_operator-telemetry_integrity-globally_public-e24003-o124003-rnone,humanitarian,telemetry_integrity,globally_public,24003,124003,clinic_region,1.0,0.46,0.41500000000000004,0.265,0.0,0.29800000000000004,0.34,0.495,0.5,0.46,0.41500000000000004,0.265,0.34,0.29800000000000004,0.0,0.34580000000000005,4.916,0.4878527713892913,0.5254238753244399,0.8788323569105613,0.4878527713892913,2.098159642366141,2.098159642366141,-0.003702065594043291,-0.003702065594043291,8.550964631153244e-17,1.0,4.5324665183683945e-17,0.32225000000000004,0.1885894444198009,2.107368055247511,6,30,1728,dbe8b0443fdf65697fcdeb33c28fd19351f9850aa7c1a85377d2869f70d44415,8.0,0.0,1.3577600000000003,1.3577600000000003,-0.02,0,0,0,False,humanitarian|telemetry_integrity|24003|globally_public
implementation_pilot_v3_dense-humanitarian-autonomy_no_operator-telemetry_integrity-globally_public-e24004-o124004-rnone,humanitarian,telemetry_integrity,globally_public,24004,124004,clinic_region,1.0,0.46,0.41500000000000004,0.265,0.0,0.29800000000000004,0.34,0.495,0.5,0.46,0.41500000000000004,0.265,0.34,0.29800000000000004,0.0,0.34580000000000005,4.916,0.4878527713892913,0.5254238753244399,0.8788323569105613,0.4878527713892913,2.098159642366141,2.098159642366141,-0.003702065594043291,-0.003702065594043291,8.550964631153244e-17,1.0,4.5324665183683945e-17,0.32225000000000004,0.1885894444198009,2.107368055247511,6,30,1728,dbe8b0443fdf65697fcdeb33c28fd19351f9850aa7c1a85377d2869f70d44415,8.0,0.0,1.3577600000000003,1.3577600000000003,-0.02,0,0,0,False,humanitarian|telemetry_integrity|24004|globally_public
implementation_pilot_v3_dense-humanitarian-autonomy_no_operator-telemetry_integrity-globally_public-e24005-o124005-rnone,humanitarian,telemetry_integrity,globally_public,24005,124005,clinic_region,1.0,0.46,0.41500000000000004,0.265,0.0,0.29800000000000004,0.34,0.495,0.5,0.46,0.41500000000000004,0.265,0.34,0.29800000000000004,0.0,0.34580000000000005,4.916,0.4878527713892913,0.5254238753244399,0.8788323569105613,0.4878527713892913,2.098159642366141,2.098159642366141,-0.003702065594043291,-0.003702065594043291,8.550964631153244e-17,1.0,4.5324665183683945e-17,0.32225000000000004,0.1885894444198009,2.107368055247511,6,30,1728,dbe8b0443fdf65697fcdeb33c28fd19351f9850aa7c1a85377d2869f70d44415,8.0,0.0,1.3577600000000003,1.3577600000000003,-0.02,0,0,0,False,humanitarian|telemetry_integrity|24005|globally_public
implementation_pilot_v3_dense-humanitarian-autonomy_no_operator-partition-private_fragmented-e24001-o124001-rnone,humanitarian,partition,private_fragmented,24001,124001,clinic_region,1.0,0.47500000000000003,0.43000000000000005,0.265,0.0,0.29800000000000004,0.34,0.495,0.5,0.46,0.41500000000000004,0.265,0.34,0.29800000000000004,0.0,0.34580000000000005,4.916,0.9498175508347056,0.5254238753244399,0.8788323569105613,0.9651475365449957,8.064344206812446,8.064344206812446,0.47359269956166117,0.47359269956166117,0.015329985710290314,0.9509131268887417,0.06163235801213026,0.3253159971420581,0.031822066759663814,0.14777583449579762,6,24,1728,a41e435adc2386f3729ece840ed668c11d9417144d9a43dd85e835ffd6441aae,8.0,1.0382399999999996,1.3577600000000003,2.396,1.0182399999999996,1,0,1,False,humanitarian|partition|24001|private_fragmented
implementation_pilot_v3_dense-humanitarian-autonomy_no_operator-partition-private_fragmented-e24002-o124002-rnone,humanitarian,partition,private_fragmented,24002,124002,clinic_region,1.0,0.47500000000000003,0.43000000000000005,0.265,0.0,0.29800000000000004,0.34,0.495,0.5,0.46,0.41500000000000004,0.265,0.34,0.29800000000000004,0.0,0.34580000000000005,4.916,0.8776967009040476,0.5254238753244399,0.8788323569105613,0.8822735414318379,7.028419267897973,7.028419267897973,0.3907187044485033,0.3907187044485033,0.004576840527790212,0.9749102071579312,0.03153154384966457,0.32316536810555807,0.06067974621338584,0.508496827667323,6,24,1728,5a9efdc1b31540ea59e785dc4839f2b33f5bb5e32d17cdb5591fbcab60d6b577,8.0,1.0382399999999996,1.3577600000000003,2.396,1.0182399999999996,1,0,1,False,humanitarian|partition|24002|private_fragmented
implementation_pilot_v3_dense-humanitarian-autonomy_no_operator-partition-private_fragmented-e24003-o124003-rnone,humanitarian,partition,private_fragmented,24003,124003,clinic_region,1.0,0.47500000000000003,0.43000000000000005,0.265,0.0,0.29800000000000004,0.34,0.495,0.5,0.46,0.41500000000000004,0.265,0.34,0.29800000000000004,0.0,0.34580000000000005,4.916,0.9637789995002084,0.5254238753244399,0.8788323569105613,0.9980168402487533,8.475210503109414,8.475210503109414,0.5064620032654187,0.5064620032654187,0.03423784074854494,0.9271285299571889,0.09141146890040022,0.32909756814970903,0.017355084901678697,-0.03306143872901634,6,24,1728,43aabf1613ed68426dfccfcd34a9f38b88411ad0ef18e600831d78f44b537ac0,8.0,1.0382399999999996,1.3577600000000003,2.396,1.0182399999999996,1,0,1,False,humanitarian|partition|24003|private_fragmented
implementation_pilot_v3_dense-humanitarian-autonomy_no_operator-partition-private_fragmented-e24004-o124004-rnone,humanitarian,partition,private_fragmented,24004,124004,clinic_region,1.0,0.47500000000000003,0.43000000000000005,0.265,0.0,0.29800000000000004,0.34,0.495,0.5,0.46,0.41500000000000004,0.265,0.34,0.29800000000000004,0.0,0.34580000000000005,4.916,0.8776967009040476,0.5254238753244399,0.8788323569105613,0.8822735414318379,7.028419267897973,7.028419267897973,0.3907187044485033,0.3907187044485033,0.004576840527790212,0.9749102071579312,0.03153154384966457,0.32316536810555807,0.06067974621338584,0.508496827667323,6,24,1728,5a9efdc1b31540ea59e785dc4839f2b33f5bb5e32d17cdb5591fbcab60d6b577,8.0,1.0382399999999996,1.3577600000000003,2.396,1.0182399999999996,1,0,1,False,humanitarian|partition|24004|private_fragmented
implementation_pilot_v3_dense-humanitarian-autonomy_no_operator-partition-private_fragmented-e24005-o124005-rnone,humanitarian,partition,private_fragmented,24005,124005,clinic_region,1.0,0.47500000000000003,0.43000000000000005,0.265,0.0,0.29800000000000004,0.34,0.495,0.5,0.46,0.41500000000000004,0.265,0.34,0.29800000000000004,0.0,0.34580000000000005,4.916,0.8776967009040476,0.5254238753244399,0.8788323569105613,0.8822735414318379,7.028419267897973,7.028419267897973,0.3907187044485033,0.3907187044485033,0.004576840527790212,0.9749102071579312,0.03153154384966457,0.32316536810555807,0.06067974621338584,0.508496827667323,6,24,1728,5a9efdc1b31540ea59e785dc4839f2b33f5bb5e32d17cdb5591fbcab60d6b577,8.0,1.0382399999999996,1.3577600000000003,2.396,1.0182399999999996,1,0,1,False,humanitarian|partition|24005|private_fragmented
implementation_pilot_v3_dense-humanitarian-autonomy_no_operator-partition-globally_public-e24001-o124001-rnone,humanitarian,partition,globally_public,24001,124001,clinic_region,1.0,0.46,0.41500000000000004,0.265,0.0,0.29800000000000004,0.34,0.495,0.5,0.46,0.41500000000000004,0.265,0.34,0.29800000000000004,0.0,0.34580000000000005,4.916,0.48785277138929123,0.5254238753244399,0.8788323569105613,0.4878527713892912,2.0981596423661397,2.0981596423661397,-0.003702065594043402,-0.003702065594043402,0.0,0.9999999999999999,5.233641528945917e-17,0.32225000000000004,0.18858944441980097,2.107368055247512,6,24,1728,7ffe1aa5cc897ca3d1f4ded0eca611c9c9761b0710004978bcc91fdcda83dda0,8.0,0.0,1.3577600000000003,1.3577600000000003,-0.02,0,0,0,False,humanitarian|partition|24001|globally_public
implementation_pilot_v3_dense-humanitarian-autonomy_no_operator-partition-globally_public-e24002-o124002-rnone,humanitarian,partition,globally_public,24002,124002,clinic_region,1.0,0.46,0.41500000000000004,0.265,0.0,0.29800000000000004,0.34,0.495,0.5,0.46,0.41500000000000004,0.265,0.34,0.29800000000000004,0.0,0.34580000000000005,4.916,0.48785277138929123,0.5254238753244399,0.8788323569105613,0.4878527713892912,2.0981596423661397,2.0981596423661397,-0.003702065594043402,-0.003702065594043402,0.0,0.9999999999999999,5.233641528945917e-17,0.32225000000000004,0.18858944441980097,2.107368055247512,6,24,1728,7ffe1aa5cc897ca3d1f4ded0eca611c9c9761b0710004978bcc91fdcda83dda0,8.0,0.0,1.3577600000000003,1.3577600000000003,-0.02,0,0,0,False,humanitarian|partition|24002|globally_public
implementation_pilot_v3_dense-humanitarian-autonomy_no_operator-partition-globally_public-e24003-o124003-rnone,humanitarian,partition,globally_public,24003,124003,clinic_region,1.0,0.46,0.41500000000000004,0.265,0.0,0.29800000000000004,0.34,0.495,0.5,0.46,0.41500000000000004,0.265,0.34,0.29800000000000004,0.0,0.34580000000000005,4.916,0.48785277138929123,0.5254238753244399,0.8788323569105613,0.4878527713892912,2.0981596423661397,2.0981596423661397,-0.003702065594043402,-0.003702065594043402,0.0,0.9999999999999999,5.233641528945917e-17,0.32225000000000004,0.18858944441980097,2.107368055247512,6,24,1728,7ffe1aa5cc897ca3d1f4ded0eca611c9c9761b0710004978bcc91fdcda83dda0,8.0,0.0,1.3577600000000003,1.3577600000000003,-0.02,0,0,0,False,humanitarian|partition|24003|globally_public
implementation_pilot_v3_dense-humanitarian-autonomy_no_operator-partition-globally_public-e24004-o124004-rnone,humanitarian,partition,globally_public,24004,124004,clinic_region,1.0,0.46,0.41500000000000004,0.265,0.0,0.29800000000000004,0.34,0.495,0.5,0.46,0.41500000000000004,0.265,0.34,0.29800000000000004,0.0,0.34580000000000005,4.916,0.48785277138929123,0.5254238753244399,0.8788323569105613,0.4878527713892912,2.0981596423661397,2.0981596423661397,-0.003702065594043402,-0.003702065594043402,0.0,0.9999999999999999,5.233641528945917e-17,0.32225000000000004,0.18858944441980097,2.107368055247512,6,24,1728,7ffe1aa5cc897ca3d1f4ded0eca611c9c9761b0710004978bcc91fdcda83dda0,8.0,0.0,1.3577600000000003,1.3577600000000003,-0.02,0,0,0,False,humanitarian|partition|24004|globally_public
implementation_pilot_v3_dense-humanitarian-autonomy_no_operator-partition-globally_public-e24005-o124005-rnone,humanitarian,partition,globally_public,24005,124005,clinic_region,1.0,0.46,0.41500000000000004,0.265,0.0,0.29800000000000004,0.34,0.495,0.5,0.46,0.41500000000000004,0.265,0.34,0.29800000000000004,0.0,0.34580000000000005,4.916,0.48785277138929123,0.5254238753244399,0.8788323569105613,0.4878527713892912,2.0981596423661397,2.0981596423661397,-0.003702065594043402,-0.003702065594043402,0.0,0.9999999999999999,5.233641528945917e-17,0.32225000000000004,0.18858944441980097,2.107368055247512,6,24,1728,7ffe1aa5cc897ca3d1f4ded0eca611c9c9761b0710004978bcc91fdcda83dda0,8.0,0.0,1.3577600000000003,1.3577600000000003,-0.02,0,0,0,False,humanitarian|partition|24005|globally_public
implementation_pilot_v3_dense-humanitarian-autonomy_no_operator-correlated-private_fragmented-e24001-o124001-rnone,humanitarian,correlated,private_fragmented,24001,124001,clinic_region,1.0,0.47500000000000003,0.43000000000000005,0.265,0.0,0.29800000000000004,0.34,0.495,0.5,0.46,0.41500000000000004,0.265,0.34,0.29800000000000004,0.0,0.34580000000000005,4.916,0.4878527713892913,0.5254238753244399,0.8788323569105613,0.4878527713892913,2.098159642366141,2.098159642366141,-0.003702065594043291,-0.003702065594043291,8.550964631153244e-17,1.0,4.5324665183683945e-17,0.32225000000000004,0.1885894444198009,2.107368055247511,6,30,1728,26b890d533832938863d7cbf32b33137c7454598e8bd952ae7b58e09d6193f21,8.0,0.0,3.5771104,3.5771104,-0.02,0,0,0,False,humanitarian|correlated|24001|private_fragmented
implementation_pilot_v3_dense-humanitarian-autonomy_no_operator-correlated-private_fragmented-e24001-o124001-rnone,humanitarian,correlated,private_fragmented,24001,124001,water_region,0.86,0.5,0.4601,0.315,0.0,0.34800000000000003,0.3612,0.525,0.5,0.5,0.4601,0.315,0.3612,0.34800000000000003,0.0,0.38326199999999994,5.665239999999998,0.7147728029772921,0.5670145582413119,0.9322691915480672,0.7147728029772921,4.93466003721615,4.93466003721615,0.2232179659939575,0.2232179659939575,0.0,0.0,0.0,0.35475,0.1296963481438056,1.3712043517975698,1,0,288,0e62b4ede23a1a4134eb08f9c007e7310e6ace0e521178e3d93ddbb24c459391,8.0,0.0,3.5771104,3.5771104,-0.02,0,0,0,False,humanitarian|correlated|24001|private_fragmented
implementation_pilot_v3_dense-humanitarian-autonomy_no_operator-correlated-private_fragmented-e24002-o124002-rnone,humanitarian,correlated,private_fragmented,24002,124002,clinic_region,1.0,0.47500000000000003,0.43000000000000005,0.265,0.0,0.29800000000000004,0.34,0.495,0.5,0.46,0.41500000000000004,0.265,0.34,0.29800000000000004,0.0,0.34580000000000005,4.916,0.4878527713892913,0.5254238753244399,0.8788323569105613,0.4878527713892913,2.098159642366141,2.098159642366141,-0.003702065594043291,-0.003702065594043291,8.550964631153244e-17,1.0,4.5324665183683945e-17,0.32225000000000004,0.1885894444198009,2.107368055247511,6,30,1728,26b890d533832938863d7cbf32b33137c7454598e8bd952ae7b58e09d6193f21,8.0,0.0,3.5771104,3.5771104,-0.02,0,0,0,False,humanitarian|correlated|24002|private_fragmented
implementation_pilot_v3_dense-humanitarian-autonomy_no_operator-correlated-private_fragmented-e24002-o124002-rnone,humanitarian,correlated,private_fragmented,24002,124002,water_region,0.86,0.5,0.4601,0.315,0.0,0.34800000000000003,0.3612,0.525,0.5,0.5,0.4601,0.315,0.3612,0.34800000000000003,0.0,0.38326199999999994,5.665239999999998,0.7147728029772921,0.5670145582413119,0.9322691915480672,0.7147728029772921,4.93466003721615,4.93466003721615,0.2232179659939575,0.2232179659939575,0.0,0.0,0.0,0.35475,0.1296963481438056,1.3712043517975698,1,0,288,0e62b4ede23a1a4134eb08f9c007e7310e6ace0e521178e3d93ddbb24c459391,8.0,0.0,3.5771104,3.5771104,-0.02,0,0,0,False,humanitarian|correlated|24002|private_fragmented
implementation_pilot_v3_dense-humanitarian-autonomy_no_operator-correlated-private_fragmented-e24003-o124003-rnone,humanitarian,correlated,private_fragmented,24003,124003,clinic_region,1.0,0.47500000000000003,0.43000000000000005,0.265,0.0,0.29800000000000004,0.34,0.495,0.5,0.46,0.41500000000000004,0.265,0.34,0.29800000000000004,0.0,0.34580000000000005,4.916,0.4878527713892913,0.5254238753244399,0.8788323569105613,0.4878527713892913,2.098159642366141,2.098159642366141,-0.003702065594043291,-0.003702065594043291,8.550964631153244e-17,1.0,4.5324665183683945e-17,0.32225000000000004,0.1885894444198009,2.107368055247511,6,30,1728,26b890d533832938863d7cbf32b33137c7454598e8bd952ae7b58e09d6193f21,8.0,0.0,3.5771104,3.5771104,-0.02,0,0,0,False,humanitarian|correlated|24003|private_fragmented
implementation_pilot_v3_dense-humanitarian-autonomy_no_operator-correlated-private_fragmented-e24003-o124003-rnone,humanitarian,correlated,private_fragmented,24003,124003,water_region,0.86,0.5,0.4601,0.315,0.0,0.34800000000000003,0.3612,0.525,0.5,0.5,0.4601,0.315,0.3612,0.34800000000000003,0.0,0.38326199999999994,5.665239999999998,0.7147728029772921,0.5670145582413119,0.9322691915480672,0.7147728029772921,4.93466003721615,4.93466003721615,0.2232179659939575,0.2232179659939575,0.0,0.0,0.0,0.35475,0.1296963481438056,1.3712043517975698,1,0,288,0e62b4ede23a1a4134eb08f9c007e7310e6ace0e521178e3d93ddbb24c459391,8.0,0.0,3.5771104,3.5771104,-0.02,0,0,0,False,humanitarian|correlated|24003|private_fragmented
implementation_pilot_v3_dense-humanitarian-autonomy_no_operator-correlated-private_fragmented-e24004-o124004-rnone,humanitarian,correlated,private_fragmented,24004,124004,clinic_region,1.0,0.47500000000000003,0.43000000000000005,0.265,0.0,0.29800000000000004,0.34,0.495,0.5,0.46,0.41500000000000004,0.265,0.34,0.29800000000000004,0.0,0.34580000000000005,4.916,0.4878527713892913,0.5254238753244399,0.8788323569105613,0.4878527713892913,2.098159642366141,2.098159642366141,-0.003702065594043291,-0.003702065594043291,8.550964631153244e-17,1.0,4.5324665183683945e-17,0.32225000000000004,0.1885894444198009,2.107368055247511,6,30,1728,26b890d533832938863d7cbf32b33137c7454598e8bd952ae7b58e09d6193f21,8.0,0.0,3.5771104,3.5771104,-0.02,0,0,0,False,humanitarian|correlated|24004|private_fragmented
implementation_pilot_v3_dense-humanitarian-autonomy_no_operator-correlated-private_fragmented-e24004-o124004-rnone,humanitarian,correlated,private_fragmented,24004,124004,water_region,0.86,0.5,0.4601,0.315,0.0,0.34800000000000003,0.3612,0.525,0.5,0.5,0.4601,0.315,0.3612,0.34800000000000003,0.0,0.38326199999999994,5.665239999999998,0.7147728029772921,0.5670145582413119,0.9322691915480672,0.7147728029772921,4.93466003721615,4.93466003721615,0.2232179659939575,0.2232179659939575,0.0,0.0,0.0,0.35475,0.1296963481438056,1.3712043517975698,1,0,288,0e62b4ede23a1a4134eb08f9c007e7310e6ace0e521178e3d93ddbb24c459391,8.0,0.0,3.5771104,3.5771104,-0.02,0,0,0,False,humanitarian|correlated|24004|private_fragmented
implementation_pilot_v3_dense-humanitarian-autonomy_no_operator-correlated-private_fragmented-e24005-o124005-rnone,humanitarian,correlated,private_fragmented,24005,124005,clinic_region,1.0,0.47500000000000003,0.43000000000000005,0.265,0.0,0.29800000000000004,0.34,0.495,0.5,0.46,0.41500000000000004,0.265,0.34,0.29800000000000004,0.0,0.34580000000000005,4.916,0.4878527713892913,0.5254238753244399,0.8788323569105613,0.4878527713892913,2.098159642366141,2.098159642366141,-0.003702065594043291,-0.003702065594043291,8.550964631153244e-17,1.0,4.5324665183683945e-17,0.32225000000000004,0.1885894444198009,2.107368055247511,6,30,1728,26b890d533832938863d7cbf32b33137c7454598e8bd952ae7b58e09d6193f21,8.0,0.0,3.5771104,3.5771104,-0.02,0,0,0,False,humanitarian|correlated|24005|private_fragmented
implementation_pilot_v3_dense-humanitarian-autonomy_no_operator-correlated-private_fragmented-e24005-o124005-rnone,humanitarian,correlated,private_fragmented,24005,124005,water_region,0.86,0.5,0.4601,0.315,0.0,0.34800000000000003,0.3612,0.525,0.5,0.5,0.4601,0.315,0.3612,0.34800000000000003,0.0,0.38326199999999994,5.665239999999998,0.7147728029772921,0.5670145582413119,0.9322691915480672,0.7147728029772921,4.93466003721615,4.93466003721615,0.2232179659939575,0.2232179659939575,0.0,0.0,0.0,0.35475,0.1296963481438056,1.3712043517975698,1,0,288,0e62b4ede23a1a4134eb08f9c007e7310e6ace0e521178e3d93ddbb24c459391,8.0,0.0,3.5771104,3.5771104,-0.02,0,0,0,False,humanitarian|correlated|24005|private_fragmented
implementation_pilot_v3_dense-humanitarian-autonomy_no_operator-correlated-globally_public-e24001-o124001-rnone,humanitarian,correlated,globally_public,24001,124001,clinic_region,1.0,0.46,0.41500000000000004,0.265,0.0,0.29800000000000004,0.34,0.495,0.5,0.46,0.41500000000000004,0.265,0.34,0.29800000000000004,0.0,0.34580000000000005,4.916,0.4878527713892913,0.5254238753244399,0.8788323569105613,0.4878527713892913,2.098159642366141,2.098159642366141,-0.003702065594043291,-0.003702065594043291,8.550964631153244e-17,1.0,4.5324665183683945e-17,0.32225000000000004,0.1885894444198009,2.107368055247511,6,30,1728,cead2991b76bab8c7b6b85c93e6c1cdb363983bf74d48c745a7d4f32470018f9,8.0,0.0,3.5771104,3.5771104,-0.02,0,0,0,False,humanitarian|correlated|24001|globally_public
implementation_pilot_v3_dense-humanitarian-autonomy_no_operator-correlated-globally_public-e24001-o124001-rnone,humanitarian,correlated,globally_public,24001,124001,water_region,0.86,0.5,0.4601,0.315,0.0,0.34800000000000003,0.3612,0.525,0.5,0.5,0.4601,0.315,0.3612,0.34800000000000003,0.0,0.38326199999999994,5.665239999999998,0.4878527713892913,0.5670145582413119,0.9322691915480672,0.4878527713892913,2.098159642366141,2.098159642366141,-0.003702065594043291,-0.003702065594043291,0.0,0.0,0.0,0.35475,0.21019622934964885,2.3774528668706107,1,0,288,b65df9098d1cce4564b7ec4ec5f12d81f8409107f5de2b63b92dd5e27d037227,8.0,0.0,3.5771104,3.5771104,-0.02,0,0,0,False,humanitarian|correlated|24001|globally_public
implementation_pilot_v3_dense-humanitarian-autonomy_no_operator-correlated-globally_public-e24002-o124002-rnone,humanitarian,correlated,globally_public,24002,124002,clinic_region,1.0,0.46,0.41500000000000004,0.265,0.0,0.29800000000000004,0.34,0.495,0.5,0.46,0.41500000000000004,0.265,0.34,0.29800000000000004,0.0,0.34580000000000005,4.916,0.4878527713892913,0.5254238753244399,0.8788323569105613,0.4878527713892913,2.098159642366141,2.098159642366141,-0.003702065594043291,-0.003702065594043291,8.550964631153244e-17,1.0,4.5324665183683945e-17,0.32225000000000004,0.1885894444198009,2.107368055247511,6,30,1728,cead2991b76bab8c7b6b85c93e6c1cdb363983bf74d48c745a7d4f32470018f9,8.0,0.0,3.5771104,3.5771104,-0.02,0,0,0,False,humanitarian|correlated|24002|globally_public
implementation_pilot_v3_dense-humanitarian-autonomy_no_operator-correlated-globally_public-e24002-o124002-rnone,humanitarian,correlated,globally_public,24002,124002,water_region,0.86,0.5,0.4601,0.315,0.0,0.34800000000000003,0.3612,0.525,0.5,0.5,0.4601,0.315,0.3612,0.34800000000000003,0.0,0.38326199999999994,5.665239999999998,0.4878527713892913,0.5670145582413119,0.9322691915480672,0.4878527713892913,2.098159642366141,2.098159642366141,-0.003702065594043291,-0.003702065594043291,0.0,0.0,0.0,0.35475,0.21019622934964885,2.3774528668706107,1,0,288,b65df9098d1cce4564b7ec4ec5f12d81f8409107f5de2b63b92dd5e27d037227,8.0,0.0,3.5771104,3.5771104,-0.02,0,0,0,False,humanitarian|correlated|24002|globally_public
implementation_pilot_v3_dense-humanitarian-autonomy_no_operator-correlated-globally_public-e24003-o124003-rnone,humanitarian,correlated,globally_public,24003,124003,clinic_region,1.0,0.46,0.41500000000000004,0.265,0.0,0.29800000000000004,0.34,0.495,0.5,0.46,0.41500000000000004,0.265,0.34,0.29800000000000004,0.0,0.34580000000000005,4.916,0.4878527713892913,0.5254238753244399,0.8788323569105613,0.4878527713892913,2.098159642366141,2.098159642366141,-0.003702065594043291,-0.003702065594043291,8.550964631153244e-17,1.0,4.5324665183683945e-17,0.32225000000000004,0.1885894444198009,2.107368055247511,6,30,1728,cead2991b76bab8c7b6b85c93e6c1cdb363983bf74d48c745a7d4f32470018f9,8.0,0.0,3.5771104,3.5771104,-0.02,0,0,0,False,humanitarian|correlated|24003|globally_public
implementation_pilot_v3_dense-humanitarian-autonomy_no_operator-correlated-globally_public-e24003-o124003-rnone,humanitarian,correlated,globally_public,24003,124003,water_region,0.86,0.5,0.4601,0.315,0.0,0.34800000000000003,0.3612,0.525,0.5,0.5,0.4601,0.315,0.3612,0.34800000000000003,0.0,0.38326199999999994,5.665239999999998,0.4878527713892913,0.5670145582413119,0.9322691915480672,0.4878527713892913,2.098159642366141,2.098159642366141,-0.003702065594043291,-0.003702065594043291,0.0,0.0,0.0,0.35475,0.21019622934964885,2.3774528668706107,1,0,288,b65df9098d1cce4564b7ec4ec5f12d81f8409107f5de2b63b92dd5e27d037227,8.0,0.0,3.5771104,3.5771104,-0.02,0,0,0,False,humanitarian|correlated|24003|globally_public
implementation_pilot_v3_dense-humanitarian-autonomy_no_operator-correlated-globally_public-e24004-o124004-rnone,humanitarian,correlated,globally_public,24004,124004,clinic_region,1.0,0.46,0.41500000000000004,0.265,0.0,0.29800000000000004,0.34,0.495,0.5,0.46,0.41500000000000004,0.265,0.34,0.29800000000000004,0.0,0.34580000000000005,4.916,0.4878527713892913,0.5254238753244399,0.8788323569105613,0.4878527713892913,2.098159642366141,2.098159642366141,-0.003702065594043291,-0.003702065594043291,8.550964631153244e-17,1.0,4.5324665183683945e-17,0.32225000000000004,0.1885894444198009,2.107368055247511,6,30,1728,cead2991b76bab8c7b6b85c93e6c1cdb363983bf74d48c745a7d4f32470018f9,8.0,0.0,3.5771104,3.5771104,-0.02,0,0,0,False,humanitarian|correlated|24004|globally_public
implementation_pilot_v3_dense-humanitarian-autonomy_no_operator-correlated-globally_public-e24004-o124004-rnone,humanitarian,correlated,globally_public,24004,124004,water_region,0.86,0.5,0.4601,0.315,0.0,0.34800000000000003,0.3612,0.525,0.5,0.5,0.4601,0.315,0.3612,0.34800000000000003,0.0,0.38326199999999994,5.665239999999998,0.4878527713892913,0.5670145582413119,0.9322691915480672,0.4878527713892913,2.098159642366141,2.098159642366141,-0.003702065594043291,-0.003702065594043291,0.0,0.0,0.0,0.35475,0.21019622934964885,2.3774528668706107,1,0,288,b65df9098d1cce4564b7ec4ec5f12d81f8409107f5de2b63b92dd5e27d037227,8.0,0.0,3.5771104,3.5771104,-0.02,0,0,0,False,humanitarian|correlated|24004|globally_public
implementation_pilot_v3_dense-humanitarian-autonomy_no_operator-correlated-globally_public-e24005-o124005-rnone,humanitarian,correlated,globally_public,24005,124005,clinic_region,1.0,0.46,0.41500000000000004,0.265,0.0,0.29800000000000004,0.34,0.495,0.5,0.46,0.41500000000000004,0.265,0.34,0.29800000000000004,0.0,0.34580000000000005,4.916,0.4878527713892913,0.5254238753244399,0.8788323569105613,0.4878527713892913,2.098159642366141,2.098159642366141,-0.003702065594043291,-0.003702065594043291,8.550964631153244e-17,1.0,4.5324665183683945e-17,0.32225000000000004,0.1885894444198009,2.107368055247511,6,30,1728,cead2991b76bab8c7b6b85c93e6c1cdb363983bf74d48c745a7d4f32470018f9,8.0,0.0,3.5771104,3.5771104,-0.02,0,0,0,False,humanitarian|correlated|24005|globally_public
implementation_pilot_v3_dense-humanitarian-autonomy_no_operator-correlated-globally_public-e24005-o124005-rnone,humanitarian,correlated,globally_public,24005,124005,water_region,0.86,0.5,0.4601,0.315,0.0,0.34800000000000003,0.3612,0.525,0.5,0.5,0.4601,0.315,0.3612,0.34800000000000003,0.0,0.38326199999999994,5.665239999999998,0.4878527713892913,0.5670145582413119,0.9322691915480672,0.4878527713892913,2.098159642366141,2.098159642366141,-0.003702065594043291,-0.003702065594043291,0.0,0.0,0.0,0.35475,0.21019622934964885,2.3774528668706107,1,0,288,b65df9098d1cce4564b7ec4ec5f12d81f8409107f5de2b63b92dd5e27d037227,8.0,0.0,3.5771104,3.5771104,-0.02,0,0,0,False,humanitarian|correlated|24005|globally_public
implementation_pilot_v3_dense-humanitarian-autonomy_no_operator-compound-private_fragmented-e24001-o124001-rnone,humanitarian,compound,private_fragmented,24001,124001,clinic_region,1.0,0.47500000000000003,0.43000000000000005,0.265,0.0,0.29800000000000004,0.34,0.495,0.5,0.46,0.41500000000000004,0.265,0.34,0.29800000000000004,0.0,0.34580000000000005,4.916,0.9498175508347056,0.5254238753244399,0.8788323569105613,0.9651475365449957,8.064344206812446,8.064344206812446,0.47359269956166117,0.47359269956166117,0.015329985710290314,0.9509131268887417,0.06163235801213026,0.3253159971420581,0.031822066759663814,0.14777583449579762,6,24,1728,268a7ba03e0bfe7bf370e0d0ac5a17cf76f4baae5a5a0b31f605814299918c72,8.0,1.0382399999999992,5.626732800000001,6.6649728,1.0182399999999991,1,0,1,False,humanitarian|compound|24001|private_fragmented
implementation_pilot_v3_dense-humanitarian-autonomy_no_operator-compound-private_fragmented-e24001-o124001-rnone,humanitarian,compound,private_fragmented,24001,124001,water_region,0.86,0.5,0.4601,0.315,0.0,0.34800000000000003,0.3612,0.525,0.5,0.5,0.4601,0.315,0.3612,0.34800000000000003,0.0,0.38326199999999994,5.665239999999998,0.4878527713892913,0.5670145582413119,0.9322691915480672,0.4878527713892913,2.098159642366141,2.098159642366141,-0.003702065594043291,-0.003702065594043291,0.0,0.0,0.0,0.35475,0.21019622934964885,2.3774528668706107,1,0,288,259691a574ae9b7b130b850fc6739c6d101dfd05e5e8bd24de6265b1a60a3f4b,8.0,0.0,6.6649728,6.6649728,-0.02,0,0,0,False,humanitarian|compound|24001|private_fragmented
implementation_pilot_v3_dense-humanitarian-autonomy_no_operator-compound-private_fragmented-e24001-o124001-rnone,humanitarian,compound,private_fragmented,24001,124001,shelter_region,0.74,0.555,0.5209,0.365,0.0,0.398,0.37,0.555,0.5,0.54,0.5059,0.365,0.37,0.398,0.0,0.419362,6.38724,0.7655046880191794,0.6010875927101489,0.9697686402763741,0.7746712414698708,5.683390518373384,5.683390518373384,0.2831164044865362,0.2831164044865362,0.009166553450691534,0.0,0.028152556159785354,0.3890833106901383,0.11795034867246312,1.224379358405789,3,0,864,3310ea9fd2da30b0a968b3324f00a756b1e8637c7d735f9dd3043055bd121e7d,8.0,0.0,5.8966752,5.8966752,-0.02,0,0,0,False,humanitarian|compound|24001|private_fragmented
implementation_pilot_v3_dense-humanitarian-autonomy_no_operator-compound-private_fragmented-e24002-o124002-rnone,humanitarian,compound,private_fragmented,24002,124002,clinic_region,1.0,0.47500000000000003,0.43000000000000005,0.265,0.0,0.29800000000000004,0.34,0.495,0.5,0.46,0.41500000000000004,0.265,0.34,0.29800000000000004,0.0,0.34580000000000005,4.916,0.8776967009040476,0.5254238753244399,0.8788323569105613,0.8822735414318379,7.028419267897973,7.028419267897973,0.3907187044485033,0.3907187044485033,0.004576840527790212,0.9749102071579312,0.03153154384966457,0.32316536810555807,0.06067974621338584,0.508496827667323,6,24,1728,bffe847b9c78d0b56ddcb957e609bcfadcc7330298d2e277efd3f55715bb00bb,8.0,1.0382399999999992,5.626732800000001,6.6649728,1.0182399999999991,1,0,1,False,humanitarian|compound|24002|private_fragmented
implementation_pilot_v3_dense-humanitarian-autonomy_no_operator-compound-private_fragmented-e24002-o124002-rnone,humanitarian,compound,private_fragmented,24002,124002,water_region,0.86,0.5,0.4601,0.315,0.0,0.34800000000000003,0.3612,0.525,0.5,0.5,0.4601,0.315,0.3612,0.34800000000000003,0.0,0.38326199999999994,5.665239999999998,0.4878527713892913,0.5670145582413119,0.9322691915480672,0.4878527713892913,2.098159642366141,2.098159642366141,-0.003702065594043291,-0.003702065594043291,0.0,0.0,0.0,0.35475,0.21019622934964885,2.3774528668706107,1,0,288,259691a574ae9b7b130b850fc6739c6d101dfd05e5e8bd24de6265b1a60a3f4b,8.0,0.0,6.6649728,6.6649728,-0.02,0,0,0,False,humanitarian|compound|24002|private_fragmented
implementation_pilot_v3_dense-humanitarian-autonomy_no_operator-compound-private_fragmented-e24002-o124002-rnone,humanitarian,compound,private_fragmented,24002,124002,shelter_region,0.74,0.555,0.5209,0.365,0.0,0.398,0.37,0.555,0.5,0.54,0.5059,0.365,0.37,0.398,0.0,0.419362,6.38724,0.7655046880191794,0.6010875927101489,0.9697686402763741,0.7746712414698708,5.683390518373384,5.683390518373384,0.2831164044865362,0.2831164044865362,0.009166553450691534,0.0,0.028152556159785354,0.3890833106901383,0.11795034867246312,1.224379358405789,3,0,864,3310ea9fd2da30b0a968b3324f00a756b1e8637c7d735f9dd3043055bd121e7d,8.0,0.7682976000000004,5.8966752,6.6649728,0.7482976000000003,1,0,1,False,humanitarian|compound|24002|private_fragmented
implementation_pilot_v3_dense-humanitarian-autonomy_no_operator-compound-private_fragmented-e24003-o124003-rnone,humanitarian,compound,private_fragmented,24003,124003,clinic_region,1.0,0.47500000000000003,0.43000000000000005,0.265,0.0,0.29800000000000004,0.34,0.495,0.5,0.46,0.41500000000000004,0.265,0.34,0.29800000000000004,0.0,0.34580000000000005,4.916,0.9637789995002084,0.5254238753244399,0.8788323569105613,0.9980168402487533,8.475210503109414,8.475210503109414,0.5064620032654187,0.5064620032654187,0.03423784074854494,0.9271285299571889,0.09141146890040022,0.32909756814970903,0.017355084901678697,-0.03306143872901634,6,24,1728,af8b0e7e808811589cac20f3437c10846661492b6e639d0ac30954d1b2162e24,8.0,1.0382399999999992,5.626732800000001,6.6649728,1.0182399999999991,1,0,1,False,humanitarian|compound|24003|private_fragmented
implementation_pilot_v3_dense-humanitarian-autonomy_no_operator-compound-private_fragmented-e24003-o124003-rnone,humanitarian,compound,private_fragmented,24003,124003,water_region,0.86,0.5,0.4601,0.315,0.0,0.34800000000000003,0.3612,0.525,0.5,0.5,0.4601,0.315,0.3612,0.34800000000000003,0.0,0.38326199999999994,5.665239999999998,0.4878527713892913,0.5670145582413119,0.9322691915480672,0.4878527713892913,2.098159642366141,2.098159642366141,-0.003702065594043291,-0.003702065594043291,0.0,0.0,0.0,0.35475,0.21019622934964885,2.3774528668706107,1,0,288,259691a574ae9b7b130b850fc6739c6d101dfd05e5e8bd24de6265b1a60a3f4b,8.0,0.0,6.6649728,6.6649728,-0.02,0,0,0,False,humanitarian|compound|24003|private_fragmented
implementation_pilot_v3_dense-humanitarian-autonomy_no_operator-compound-private_fragmented-e24003-o124003-rnone,humanitarian,compound,private_fragmented,24003,124003,shelter_region,0.74,0.555,0.5209,0.365,0.0,0.398,0.37,0.555,0.5,0.54,0.5059,0.365,0.37,0.398,0.0,0.419362,6.38724,0.7650800596081564,0.6010875927101489,0.9697686402763741,0.9697735931806998,8.122169914758748,8.122169914758748,0.4782187561973652,0.4782187561973652,0.20469353357254338,0.0,0.21085868725939835,0.42818870671450865,0.004115899330074113,-0.19855125837407364,3,0,864,9362bfafb1c0e084e23f50c008115d3642c7e3d1e1583978e0ad1e0490d5134d,8.0,0.7682976000000004,5.8966752,6.6649728,0.7482976000000003,1,0,1,False,humanitarian|compound|24003|private_fragmented
implementation_pilot_v3_dense-humanitarian-autonomy_no_operator-compound-private_fragmented-e24004-o124004-rnone,humanitarian,compound,private_fragmented,24004,124004,clinic_region,1.0,0.47500000000000003,0.43000000000000005,0.265,0.0,0.29800000000000004,0.34,0.495,0.5,0.46,0.41500000000000004,0.265,0.34,0.29800000000000004,0.0,0.34580000000000005,4.916,0.8776967009040476,0.5254238753244399,0.8788323569105613,0.8822735414318379,7.028419267897973,7.028419267897973,0.3907187044485033,0.3907187044485033,0.004576840527790212,0.9749102071579312,0.03153154384966457,0.32316536810555807,0.06067974621338584,0.508496827667323,6,24,1728,bffe847b9c78d0b56ddcb957e609bcfadcc7330298d2e277efd3f55715bb00bb,8.0,1.0382399999999992,5.626732800000001,6.6649728,1.0182399999999991,1,0,1,False,humanitarian|compound|24004|private_fragmented
implementation_pilot_v3_dense-humanitarian-autonomy_no_operator-compound-private_fragmented-e24004-o124004-rnone,humanitarian,compound,private_fragmented,24004,124004,water_region,0.86,0.5,0.4601,0.315,0.0,0.34800000000000003,0.3612,0.525,0.5,0.5,0.4601,0.315,0.3612,0.34800000000000003,0.0,0.38326199999999994,5.665239999999998,0.4878527713892913,0.5670145582413119,0.9322691915480672,0.4878527713892913,2.098159642366141,2.098159642366141,-0.003702065594043291,-0.003702065594043291,0.0,0.0,0.0,0.35475,0.21019622934964885,2.3774528668706107,1,0,288,259691a574ae9b7b130b850fc6739c6d101dfd05e5e8bd24de6265b1a60a3f4b,8.0,0.0,6.6649728,6.6649728,-0.02,0,0,0,False,humanitarian|compound|24004|private_fragmented
implementation_pilot_v3_dense-humanitarian-autonomy_no_operator-compound-private_fragmented-e24004-o124004-rnone,humanitarian,compound,private_fragmented,24004,124004,shelter_region,0.74,0.555,0.5209,0.365,0.0,0.398,0.37,0.555,0.5,0.54,0.5059,0.365,0.37,0.398,0.0,0.419362,6.38724,0.818651979966348,0.6010875927101489,0.9697686402763741,0.892155414982335,7.1519426872791865,7.1519426872791865,0.4006005779990004,0.4006005779990004,0.07350343501598712,0.0,0.10774393245012326,0.4019506870031974,0.0607595180342278,0.5094939754278475,3,0,864,3af95359d8f7754c01086e9de0d194e6ce42937bf0a67e96e8f48272bb0d9112,8.0,0.0,5.8966752,5.8966752,-0.02,0,0,0,False,humanitarian|compound|24004|private_fragmented
implementation_pilot_v3_dense-humanitarian-autonomy_no_operator-compound-private_fragmented-e24005-o124005-rnone,humanitarian,compound,private_fragmented,24005,124005,clinic_region,1.0,0.47500000000000003,0.43000000000000005,0.265,0.0,0.29800000000000004,0.34,0.495,0.5,0.46,0.41500000000000004,0.265,0.34,0.29800000000000004,0.0,0.34580000000000005,4.916,0.8776967009040476,0.5254238753244399,0.8788323569105613,0.8822735414318379,7.028419267897973,7.028419267897973,0.3907187044485033,0.3907187044485033,0.004576840527790212,0.9749102071579312,0.03153154384966457,0.32316536810555807,0.06067974621338584,0.508496827667323,6,24,1728,bffe847b9c78d0b56ddcb957e609bcfadcc7330298d2e277efd3f55715bb00bb,8.0,1.0382399999999992,5.626732800000001,6.6649728,1.0182399999999991,1,0,1,False,humanitarian|compound|24005|private_fragmented
implementation_pilot_v3_dense-humanitarian-autonomy_no_operator-compound-private_fragmented-e24005-o124005-rnone,humanitarian,compound,private_fragmented,24005,124005,water_region,0.86,0.5,0.4601,0.315,0.0,0.34800000000000003,0.3612,0.525,0.5,0.5,0.4601,0.315,0.3612,0.34800000000000003,0.0,0.38326199999999994,5.665239999999998,0.4878527713892913,0.5670145582413119,0.9322691915480672,0.4878527713892913,2.098159642366141,2.098159642366141,-0.003702065594043291,-0.003702065594043291,0.0,0.0,0.0,0.35475,0.21019622934964885,2.3774528668706107,1,0,288,259691a574ae9b7b130b850fc6739c6d101dfd05e5e8bd24de6265b1a60a3f4b,8.0,0.0,6.6649728,6.6649728,-0.02,0,0,0,False,humanitarian|compound|24005|private_fragmented
implementation_pilot_v3_dense-humanitarian-autonomy_no_operator-compound-private_fragmented-e24005-o124005-rnone,humanitarian,compound,private_fragmented,24005,124005,shelter_region,0.74,0.555,0.5209,0.365,0.0,0.398,0.37,0.555,0.5,0.54,0.5059,0.365,0.37,0.398,0.0,0.419362,6.38724,0.7650800596081564,0.6010875927101489,0.9697686402763741,0.9697735931806998,8.122169914758748,8.122169914758748,0.4782187561973652,0.4782187561973652,0.20469353357254338,0.0,0.21085868725939835,0.42818870671450865,0.004115899330074113,-0.19855125837407364,3,0,864,9362bfafb1c0e084e23f50c008115d3642c7e3d1e1583978e0ad1e0490d5134d,8.0,0.7682976000000004,5.8966752,6.6649728,0.7482976000000003,1,0,1,False,humanitarian|compound|24005|private_fragmented
implementation_pilot_v3_dense-humanitarian-autonomy_no_operator-compound-globally_public-e24001-o124001-rnone,humanitarian,compound,globally_public,24001,124001,clinic_region,1.0,0.46,0.41500000000000004,0.265,0.0,0.29800000000000004,0.34,0.495,0.5,0.46,0.41500000000000004,0.265,0.34,0.29800000000000004,0.0,0.34580000000000005,4.916,0.48785277138929123,0.5254238753244399,0.8788323569105613,0.4878527713892912,2.0981596423661397,2.0981596423661397,-0.003702065594043402,-0.003702065594043402,0.0,0.9999999999999999,5.233641528945917e-17,0.32225000000000004,0.18858944441980097,2.107368055247512,6,24,1728,2dd566ad2605ff756d4367a0e0babac46ac54e2abc153168c38e08a471942f2e,8.0,0.0,5.626732800000001,5.626732800000001,-0.02,0,0,0,False,humanitarian|compound|24001|globally_public
implementation_pilot_v3_dense-humanitarian-autonomy_no_operator-compound-globally_public-e24001-o124001-rnone,humanitarian,compound,globally_public,24001,124001,water_region,0.86,0.5,0.4601,0.315,0.0,0.34800000000000003,0.3612,0.525,0.5,0.5,0.4601,0.315,0.3612,0.34800000000000003,0.0,0.38326199999999994,5.665239999999998,0.4878527713892913,0.5670145582413119,0.9322691915480672,0.4878527713892913,2.098159642366141,2.098159642366141,-0.003702065594043291,-0.003702065594043291,0.0,0.0,0.0,0.35475,0.21019622934964885,2.3774528668706107,1,0,288,259691a574ae9b7b130b850fc6739c6d101dfd05e5e8bd24de6265b1a60a3f4b,8.0,0.0,5.626732800000001,5.626732800000001,-0.02,0,0,0,False,humanitarian|compound|24001|globally_public
implementation_pilot_v3_dense-humanitarian-autonomy_no_operator-compound-globally_public-e24001-o124001-rnone,humanitarian,compound,globally_public,24001,124001,shelter_region,0.74,0.54,0.5059,0.365,0.0,0.398,0.37,0.555,0.5,0.54,0.5059,0.365,0.37,0.398,0.0,0.419362,6.38724,0.4878527713892913,0.6010875927101489,0.9697686402763741,0.4878527713892913,2.098159642366141,2.098159642366141,-0.003702065594043291,-0.003702065594043291,0.0,0.0,0.0,0.38725,0.23044101427949698,2.630512678493712,3,0,864,7d3e7c5da98d0dee0e55d0785afe243c9ce3c0130302f1044119648ed632f4d2,8.0,0.0,5.8966752,5.8966752,-0.02,0,0,0,False,humanitarian|compound|24001|globally_public
implementation_pilot_v3_dense-humanitarian-autonomy_no_operator-compound-globally_public-e24002-o124002-rnone,humanitarian,compound,globally_public,24002,124002,clinic_region,1.0,0.46,0.41500000000000004,0.265,0.0,0.29800000000000004,0.34,0.495,0.5,0.46,0.41500000000000004,0.265,0.34,0.29800000000000004,0.0,0.34580000000000005,4.916,0.48785277138929123,0.5254238753244399,0.8788323569105613,0.4878527713892912,2.0981596423661397,2.0981596423661397,-0.003702065594043402,-0.003702065594043402,0.0,0.9999999999999999,5.233641528945917e-17,0.32225000000000004,0.18858944441980097,2.107368055247512,6,24,1728,2dd566ad2605ff756d4367a0e0babac46ac54e2abc153168c38e08a471942f2e,8.0,0.0,5.626732800000001,5.626732800000001,-0.02,0,0,0,False,humanitarian|compound|24002|globally_public
implementation_pilot_v3_dense-humanitarian-autonomy_no_operator-compound-globally_public-e24002-o124002-rnone,humanitarian,compound,globally_public,24002,124002,water_region,0.86,0.5,0.4601,0.315,0.0,0.34800000000000003,0.3612,0.525,0.5,0.5,0.4601,0.315,0.3612,0.34800000000000003,0.0,0.38326199999999994,5.665239999999998,0.4878527713892913,0.5670145582413119,0.9322691915480672,0.4878527713892913,2.098159642366141,2.098159642366141,-0.003702065594043291,-0.003702065594043291,0.0,0.0,0.0,0.35475,0.21019622934964885,2.3774528668706107,1,0,288,259691a574ae9b7b130b850fc6739c6d101dfd05e5e8bd24de6265b1a60a3f4b,8.0,0.0,5.626732800000001,5.626732800000001,-0.02,0,0,0,False,humanitarian|compound|24002|globally_public
implementation_pilot_v3_dense-humanitarian-autonomy_no_operator-compound-globally_public-e24002-o124002-rnone,humanitarian,compound,globally_public,24002,124002,shelter_region,0.74,0.54,0.5059,0.365,0.0,0.398,0.37,0.555,0.5,0.54,0.5059,0.365,0.37,0.398,0.0,0.419362,6.38724,0.4878527713892913,0.6010875927101489,0.9697686402763741,0.4878527713892913,2.098159642366141,2.098159642366141,-0.003702065594043291,-0.003702065594043291,0.0,0.0,0.0,0.38725,0.23044101427949698,2.630512678493712,3,0,864,7d3e7c5da98d0dee0e55d0785afe243c9ce3c0130302f1044119648ed632f4d2,8.0,0.0,5.8966752,5.8966752,-0.02,0,0,0,False,humanitarian|compound|24002|globally_public
implementation_pilot_v3_dense-humanitarian-autonomy_no_operator-compound-globally_public-e24003-o124003-rnone,humanitarian,compound,globally_public,24003,124003,clinic_region,1.0,0.46,0.41500000000000004,0.265,0.0,0.29800000000000004,0.34,0.495,0.5,0.46,0.41500000000000004,0.265,0.34,0.29800000000000004,0.0,0.34580000000000005,4.916,0.48785277138929123,0.5254238753244399,0.8788323569105613,0.4878527713892912,2.0981596423661397,2.0981596423661397,-0.003702065594043402,-0.003702065594043402,0.0,0.9999999999999999,5.233641528945917e-17,0.32225000000000004,0.18858944441980097,2.107368055247512,6,24,1728,2dd566ad2605ff756d4367a0e0babac46ac54e2abc153168c38e08a471942f2e,8.0,0.0,5.626732800000001,5.626732800000001,-0.02,0,0,0,False,humanitarian|compound|24003|globally_public
implementation_pilot_v3_dense-humanitarian-autonomy_no_operator-compound-globally_public-e24003-o124003-rnone,humanitarian,compound,globally_public,24003,124003,water_region,0.86,0.5,0.4601,0.315,0.0,0.34800000000000003,0.3612,0.525,0.5,0.5,0.4601,0.315,0.3612,0.34800000000000003,0.0,0.38326199999999994,5.665239999999998,0.4878527713892913,0.5670145582413119,0.9322691915480672,0.4878527713892913,2.098159642366141,2.098159642366141,-0.003702065594043291,-0.003702065594043291,0.0,0.0,0.0,0.35475,0.21019622934964885,2.3774528668706107,1,0,288,259691a574ae9b7b130b850fc6739c6d101dfd05e5e8bd24de6265b1a60a3f4b,8.0,0.0,5.626732800000001,5.626732800000001,-0.02,0,0,0,False,humanitarian|compound|24003|globally_public
implementation_pilot_v3_dense-humanitarian-autonomy_no_operator-compound-globally_public-e24003-o124003-rnone,humanitarian,compound,globally_public,24003,124003,shelter_region,0.74,0.54,0.5059,0.365,0.0,0.398,0.37,0.555,0.5,0.54,0.5059,0.365,0.37,0.398,0.0,0.419362,6.38724,0.4878527713892913,0.6010875927101489,0.9697686402763741,0.4878527713892913,2.098159642366141,2.098159642366141,-0.003702065594043291,-0.003702065594043291,0.0,0.0,0.0,0.38725,0.23044101427949698,2.630512678493712,3,0,864,7d3e7c5da98d0dee0e55d0785afe243c9ce3c0130302f1044119648ed632f4d2,8.0,0.0,5.8966752,5.8966752,-0.02,0,0,0,False,humanitarian|compound|24003|globally_public
implementation_pilot_v3_dense-humanitarian-autonomy_no_operator-compound-globally_public-e24004-o124004-rnone,humanitarian,compound,globally_public,24004,124004,clinic_region,1.0,0.46,0.41500000000000004,0.265,0.0,0.29800000000000004,0.34,0.495,0.5,0.46,0.41500000000000004,0.265,0.34,0.29800000000000004,0.0,0.34580000000000005,4.916,0.48785277138929123,0.5254238753244399,0.8788323569105613,0.4878527713892912,2.0981596423661397,2.0981596423661397,-0.003702065594043402,-0.003702065594043402,0.0,0.9999999999999999,5.233641528945917e-17,0.32225000000000004,0.18858944441980097,2.107368055247512,6,24,1728,2dd566ad2605ff756d4367a0e0babac46ac54e2abc153168c38e08a471942f2e,8.0,0.0,5.626732800000001,5.626732800000001,-0.02,0,0,0,False,humanitarian|compound|24004|globally_public
implementation_pilot_v3_dense-humanitarian-autonomy_no_operator-compound-globally_public-e24004-o124004-rnone,humanitarian,compound,globally_public,24004,124004,water_region,0.86,0.5,0.4601,0.315,0.0,0.34800000000000003,0.3612,0.525,0.5,0.5,0.4601,0.315,0.3612,0.34800000000000003,0.0,0.38326199999999994,5.665239999999998,0.4878527713892913,0.5670145582413119,0.9322691915480672,0.4878527713892913,2.098159642366141,2.098159642366141,-0.003702065594043291,-0.003702065594043291,0.0,0.0,0.0,0.35475,0.21019622934964885,2.3774528668706107,1,0,288,259691a574ae9b7b130b850fc6739c6d101dfd05e5e8bd24de6265b1a60a3f4b,8.0,0.0,5.626732800000001,5.626732800000001,-0.02,0,0,0,False,humanitarian|compound|24004|globally_public
implementation_pilot_v3_dense-humanitarian-autonomy_no_operator-compound-globally_public-e24004-o124004-rnone,humanitarian,compound,globally_public,24004,124004,shelter_region,0.74,0.54,0.5059,0.365,0.0,0.398,0.37,0.555,0.5,0.54,0.5059,0.365,0.37,0.398,0.0,0.419362,6.38724,0.4878527713892913,0.6010875927101489,0.9697686402763741,0.4878527713892913,2.098159642366141,2.098159642366141,-0.003702065594043291,-0.003702065594043291,0.0,0.0,0.0,0.38725,0.23044101427949698,2.630512678493712,3,0,864,7d3e7c5da98d0dee0e55d0785afe243c9ce3c0130302f1044119648ed632f4d2,8.0,0.0,5.8966752,5.8966752,-0.02,0,0,0,False,humanitarian|compound|24004|globally_public
implementation_pilot_v3_dense-humanitarian-autonomy_no_operator-compound-globally_public-e24005-o124005-rnone,humanitarian,compound,globally_public,24005,124005,clinic_region,1.0,0.46,0.41500000000000004,0.265,0.0,0.29800000000000004,0.34,0.495,0.5,0.46,0.41500000000000004,0.265,0.34,0.29800000000000004,0.0,0.34580000000000005,4.916,0.48785277138929123,0.5254238753244399,0.8788323569105613,0.4878527713892912,2.0981596423661397,2.0981596423661397,-0.003702065594043402,-0.003702065594043402,0.0,0.9999999999999999,5.233641528945917e-17,0.32225000000000004,0.18858944441980097,2.107368055247512,6,24,1728,2dd566ad2605ff756d4367a0e0babac46ac54e2abc153168c38e08a471942f2e,8.0,0.0,5.626732800000001,5.626732800000001,-0.02,0,0,0,False,humanitarian|compound|24005|globally_public
implementation_pilot_v3_dense-humanitarian-autonomy_no_operator-compound-globally_public-e24005-o124005-rnone,humanitarian,compound,globally_public,24005,124005,water_region,0.86,0.5,0.4601,0.315,0.0,0.34800000000000003,0.3612,0.525,0.5,0.5,0.4601,0.315,0.3612,0.34800000000000003,0.0,0.38326199999999994,5.665239999999998,0.4878527713892913,0.5670145582413119,0.9322691915480672,0.4878527713892913,2.098159642366141,2.098159642366141,-0.003702065594043291,-0.003702065594043291,0.0,0.0,0.0,0.35475,0.21019622934964885,2.3774528668706107,1,0,288,259691a574ae9b7b130b850fc6739c6d101dfd05e5e8bd24de6265b1a60a3f4b,8.0,0.0,5.626732800000001,5.626732800000001,-0.02,0,0,0,False,humanitarian|compound|24005|globally_public
implementation_pilot_v3_dense-humanitarian-autonomy_no_operator-compound-globally_public-e24005-o124005-rnone,humanitarian,compound,globally_public,24005,124005,shelter_region,0.74,0.54,0.5059,0.365,0.0,0.398,0.37,0.555,0.5,0.54,0.5059,0.365,0.37,0.398,0.0,0.419362,6.38724,0.4878527713892913,0.6010875927101489,0.9697686402763741,0.4878527713892913,2.098159642366141,2.098159642366141,-0.003702065594043291,-0.003702065594043291,0.0,0.0,0.0,0.38725,0.23044101427949698,2.630512678493712,3,0,864,7d3e7c5da98d0dee0e55d0785afe243c9ce3c0130302f1044119648ed632f4d2,8.0,0.0,5.8966752,5.8966752,-0.02,0,0,0,False,humanitarian|compound|24005|globally_public
implementation_pilot_v3_dense-utility_restoration-autonomy_no_operator-telemetry_integrity-private_fragmented-e24001-o124001-rnone,utility_restoration,telemetry_integrity,private_fragmented,24001,124001,hospital_zone,1.0,0.46,0.41500000000000004,0.265,0.0,0.29800000000000004,0.34,0.495,0.5,0.46,0.41500000000000004,0.265,0.34,0.29800000000000004,0.0,0.34580000000000005,4.916,0.8554813978198119,0.5254238753244399,0.8788323569105613,0.8708019652943592,6.8850245661794895,6.8850245661794895,0.3792471283110246,0.3792471283110246,0.015320567474547356,0.7262542600480958,0.04947871914957814,0.3253141134949095,0.06251583063064065,0.531447882883008,4,12,1152,77036dcb1b52619ab42a1ff54fbb9335e2b82bb2b83f5f8d38f6f060e3e2ef16,8.0,0.5438399999999994,1.8521600000000005,2.396,0.5238399999999994,1,0,1,False,utility_restoration|telemetry_integrity|24001|private_fragmented
implementation_pilot_v3_dense-utility_restoration-autonomy_no_operator-telemetry_integrity-private_fragmented-e24002-o124002-rnone,utility_restoration,telemetry_integrity,private_fragmented,24002,124002,hospital_zone,1.0,0.46,0.41500000000000004,0.265,0.0,0.29800000000000004,0.34,0.495,0.5,0.46,0.41500000000000004,0.265,0.34,0.29800000000000004,0.0,0.34580000000000005,4.916,0.8904879563852026,0.5254238753244399,0.8788323569105613,0.9336474616189425,7.670593270236781,7.670593270236781,0.44209262463560794,0.44209262463560794,0.04315950523373983,0.7035250652540379,0.09673553710280505,0.33088190104674803,0.03687295299205362,0.2109119124006702,4,12,1152,985bc7ed5b523586bd2f9eeb69ea3ca921676f8d74dfd02d763a0896a620ded9,8.0,0.5438399999999994,1.8521600000000005,2.396,0.5238399999999994,1,0,1,False,utility_restoration|telemetry_integrity|24002|private_fragmented
implementation_pilot_v3_dense-utility_restoration-autonomy_no_operator-telemetry_integrity-private_fragmented-e24003-o124003-rnone,utility_restoration,telemetry_integrity,private_fragmented,24003,124003,hospital_zone,1.0,0.46,0.41500000000000004,0.265,0.0,0.29800000000000004,0.34,0.495,0.5,0.46,0.41500000000000004,0.265,0.34,0.29800000000000004,0.0,0.34580000000000005,4.916,0.8554813978198119,0.5254238753244399,0.8788323569105613,0.8708019652943592,6.8850245661794895,6.8850245661794895,0.3792471283110246,0.3792471283110246,0.015320567474547356,0.7262542600480958,0.04947871914957814,0.3253141134949095,0.06251583063064065,0.531447882883008,4,12,1152,77036dcb1b52619ab42a1ff54fbb9335e2b82bb2b83f5f8d38f6f060e3e2ef16,8.0,0.0,1.8521600000000005,1.8521600000000005,-0.02,0,0,0,False,utility_restoration|telemetry_integrity|24003|private_fragmented
implementation_pilot_v3_dense-utility_restoration-autonomy_no_operator-telemetry_integrity-private_fragmented-e24004-o124004-rnone,utility_restoration,telemetry_integrity,private_fragmented,24004,124004,hospital_zone,1.0,0.46,0.41500000000000004,0.265,0.0,0.29800000000000004,0.34,0.495,0.5,0.46,0.41500000000000004,0.265,0.34,0.29800000000000004,0.0,0.34580000000000005,4.916,0.8554813978198119,0.5254238753244399,0.8788323569105613,0.8708019652943592,6.8850245661794895,6.8850245661794895,0.3792471283110246,0.3792471283110246,0.015320567474547356,0.7262542600480958,0.04947871914957814,0.3253141134949095,0.06251583063064065,0.531447882883008,4,12,1152,77036dcb1b52619ab42a1ff54fbb9335e2b82bb2b83f5f8d38f6f060e3e2ef16,8.0,0.0,1.8521600000000005,1.8521600000000005,-0.02,0,0,0,False,utility_restoration|telemetry_integrity|24004|private_fragmented
implementation_pilot_v3_dense-utility_restoration-autonomy_no_operator-telemetry_integrity-private_fragmented-e24005-o124005-rnone,utility_restoration,telemetry_integrity,private_fragmented,24005,124005,hospital_zone,1.0,0.46,0.41500000000000004,0.265,0.0,0.29800000000000004,0.34,0.495,0.5,0.46,0.41500000000000004,0.265,0.34,0.29800000000000004,0.0,0.34580000000000005,4.916,0.7650480890408339,0.5254238753244399,0.8788323569105613,0.7667307302031253,5.584134127539066,5.584134127539066,0.27517589321979075,0.27517589321979075,0.001682641162291499,0.7437958209971999,0.012938288062486489,0.3225865282324583,0.09846299565463618,0.9807874456829522,4,12,1152,e9c6aa04f365b3d68547b82440f713d99ef3d5a148496fe1abf06b37dab7ffc2,8.0,0.0,1.8521600000000005,1.8521600000000005,-0.02,0,0,0,False,utility_restoration|telemetry_integrity|24005|private_fragmented
implementation_pilot_v3_dense-utility_restoration-autonomy_no_operator-telemetry_integrity-globally_public-e24001-o124001-rnone,utility_restoration,telemetry_integrity,globally_public,24001,124001,hospital_zone,1.0,0.46,0.41500000000000004,0.265,0.0,0.29800000000000004,0.34,0.495,0.5,0.46,0.41500000000000004,0.265,0.34,0.29800000000000004,0.0,0.34580000000000005,4.916,0.4878527713892912,0.5254238753244399,0.8788323569105613,0.4878527713892912,2.0981596423661397,2.0981596423661397,-0.003702065594043402,-0.003702065594043402,0.0,0.75,5.551115123125783e-17,0.32225000000000004,0.18858944441980097,2.107368055247512,4,12,1152,626e3d1d782733f53fa4af522710868d1d9f7e92381de03659673cac8d68ed62,8.0,0.0,1.8521600000000005,1.8521600000000005,-0.02,0,0,0,False,utility_restoration|telemetry_integrity|24001|globally_public
implementation_pilot_v3_dense-utility_restoration-autonomy_no_operator-telemetry_integrity-globally_public-e24002-o124002-rnone,utility_restoration,telemetry_integrity,globally_public,24002,124002,hospital_zone,1.0,0.46,0.41500000000000004,0.265,0.0,0.29800000000000004,0.34,0.495,0.5,0.46,0.41500000000000004,0.265,0.34,0.29800000000000004,0.0,0.34580000000000005,4.916,0.4878527713892912,0.5254238753244399,0.8788323569105613,0.4878527713892912,2.0981596423661397,2.0981596423661397,-0.003702065594043402,-0.003702065594043402,0.0,0.75,5.551115123125783e-17,0.32225000000000004,0.18858944441980097,2.107368055247512,4,12,1152,626e3d1d782733f53fa4af522710868d1d9f7e92381de03659673cac8d68ed62,8.0,0.0,1.8521600000000005,1.8521600000000005,-0.02,0,0,0,False,utility_restoration|telemetry_integrity|24002|globally_public
implementation_pilot_v3_dense-utility_restoration-autonomy_no_operator-telemetry_integrity-globally_public-e24003-o124003-rnone,utility_restoration,telemetry_integrity,globally_public,24003,124003,hospital_zone,1.0,0.46,0.41500000000000004,0.265,0.0,0.29800000000000004,0.34,0.495,0.5,0.46,0.41500000000000004,0.265,0.34,0.29800000000000004,0.0,0.34580000000000005,4.916,0.4878527713892912,0.5254238753244399,0.8788323569105613,0.4878527713892912,2.0981596423661397,2.0981596423661397,-0.003702065594043402,-0.003702065594043402,0.0,0.75,5.551115123125783e-17,0.32225000000000004,0.18858944441980097,2.107368055247512,4,12,1152,626e3d1d782733f53fa4af522710868d1d9f7e92381de03659673cac8d68ed62,8.0,0.0,1.8521600000000005,1.8521600000000005,-0.02,0,0,0,False,utility_restoration|telemetry_integrity|24003|globally_public
implementation_pilot_v3_dense-utility_restoration-autonomy_no_operator-telemetry_integrity-globally_public-e24004-o124004-rnone,utility_restoration,telemetry_integrity,globally_public,24004,124004,hospital_zone,1.0,0.46,0.41500000000000004,0.265,0.0,0.29800000000000004,0.34,0.495,0.5,0.46,0.41500000000000004,0.265,0.34,0.29800000000000004,0.0,0.34580000000000005,4.916,0.4878527713892912,0.5254238753244399,0.8788323569105613,0.4878527713892912,2.0981596423661397,2.0981596423661397,-0.003702065594043402,-0.003702065594043402,0.0,0.75,5.551115123125783e-17,0.32225000000000004,0.18858944441980097,2.107368055247512,4,12,1152,626e3d1d782733f53fa4af522710868d1d9f7e92381de03659673cac8d68ed62,8.0,0.0,1.8521600000000005,1.8521600000000005,-0.02,0,0,0,False,utility_restoration|telemetry_integrity|24004|globally_public
implementation_pilot_v3_dense-utility_restoration-autonomy_no_operator-telemetry_integrity-globally_public-e24005-o124005-rnone,utility_restoration,telemetry_integrity,globally_public,24005,124005,hospital_zone,1.0,0.46,0.41500000000000004,0.265,0.0,0.29800000000000004,0.34,0.495,0.5,0.46,0.41500000000000004,0.265,0.34,0.29800000000000004,0.0,0.34580000000000005,4.916,0.4878527713892912,0.5254238753244399,0.8788323569105613,0.4878527713892912,2.0981596423661397,2.0981596423661397,-0.003702065594043402,-0.003702065594043402,0.0,0.75,5.551115123125783e-17,0.32225000000000004,0.18858944441980097,2.107368055247512,4,12,1152,626e3d1d782733f53fa4af522710868d1d9f7e92381de03659673cac8d68ed62,8.0,0.0,1.8521600000000005,1.8521600000000005,-0.02,0,0,0,False,utility_restoration|telemetry_integrity|24005|globally_public
implementation_pilot_v3_dense-utility_restoration-autonomy_no_operator-partition-private_fragmented-e24001-o124001-rnone,utility_restoration,partition,private_fragmented,24001,124001,hospital_zone,1.0,0.46,0.41500000000000004,0.265,0.0,0.29800000000000004,0.34,0.495,0.5,0.46,0.41500000000000004,0.265,0.34,0.29800000000000004,0.0,0.34580000000000005,4.916,0.8374716759320451,0.5254238753244399,0.8788323569105613,0.8708019652943592,6.8850245661794895,6.8850245661794895,0.3792471283110246,0.3792471283110246,0.03333028936231414,0.5,0.07642515186166966,0.32891605787246286,0.05937925038778624,0.49224062984732797,4,6,1152,8f6fffcd337eb5712ece62d8ce7f9e37e470d70c2611cac5f37f2b2417b1b2cf,8.0,0.5438399999999994,1.8521600000000005,2.396,0.5238399999999994,1,0,1,False,utility_restoration|partition|24001|private_fragmented
implementation_pilot_v3_dense-utility_restoration-autonomy_no_operator-partition-private_fragmented-e24002-o124002-rnone,utility_restoration,partition,private_fragmented,24002,124002,hospital_zone,1.0,0.46,0.41500000000000004,0.265,0.0,0.29800000000000004,0.34,0.495,0.5,0.46,0.41500000000000004,0.265,0.34,0.29800000000000004,0.0,0.34580000000000005,4.916,0.8353140120006501,0.5254238753244399,0.8788323569105613,0.9336474616189425,7.670593270236781,7.670593270236781,0.44209262463560794,0.44209262463560794,0.09833344961829234,0.5,0.14937706290902686,0.34191668992365853,0.026570350367625173,0.0821293795953146,4,6,1152,2bdfb980aecb43fc190b63f5ff1cb7bff78655444071ba8b0839fb87d4219810,8.0,0.5438399999999994,1.8521600000000005,2.396,0.5238399999999994,1,0,1,False,utility_restoration|partition|24002|private_fragmented
implementation_pilot_v3_dense-utility_restoration-autonomy_no_operator-partition-private_fragmented-e24003-o124003-rnone,utility_restoration,partition,private_fragmented,24003,124003,hospital_zone,1.0,0.46,0.41500000000000004,0.265,0.0,0.29800000000000004,0.34,0.495,0.5,0.46,0.41500000000000004,0.265,0.34,0.29800000000000004,0.0,0.34580000000000005,4.916,0.8374716759320451,0.5254238753244399,0.8788323569105613,0.8708019652943592,6.8850245661794895,6.8850245661794895,0.3792471283110246,0.3792471283110246,0.03333028936231414,0.5,0.07642515186166966,0.32891605787246286,0.05937925038778624,0.49224062984732797,4,6,1152,8f6fffcd337eb5712ece62d8ce7f9e37e470d70c2611cac5f37f2b2417b1b2cf,8.0,0.0,1.8521600000000005,1.8521600000000005,-0.02,0,0,0,False,utility_restoration|partition|24003|private_fragmented
implementation_pilot_v3_dense-utility_restoration-autonomy_no_operator-partition-private_fragmented-e24004-o124004-rnone,utility_restoration,partition,private_fragmented,24004,124004,hospital_zone,1.0,0.46,0.41500000000000004,0.265,0.0,0.29800000000000004,0.34,0.495,0.5,0.46,0.41500000000000004,0.265,0.34,0.29800000000000004,0.0,0.34580000000000005,4.916,0.8374716759320451,0.5254238753244399,0.8788323569105613,0.8708019652943592,6.8850245661794895,6.8850245661794895,0.3792471283110246,0.3792471283110246,0.03333028936231414,0.5,0.07642515186166966,0.32891605787246286,0.05937925038778624,0.49224062984732797,4,6,1152,8f6fffcd337eb5712ece62d8ce7f9e37e470d70c2611cac5f37f2b2417b1b2cf,8.0,0.5438399999999994,1.8521600000000005,2.396,0.5238399999999994,1,0,1,False,utility_restoration|partition|24004|private_fragmented
implementation_pilot_v3_dense-utility_restoration-autonomy_no_operator-partition-private_fragmented-e24005-o124005-rnone,utility_restoration,partition,private_fragmented,24005,124005,hospital_zone,1.0,0.46,0.41500000000000004,0.265,0.0,0.29800000000000004,0.34,0.495,0.5,0.46,0.41500000000000004,0.265,0.34,0.29800000000000004,0.0,0.34580000000000005,4.916,0.7632332417880032,0.5254238753244399,0.8788323569105613,0.7667307302031253,5.584134127539066,5.584134127539066,0.27517589321979075,0.27517589321979075,0.0034974884151219897,0.5,0.0199888217520079,0.32294949768302444,0.09818469582276218,0.9773086977845272,4,6,1152,432dc3835d1dbca818675f6b4ba972eb3649a5e10eb9c3a1decac86992012867,8.0,0.0,1.8521600000000005,1.8521600000000005,-0.02,0,0,0,False,utility_restoration|partition|24005|private_fragmented
implementation_pilot_v3_dense-utility_restoration-autonomy_no_operator-partition-globally_public-e24001-o124001-rnone,utility_restoration,partition,globally_public,24001,124001,hospital_zone,1.0,0.46,0.41500000000000004,0.265,0.0,0.29800000000000004,0.34,0.495,0.5,0.46,0.41500000000000004,0.265,0.34,0.29800000000000004,0.0,0.34580000000000005,4.916,0.4878527713892913,0.5254238753244399,0.8788323569105613,0.4878527713892913,2.098159642366141,2.098159642366141,-0.003702065594043291,-0.003702065594043291,0.0,0.5,0.0,0.32225000000000004,0.1885894444198009,2.107368055247511,4,6,1152,d1f30d887a843134f3c6c64623bae4b0bf2cc5790a3076eb76e89f8b35706c43,8.0,0.0,1.8521600000000005,1.8521600000000005,-0.02,0,0,0,False,utility_restoration|partition|24001|globally_public
implementation_pilot_v3_dense-utility_restoration-autonomy_no_operator-partition-globally_public-e24002-o124002-rnone,utility_restoration,partition,globally_public,24002,124002,hospital_zone,1.0,0.46,0.41500000000000004,0.265,0.0,0.29800000000000004,0.34,0.495,0.5,0.46,0.41500000000000004,0.265,0.34,0.29800000000000004,0.0,0.34580000000000005,4.916,0.4878527713892913,0.5254238753244399,0.8788323569105613,0.4878527713892913,2.098159642366141,2.098159642366141,-0.003702065594043291,-0.003702065594043291,0.0,0.5,0.0,0.32225000000000004,0.1885894444198009,2.107368055247511,4,6,1152,d1f30d887a843134f3c6c64623bae4b0bf2cc5790a3076eb76e89f8b35706c43,8.0,0.0,1.8521600000000005,1.8521600000000005,-0.02,0,0,0,False,utility_restoration|partition|24002|globally_public
implementation_pilot_v3_dense-utility_restoration-autonomy_no_operator-partition-globally_public-e24003-o124003-rnone,utility_restoration,partition,globally_public,24003,124003,hospital_zone,1.0,0.46,0.41500000000000004,0.265,0.0,0.29800000000000004,0.34,0.495,0.5,0.46,0.41500000000000004,0.265,0.34,0.29800000000000004,0.0,0.34580000000000005,4.916,0.4878527713892913,0.5254238753244399,0.8788323569105613,0.4878527713892913,2.098159642366141,2.098159642366141,-0.003702065594043291,-0.003702065594043291,0.0,0.5,0.0,0.32225000000000004,0.1885894444198009,2.107368055247511,4,6,1152,d1f30d887a843134f3c6c64623bae4b0bf2cc5790a3076eb76e89f8b35706c43,8.0,0.0,1.8521600000000005,1.8521600000000005,-0.02,0,0,0,False,utility_restoration|partition|24003|globally_public
implementation_pilot_v3_dense-utility_restoration-autonomy_no_operator-partition-globally_public-e24004-o124004-rnone,utility_restoration,partition,globally_public,24004,124004,hospital_zone,1.0,0.46,0.41500000000000004,0.265,0.0,0.29800000000000004,0.34,0.495,0.5,0.46,0.41500000000000004,0.265,0.34,0.29800000000000004,0.0,0.34580000000000005,4.916,0.4878527713892913,0.5254238753244399,0.8788323569105613,0.4878527713892913,2.098159642366141,2.098159642366141,-0.003702065594043291,-0.003702065594043291,0.0,0.5,0.0,0.32225000000000004,0.1885894444198009,2.107368055247511,4,6,1152,d1f30d887a843134f3c6c64623bae4b0bf2cc5790a3076eb76e89f8b35706c43,8.0,0.0,1.8521600000000005,1.8521600000000005,-0.02,0,0,0,False,utility_restoration|partition|24004|globally_public
implementation_pilot_v3_dense-utility_restoration-autonomy_no_operator-partition-globally_public-e24005-o124005-rnone,utility_restoration,partition,globally_public,24005,124005,hospital_zone,1.0,0.46,0.41500000000000004,0.265,0.0,0.29800000000000004,0.34,0.495,0.5,0.46,0.41500000000000004,0.265,0.34,0.29800000000000004,0.0,0.34580000000000005,4.916,0.4878527713892913,0.5254238753244399,0.8788323569105613,0.4878527713892913,2.098159642366141,2.098159642366141,-0.003702065594043291,-0.003702065594043291,0.0,0.5,0.0,0.32225000000000004,0.1885894444198009,2.107368055247511,4,6,1152,d1f30d887a843134f3c6c64623bae4b0bf2cc5790a3076eb76e89f8b35706c43,8.0,0.0,1.8521600000000005,1.8521600000000005,-0.02,0,0,0,False,utility_restoration|partition|24005|globally_public
implementation_pilot_v3_dense-utility_restoration-autonomy_no_operator-correlated-private_fragmented-e24001-o124001-rnone,utility_restoration,correlated,private_fragmented,24001,124001,hospital_zone,1.0,0.46,0.41500000000000004,0.265,0.0,0.29800000000000004,0.34,0.495,0.5,0.46,0.41500000000000004,0.265,0.34,0.29800000000000004,0.0,0.34580000000000005,4.916,0.4878527713892912,0.5254238753244399,0.8788323569105613,0.4878527713892912,2.0981596423661397,2.0981596423661397,-0.003702065594043402,-0.003702065594043402,0.0,0.75,5.551115123125783e-17,0.32225000000000004,0.18858944441980097,2.107368055247512,4,12,1152,aee45ee1b0f529f2b301aab8e434b39a1b94ce794f1e3a6503ae91034c81959b,8.0,0.0,4.071510400000001,4.071510400000001,-0.02,0,0,0,False,utility_restoration|correlated|24001|private_fragmented
implementation_pilot_v3_dense-utility_restoration-autonomy_no_operator-correlated-private_fragmented-e24001-o124001-rnone,utility_restoration,correlated,private_fragmented,24001,124001,water_zone,0.86,0.5,0.4601,0.315,0.0,0.34800000000000003,0.3612,0.525,0.5,0.5,0.4601,0.315,0.3612,0.34800000000000003,0.0,0.38326199999999994,5.665239999999998,0.8007179842947885,0.5670145582413119,0.9322691915480672,0.8084750488123302,6.105938110154128,6.105938110154128,0.31692021182899577,0.31692021182899577,0.007757064517541751,0.6666666666666666,0.024149760537729926,0.35630141290350836,0.09520119781093378,0.9400149726366722,3,6,864,39ccc039e3c98dd42dac033fd30258a7cf5a7dfe834aaab7d74955c3cb4455d8,8.0,0.0,3.7224640000000004,3.7224640000000004,-0.02,0,0,0,False,utility_restoration|correlated|24001|private_fragmented
implementation_pilot_v3_dense-utility_restoration-autonomy_no_operator-correlated-private_fragmented-e24002-o124002-rnone,utility_restoration,correlated,private_fragmented,24002,124002,hospital_zone,1.0,0.46,0.41500000000000004,0.265,0.0,0.29800000000000004,0.34,0.495,0.5,0.46,0.41500000000000004,0.265,0.34,0.29800000000000004,0.0,0.34580000000000005,4.916,0.4878527713892912,0.5254238753244399,0.8788323569105613,0.4878527713892912,2.0981596423661397,2.0981596423661397,-0.003702065594043402,-0.003702065594043402,0.0,0.75,5.551115123125783e-17,0.32225000000000004,0.18858944441980097,2.107368055247512,4,12,1152,aee45ee1b0f529f2b301aab8e434b39a1b94ce794f1e3a6503ae91034c81959b,8.0,0.0,4.071510400000001,4.071510400000001,-0.02,0,0,0,False,utility_restoration|correlated|24002|private_fragmented
implementation_pilot_v3_dense-utility_restoration-autonomy_no_operator-correlated-private_fragmented-e24002-o124002-rnone,utility_restoration,correlated,private_fragmented,24002,124002,water_zone,0.86,0.5,0.4601,0.315,0.0,0.34800000000000003,0.3612,0.525,0.5,0.5,0.4601,0.315,0.3612,0.34800000000000003,0.0,0.38326199999999994,5.665239999999998,0.8923379172010547,0.5670145582413119,0.9322691915480672,0.9476399886257209,7.845499857821511,7.845499857821511,0.4560851516423864,0.4560851516423864,0.055302071424665936,0.6666666666666666,0.09249813941809766,0.3658104142849332,0.03660542316785559,0.2075677895981948,3,6,864,87b65e3468e105ac557c1a4c2c01ec6ef94cae9d70327a8cdbcb4632e1e902ea,8.0,0.8928864000000001,3.7224640000000004,4.6153504000000005,0.8728864000000001,1,0,1,False,utility_restoration|correlated|24002|private_fragmented
implementation_pilot_v3_dense-utility_restoration-autonomy_no_operator-correlated-private_fragmented-e24003-o124003-rnone,utility_restoration,correlated,private_fragmented,24003,124003,hospital_zone,1.0,0.46,0.41500000000000004,0.265,0.0,0.29800000000000004,0.34,0.495,0.5,0.46,0.41500000000000004,0.265,0.34,0.29800000000000004,0.0,0.34580000000000005,4.916,0.4878527713892912,0.5254238753244399,0.8788323569105613,0.4878527713892912,2.0981596423661397,2.0981596423661397,-0.003702065594043402,-0.003702065594043402,0.0,0.75,5.551115123125783e-17,0.32225000000000004,0.18858944441980097,2.107368055247512,4,12,1152,aee45ee1b0f529f2b301aab8e434b39a1b94ce794f1e3a6503ae91034c81959b,8.0,0.0,4.071510400000001,4.071510400000001,-0.02,0,0,0,False,utility_restoration|correlated|24003|private_fragmented
implementation_pilot_v3_dense-utility_restoration-autonomy_no_operator-correlated-private_fragmented-e24003-o124003-rnone,utility_restoration,correlated,private_fragmented,24003,124003,water_zone,0.86,0.5,0.4601,0.315,0.0,0.34800000000000003,0.3612,0.525,0.5,0.5,0.4601,0.315,0.3612,0.34800000000000003,0.0,0.38326199999999994,5.665239999999998,0.8315874629563318,0.5670145582413119,0.9322691915480672,0.9802635778459888,8.25329472307486,8.25329472307486,0.48870874086265437,0.48870874086265437,0.1486761148896569,0.6666666666666666,0.18120764375513435,0.3844852229779314,0.006365139694740063,-0.17043575381574927,3,6,864,109e36bd7069f76db7dfea8adffc8398f4ed05ee498f67eba3cf036ae624d907,8.0,0.8928864000000001,3.7224640000000004,4.6153504000000005,0.8728864000000001,1,0,1,False,utility_restoration|correlated|24003|private_fragmented
implementation_pilot_v3_dense-utility_restoration-autonomy_no_operator-correlated-private_fragmented-e24004-o124004-rnone,utility_restoration,correlated,private_fragmented,24004,124004,hospital_zone,1.0,0.46,0.41500000000000004,0.265,0.0,0.29800000000000004,0.34,0.495,0.5,0.46,0.41500000000000004,0.265,0.34,0.29800000000000004,0.0,0.34580000000000005,4.916,0.4878527713892912,0.5254238753244399,0.8788323569105613,0.4878527713892912,2.0981596423661397,2.0981596423661397,-0.003702065594043402,-0.003702065594043402,0.0,0.75,5.551115123125783e-17,0.32225000000000004,0.18858944441980097,2.107368055247512,4,12,1152,aee45ee1b0f529f2b301aab8e434b39a1b94ce794f1e3a6503ae91034c81959b,8.0,0.0,4.071510400000001,4.071510400000001,-0.02,0,0,0,False,utility_restoration|correlated|24004|private_fragmented
implementation_pilot_v3_dense-utility_restoration-autonomy_no_operator-correlated-private_fragmented-e24004-o124004-rnone,utility_restoration,correlated,private_fragmented,24004,124004,water_zone,0.86,0.5,0.4601,0.315,0.0,0.34800000000000003,0.3612,0.525,0.5,0.5,0.4601,0.315,0.3612,0.34800000000000003,0.0,0.38326199999999994,5.665239999999998,0.8923379172010547,0.5670145582413119,0.9322691915480672,0.9476399886257209,7.845499857821511,7.845499857821511,0.4560851516423864,0.4560851516423864,0.055302071424665936,0.6666666666666666,0.09249813941809766,0.3658104142849332,0.03660542316785559,0.2075677895981948,3,6,864,87b65e3468e105ac557c1a4c2c01ec6ef94cae9d70327a8cdbcb4632e1e902ea,8.0,0.8928864000000001,3.7224640000000004,4.6153504000000005,0.8728864000000001,1,0,1,False,utility_restoration|correlated|24004|private_fragmented
implementation_pilot_v3_dense-utility_restoration-autonomy_no_operator-correlated-private_fragmented-e24005-o124005-rnone,utility_restoration,correlated,private_fragmented,24005,124005,hospital_zone,1.0,0.46,0.41500000000000004,0.265,0.0,0.29800000000000004,0.34,0.495,0.5,0.46,0.41500000000000004,0.265,0.34,0.29800000000000004,0.0,0.34580000000000005,4.916,0.4878527713892912,0.5254238753244399,0.8788323569105613,0.4878527713892912,2.0981596423661397,2.0981596423661397,-0.003702065594043402,-0.003702065594043402,0.0,0.75,5.551115123125783e-17,0.32225000000000004,0.18858944441980097,2.107368055247512,4,12,1152,aee45ee1b0f529f2b301aab8e434b39a1b94ce794f1e3a6503ae91034c81959b,8.0,0.0,4.071510400000001,4.071510400000001,-0.02,0,0,0,False,utility_restoration|correlated|24005|private_fragmented
implementation_pilot_v3_dense-utility_restoration-autonomy_no_operator-correlated-private_fragmented-e24005-o124005-rnone,utility_restoration,correlated,private_fragmented,24005,124005,water_zone,0.86,0.5,0.4601,0.315,0.0,0.34800000000000003,0.3612,0.525,0.5,0.5,0.4601,0.315,0.3612,0.34800000000000003,0.0,0.38326199999999994,5.665239999999998,0.8923379172010547,0.5670145582413119,0.9322691915480672,0.9476399886257209,7.845499857821511,7.845499857821511,0.4560851516423864,0.4560851516423864,0.055302071424665936,0.6666666666666666,0.09249813941809766,0.3658104142849332,0.03660542316785559,0.2075677895981948,3,6,864,87b65e3468e105ac557c1a4c2c01ec6ef94cae9d70327a8cdbcb4632e1e902ea,8.0,0.8928864000000001,3.7224640000000004,4.6153504000000005,0.8728864000000001,1,0,1,False,utility_restoration|correlated|24005|private_fragmented
implementation_pilot_v3_dense-utility_restoration-autonomy_no_operator-correlated-globally_public-e24001-o124001-rnone,utility_restoration,correlated,globally_public,24001,124001,hospital_zone,1.0,0.46,0.41500000000000004,0.265,0.0,0.29800000000000004,0.34,0.495,0.5,0.46,0.41500000000000004,0.265,0.34,0.29800000000000004,0.0,0.34580000000000005,4.916,0.4878527713892912,0.5254238753244399,0.8788323569105613,0.4878527713892912,2.0981596423661397,2.0981596423661397,-0.003702065594043402,-0.003702065594043402,0.0,0.75,5.551115123125783e-17,0.32225000000000004,0.18858944441980097,2.107368055247512,4,12,1152,878fb6e249c5ee3da26c3c31e05fa229b25be625309fcaefdc9e44be0c87c714,8.0,0.0,4.071510400000001,4.071510400000001,-0.02,0,0,0,False,utility_restoration|correlated|24001|globally_public
implementation_pilot_v3_dense-utility_restoration-autonomy_no_operator-correlated-globally_public-e24001-o124001-rnone,utility_restoration,correlated,globally_public,24001,124001,water_zone,0.86,0.5,0.4601,0.315,0.0,0.34800000000000003,0.3612,0.525,0.5,0.5,0.4601,0.315,0.3612,0.34800000000000003,0.0,0.38326199999999994,5.665239999999998,0.4878527713892913,0.5670145582413119,0.9322691915480672,0.4878527713892913,2.098159642366141,2.098159642366141,-0.00370206559404318,-0.00370206559404318,0.0,0.6666666666666666,0.0,0.35475,0.21019622934964885,2.3774528668706107,3,6,864,1ee4b86ae16760100660e8a7f2aa910580cdeebe0977163af3d28921fd25f4ac,8.0,0.0,3.7224640000000004,3.7224640000000004,-0.02,0,0,0,False,utility_restoration|correlated|24001|globally_public
implementation_pilot_v3_dense-utility_restoration-autonomy_no_operator-correlated-globally_public-e24002-o124002-rnone,utility_restoration,correlated,globally_public,24002,124002,hospital_zone,1.0,0.46,0.41500000000000004,0.265,0.0,0.29800000000000004,0.34,0.495,0.5,0.46,0.41500000000000004,0.265,0.34,0.29800000000000004,0.0,0.34580000000000005,4.916,0.4878527713892912,0.5254238753244399,0.8788323569105613,0.4878527713892912,2.0981596423661397,2.0981596423661397,-0.003702065594043402,-0.003702065594043402,0.0,0.75,5.551115123125783e-17,0.32225000000000004,0.18858944441980097,2.107368055247512,4,12,1152,878fb6e249c5ee3da26c3c31e05fa229b25be625309fcaefdc9e44be0c87c714,8.0,0.0,4.071510400000001,4.071510400000001,-0.02,0,0,0,False,utility_restoration|correlated|24002|globally_public
implementation_pilot_v3_dense-utility_restoration-autonomy_no_operator-correlated-globally_public-e24002-o124002-rnone,utility_restoration,correlated,globally_public,24002,124002,water_zone,0.86,0.5,0.4601,0.315,0.0,0.34800000000000003,0.3612,0.525,0.5,0.5,0.4601,0.315,0.3612,0.34800000000000003,0.0,0.38326199999999994,5.665239999999998,0.4878527713892913,0.5670145582413119,0.9322691915480672,0.4878527713892913,2.098159642366141,2.098159642366141,-0.00370206559404318,-0.00370206559404318,0.0,0.6666666666666666,0.0,0.35475,0.21019622934964885,2.3774528668706107,3,6,864,1ee4b86ae16760100660e8a7f2aa910580cdeebe0977163af3d28921fd25f4ac,8.0,0.0,3.7224640000000004,3.7224640000000004,-0.02,0,0,0,False,utility_restoration|correlated|24002|globally_public
implementation_pilot_v3_dense-utility_restoration-autonomy_no_operator-correlated-globally_public-e24003-o124003-rnone,utility_restoration,correlated,globally_public,24003,124003,hospital_zone,1.0,0.46,0.41500000000000004,0.265,0.0,0.29800000000000004,0.34,0.495,0.5,0.46,0.41500000000000004,0.265,0.34,0.29800000000000004,0.0,0.34580000000000005,4.916,0.4878527713892912,0.5254238753244399,0.8788323569105613,0.4878527713892912,2.0981596423661397,2.0981596423661397,-0.003702065594043402,-0.003702065594043402,0.0,0.75,5.551115123125783e-17,0.32225000000000004,0.18858944441980097,2.107368055247512,4,12,1152,878fb6e249c5ee3da26c3c31e05fa229b25be625309fcaefdc9e44be0c87c714,8.0,0.0,4.071510400000001,4.071510400000001,-0.02,0,0,0,False,utility_restoration|correlated|24003|globally_public
implementation_pilot_v3_dense-utility_restoration-autonomy_no_operator-correlated-globally_public-e24003-o124003-rnone,utility_restoration,correlated,globally_public,24003,124003,water_zone,0.86,0.5,0.4601,0.315,0.0,0.34800000000000003,0.3612,0.525,0.5,0.5,0.4601,0.315,0.3612,0.34800000000000003,0.0,0.38326199999999994,5.665239999999998,0.4878527713892913,0.5670145582413119,0.9322691915480672,0.4878527713892913,2.098159642366141,2.098159642366141,-0.00370206559404318,-0.00370206559404318,0.0,0.6666666666666666,0.0,0.35475,0.21019622934964885,2.3774528668706107,3,6,864,1ee4b86ae16760100660e8a7f2aa910580cdeebe0977163af3d28921fd25f4ac,8.0,0.0,3.7224640000000004,3.7224640000000004,-0.02,0,0,0,False,utility_restoration|correlated|24003|globally_public
implementation_pilot_v3_dense-utility_restoration-autonomy_no_operator-correlated-globally_public-e24004-o124004-rnone,utility_restoration,correlated,globally_public,24004,124004,hospital_zone,1.0,0.46,0.41500000000000004,0.265,0.0,0.29800000000000004,0.34,0.495,0.5,0.46,0.41500000000000004,0.265,0.34,0.29800000000000004,0.0,0.34580000000000005,4.916,0.4878527713892912,0.5254238753244399,0.8788323569105613,0.4878527713892912,2.0981596423661397,2.0981596423661397,-0.003702065594043402,-0.003702065594043402,0.0,0.75,5.551115123125783e-17,0.32225000000000004,0.18858944441980097,2.107368055247512,4,12,1152,878fb6e249c5ee3da26c3c31e05fa229b25be625309fcaefdc9e44be0c87c714,8.0,0.0,4.071510400000001,4.071510400000001,-0.02,0,0,0,False,utility_restoration|correlated|24004|globally_public
implementation_pilot_v3_dense-utility_restoration-autonomy_no_operator-correlated-globally_public-e24004-o124004-rnone,utility_restoration,correlated,globally_public,24004,124004,water_zone,0.86,0.5,0.4601,0.315,0.0,0.34800000000000003,0.3612,0.525,0.5,0.5,0.4601,0.315,0.3612,0.34800000000000003,0.0,0.38326199999999994,5.665239999999998,0.4878527713892913,0.5670145582413119,0.9322691915480672,0.4878527713892913,2.098159642366141,2.098159642366141,-0.00370206559404318,-0.00370206559404318,0.0,0.6666666666666666,0.0,0.35475,0.21019622934964885,2.3774528668706107,3,6,864,1ee4b86ae16760100660e8a7f2aa910580cdeebe0977163af3d28921fd25f4ac,8.0,0.0,3.7224640000000004,3.7224640000000004,-0.02,0,0,0,False,utility_restoration|correlated|24004|globally_public
implementation_pilot_v3_dense-utility_restoration-autonomy_no_operator-correlated-globally_public-e24005-o124005-rnone,utility_restoration,correlated,globally_public,24005,124005,hospital_zone,1.0,0.46,0.41500000000000004,0.265,0.0,0.29800000000000004,0.34,0.495,0.5,0.46,0.41500000000000004,0.265,0.34,0.29800000000000004,0.0,0.34580000000000005,4.916,0.4878527713892912,0.5254238753244399,0.8788323569105613,0.4878527713892912,2.0981596423661397,2.0981596423661397,-0.003702065594043402,-0.003702065594043402,0.0,0.75,5.551115123125783e-17,0.32225000000000004,0.18858944441980097,2.107368055247512,4,12,1152,878fb6e249c5ee3da26c3c31e05fa229b25be625309fcaefdc9e44be0c87c714,8.0,0.0,4.071510400000001,4.071510400000001,-0.02,0,0,0,False,utility_restoration|correlated|24005|globally_public
implementation_pilot_v3_dense-utility_restoration-autonomy_no_operator-correlated-globally_public-e24005-o124005-rnone,utility_restoration,correlated,globally_public,24005,124005,water_zone,0.86,0.5,0.4601,0.315,0.0,0.34800000000000003,0.3612,0.525,0.5,0.5,0.4601,0.315,0.3612,0.34800000000000003,0.0,0.38326199999999994,5.665239999999998,0.4878527713892913,0.5670145582413119,0.9322691915480672,0.4878527713892913,2.098159642366141,2.098159642366141,-0.00370206559404318,-0.00370206559404318,0.0,0.6666666666666666,0.0,0.35475,0.21019622934964885,2.3774528668706107,3,6,864,1ee4b86ae16760100660e8a7f2aa910580cdeebe0977163af3d28921fd25f4ac,8.0,0.0,3.7224640000000004,3.7224640000000004,-0.02,0,0,0,False,utility_restoration|correlated|24005|globally_public
implementation_pilot_v3_dense-utility_restoration-autonomy_no_operator-compound-private_fragmented-e24001-o124001-rnone,utility_restoration,compound,private_fragmented,24001,124001,hospital_zone,1.0,0.46,0.41500000000000004,0.265,0.0,0.29800000000000004,0.34,0.495,0.5,0.46,0.41500000000000004,0.265,0.34,0.29800000000000004,0.0,0.34580000000000005,4.916,0.8374716759320451,0.5254238753244399,0.8788323569105613,0.8708019652943592,6.8850245661794895,6.8850245661794895,0.3792471283110246,0.3792471283110246,0.03333028936231414,0.5,0.07642515186166966,0.32891605787246286,0.05937925038778624,0.49224062984732797,4,6,1152,55b5e387b63b61673bec4087c78a51232a35ef46868998ffa1a72bf5f6d22fbd,8.0,0.5438399999999994,6.121132800000001,6.6649728,0.5238399999999994,1,0,1,False,utility_restoration|compound|24001|private_fragmented
implementation_pilot_v3_dense-utility_restoration-autonomy_no_operator-compound-private_fragmented-e24001-o124001-rnone,utility_restoration,compound,private_fragmented,24001,124001,water_zone,0.86,0.5,0.4601,0.315,0.0,0.34800000000000003,0.3612,0.525,0.5,0.5,0.4601,0.315,0.3612,0.34800000000000003,0.0,0.38326199999999994,5.665239999999998,0.4878527713892913,0.5670145582413119,0.9322691915480672,0.4878527713892913,2.098159642366141,2.098159642366141,-0.00370206559404318,-0.00370206559404318,0.0,0.6666666666666666,0.0,0.35475,0.21019622934964885,2.3774528668706107,3,6,864,2c934bf36904d540a050828ebf342b26488ce0d5e1f3c5903595806e75b62fed,8.0,0.0,5.772086400000001,5.772086400000001,-0.02,0,0,0,False,utility_restoration|compound|24001|private_fragmented
implementation_pilot_v3_dense-utility_restoration-autonomy_no_operator-compound-private_fragmented-e24001-o124001-rnone,utility_restoration,compound,private_fragmented,24001,124001,communications_zone,0.74,0.555,0.5209,0.365,0.33333333333333337,0.398,0.37,0.555,0.5,0.54,0.5059,0.365,0.37,0.398,0.33333333333333337,0.4460286666666667,6.920573333333333,0.950101891715267,0.9288839945502066,0.9697686402763741,0.9802635778459888,8.25329472307486,8.25329472307486,0.48870874086265426,0.48870874086265426,0.030161686130721725,0.6666666666666666,0.09060382187756719,0.3932823372261443,0.06050831567373377,0.506353945921672,3,6,864,44f84e5a238e1265ec1db71199876b5f1167ab661818a93f88e029bc55a6be74,8.0,0.6219551999999995,6.043017600000001,6.6649728,0.6019551999999995,1,0,1,False,utility_restoration|compound|24001|private_fragmented
implementation_pilot_v3_dense-utility_restoration-autonomy_no_operator-compound-private_fragmented-e24002-o124002-rnone,utility_restoration,compound,private_fragmented,24002,124002,hospital_zone,1.0,0.46,0.41500000000000004,0.265,0.0,0.29800000000000004,0.34,0.495,0.5,0.46,0.41500000000000004,0.265,0.34,0.29800000000000004,0.0,0.34580000000000005,4.916,0.8353140120006501,0.5254238753244399,0.8788323569105613,0.9336474616189425,7.670593270236781,7.670593270236781,0.44209262463560794,0.44209262463560794,0.09833344961829234,0.5,0.14937706290902686,0.34191668992365853,0.026570350367625173,0.0821293795953146,4,6,1152,b2ffbc3c063a4c5833c765b96368a0230efd7704d4ab569471c9cbcb6ac7abcd,8.0,0.5438399999999994,6.121132800000001,6.6649728,0.5238399999999994,1,0,1,False,utility_restoration|compound|24002|private_fragmented
implementation_pilot_v3_dense-utility_restoration-autonomy_no_operator-compound-private_fragmented-e24002-o124002-rnone,utility_restoration,compound,private_fragmented,24002,124002,water_zone,0.86,0.5,0.4601,0.315,0.0,0.34800000000000003,0.3612,0.525,0.5,0.5,0.4601,0.315,0.3612,0.34800000000000003,0.0,0.38326199999999994,5.665239999999998,0.4878527713892913,0.5670145582413119,0.9322691915480672,0.4878527713892913,2.098159642366141,2.098159642366141,-0.00370206559404318,-0.00370206559404318,0.0,0.6666666666666666,0.0,0.35475,0.21019622934964885,2.3774528668706107,3,6,864,2c934bf36904d540a050828ebf342b26488ce0d5e1f3c5903595806e75b62fed,8.0,0.0,5.772086400000001,5.772086400000001,-0.02,0,0,0,False,utility_restoration|compound|24002|private_fragmented
implementation_pilot_v3_dense-utility_restoration-autonomy_no_operator-compound-private_fragmented-e24002-o124002-rnone,utility_restoration,compound,private_fragmented,24002,124002,communications_zone,0.74,0.555,0.5209,0.365,0.33333333333333337,0.398,0.37,0.555,0.5,0.54,0.5059,0.365,0.37,0.398,0.33333333333333337,0.4460286666666667,6.920573333333333,0.950101891715267,0.9288839945502066,0.9697686402763741,0.9802635778459888,8.25329472307486,8.25329472307486,0.48870874086265426,0.48870874086265426,0.030161686130721725,0.6666666666666666,0.09060382187756719,0.3932823372261443,0.06050831567373377,0.506353945921672,3,6,864,44f84e5a238e1265ec1db71199876b5f1167ab661818a93f88e029bc55a6be74,8.0,0.6219551999999995,6.043017600000001,6.6649728,0.6019551999999995,1,0,1,False,utility_restoration|compound|24002|private_fragmented
implementation_pilot_v3_dense-utility_restoration-autonomy_no_operator-compound-private_fragmented-e24003-o124003-rnone,utility_restoration,compound,private_fragmented,24003,124003,hospital_zone,1.0,0.46,0.41500000000000004,0.265,0.0,0.29800000000000004,0.34,0.495,0.5,0.46,0.41500000000000004,0.265,0.34,0.29800000000000004,0.0,0.34580000000000005,4.916,0.8374716759320451,0.5254238753244399,0.8788323569105613,0.8708019652943592,6.8850245661794895,6.8850245661794895,0.3792471283110246,0.3792471283110246,0.03333028936231414,0.5,0.07642515186166966,0.32891605787246286,0.05937925038778624,0.49224062984732797,4,6,1152,55b5e387b63b61673bec4087c78a51232a35ef46868998ffa1a72bf5f6d22fbd,8.0,0.0,6.121132800000001,6.121132800000001,-0.02,0,0,0,False,utility_restoration|compound|24003|private_fragmented
implementation_pilot_v3_dense-utility_restoration-autonomy_no_operator-compound-private_fragmented-e24003-o124003-rnone,utility_restoration,compound,private_fragmented,24003,124003,water_zone,0.86,0.5,0.4601,0.315,0.0,0.34800000000000003,0.3612,0.525,0.5,0.5,0.4601,0.315,0.3612,0.34800000000000003,0.0,0.38326199999999994,5.665239999999998,0.4878527713892913,0.5670145582413119,0.9322691915480672,0.4878527713892913,2.098159642366141,2.098159642366141,-0.00370206559404318,-0.00370206559404318,0.0,0.6666666666666666,0.0,0.35475,0.21019622934964885,2.3774528668706107,3,6,864,2c934bf36904d540a050828ebf342b26488ce0d5e1f3c5903595806e75b62fed,8.0,0.0,5.772086400000001,5.772086400000001,-0.02,0,0,0,False,utility_restoration|compound|24003|private_fragmented
implementation_pilot_v3_dense-utility_restoration-autonomy_no_operator-compound-private_fragmented-e24003-o124003-rnone,utility_restoration,compound,private_fragmented,24003,124003,communications_zone,0.74,0.555,0.5209,0.365,0.33333333333333337,0.398,0.37,0.555,0.5,0.54,0.5059,0.365,0.37,0.398,0.33333333333333337,0.4460286666666667,6.920573333333333,0.8068407232840439,0.9288839945502066,0.9697686402763741,0.8084750488123302,6.105938110154128,6.105938110154128,0.31692021182899566,0.31692021182899566,0.001634325528286471,0.6666666666666666,0.012074880268864965,0.38757686510565725,0.13268244173184052,1.4085305216480064,3,6,864,d4c0360c47289860ddc1ba3ba913d05a71a034b2569d1f5241caea504646951a,8.0,0.6219551999999995,6.043017600000001,6.6649728,0.6019551999999995,1,0,1,False,utility_restoration|compound|24003|private_fragmented
implementation_pilot_v3_dense-utility_restoration-autonomy_no_operator-compound-private_fragmented-e24004-o124004-rnone,utility_restoration,compound,private_fragmented,24004,124004,hospital_zone,1.0,0.46,0.41500000000000004,0.265,0.0,0.29800000000000004,0.34,0.495,0.5,0.46,0.41500000000000004,0.265,0.34,0.29800000000000004,0.0,0.34580000000000005,4.916,0.8374716759320451,0.5254238753244399,0.8788323569105613,0.8708019652943592,6.8850245661794895,6.8850245661794895,0.3792471283110246,0.3792471283110246,0.03333028936231414,0.5,0.07642515186166966,0.32891605787246286,0.05937925038778624,0.49224062984732797,4,6,1152,55b5e387b63b61673bec4087c78a51232a35ef46868998ffa1a72bf5f6d22fbd,8.0,0.5438399999999994,6.121132800000001,6.6649728,0.5238399999999994,1,0,1,False,utility_restoration|compound|24004|private_fragmented
implementation_pilot_v3_dense-utility_restoration-autonomy_no_operator-compound-private_fragmented-e24004-o124004-rnone,utility_restoration,compound,private_fragmented,24004,124004,water_zone,0.86,0.5,0.4601,0.315,0.0,0.34800000000000003,0.3612,0.525,0.5,0.5,0.4601,0.315,0.3612,0.34800000000000003,0.0,0.38326199999999994,5.665239999999998,0.4878527713892913,0.5670145582413119,0.9322691915480672,0.4878527713892913,2.098159642366141,2.098159642366141,-0.00370206559404318,-0.00370206559404318,0.0,0.6666666666666666,0.0,0.35475,0.21019622934964885,2.3774528668706107,3,6,864,2c934bf36904d540a050828ebf342b26488ce0d5e1f3c5903595806e75b62fed,8.0,0.0,5.772086400000001,5.772086400000001,-0.02,0,0,0,False,utility_restoration|compound|24004|private_fragmented
implementation_pilot_v3_dense-utility_restoration-autonomy_no_operator-compound-private_fragmented-e24004-o124004-rnone,utility_restoration,compound,private_fragmented,24004,124004,communications_zone,0.74,0.555,0.5209,0.365,0.33333333333333337,0.398,0.37,0.555,0.5,0.54,0.5059,0.365,0.37,0.398,0.33333333333333337,0.4460286666666667,6.920573333333333,0.8068407232840439,0.9288839945502066,0.9697686402763741,0.8084750488123302,6.105938110154128,6.105938110154128,0.31692021182899566,0.31692021182899566,0.001634325528286471,0.6666666666666666,0.012074880268864965,0.38757686510565725,0.13268244173184052,1.4085305216480064,3,6,864,d4c0360c47289860ddc1ba3ba913d05a71a034b2569d1f5241caea504646951a,8.0,0.0,6.043017600000001,6.043017600000001,-0.02,0,0,0,False,utility_restoration|compound|24004|private_fragmented
implementation_pilot_v3_dense-utility_restoration-autonomy_no_operator-compound-private_fragmented-e24005-o124005-rnone,utility_restoration,compound,private_fragmented,24005,124005,hospital_zone,1.0,0.46,0.41500000000000004,0.265,0.0,0.29800000000000004,0.34,0.495,0.5,0.46,0.41500000000000004,0.265,0.34,0.29800000000000004,0.0,0.34580000000000005,4.916,0.7632332417880032,0.5254238753244399,0.8788323569105613,0.7667307302031253,5.584134127539066,5.584134127539066,0.27517589321979075,0.27517589321979075,0.0034974884151219897,0.5,0.0199888217520079,0.32294949768302444,0.09818469582276218,0.9773086977845272,4,6,1152,2f5eba9930b0c288b5154a83024a4e6477c9f4a2077db77cf5b18c6001149315,8.0,0.0,6.121132800000001,6.121132800000001,-0.02,0,0,0,False,utility_restoration|compound|24005|private_fragmented
implementation_pilot_v3_dense-utility_restoration-autonomy_no_operator-compound-private_fragmented-e24005-o124005-rnone,utility_restoration,compound,private_fragmented,24005,124005,water_zone,0.86,0.5,0.4601,0.315,0.0,0.34800000000000003,0.3612,0.525,0.5,0.5,0.4601,0.315,0.3612,0.34800000000000003,0.0,0.38326199999999994,5.665239999999998,0.4878527713892913,0.5670145582413119,0.9322691915480672,0.4878527713892913,2.098159642366141,2.098159642366141,-0.00370206559404318,-0.00370206559404318,0.0,0.6666666666666666,0.0,0.35475,0.21019622934964885,2.3774528668706107,3,6,864,2c934bf36904d540a050828ebf342b26488ce0d5e1f3c5903595806e75b62fed,8.0,0.0,5.772086400000001,5.772086400000001,-0.02,0,0,0,False,utility_restoration|compound|24005|private_fragmented
implementation_pilot_v3_dense-utility_restoration-autonomy_no_operator-compound-private_fragmented-e24005-o124005-rnone,utility_restoration,compound,private_fragmented,24005,124005,communications_zone,0.74,0.555,0.5209,0.365,0.33333333333333337,0.398,0.37,0.555,0.5,0.54,0.5059,0.365,0.37,0.398,0.33333333333333337,0.4460286666666667,6.920573333333333,0.8068407232840439,0.9288839945502066,0.9697686402763741,0.8084750488123302,6.105938110154128,6.105938110154128,0.31692021182899566,0.31692021182899566,0.001634325528286471,0.6666666666666666,0.012074880268864965,0.38757686510565725,0.13268244173184052,1.4085305216480064,3,6,864,d4c0360c47289860ddc1ba3ba913d05a71a034b2569d1f5241caea504646951a,8.0,0.0,6.043017600000001,6.043017600000001,-0.02,0,0,0,False,utility_restoration|compound|24005|private_fragmented
implementation_pilot_v3_dense-utility_restoration-autonomy_no_operator-compound-globally_public-e24001-o124001-rnone,utility_restoration,compound,globally_public,24001,124001,hospital_zone,1.0,0.46,0.41500000000000004,0.265,0.0,0.29800000000000004,0.34,0.495,0.5,0.46,0.41500000000000004,0.265,0.34,0.29800000000000004,0.0,0.34580000000000005,4.916,0.4878527713892913,0.5254238753244399,0.8788323569105613,0.4878527713892913,2.098159642366141,2.098159642366141,-0.003702065594043291,-0.003702065594043291,0.0,0.5,0.0,0.32225000000000004,0.1885894444198009,2.107368055247511,4,6,1152,af5ed063966b40df70c8f07754b7ecc10ad3b5e4c0155c38f9ba9ac4aecfebb2,8.0,0.0,6.121132800000001,6.121132800000001,-0.02,0,0,0,False,utility_restoration|compound|24001|globally_public
implementation_pilot_v3_dense-utility_restoration-autonomy_no_operator-compound-globally_public-e24001-o124001-rnone,utility_restoration,compound,globally_public,24001,124001,water_zone,0.86,0.5,0.4601,0.315,0.0,0.34800000000000003,0.3612,0.525,0.5,0.5,0.4601,0.315,0.3612,0.34800000000000003,0.0,0.38326199999999994,5.665239999999998,0.4878527713892913,0.5670145582413119,0.9322691915480672,0.4878527713892913,2.098159642366141,2.098159642366141,-0.00370206559404318,-0.00370206559404318,0.0,0.6666666666666666,0.0,0.35475,0.21019622934964885,2.3774528668706107,3,6,864,2c934bf36904d540a050828ebf342b26488ce0d5e1f3c5903595806e75b62fed,8.0,0.0,5.772086400000001,5.772086400000001,-0.02,0,0,0,False,utility_restoration|compound|24001|globally_public
implementation_pilot_v3_dense-utility_restoration-autonomy_no_operator-compound-globally_public-e24001-o124001-rnone,utility_restoration,compound,globally_public,24001,124001,communications_zone,0.74,0.54,0.5059,0.365,0.33333333333333337,0.398,0.37,0.555,0.5,0.54,0.5059,0.365,0.37,0.398,0.33333333333333337,0.4460286666666667,6.920573333333333,0.4878527713892913,0.9288839945502066,0.9697686402763741,0.4878527713892913,2.098159642366141,2.098159642366141,-0.003702065594043291,-0.003702065594043291,0.0,0.6666666666666666,0.0,0.38725,0.25710768094616365,2.9638460118270453,3,6,864,8b8e718a47d4948857da8ceab2b6932eaa459d59a6910b039c132d9762cde5d5,8.0,0.0,6.043017600000001,6.043017600000001,-0.02,0,0,0,False,utility_restoration|compound|24001|globally_public
implementation_pilot_v3_dense-utility_restoration-autonomy_no_operator-compound-globally_public-e24002-o124002-rnone,utility_restoration,compound,globally_public,24002,124002,hospital_zone,1.0,0.46,0.41500000000000004,0.265,0.0,0.29800000000000004,0.34,0.495,0.5,0.46,0.41500000000000004,0.265,0.34,0.29800000000000004,0.0,0.34580000000000005,4.916,0.4878527713892913,0.5254238753244399,0.8788323569105613,0.4878527713892913,2.098159642366141,2.098159642366141,-0.003702065594043291,-0.003702065594043291,0.0,0.5,0.0,0.32225000000000004,0.1885894444198009,2.107368055247511,4,6,1152,af5ed063966b40df70c8f07754b7ecc10ad3b5e4c0155c38f9ba9ac4aecfebb2,8.0,0.0,6.121132800000001,6.121132800000001,-0.02,0,0,0,False,utility_restoration|compound|24002|globally_public
implementation_pilot_v3_dense-utility_restoration-autonomy_no_operator-compound-globally_public-e24002-o124002-rnone,utility_restoration,compound,globally_public,24002,124002,water_zone,0.86,0.5,0.4601,0.315,0.0,0.34800000000000003,0.3612,0.525,0.5,0.5,0.4601,0.315,0.3612,0.34800000000000003,0.0,0.38326199999999994,5.665239999999998,0.4878527713892913,0.5670145582413119,0.9322691915480672,0.4878527713892913,2.098159642366141,2.098159642366141,-0.00370206559404318,-0.00370206559404318,0.0,0.6666666666666666,0.0,0.35475,0.21019622934964885,2.3774528668706107,3,6,864,2c934bf36904d540a050828ebf342b26488ce0d5e1f3c5903595806e75b62fed,8.0,0.0,5.772086400000001,5.772086400000001,-0.02,0,0,0,False,utility_restoration|compound|24002|globally_public
implementation_pilot_v3_dense-utility_restoration-autonomy_no_operator-compound-globally_public-e24002-o124002-rnone,utility_restoration,compound,globally_public,24002,124002,communications_zone,0.74,0.54,0.5059,0.365,0.33333333333333337,0.398,0.37,0.555,0.5,0.54,0.5059,0.365,0.37,0.398,0.33333333333333337,0.4460286666666667,6.920573333333333,0.4878527713892913,0.9288839945502066,0.9697686402763741,0.4878527713892913,2.098159642366141,2.098159642366141,-0.003702065594043291,-0.003702065594043291,0.0,0.6666666666666666,0.0,0.38725,0.25710768094616365,2.9638460118270453,3,6,864,8b8e718a47d4948857da8ceab2b6932eaa459d59a6910b039c132d9762cde5d5,8.0,0.0,6.043017600000001,6.043017600000001,-0.02,0,0,0,False,utility_restoration|compound|24002|globally_public
implementation_pilot_v3_dense-utility_restoration-autonomy_no_operator-compound-globally_public-e24003-o124003-rnone,utility_restoration,compound,globally_public,24003,124003,hospital_zone,1.0,0.46,0.41500000000000004,0.265,0.0,0.29800000000000004,0.34,0.495,0.5,0.46,0.41500000000000004,0.265,0.34,0.29800000000000004,0.0,0.34580000000000005,4.916,0.4878527713892913,0.5254238753244399,0.8788323569105613,0.4878527713892913,2.098159642366141,2.098159642366141,-0.003702065594043291,-0.003702065594043291,0.0,0.5,0.0,0.32225000000000004,0.1885894444198009,2.107368055247511,4,6,1152,af5ed063966b40df70c8f07754b7ecc10ad3b5e4c0155c38f9ba9ac4aecfebb2,8.0,0.0,6.121132800000001,6.121132800000001,-0.02,0,0,0,False,utility_restoration|compound|24003|globally_public
implementation_pilot_v3_dense-utility_restoration-autonomy_no_operator-compound-globally_public-e24003-o124003-rnone,utility_restoration,compound,globally_public,24003,124003,water_zone,0.86,0.5,0.4601,0.315,0.0,0.34800000000000003,0.3612,0.525,0.5,0.5,0.4601,0.315,0.3612,0.34800000000000003,0.0,0.38326199999999994,5.665239999999998,0.4878527713892913,0.5670145582413119,0.9322691915480672,0.4878527713892913,2.098159642366141,2.098159642366141,-0.00370206559404318,-0.00370206559404318,0.0,0.6666666666666666,0.0,0.35475,0.21019622934964885,2.3774528668706107,3,6,864,2c934bf36904d540a050828ebf342b26488ce0d5e1f3c5903595806e75b62fed,8.0,0.0,5.772086400000001,5.772086400000001,-0.02,0,0,0,False,utility_restoration|compound|24003|globally_public
implementation_pilot_v3_dense-utility_restoration-autonomy_no_operator-compound-globally_public-e24003-o124003-rnone,utility_restoration,compound,globally_public,24003,124003,communications_zone,0.74,0.54,0.5059,0.365,0.33333333333333337,0.398,0.37,0.555,0.5,0.54,0.5059,0.365,0.37,0.398,0.33333333333333337,0.4460286666666667,6.920573333333333,0.4878527713892913,0.9288839945502066,0.9697686402763741,0.4878527713892913,2.098159642366141,2.098159642366141,-0.003702065594043291,-0.003702065594043291,0.0,0.6666666666666666,0.0,0.38725,0.25710768094616365,2.9638460118270453,3,6,864,8b8e718a47d4948857da8ceab2b6932eaa459d59a6910b039c132d9762cde5d5,8.0,0.0,6.043017600000001,6.043017600000001,-0.02,0,0,0,False,utility_restoration|compound|24003|globally_public
implementation_pilot_v3_dense-utility_restoration-autonomy_no_operator-compound-globally_public-e24004-o124004-rnone,utility_restoration,compound,globally_public,24004,124004,hospital_zone,1.0,0.46,0.41500000000000004,0.265,0.0,0.29800000000000004,0.34,0.495,0.5,0.46,0.41500000000000004,0.265,0.34,0.29800000000000004,0.0,0.34580000000000005,4.916,0.4878527713892913,0.5254238753244399,0.8788323569105613,0.4878527713892913,2.098159642366141,2.098159642366141,-0.003702065594043291,-0.003702065594043291,0.0,0.5,0.0,0.32225000000000004,0.1885894444198009,2.107368055247511,4,6,1152,af5ed063966b40df70c8f07754b7ecc10ad3b5e4c0155c38f9ba9ac4aecfebb2,8.0,0.0,6.121132800000001,6.121132800000001,-0.02,0,0,0,False,utility_restoration|compound|24004|globally_public
implementation_pilot_v3_dense-utility_restoration-autonomy_no_operator-compound-globally_public-e24004-o124004-rnone,utility_restoration,compound,globally_public,24004,124004,water_zone,0.86,0.5,0.4601,0.315,0.0,0.34800000000000003,0.3612,0.525,0.5,0.5,0.4601,0.315,0.3612,0.34800000000000003,0.0,0.38326199999999994,5.665239999999998,0.4878527713892913,0.5670145582413119,0.9322691915480672,0.4878527713892913,2.098159642366141,2.098159642366141,-0.00370206559404318,-0.00370206559404318,0.0,0.6666666666666666,0.0,0.35475,0.21019622934964885,2.3774528668706107,3,6,864,2c934bf36904d540a050828ebf342b26488ce0d5e1f3c5903595806e75b62fed,8.0,0.0,5.772086400000001,5.772086400000001,-0.02,0,0,0,False,utility_restoration|compound|24004|globally_public
implementation_pilot_v3_dense-utility_restoration-autonomy_no_operator-compound-globally_public-e24004-o124004-rnone,utility_restoration,compound,globally_public,24004,124004,communications_zone,0.74,0.54,0.5059,0.365,0.33333333333333337,0.398,0.37,0.555,0.5,0.54,0.5059,0.365,0.37,0.398,0.33333333333333337,0.4460286666666667,6.920573333333333,0.4878527713892913,0.9288839945502066,0.9697686402763741,0.4878527713892913,2.098159642366141,2.098159642366141,-0.003702065594043291,-0.003702065594043291,0.0,0.6666666666666666,0.0,0.38725,0.25710768094616365,2.9638460118270453,3,6,864,8b8e718a47d4948857da8ceab2b6932eaa459d59a6910b039c132d9762cde5d5,8.0,0.0,6.043017600000001,6.043017600000001,-0.02,0,0,0,False,utility_restoration|compound|24004|globally_public
implementation_pilot_v3_dense-utility_restoration-autonomy_no_operator-compound-globally_public-e24005-o124005-rnone,utility_restoration,compound,globally_public,24005,124005,hospital_zone,1.0,0.46,0.41500000000000004,0.265,0.0,0.29800000000000004,0.34,0.495,0.5,0.46,0.41500000000000004,0.265,0.34,0.29800000000000004,0.0,0.34580000000000005,4.916,0.4878527713892913,0.5254238753244399,0.8788323569105613,0.4878527713892913,2.098159642366141,2.098159642366141,-0.003702065594043291,-0.003702065594043291,0.0,0.5,0.0,0.32225000000000004,0.1885894444198009,2.107368055247511,4,6,1152,af5ed063966b40df70c8f07754b7ecc10ad3b5e4c0155c38f9ba9ac4aecfebb2,8.0,0.0,6.121132800000001,6.121132800000001,-0.02,0,0,0,False,utility_restoration|compound|24005|globally_public
implementation_pilot_v3_dense-utility_restoration-autonomy_no_operator-compound-globally_public-e24005-o124005-rnone,utility_restoration,compound,globally_public,24005,124005,water_zone,0.86,0.5,0.4601,0.315,0.0,0.34800000000000003,0.3612,0.525,0.5,0.5,0.4601,0.315,0.3612,0.34800000000000003,0.0,0.38326199999999994,5.665239999999998,0.4878527713892913,0.5670145582413119,0.9322691915480672,0.4878527713892913,2.098159642366141,2.098159642366141,-0.00370206559404318,-0.00370206559404318,0.0,0.6666666666666666,0.0,0.35475,0.21019622934964885,2.3774528668706107,3,6,864,2c934bf36904d540a050828ebf342b26488ce0d5e1f3c5903595806e75b62fed,8.0,0.0,5.772086400000001,5.772086400000001,-0.02,0,0,0,False,utility_restoration|compound|24005|globally_public
implementation_pilot_v3_dense-utility_restoration-autonomy_no_operator-compound-globally_public-e24005-o124005-rnone,utility_restoration,compound,globally_public,24005,124005,communications_zone,0.74,0.54,0.5059,0.365,0.33333333333333337,0.398,0.37,0.555,0.5,0.54,0.5059,0.365,0.37,0.398,0.33333333333333337,0.4460286666666667,6.920573333333333,0.4878527713892913,0.9288839945502066,0.9697686402763741,0.4878527713892913,2.098159642366141,2.098159642366141,-0.003702065594043291,-0.003702065594043291,0.0,0.6666666666666666,0.0,0.38725,0.25710768094616365,2.9638460118270453,3,6,864,8b8e718a47d4948857da8ceab2b6932eaa459d59a6910b039c132d9762cde5d5,8.0,0.0,6.043017600000001,6.043017600000001,-0.02,0,0,0,False,utility_restoration|compound|24005|globally_public
