accepted_physical_actions_v8,action_policy_id,actionable_opportunities,agent_count,allocation_inequality_gini,application,attempted_sketch_messages,autonomous_beneficial_actions,autonomous_harmful_actions,autonomous_neutral_actions,belief_updates_from_delivered_sketches,beneficial_actions,commitment_failures,completed_at,complexity,consensus_recovery_steps,conservation_feasible,coupling,critical_shortage_exposure,cross_community_messages,decision_epochs,delivered_sketch_messages,delivered_useful_sketch_bytes,delivery_completion,detected_groups,detection_groups,detection_recall,disagreement_time_integrated_error,dropped_messages,dropped_sketch_messages,encoding,environment_seed,estimator_target,event_count,event_ledger_scope,false_alarm_groups,false_alarm_rate,forwarded_sketch_messages,fragmentation,fully_counted_bytes,fully_counted_messages,harmful_actions,horizon,information_actions,information_condition,maximum_cascade_depth,maximum_conservation_residual,maximum_detection_delay_steps,maximum_message_age,mean_detection_delay_steps,mean_message_age,mean_quantization_l1_error,net_causal_utility,network_disruption,neutral_actions,normalized_autonomous_reward,normalized_time_integrated_estimation_error,operational_bytes,operational_messages,operational_node_count,operator_escalation_requests,operator_executed_actions,physical_actions,pointwise_estimation_mae_max,pointwise_estimation_mae_p90,pointwise_estimation_mae_p95,policy_delegation_abstain,policy_delegation_defer,policy_delegation_diversity,policy_delegation_escalate_operator,policy_delegation_execute_autonomously,primary_distributed_state_error,primary_distributed_state_error_p95,privacy_boundary_pass,proposed_physical_actions,redundant_sketch_bytes,resource_waste,retries,run_id,scheduler,service_loss,service_reaching_actions,sketch_bytes,sketch_header_bytes,sketch_integrity_bytes,sketch_messages,sketch_on_wire_bytes,sketch_payload_bytes,stage,stale_belief_rows,stale_sketch_bytes,started_at,stochastic_tape_digest,time_to_first_critical_delivery,topology_family,total_bytes,total_messages,transmitted_sketch_messages,trigger_activation_rate,trigger_activations,trigger_configuration_digest,trigger_evaluations,trigger_reasons,weighted_unmet_critical_need,belief_consensus_recovery,cascaded_failures,crew_travel,crew_utilization,repeated_work_orders,restoration_time_mean,unsafe_switching_or_isolation,unserved_critical_load_auc
234,frozen_local_rule,336,52,0.41438795979073517,humanitarian,274757,85,145,0,17089,85,0,2026-08-17T05:32:57.360222+00:00,large,52.0,True,high,78834.94936426789,795,20,225855,987054,168.59998102684534,145,145,1.0,0.05509051215874609,123,48902,uint8_simplex,8810019,pooled_current_private_evidence_pre_exchange,519081,dynamic_delta,131,0.8397435897435898,239795,high,8702998,249830,145,100,1039,private_fragmented,3,7.673861546209082e-13,15.0,90.0,0.20689655172413793,15.288461538461538,0.00022048989686576943,327.4684762143813,high,0,-30.641283743986026,0.06822322401604071,244104,1039,30,289,0,234,0.17619892414158103,0.11076207650240467,0.12577449852492123,21,394,4,289,336,0.0616568680873934,0.11460981520651237,True,646,6692016,6.363903499645659,0,v8-development_final-humanitarian-large-high-high-high-random_geometric-private_fragmented-8810019-always_on-f06f6808d09b-uint8_simplex-frozen_local_rule,always_on,164402.63998156894,94,0,5970984,995164,0,8458894,1492746,development_final,850,0,2026-08-17T05:31:41.024146+00:00,4666e1e5d937e2e52a06b742589c4176ee023a00da41113b9bbe1d31a89a7098,16,random_geometric,244104,1039,248791,1.0,1040,f06f6808d09b,1040,"{'always_on': 884, 'initial_reference': 156}",4071.2827119939802,,,,,,,,
232,frozen_local_rule,335,52,0.41370189324959755,humanitarian,152512,88,140,0,9549,88,0,2026-08-17T05:33:04.193675+00:00,large,52.0,True,high,80378.23545439796,795,20,126543,546176,167.95669484590366,144,145,0.993103448275862,0.054778344092350384,123,25969,uint8_simplex,8810019,pooled_current_private_evidence_pre_exchange,297520,dynamic_delta,131,0.8397435897435898,134346,high,4981988,140391,140,100,1039,private_fragmented,3,6.821210263296962e-13,15.0,90.0,0.27586206896551724,21.865384615384617,0.00021601256385585626,339.81736325817053,high,0,-30.82892952105613,0.072900810459696,244020,1039,30,287,0,232,0.17619892414158103,0.11594176613701722,0.13133509775167523,21,397,4,287,335,0.0638395772760232,0.11729303409036353,True,643,3756286,5.467446671622447,0,v8-development_final-humanitarian-large-high-high-high-random_geometric-private_fragmented-8810019-generalized_information-347f2bd91f38-uint8_simplex-frozen_local_rule,generalized_information,165585.21049140973,94,0,3344448,557408,0,4737968,836112,development_final,850,0,2026-08-17T05:32:18.799945+00:00,4666e1e5d937e2e52a06b742589c4176ee023a00da41113b9bbe1d31a89a7098,16,random_geometric,244020,1039,139352,0.55,572,347f2bd91f38,1040,"{'hysteresis_wait': 468, 'initial_reference': 156, 'maximum_silence': 416}",4082.905984499198,,,,,,,,
232,frozen_local_rule,335,52,0.41370189324959755,humanitarian,152512,88,140,0,9549,88,0,2026-08-17T05:32:35.869287+00:00,large,52.0,True,high,80378.23545439796,795,20,126543,546176,167.95669484590366,144,145,0.993103448275862,0.054778344092350384,123,25969,uint8_simplex,8810019,pooled_current_private_evidence_pre_exchange,297520,dynamic_delta,131,0.8397435897435898,134346,high,4981988,140391,140,100,1039,private_fragmented,3,6.821210263296962e-13,15.0,90.0,0.27586206896551724,21.865384615384617,0.00021601256385585626,339.81736325817053,high,0,-30.82892952105613,0.072900810459696,244020,1039,30,287,0,232,0.17619892414158103,0.11594176613701722,0.13133509775167523,21,397,4,287,335,0.0638395772760232,0.11729303409036353,True,643,3756286,5.467446671622447,0,v8-development_final-humanitarian-large-high-high-high-random_geometric-private_fragmented-8810019-generalized_information-e25eb5b9df1b-uint8_simplex-frozen_local_rule,generalized_information,165585.21049140973,94,0,3344448,557408,0,4737968,836112,development_final,850,0,2026-08-17T05:31:50.974918+00:00,4666e1e5d937e2e52a06b742589c4176ee023a00da41113b9bbe1d31a89a7098,16,random_geometric,244020,1039,139352,0.55,572,e25eb5b9df1b,1040,"{'hysteresis_wait': 468, 'initial_reference': 156, 'maximum_silence': 416}",4082.905984499198,,,,,,,,
236,frozen_local_rule,336,52,0.4144974492000664,humanitarian,208294,91,141,0,12863,91,0,2026-08-17T05:33:19.133929+00:00,large,52.0,True,high,78820.36663960274,795,20,171132,746742,175.93809049044768,145,145,1.0,0.055170961073416,123,37162,uint8_simplex,8810019,pooled_current_private_evidence_pre_exchange,397899,dynamic_delta,131,0.8397435897435898,181762,high,6655059,189597,141,100,1039,private_fragmented,3,7.673861546209082e-13,15.0,90.0,0.20689655172413793,20.307692307692307,0.00022076327358290472,334.29725142861474,high,0,-30.60712140975777,0.06934852372301824,244087,1039,30,289,0,236,0.17619892414158103,0.11096489223148492,0.12577449852492123,22,393,4,289,336,0.062259742398217126,0.11415188459024508,True,647,5071746,6.363903499645659,0,v8-development_final-humanitarian-large-high-high-high-random_geometric-private_fragmented-8810019-kpi_change-314c8c128df2-uint8_simplex-frozen_local_rule,kpi_change,164330.67926951658,100,0,4525392,754232,0,6410972,1131348,development_final,850,0,2026-08-17T05:32:21.065649+00:00,4666e1e5d937e2e52a06b742589c4176ee023a00da41113b9bbe1d31a89a7098,16,random_geometric,244087,1039,188558,0.7576923076923077,788,314c8c128df2,1040,"{'initial_reference': 156, 'kpi_change': 681, 'maximum_silence': 203}",4064.3063504861802,,,,,,,,
234,frozen_local_rule,334,52,0.41499858129344475,humanitarian,214460,88,140,0,13219,88,0,2026-08-17T05:34:26.710192+00:00,large,52.0,True,high,78833.58259247223,795,20,176109,769454,173.4664781989959,145,145,1.0,0.055552444893915275,123,38351,uint8_simplex,8810019,pooled_current_private_evidence_pre_exchange,409036,dynamic_delta,131,0.8397435897435898,187012,high,6840990,195066,140,100,1039,private_fragmented,3,9.094947017729282e-13,15.0,90.0,0.20689655172413793,20.177884615384617,0.00022213152728017919,332.96305645063956,high,0,-30.60838959750449,0.06921909341334767,244072,1039,30,290,0,234,0.17619892414158103,0.11005938592607353,0.12577449852492123,22,394,4,290,334,0.062385769153631476,0.11415188459024508,True,646,5218252,5.5,0,v8-development_final-humanitarian-large-high-high-high-random_geometric-private_fragmented-8810019-kpi_change-99bcd7363413-uint8_simplex-frozen_local_rule,kpi_change,164347.48187571595,96,0,4656648,776108,0,6596918,1164162,development_final,850,0,2026-08-17T05:33:25.041155+00:00,4666e1e5d937e2e52a06b742589c4176ee023a00da41113b9bbe1d31a89a7098,16,random_geometric,244072,1039,194027,0.7817307692307692,813,99bcd7363413,1040,"{'initial_reference': 156, 'kpi_change': 700, 'maximum_silence': 184}",4065.8925911334445,,,,,,,,
239,frozen_local_rule,341,52,0.414258134209267,humanitarian,0,92,144,0,0,92,0,2026-08-17T05:31:49.264687+00:00,large,52.0,True,high,80446.3186860089,796,20,0,0,185.9532667774793,145,145,1.0,0.11120933735698907,123,0,uint8_simplex,8810019,pooled_current_private_evidence_pre_exchange,18484,dynamic_delta,131,0.8397435897435898,0,high,244383,1040,144,100,1040,private_fragmented,3,9.094947017729282e-13,15.0,0.0,0.10344827586206896,0.0,0.0,342.40223215783993,high,0,-30.813298175695987,0.07980490160015656,244383,1040,30,288,0,239,0.18841330216454988,0.1192797000956705,0.1354896901421131,21,390,4,288,341,0.09550711947857282,0.1494392859582043,True,650,0,2.5,0,v8-development_final-humanitarian-large-high-high-high-random_geometric-private_fragmented-8810019-none-806ed450405e-uint8_simplex-frozen_local_rule,none,165450.53352599675,103,0,0,0,0,0,0,development_final,0,0,2026-08-17T05:31:42.035156+00:00,4666e1e5d937e2e52a06b742589c4176ee023a00da41113b9bbe1d31a89a7098,16,random_geometric,244383,1040,0,0.0,0,806ed450405e,1040,{'disabled': 1040},4075.3803471669885,,,,,,,,
260,frozen_local_rule,393,52,0.41657462154599023,humanitarian,120921,105,152,0,5717,105,0,2026-08-17T05:43:03.131762+00:00,large,52.0,True,high,78610.86910260937,341,20,102854,1347624,161.95213125860977,151,151,1.0,0.050863805125884363,126,18067,uint8_simplex,8810024,pooled_current_private_evidence_pre_exchange,242305,dynamic_delta,135,0.8653846153846154,108093,high,4116005,114905,152,100,1040,private_fragmented,3,2.2737367544323206e-13,0.0,90.0,0.0,20.221153846153847,0.00031006481283169044,380.69818348282837,medium,0,-29.52583223229408,0.06727383755890565,244595,1040,30,229,0,260,0.17275603890127456,0.1052924850773131,0.11708289360207028,38,380,4,229,393,0.05906882134239501,0.11026466624213807,True,660,2149412,4.818989042648071,0,v8-development_final-humanitarian-large-high-high-medium-small_world-private_fragmented-8810024-always_on-f06f6808d09b-uint8_simplex-frozen_local_rule,always_on,158571.55548098445,107,0,2732760,455460,0,3871410,683190,development_final,867,0,2026-08-17T05:42:26.459994+00:00,1f5244d7b92b90da9984c496bc473d90a9aedaa43ace1a9443a4e1c8a9075a55,11,small_world,244595,1040,113865,1.0,1040,f06f6808d09b,1040,"{'always_on': 884, 'initial_reference': 156}",3778.6279286851473,,,,,,,,
257,frozen_local_rule,394,52,0.41568782178778313,humanitarian,67298,103,151,0,3211,103,0,2026-08-17T05:43:42.263334+00:00,large,52.0,True,high,78581.59332945975,341,20,57695,746232,160.8073297044485,151,151,1.0,0.051902329324142266,126,9603,uint8_simplex,8810024,pooled_current_private_evidence_pre_exchange,143517,dynamic_delta,135,0.8653846153846154,60650,high,2415378,64888,151,100,1040,private_fragmented,3,6.838973831690964e-14,0.0,90.0,0.0,27.764423076923077,0.000304663059772543,415.72265738101123,medium,0,-29.515083965521573,0.06966472307908704,244546,1040,30,227,0,257,0.17275603890127456,0.10633030461882817,0.11905306106340971,36,383,4,227,394,0.06078352620161466,0.10954449931088438,True,657,1215398,5.313105199319743,0,v8-development_final-humanitarian-large-high-high-medium-small_world-private_fragmented-8810024-generalized_information-347f2bd91f38-uint8_simplex-frozen_local_rule,generalized_information,158965.13159122298,105,0,1532352,255392,0,2170832,383088,development_final,867,0,2026-08-17T05:43:18.303083+00:00,1f5244d7b92b90da9984c496bc473d90a9aedaa43ace1a9443a4e1c8a9075a55,11,small_world,244546,1040,63848,0.55,572,347f2bd91f38,1040,"{'hysteresis_wait': 468, 'initial_reference': 156, 'maximum_silence': 416}",3795.4362714829454,,,,,,,,
257,frozen_local_rule,394,52,0.41568782178778313,humanitarian,67298,103,151,0,3211,103,0,2026-08-17T05:43:39.560393+00:00,large,52.0,True,high,78581.59332945975,341,20,57695,746232,160.8073297044485,151,151,1.0,0.051902329324142266,126,9603,uint8_simplex,8810024,pooled_current_private_evidence_pre_exchange,143517,dynamic_delta,135,0.8653846153846154,60650,high,2415378,64888,151,100,1040,private_fragmented,3,6.838973831690964e-14,0.0,90.0,0.0,27.764423076923077,0.000304663059772543,415.72265738101123,medium,0,-29.515083965521573,0.06966472307908704,244546,1040,30,227,0,257,0.17275603890127456,0.10633030461882817,0.11905306106340971,36,383,4,227,394,0.06078352620161466,0.10954449931088438,True,657,1215398,5.313105199319743,0,v8-development_final-humanitarian-large-high-high-medium-small_world-private_fragmented-8810024-generalized_information-e25eb5b9df1b-uint8_simplex-frozen_local_rule,generalized_information,158965.13159122298,105,0,1532352,255392,0,2170832,383088,development_final,867,0,2026-08-17T05:43:15.247570+00:00,1f5244d7b92b90da9984c496bc473d90a9aedaa43ace1a9443a4e1c8a9075a55,11,small_world,244546,1040,63848,0.55,572,e25eb5b9df1b,1040,"{'hysteresis_wait': 468, 'initial_reference': 156, 'maximum_silence': 416}",3795.4362714829454,,,,,,,,
259,frozen_local_rule,393,52,0.41646701328869984,humanitarian,92230,105,151,0,4371,105,0,2026-08-17T05:44:14.798617+00:00,large,52.0,True,high,79608.73449114583,341,20,78559,1029656,163.45817650969514,151,151,1.0,0.05135494149299764,126,13671,uint8_simplex,8810024,pooled_current_private_evidence_pre_exchange,189317,dynamic_delta,135,0.8653846153846154,82640,high,3203986,88082,151,100,1040,private_fragmented,3,2.1316282072803006e-14,0.0,90.0,0.0,25.6875,0.0003076507389976495,389.4149175739781,medium,0,-29.57971358607999,0.0674583674081066,244558,1040,30,227,0,259,0.17275603890127456,0.10431431783879763,0.11778143289799599,37,383,4,227,393,0.05940665445055212,0.10819514966306824,True,657,1641350,5.82486836830102,0,v8-development_final-humanitarian-large-high-high-medium-small_world-private_fragmented-8810024-kpi_change-314c8c128df2-uint8_simplex-frozen_local_rule,kpi_change,158967.07444248794,108,0,2089008,348168,0,2959428,522252,development_final,867,0,2026-08-17T05:43:43.988128+00:00,1f5244d7b92b90da9984c496bc473d90a9aedaa43ace1a9443a4e1c8a9075a55,11,small_world,244558,1040,87042,0.7634615384615384,794,314c8c128df2,1040,"{'initial_reference': 156, 'kpi_change': 684, 'maximum_silence': 200}",3807.295042710423,,,,,,,,
259,frozen_local_rule,393,52,0.41646701328869984,humanitarian,95017,105,151,0,4507,105,0,2026-08-17T05:44:34.186237+00:00,large,52.0,True,high,79608.73449114583,341,20,80863,1059814,163.45817650969514,151,151,1.0,0.051569406807480137,126,14154,uint8_simplex,8810024,pooled_current_private_evidence_pre_exchange,194408,dynamic_delta,135,0.8653846153846154,85033,high,3289738,90605,151,100,1040,private_fragmented,3,2.1316282072803006e-14,0.0,90.0,0.0,25.673076923076923,0.00030806491225441967,389.4149175739781,medium,0,-29.57971358607999,0.06751527475254682,244528,1040,30,228,0,259,0.17275603890127456,0.10440702906306712,0.11711029168244842,36,383,4,228,393,0.059542340780013484,0.10909626753424637,True,657,1689528,5.82486836830102,0,v8-development_final-humanitarian-large-high-high-medium-small_world-private_fragmented-8810024-kpi_change-99bcd7363413-uint8_simplex-frozen_local_rule,kpi_change,158967.07444248794,108,0,2149560,358260,0,3045210,537390,development_final,867,0,2026-08-17T05:44:02.904201+00:00,1f5244d7b92b90da9984c496bc473d90a9aedaa43ace1a9443a4e1c8a9075a55,11,small_world,244528,1040,89565,0.7865384615384615,818,99bcd7363413,1040,"{'initial_reference': 156, 'kpi_change': 703, 'maximum_silence': 181}",3807.295042710423,,,,,,,,
258,frozen_local_rule,394,52,0.4158238015754093,humanitarian,0,106,149,0,0,106,0,2026-08-17T05:43:13.520752+00:00,large,52.0,True,high,80173.09525326327,341,20,0,0,165.09994830146024,151,151,1.0,0.11380659019162219,126,0,uint8_simplex,8810024,pooled_current_private_evidence_pre_exchange,18526,dynamic_delta,132,0.8461538461538461,0,high,244579,1040,149,100,1040,private_fragmented,3,3.694822225952521e-13,0.0,0.0,0.0,0.0,0.0,446.1983725979199,medium,0,-29.876542629175397,0.08057829358688663,244579,1040,30,226,0,258,0.2107588351895745,0.12227002540909396,0.13569738466831407,38,382,4,226,394,0.09719244188925441,0.1433490672875202,True,658,0,5.904145002295146,0,v8-development_final-humanitarian-large-high-high-medium-small_world-private_fragmented-8810024-none-806ed450405e-uint8_simplex-frozen_local_rule,none,161246.93420346125,107,0,0,0,0,0,0,development_final,0,0,2026-08-17T05:43:06.083814+00:00,1f5244d7b92b90da9984c496bc473d90a9aedaa43ace1a9443a4e1c8a9075a55,11,small_world,244579,1040,0,0.0,0,806ed450405e,1040,{'disabled': 1040},3873.9291417977506,,,,,,,,
295,frozen_local_rule,497,52,0.41635360639547403,humanitarian,127395,142,147,0,5752,142,0,2026-08-17T05:34:32.002826+00:00,large,52.0,True,high,80112.26713741003,181,20,112268,1439594,193.5121405340342,130,130,1.0,0.05726920612360277,53,15127,uint8_simplex,8810020,pooled_current_private_evidence_pre_exchange,255970,dynamic_delta,110,0.7051282051282052,118165,medium,4338606,124722,147,100,359,private_fragmented,3,6.252776074688882e-13,15.0,90.0,0.23076923076923078,19.02403846153846,0.00029803359985012477,686.3382087957455,low,0,-29.17426946810732,0.06256463187368602,114548,485,30,80,0,295,0.1775991351125088,0.11193135943068322,0.12719394049748386,17,110,4,80,833,0.05991691899864439,0.11390199204113254,True,594,2377518,1.746580449167497,0,v8-development_final-humanitarian-large-high-medium-low-small_world-private_fragmented-8810020-always_on-f06f6808d09b-uint8_simplex-frozen_local_rule,always_on,158887.20462598477,123,0,2981688,496948,0,4224058,745422,development_final,882,0,2026-08-17T05:33:53.036451+00:00,654142d5df58633fb6c7ee0cb272c289fa279de548a8ad6d9903968748a1eb9a,12,small_world,114548,485,124237,1.0,1040,f06f6808d09b,1040,"{'always_on': 884, 'initial_reference': 156}",4022.8904180717723,,,,,,,,
291,frozen_local_rule,500,52,0.41683859408033674,humanitarian,70935,137,147,0,3218,137,0,2026-08-17T05:34:59.127802+00:00,large,52.0,True,high,80316.52042256559,180,20,62787,796926,193.28843603923212,130,130,1.0,0.058649544429578426,53,8148,uint8_simplex,8810020,pooled_current_private_evidence_pre_exchange,150010,dynamic_delta,110,0.7051282051282052,66011,medium,2472285,69842,147,100,355,private_fragmented,3,6.536993168992922e-13,15.0,90.0,0.11538461538461539,26.48076923076923,0.0002929023671252731,684.7783934325253,low,0,-28.9086970808897,0.06806557970500476,114079,483,30,79,0,291,0.1775991351125088,0.11736358405795186,0.12927526022041735,17,108,4,79,836,0.06335756206729158,0.11801850361104574,True,596,1337832,1.2269691280187471,0,v8-development_final-humanitarian-large-high-medium-low-small_world-private_fragmented-8810020-generalized_information-347f2bd91f38-uint8_simplex-frozen_local_rule,generalized_information,157446.9201123247,119,0,1664616,277436,0,2358206,416154,development_final,880,0,2026-08-17T05:34:33.420539+00:00,654142d5df58633fb6c7ee0cb272c289fa279de548a8ad6d9903968748a1eb9a,12,small_world,114079,483,69359,0.55,572,347f2bd91f38,1040,"{'hysteresis_wait': 468, 'initial_reference': 156, 'maximum_silence': 416}",4012.4864626457934,,,,,,,,
291,frozen_local_rule,500,52,0.41683859408033674,humanitarian,70935,137,147,0,3218,137,0,2026-08-17T05:34:50.191927+00:00,large,52.0,True,high,80316.52042256559,180,20,62787,796926,193.28843603923212,130,130,1.0,0.058649544429578426,53,8148,uint8_simplex,8810020,pooled_current_private_evidence_pre_exchange,150010,dynamic_delta,110,0.7051282051282052,66011,medium,2472285,69842,147,100,355,private_fragmented,3,6.536993168992922e-13,15.0,90.0,0.11538461538461539,26.48076923076923,0.0002929023671252731,684.7783934325253,low,0,-28.9086970808897,0.06806557970500476,114079,483,30,79,0,291,0.1775991351125088,0.11736358405795186,0.12927526022041735,17,108,4,79,836,0.06335756206729158,0.11801850361104574,True,596,1337832,1.2269691280187471,0,v8-development_final-humanitarian-large-high-medium-low-small_world-private_fragmented-8810020-generalized_information-e25eb5b9df1b-uint8_simplex-frozen_local_rule,generalized_information,157446.9201123247,119,0,1664616,277436,0,2358206,416154,development_final,880,0,2026-08-17T05:34:25.317382+00:00,654142d5df58633fb6c7ee0cb272c289fa279de548a8ad6d9903968748a1eb9a,12,small_world,114079,483,69359,0.55,572,e25eb5b9df1b,1040,"{'hysteresis_wait': 468, 'initial_reference': 156, 'maximum_silence': 416}",4012.4864626457934,,,,,,,,
298,frozen_local_rule,499,52,0.4167406135770418,humanitarian,92445,139,150,0,4205,139,0,2026-08-17T05:35:46.060393+00:00,large,52.0,True,high,80217.43803570207,182,20,81575,1043154,192.68774228299694,130,130,1.0,0.05785892873498944,54,10870,uint8_simplex,8810020,pooled_current_private_evidence_pre_exchange,190328,dynamic_delta,110,0.7051282051282052,85837,medium,3182327,90714,150,100,358,private_fragmented,3,9.663381206337363e-13,15.0,90.0,0.11538461538461539,25.73076923076923,0.00029676009118205856,686.2363425916581,low,0,-29.173123157196724,0.06296170685755179,114541,485,30,79,0,298,0.1775991351125088,0.11035645028060734,0.12532934414542896,17,112,4,79,832,0.06041031779627061,0.11710711902641112,True,595,1730396,1.6872172664424625,0,v8-development_final-humanitarian-large-high-medium-low-small_world-private_fragmented-8810020-kpi_change-314c8c128df2-uint8_simplex-frozen_local_rule,kpi_change,158851.40070094325,121,0,2165496,360916,0,3067786,541374,development_final,882,0,2026-08-17T05:35:15.755560+00:00,654142d5df58633fb6c7ee0cb272c289fa279de548a8ad6d9903968748a1eb9a,12,small_world,114541,485,90229,0.7240384615384615,753,314c8c128df2,1040,"{'initial_reference': 156, 'kpi_change': 640, 'maximum_silence': 244}",4021.9906353571887,,,,,,,,
295,frozen_local_rule,497,52,0.4166251862113219,humanitarian,95810,140,147,0,4354,140,0,2026-08-17T05:35:49.135398+00:00,large,52.0,True,high,80145.63670506241,180,20,84469,1082764,193.3295756889868,130,130,1.0,0.057462231502042,53,11341,uint8_simplex,8810020,pooled_current_private_evidence_pre_exchange,196576,dynamic_delta,110,0.7051282051282052,88911,medium,3292125,93955,147,100,357,private_fragmented,3,7.105427357601002e-13,15.0,90.0,0.11538461538461539,25.298076923076923,0.0002975439612642108,688.6507555114994,low,0,-29.145618167328745,0.06289526141015615,114077,483,30,79,0,295,0.1775991351125088,0.11096125118630923,0.12540400112102765,17,112,4,79,832,0.06017874645609907,0.11551877167024051,True,593,1789182,1.6326024649952973,0,v8-development_final-humanitarian-large-high-medium-low-small_world-private_fragmented-8810020-kpi_change-99bcd7363413-uint8_simplex-frozen_local_rule,kpi_change,158762.41352173884,122,0,2243328,373888,0,3178048,560832,development_final,882,0,2026-08-17T05:35:16.269374+00:00,654142d5df58633fb6c7ee0cb272c289fa279de548a8ad6d9903968748a1eb9a,12,small_world,114077,483,93472,0.7528846153846154,783,99bcd7363413,1040,"{'initial_reference': 156, 'kpi_change': 668, 'maximum_silence': 216}",4020.484584156944,,,,,,,,
300,frozen_local_rule,504,52,0.41722869012492275,humanitarian,0,148,147,0,0,148,0,2026-08-17T05:34:31.835270+00:00,large,52.0,True,high,79628.96964333556,176,20,0,0,194.91478632790822,130,130,1.0,0.102970000983735,53,0,uint8_simplex,8810020,pooled_current_private_evidence_pre_exchange,16281,dynamic_delta,109,0.6987179487179487,0,medium,112469,476,147,100,349,private_fragmented,3,7.105427357601002e-13,0.0,0.0,0.0,0.0,0.0,674.7688706821601,low,0,-28.967632223335794,0.07168932875538761,112469,476,30,78,0,300,0.20964835034877718,0.12273344540510535,0.14888038230524553,16,104,4,78,842,0.0873296648695613,0.1542909593426191,True,598,0,4.178797042798315,0,v8-development_final-humanitarian-large-high-medium-low-small_world-private_fragmented-8810020-none-806ed450405e-uint8_simplex-frozen_local_rule,none,157593.58860806684,133,0,0,0,0,0,0,development_final,0,0,2026-08-17T05:34:24.718934+00:00,654142d5df58633fb6c7ee0cb272c289fa279de548a8ad6d9903968748a1eb9a,12,small_world,112469,476,0,0.0,0,806ed450405e,1040,{'disabled': 1040},4047.727587255114,,,,,,,,
238,frozen_local_rule,475,52,0.40669973805756365,humanitarian,206163,122,110,0,18365,122,0,2026-08-17T05:29:45.910428+00:00,large,52.0,True,low,71485.76354984062,195,20,181812,1002524,180.2421768872615,114,114,1.0,0.05645404393558775,66,24351,uint8_simplex,8810017,pooled_current_private_evidence_pre_exchange,403317,dynamic_delta,30,0.19230769230769232,192771,low,6899228,201225,110,100,152,private_fragmented,3,5.400124791776761e-13,15.0,90.0,2.1052631578947367,12.663461538461538,0.0002521453840078005,481.56029975368676,low,0,-26.764485000973007,0.05340671898004717,67166,282,30,38,0,238,0.20625141906982067,0.12656558490814826,0.14375070275367813,3,53,4,38,946,0.05493038145781746,0.14448209900499964,True,516,5179084,2.3778078235003868,0,v8-development_final-humanitarian-large-low-low-low-random_geometric-private_fragmented-8810017-always_on-f06f6808d09b-uint8_simplex-frozen_local_rule,always_on,144447.1400234158,98,0,4822632,803772,0,6832062,1205658,development_final,781,0,2026-08-17T05:28:44.026091+00:00,93736479ab2a0ef35d9c356658813266cd633d1d59b161356550587e5ad712a8,12,random_geometric,67166,282,200943,1.0,1040,f06f6808d09b,1040,"{'always_on': 884, 'initial_reference': 156}",3695.301673595538,,,,,,,,
240,frozen_local_rule,474,52,0.40578903425787,humanitarian,113846,123,110,0,10140,123,0,2026-08-17T05:29:32.832970+00:00,large,52.0,True,low,72215.1285762899,196,20,100568,553452,176.02795123025254,114,114,1.0,0.0656835088356442,66,13278,uint8_simplex,8810017,pooled_current_private_evidence_pre_exchange,229767,dynamic_delta,30,0.19230769230769232,106717,low,3849196,111507,110,100,154,private_fragmented,3,1.9895196601282805e-13,30.0,90.0,3.4210526315789473,18.41826923076923,0.00025106365022402387,498.01247089065157,low,0,-26.71241748064032,0.062380390260955404,67614,284,30,38,0,240,0.20625141906982067,0.13348641595134744,0.15222498889390698,4,52,4,38,946,0.0640319495482998,0.14860445856156118,True,516,2865860,2.8119662656699966,0,v8-development_final-humanitarian-large-low-low-low-random_geometric-private_fragmented-8810017-generalized_information-347f2bd91f38-uint8_simplex-frozen_local_rule,generalized_information,144367.9988500288,97,0,2669352,444892,0,3781582,667338,development_final,780,0,2026-08-17T05:28:56.003149+00:00,93736479ab2a0ef35d9c356658813266cd633d1d59b161356550587e5ad712a8,12,random_geometric,67614,284,111223,0.55,572,347f2bd91f38,1040,"{'hysteresis_wait': 468, 'initial_reference': 156, 'maximum_silence': 416}",3711.996019588509,,,,,,,,
240,frozen_local_rule,474,52,0.40578903425787,humanitarian,113846,123,110,0,10140,123,0,2026-08-17T05:29:32.439676+00:00,large,52.0,True,low,72215.1285762899,196,20,100568,553452,176.02795123025254,114,114,1.0,0.0656835088356442,66,13278,uint8_simplex,8810017,pooled_current_private_evidence_pre_exchange,229767,dynamic_delta,30,0.19230769230769232,106717,low,3849196,111507,110,100,154,private_fragmented,3,1.9895196601282805e-13,30.0,90.0,3.4210526315789473,18.41826923076923,0.00025106365022402387,498.01247089065157,low,0,-26.71241748064032,0.062380390260955404,67614,284,30,38,0,240,0.20625141906982067,0.13348641595134744,0.15222498889390698,4,52,4,38,946,0.0640319495482998,0.14860445856156118,True,516,2865860,2.8119662656699966,0,v8-development_final-humanitarian-large-low-low-low-random_geometric-private_fragmented-8810017-generalized_information-e25eb5b9df1b-uint8_simplex-frozen_local_rule,generalized_information,144367.9988500288,97,0,2669352,444892,0,3781582,667338,development_final,780,0,2026-08-17T05:28:55.600371+00:00,93736479ab2a0ef35d9c356658813266cd633d1d59b161356550587e5ad712a8,12,random_geometric,67614,284,111223,0.55,572,e25eb5b9df1b,1040,"{'hysteresis_wait': 468, 'initial_reference': 156, 'maximum_silence': 416}",3711.996019588509,,,,,,,,
235,frozen_local_rule,472,52,0.4070457450310779,humanitarian,137648,123,105,0,12372,123,0,2026-08-17T05:29:42.595782+00:00,large,52.0,True,low,72306.67041073205,195,20,121666,667148,177.89606658560862,114,114,1.0,0.05770077394706172,67,15982,uint8_simplex,8810017,pooled_current_private_evidence_pre_exchange,274651,dynamic_delta,30,0.19230769230769232,129049,low,4640462,134785,105,100,152,private_fragmented,3,2.2737367544323206e-13,15.0,90.0,2.1052631578947367,18.403846153846153,0.00025234615677958777,494.7059875288429,low,0,-26.782266019649782,0.05446325846224087,67394,283,30,39,0,235,0.20625141906982067,0.12302559526456357,0.1457834798002812,4,52,4,39,945,0.0560820162046513,0.14006269003360017,True,515,3469496,2.479948101030764,0,v8-development_final-humanitarian-large-low-low-low-random_geometric-private_fragmented-8810017-kpi_change-314c8c128df2-uint8_simplex-frozen_local_rule,kpi_change,144717.9340122424,96,0,3228048,538008,0,4573068,807012,development_final,781,0,2026-08-17T05:28:58.857787+00:00,93736479ab2a0ef35d9c356658813266cd633d1d59b161356550587e5ad712a8,12,random_geometric,67394,283,134502,0.6644230769230769,691,314c8c128df2,1040,"{'initial_reference': 156, 'kpi_change': 590, 'maximum_silence': 294}",3709.209842679249,,,,,,,,
235,frozen_local_rule,472,52,0.4070457450310779,humanitarian,141673,123,105,0,12678,123,0,2026-08-17T05:30:54.737771+00:00,large,52.0,True,low,72306.67041073205,195,20,125278,686766,177.89606658560862,114,114,1.0,0.05775929347395479,67,16395,uint8_simplex,8810017,pooled_current_private_evidence_pre_exchange,282288,dynamic_delta,30,0.19230769230769232,132853,low,4774870,138738,105,100,152,private_fragmented,3,2.2737367544323206e-13,15.0,90.0,2.1052631578947367,18.33173076923077,0.0002504310701737402,494.7059875288429,low,0,-26.782266019649782,0.0543466527759927,67400,283,30,39,0,235,0.20625141906982067,0.12400516614739178,0.1457834798002812,4,52,4,39,945,0.05605297312497375,0.14251395374737547,True,515,3572686,2.479948101030764,0,v8-development_final-humanitarian-large-low-low-low-random_geometric-private_fragmented-8810017-kpi_change-99bcd7363413-uint8_simplex-frozen_local_rule,kpi_change,144717.9340122424,96,0,3322920,553820,0,4707470,830730,development_final,781,0,2026-08-17T05:30:10.885706+00:00,93736479ab2a0ef35d9c356658813266cd633d1d59b161356550587e5ad712a8,12,random_geometric,67400,283,138455,0.6836538461538462,711,99bcd7363413,1040,"{'initial_reference': 156, 'kpi_change': 607, 'maximum_silence': 277}",3709.209842679249,,,,,,,,
240,frozen_local_rule,472,52,0.4056361053146434,humanitarian,0,121,113,0,0,121,0,2026-08-17T05:28:57.411186+00:00,large,52.0,True,low,72173.11261205614,198,20,0,0,175.7855989074116,114,114,1.0,0.0720827293197811,67,0,uint8_simplex,8810017,pooled_current_private_evidence_pre_exchange,15364,dynamic_delta,29,0.1858974358974359,0,low,68308,287,113,100,156,private_fragmented,3,8.526512829121202e-14,0.0,0.0,0.0,0.0,0.0,461.1111651487297,low,0,-26.798341632911235,0.051373395523551,68308,287,30,39,0,240,0.21056528742511274,0.07392257320926852,0.09849243030718453,4,53,4,39,944,0.061728062421666056,0.13439390993694864,True,515,0,2.14994307407599,0,v8-development_final-humanitarian-large-low-low-low-random_geometric-private_fragmented-8810017-none-806ed450405e-uint8_simplex-frozen_local_rule,none,144431.41475125155,96,0,0,0,0,0,0,development_final,0,0,2026-08-17T05:28:50.199845+00:00,93736479ab2a0ef35d9c356658813266cd633d1d59b161356550587e5ad712a8,12,random_geometric,68308,287,0,0.0,0,806ed450405e,1040,{'disabled': 1040},3668.7225628203146,,,,,,,,
290,frozen_local_rule,464,52,0.41545848630384064,humanitarian,118506,143,140,0,5797,143,0,2026-08-17T05:38:43.407861+00:00,large,52.0,True,low,65636.31915564794,196,20,100462,1323348,203.90749152959847,151,151,1.0,0.05367828679424599,130,18044,uint8_simplex,8810022,pooled_current_private_evidence_pre_exchange,235656,dynamic_delta,103,0.6602564102564102,104313,medium,3874430,110427,140,100,505,private_fragmented,3,1.7337242752546445e-12,15.0,90.0,0.695364238410596,21.677884615384617,0.0003044185137056957,519.7988979120775,high,0,-26.564308133705836,0.0717138449568497,140108,594,30,151,0,290,0.18478962546512442,0.13124392540445579,0.14038264556798227,17,165,4,151,707,0.06269606587554784,0.11292214465722294,True,632,2092360,13.141771115654116,0,v8-development_final-humanitarian-large-low-medium-high-small_world-private_fragmented-8810022-always_on-f06f6808d09b-uint8_simplex-frozen_local_rule,always_on,143959.7347718712,118,0,2635992,439332,0,3734322,658998,development_final,881,0,2026-08-17T05:38:07.348061+00:00,69f93a9808f557c8a05cb3eab413d136b353b914796dc91e42fb8e0f8e21fcc2,12,small_world,140108,594,109833,1.0,1040,f06f6808d09b,1040,"{'always_on': 884, 'initial_reference': 156}",3709.18381636272,,,,,,,,
293,frozen_local_rule,467,52,0.41418826111816814,humanitarian,66161,143,144,0,3265,143,0,2026-08-17T05:39:16.715917+00:00,large,52.0,True,low,65786.63561966066,193,20,56871,736610,198.6666560579927,151,151,1.0,0.05521407474358261,131,9290,uint8_simplex,8810022,pooled_current_private_evidence_pre_exchange,139721,dynamic_delta,103,0.6602564102564102,59103,medium,2253533,62767,144,100,506,private_fragmented,3,1.2221335055073723e-12,30.0,90.0,1.2913907284768211,28.96153846153846,0.00029930595219043016,531.4989057596313,high,0,-26.78031232720079,0.07548709618242724,139583,592,30,153,0,293,0.18207834327566078,0.13208515205852078,0.14122485506306662,16,162,4,153,709,0.06535058546300493,0.11186181602778573,True,636,1197004,12.580782247226796,0,v8-development_final-humanitarian-large-low-medium-high-small_world-private_fragmented-8810022-generalized_information-347f2bd91f38-uint8_simplex-frozen_local_rule,generalized_information,145175.81320197962,115,0,1492200,248700,0,2113950,373050,development_final,880,0,2026-08-17T05:38:52.553417+00:00,69f93a9808f557c8a05cb3eab413d136b353b914796dc91e42fb8e0f8e21fcc2,12,small_world,139583,592,62175,0.55,572,347f2bd91f38,1040,"{'hysteresis_wait': 468, 'initial_reference': 156, 'maximum_silence': 416}",3748.5343735007814,,,,,,,,
293,frozen_local_rule,467,52,0.41418826111816814,humanitarian,66161,143,144,0,3265,143,0,2026-08-17T05:39:10.568772+00:00,large,52.0,True,low,65786.63561966066,193,20,56871,736610,198.6666560579927,151,151,1.0,0.05521407474358261,131,9290,uint8_simplex,8810022,pooled_current_private_evidence_pre_exchange,139721,dynamic_delta,103,0.6602564102564102,59103,medium,2253533,62767,144,100,506,private_fragmented,3,1.2221335055073723e-12,30.0,90.0,1.2913907284768211,28.96153846153846,0.00029930595219043016,531.4989057596313,high,0,-26.78031232720079,0.07548709618242724,139583,592,30,153,0,293,0.18207834327566078,0.13208515205852078,0.14122485506306662,16,162,4,153,709,0.06535058546300493,0.11186181602778573,True,636,1197004,12.580782247226796,0,v8-development_final-humanitarian-large-low-medium-high-small_world-private_fragmented-8810022-generalized_information-e25eb5b9df1b-uint8_simplex-frozen_local_rule,generalized_information,145175.81320197962,115,0,1492200,248700,0,2113950,373050,development_final,880,0,2026-08-17T05:38:46.971522+00:00,69f93a9808f557c8a05cb3eab413d136b353b914796dc91e42fb8e0f8e21fcc2,12,small_world,139583,592,62175,0.55,572,e25eb5b9df1b,1040,"{'hysteresis_wait': 468, 'initial_reference': 156, 'maximum_silence': 416}",3748.5343735007814,,,,,,,,
290,frozen_local_rule,465,52,0.41599204375589016,humanitarian,86964,142,141,0,4246,142,0,2026-08-17T05:39:51.182567+00:00,large,52.0,True,low,65832.9893256187,196,20,74112,970224,205.94393551928462,151,151,1.0,0.054318512504827186,131,12852,uint8_simplex,8810022,pooled_current_private_evidence_pre_exchange,177767,dynamic_delta,103,0.6602564102564102,76930,medium,2893663,81576,141,100,506,private_fragmented,3,1.6342482922482304e-12,15.0,90.0,0.9933774834437086,27.9375,0.0003040163939023959,511.98053755668207,high,0,-26.386577800485966,0.07245671630830376,140309,595,30,152,0,290,0.18478962546512442,0.1305111723757501,0.13972687298328804,17,164,4,152,707,0.06338761440656548,0.11455123390978167,True,634,1549584,12.527501828836417,0,v8-development_final-humanitarian-large-low-medium-high-small_world-private_fragmented-8810022-kpi_change-314c8c128df2-uint8_simplex-frozen_local_rule,kpi_change,142935.57831584907,119,0,1943544,323924,0,2753354,485886,development_final,881,0,2026-08-17T05:39:22.647746+00:00,69f93a9808f557c8a05cb3eab413d136b353b914796dc91e42fb8e0f8e21fcc2,12,small_world,140309,595,80981,0.7298076923076923,759,314c8c128df2,1040,"{'initial_reference': 156, 'kpi_change': 643, 'maximum_silence': 241}",3675.082475872514,,,,,,,,
290,frozen_local_rule,465,52,0.41599204375589016,humanitarian,89774,142,141,0,4397,142,0,2026-08-17T05:40:03.544829+00:00,large,52.0,True,low,65832.9893256187,196,20,76376,1003612,205.94393551928462,151,151,1.0,0.054400649675746135,131,13398,uint8_simplex,8810022,pooled_current_private_evidence_pre_exchange,182841,dynamic_delta,103,0.6602564102564102,79287,medium,2978228,84063,141,100,506,private_fragmented,3,1.6342482922482304e-12,15.0,90.0,0.9933774834437086,27.490384615384617,0.0003035891572425781,511.98053755668207,high,0,-26.386577800485966,0.07221254892582356,140316,595,30,152,0,290,0.18478962546512442,0.1291545513034458,0.13959746361944828,17,164,4,152,707,0.06330659930078485,0.1150168653203003,True,634,1593172,12.527501828836417,0,v8-development_final-humanitarian-large-low-medium-high-small_world-private_fragmented-8810022-kpi_change-99bcd7363413-uint8_simplex-frozen_local_rule,kpi_change,142935.57831584907,119,0,2003232,333872,0,2837912,500808,development_final,881,0,2026-08-17T05:39:33.193886+00:00,69f93a9808f557c8a05cb3eab413d136b353b914796dc91e42fb8e0f8e21fcc2,12,small_world,140316,595,83468,0.7557692307692307,786,99bcd7363413,1040,"{'initial_reference': 156, 'kpi_change': 667, 'maximum_silence': 217}",3675.082475872514,,,,,,,,
294,frozen_local_rule,471,52,0.41306286115422314,humanitarian,0,144,143,0,0,144,0,2026-08-17T05:38:45.341098+00:00,large,52.0,True,low,63442.31439843222,192,20,0,0,195.21796955583434,151,151,1.0,0.09518047335693061,131,0,uint8_simplex,8810022,pooled_current_private_evidence_pre_exchange,16694,dynamic_delta,105,0.6730769230769231,0,medium,139838,593,143,100,507,private_fragmented,3,1.3926637620897964e-12,15.0,0.0,0.09933774834437085,0.0,0.0,516.5578564415333,high,0,-26.401347656176085,0.06800679028680398,139838,593,30,154,0,294,0.19657890052495083,0.10665956368359118,0.13835885702393486,16,156,4,154,714,0.0815936318218673,0.14123956117753667,True,641,0,14.709754427961673,0,v8-development_final-humanitarian-large-low-medium-high-small_world-private_fragmented-8810022-none-806ed450405e-uint8_simplex-frozen_local_rule,none,142989.98202335974,116,0,0,0,0,0,0,development_final,0,0,2026-08-17T05:38:38.156473+00:00,69f93a9808f557c8a05cb3eab413d136b353b914796dc91e42fb8e0f8e21fcc2,12,small_world,139838,593,0,0.0,0,806ed450405e,1040,{'disabled': 1040},3685.358320723694,,,,,,,,
286,frozen_local_rule,392,52,0.4160289646486697,humanitarian,324585,112,169,0,21638,112,0,2026-08-17T05:36:54.066810+00:00,large,52.0,True,medium,82719.89503088652,855,20,275648,1149098,189.9581429791593,156,156,1.0,0.056941987855047206,137,48937,uint8_simplex,8810021,pooled_current_private_evidence_pre_exchange,618783,dynamic_delta,135,0.8653846153846154,293229,high,10534274,303673,169,100,1040,private_fragmented,3,7.105427357601002e-13,0.0,60.0,0.0,13.586538461538462,0.00018869258079677636,497.0468437547359,medium,0,-28.597237974774846,0.0665384988004126,244752,1040,30,254,0,286,0.16593678499528453,0.10489335898549335,0.11981194933833315,30,364,4,254,392,0.0617402433277299,0.11688102777256072,True,676,8222934,5.2934508015628,0,v8-development_final-humanitarian-large-medium-high-medium-random_geometric-private_fragmented-8810021-always_on-f06f6808d09b-uint8_simplex-frozen_local_rule,always_on,155299.11600843284,105,0,7263192,1210532,0,10289522,1815798,development_final,814,0,2026-08-17T05:35:25.477121+00:00,00c9f929daff795827d94a45e4eef15108225897b50ef5b53b0e73ffb50d8fe4,12,random_geometric,244752,1040,302633,1.0,1040,f06f6808d09b,1040,"{'always_on': 884, 'initial_reference': 156}",3915.2106418911744,,,,,,,,
288,frozen_local_rule,388,52,0.4149217280106978,humanitarian,179103,109,168,0,12027,109,0,2026-08-17T05:37:09.030769+00:00,large,52.0,True,medium,82109.77197184814,855,20,153147,633454,179.0089219970921,156,156,1.0,0.057933161624111586,137,25956,uint8_simplex,8810021,pooled_current_private_evidence_pre_exchange,350798,dynamic_delta,135,0.8653846153846154,162841,high,5958422,169091,168,100,1040,private_fragmented,3,5.684341886080802e-14,0.0,90.0,0.0,19.60096153846154,0.00018671061126328611,511.8809956759945,medium,0,-28.869753424552325,0.07062257989869118,244688,1040,30,254,0,288,0.16593678499528453,0.10715900981908327,0.12189904060126011,28,370,4,254,388,0.06427787076140137,0.11747032639696904,True,670,4573544,5.5,0,v8-development_final-humanitarian-large-medium-high-medium-random_geometric-private_fragmented-8810021-generalized_information-347f2bd91f38-uint8_simplex-frozen_local_rule,generalized_information,156982.97857446378,98,0,4033224,672204,0,5713734,1008306,development_final,814,0,2026-08-17T05:36:17.514565+00:00,00c9f929daff795827d94a45e4eef15108225897b50ef5b53b0e73ffb50d8fe4,12,random_geometric,244688,1040,168051,0.55,572,347f2bd91f38,1040,"{'hysteresis_wait': 468, 'initial_reference': 156, 'maximum_silence': 416}",3992.5770185315764,,,,,,,,
288,frozen_local_rule,388,52,0.4149217280106978,humanitarian,179103,109,168,0,12027,109,0,2026-08-17T05:36:37.125873+00:00,large,52.0,True,medium,82109.77197184814,855,20,153147,633454,179.0089219970921,156,156,1.0,0.057933161624111586,137,25956,uint8_simplex,8810021,pooled_current_private_evidence_pre_exchange,350798,dynamic_delta,135,0.8653846153846154,162841,high,5958422,169091,168,100,1040,private_fragmented,3,5.684341886080802e-14,0.0,90.0,0.0,19.60096153846154,0.00018671061126328611,511.8809956759945,medium,0,-28.869753424552325,0.07062257989869118,244688,1040,30,254,0,288,0.16593678499528453,0.10715900981908327,0.12189904060126011,28,370,4,254,388,0.06427787076140137,0.11747032639696904,True,670,4573544,5.5,0,v8-development_final-humanitarian-large-medium-high-medium-random_geometric-private_fragmented-8810021-generalized_information-e25eb5b9df1b-uint8_simplex-frozen_local_rule,generalized_information,156982.97857446378,98,0,4033224,672204,0,5713734,1008306,development_final,814,0,2026-08-17T05:35:45.103994+00:00,00c9f929daff795827d94a45e4eef15108225897b50ef5b53b0e73ffb50d8fe4,12,random_geometric,244688,1040,168051,0.55,572,e25eb5b9df1b,1040,"{'hysteresis_wait': 468, 'initial_reference': 156, 'maximum_silence': 416}",3992.5770185315764,,,,,,,,
291,frozen_local_rule,392,52,0.41506618008269064,humanitarian,244336,111,172,0,16179,111,0,2026-08-17T05:37:32.455071+00:00,large,52.0,True,medium,82084.46055694351,855,20,207200,875466,187.12933164261884,156,156,1.0,0.05767964958447673,137,37136,uint8_simplex,8810021,pooled_current_private_evidence_pre_exchange,470093,dynamic_delta,135,0.8653846153846154,220306,high,7977109,228463,172,100,1040,private_fragmented,3,1.7053025658242404e-13,0.0,75.0,0.0,19.254807692307693,0.00018885725306626975,498.54789130450746,medium,0,-28.47851068048314,0.06727083276514162,244727,1040,30,253,0,291,0.16593678499528453,0.10387172470304362,0.11996810500593225,30,365,4,253,392,0.06247524117480918,0.11787007502989286,True,675,6169334,4.913222693749563,0,v8-development_final-humanitarian-large-medium-high-medium-random_geometric-private_fragmented-8810021-kpi_change-314c8c128df2-uint8_simplex-frozen_local_rule,kpi_change,154701.64593336804,104,0,5458152,909692,0,7732382,1364538,development_final,814,0,2026-08-17T05:36:22.230059+00:00,00c9f929daff795827d94a45e4eef15108225897b50ef5b53b0e73ffb50d8fe4,12,random_geometric,244727,1040,227423,0.7673076923076924,798,314c8c128df2,1040,"{'initial_reference': 156, 'kpi_change': 674, 'maximum_silence': 210}",3893.1475415463074,,,,,,,,
286,frozen_local_rule,388,52,0.4150250662890099,humanitarian,253721,110,167,0,16855,110,0,2026-08-17T05:38:45.325921+00:00,large,52.0,True,medium,82091.42823884079,855,20,215330,906134,182.27647453822823,156,156,1.0,0.05744957722966684,137,38391,uint8_simplex,8810021,pooled_current_private_evidence_pre_exchange,487597,dynamic_delta,135,0.8653846153846154,229017,high,8281821,237425,167,100,1040,private_fragmented,3,5.684341886080802e-14,0.0,75.0,0.0,18.89423076923077,0.00018807527128398955,498.62120292633466,medium,0,-28.46980592872641,0.06699094851854225,244731,1040,30,253,0,286,0.16593678499528453,0.10384126981661455,0.12027346189303403,30,369,4,253,388,0.06222026287410455,0.11770221831309317,True,671,6415086,4.286274134591851,0,v8-development_final-humanitarian-large-medium-high-medium-random_geometric-private_fragmented-8810021-kpi_change-99bcd7363413-uint8_simplex-frozen_local_rule,kpi_change,154725.5430335447,100,0,5673240,945540,0,8037090,1418310,development_final,814,0,2026-08-17T05:37:35.162472+00:00,00c9f929daff795827d94a45e4eef15108225897b50ef5b53b0e73ffb50d8fe4,12,random_geometric,244731,1040,236385,0.7923076923076923,824,99bcd7363413,1040,"{'initial_reference': 156, 'kpi_change': 698, 'maximum_silence': 186}",3893.8858402912083,,,,,,,,
288,frozen_local_rule,385,52,0.41508186468944924,humanitarian,0,110,173,0,0,110,0,2026-08-17T05:35:43.278995+00:00,large,52.0,True,medium,82111.62805552062,855,20,0,0,187.01221487016727,156,156,1.0,0.11430445916465411,137,0,uint8_simplex,8810021,pooled_current_private_evidence_pre_exchange,18554,dynamic_delta,135,0.8653846153846154,0,high,244733,1040,173,100,1040,private_fragmented,3,3.410605131648481e-13,15.0,0.0,0.28846153846153844,0.0,0.0,507.1535884457025,medium,0,-28.719449107193054,0.08052107906426359,244733,1040,30,251,0,288,0.18347362121204877,0.12269156371069172,0.1345650516140012,27,377,4,251,385,0.09741276911445886,0.14539257560789146,True,663,0,7.69833430685293,0,v8-development_final-humanitarian-large-medium-high-medium-random_geometric-private_fragmented-8810021-none-806ed450405e-uint8_simplex-frozen_local_rule,none,156191.00200654063,105,0,0,0,0,0,0,development_final,0,0,2026-08-17T05:35:35.938717+00:00,00c9f929daff795827d94a45e4eef15108225897b50ef5b53b0e73ffb50d8fe4,12,random_geometric,244733,1040,0,0.0,0,806ed450405e,1040,{'disabled': 1040},3950.251827484052,,,,,,,,
228,frozen_local_rule,475,52,0.4132325142672145,humanitarian,375892,111,109,0,26638,111,0,2026-08-17T05:41:20.077134+00:00,large,52.0,True,medium,86668.04702231182,303,20,311408,1294074,122.2866037088809,144,144,1.0,0.06765406733885088,100,64484,uint8_simplex,8810023,pooled_current_private_evidence_pre_exchange,703122,dynamic_delta,29,0.1858974358974359,332900,low,11738059,342768,109,100,295,private_fragmented,3,1.4210854715202004e-13,30.0,60.0,6.354166666666667,16.052884615384617,0.0001650713888640041,668.5001510221897,high,0,-29.454098749454097,0.06772612715735273,97955,412,30,87,0,228,0.2228024553677477,0.15128687334158736,0.17344317325812256,5,97,4,87,851,0.06769009724810181,0.15847804717952518,True,567,9293798,4.68548941178413,0,v8-development_final-humanitarian-large-medium-low-high-random_geometric-private_fragmented-8810023-always_on-f06f6808d09b-uint8_simplex-frozen_local_rule,always_on,160479.63093993053,70,0,8216544,1369424,0,11640104,2054136,development_final,884,0,2026-08-17T05:39:39.627719+00:00,bfb67d559eb40cc1f994b64a8d92804b2f52c93b6f0eafa28a7120148deae10e,12,random_geometric,97955,412,342356,1.0,1040,f06f6808d09b,1040,"{'always_on': 884, 'initial_reference': 156}",4234.0587202738,,,,,,,,
229,frozen_local_rule,478,52,0.41460217542435773,humanitarian,208872,109,113,0,14928,109,0,2026-08-17T05:41:19.276772+00:00,large,52.0,True,medium,87679.23157918124,306,20,174706,715462,125.8734072219535,144,144,1.0,0.0748605361254902,100,34166,uint8_simplex,8810023,pooled_current_private_evidence_pre_exchange,399406,dynamic_delta,29,0.1858974358974359,186749,low,6626529,192424,113,100,295,private_fragmented,3,2.2737367544323206e-13,30.0,90.0,7.916666666666667,23.076923076923077,0.0001632757734473387,634.0552697457603,high,0,-29.299952093345485,0.07899051838705023,98155,413,30,87,0,229,0.21371468970174154,0.16278441860465823,0.18203284893762467,5,96,4,87,852,0.07692552725627022,0.16256126143478225,True,570,5224542,4.0475454683067,0,v8-development_final-humanitarian-large-medium-low-high-random_geometric-private_fragmented-8810023-generalized_information-347f2bd91f38-uint8_simplex-frozen_local_rule,generalized_information,159257.42327593616,72,0,4608264,768044,0,6528374,1152066,development_final,884,0,2026-08-17T05:40:20.345968+00:00,bfb67d559eb40cc1f994b64a8d92804b2f52c93b6f0eafa28a7120148deae10e,12,random_geometric,98155,413,192011,0.55,572,347f2bd91f38,1040,"{'hysteresis_wait': 468, 'initial_reference': 156, 'maximum_silence': 416}",4199.780148474286,,,,,,,,
229,frozen_local_rule,478,52,0.41460217542435773,humanitarian,208872,109,113,0,14928,109,0,2026-08-17T05:41:15.821948+00:00,large,52.0,True,medium,87679.23157918124,306,20,174706,715462,125.8734072219535,144,144,1.0,0.0748605361254902,100,34166,uint8_simplex,8810023,pooled_current_private_evidence_pre_exchange,399406,dynamic_delta,29,0.1858974358974359,186749,low,6626529,192424,113,100,295,private_fragmented,3,2.2737367544323206e-13,30.0,90.0,7.916666666666667,23.076923076923077,0.0001632757734473387,634.0552697457603,high,0,-29.299952093345485,0.07899051838705023,98155,413,30,87,0,229,0.21371468970174154,0.16278441860465823,0.18203284893762467,5,96,4,87,852,0.07692552725627022,0.16256126143478225,True,570,5224542,4.0475454683067,0,v8-development_final-humanitarian-large-medium-low-high-random_geometric-private_fragmented-8810023-generalized_information-e25eb5b9df1b-uint8_simplex-frozen_local_rule,generalized_information,159257.42327593616,72,0,4608264,768044,0,6528374,1152066,development_final,884,0,2026-08-17T05:40:15.668924+00:00,bfb67d559eb40cc1f994b64a8d92804b2f52c93b6f0eafa28a7120148deae10e,12,random_geometric,98155,413,192011,0.55,572,e25eb5b9df1b,1040,"{'hysteresis_wait': 468, 'initial_reference': 156, 'maximum_silence': 416}",4199.780148474286,,,,,,,,
233,frozen_local_rule,476,52,0.41370265204219725,humanitarian,255606,115,109,0,18178,115,0,2026-08-17T05:41:44.895119+00:00,large,52.0,True,medium,85987.06584773852,304,20,212365,877098,124.88691409193103,144,144,1.0,0.06710545874422255,100,43241,uint8_simplex,8810023,pooled_current_private_evidence_pre_exchange,483809,dynamic_delta,29,0.1858974358974359,227055,low,8037285,233909,109,100,296,private_fragmented,3,1.4210854715202004e-13,30.0,90.0,5.3125,22.5,0.00016431619158981128,686.4536124807631,high,0,-29.440185339947742,0.06719213678686568,98455,414,30,88,0,233,0.21371468970174154,0.1502286962819406,0.17382397318730286,5,96,4,88,851,0.06714879776554412,0.15242487119505066,True,569,6343312,6.415144501287775,0,v8-development_final-humanitarian-large-medium-low-high-random_geometric-private_fragmented-8810023-kpi_change-314c8c128df2-uint8_simplex-frozen_local_rule,kpi_change,160588.0368452492,72,0,5603880,933980,0,7938830,1400970,development_final,884,0,2026-08-17T05:40:34.322851+00:00,bfb67d559eb40cc1f994b64a8d92804b2f52c93b6f0eafa28a7120148deae10e,12,random_geometric,98455,414,233495,0.6788461538461539,706,314c8c128df2,1040,"{'initial_reference': 156, 'kpi_change': 598, 'maximum_silence': 286}",4235.846065314355,,,,,,,,
233,frozen_local_rule,477,52,0.41387240912101064,humanitarian,263910,116,109,0,18755,116,0,2026-08-17T05:43:35.228903+00:00,large,52.0,True,medium,85987.06584773852,304,20,219227,906712,125.71452797219902,144,144,1.0,0.06722280538612502,100,44683,uint8_simplex,8810023,pooled_current_private_evidence_pre_exchange,498976,dynamic_delta,29,0.1858974358974359,234349,low,8292486,241415,109,100,296,private_fragmented,3,2.2737367544323206e-13,30.0,90.0,5.3125,22.3125,0.00016453318862161598,687.796829808438,high,0,-29.44012165931666,0.06729998731242637,98452,414,30,88,0,233,0.21371468970174154,0.1502286962819406,0.17382397318730286,5,96,4,88,851,0.06726139634927569,0.1517433060950252,True,570,6547006,6.691015794710435,0,v8-development_final-humanitarian-large-medium-low-high-random_geometric-private_fragmented-8810023-kpi_change-99bcd7363413-uint8_simplex-frozen_local_rule,kpi_change,160586.62741881114,73,0,5784024,964004,0,8194034,1446006,development_final,884,0,2026-08-17T05:42:21.879997+00:00,bfb67d559eb40cc1f994b64a8d92804b2f52c93b6f0eafa28a7120148deae10e,12,random_geometric,98452,414,241001,0.7028846153846153,731,99bcd7363413,1040,"{'initial_reference': 156, 'kpi_change': 621, 'maximum_silence': 263}",4234.436638876259,,,,,,,,
235,frozen_local_rule,480,52,0.4160213129336019,humanitarian,0,109,118,0,0,109,0,2026-08-17T05:40:14.223276+00:00,large,52.0,True,medium,86385.7473426394,304,20,0,0,125.28029856284905,144,144,1.0,0.06933710628570164,99,0,uint8_simplex,8810023,pooled_current_private_evidence_pre_exchange,15836,dynamic_delta,28,0.1794871794871795,0,low,97949,412,118,100,294,private_fragmented,3,3.694822225952521e-13,30.0,0.0,0.3125,0.0,0.0,634.2793956738714,high,0,-29.208612016272486,0.049984834869625884,97949,412,30,93,0,235,0.20869367083065482,0.07128331279117171,0.0950921165646735,5,87,4,93,855,0.059660970577663765,0.13618303426131487,True,578,0,2.959231797125099,0,v8-development_final-humanitarian-large-medium-low-high-random_geometric-private_fragmented-8810023-none-806ed450405e-uint8_simplex-frozen_local_rule,none,158756.1426044172,70,0,0,0,0,0,0,development_final,0,0,2026-08-17T05:40:07.141956+00:00,bfb67d559eb40cc1f994b64a8d92804b2f52c93b6f0eafa28a7120148deae10e,12,random_geometric,97949,412,0,0.0,0,806ed450405e,1040,{'disabled': 1040},4168.92558248109,,,,,,,,
284,frozen_local_rule,446,52,0.4105567046901494,humanitarian,114397,135,142,0,4637,135,0,2026-08-17T05:30:46.715572+00:00,large,52.0,True,medium,76481.8284335696,176,20,97763,1173646,176.38268561928618,146,146,1.0,0.06011659911623523,100,16634,uint8_simplex,8810018,pooled_current_private_evidence_pre_exchange,228785,dynamic_delta,104,0.6666666666666666,101828,medium,3793678,108173,142,100,496,private_fragmented,3,5.400124791776761e-13,15.0,90.0,1.0273972602739727,18.115384615384617,0.0003283784255596064,599.404884374089,medium,0,-28.387489405035215,0.0689131777178915,135278,573,30,146,0,284,0.17931769275923437,0.12132108885714295,0.13582903294325682,12,154,4,146,728,0.06451488841706336,0.1188679353625255,True,604,2150296,10.203118757864923,0,v8-development_final-humanitarian-large-medium-medium-medium-small_world-private_fragmented-8810018-always_on-f06f6808d09b-uint8_simplex-frozen_local_rule,always_on,154603.52203341466,109,0,2582400,430400,0,3658400,645600,development_final,866,0,2026-08-17T05:30:11.365089+00:00,548160e0120b763719974194f706942fb035abc3e21fb901b8b8fb670d6f2c45,12,small_world,135278,573,107600,1.0,1040,f06f6808d09b,1040,"{'always_on': 884, 'initial_reference': 156}",3958.7699260219015,,,,,,,,
285,frozen_local_rule,448,52,0.4106590533462782,humanitarian,63309,133,144,0,2569,133,0,2026-08-17T05:31:18.838452+00:00,large,52.0,True,medium,76680.03952612507,176,20,54569,648822,177.58002620022108,146,146,1.0,0.060427823359643466,101,8740,uint8_simplex,8810018,pooled_current_private_evidence_pre_exchange,134495,dynamic_delta,104,0.6666666666666666,56825,medium,2175581,60594,144,100,494,private_fragmented,3,3.694822225952521e-13,30.0,90.0,1.4383561643835616,25.932692307692307,0.00032559187182708353,577.345153049594,medium,0,-28.170767577202334,0.0741838652247114,134799,571,30,145,0,285,0.1859303150357056,0.12772980946275547,0.14105823976131993,12,151,4,145,732,0.06730584429217742,0.12135629082389687,True,605,1206524,12.680380826661736,0,v8-development_final-humanitarian-large-medium-medium-medium-small_world-private_fragmented-8810018-generalized_information-347f2bd91f38-uint8_simplex-frozen_local_rule,generalized_information,153189.31907077777,112,0,1440552,240092,0,2040782,360138,development_final,865,0,2026-08-17T05:30:55.310438+00:00,548160e0120b763719974194f706942fb035abc3e21fb901b8b8fb670d6f2c45,12,small_world,134799,571,60023,0.55,572,347f2bd91f38,1040,"{'hysteresis_wait': 468, 'initial_reference': 156, 'maximum_silence': 416}",3920.681800673695,,,,,,,,
285,frozen_local_rule,448,52,0.4106590533462782,humanitarian,63309,133,144,0,2569,133,0,2026-08-17T05:31:01.347481+00:00,large,52.0,True,medium,76680.03952612507,176,20,54569,648822,177.58002620022108,146,146,1.0,0.060427823359643466,101,8740,uint8_simplex,8810018,pooled_current_private_evidence_pre_exchange,134495,dynamic_delta,104,0.6666666666666666,56825,medium,2175581,60594,144,100,494,private_fragmented,3,3.694822225952521e-13,30.0,90.0,1.4383561643835616,25.932692307692307,0.00032559187182708353,577.345153049594,medium,0,-28.170767577202334,0.0741838652247114,134799,571,30,145,0,285,0.1859303150357056,0.12772980946275547,0.14105823976131993,12,151,4,145,732,0.06730584429217742,0.12135629082389687,True,605,1206524,12.680380826661736,0,v8-development_final-humanitarian-large-medium-medium-medium-small_world-private_fragmented-8810018-generalized_information-e25eb5b9df1b-uint8_simplex-frozen_local_rule,generalized_information,153189.31907077777,112,0,1440552,240092,0,2040782,360138,development_final,865,0,2026-08-17T05:30:38.255539+00:00,548160e0120b763719974194f706942fb035abc3e21fb901b8b8fb670d6f2c45,12,small_world,134799,571,60023,0.55,572,e25eb5b9df1b,1040,"{'hysteresis_wait': 468, 'initial_reference': 156, 'maximum_silence': 416}",3920.681800673695,,,,,,,,
282,frozen_local_rule,448,52,0.4106382687058973,humanitarian,81361,129,143,0,3314,129,0,2026-08-17T05:31:51.013810+00:00,large,52.0,True,medium,77376.07696621984,176,20,69591,836774,174.95800333096855,146,146,1.0,0.05977699823813121,102,11770,uint8_simplex,8810018,pooled_current_private_evidence_pre_exchange,167568,dynamic_delta,104,0.6666666666666666,72510,medium,2740552,77199,143,100,496,private_fragmented,3,2.8421709430404007e-13,15.0,90.0,0.9246575342465754,23.610576923076923,0.000328069542667819,539.1109126032416,medium,0,-28.5373939574039,0.06886581541850001,135268,573,30,146,0,282,0.17931769275923437,0.12094899931774154,0.13516137875895293,11,155,4,146,728,0.06432140682831561,0.11872164009975324,True,605,1529320,12.831877552518087,0,v8-development_final-humanitarian-large-medium-medium-medium-small_world-private_fragmented-8810018-kpi_change-314c8c128df2-uint8_simplex-frozen_local_rule,kpi_change,154651.98595693076,109,0,1839024,306504,0,2605284,459756,development_final,866,0,2026-08-17T05:31:23.372446+00:00,548160e0120b763719974194f706942fb035abc3e21fb901b8b8fb670d6f2c45,12,small_world,135268,573,76626,0.7134615384615385,742,314c8c128df2,1040,"{'initial_reference': 156, 'kpi_change': 645, 'maximum_silence': 239}",3948.3530675819907,,,,,,,,
283,frozen_local_rule,449,52,0.4106382687058973,humanitarian,84004,130,144,0,3401,130,0,2026-08-17T05:31:52.548825+00:00,large,52.0,True,medium,76836.88881427367,176,20,71782,864008,174.95800333096855,146,146,1.0,0.059710353388270423,102,12222,uint8_simplex,8810018,pooled_current_private_evidence_pre_exchange,172405,dynamic_delta,104,0.6666666666666666,74791,medium,2822679,79615,144,100,496,private_fragmented,3,2.5579538487363607e-13,15.0,90.0,1.0273972602739727,23.25,0.0003288020154259093,553.4687345795472,medium,0,-28.285460304980226,0.06907720912639546,135251,573,30,146,0,283,0.17931769275923437,0.1209816008502956,0.13582903294325682,11,154,4,146,729,0.06439378125733296,0.11872164009975324,True,606,1576580,12.831877552518087,0,v8-development_final-humanitarian-large-medium-medium-medium-small_world-private_fragmented-8810018-kpi_change-99bcd7363413-uint8_simplex-frozen_local_rule,kpi_change,153494.27648080507,109,0,1897008,316168,0,2687428,474252,development_final,866,0,2026-08-17T05:31:24.494089+00:00,548160e0120b763719974194f706942fb035abc3e21fb901b8b8fb670d6f2c45,12,small_world,135251,573,79042,0.739423076923077,769,99bcd7363413,1040,"{'initial_reference': 156, 'kpi_change': 670, 'maximum_silence': 214}",3920.234929180826,,,,,,,,
285,frozen_local_rule,451,52,0.4107581263517256,humanitarian,0,130,147,0,0,130,0,2026-08-17T05:30:36.713235+00:00,large,52.0,True,medium,77222.51230123668,175,20,0,0,178.36170575903512,146,146,1.0,0.10140725717888646,101,0,uint8_simplex,8810018,pooled_current_private_evidence_pre_exchange,16597,dynamic_delta,106,0.6794871794871795,0,medium,133699,566,147,100,489,private_fragmented,3,8.668621376273222e-13,0.0,0.0,0.0,0.0,0.0,573.4714475797595,medium,0,-28.016309999006552,0.07091365691121079,133699,566,30,142,0,285,0.22362113566169795,0.12371730959236583,0.1473402100516102,11,149,4,142,738,0.08616045704504863,0.15479387249355883,True,604,0,13.108317614866753,0,v8-development_final-humanitarian-large-medium-medium-medium-small_world-private_fragmented-8810018-none-806ed450405e-uint8_simplex-frozen_local_rule,none,152296.89963876922,112,0,0,0,0,0,0,development_final,0,0,2026-08-17T05:30:29.473588+00:00,548160e0120b763719974194f706942fb035abc3e21fb901b8b8fb670d6f2c45,12,small_world,133699,566,0,0.0,0,806ed450405e,1040,{'disabled': 1040},3907.397030562739,,,,,,,,
121,frozen_local_rule,149,28,0.4619886342240765,humanitarian,41332,43,76,0,4816,43,0,2026-08-17T05:26:30.879469+00:00,medium,31.0,True,high,15710.411790937273,165,15,34508,325414,93.52449396763745,82,82,1.0,0.05341471402885238,66,6824,uint8_simplex,8810011,pooled_current_private_evidence_pre_exchange,83292,dynamic_delta,74,0.8809523809523809,35874,high,1393132,38494,76,60,420,private_fragmented,3,1.0658141036401503e-13,0.0,48.0,0.0,15.038095238095238,0.00035805503125580234,153.02235736843957,high,0,-17.482274293894545,0.07095965245311427,98616,420,16,100,0,121,0.16875844394636655,0.11157707351857896,0.12125870918656836,10,161,4,100,149,0.06218718324098332,0.12378534886808115,True,259,847858,3.5,0,v8-development_final-humanitarian-medium-high-high-high-small_world-private_fragmented-8810011-always_on-f06f6808d09b-uint8_simplex-frozen_local_rule,always_on,31095.57356796417,53,0,913776,152296,0,1294516,228444,development_final,138,0,2026-08-17T05:26:17.463033+00:00,2e6809d93f0422696972e45fb68cdb9111794bbcd60fa0b355514365a57fe426,35,small_world,98616,420,38074,1.0,420,f06f6808d09b,420,"{'always_on': 336, 'initial_reference': 84}",1452.6621163600255,,,,,,,,
122,frozen_local_rule,146,28,0.4590987694019227,humanitarian,19546,44,76,0,2438,44,0,2026-08-17T05:26:40.454824+00:00,medium,31.0,True,high,15739.67019191071,165,15,17310,145962,94.66988852722233,82,82,1.0,0.05161870081503732,66,2236,uint8_simplex,8810011,pooled_current_private_evidence_pre_exchange,44310,dynamic_delta,74,0.8809523809523809,18045,high,746429,19473,76,60,420,private_fragmented,3,1.0658141036401503e-13,0.0,48.0,0.0,18.16190476190476,0.00032725264062661745,163.73385963594652,high,0,-17.29122602782676,0.07591432631870089,98627,420,16,100,0,122,0.16875844394636655,0.11540902641566834,0.12510388621017632,10,164,4,100,146,0.0637665135668691,0.1235311736811388,True,256,442578,1.5,0,v8-development_final-humanitarian-medium-high-high-high-small_world-private_fragmented-8810011-generalized_information-347f2bd91f38-uint8_simplex-frozen_local_rule,generalized_information,30933.320577354367,52,0,457272,76212,0,647802,114318,development_final,193,0,2026-08-17T05:26:32.262945+00:00,2e6809d93f0422696972e45fb68cdb9111794bbcd60fa0b355514365a57fe426,34,small_world,98627,420,19053,0.4,168,347f2bd91f38,420,"{'hysteresis_wait': 252, 'initial_reference': 84, 'maximum_silence': 84}",1441.959574099755,,,,,,,,
122,frozen_local_rule,146,28,0.4590987694019227,humanitarian,19546,44,76,0,2438,44,0,2026-08-17T05:26:29.675575+00:00,medium,31.0,True,high,15739.67019191071,165,15,17310,145962,94.66988852722233,82,82,1.0,0.05161870081503732,66,2236,uint8_simplex,8810011,pooled_current_private_evidence_pre_exchange,44310,dynamic_delta,74,0.8809523809523809,18045,high,746429,19473,76,60,420,private_fragmented,3,1.0658141036401503e-13,0.0,48.0,0.0,18.16190476190476,0.00032725264062661745,163.73385963594652,high,0,-17.29122602782676,0.07591432631870089,98627,420,16,100,0,122,0.16875844394636655,0.11540902641566834,0.12510388621017632,10,164,4,100,146,0.0637665135668691,0.1235311736811388,True,256,442578,1.5,0,v8-development_final-humanitarian-medium-high-high-high-small_world-private_fragmented-8810011-generalized_information-e25eb5b9df1b-uint8_simplex-frozen_local_rule,generalized_information,30933.320577354367,52,0,457272,76212,0,647802,114318,development_final,193,0,2026-08-17T05:26:21.529909+00:00,2e6809d93f0422696972e45fb68cdb9111794bbcd60fa0b355514365a57fe426,34,small_world,98627,420,19053,0.4,168,e25eb5b9df1b,420,"{'hysteresis_wait': 252, 'initial_reference': 84, 'maximum_silence': 84}",1441.959574099755,,,,,,,,
120,frozen_local_rule,148,28,0.4619886342240765,humanitarian,30702,41,77,0,3550,41,0,2026-08-17T05:26:46.642024+00:00,medium,31.0,True,high,15405.050685660155,165,15,25534,239802,93.52449396763745,82,82,1.0,0.05244556812777685,66,5168,uint8_simplex,8810011,pooled_current_private_evidence_pre_exchange,63686,dynamic_delta,74,0.8809523809523809,26544,high,1056667,28597,77,60,420,private_fragmented,3,1.0658141036401503e-13,0.0,48.0,0.0,20.295238095238094,0.0003590002081909603,134.29138169746778,high,0,-17.44025036110904,0.07202993875937162,98649,420,16,100,0,120,0.16875844394636655,0.11209795570291146,0.12165143491495845,10,162,4,100,148,0.06223775344357424,0.12378534886808115,True,258,628354,3.5,0,v8-development_final-humanitarian-medium-high-high-high-small_world-private_fragmented-8810011-kpi_change-314c8c128df2-uint8_simplex-frozen_local_rule,kpi_change,30824.00926376958,53,0,676248,112708,0,958018,169062,development_final,230,0,2026-08-17T05:26:35.936697+00:00,2e6809d93f0422696972e45fb68cdb9111794bbcd60fa0b355514365a57fe426,35,small_world,98649,420,28177,0.7333333333333333,308,314c8c128df2,420,"{'initial_reference': 84, 'kpi_change': 315, 'maximum_silence': 21}",1428.4163396772424,,,,,,,,
121,frozen_local_rule,149,28,0.4619886342240765,humanitarian,32632,43,76,0,3806,43,0,2026-08-17T05:26:47.953217+00:00,medium,31.0,True,high,15710.411790937273,165,15,27262,253980,93.52449396763745,82,82,1.0,0.05214444268723546,66,5370,uint8_simplex,8810011,pooled_current_private_evidence_pre_exchange,67346,dynamic_delta,74,0.8809523809523809,28335,high,1120932,30487,76,60,420,private_fragmented,3,1.0658141036401503e-13,0.0,48.0,0.0,19.666666666666668,0.00035650702985404143,153.02235736843957,high,0,-17.482274293894545,0.07184698796237105,98654,420,16,100,0,121,0.16875844394636655,0.11209795570291146,0.12165143491495845,10,161,4,100,149,0.06199571532480325,0.12378534886808115,True,259,672928,3.5,0,v8-development_final-humanitarian-medium-high-high-high-small_world-private_fragmented-8810011-kpi_change-99bcd7363413-uint8_simplex-frozen_local_rule,kpi_change,31095.57356796417,53,0,721608,120268,0,1022278,180402,development_final,224,0,2026-08-17T05:26:36.624252+00:00,2e6809d93f0422696972e45fb68cdb9111794bbcd60fa0b355514365a57fe426,35,small_world,98654,420,30067,0.7738095238095238,325,99bcd7363413,420,"{'initial_reference': 84, 'kpi_change': 318, 'maximum_silence': 18}",1452.6621163600255,,,,,,,,
123,frozen_local_rule,148,28,0.46240543879800816,humanitarian,0,44,76,0,0,44,0,2026-08-17T05:26:20.834802+00:00,medium,31.0,True,high,15897.254083898808,165,15,0,0,99.698465202078,82,82,1.0,0.11435961046885823,66,0,uint8_simplex,8810011,pooled_current_private_evidence_pre_exchange,7455,dynamic_delta,73,0.8690476190476191,0,high,98659,420,76,60,420,private_fragmented,3,1.9184653865522705e-13,0.0,0.0,0.0,0.0,0.0,153.13976000289108,high,0,-17.488615010633467,0.08039548609808449,98659,420,16,102,0,123,0.17327783965281474,0.11920575249240248,0.13462820425278102,9,161,4,102,148,0.09737754828347138,0.14942436028978798,True,259,0,3.449733733695929,0,v8-development_final-humanitarian-medium-high-high-high-small_world-private_fragmented-8810011-none-806ed450405e-uint8_simplex-frozen_local_rule,none,31119.21643951866,56,0,0,0,0,0,0,development_final,0,0,2026-08-17T05:26:17.961480+00:00,2e6809d93f0422696972e45fb68cdb9111794bbcd60fa0b355514365a57fe426,34,small_world,98659,420,0,0.0,0,806ed450405e,420,{'disabled': 420},1448.6843422788988,,,,,,,,
98,frozen_local_rule,139,28,0.46903172109464053,humanitarian,21363,44,50,0,2528,44,0,2026-08-17T05:28:35.678193+00:00,medium,31.0,True,high,17192.750219115303,274,15,18206,171088,77.96539347799317,78,78,1.0,0.058729404142895084,83,3157,uint8_simplex,8810016,pooled_current_private_evidence_pre_exchange,46948,dynamic_delta,78,0.9285714285714286,18415,high,785525,20625,50,60,420,private_fragmented,3,1.1368683772161603e-13,12.0,52.0,0.15384615384615385,11.19047619047619,0.0005513566829269307,138.21972324816747,medium,0,-17.681441563282906,0.07039860680101749,98555,420,16,82,0,98,0.14855323167893872,0.10927404865200067,0.12457441097656788,20,179,4,82,139,0.06456400547195629,0.1183444333572742,True,241,447916,3.984882926623614,0,v8-development_final-humanitarian-medium-high-high-medium-random_geometric-private_fragmented-8810016-always_on-f06f6808d09b-uint8_simplex-frozen_local_rule,always_on,31375.39114327155,46,0,484920,80820,0,686970,121230,development_final,63,0,2026-08-17T05:28:27.117863+00:00,a0f4247d0d0d1e26b4ed9c1076b9021e50f231d9ee04eb53524d7b0e5ce4a14d,10,random_geometric,98555,420,20205,1.0,420,f06f6808d09b,420,"{'always_on': 336, 'initial_reference': 84}",1461.1818231394993,,,,,,,,
97,frozen_local_rule,139,28,0.4658124078103646,humanitarian,9077,44,49,0,1105,44,0,2026-08-17T05:28:46.450418+00:00,medium,31.0,True,high,17012.00292928105,274,15,8092,69598,75.34589087346797,78,78,1.0,0.05896176070413698,83,985,uint8_simplex,8810016,pooled_current_private_evidence_pre_exchange,24546,dynamic_delta,78,0.9285714285714286,8200,high,403897,9400,49,60,420,private_fragmented,3,8.526512829121202e-14,12.0,52.0,0.15384615384615385,16.685714285714287,0.0005508912147707057,142.88317020566356,medium,0,-17.714822268136253,0.07439402131128334,98577,420,16,80,0,97,0.17882585001041584,0.11392625814364665,0.1297746978833471,20,181,4,80,139,0.06667789100771014,0.11998814611739056,True,239,205530,4.303987369751594,0,v8-development_final-humanitarian-medium-high-high-medium-random_geometric-private_fragmented-8810016-generalized_information-347f2bd91f38-uint8_simplex-frozen_local_rule,generalized_information,31487.834690652468,44,0,215520,35920,0,305320,53880,development_final,173,0,2026-08-17T05:28:40.793060+00:00,a0f4247d0d0d1e26b4ed9c1076b9021e50f231d9ee04eb53524d7b0e5ce4a14d,10,random_geometric,98577,420,8980,0.4,168,347f2bd91f38,420,"{'hysteresis_wait': 252, 'initial_reference': 84, 'maximum_silence': 83, 'partition_recovery': 1}",1463.1882853339687,,,,,,,,
97,frozen_local_rule,139,28,0.4658124078103646,humanitarian,9077,44,49,0,1105,44,0,2026-08-17T05:28:40.276221+00:00,medium,31.0,True,high,17012.00292928105,274,15,8092,69598,75.34589087346797,78,78,1.0,0.05896176070413698,83,985,uint8_simplex,8810016,pooled_current_private_evidence_pre_exchange,24546,dynamic_delta,78,0.9285714285714286,8200,high,403897,9400,49,60,420,private_fragmented,3,8.526512829121202e-14,12.0,52.0,0.15384615384615385,16.685714285714287,0.0005508912147707057,142.88317020566356,medium,0,-17.714822268136253,0.07439402131128334,98577,420,16,80,0,97,0.17882585001041584,0.11392625814364665,0.1297746978833471,20,181,4,80,139,0.06667789100771014,0.11998814611739056,True,239,205530,4.303987369751594,0,v8-development_final-humanitarian-medium-high-high-medium-random_geometric-private_fragmented-8810016-generalized_information-e25eb5b9df1b-uint8_simplex-frozen_local_rule,generalized_information,31487.834690652468,44,0,215520,35920,0,305320,53880,development_final,173,0,2026-08-17T05:28:34.752796+00:00,a0f4247d0d0d1e26b4ed9c1076b9021e50f231d9ee04eb53524d7b0e5ce4a14d,10,random_geometric,98577,420,8980,0.4,168,e25eb5b9df1b,420,"{'hysteresis_wait': 252, 'initial_reference': 84, 'maximum_silence': 83, 'partition_recovery': 1}",1463.1882853339687,,,,,,,,
100,frozen_local_rule,141,28,0.4670939225964611,humanitarian,14879,43,51,0,1817,43,0,2026-08-17T05:28:50.154352+00:00,medium,31.0,True,high,17155.69376155708,274,15,12723,118762,76.7022489120778,78,78,1.0,0.05755773149011707,83,2156,uint8_simplex,8810016,pooled_current_private_evidence_pre_exchange,34983,dynamic_delta,78,0.9285714285714286,12836,high,577520,14507,51,60,420,private_fragmented,3,8.526512829121202e-14,12.0,52.0,0.15384615384615385,14.914285714285715,0.0005616806657607987,135.70907106354272,medium,0,-17.730139918839576,0.07147623386139045,98562,420,16,81,0,100,0.1575009163501994,0.11007368542086993,0.12542903755863835,20,178,4,81,141,0.06451698267575376,0.11887137289507031,True,242,313820,3.5,0,v8-development_final-humanitarian-medium-high-high-medium-random_geometric-private_fragmented-8810016-kpi_change-314c8c128df2-uint8_simplex-frozen_local_rule,kpi_change,31403.59420823738,45,0,338088,56348,0,478958,84522,development_final,145,0,2026-08-17T05:28:43.170405+00:00,a0f4247d0d0d1e26b4ed9c1076b9021e50f231d9ee04eb53524d7b0e5ce4a14d,10,random_geometric,98562,420,14087,0.6976190476190476,293,314c8c128df2,420,"{'initial_reference': 84, 'kpi_change': 305, 'maximum_silence': 30, 'partition_recovery': 1}",1463.9285564663096,,,,,,,,
99,frozen_local_rule,140,28,0.4670939225964611,humanitarian,15466,43,50,0,1891,43,0,2026-08-17T05:28:50.388408+00:00,medium,31.0,True,high,17155.69376155708,274,15,13212,123896,76.7022489120778,78,78,1.0,0.057667780914893114,83,2254,uint8_simplex,8810016,pooled_current_private_evidence_pre_exchange,36057,dynamic_delta,78,0.9285714285714286,13343,high,596369,15061,50,60,420,private_fragmented,3,8.526512829121202e-14,12.0,52.0,0.15384615384615385,14.771428571428572,0.0005587826611024744,135.86907106354272,medium,0,-17.722122235401706,0.07110817220882021,98575,420,16,81,0,99,0.1575009163501994,0.11007368542086993,0.12542903755863835,20,179,4,81,140,0.06438797656185666,0.11887137289507031,True,241,325312,3.5,0,v8-development_final-humanitarian-medium-high-high-medium-random_geometric-private_fragmented-8810016-kpi_change-99bcd7363413-uint8_simplex-frozen_local_rule,kpi_change,31403.59420823738,45,0,351384,58564,0,497794,87846,development_final,142,0,2026-08-17T05:28:43.359688+00:00,a0f4247d0d0d1e26b4ed9c1076b9021e50f231d9ee04eb53524d7b0e5ce4a14d,10,random_geometric,98575,420,14641,0.7238095238095238,304,99bcd7363413,420,"{'initial_reference': 84, 'kpi_change': 308, 'maximum_silence': 27, 'partition_recovery': 1}",1463.9285564663096,,,,,,,,
98,frozen_local_rule,142,28,0.4640826273858934,humanitarian,0,41,52,0,0,41,0,2026-08-17T05:28:34.070503+00:00,medium,31.0,True,high,16997.33492928105,274,15,0,0,72.63781351577221,78,78,1.0,0.11382726854610488,83,0,uint8_simplex,8810016,pooled_current_private_evidence_pre_exchange,7378,dynamic_delta,75,0.8928571428571429,0,high,98572,420,52,60,420,private_fragmented,3,4.263256414560601e-14,0.0,0.0,0.0,0.0,0.0,133.54741478084748,medium,0,-17.935366149514536,0.07977987341124573,98572,420,16,81,0,98,0.16837496460718163,0.12574287744195123,0.13540219445236573,20,177,4,81,142,0.09680357097867533,0.15095700407572843,True,243,0,4.31910444312798,0,v8-development_final-humanitarian-medium-high-high-medium-random_geometric-private_fragmented-8810016-none-806ed450405e-uint8_simplex-frozen_local_rule,none,31711.412714507125,43,0,0,0,0,0,0,development_final,0,0,2026-08-17T05:28:31.193421+00:00,a0f4247d0d0d1e26b4ed9c1076b9021e50f231d9ee04eb53524d7b0e5ce4a14d,10,random_geometric,98572,420,0,0.0,0,806ed450405e,420,{'disabled': 420},1471.3619096146228,,,,,,,,
121,frozen_local_rule,179,28,0.4533479129600057,humanitarian,30962,56,62,0,4321,56,0,2026-08-17T05:26:56.062679+00:00,medium,31.0,True,high,15217.051023590997,127,15,26926,165512,92.72546619194333,70,70,1.0,0.06949873478470484,7,4036,uint8_simplex,8810012,pooled_current_private_evidence_pre_exchange,64507,dynamic_delta,58,0.6904761904761905,28083,medium,1074700,30388,62,60,170,private_fragmented,3,7.105427357601002e-14,12.0,48.0,0.5142857142857142,9.466666666666667,0.00042451488822355945,161.5720491437313,low,0,-16.749269454608264,0.07060072255048887,48478,205,16,34,0,121,0.19852414803927865,0.12196275190814099,0.13644115788737954,4,73,4,34,309,0.07004972866759684,0.13462273657281995,True,217,749972,3.5,0,v8-development_final-humanitarian-medium-high-medium-low-random_geometric-private_fragmented-8810012-always_on-f06f6808d09b-uint8_simplex-frozen_local_rule,always_on,29655.203089113213,53,0,724392,120732,0,1026222,181098,development_final,34,0,2026-08-17T05:26:44.790579+00:00,e96d0a00a2c235dced321d9b5ab27b79fb52e59e6558f10bbf838e0a2e289227,15,random_geometric,48478,205,30183,1.0,420,f06f6808d09b,420,"{'always_on': 336, 'initial_reference': 84}",1377.5828067857701,,,,,,,,
119,frozen_local_rule,181,28,0.4460222384336069,humanitarian,12664,47,66,0,1813,47,0,2026-08-17T05:27:03.334894+00:00,medium,31.0,True,high,14326.181552841344,125,15,11266,66334,78.77977585825656,70,70,1.0,0.07209903142908004,7,1398,uint8_simplex,8810012,pooled_current_private_evidence_pre_exchange,30531,dynamic_delta,58,0.6904761904761905,11766,medium,477154,12832,66,60,168,private_fragmented,3,4.263256414560601e-14,36.0,48.0,0.8571428571428571,14.895238095238096,0.00041785298341225215,134.11172751074636,low,0,-16.883205056772105,0.07831168408741833,47734,202,16,33,0,119,0.19852414803927865,0.12860160445291025,0.14464977524191502,5,72,4,33,310,0.07520535775824919,0.13462273657281995,True,219,316710,3.5,0,v8-development_final-humanitarian-medium-high-medium-low-random_geometric-private_fragmented-8810012-generalized_information-347f2bd91f38-uint8_simplex-frozen_local_rule,generalized_information,29608.57843028351,46,0,303120,50520,0,429420,75780,development_final,158,0,2026-08-17T05:26:56.774052+00:00,e96d0a00a2c235dced321d9b5ab27b79fb52e59e6558f10bbf838e0a2e289227,15,random_geometric,47734,202,12630,0.4,168,347f2bd91f38,420,"{'hysteresis_wait': 252, 'initial_reference': 84, 'maximum_silence': 84}",1373.7280545553258,,,,,,,,
119,frozen_local_rule,181,28,0.4460222384336069,humanitarian,12664,47,66,0,1813,47,0,2026-08-17T05:26:57.253238+00:00,medium,31.0,True,high,14326.181552841344,125,15,11266,66334,78.77977585825656,70,70,1.0,0.07209903142908004,7,1398,uint8_simplex,8810012,pooled_current_private_evidence_pre_exchange,30531,dynamic_delta,58,0.6904761904761905,11766,medium,477154,12832,66,60,168,private_fragmented,3,4.263256414560601e-14,36.0,48.0,0.8571428571428571,14.895238095238096,0.00041785298341225215,134.11172751074636,low,0,-16.883205056772105,0.07831168408741833,47734,202,16,33,0,119,0.19852414803927865,0.12860160445291025,0.14464977524191502,5,72,4,33,310,0.07520535775824919,0.13462273657281995,True,219,316710,3.5,0,v8-development_final-humanitarian-medium-high-medium-low-random_geometric-private_fragmented-8810012-generalized_information-e25eb5b9df1b-uint8_simplex-frozen_local_rule,generalized_information,29608.57843028351,46,0,303120,50520,0,429420,75780,development_final,158,0,2026-08-17T05:26:50.887447+00:00,e96d0a00a2c235dced321d9b5ab27b79fb52e59e6558f10bbf838e0a2e289227,15,random_geometric,47734,202,12630,0.4,168,e25eb5b9df1b,420,"{'hysteresis_wait': 252, 'initial_reference': 84, 'maximum_silence': 84}",1373.7280545553258,,,,,,,,
121,frozen_local_rule,183,28,0.45107670533691346,humanitarian,21178,55,64,0,3083,55,0,2026-08-17T05:27:07.435240+00:00,medium,31.0,True,high,15212.937023590997,124,15,18470,114410,92.27977585825656,70,70,1.0,0.06933284628716745,7,2708,uint8_simplex,8810012,pooled_current_private_evidence_pre_exchange,46256,dynamic_delta,58,0.6904761904761905,19273,medium,751936,20913,64,60,167,private_fragmented,3,4.973799150320701e-14,12.0,48.0,0.5142857142857142,13.771428571428572,0.0004257948521137658,159.32661036862493,low,0,-16.82251570790935,0.07183531873184366,47762,202,16,34,0,121,0.19852414803927865,0.12283663818578364,0.1369291418824518,5,70,4,34,311,0.07058408250950556,0.1334842722408028,True,222,513570,4.0,0,v8-development_final-humanitarian-medium-high-medium-low-random_geometric-private_fragmented-8810012-kpi_change-314c8c128df2-uint8_simplex-frozen_local_rule,kpi_change,29724.49691070459,53,0,497064,82844,0,704174,124266,development_final,140,0,2026-08-17T05:26:58.798671+00:00,e96d0a00a2c235dced321d9b5ab27b79fb52e59e6558f10bbf838e0a2e289227,15,random_geometric,47762,202,20711,0.6928571428571428,291,314c8c128df2,420,"{'initial_reference': 84, 'kpi_change': 303, 'maximum_silence': 33}",1379.626747316226,,,,,,,,
121,frozen_local_rule,183,28,0.45107670533691346,humanitarian,21473,55,64,0,3132,55,0,2026-08-17T05:27:10.625860+00:00,medium,31.0,True,high,15212.937023590997,125,15,18718,116858,92.27977585825656,70,70,1.0,0.06955076414776919,7,2755,uint8_simplex,8810012,pooled_current_private_evidence_pre_exchange,46803,dynamic_delta,58,0.6904761904761905,19521,medium,761697,21194,64,60,168,private_fragmented,3,4.973799150320701e-14,12.0,48.0,0.5142857142857142,13.542857142857143,0.0004296473548773535,159.32661036862493,low,0,-16.82251570790935,0.0713482605028618,48003,203,16,34,0,121,0.19852414803927865,0.12283663818578364,0.1369291418824518,5,70,4,34,311,0.0704495123253155,0.1334842722408028,True,222,519554,4.0,0,v8-development_final-humanitarian-medium-high-medium-low-random_geometric-private_fragmented-8810012-kpi_change-99bcd7363413-uint8_simplex-frozen_local_rule,kpi_change,29724.49691070459,53,0,503784,83964,0,713694,125946,development_final,134,0,2026-08-17T05:27:01.926037+00:00,e96d0a00a2c235dced321d9b5ab27b79fb52e59e6558f10bbf838e0a2e289227,15,random_geometric,48003,203,20991,0.7119047619047619,299,99bcd7363413,420,"{'initial_reference': 84, 'kpi_change': 307, 'maximum_silence': 29}",1379.626747316226,,,,,,,,
120,frozen_local_rule,181,28,0.45046275201031716,humanitarian,0,50,67,0,0,50,0,2026-08-17T05:26:50.293809+00:00,medium,31.0,True,high,14601.820826256539,122,15,0,0,88.77977585825656,70,70,1.0,0.10321499775241466,7,0,uint8_simplex,8810012,pooled_current_private_evidence_pre_exchange,6590,dynamic_delta,58,0.6904761904761905,0,medium,46762,198,67,60,164,private_fragmented,3,9.947598300641403e-14,12.0,0.0,0.5142857142857142,0.0,0.0,140.63024508009244,low,0,-16.875917832691854,0.07084605073513509,46762,198,16,33,0,120,0.2123749801234971,0.12112954250096375,0.15015665947830503,5,71,4,33,311,0.08703052424377487,0.16240117986186622,True,219,0,3.5,0,v8-development_final-humanitarian-medium-high-medium-low-random_geometric-private_fragmented-8810012-none-806ed450405e-uint8_simplex-frozen_local_rule,none,29656.839261323177,51,0,0,0,0,0,0,development_final,0,0,2026-08-17T05:26:47.471709+00:00,e96d0a00a2c235dced321d9b5ab27b79fb52e59e6558f10bbf838e0a2e289227,15,random_geometric,46762,198,0,0.0,0,806ed450405e,420,{'disabled': 420},1374.368211027144,,,,,,,,
89,frozen_local_rule,149,28,0.44650048624107186,humanitarian,49583,60,28,0,6251,60,0,2026-08-17T05:25:48.038758+00:00,medium,31.0,True,low,9567.980891006315,29,15,43791,368798,78.71834929516426,52,52,1.0,0.058828237607325445,23,5792,uint8_simplex,8810009,pooled_current_private_evidence_pre_exchange,99432,dynamic_delta,17,0.20238095238095238,45914,low,1667069,48451,28,60,54,private_fragmented,3,1.7408297026122455e-13,12.0,36.0,6.230769230769231,11.219047619047618,0.0003085568463710864,189.24945855865693,low,0,-11.115563600509823,0.05992370738847711,23033,97,16,21,0,89,0.19946246933204825,0.15387395501177192,0.17263023515053022,3,23,4,21,373,0.05937597249790128,0.15421447645819822,True,173,1120096,1.483724153914836,0,v8-development_final-humanitarian-medium-low-low-low-small_world-private_fragmented-8810009-always_on-f06f6808d09b-uint8_simplex-frozen_local_rule,always_on,20807.96624737022,45,0,1160496,193416,0,1644036,290124,development_final,54,0,2026-08-17T05:25:32.275411+00:00,da685b590037af0c057b4ed1d819d455bac889e6eca74177a5990c211c0c1fbc,22,small_world,23033,97,48354,1.0,420,f06f6808d09b,420,"{'always_on': 336, 'initial_reference': 84}",953.6429117769427,,,,,,,,
89,frozen_local_rule,150,28,0.44810129800517073,humanitarian,20540,61,26,0,2668,61,0,2026-08-17T05:25:45.393696+00:00,medium,31.0,True,low,9577.382819751083,28,15,18495,150110,82.88029446070152,52,52,1.0,0.08761556916508817,23,2045,uint8_simplex,8810009,pooled_current_private_evidence_pre_exchange,45089,dynamic_delta,16,0.19047619047619047,19425,low,717514,20529,26,60,54,private_fragmented,3,2.0961010704922955e-13,24.0,48.0,7.846153846153846,17.81904761904762,0.00030009749459677536,190.23462496347983,low,0,-10.942042128001567,0.08411950547419553,22792,96,16,21,0,89,0.19946246933204825,0.15676686385447564,0.17263023515053022,3,21,4,21,375,0.08586753731964183,0.16376359824175593,True,174,478720,0.892740337207476,0,v8-development_final-humanitarian-medium-low-low-low-small_world-private_fragmented-8810009-generalized_information-347f2bd91f38-uint8_simplex-frozen_local_rule,generalized_information,20513.258574633608,47,0,490392,81732,0,694722,122598,development_final,189,0,2026-08-17T05:25:37.012814+00:00,da685b590037af0c057b4ed1d819d455bac889e6eca74177a5990c211c0c1fbc,22,small_world,22792,96,20433,0.4,168,347f2bd91f38,420,"{'hysteresis_wait': 252, 'initial_reference': 84, 'maximum_silence': 84}",935.2926166808365,,,,,,,,
89,frozen_local_rule,150,28,0.44810129800517073,humanitarian,20540,61,26,0,2668,61,0,2026-08-17T05:25:44.478151+00:00,medium,31.0,True,low,9577.382819751083,28,15,18495,150110,82.88029446070152,52,52,1.0,0.08761556916508817,23,2045,uint8_simplex,8810009,pooled_current_private_evidence_pre_exchange,45089,dynamic_delta,16,0.19047619047619047,19425,low,717514,20529,26,60,54,private_fragmented,3,2.0961010704922955e-13,24.0,48.0,7.846153846153846,17.81904761904762,0.00030009749459677536,190.23462496347983,low,0,-10.942042128001567,0.08411950547419553,22792,96,16,21,0,89,0.19946246933204825,0.15676686385447564,0.17263023515053022,3,21,4,21,375,0.08586753731964183,0.16376359824175593,True,174,478720,0.892740337207476,0,v8-development_final-humanitarian-medium-low-low-low-small_world-private_fragmented-8810009-generalized_information-e25eb5b9df1b-uint8_simplex-frozen_local_rule,generalized_information,20513.258574633608,47,0,490392,81732,0,694722,122598,development_final,189,0,2026-08-17T05:25:35.817273+00:00,da685b590037af0c057b4ed1d819d455bac889e6eca74177a5990c211c0c1fbc,22,small_world,22792,96,20433,0.4,168,e25eb5b9df1b,420,"{'hysteresis_wait': 252, 'initial_reference': 84, 'maximum_silence': 84}",935.2926166808365,,,,,,,,
92,frozen_local_rule,152,28,0.44854073191764393,humanitarian,29078,62,29,0,3671,62,0,2026-08-17T05:25:49.587792+00:00,medium,31.0,True,low,9550.12929619808,29,15,25725,216172,78.06536905658298,52,52,1.0,0.07165476592988936,23,3353,uint8_simplex,8810009,pooled_current_private_evidence_pre_exchange,60867,dynamic_delta,16,0.19047619047619047,26950,low,988094,28481,29,60,54,private_fragmented,3,1.8118839761882555e-13,12.0,48.0,6.230769230769231,18.35238095238095,0.0003130009680317233,198.96824580618417,low,0,-11.180289251451171,0.06891056095508252,23038,97,16,21,0,92,0.19946246933204825,0.15387395501177192,0.1738344369480128,3,23,4,21,373,0.07028266344248595,0.1549631074421644,True,176,658478,2.483724153914836,0,v8-development_final-humanitarian-medium-low-low-low-small_world-private_fragmented-8810009-kpi_change-314c8c128df2-uint8_simplex-frozen_local_rule,kpi_change,20982.00865924316,45,0,681216,113536,0,965056,170304,development_final,213,0,2026-08-17T05:25:39.060436+00:00,da685b590037af0c057b4ed1d819d455bac889e6eca74177a5990c211c0c1fbc,22,small_world,23038,97,28384,0.5857142857142857,246,314c8c128df2,420,"{'initial_reference': 84, 'kpi_change': 293, 'maximum_silence': 43}",974.5609027973852,,,,,,,,
92,frozen_local_rule,152,28,0.44854073191764393,humanitarian,30105,62,29,0,3795,62,0,2026-08-17T05:26:02.683940+00:00,medium,31.0,True,low,9550.12929619808,29,15,26574,224570,78.06536905658298,52,52,1.0,0.07308817208701827,23,3531,uint8_simplex,8810009,pooled_current_private_evidence_pre_exchange,62743,dynamic_delta,19,0.2261904761904762,27853,low,1020530,29435,29,60,54,private_fragmented,3,1.8118839761882555e-13,12.0,48.0,6.230769230769231,18.2,0.0003116960738335718,198.96824580618417,low,0,-11.180289251451171,0.0686839645444006,23038,97,16,21,0,92,0.19946246933204825,0.15387395501177192,0.1738344369480128,3,23,4,21,373,0.07088606831570943,0.1549631074421644,True,176,678946,2.483724153914836,0,v8-development_final-humanitarian-medium-low-low-low-small_world-private_fragmented-8810009-kpi_change-99bcd7363413-uint8_simplex-frozen_local_rule,kpi_change,20982.00865924316,45,0,704112,117352,0,997492,176028,development_final,216,0,2026-08-17T05:25:51.719193+00:00,da685b590037af0c057b4ed1d819d455bac889e6eca74177a5990c211c0c1fbc,22,small_world,23038,97,29338,0.6095238095238096,256,99bcd7363413,420,"{'initial_reference': 84, 'kpi_change': 300, 'maximum_silence': 36}",974.5609027973852,,,,,,,,
96,frozen_local_rule,161,28,0.4577080455745814,humanitarian,0,63,30,0,0,63,0,2026-08-17T05:25:38.506977+00:00,medium,31.0,True,low,10029.04534429938,30,15,0,0,84.10376875459153,52,52,1.0,0.060566793561158995,24,0,uint8_simplex,8810009,pooled_current_private_evidence_pre_exchange,6075,dynamic_delta,16,0.19047619047619047,0,low,23506,99,30,60,54,private_fragmented,3,1.1368683772161603e-13,0.0,0.0,0.0,0.0,0.0,185.4214606380788,low,0,-11.174456594143566,0.04564741197381695,23506,99,16,21,0,96,0.21659518887888682,0.06642230063104317,0.07782363148619047,3,17,4,21,379,0.053107102767487965,0.11435409443675998,True,185,0,2.3105516948240714,0,v8-development_final-humanitarian-medium-low-low-low-small_world-private_fragmented-8810009-none-806ed450405e-uint8_simplex-frozen_local_rule,none,20707.91971090636,49,0,0,0,0,0,0,development_final,0,0,2026-08-17T05:25:35.715909+00:00,da685b590037af0c057b4ed1d819d455bac889e6eca74177a5990c211c0c1fbc,21,small_world,23506,99,0,0.0,0,806ed450405e,420,{'disabled': 420},931.534748498942,,,,,,,,
123,frozen_local_rule,195,28,0.4629776167779047,humanitarian,53137,43,76,0,6637,43,0,2026-08-17T05:27:47.412764+00:00,medium,31.0,True,low,10835.427630549058,206,15,43717,254864,84.6673152436736,84,84,1.0,0.06346422745995155,81,9420,uint8_simplex,8810014,pooled_current_private_evidence_pre_exchange,103573,dynamic_delta,66,0.7857142857142857,46035,medium,1707899,48720,76,60,229,private_fragmented,3,1.1368683772161603e-13,12.0,48.0,0.14285714285714285,12.952380952380953,0.0003089195010287582,128.62682701856934,high,0,-12.215736881002313,0.07432225402604656,60089,255,16,47,0,123,0.20090382063874965,0.12863883730133574,0.14462922513106152,9,70,4,47,294,0.06889324074299906,0.12798721426379492,True,251,1231514,2.5,0,v8-development_final-humanitarian-medium-low-medium-high-random_geometric-private_fragmented-8810014-always_on-f06f6808d09b-uint8_simplex-frozen_local_rule,always_on,21630.607546705407,49,0,1163160,193860,0,1647810,290790,development_final,90,0,2026-08-17T05:27:30.716554+00:00,06accc7c6456c473e0ec3977931b2b469ca36fab55f09c7d416de8bc8a6cfae2,10,random_geometric,60089,255,48465,1.0,420,f06f6808d09b,420,"{'always_on': 336, 'initial_reference': 84}",972.6769311215714,,,,,,,,
120,frozen_local_rule,197,28,0.4603455722253436,humanitarian,23644,43,75,0,3194,43,0,2026-08-17T05:27:50.384398+00:00,medium,31.0,True,low,10802.316469366291,203,15,21058,109208,84.93490020421197,84,84,1.0,0.06182900747437591,80,2586,uint8_simplex,8810014,pooled_current_private_evidence_pre_exchange,51396,dynamic_delta,66,0.7857142857142857,22181,medium,850989,23547,75,60,222,private_fragmented,3,7.105427357601002e-14,24.0,48.0,0.2857142857142857,17.323809523809523,0.00029814495252377895,127.58765267120444,high,0,-12.092217830414157,0.08425759352478789,58891,250,16,45,0,120,0.20090382063874965,0.13798932112616652,0.15266053290587953,8,71,4,45,296,0.07304330049958191,0.13463157286079513,True,250,606764,3.5,0,v8-development_final-humanitarian-medium-low-medium-high-random_geometric-private_fragmented-8810014-generalized_information-347f2bd91f38-uint8_simplex-frozen_local_rule,generalized_information,21402.983094626867,49,0,559128,93188,0,792098,139782,development_final,183,0,2026-08-17T05:27:40.937175+00:00,06accc7c6456c473e0ec3977931b2b469ca36fab55f09c7d416de8bc8a6cfae2,10,random_geometric,58891,250,23297,0.4,168,347f2bd91f38,420,"{'hysteresis_wait': 252, 'initial_reference': 84, 'maximum_silence': 83, 'partition_recovery': 1}",955.1761481464197,,,,,,,,
120,frozen_local_rule,197,28,0.4603455722253436,humanitarian,23644,43,75,0,3194,43,0,2026-08-17T05:27:49.547606+00:00,medium,31.0,True,low,10802.316469366291,203,15,21058,109208,84.93490020421197,84,84,1.0,0.06182900747437591,80,2586,uint8_simplex,8810014,pooled_current_private_evidence_pre_exchange,51396,dynamic_delta,66,0.7857142857142857,22181,medium,850989,23547,75,60,222,private_fragmented,3,7.105427357601002e-14,24.0,48.0,0.2857142857142857,17.323809523809523,0.00029814495252377895,127.58765267120444,high,0,-12.092217830414157,0.08425759352478789,58891,250,16,45,0,120,0.20090382063874965,0.13798932112616652,0.15266053290587953,8,71,4,45,296,0.07304330049958191,0.13463157286079513,True,250,606764,3.5,0,v8-development_final-humanitarian-medium-low-medium-high-random_geometric-private_fragmented-8810014-generalized_information-e25eb5b9df1b-uint8_simplex-frozen_local_rule,generalized_information,21402.983094626867,49,0,559128,93188,0,792098,139782,development_final,183,0,2026-08-17T05:27:40.409107+00:00,06accc7c6456c473e0ec3977931b2b469ca36fab55f09c7d416de8bc8a6cfae2,10,random_geometric,58891,250,23297,0.4,168,e25eb5b9df1b,420,"{'hysteresis_wait': 252, 'initial_reference': 84, 'maximum_silence': 83, 'partition_recovery': 1}",955.1761481464197,,,,,,,,
122,frozen_local_rule,196,28,0.46188435265784306,humanitarian,36145,42,79,0,4490,42,0,2026-08-17T05:28:03.474334+00:00,medium,31.0,True,low,10894.65951981356,205,15,29910,173740,83.43490020421197,84,84,1.0,0.06208078372370582,80,6235,uint8_simplex,8810014,pooled_current_private_evidence_pre_exchange,72767,dynamic_delta,66,0.7857142857142857,31469,medium,1186866,33407,79,60,226,private_fragmented,3,7.105427357601002e-14,12.0,48.0,0.14285714285714285,18.228571428571428,0.0003161577102583201,131.4430989501987,high,0,-12.155690617542708,0.07635325732382654,59630,253,16,47,0,122,0.20090382063874965,0.12913610122656077,0.14548433934853827,9,68,4,47,296,0.06921702052376617,0.13245118994594665,True,252,843200,2.5,0,v8-development_final-humanitarian-medium-low-medium-high-random_geometric-private_fragmented-8810014-kpi_change-314c8c128df2-uint8_simplex-frozen_local_rule,kpi_change,21548.215371330596,48,0,795696,132616,0,1127236,198924,development_final,201,0,2026-08-17T05:27:51.191148+00:00,06accc7c6456c473e0ec3977931b2b469ca36fab55f09c7d416de8bc8a6cfae2,10,random_geometric,59630,253,33154,0.6761904761904762,284,314c8c128df2,420,"{'initial_reference': 84, 'kpi_change': 309, 'maximum_silence': 26, 'partition_recovery': 1}",984.1662329655053,,,,,,,,
122,frozen_local_rule,196,28,0.46188435265784306,humanitarian,37329,42,79,0,4659,42,0,2026-08-17T05:28:09.940029+00:00,medium,31.0,True,low,10886.719488183626,205,15,30857,179928,83.43490020421197,84,84,1.0,0.06215036966656182,80,6472,uint8_simplex,8810014,pooled_current_private_evidence_pre_exchange,74898,dynamic_delta,66,0.7857142857142857,32469,medium,1222845,34465,79,60,226,private_fragmented,3,7.105427357601002e-14,12.0,48.0,0.14285714285714285,18.076190476190476,0.0003174979243840115,131.55109895019874,high,0,-12.143125948689658,0.07605604344474591,59637,253,16,47,0,122,0.20090382063874965,0.13063364516335066,0.14759810018428332,8,69,4,47,296,0.06910320655565387,0.13246244404542248,True,251,869210,2.5,0,v8-development_final-humanitarian-medium-low-medium-high-random_geometric-private_fragmented-8810014-kpi_change-99bcd7363413-uint8_simplex-frozen_local_rule,kpi_change,21528.032441943185,48,0,821088,136848,0,1163208,205272,development_final,199,0,2026-08-17T05:27:57.745702+00:00,06accc7c6456c473e0ec3977931b2b469ca36fab55f09c7d416de8bc8a6cfae2,10,random_geometric,59637,253,34212,0.7023809523809523,295,99bcd7363413,420,"{'initial_reference': 84, 'kpi_change': 309, 'maximum_silence': 26, 'partition_recovery': 1}",982.3015318387025,,,,,,,,
117,frozen_local_rule,196,28,0.4612140191481714,humanitarian,0,42,73,0,0,42,0,2026-08-17T05:27:39.788211+00:00,medium,31.0,True,low,10877.197270942246,201,15,0,0,83.43490020421197,84,84,1.0,0.09782782794223165,80,0,uint8_simplex,8810014,pooled_current_private_evidence_pre_exchange,6683,dynamic_delta,66,0.7857142857142857,0,medium,58633,249,73,60,220,private_fragmented,3,7.105427357601002e-14,12.0,0.0,0.14285714285714285,0.0,0.0,128.6909281827892,high,0,-12.117445045366624,0.069462390945436,58633,249,16,46,0,117,0.20096560221482215,0.1176487509153635,0.14520963209593027,8,73,4,46,293,0.08364510944383383,0.15445546722755127,True,250,0,3.0,0,v8-development_final-humanitarian-medium-low-medium-high-random_geometric-private_fragmented-8810014-none-806ed450405e-uint8_simplex-frozen_local_rule,none,21460.372774925552,48,0,0,0,0,0,0,development_final,0,0,2026-08-17T05:27:36.907243+00:00,06accc7c6456c473e0ec3977931b2b469ca36fab55f09c7d416de8bc8a6cfae2,10,random_geometric,58633,249,0,0.0,0,806ed450405e,420,{'disabled': 420},970.8450997378372,,,,,,,,
114,frozen_local_rule,153,28,0.46731767299654003,humanitarian,46348,51,60,0,5653,51,0,2026-08-17T05:27:21.600246+00:00,medium,31.0,True,medium,13784.78108387013,173,15,39895,359482,123.57676725224837,80,80,1.0,0.04936670654134075,85,6453,uint8_simplex,8810013,pooled_current_private_evidence_pre_exchange,93655,dynamic_delta,79,0.9404761904761905,41286,high,1580674,44015,60,60,419,private_fragmented,3,2.3447910280083306e-13,12.0,48.0,0.15,12.523809523809524,0.00032294261098474923,133.7413953092466,medium,0,-13.970317193697142,0.06647798496988713,98410,419,16,81,0,114,0.15209873064586404,0.11116143990412605,0.12083148980310493,14,171,4,81,154,0.057922345755613946,0.11562821593639697,True,248,996948,3.5,0,v8-development_final-humanitarian-medium-medium-high-medium-small_world-private_fragmented-8810013-always_on-f06f6808d09b-uint8_simplex-frozen_local_rule,always_on,24938.665853512728,69,0,1046304,174384,0,1482264,261576,development_final,88,0,2026-08-17T05:27:06.732076+00:00,7d519ed9f50a45f3e373cb25663acb5f43e086339cf36319cda316bb66b11a44,21,small_world,98410,419,43596,1.0,420,f06f6808d09b,420,"{'always_on': 336, 'initial_reference': 84}",1136.3692580585068,,,,,,,,
118,frozen_local_rule,158,28,0.46499512751733946,humanitarian,20448,50,65,0,2620,50,0,2026-08-17T05:27:23.408146+00:00,medium,31.0,True,medium,13600.583200783065,173,15,18423,150892,125.34223378988752,80,80,1.0,0.050210486179259106,85,2025,uint8_simplex,8810013,pooled_current_private_evidence_pre_exchange,46291,dynamic_delta,79,0.9404761904761905,19130,high,783099,20557,65,60,419,private_fragmented,3,2.2737367544323206e-13,12.0,48.0,0.15,17.733333333333334,0.00029368642750336575,131.27032971647992,medium,0,-13.937787955676573,0.07370247426773728,98407,419,16,80,0,118,0.15209873064586404,0.11369746929610201,0.12415396962912598,13,169,4,80,158,0.06195648022349819,0.11592486111781831,True,251,475490,3.5,0,v8-development_final-humanitarian-medium-medium-high-medium-small_world-private_fragmented-8810013-generalized_information-347f2bd91f38-uint8_simplex-frozen_local_rule,generalized_information,24811.26954986377,69,0,483312,80552,0,684692,120828,development_final,187,0,2026-08-17T05:27:14.896677+00:00,7d519ed9f50a45f3e373cb25663acb5f43e086339cf36319cda316bb66b11a44,21,small_world,98407,419,20138,0.4,168,347f2bd91f38,420,"{'hysteresis_wait': 252, 'initial_reference': 84, 'maximum_silence': 84}",1125.1069273229473,,,,,,,,
118,frozen_local_rule,158,28,0.46499512751733946,humanitarian,20448,50,65,0,2620,50,0,2026-08-17T05:27:20.583521+00:00,medium,31.0,True,medium,13600.583200783065,173,15,18423,150892,125.34223378988752,80,80,1.0,0.050210486179259106,85,2025,uint8_simplex,8810013,pooled_current_private_evidence_pre_exchange,46291,dynamic_delta,79,0.9404761904761905,19130,high,783099,20557,65,60,419,private_fragmented,3,2.2737367544323206e-13,12.0,48.0,0.15,17.733333333333334,0.00029368642750336575,131.27032971647992,medium,0,-13.937787955676573,0.07370247426773728,98407,419,16,80,0,118,0.15209873064586404,0.11369746929610201,0.12415396962912598,13,169,4,80,158,0.06195648022349819,0.11592486111781831,True,251,475490,3.5,0,v8-development_final-humanitarian-medium-medium-high-medium-small_world-private_fragmented-8810013-generalized_information-e25eb5b9df1b-uint8_simplex-frozen_local_rule,generalized_information,24811.26954986377,69,0,483312,80552,0,684692,120828,development_final,187,0,2026-08-17T05:27:11.803588+00:00,7d519ed9f50a45f3e373cb25663acb5f43e086339cf36319cda316bb66b11a44,21,small_world,98407,419,20138,0.4,168,e25eb5b9df1b,420,"{'hysteresis_wait': 252, 'initial_reference': 84, 'maximum_silence': 84}",1125.1069273229473,,,,,,,,
115,frozen_local_rule,154,28,0.46685912935294605,humanitarian,32084,51,61,0,3911,51,0,2026-08-17T05:27:29.615624+00:00,medium,31.0,True,medium,13784.78108387013,173,15,27659,247384,125.07676725224837,80,80,1.0,0.04915616915132439,85,4425,uint8_simplex,8810013,pooled_current_private_evidence_pre_exchange,67157,dynamic_delta,79,0.9404761904761905,28620,high,1126144,30646,61,60,419,private_fragmented,3,2.5579538487363607e-13,12.0,48.0,0.15,18.695238095238096,0.00032285712296009796,133.0978953092466,medium,0,-13.980473698675887,0.06857800206233221,98426,419,16,80,0,115,0.15209873064586404,0.10995688991228775,0.12083148980310493,13,172,4,80,155,0.05886708560682831,0.11562821593639697,True,247,693022,4.0,0,v8-development_final-humanitarian-medium-medium-high-medium-small_world-private_fragmented-8810013-kpi_change-314c8c128df2-uint8_simplex-frozen_local_rule,kpi_change,24939.172853512726,70,0,725448,120908,0,1027718,181362,development_final,219,0,2026-08-17T05:27:18.229123+00:00,7d519ed9f50a45f3e373cb25663acb5f43e086339cf36319cda316bb66b11a44,21,small_world,98426,419,30227,0.6833333333333333,287,314c8c128df2,420,"{'initial_reference': 84, 'kpi_change': 312, 'maximum_silence': 24}",1136.8872580585069,,,,,,,,
116,frozen_local_rule,155,28,0.46685912935294605,humanitarian,33866,51,62,0,4142,51,0,2026-08-17T05:27:39.641926+00:00,medium,31.0,True,medium,13729.09395509013,173,15,29199,262106,125.07676725224837,80,80,1.0,0.04918122842195994,85,4667,uint8_simplex,8810013,pooled_current_private_evidence_pre_exchange,70481,dynamic_delta,79,0.9404761904761905,30240,high,1184044,32350,62,60,419,private_fragmented,3,2.5579538487363607e-13,12.0,48.0,0.15,18.01904761904762,0.0003233895905232107,132.84231544116065,medium,0,-13.909410452879019,0.0683284910126786,98390,419,16,80,0,116,0.15209873064586404,0.10995688991228775,0.12083148980310493,13,171,4,80,156,0.05875485971731928,0.11562821593639697,True,248,730660,4.0,0,v8-development_final-humanitarian-medium-medium-high-medium-small_world-private_fragmented-8810013-kpi_change-99bcd7363413-uint8_simplex-frozen_local_rule,kpi_change,24807.648850779657,70,0,766344,127724,0,1085654,191586,development_final,214,0,2026-08-17T05:27:27.949545+00:00,7d519ed9f50a45f3e373cb25663acb5f43e086339cf36319cda316bb66b11a44,21,small_world,98390,419,31931,0.7238095238095238,304,99bcd7363413,420,"{'initial_reference': 84, 'kpi_change': 317, 'maximum_silence': 19}",1129.0330499546653,,,,,,,,
113,frozen_local_rule,157,28,0.4617519862184428,humanitarian,0,47,64,0,0,47,0,2026-08-17T05:27:11.097584+00:00,medium,31.0,True,medium,13618.762875664292,173,15,0,0,121.81666782473883,80,80,1.0,0.10937665087975516,85,0,uint8_simplex,8810013,pooled_current_private_evidence_pre_exchange,7411,dynamic_delta,78,0.9285714285714286,0,high,98396,419,64,60,419,private_fragmented,3,2.0605739337042905e-13,12.0,0.0,0.15,0.0,0.0,126.76299570070145,medium,0,-13.87929457844913,0.07951200152785777,98396,419,16,81,0,113,0.18706732214949504,0.11978345818485212,0.1326199110435819,12,170,4,81,157,0.09444432620380648,0.14058669037469942,True,250,0,2.5,0,v8-development_final-humanitarian-medium-medium-high-medium-small_world-private_fragmented-8810013-none-806ed450405e-uint8_simplex-frozen_local_rule,none,24673.659686553638,67,0,0,0,0,0,0,development_final,0,0,2026-08-17T05:27:08.185143+00:00,7d519ed9f50a45f3e373cb25663acb5f43e086339cf36319cda316bb66b11a44,21,small_world,98396,419,0,0.0,0,806ed450405e,420,{'disabled': 420},1107.0459417995128,,,,,,,,
117,frozen_local_rule,182,28,0.4621910491546843,humanitarian,43490,59,55,0,5497,59,0,2026-08-17T05:28:12.882506+00:00,medium,31.0,True,medium,12597.046658940906,72,15,36070,345542,105.14609726894642,80,80,1.0,0.0690906531747635,58,7420,uint8_simplex,8810015,pooled_current_private_evidence_pre_exchange,86050,dynamic_delta,13,0.15476190476190477,37882,low,1407943,40272,55,60,155,private_fragmented,3,4.263256414560601e-14,36.0,48.0,8.4,12.961904761904762,0.0003295026190470825,180.66120206146138,high,0,-13.459075870852475,0.08124434847593204,45155,190,16,50,0,117,0.22662546348610546,0.17547933749594735,0.18748764663737844,1,43,4,50,326,0.07516750082534777,0.1701397815431321,True,233,880838,1.5,0,v8-development_final-humanitarian-medium-medium-low-high-small_world-private_fragmented-8810015-always_on-f06f6808d09b-uint8_simplex-frozen_local_rule,always_on,24278.88932821488,58,0,961968,160328,0,1362788,240492,development_final,103,0,2026-08-17T05:27:58.779095+00:00,9f0c73115b65dc2a3417bb15b1707e1887efdb080ae7d06e60ecf48d4ce2d9fd,22,small_world,45155,190,40082,1.0,420,f06f6808d09b,420,"{'always_on': 336, 'initial_reference': 84}",1137.4278147455766,,,,,,,,
119,frozen_local_rule,183,28,0.4607638415367621,humanitarian,20474,56,59,0,2733,56,0,2026-08-17T05:28:23.970356+00:00,medium,31.0,True,medium,12613.60487470741,71,15,17904,149566,96.14609726894642,73,80,0.9125,0.07003270345485384,58,2570,uint8_simplex,8810015,pooled_current_private_evidence_pre_exchange,44859,dynamic_delta,13,0.15476190476190477,18930,low,722349,20125,59,60,152,private_fragmented,3,6.394884621840902e-14,48.0,48.0,14.5,17.257142857142856,0.0002961550626821087,173.2177319599903,high,0,-13.731861990121253,0.10000256469124696,44457,187,16,48,0,119,0.23320788529092354,0.18451146613082953,0.1950543107914085,1,43,4,48,328,0.08501763407305041,0.15317141978643792,True,232,459170,3.0,0,v8-development_final-humanitarian-medium-medium-low-high-small_world-private_fragmented-8810015-generalized_information-347f2bd91f38-uint8_simplex-frozen_local_rule,generalized_information,24659.72371549542,54,0,478512,79752,0,677892,119628,development_final,182,0,2026-08-17T05:28:15.486240+00:00,9f0c73115b65dc2a3417bb15b1707e1887efdb080ae7d06e60ecf48d4ce2d9fd,22,small_world,44457,187,19938,0.4,168,347f2bd91f38,420,"{'hysteresis_wait': 252, 'initial_reference': 84, 'maximum_silence': 84}",1160.2324660076965,,,,,,,,
119,frozen_local_rule,183,28,0.4607638415367621,humanitarian,20474,56,59,0,2733,56,0,2026-08-17T05:28:16.390820+00:00,medium,31.0,True,medium,12613.60487470741,71,15,17904,149566,96.14609726894642,73,80,0.9125,0.07003270345485384,58,2570,uint8_simplex,8810015,pooled_current_private_evidence_pre_exchange,44859,dynamic_delta,13,0.15476190476190477,18930,low,722349,20125,59,60,152,private_fragmented,3,6.394884621840902e-14,48.0,48.0,14.5,17.257142857142856,0.0002961550626821087,173.2177319599903,high,0,-13.731861990121253,0.10000256469124696,44457,187,16,48,0,119,0.23320788529092354,0.18451146613082953,0.1950543107914085,1,43,4,48,328,0.08501763407305041,0.15317141978643792,True,232,459170,3.0,0,v8-development_final-humanitarian-medium-medium-low-high-small_world-private_fragmented-8810015-generalized_information-e25eb5b9df1b-uint8_simplex-frozen_local_rule,generalized_information,24659.72371549542,54,0,478512,79752,0,677892,119628,development_final,182,0,2026-08-17T05:28:07.801619+00:00,9f0c73115b65dc2a3417bb15b1707e1887efdb080ae7d06e60ecf48d4ce2d9fd,22,small_world,44457,187,19938,0.4,168,e25eb5b9df1b,420,"{'hysteresis_wait': 252, 'initial_reference': 84, 'maximum_silence': 84}",1160.2324660076965,,,,,,,,
125,frozen_local_rule,187,28,0.4582574840453273,humanitarian,27198,61,60,0,3395,61,0,2026-08-17T05:28:31.795404+00:00,medium,31.0,True,medium,12505.82280681921,71,15,22307,213486,102.64609726894642,75,80,0.9375,0.07902036482808167,58,4891,uint8_simplex,8810015,pooled_current_private_evidence_pre_exchange,56005,dynamic_delta,13,0.15476190476190477,23419,low,888280,24993,60,60,153,private_fragmented,3,2.4868995751603507e-14,48.0,48.0,11.25,20.36190476190476,0.0003315533003946188,201.36889062005196,high,0,-13.408284488175651,0.08769465197383831,44944,189,16,49,0,125,0.22662546348610546,0.17874929917359234,0.19072006969020242,1,42,4,49,328,0.08335750840095998,0.16535248634799882,True,237,544952,2.5,0,v8-development_final-humanitarian-medium-medium-low-high-small_world-private_fragmented-8810015-kpi_change-314c8c128df2-uint8_simplex-frozen_local_rule,kpi_change,24335.007438753742,57,0,595296,99216,0,843336,148824,development_final,233,0,2026-08-17T05:28:22.172773+00:00,9f0c73115b65dc2a3417bb15b1707e1887efdb080ae7d06e60ecf48d4ce2d9fd,22,small_world,44944,189,24804,0.6238095238095238,262,314c8c128df2,420,"{'initial_reference': 84, 'kpi_change': 300, 'maximum_silence': 36}",1149.2710590263255,,,,,,,,
123,frozen_local_rule,186,28,0.45870585087164484,humanitarian,28294,59,59,0,3539,59,0,2026-08-17T05:28:33.978621+00:00,medium,31.0,True,medium,12464.165666849714,71,15,23102,224468,103.14609726894642,76,80,0.95,0.0790534395633824,58,5192,uint8_simplex,8810015,pooled_current_private_evidence_pre_exchange,57891,dynamic_delta,13,0.15476190476190477,24245,low,918394,25879,59,60,153,private_fragmented,3,6.394884621840902e-14,48.0,48.0,10.7,19.914285714285715,0.00033642120013674284,180.01587628909164,high,0,-13.516465536320947,0.0879683537986466,44934,189,16,49,0,123,0.22662546348610546,0.17598606115757273,0.18968957216010793,1,42,4,49,328,0.08351089668101452,0.16906422101728796,True,236,561000,1.5,0,v8-development_final-humanitarian-medium-medium-low-high-small_world-private_fragmented-8810015-kpi_change-99bcd7363413-uint8_simplex-frozen_local_rule,kpi_change,24333.611951372277,57,0,616560,102760,0,873460,154140,development_final,229,0,2026-08-17T05:28:23.624219+00:00,9f0c73115b65dc2a3417bb15b1707e1887efdb080ae7d06e60ecf48d4ce2d9fd,22,small_world,44934,189,25690,0.6595238095238095,277,99bcd7363413,420,"{'initial_reference': 84, 'kpi_change': 310, 'maximum_silence': 26}",1136.728820672196,,,,,,,,
124,frozen_local_rule,189,28,0.4618815294191744,humanitarian,0,59,62,0,0,59,0,2026-08-17T05:28:07.196717+00:00,medium,31.0,True,medium,12672.311665047679,72,15,0,0,100.64609726894642,80,80,1.0,0.06965940960043258,58,0,uint8_simplex,8810015,pooled_current_private_evidence_pre_exchange,6494,dynamic_delta,13,0.15476190476190477,0,low,44669,188,62,60,151,private_fragmented,3,7.815970093361102e-14,0.0,0.0,0.0,0.0,0.0,187.99850088896207,high,0,-13.74575302943086,0.04997299324240272,44669,188,16,46,0,124,0.22281373398948912,0.07508271909386781,0.09380706701725566,1,43,4,46,330,0.05981620142141766,0.13487005430966037,True,236,0,2.5,0,v8-development_final-humanitarian-medium-medium-low-high-small_world-private_fragmented-8810015-none-806ed450405e-uint8_simplex-frozen_local_rule,none,24763.962875123507,56,0,0,0,0,0,0,development_final,0,0,2026-08-17T05:28:04.400755+00:00,9f0c73115b65dc2a3417bb15b1707e1887efdb080ae7d06e60ecf48d4ce2d9fd,22,small_world,44669,188,0,0.0,0,806ed450405e,420,{'disabled': 420},1167.6356727080208,,,,,,,,
120,frozen_local_rule,183,28,0.45383367458769724,humanitarian,37369,47,70,0,4718,47,0,2026-08-17T05:26:05.004944+00:00,medium,31.0,True,medium,12722.03934674028,175,15,32035,216546,84.54697777197808,73,73,1.0,0.07099247426091894,33,5334,uint8_simplex,8810010,pooled_current_private_evidence_pre_exchange,76061,dynamic_delta,59,0.7023809523809523,32857,medium,1246781,35341,70,60,187,private_fragmented,3,2.4868995751603507e-14,0.0,48.0,0.0,11.00952380952381,0.00040838540198698595,130.08786638450405,medium,0,-14.758465873717405,0.07364752128949709,52803,224,16,44,0,120,0.173314211632248,0.1314607790348911,0.14585582357321716,7,66,4,44,303,0.07231999777520802,0.1375171357459624,True,234,872644,1.5,0,v8-development_final-humanitarian-medium-medium-medium-medium-random_geometric-private_fragmented-8810010-always_on-f06f6808d09b-uint8_simplex-frozen_local_rule,always_on,25988.471933014458,50,0,842808,140468,0,1193978,210702,development_final,69,0,2026-08-17T05:25:52.652470+00:00,0de5c3a20080725ab99f77bbdc2939d11d891cec447312e5c5a08b525b6c9781,9,random_geometric,52803,224,35117,1.0,420,f06f6808d09b,420,"{'always_on': 336, 'initial_reference': 84}",1171.6264451830175,,,,,,,,
112,frozen_local_rule,182,28,0.45473954531947314,humanitarian,16179,43,64,0,2184,43,0,2026-08-17T05:26:11.992030+00:00,medium,31.0,True,medium,12822.861717202246,172,15,14633,91562,82.0033746857909,73,73,1.0,0.07228896695430748,33,1546,uint8_simplex,8810010,pooled_current_private_evidence_pre_exchange,37434,dynamic_delta,59,0.7023809523809523,15044,medium,596828,16248,64,60,182,private_fragmented,3,5.684341886080802e-14,0.0,48.0,0.0,15.266666666666667,0.0003903479301520664,122.69137914068371,medium,0,-14.766381315507028,0.08352353272961818,51876,220,16,43,0,112,0.173314211632248,0.13812094565209054,0.15208228919303762,7,67,4,43,303,0.07790624984196283,0.1366762458940954,True,232,405960,1.5,0,v8-development_final-humanitarian-medium-medium-medium-medium-random_geometric-private_fragmented-8810010-generalized_information-347f2bd91f38-uint8_simplex-frozen_local_rule,generalized_information,25940.05641750427,48,0,384672,64112,0,544952,96168,development_final,155,0,2026-08-17T05:26:04.582466+00:00,0de5c3a20080725ab99f77bbdc2939d11d891cec447312e5c5a08b525b6c9781,9,random_geometric,51876,220,16028,0.4,168,347f2bd91f38,420,"{'hysteresis_wait': 252, 'initial_reference': 84, 'maximum_silence': 84}",1173.2512717692398,,,,,,,,
112,frozen_local_rule,182,28,0.45473954531947314,humanitarian,16179,43,64,0,2184,43,0,2026-08-17T05:26:10.511797+00:00,medium,31.0,True,medium,12822.861717202246,172,15,14633,91562,82.0033746857909,73,73,1.0,0.07228896695430748,33,1546,uint8_simplex,8810010,pooled_current_private_evidence_pre_exchange,37434,dynamic_delta,59,0.7023809523809523,15044,medium,596828,16248,64,60,182,private_fragmented,3,5.684341886080802e-14,0.0,48.0,0.0,15.266666666666667,0.0003903479301520664,122.69137914068371,medium,0,-14.766381315507028,0.08352353272961818,51876,220,16,43,0,112,0.173314211632248,0.13812094565209054,0.15208228919303762,7,67,4,43,303,0.07790624984196283,0.1366762458940954,True,232,405960,1.5,0,v8-development_final-humanitarian-medium-medium-medium-medium-random_geometric-private_fragmented-8810010-generalized_information-e25eb5b9df1b-uint8_simplex-frozen_local_rule,generalized_information,25940.05641750427,48,0,384672,64112,0,544952,96168,development_final,155,0,2026-08-17T05:26:03.077563+00:00,0de5c3a20080725ab99f77bbdc2939d11d891cec447312e5c5a08b525b6c9781,9,random_geometric,51876,220,16028,0.4,168,e25eb5b9df1b,420,"{'hysteresis_wait': 252, 'initial_reference': 84, 'maximum_silence': 84}",1173.2512717692398,,,,,,,,
118,frozen_local_rule,185,28,0.44985380367203626,humanitarian,25846,45,70,0,3289,45,0,2026-08-17T05:26:23.354173+00:00,medium,31.0,True,medium,12747.200319973428,170,15,22277,148070,84.0033746857909,73,73,1.0,0.07360568262701997,33,3569,uint8_simplex,8810010,pooled_current_private_evidence_pre_exchange,54755,dynamic_delta,59,0.7023809523809523,22840,medium,881363,24623,70,60,181,private_fragmented,3,4.263256414560601e-14,0.0,48.0,0.0,15.638095238095238,0.00041191603887861985,128.1080044067525,medium,0,-14.855659933075907,0.07548257526980545,51627,219,16,41,0,118,0.173314211632248,0.132110051808059,0.14585582357321716,7,68,4,41,304,0.07454412894841271,0.13801101979067767,True,233,609348,1.5,0,v8-development_final-humanitarian-medium-medium-medium-medium-random_geometric-private_fragmented-8810010-kpi_change-314c8c128df2-uint8_simplex-frozen_local_rule,kpi_change,26120.867862720737,49,0,585696,97616,0,829736,146424,development_final,170,0,2026-08-17T05:26:13.299378+00:00,0de5c3a20080725ab99f77bbdc2939d11d891cec447312e5c5a08b525b6c9781,9,random_geometric,51627,219,24404,0.6880952380952381,289,314c8c128df2,420,"{'initial_reference': 84, 'kpi_change': 309, 'maximum_silence': 27}",1180.271023779375,,,,,,,,
118,frozen_local_rule,185,28,0.44985380367203626,humanitarian,27656,45,70,0,3507,45,0,2026-08-17T05:26:26.676711+00:00,medium,31.0,True,medium,12747.200319973428,170,15,23782,157964,84.0033746857909,73,73,1.0,0.0738856490641135,33,3874,uint8_simplex,8810010,pooled_current_private_evidence_pre_exchange,58071,dynamic_delta,59,0.7023809523809523,24385,medium,937368,26270,70,60,182,private_fragmented,3,4.263256414560601e-14,0.0,48.0,0.0,15.40952380952381,0.000411957545603276,128.1080044067525,medium,0,-14.855659933075907,0.07497773354543166,51634,219,16,41,0,118,0.173314211632248,0.1314607790348911,0.14585582357321716,7,68,4,41,304,0.07443169130477259,0.13801101979067767,True,233,650624,1.5,0,v8-development_final-humanitarian-medium-medium-medium-medium-random_geometric-private_fragmented-8810010-kpi_change-99bcd7363413-uint8_simplex-frozen_local_rule,kpi_change,26120.867862720737,49,0,625224,104204,0,885734,156306,development_final,169,0,2026-08-17T05:26:16.545565+00:00,0de5c3a20080725ab99f77bbdc2939d11d891cec447312e5c5a08b525b6c9781,9,random_geometric,51634,219,26051,0.7261904761904762,305,99bcd7363413,420,"{'initial_reference': 84, 'kpi_change': 314, 'maximum_silence': 22}",1180.271023779375,,,,,,,,
110,frozen_local_rule,182,28,0.45591390144349575,humanitarian,0,45,61,0,0,45,0,2026-08-17T05:26:02.484200+00:00,medium,31.0,True,medium,12809.970758204492,170,15,0,0,82.5033746857909,73,73,1.0,0.10775022940759789,33,0,uint8_simplex,8810010,pooled_current_private_evidence_pre_exchange,6609,dynamic_delta,61,0.7261904761904762,0,medium,51145,217,61,60,181,private_fragmented,3,4.263256414560601e-14,0.0,0.0,0.0,0.0,0.0,133.97736728931602,medium,0,-14.602622698843332,0.0749012561099453,51145,217,16,47,0,110,0.20083661276877687,0.13070018508945658,0.1582986416860036,7,64,4,47,302,0.09132574275877157,0.17105497185799337,True,236,0,1.0,0,v8-development_final-humanitarian-medium-medium-medium-medium-random_geometric-private_fragmented-8810010-none-806ed450405e-uint8_simplex-frozen_local_rule,none,25769.120293650485,48,0,0,0,0,0,0,development_final,0,0,2026-08-17T05:25:59.570062+00:00,0de5c3a20080725ab99f77bbdc2939d11d891cec447312e5c5a08b525b6c9781,9,random_geometric,51145,217,0,0.0,0,806ed450405e,420,{'disabled': 420},1174.6862722237333,,,,,,,,
47,frozen_local_rule,48,12,0.4849037771679854,humanitarian,9345,17,29,0,1465,17,0,2026-08-17T05:25:08.748848+00:00,small,16.0,True,high,955.0627990790481,101,10,7825,43860,38.0,22,22,1.0,0.05483380483226971,15,1520,uint8_simplex,8810003,pooled_current_private_evidence_pre_exchange,19160,dynamic_delta,23,0.9583333333333334,7883,high,316597,8605,29,30,120,private_fragmented,3,8.881784197001252e-15,0.0,12.0,0.0,5.2,0.00043604838720689537,29.97053186003505,high,0,-5.561149126534565,0.07007535540206868,28107,120,8,25,0,47,0.14160311217770225,0.11512634059100461,0.12516676361923584,6,41,4,25,48,0.06245458011716919,0.12133436037712987,True,79,222190,0.5,0,v8-development_final-humanitarian-small-high-high-high-random_geometric-private_fragmented-8810003-always_on-f06f6808d09b-uint8_simplex-frozen_local_rule,always_on,2226.792674502706,21,0,203640,33940,0,288490,50910,development_final,0,0,2026-08-17T05:25:05.686947+00:00,5ee50660b94c93571aacdc4c85e6207ad5dad18ffc4e1c877be0cf651643a129,17,random_geometric,28107,120,8485,1.0,120,f06f6808d09b,120,"{'always_on': 96, 'initial_reference': 24}",227.7797686890853,,,,,,,,
48,frozen_local_rule,48,12,0.4899112030764441,humanitarian,2002,16,31,0,316,16,0,2026-08-17T05:25:10.093116+00:00,small,16.0,True,high,939.2654410281572,101,10,1641,8772,39.0,22,22,1.0,0.053706367770457154,15,361,uint8_simplex,8810003,pooled_current_private_evidence_pre_exchange,5635,dynamic_delta,23,0.9583333333333334,1664,high,89322,1921,31,30,120,private_fragmented,3,8.881784197001252e-15,0.0,27.0,0.0,12.125,0.00048439882865194115,25.921869399689882,high,0,-5.3956851832452974,0.07517032615497968,28088,120,8,25,0,48,0.14160311217770225,0.11246596043808228,0.1252840584924149,7,40,4,25,48,0.06443834696271843,0.12353919901244709,True,80,47022,0.5,0,v8-development_final-humanitarian-small-high-high-high-random_geometric-private_fragmented-8810003-generalized_information-347f2bd91f38-uint8_simplex-frozen_local_rule,generalized_information,2136.8606864659814,22,0,43224,7204,0,61234,10806,development_final,51,0,2026-08-17T05:25:08.704889+00:00,5ee50660b94c93571aacdc4c85e6207ad5dad18ffc4e1c877be0cf651643a129,17,random_geometric,28088,120,1801,0.20833333333333334,25,347f2bd91f38,120,"{'hysteresis_wait': 95, 'initial_reference': 24, 'partition_recovery': 1}",212.5176878203392,,,,,,,,
48,frozen_local_rule,48,12,0.4899112030764441,humanitarian,2002,16,31,0,316,16,0,2026-08-17T05:25:08.215970+00:00,small,16.0,True,high,939.2654410281572,101,10,1641,8772,39.0,22,22,1.0,0.053706367770457154,15,361,uint8_simplex,8810003,pooled_current_private_evidence_pre_exchange,5635,dynamic_delta,23,0.9583333333333334,1664,high,89322,1921,31,30,120,private_fragmented,3,8.881784197001252e-15,0.0,27.0,0.0,12.125,0.00048439882865194115,25.921869399689882,high,0,-5.3956851832452974,0.07517032615497968,28088,120,8,25,0,48,0.14160311217770225,0.11246596043808228,0.1252840584924149,7,40,4,25,48,0.06443834696271843,0.12353919901244709,True,80,47022,0.5,0,v8-development_final-humanitarian-small-high-high-high-random_geometric-private_fragmented-8810003-generalized_information-e25eb5b9df1b-uint8_simplex-frozen_local_rule,generalized_information,2136.8606864659814,22,0,43224,7204,0,61234,10806,development_final,51,0,2026-08-17T05:25:06.923796+00:00,5ee50660b94c93571aacdc4c85e6207ad5dad18ffc4e1c877be0cf651643a129,17,random_geometric,28088,120,1801,0.20833333333333334,25,e25eb5b9df1b,120,"{'hysteresis_wait': 95, 'initial_reference': 24, 'partition_recovery': 1}",212.5176878203392,,,,,,,,
49,frozen_local_rule,49,12,0.4849037771679854,humanitarian,6286,17,31,0,1008,17,0,2026-08-17T05:25:11.421388+00:00,small,16.0,True,high,955.0627990790481,101,10,5255,29444,37.5,22,22,1.0,0.05389115086630577,15,1031,uint8_simplex,8810003,pooled_current_private_evidence_pre_exchange,13535,dynamic_delta,23,0.9583333333333334,5290,high,221615,5811,31,30,120,private_fragmented,3,7.105427357601002e-15,0.0,24.0,0.0,8.325,0.0004280819707059808,29.690531860035048,high,0,-5.579605985318594,0.07215533984025724,28121,120,8,25,0,49,0.14160311217770225,0.11246596043808228,0.1252840584924149,8,38,4,25,49,0.06302324535328149,0.12156905588719852,True,82,149226,0.5,0,v8-development_final-humanitarian-small-high-high-high-random_geometric-private_fragmented-8810003-kpi_change-314c8c128df2-uint8_simplex-frozen_local_rule,kpi_change,2226.792674502706,21,0,136584,22764,0,193494,34146,development_final,21,0,2026-08-17T05:25:09.021898+00:00,5ee50660b94c93571aacdc4c85e6207ad5dad18ffc4e1c877be0cf651643a129,17,random_geometric,28121,120,5691,0.6916666666666667,83,314c8c128df2,120,"{'initial_reference': 24, 'kpi_change': 95, 'partition_recovery': 1}",227.7797686890853,,,,,,,,
49,frozen_local_rule,49,12,0.4849037771679854,humanitarian,6764,17,31,0,1069,17,0,2026-08-17T05:25:12.142835+00:00,small,16.0,True,high,955.0627990790481,101,10,5697,31382,37.5,22,22,1.0,0.05459926252879739,15,1067,uint8_simplex,8810003,pooled_current_private_evidence_pre_exchange,14455,dynamic_delta,23,0.9583333333333334,5733,high,237858,6289,31,30,120,private_fragmented,3,7.105427357601002e-15,0.0,24.0,0.0,7.925,0.00043805131171549533,29.690531860035048,high,0,-5.579605985318594,0.07152347489761611,28112,120,8,25,0,49,0.14160311217770225,0.11041937972671746,0.12504021544323235,8,38,4,25,49,0.06306136871320675,0.12133436037712987,True,82,162316,0.5,0,v8-development_final-humanitarian-small-high-high-high-random_geometric-private_fragmented-8810003-kpi_change-99bcd7363413-uint8_simplex-frozen_local_rule,kpi_change,2226.792674502706,21,0,148056,24676,0,209746,37014,development_final,19,0,2026-08-17T05:25:09.597809+00:00,5ee50660b94c93571aacdc4c85e6207ad5dad18ffc4e1c877be0cf651643a129,17,random_geometric,28112,120,6169,0.7333333333333333,88,99bcd7363413,120,"{'initial_reference': 24, 'kpi_change': 95, 'partition_recovery': 1}",227.7797686890853,,,,,,,,
42,frozen_local_rule,42,12,0.5170456312378352,humanitarian,0,17,25,0,0,17,0,2026-08-17T05:25:06.725368+00:00,small,16.0,True,high,956.5900888253948,101,10,0,0,45.0,22,22,1.0,0.09838005868157346,15,0,uint8_simplex,8810003,pooled_current_private_evidence_pre_exchange,1972,dynamic_delta,23,0.9583333333333334,0,high,28133,120,25,30,120,private_fragmented,3,1.0658141036401503e-14,0.0,0.0,0.0,0.0,0.0,29.418054726833777,high,0,-5.06376903326293,0.07428018948634715,28133,120,8,25,0,42,0.15895479107193936,0.11670691684139313,0.13078705683028372,7,46,4,25,42,0.08633012408396032,0.15780415691726318,True,74,0,1.0,0,v8-development_final-humanitarian-small-high-high-high-random_geometric-private_fragmented-8810003-none-806ed450405e-uint8_simplex-frozen_local_rule,none,2075.1116067760872,25,0,0,0,0,0,0,development_final,0,0,2026-08-17T05:25:06.069552+00:00,5ee50660b94c93571aacdc4c85e6207ad5dad18ffc4e1c877be0cf651643a129,17,random_geometric,28133,120,0,0.0,0,806ed450405e,120,{'disabled': 120},202.68106661523694,,,,,,,,
42,frozen_local_rule,44,12,0.4661930756942034,humanitarian,10379,14,28,0,1737,14,0,2026-08-17T05:25:32.434328+00:00,small,16.0,True,high,936.3637234941486,95,10,8774,46410,41.52111080043358,24,24,1.0,0.048529036399178396,17,1605,uint8_simplex,8810008,pooled_current_private_evidence_pre_exchange,21125,dynamic_delta,22,0.9166666666666666,9004,high,356939,9790,28,30,120,private_fragmented,3,1.0658141036401503e-14,6.0,9.0,0.25,5.0,0.00041864211130679266,22.336558042339444,medium,0,-5.189118111786304,0.07167607388445724,28159,120,8,19,0,42,0.16798659818476747,0.12203076441192219,0.14119539820542604,7,50,4,19,44,0.060102555141817816,0.1134339872341886,True,70,251906,2.0,0,v8-development_final-humanitarian-small-high-high-medium-small_world-private_fragmented-8810008-always_on-f06f6808d09b-uint8_simplex-frozen_local_rule,always_on,2050.8361769531193,25,0,232080,38680,0,328780,58020,development_final,0,0,2026-08-17T05:25:29.015237+00:00,b67ed9b4d238f5b2d33f8f0dfb7c38cb11011a55a54ad26505d7f9288f5ce28c,17,small_world,28159,120,9670,1.0,120,f06f6808d09b,120,"{'always_on': 96, 'initial_reference': 24}",195.66995618492945,,,,,,,,
41,frozen_local_rule,41,12,0.47324937827659314,humanitarian,2159,16,25,0,357,16,0,2026-08-17T05:25:31.409056+00:00,small,16.0,True,high,950.8031616750611,95,10,1800,8976,36.64703303032476,24,24,1.0,0.05608402471450706,17,359,uint8_simplex,8810008,pooled_current_private_evidence_pre_exchange,5929,dynamic_delta,22,0.9166666666666666,1840,high,95650,2104,25,30,120,private_fragmented,3,1.0658141036401503e-14,6.0,27.0,0.25,12.575,0.0004470151314827383,29.247086959554338,medium,0,-4.937180262820321,0.08792600617919562,28194,120,8,22,0,41,0.16798659818476747,0.13263581034832506,0.14471157785754335,7,50,4,22,41,0.07200501544685135,0.12327550486276347,True,70,52224,1.5,0,v8-development_final-humanitarian-small-high-high-medium-small_world-private_fragmented-8810008-generalized_information-347f2bd91f38-uint8_simplex-frozen_local_rule,generalized_information,2034.1885849918904,22,0,47616,7936,0,67456,11904,development_final,55,0,2026-08-17T05:25:30.058916+00:00,b67ed9b4d238f5b2d33f8f0dfb7c38cb11011a55a54ad26505d7f9288f5ce28c,17,small_world,28194,120,1984,0.2,24,347f2bd91f38,120,"{'hysteresis_wait': 96, 'initial_reference': 24}",200.3635319642852,,,,,,,,
41,frozen_local_rule,41,12,0.47324937827659314,humanitarian,2159,16,25,0,357,16,0,2026-08-17T05:25:31.142997+00:00,small,16.0,True,high,950.8031616750611,95,10,1800,8976,36.64703303032476,24,24,1.0,0.05608402471450706,17,359,uint8_simplex,8810008,pooled_current_private_evidence_pre_exchange,5929,dynamic_delta,22,0.9166666666666666,1840,high,95650,2104,25,30,120,private_fragmented,3,1.0658141036401503e-14,6.0,27.0,0.25,12.575,0.0004470151314827383,29.247086959554338,medium,0,-4.937180262820321,0.08792600617919562,28194,120,8,22,0,41,0.16798659818476747,0.13263581034832506,0.14471157785754335,7,50,4,22,41,0.07200501544685135,0.12327550486276347,True,70,52224,1.5,0,v8-development_final-humanitarian-small-high-high-medium-small_world-private_fragmented-8810008-generalized_information-e25eb5b9df1b-uint8_simplex-frozen_local_rule,generalized_information,2034.1885849918904,22,0,47616,7936,0,67456,11904,development_final,55,0,2026-08-17T05:25:29.841399+00:00,b67ed9b4d238f5b2d33f8f0dfb7c38cb11011a55a54ad26505d7f9288f5ce28c,17,small_world,28194,120,1984,0.2,24,e25eb5b9df1b,120,"{'hysteresis_wait': 96, 'initial_reference': 24}",200.3635319642852,,,,,,,,
43,frozen_local_rule,44,12,0.4668916623274931,humanitarian,7045,17,26,0,1219,17,0,2026-08-17T05:25:33.352942+00:00,small,16.0,True,high,958.7618545034809,95,10,5941,30566,42.02111080043358,24,24,1.0,0.05097256174646314,17,1104,uint8_simplex,8810008,pooled_current_private_evidence_pre_exchange,14960,dynamic_delta,22,0.9166666666666666,6086,high,250657,6664,26,30,120,private_fragmented,3,1.0658141036401503e-14,6.0,24.0,0.25,7.9,0.00042372169301113383,31.66016073794563,medium,0,-4.9697811181595934,0.07524134019463245,28161,120,8,21,0,43,0.16798659818476747,0.12696032763852044,0.14471157785754335,7,48,4,21,44,0.0631069509705478,0.11418816424031776,True,72,171428,2.0,0,v8-development_final-humanitarian-small-high-high-medium-small_world-private_fragmented-8810008-kpi_change-314c8c128df2-uint8_simplex-frozen_local_rule,kpi_change,2048.158881302463,25,0,157056,26176,0,222496,39264,development_final,15,0,2026-08-17T05:25:30.871494+00:00,b67ed9b4d238f5b2d33f8f0dfb7c38cb11011a55a54ad26505d7f9288f5ce28c,17,small_world,28161,120,6544,0.675,81,314c8c128df2,120,"{'initial_reference': 24, 'kpi_change': 96}",201.6351817357669,,,,,,,,
42,frozen_local_rule,43,12,0.466424487765103,humanitarian,7303,16,26,0,1249,16,0,2026-08-17T05:25:34.564995+00:00,small,16.0,True,high,958.7618545034809,95,10,6173,31824,40.52111080043358,24,24,1.0,0.051034591784190314,17,1130,uint8_simplex,8810008,pooled_current_private_evidence_pre_exchange,15448,dynamic_delta,22,0.9166666666666666,6327,high,259431,6922,26,30,120,private_fragmented,3,1.0658141036401503e-14,6.0,24.0,0.25,7.7,0.000425316745000155,30.110660737945622,medium,0,-5.025686468368573,0.07525197220222868,28163,120,8,21,0,42,0.16798659818476747,0.12696032763852044,0.14471157785754335,7,49,4,21,43,0.06314328199320948,0.11498650961336511,True,71,178058,1.5,0,v8-development_final-humanitarian-small-high-high-medium-small_world-private_fragmented-8810008-kpi_change-99bcd7363413-uint8_simplex-frozen_local_rule,kpi_change,2061.3363813024635,24,0,163248,27208,0,231268,40812,development_final,12,0,2026-08-17T05:25:31.979178+00:00,b67ed9b4d238f5b2d33f8f0dfb7c38cb11011a55a54ad26505d7f9288f5ce28c,17,small_world,28163,120,6802,0.7,84,99bcd7363413,120,"{'initial_reference': 24, 'kpi_change': 96}",203.25368173576692,,,,,,,,
38,frozen_local_rule,38,12,0.48095417842096294,humanitarian,0,17,21,0,0,17,0,2026-08-17T05:25:29.842313+00:00,small,16.0,True,high,861.3503034954583,95,10,0,0,41.64703303032476,24,24,1.0,0.08785443174768831,17,0,uint8_simplex,8810008,pooled_current_private_evidence_pre_exchange,1964,dynamic_delta,22,0.9166666666666666,0,high,28164,120,21,30,120,private_fragmented,3,1.0658141036401503e-14,0.0,0.0,0.0,0.0,0.0,33.3826297640423,medium,0,-4.632536587778145,0.07198643185531192,28164,120,8,20,0,38,0.14250213993868535,0.10449161701598235,0.11268318481270868,7,55,4,20,38,0.07992043180150012,0.12404450865501354,True,65,0,2.0,0,v8-development_final-humanitarian-small-high-high-medium-small_world-private_fragmented-8810008-none-806ed450405e-uint8_simplex-frozen_local_rule,none,1983.9696641015855,25,0,0,0,0,0,0,development_final,0,0,2026-08-17T05:25:29.140805+00:00,b67ed9b4d238f5b2d33f8f0dfb7c38cb11011a55a54ad26505d7f9288f5ce28c,17,small_world,28164,120,0,0.0,0,806ed450405e,120,{'disabled': 120},196.02340549937452,,,,,,,,
48,frozen_local_rule,48,12,0.46487265558946766,humanitarian,10665,24,21,0,1893,24,0,2026-08-17T05:25:14.585866+00:00,small,16.0,True,high,830.8187979171358,40,10,9576,48008,33.0,21,21,1.0,0.061492640782677424,4,1089,uint8_simplex,8810004,pooled_current_private_evidence_pre_exchange,21977,dynamic_delta,17,0.7083333333333334,9702,medium,367060,10461,21,30,48,private_fragmented,3,7.105427357601002e-15,0.0,9.0,0.0,4.95,0.00040429180121783197,48.457501973240966,low,0,-5.462929966652893,0.07303906784547762,13324,57,8,6,0,48,0.18845247473512208,0.12627053884691478,0.13554680197410945,5,20,4,6,89,0.06726585431407753,0.1386536936889146,True,59,277576,0.0,0,v8-development_final-humanitarian-small-high-medium-low-small_world-private_fragmented-8810004-always_on-f06f6808d09b-uint8_simplex-frozen_local_rule,always_on,2330.0860527943487,20,0,249696,41616,0,353736,62424,development_final,0,0,2026-08-17T05:25:10.972773+00:00,e78156bb91237e3352f21eff2e22d3fd2f7d6179552da8ca0f0a95d8e3c35295,11,small_world,13324,57,10404,1.0,120,f06f6808d09b,120,"{'always_on': 96, 'initial_reference': 24}",246.4329466421295,,,,,,,,
51,frozen_local_rule,51,12,0.46516036812005634,humanitarian,2105,26,23,0,370,26,0,2026-08-17T05:25:14.882483+00:00,small,16.0,True,high,837.4863220460329,40,10,1868,8976,39.0,21,21,1.0,0.0787786960128705,5,237,uint8_simplex,8810004,pooled_current_private_evidence_pre_exchange,5714,dynamic_delta,17,0.7083333333333334,1900,medium,82816,2101,23,30,47,private_fragmented,3,7.105427357601002e-15,0.0,27.0,0.0,12.525,0.0004018364118082975,54.644450407453384,low,0,-5.089031828705891,0.08852883992714415,13320,57,8,5,0,51,0.18845247473512208,0.13180487818368497,0.13856959886643908,3,22,4,5,90,0.0836537679700073,0.1445724925102702,True,59,54536,0.0,0,v8-development_final-humanitarian-small-high-medium-low-small_world-private_fragmented-8810004-generalized_information-347f2bd91f38-uint8_simplex-frozen_local_rule,generalized_information,2217.776990622027,23,0,49056,8176,0,69496,12264,development_final,55,0,2026-08-17T05:25:13.554537+00:00,e78156bb91237e3352f21eff2e22d3fd2f7d6179552da8ca0f0a95d8e3c35295,11,small_world,13320,57,2044,0.2,24,347f2bd91f38,120,"{'hysteresis_wait': 96, 'initial_reference': 24}",231.60922777983535,,,,,,,,
51,frozen_local_rule,51,12,0.46516036812005634,humanitarian,2105,26,23,0,370,26,0,2026-08-17T05:25:14.033970+00:00,small,16.0,True,high,837.4863220460329,40,10,1868,8976,39.0,21,21,1.0,0.0787786960128705,5,237,uint8_simplex,8810004,pooled_current_private_evidence_pre_exchange,5714,dynamic_delta,17,0.7083333333333334,1900,medium,82816,2101,23,30,47,private_fragmented,3,7.105427357601002e-15,0.0,27.0,0.0,12.525,0.0004018364118082975,54.644450407453384,low,0,-5.089031828705891,0.08852883992714415,13320,57,8,5,0,51,0.18845247473512208,0.13180487818368497,0.13856959886643908,3,22,4,5,90,0.0836537679700073,0.1445724925102702,True,59,54536,0.0,0,v8-development_final-humanitarian-small-high-medium-low-small_world-private_fragmented-8810004-generalized_information-e25eb5b9df1b-uint8_simplex-frozen_local_rule,generalized_information,2217.776990622027,23,0,49056,8176,0,69496,12264,development_final,55,0,2026-08-17T05:25:12.689190+00:00,e78156bb91237e3352f21eff2e22d3fd2f7d6179552da8ca0f0a95d8e3c35295,11,small_world,13320,57,2044,0.2,24,e25eb5b9df1b,120,"{'hysteresis_wait': 96, 'initial_reference': 24}",231.60922777983535,,,,,,,,
50,frozen_local_rule,50,12,0.46615314820747805,humanitarian,7146,26,21,0,1258,26,0,2026-08-17T05:25:17.033273+00:00,small,16.0,True,high,829.3636994617392,42,10,6382,31858,35.0,21,21,1.0,0.06531277326442592,5,764,uint8_simplex,8810004,pooled_current_private_evidence_pre_exchange,15280,dynamic_delta,17,0.7083333333333334,6472,medium,250093,7003,21,30,52,private_fragmented,3,7.105427357601002e-15,0.0,27.0,0.0,8.3,0.0004109013480075295,54.72731056377076,low,0,-5.342030916604314,0.07498110454851122,14031,60,8,5,0,50,0.18845247473512208,0.12926282840048914,0.14135271175315448,5,22,4,5,88,0.07014693890646856,0.1386536936889146,True,60,185130,0.0,0,v8-development_final-humanitarian-small-high-medium-low-small_world-private_fragmented-8810004-kpi_change-314c8c128df2-uint8_simplex-frozen_local_rule,kpi_change,2317.1677660367022,21,0,166632,27772,0,236062,41658,development_final,19,0,2026-08-17T05:25:14.410554+00:00,e78156bb91237e3352f21eff2e22d3fd2f7d6179552da8ca0f0a95d8e3c35295,11,small_world,14031,60,6943,0.675,81,314c8c128df2,120,"{'initial_reference': 24, 'kpi_change': 96}",245.33235753253916,,,,,,,,
50,frozen_local_rule,50,12,0.46615314820747805,humanitarian,7395,26,21,0,1296,26,0,2026-08-17T05:25:17.649294+00:00,small,16.0,True,high,829.3636994617392,42,10,6609,33116,35.0,21,21,1.0,0.06531900783030829,5,786,uint8_simplex,8810004,pooled_current_private_evidence_pre_exchange,15756,dynamic_delta,17,0.7083333333333334,6705,medium,258559,7252,21,30,52,private_fragmented,3,7.105427357601002e-15,0.0,24.0,0.0,7.925,0.0004121632572666441,54.72731056377076,low,0,-5.342030916604314,0.07520765207623754,14031,60,8,5,0,50,0.18845247473512208,0.12926282840048914,0.14135271175315448,5,22,4,5,88,0.07026332995327292,0.1386536936889146,True,60,191590,0.0,0,v8-development_final-humanitarian-small-high-medium-low-small_world-private_fragmented-8810004-kpi_change-99bcd7363413-uint8_simplex-frozen_local_rule,kpi_change,2317.1677660367022,21,0,172608,28768,0,244528,43152,development_final,16,0,2026-08-17T05:25:14.923314+00:00,e78156bb91237e3352f21eff2e22d3fd2f7d6179552da8ca0f0a95d8e3c35295,11,small_world,14031,60,7192,0.7,84,99bcd7363413,120,"{'initial_reference': 24, 'kpi_change': 96}",245.33235753253916,,,,,,,,
50,frozen_local_rule,50,12,0.4627813065510379,humanitarian,0,25,23,0,0,25,0,2026-08-17T05:25:12.515741+00:00,small,16.0,True,high,853.1503783009402,35,10,0,0,41.0,21,21,1.0,0.09049483259024346,4,0,uint8_simplex,8810004,pooled_current_private_evidence_pre_exchange,1716,dynamic_delta,15,0.625,0,medium,11909,51,23,30,41,private_fragmented,3,8.881784197001252e-15,0.0,0.0,0.0,0.0,0.0,53.66696617046216,low,0,-4.902358122816011,0.06685496394246628,11909,51,8,7,0,50,0.18845247473512208,0.11169802919911456,0.13497115974038126,3,16,4,7,94,0.07867489826635486,0.14464274210824482,True,60,0,0.0,0,v8-development_final-humanitarian-small-high-medium-low-small_world-private_fragmented-8810004-none-806ed450405e-uint8_simplex-frozen_local_rule,none,2151.2510806410914,24,0,0,0,0,0,0,development_final,0,0,2026-08-17T05:25:11.871598+00:00,e78156bb91237e3352f21eff2e22d3fd2f7d6179552da8ca0f0a95d8e3c35295,11,small_world,11909,51,0,0.0,0,806ed450405e,120,{'disabled': 120},228.2121409080598,,,,,,,,
28,frozen_local_rule,29,12,0.4969165751222304,humanitarian,9796,17,9,0,1607,17,0,2026-08-17T05:25:00.862111+00:00,small,16.0,True,low,589.5724883961493,25,10,8714,45254,27.5,14,14,1.0,0.07200030586265624,5,1082,uint8_simplex,8810001,pooled_current_private_evidence_pre_exchange,20077,dynamic_delta,10,0.4166666666666667,8886,low,331502,9577,9,30,24,private_fragmented,3,1.0658141036401503e-14,6.0,12.0,0.42857142857142855,4.8,0.00042698400119275617,31.770329800126767,low,0,-2.438891200757131,0.06412560269291355,6870,29,8,2,0,28,0.1753674556868763,0.11833507384760775,0.14277249299745784,2,12,4,2,104,0.0680629542777849,0.14532314517606887,True,33,251022,0.0,0,v8-development_final-humanitarian-small-low-low-low-random_geometric-private_fragmented-8810001-always_on-f06f6808d09b-uint8_simplex-frozen_local_rule,always_on,1272.391133239658,16,0,229152,38192,0,324632,57288,development_final,0,0,2026-08-17T05:24:57.332663+00:00,8aa843fd0255d2b3b776d063de6fe71772e336e2e95ebbdedc506d247b70e0f9,13,random_geometric,6870,29,9548,1.0,120,f06f6808d09b,120,"{'always_on': 96, 'initial_reference': 24}",125.00115864793356,,,,,,,,
27,frozen_local_rule,30,12,0.4698554171796709,humanitarian,1961,15,11,0,325,15,0,2026-08-17T05:24:58.744662+00:00,small,16.0,True,low,553.3678913439071,23,10,1765,8942,26.5,14,14,1.0,0.08628316428329091,4,196,uint8_simplex,8810001,pooled_current_private_evidence_pre_exchange,5285,dynamic_delta,8,0.3333333333333333,1789,low,71837,1952,11,30,22,private_fragmented,3,1.0658141036401503e-14,12.0,27.0,2.5714285714285716,12.5,0.00045297617254499387,30.79174721113332,low,0,-2.417199938444531,0.08545377863602487,6387,27,8,2,0,27,0.1753674556868763,0.14263565020744737,0.15081872916291322,2,10,4,2,106,0.08586847145965788,0.15758619144788472,True,34,51068,0.0,0,v8-development_final-humanitarian-small-low-low-low-random_geometric-private_fragmented-8810001-generalized_information-347f2bd91f38-uint8_simplex-frozen_local_rule,generalized_information,1239.692944373631,16,0,46200,7700,0,65450,11550,development_final,55,0,2026-08-17T05:24:57.333239+00:00,8aa843fd0255d2b3b776d063de6fe71772e336e2e95ebbdedc506d247b70e0f9,13,random_geometric,6387,27,1925,0.2,24,347f2bd91f38,120,"{'hysteresis_wait': 96, 'initial_reference': 24}",118.37852616237127,,,,,,,,
27,frozen_local_rule,30,12,0.4698554171796709,humanitarian,1961,15,11,0,325,15,0,2026-08-17T05:24:58.794976+00:00,small,16.0,True,low,553.3678913439071,23,10,1765,8942,26.5,14,14,1.0,0.08628316428329091,4,196,uint8_simplex,8810001,pooled_current_private_evidence_pre_exchange,5285,dynamic_delta,8,0.3333333333333333,1789,low,71837,1952,11,30,22,private_fragmented,3,1.0658141036401503e-14,12.0,27.0,2.5714285714285716,12.5,0.00045297617254499387,30.79174721113332,low,0,-2.417199938444531,0.08545377863602487,6387,27,8,2,0,27,0.1753674556868763,0.14263565020744737,0.15081872916291322,2,10,4,2,106,0.08586847145965788,0.15758619144788472,True,34,51068,0.0,0,v8-development_final-humanitarian-small-low-low-low-random_geometric-private_fragmented-8810001-generalized_information-e25eb5b9df1b-uint8_simplex-frozen_local_rule,generalized_information,1239.692944373631,16,0,46200,7700,0,65450,11550,development_final,55,0,2026-08-17T05:24:57.333176+00:00,8aa843fd0255d2b3b776d063de6fe71772e336e2e95ebbdedc506d247b70e0f9,13,random_geometric,6387,27,1925,0.2,24,e25eb5b9df1b,120,"{'hysteresis_wait': 96, 'initial_reference': 24}",118.37852616237127,,,,,,,,
28,frozen_local_rule,30,12,0.4663600279068642,humanitarian,5053,15,11,0,752,15,0,2026-08-17T05:25:00.355903+00:00,small,16.0,True,low,589.5724883961493,26,10,4499,22406,23.5,14,14,1.0,0.08307753430595391,4,554,uint8_simplex,8810001,pooled_current_private_evidence_pre_exchange,11123,dynamic_delta,8,0.3333333333333333,4589,low,174967,4967,11,30,24,private_fragmented,3,1.0658141036401503e-14,6.0,27.0,1.2857142857142858,8.95,0.0004434464204172524,30.104769814931476,low,0,-2.722808699243444,0.07726353021951042,7109,30,8,3,0,28,0.1753674556868763,0.14114115316013137,0.14574593243355596,2,13,4,3,102,0.08017053226273216,0.1559398406221534,True,35,130560,0.0,0,v8-development_final-humanitarian-small-low-low-low-random_geometric-private_fragmented-8810001-kpi_change-314c8c128df2-uint8_simplex-frozen_local_rule,kpi_change,1341.4683695068177,14,0,118488,19748,0,167858,29622,development_final,27,0,2026-08-17T05:24:58.298222+00:00,8aa843fd0255d2b3b776d063de6fe71772e336e2e95ebbdedc506d247b70e0f9,13,random_geometric,7109,30,4937,0.5,60,314c8c128df2,120,"{'initial_reference': 24, 'kpi_change': 96}",130.0571586479336,,,,,,,,
28,frozen_local_rule,30,12,0.4663600279068642,humanitarian,5708,15,11,0,864,15,0,2026-08-17T05:25:01.669171+00:00,small,16.0,True,low,589.5724883961493,26,10,5082,25432,23.5,14,14,1.0,0.07957491213007577,4,626,uint8_simplex,8810001,pooled_current_private_evidence_pre_exchange,12361,dynamic_delta,8,0.3333333333333333,5188,low,196760,5608,11,30,24,private_fragmented,3,1.0658141036401503e-14,6.0,24.0,1.2857142857142858,8.575,0.0004368124866906505,30.104769814931476,low,0,-2.722808699243444,0.07631369906051301,7108,30,8,3,0,28,0.1753674556868763,0.14114115316013137,0.14574593243355596,2,13,4,3,102,0.07794430559529439,0.1496835157415421,True,35,147356,0.0,0,v8-development_final-humanitarian-small-low-low-low-random_geometric-private_fragmented-8810001-kpi_change-99bcd7363413-uint8_simplex-frozen_local_rule,kpi_change,1341.4683695068177,14,0,133872,22312,0,189652,33468,development_final,24,0,2026-08-17T05:24:59.534188+00:00,8aa843fd0255d2b3b776d063de6fe71772e336e2e95ebbdedc506d247b70e0f9,13,random_geometric,7108,30,5578,0.5666666666666667,68,99bcd7363413,120,"{'initial_reference': 24, 'kpi_change': 96}",130.0571586479336,,,,,,,,
27,frozen_local_rule,29,12,0.48944574113847633,humanitarian,0,16,9,0,0,16,0,2026-08-17T05:24:58.123163+00:00,small,16.0,True,low,553.3678913439071,19,10,0,0,29.0,14,14,1.0,0.0771986476669732,5,0,uint8_simplex,8810001,pooled_current_private_evidence_pre_exchange,1546,dynamic_delta,7,0.2916666666666667,0,low,5712,24,9,30,20,private_fragmented,3,1.0658141036401503e-14,0.0,0.0,0.0,0.0,0.0,30.56330719632861,low,0,-2.2478296590539446,0.055032346654747336,5712,24,8,1,0,27,0.1763993357401236,0.10286746741093426,0.15316495988314616,2,7,4,1,110,0.06611549716086026,0.1609603653821974,True,32,0,0.0,0,v8-development_final-humanitarian-small-low-low-low-random_geometric-private_fragmented-8810001-none-806ed450405e-uint8_simplex-frozen_local_rule,none,1188.6252493517752,17,0,0,0,0,0,0,development_final,0,0,2026-08-17T05:24:57.333177+00:00,8aa843fd0255d2b3b776d063de6fe71772e336e2e95ebbdedc506d247b70e0f9,13,random_geometric,5712,24,0,0.0,0,806ed450405e,120,{'disabled': 120},115.19852616237127,,,,,,,,
52,frozen_local_rule,52,12,0.48659792438625604,humanitarian,9553,18,31,0,1608,18,0,2026-08-17T05:25:23.811515+00:00,small,16.0,True,low,442.0709558791239,57,10,7825,47464,36.5,24,24,1.0,0.05502515523338315,23,1728,uint8_simplex,8810006,pooled_current_private_evidence_pre_exchange,19161,dynamic_delta,19,0.7916666666666666,8003,medium,311885,8716,31,30,71,private_fragmented,3,4.973799150320701e-14,0.0,12.0,0.0,5.55,0.00046441887670404825,28.395708637385155,high,0,-2.4716154228283482,0.07810893720294482,18159,77,8,12,0,52,0.17923832914443394,0.13535961523469486,0.15243963778754588,1,26,4,12,81,0.06656704621816398,0.11697388944494327,True,65,218586,2.0,0,v8-development_final-humanitarian-small-low-medium-high-small_world-private_fragmented-8810006-always_on-f06f6808d09b-uint8_simplex-frozen_local_rule,always_on,1086.3672274001026,21,0,207336,34556,0,293726,51834,development_final,0,0,2026-08-17T05:25:20.792233+00:00,3851de110292915d66aadf40a64d5eb19d031ded47ac87be4ca56edaf9dddc2c,10,small_world,18159,77,8639,1.0,120,f06f6808d09b,120,"{'always_on': 96, 'initial_reference': 24}",109.709497289984,,,,,,,,
52,frozen_local_rule,52,12,0.49508561868975876,humanitarian,2144,18,31,0,358,18,0,2026-08-17T05:25:23.926986+00:00,small,16.0,True,low,440.3307383165098,51,10,1668,8976,40.42856496760877,24,24,1.0,0.06370348074741838,22,476,uint8_simplex,8810006,pooled_current_private_evidence_pre_exchange,5573,dynamic_delta,19,0.7916666666666666,1694,medium,79275,1909,31,30,66,private_fragmented,3,4.973799150320701e-14,0.0,27.0,0.0,12.55,0.0004872871074802322,29.478799256588125,high,0,-2.33866328443981,0.09175535451825102,16783,71,8,11,0,52,0.18260041162570875,0.14067563713754563,0.15922057139424242,1,22,4,11,86,0.0777294176328347,0.12032730609396265,True,64,47736,2.0,0,v8-development_final-humanitarian-small-low-medium-high-small_world-private_fragmented-8810006-generalized_information-347f2bd91f38-uint8_simplex-frozen_local_rule,generalized_information,1046.002777251634,24,0,44112,7352,0,62492,11028,development_final,55,0,2026-08-17T05:25:22.681850+00:00,3851de110292915d66aadf40a64d5eb19d031ded47ac87be4ca56edaf9dddc2c,10,small_world,16783,71,1838,0.2,24,347f2bd91f38,120,"{'hysteresis_wait': 96, 'initial_reference': 24}",102.80418230314329,,,,,,,,
52,frozen_local_rule,52,12,0.49508561868975876,humanitarian,2144,18,31,0,358,18,0,2026-08-17T05:25:23.337211+00:00,small,16.0,True,low,440.3307383165098,51,10,1668,8976,40.42856496760877,24,24,1.0,0.06370348074741838,22,476,uint8_simplex,8810006,pooled_current_private_evidence_pre_exchange,5573,dynamic_delta,19,0.7916666666666666,1694,medium,79275,1909,31,30,66,private_fragmented,3,4.973799150320701e-14,0.0,27.0,0.0,12.55,0.0004872871074802322,29.478799256588125,high,0,-2.33866328443981,0.09175535451825102,16783,71,8,11,0,52,0.18260041162570875,0.14067563713754563,0.15922057139424242,1,22,4,11,86,0.0777294176328347,0.12032730609396265,True,64,47736,2.0,0,v8-development_final-humanitarian-small-low-medium-high-small_world-private_fragmented-8810006-generalized_information-e25eb5b9df1b-uint8_simplex-frozen_local_rule,generalized_information,1046.002777251634,24,0,44112,7352,0,62492,11028,development_final,55,0,2026-08-17T05:25:22.017905+00:00,3851de110292915d66aadf40a64d5eb19d031ded47ac87be4ca56edaf9dddc2c,10,small_world,16783,71,1838,0.2,24,e25eb5b9df1b,120,"{'hysteresis_wait': 96, 'initial_reference': 24}",102.80418230314329,,,,,,,,
50,frozen_local_rule,50,12,0.48659792438625604,humanitarian,5762,15,32,0,943,15,0,2026-08-17T05:25:25.660972+00:00,small,16.0,True,low,440.51836479802375,53,10,4710,27438,38.0,24,24,1.0,0.06333576160817268,23,1052,uint8_simplex,8810006,pooled_current_private_evidence_pre_exchange,12237,dynamic_delta,19,0.7916666666666666,4800,medium,193708,5263,32,30,69,private_fragmented,3,4.973799150320701e-14,0.0,24.0,0.0,9.525,0.0004783754337920455,24.64646413249472,high,0,-2.4762651304513237,0.08423701936486237,17248,73,8,11,0,50,0.17923832914443394,0.14067563713754563,0.1534892547083419,1,25,4,11,83,0.07378639048651753,0.12095272193418995,True,62,132702,2.0,0,v8-development_final-humanitarian-small-low-medium-high-small_world-private_fragmented-8810006-kpi_change-314c8c128df2-uint8_simplex-frozen_local_rule,kpi_change,1068.9099887164384,22,0,124560,20760,0,176460,31140,development_final,31,0,2026-08-17T05:25:23.444241+00:00,3851de110292915d66aadf40a64d5eb19d031ded47ac87be4ca56edaf9dddc2c,10,small_world,17248,73,5190,0.6,72,314c8c128df2,120,"{'initial_reference': 24, 'kpi_change': 96}",103.32179654578576,,,,,,,,
50,frozen_local_rule,50,12,0.48659792438625604,humanitarian,6459,15,32,0,1057,15,0,2026-08-17T05:25:26.511279+00:00,small,16.0,True,low,440.51836479802375,53,10,5288,31144,38.0,24,24,1.0,0.06324078095168613,23,1171,uint8_simplex,8810006,pooled_current_private_evidence_pre_exchange,13511,dynamic_delta,19,0.7916666666666666,5401,medium,215678,5909,32,30,68,private_fragmented,3,4.973799150320701e-14,0.0,24.0,0.0,9.05,0.00047271513328237853,24.64646413249472,high,0,-2.4762651304513237,0.08298666641560226,17254,73,8,11,0,50,0.17923832914443394,0.14067563713754563,0.1534892547083419,1,25,4,11,83,0.07311372368364419,0.12032730609396265,True,62,148648,2.0,0,v8-development_final-humanitarian-small-low-medium-high-small_world-private_fragmented-8810006-kpi_change-99bcd7363413-uint8_simplex-frozen_local_rule,kpi_change,1068.9099887164384,22,0,140064,23344,0,198424,35016,development_final,28,0,2026-08-17T05:25:24.142003+00:00,3851de110292915d66aadf40a64d5eb19d031ded47ac87be4ca56edaf9dddc2c,10,small_world,17254,73,5836,0.675,81,99bcd7363413,120,"{'initial_reference': 24, 'kpi_change': 96}",103.32179654578576,,,,,,,,
49,frozen_local_rule,49,12,0.49508561868975876,humanitarian,0,20,26,0,0,20,0,2026-08-17T05:25:21.834058+00:00,small,16.0,True,low,445.2889635372839,54,10,0,0,36.92856496760877,24,24,1.0,0.07686266949378094,22,0,uint8_simplex,8810006,pooled_current_private_evidence_pre_exchange,1767,dynamic_delta,19,0.7916666666666666,0,medium,17501,74,26,30,69,private_fragmented,3,4.973799150320701e-14,0.0,0.0,0.0,0.0,0.0,30.32133865299763,high,0,-2.3257194684635474,0.06304770573906884,17501,74,8,12,0,49,0.1665312081811471,0.10228367283052225,0.11840302167553614,1,27,4,12,80,0.06995518761642489,0.13211935070168104,True,62,0,2.0,0,v8-development_final-humanitarian-small-low-medium-high-small_world-private_fragmented-8810006-none-806ed450405e-uint8_simplex-frozen_local_rule,none,1060.0280273219616,22,0,0,0,0,0,0,development_final,0,0,2026-08-17T05:25:21.206817+00:00,3851de110292915d66aadf40a64d5eb19d031ded47ac87be4ca56edaf9dddc2c,10,small_world,17501,74,0,0.0,0,806ed450405e,120,{'disabled': 120},104.17405077693077,,,,,,,,
44,frozen_local_rule,44,12,0.4968560760433979,humanitarian,5461,20,24,0,928,20,0,2026-08-17T05:25:17.824628+00:00,small,16.0,True,medium,734.4485826652864,104,10,4557,41684,33.5,24,24,1.0,0.059617882681551236,20,904,uint8_simplex,8810005,pooled_current_private_evidence_pre_exchange,11979,dynamic_delta,24,1.0,4570,high,200462,5188,24,30,120,private_fragmented,3,8.881784197001252e-15,0.0,21.0,0.0,5.475,0.0006102672429543941,35.59528345905726,medium,0,-3.696886847697312,0.07497892525142981,28150,120,8,13,0,44,0.15330228300385562,0.11949164794853516,0.1313078565190228,10,53,4,13,44,0.06729840396649052,0.11164957095083898,True,67,113254,0.5,0,v8-development_final-humanitarian-small-medium-high-medium-random_geometric-private_fragmented-8810005-always_on-f06f6808d09b-uint8_simplex-frozen_local_rule,always_on,1622.1134025633191,19,0,121632,20272,0,172312,30408,development_final,5,0,2026-08-17T05:25:15.742575+00:00,83f99c0aca77b06f07b392afe6ddbd04959cbbbc67140ed41866970772a39287,11,random_geometric,28150,120,5068,1.0,120,f06f6808d09b,120,"{'always_on': 96, 'initial_reference': 24}",170.84733535564584,,,,,,,,
43,frozen_local_rule,43,12,0.5022551865605839,humanitarian,1167,18,25,0,192,18,0,2026-08-17T05:25:20.638337+00:00,small,16.0,True,medium,743.1993807372844,104,10,941,8194,33.0,24,24,1.0,0.056989614900510153,20,226,uint8_simplex,8810005,pooled_current_private_evidence_pre_exchange,4067,dynamic_delta,24,1.0,951,high,64171,1179,25,30,120,private_fragmented,3,8.881784197001252e-15,0.0,27.0,0.0,12.1,0.0005903156322414661,30.46850448887334,medium,0,-3.7173564413824125,0.07761374954152332,28165,120,8,13,0,43,0.15330228300385562,0.11348158684066288,0.1313078565190228,9,55,4,13,43,0.06730168222101675,0.10862200981561743,True,65,23800,1.0,0,v8-development_final-humanitarian-small-medium-high-medium-random_geometric-private_fragmented-8810005-generalized_information-347f2bd91f38-uint8_simplex-frozen_local_rule,generalized_information,1593.3334727580034,19,0,25416,4236,0,36006,6354,development_final,54,0,2026-08-17T05:25:19.549349+00:00,83f99c0aca77b06f07b392afe6ddbd04959cbbbc67140ed41866970772a39287,11,random_geometric,28165,120,1059,0.2,24,347f2bd91f38,120,"{'hysteresis_wait': 96, 'initial_reference': 24}",163.72911827213892,,,,,,,,
43,frozen_local_rule,43,12,0.5022551865605839,humanitarian,1167,18,25,0,192,18,0,2026-08-17T05:25:20.209448+00:00,small,16.0,True,medium,743.1993807372844,104,10,941,8194,33.0,24,24,1.0,0.056989614900510153,20,226,uint8_simplex,8810005,pooled_current_private_evidence_pre_exchange,4067,dynamic_delta,24,1.0,951,high,64171,1179,25,30,120,private_fragmented,3,8.881784197001252e-15,0.0,27.0,0.0,12.1,0.0005903156322414661,30.46850448887334,medium,0,-3.7173564413824125,0.07761374954152332,28165,120,8,13,0,43,0.15330228300385562,0.11348158684066288,0.1313078565190228,9,55,4,13,43,0.06730168222101675,0.10862200981561743,True,65,23800,1.0,0,v8-development_final-humanitarian-small-medium-high-medium-random_geometric-private_fragmented-8810005-generalized_information-e25eb5b9df1b-uint8_simplex-frozen_local_rule,generalized_information,1593.3334727580034,19,0,25416,4236,0,36006,6354,development_final,54,0,2026-08-17T05:25:19.126317+00:00,83f99c0aca77b06f07b392afe6ddbd04959cbbbc67140ed41866970772a39287,11,random_geometric,28165,120,1059,0.2,24,e25eb5b9df1b,120,"{'hysteresis_wait': 96, 'initial_reference': 24}",163.72911827213892,,,,,,,,
46,frozen_local_rule,46,12,0.5040899002209689,humanitarian,3623,20,26,0,587,20,0,2026-08-17T05:25:21.375824+00:00,small,16.0,True,medium,742.3870478224866,104,10,3007,27302,37.0,24,24,1.0,0.05866189545951735,20,616,uint8_simplex,8810005,pooled_current_private_evidence_pre_exchange,8595,dynamic_delta,24,1.0,3021,high,142029,3469,26,30,120,private_fragmented,3,1.0658141036401503e-14,0.0,24.0,0.0,7.85,0.0005982021315356775,34.35412102618527,medium,0,-3.631680740925879,0.07463098900139815,28163,120,8,13,0,46,0.15330228300385562,0.11949164794853516,0.1313078565190228,10,51,4,13,46,0.06664644223045775,0.11060186968586244,True,69,74936,1.0,0,v8-development_final-humanitarian-small-medium-high-medium-random_geometric-private_fragmented-8810005-kpi_change-314c8c128df2-uint8_simplex-frozen_local_rule,kpi_change,1576.2634051991142,21,0,80376,13396,0,113866,20094,development_final,19,0,2026-08-17T05:25:19.750948+00:00,83f99c0aca77b06f07b392afe6ddbd04959cbbbc67140ed41866970772a39287,11,random_geometric,28163,120,3349,0.6583333333333333,79,314c8c128df2,120,"{'initial_reference': 24, 'kpi_change': 96}",165.89093385792177,,,,,,,,
46,frozen_local_rule,46,12,0.5040899002209689,humanitarian,3790,20,26,0,614,20,0,2026-08-17T05:25:22.044607+00:00,small,16.0,True,medium,742.3870478224866,104,10,3142,28662,37.0,24,24,1.0,0.05945805083896711,20,648,uint8_simplex,8810005,pooled_current_private_evidence_pre_exchange,8897,dynamic_delta,24,1.0,3164,high,147302,3624,26,30,120,private_fragmented,3,1.0658141036401503e-14,0.0,24.0,0.0,8.15,0.0005938845775132512,34.35412102618527,medium,0,-3.631680740925879,0.07509045860163806,28166,120,8,13,0,46,0.15330228300385562,0.11949164794853516,0.1313078565190228,10,51,4,13,46,0.06727425472030256,0.11060186968586244,True,69,78166,1.0,0,v8-development_final-humanitarian-small-medium-high-medium-random_geometric-private_fragmented-8810005-kpi_change-99bcd7363413-uint8_simplex-frozen_local_rule,kpi_change,1576.2634051991142,21,0,84096,14016,0,119136,21024,development_final,21,0,2026-08-17T05:25:20.274440+00:00,83f99c0aca77b06f07b392afe6ddbd04959cbbbc67140ed41866970772a39287,11,random_geometric,28166,120,3504,0.6916666666666667,83,99bcd7363413,120,"{'initial_reference': 24, 'kpi_change': 96}",165.89093385792177,,,,,,,,
44,frozen_local_rule,44,12,0.5075897465988832,humanitarian,0,18,26,0,0,18,0,2026-08-17T05:25:18.931479+00:00,small,16.0,True,medium,904.5309705869837,104,10,0,0,31.5,24,24,1.0,0.10089229631276429,20,0,uint8_simplex,8810005,pooled_current_private_evidence_pre_exchange,1961,dynamic_delta,23,0.9583333333333334,0,high,28184,120,26,30,120,private_fragmented,3,8.881784197001252e-15,0.0,0.0,0.0,0.0,0.0,28.63659022539795,medium,0,-4.222747902261015,0.07595773182189396,28184,120,8,14,0,44,0.15885523958270137,0.11242871763109388,0.13076254966081508,9,53,4,14,44,0.08842501406732911,0.16194993036082192,True,67,0,1.0,0,v8-development_final-humanitarian-small-medium-high-medium-random_geometric-private_fragmented-8810005-none-806ed450405e-uint8_simplex-frozen_local_rule,none,1754.4886193854034,18,0,0,0,0,0,0,development_final,0,0,2026-08-17T05:25:18.217299+00:00,83f99c0aca77b06f07b392afe6ddbd04959cbbbc67140ed41866970772a39287,17,random_geometric,28184,120,0,0.0,0,806ed450405e,120,{'disabled': 120},176.9355227443071,,,,,,,,
47,frozen_local_rule,50,12,0.49586247382998677,humanitarian,3971,23,23,0,708,23,0,2026-08-17T05:25:26.417456+00:00,small,16.0,True,medium,846.963274542336,44,10,3266,33354,34.15565262460848,18,18,1.0,0.07110925354310389,14,705,uint8_simplex,8810007,pooled_current_private_evidence_pre_exchange,8900,dynamic_delta,8,0.3333333333333333,3193,low,133292,3645,23,30,35,private_fragmented,3,1.4210854715202004e-14,6.0,21.0,1.6666666666666667,6.45,0.000699748926578116,40.602944298925394,high,0,-4.179779038819063,0.0749437007120019,10926,46,8,4,0,47,0.21100776074478053,0.16144458316558813,0.16753795404778596,1,11,4,4,104,0.07302647712755289,0.16679494357959362,True,55,77690,2.5,0,v8-development_final-humanitarian-small-medium-low-high-random_geometric-private_fragmented-8810007-always_on-f06f6808d09b-uint8_simplex-frozen_local_rule,always_on,1797.0616529271256,22,0,86376,14396,0,122366,21594,development_final,12,0,2026-08-17T05:25:24.723729+00:00,749c7763b1dcd7e402586efa1d3073eb542b48747b65d61ffd720ed9a279dac1,23,random_geometric,10926,46,3599,1.0,120,f06f6808d09b,120,"{'always_on': 96, 'initial_reference': 24}",179.03685221142965,,,,,,,,
49,frozen_local_rule,52,12,0.4976113372576647,humanitarian,900,24,24,0,160,24,0,2026-08-17T05:25:28.687954+00:00,small,16.0,True,medium,843.3621723724976,41,10,755,7310,34.15565262460848,18,18,1.0,0.08824285485293497,14,145,uint8_simplex,8810007,pooled_current_private_evidence_pre_exchange,3309,dynamic_delta,8,0.3333333333333333,737,low,38423,872,24,30,31,private_fragmented,3,1.4210854715202004e-14,12.0,27.0,2.0,12.425,0.0007043736000351557,42.39981322058564,high,0,-4.077544403008837,0.09727062937227099,10237,43,8,3,0,49,0.21100776074478053,0.16248172473545613,0.169062528960169,1,10,4,3,106,0.09275674211260299,0.15111182975395496,True,56,18360,3.0,0,v8-development_final-humanitarian-small-medium-low-high-random_geometric-private_fragmented-8810007-generalized_information-347f2bd91f38-uint8_simplex-frozen_local_rule,generalized_information,1761.4531535333895,22,0,19896,3316,0,28186,4974,development_final,54,0,2026-08-17T05:25:27.746790+00:00,749c7763b1dcd7e402586efa1d3073eb542b48747b65d61ffd720ed9a279dac1,23,random_geometric,10237,43,829,0.2,24,347f2bd91f38,120,"{'hysteresis_wait': 96, 'initial_reference': 24}",174.64235324139284,,,,,,,,
49,frozen_local_rule,52,12,0.4976113372576647,humanitarian,900,24,24,0,160,24,0,2026-08-17T05:25:28.560136+00:00,small,16.0,True,medium,843.3621723724976,41,10,755,7310,34.15565262460848,18,18,1.0,0.08824285485293497,14,145,uint8_simplex,8810007,pooled_current_private_evidence_pre_exchange,3309,dynamic_delta,8,0.3333333333333333,737,low,38423,872,24,30,31,private_fragmented,3,1.4210854715202004e-14,12.0,27.0,2.0,12.425,0.0007043736000351557,42.39981322058564,high,0,-4.077544403008837,0.09727062937227099,10237,43,8,3,0,49,0.21100776074478053,0.16248172473545613,0.169062528960169,1,10,4,3,106,0.09275674211260299,0.15111182975395496,True,56,18360,3.0,0,v8-development_final-humanitarian-small-medium-low-high-random_geometric-private_fragmented-8810007-generalized_information-e25eb5b9df1b-uint8_simplex-frozen_local_rule,generalized_information,1761.4531535333895,22,0,19896,3316,0,28186,4974,development_final,54,0,2026-08-17T05:25:27.614926+00:00,749c7763b1dcd7e402586efa1d3073eb542b48747b65d61ffd720ed9a279dac1,23,random_geometric,10237,43,829,0.2,24,e25eb5b9df1b,120,"{'hysteresis_wait': 96, 'initial_reference': 24}",174.64235324139284,,,,,,,,
47,frozen_local_rule,50,12,0.49586247382998677,humanitarian,2183,23,23,0,400,23,0,2026-08-17T05:25:28.991931+00:00,small,16.0,True,medium,850.3873617041309,43,10,1787,17748,30.65565262460848,18,18,1.0,0.08532155050324158,14,396,uint8_simplex,8810007,pooled_current_private_evidence_pre_exchange,5628,dynamic_delta,8,0.3333333333333333,1746,low,77640,2014,23,30,33,private_fragmented,3,1.4210854715202004e-14,12.0,27.0,2.0,9.625,0.0006910960857081981,39.338788816095665,high,0,-4.110252059766791,0.08495968403452318,10694,45,8,4,0,47,0.21100776074478053,0.16149457179709328,0.16753795404778596,1,10,4,4,105,0.08514061726888238,0.1507354943176459,True,55,43010,2.5,0,v8-development_final-humanitarian-small-medium-low-high-random_geometric-private_fragmented-8810007-kpi_change-314c8c128df2-uint8_simplex-frozen_local_rule,kpi_change,1762.9300209919334,20,0,47256,7876,0,66946,11814,development_final,33,0,2026-08-17T05:25:27.784272+00:00,749c7763b1dcd7e402586efa1d3073eb542b48747b65d61ffd720ed9a279dac1,23,random_geometric,10694,45,1969,0.525,63,314c8c128df2,120,"{'initial_reference': 24, 'kpi_change': 96}",174.83450076259803,,,,,,,,
47,frozen_local_rule,50,12,0.49586247382998677,humanitarian,2349,23,23,0,412,23,0,2026-08-17T05:25:29.982912+00:00,small,16.0,True,medium,850.3873617041309,42,10,1930,19482,30.65565262460848,18,18,1.0,0.08427746585222895,14,419,uint8_simplex,8810007,pooled_current_private_evidence_pre_exchange,5933,dynamic_delta,8,0.3333333333333333,1883,low,82754,2170,23,30,32,private_fragmented,3,1.4210854715202004e-14,6.0,27.0,1.6666666666666667,9.575,0.0006964356565295787,39.338788816095665,high,0,-4.110252059766791,0.08347153967251872,10470,44,8,4,0,47,0.21100776074478053,0.16149457179709328,0.16753795404778596,1,9,4,4,106,0.08387450276237382,0.156175821523477,True,55,46138,2.5,0,v8-development_final-humanitarian-small-medium-low-high-random_geometric-private_fragmented-8810007-kpi_change-99bcd7363413-uint8_simplex-frozen_local_rule,kpi_change,1762.9300209919334,20,0,51024,8504,0,72284,12756,development_final,34,0,2026-08-17T05:25:28.637741+00:00,749c7763b1dcd7e402586efa1d3073eb542b48747b65d61ffd720ed9a279dac1,23,random_geometric,10470,44,2126,0.5833333333333334,70,99bcd7363413,120,"{'initial_reference': 24, 'kpi_change': 96}",174.83450076259803,,,,,,,,
48,frozen_local_rule,51,12,0.4976113372576647,humanitarian,0,25,22,0,0,25,0,2026-08-17T05:25:27.573952+00:00,small,16.0,True,medium,852.2349915616533,38,10,0,0,32.15565262460848,18,18,1.0,0.0623852840060083,12,0,uint8_simplex,8810007,pooled_current_private_evidence_pre_exchange,1642,dynamic_delta,8,0.3333333333333333,0,low,9514,40,22,30,28,private_fragmented,3,1.4210854715202004e-14,0.0,0.0,0.0,0.0,0.0,43.171641050668924,high,0,-4.113896672547847,0.04781085761271734,9514,40,8,4,0,48,0.16777795630026537,0.07726927392414863,0.10242327560170436,1,10,4,4,105,0.05509807080936282,0.13616217355520532,True,56,0,3.0,0,v8-development_final-humanitarian-small-medium-low-high-random_geometric-private_fragmented-8810007-none-806ed450405e-uint8_simplex-frozen_local_rule,none,1785.7437977690054,21,0,0,0,0,0,0,development_final,0,0,2026-08-17T05:25:26.935794+00:00,749c7763b1dcd7e402586efa1d3073eb542b48747b65d61ffd720ed9a279dac1,23,random_geometric,9514,40,0,0.0,0,806ed450405e,120,{'disabled': 120},176.9506312115752,,,,,,,,
51,frozen_local_rule,55,12,0.48104525331372755,humanitarian,10049,20,30,0,1733,20,0,2026-08-17T05:25:02.826231+00:00,small,16.0,True,medium,547.7378256219426,55,10,8483,47362,39.0,22,22,1.0,0.05548991455017802,24,1566,uint8_simplex,8810002,pooled_current_private_evidence_pre_exchange,20315,dynamic_delta,19,0.7916666666666666,8687,medium,335916,9429,30,30,68,private_fragmented,3,4.263256414560601e-14,0.0,12.0,0.0,4.85,0.0004267640938653792,38.25595437424151,medium,0,-3.291960898738886,0.07373973446494417,17914,76,8,5,0,51,0.17291023237320532,0.13268362328975372,0.14590106256433796,3,28,4,5,84,0.0646148245075611,0.12017178264401317,True,63,241060,0.5,0,v8-development_final-humanitarian-small-medium-medium-medium-small_world-private_fragmented-8810002-always_on-f06f6808d09b-uint8_simplex-frozen_local_rule,always_on,1435.5085339955797,22,0,224472,37412,0,318002,56118,development_final,0,0,2026-08-17T05:24:59.631399+00:00,74ea39814d96b9285606deeb84aaa44fd0698f4cbcc1742b36a3d4c6c90d470d,13,small_world,17914,76,9353,1.0,120,f06f6808d09b,120,"{'always_on': 96, 'initial_reference': 24}",138.10034517429904,,,,,,,,
50,frozen_local_rule,56,12,0.47376061824304655,humanitarian,2110,19,29,0,369,19,0,2026-08-17T05:25:04.879465+00:00,small,16.0,True,medium,566.2387820680062,50,10,1739,8976,38.5,22,22,1.0,0.06620701211324222,23,371,uint8_simplex,8810002,pooled_current_private_evidence_pre_exchange,5603,dynamic_delta,19,0.7916666666666666,1783,medium,81823,1996,29,30,62,private_fragmented,3,6.039613253960852e-14,0.0,27.0,0.0,12.575,0.00044063198568590576,38.88264884261669,medium,0,-3.1647640094096596,0.09176108304317268,16305,69,8,5,0,50,0.17291023237320532,0.14009937110916862,0.1459868822809038,3,21,4,5,91,0.07898404757820746,0.12505735271278892,True,64,50150,1.0,0,v8-development_final-humanitarian-small-medium-medium-medium-small_world-private_fragmented-8810002-generalized_information-347f2bd91f38-uint8_simplex-frozen_local_rule,generalized_information,1389.2749288042992,22,0,46248,7708,0,65518,11562,development_final,55,0,2026-08-17T05:25:03.633493+00:00,74ea39814d96b9285606deeb84aaa44fd0698f4cbcc1742b36a3d4c6c90d470d,13,small_world,16305,69,1927,0.2,24,347f2bd91f38,120,"{'hysteresis_wait': 96, 'initial_reference': 24}",138.64011421125267,,,,,,,,
50,frozen_local_rule,56,12,0.47376061824304655,humanitarian,2110,19,29,0,369,19,0,2026-08-17T05:25:04.293526+00:00,small,16.0,True,medium,566.2387820680062,50,10,1739,8976,38.5,22,22,1.0,0.06620701211324222,23,371,uint8_simplex,8810002,pooled_current_private_evidence_pre_exchange,5603,dynamic_delta,19,0.7916666666666666,1783,medium,81823,1996,29,30,62,private_fragmented,3,6.039613253960852e-14,0.0,27.0,0.0,12.575,0.00044063198568590576,38.88264884261669,medium,0,-3.1647640094096596,0.09176108304317268,16305,69,8,5,0,50,0.17291023237320532,0.14009937110916862,0.1459868822809038,3,21,4,5,91,0.07898404757820746,0.12505735271278892,True,64,50150,1.0,0,v8-development_final-humanitarian-small-medium-medium-medium-small_world-private_fragmented-8810002-generalized_information-e25eb5b9df1b-uint8_simplex-frozen_local_rule,generalized_information,1389.2749288042992,22,0,46248,7708,0,65518,11562,development_final,55,0,2026-08-17T05:25:03.018148+00:00,74ea39814d96b9285606deeb84aaa44fd0698f4cbcc1742b36a3d4c6c90d470d,13,small_world,16305,69,1927,0.2,24,e25eb5b9df1b,120,"{'hysteresis_wait': 96, 'initial_reference': 24}",138.64011421125267,,,,,,,,
52,frozen_local_rule,58,12,0.482104399895018,humanitarian,6132,21,29,0,1049,21,0,2026-08-17T05:25:06.588730+00:00,small,16.0,True,medium,560.1693520490559,56,10,5169,27642,39.0,22,22,1.0,0.05758317704906561,23,963,uint8_simplex,8810002,pooled_current_private_evidence_pre_exchange,13090,dynamic_delta,19,0.7916666666666666,5264,medium,211049,5750,29,30,69,private_fragmented,3,5.684341886080802e-14,0.0,27.0,0.0,8.8,0.00042661159423351485,42.59208889614787,medium,0,-3.2143893541512885,0.0788873901205607,18167,77,8,5,0,52,0.17291023237320532,0.13658076714456674,0.1459868822809038,4,23,4,5,88,0.06823528358481316,0.12487244516406548,True,67,148104,0.5,0,v8-development_final-humanitarian-small-medium-medium-medium-small_world-private_fragmented-8810002-kpi_change-314c8c128df2-uint8_simplex-frozen_local_rule,kpi_change,1421.544857194692,22,0,136152,22692,0,192882,34038,development_final,23,0,2026-08-17T05:25:04.220583+00:00,74ea39814d96b9285606deeb84aaa44fd0698f4cbcc1742b36a3d4c6c90d470d,13,small_world,18167,77,5673,0.6,72,314c8c128df2,120,"{'initial_reference': 24, 'kpi_change': 96}",142.79530667598766,,,,,,,,
52,frozen_local_rule,58,12,0.482104399895018,humanitarian,6348,21,29,0,1070,21,0,2026-08-17T05:25:07.443131+00:00,small,16.0,True,medium,560.1693520490559,56,10,5348,28832,39.0,22,22,1.0,0.05711210662894078,23,1000,uint8_simplex,8810002,pooled_current_private_evidence_pre_exchange,13485,dynamic_delta,19,0.7916666666666666,5453,medium,217884,5951,29,30,69,private_fragmented,3,5.684341886080802e-14,0.0,27.0,0.0,8.75,0.0004266161258927305,42.59208889614787,medium,0,-3.2143893541512885,0.07876348599475311,18168,77,8,5,0,52,0.17291023237320532,0.13658076714456674,0.1459868822809038,4,23,4,5,88,0.06793779631184696,0.12487244516406548,True,67,153000,0.5,0,v8-development_final-humanitarian-small-medium-medium-medium-small_world-private_fragmented-8810002-kpi_change-99bcd7363413-uint8_simplex-frozen_local_rule,kpi_change,1421.544857194692,22,0,140976,23496,0,199716,35244,development_final,23,0,2026-08-17T05:25:05.104584+00:00,74ea39814d96b9285606deeb84aaa44fd0698f4cbcc1742b36a3d4c6c90d470d,13,small_world,18168,77,5874,0.625,75,99bcd7363413,120,"{'initial_reference': 24, 'kpi_change': 96}",142.79530667598766,,,,,,,,
50,frozen_local_rule,57,12,0.4976837139130653,humanitarian,0,21,27,0,0,21,0,2026-08-17T05:25:02.808868+00:00,small,16.0,True,medium,577.510376305212,52,10,0,0,40.5,22,22,1.0,0.0835389338296982,23,0,uint8_simplex,8810002,pooled_current_private_evidence_pre_exchange,1758,dynamic_delta,20,0.8333333333333334,0,medium,16531,70,27,30,63,private_fragmented,3,5.3290705182007514e-14,0.0,0.0,0.0,0.0,0.0,39.3574459774605,medium,0,-2.9542867666744606,0.06350423933346454,16531,70,8,4,0,50,0.16268724408992175,0.10869592426824434,0.12268474506813586,4,22,4,4,90,0.07352158658158135,0.1349629375207826,True,65,0,0.5,0,v8-development_final-humanitarian-small-medium-medium-medium-small_world-private_fragmented-8810002-none-806ed450405e-uint8_simplex-frozen_local_rule,none,1312.1165790183459,23,0,0,0,0,0,0,development_final,0,0,2026-08-17T05:25:02.159386+00:00,74ea39814d96b9285606deeb84aaa44fd0698f4cbcc1742b36a3d4c6c90d470d,13,small_world,16531,70,0,0.0,0,806ed450405e,120,{'disabled': 120},135.69957583674022,,,,,,,,
154,frozen_local_rule,183,52,,utility_restoration,24524,72,44,38,2402,72,,2026-08-17T05:49:23.450625+00:00,large,52.0,True,high,,235,20,20730,457878,,156,156,1.0,0.05916699346028355,118,3794,uint8_simplex,8811019,pooled_current_private_evidence_pre_exchange,60517,dynamic_delta,146,0.9358974358974359,19597,high,950179,23565,44,100,706,private_fragmented,3,9.023892744153272e-13,15.0,90.0,0.28846153846153844,22.08173076923077,0.0008626435347780882,13.420876568695451,high,38,-0.60984891249915,0.06901404103967132,174401,748,30,197,0,154,0.1858456022472976,0.10766939094567249,0.11924241821549475,6,438,4,197,399,0.06409051724997746,0.127863443596356,True,386,246942,,0,v8-development_final-utility_restoration-large-high-high-high-grid-private_fragmented-8811019-always_on-f06f6808d09b-uint8_simplex-frozen_local_rule,always_on,3552.572586291844,13,0,547608,91268,0,775778,136902,development_final,867,0,2026-08-17T05:49:08.741369+00:00,00861f656ad29c0d8fdd9c0c3a871e775d11894e27d9a008f48f83afc2f80a09,,grid,174401,748,22817,1.0,1040,f06f6808d09b,1040,"{'always_on': 884, 'initial_reference': 156}",,0.8105340745656967,34,33.0,0.0,5,40.333333333333336,39,1671.078584631025
156,frozen_local_rule,185,52,,utility_restoration,13867,73,44,39,1403,73,,2026-08-17T05:49:54.828630+00:00,large,52.0,True,high,,234,20,12013,261460,,156,156,1.0,0.06176508594850648,115,1854,uint8_simplex,8811019,pooled_current_private_evidence_pre_exchange,41112,dynamic_delta,146,0.9358974358974359,11410,high,621353,13945,44,100,696,private_fragmented,3,9.023892744153272e-13,15.0,90.0,0.28846153846153844,28.64423076923077,0.0008351100624843025,13.580876568695452,high,39,-0.6097768922107846,0.07086217415563414,172349,739,30,194,0,156,0.1858456022472976,0.10975672058065947,0.12189254783423302,6,435,4,194,405,0.0663136300520703,0.12986472463040655,True,385,146982,,0,v8-development_final-utility_restoration-large-high-high-high-grid-private_fragmented-8811019-generalized_information-347f2bd91f38-uint8_simplex-frozen_local_rule,generalized_information,3552.572586291844,13,0,316944,52824,0,449004,79236,development_final,862,0,2026-08-17T05:49:42.494969+00:00,00861f656ad29c0d8fdd9c0c3a871e775d11894e27d9a008f48f83afc2f80a09,,grid,172349,739,13206,0.551923076923077,574,347f2bd91f38,1040,"{'hysteresis_wait': 466, 'initial_reference': 156, 'maximum_silence': 416, 'partition_recovery': 2}",,0.8105340745656967,34,33.0,0.0,5,40.333333333333336,39,1671.078584631025
156,frozen_local_rule,185,52,,utility_restoration,13867,73,44,39,1403,73,,2026-08-17T05:49:51.072709+00:00,large,52.0,True,high,,234,20,12013,261460,,156,156,1.0,0.06176508594850648,115,1854,uint8_simplex,8811019,pooled_current_private_evidence_pre_exchange,41112,dynamic_delta,146,0.9358974358974359,11410,high,621353,13945,44,100,696,private_fragmented,3,9.023892744153272e-13,15.0,90.0,0.28846153846153844,28.64423076923077,0.0008351100624843025,13.580876568695452,high,39,-0.6097768922107846,0.07086217415563414,172349,739,30,194,0,156,0.1858456022472976,0.10975672058065947,0.12189254783423302,6,435,4,194,405,0.0663136300520703,0.12986472463040655,True,385,146982,,0,v8-development_final-utility_restoration-large-high-high-high-grid-private_fragmented-8811019-generalized_information-e25eb5b9df1b-uint8_simplex-frozen_local_rule,generalized_information,3552.572586291844,13,0,316944,52824,0,449004,79236,development_final,862,0,2026-08-17T05:49:39.172115+00:00,00861f656ad29c0d8fdd9c0c3a871e775d11894e27d9a008f48f83afc2f80a09,,grid,172349,739,13206,0.551923076923077,574,e25eb5b9df1b,1040,"{'hysteresis_wait': 466, 'initial_reference': 156, 'maximum_silence': 416, 'partition_recovery': 2}",,0.8105340745656967,34,33.0,0.0,5,40.333333333333336,39,1671.078584631025
156,frozen_local_rule,183,52,,utility_restoration,17744,72,44,40,1736,72,,2026-08-17T05:49:55.735969+00:00,large,52.0,True,high,,235,20,14986,331364,,156,156,1.0,0.06026329252947559,115,2758,uint8_simplex,8811019,pooled_current_private_evidence_pre_exchange,47993,dynamic_delta,146,0.9358974358974359,14170,high,734598,17235,44,100,704,private_fragmented,3,9.023892744153272e-13,15.0,90.0,0.28846153846153844,27.216346153846153,0.0008621368583389022,13.420876568695451,high,40,-0.60984891249915,0.06976775112990743,173972,746,30,197,0,156,0.1858456022472976,0.10803851970866965,0.12081730816432963,6,438,4,197,399,0.06501552182969152,0.1282777755641402,True,386,178160,,0,v8-development_final-utility_restoration-large-high-high-high-grid-private_fragmented-8811019-kpi_change-314c8c128df2-uint8_simplex-frozen_local_rule,kpi_change,3552.572586291844,13,0,395736,65956,0,560626,98934,development_final,863,0,2026-08-17T05:49:43.150900+00:00,00861f656ad29c0d8fdd9c0c3a871e775d11894e27d9a008f48f83afc2f80a09,,grid,173972,746,16489,0.7336538461538461,763,314c8c128df2,1040,"{'initial_reference': 156, 'kpi_change': 659, 'maximum_silence': 223, 'partition_recovery': 2}",,0.8105340745656967,34,33.0,0.0,5,40.333333333333336,39,1671.078584631025
156,frozen_local_rule,183,52,,utility_restoration,18527,72,44,40,1809,72,,2026-08-17T05:50:10.198191+00:00,large,52.0,True,high,,235,20,15656,346392,,156,156,1.0,0.06025651971120488,115,2871,uint8_simplex,8811019,pooled_current_private_evidence_pre_exchange,49450,dynamic_delta,146,0.9358974358974359,14809,high,760095,17979,44,100,705,private_fragmented,3,9.023892744153272e-13,15.0,90.0,0.28846153846153844,26.740384615384617,0.0008586223370029674,13.420876568695451,high,40,-0.60984891249915,0.06975204720847879,174207,747,30,197,0,156,0.1858456022472976,0.10768661996327428,0.12012324013664799,6,439,4,197,398,0.06500428345984184,0.127863443596356,True,386,185912,,0,v8-development_final-utility_restoration-large-high-high-high-grid-private_fragmented-8811019-kpi_change-99bcd7363413-uint8_simplex-frozen_local_rule,kpi_change,3552.572586291844,13,0,413568,68928,0,585888,103392,development_final,865,0,2026-08-17T05:49:56.996816+00:00,00861f656ad29c0d8fdd9c0c3a871e775d11894e27d9a008f48f83afc2f80a09,,grid,174207,747,17232,0.7653846153846153,796,99bcd7363413,1040,"{'initial_reference': 156, 'kpi_change': 684, 'maximum_silence': 198, 'partition_recovery': 2}",,0.8105340745656967,34,33.0,0.0,5,40.333333333333336,39,1671.078584631025
160,frozen_local_rule,189,52,,utility_restoration,0,75,44,41,0,75,,2026-08-17T05:49:41.061556+00:00,large,52.0,True,high,,235,20,0,0,,156,156,1.0,0.12857302934472678,104,0,uint8_simplex,8811019,pooled_current_private_evidence_pre_exchange,15269,dynamic_delta,146,0.9358974358974359,0,high,173235,743,44,100,700,private_fragmented,3,9.023892744153272e-13,15.0,0.0,0.09615384615384616,0.0,0.0,13.705980877335927,high,41,-0.6106686184849528,0.08635921482140167,173235,743,30,193,0,160,0.19376448715455655,0.12753806540641519,0.13909924542784427,6,435,4,193,406,0.10746612208306422,0.15195230164887608,True,388,0,,0,v8-development_final-utility_restoration-large-high-high-high-grid-private_fragmented-8811019-none-806ed450405e-uint8_simplex-frozen_local_rule,none,3552.572586291844,13,0,0,0,0,0,0,development_final,0,0,2026-08-17T05:49:32.962616+00:00,00861f656ad29c0d8fdd9c0c3a871e775d11894e27d9a008f48f83afc2f80a09,,grid,173235,743,0,0.0,0,806ed450405e,1040,{'disabled': 1040},,0.8105340745656967,34,33.0,0.0,5,40.333333333333336,39,1671.078584631025
279,frozen_local_rule,290,52,,utility_restoration,196692,127,107,45,25506,127,,2026-08-17T05:55:30.346889+00:00,large,42.0,True,high,,464,20,168852,1657772,,138,138,1.0,0.0394992672706656,65,27840,uint8_simplex,8811024,pooled_current_private_evidence_pre_exchange,380905,dynamic_delta,150,0.9615384615384616,182171,high,6545256,188429,107,100,652,private_fragmented,3,9.023892744153272e-13,0.0,60.0,0.0,17.76923076923077,0.00018137673732129556,12.5255793559176,medium,45,-0.2503135383982612,0.0555877191342446,162130,690,30,66,0,279,0.15311945346289477,0.09677825586122728,0.1084527659610268,30,394,4,66,550,0.0475434932024551,0.11018650896568392,True,386,4083196,,0,v8-development_final-utility_restoration-large-high-high-medium-scale_free-private_fragmented-8811024-always_on-f06f6808d09b-uint8_simplex-frozen_local_rule,always_on,1526.2269950184464,32,0,4505736,750956,0,6383126,1126434,development_final,884,0,2026-08-17T05:54:31.700948+00:00,511676092b14313d4d3fa5d45d00b883896c5ebb1b758b3c3cfde763f7c73947,,scale_free,162130,690,187739,1.0,1040,f06f6808d09b,1040,"{'always_on': 884, 'initial_reference': 156}",,0.8140923776512424,57,36.0,0.0,1,50.333333333333336,100,863.1848027575018
285,frozen_local_rule,293,52,,utility_restoration,109475,127,114,44,14403,127,,2026-08-17T05:55:24.653122+00:00,large,52.0,True,high,,467,20,95351,920618,,138,138,1.0,0.03990474223525538,62,14124,uint8_simplex,8811024,pooled_current_private_evidence_pre_exchange,220223,dynamic_delta,150,0.9615384615384616,102876,high,3765896,106660,114,100,659,private_fragmented,3,9.023892744153272e-13,0.0,90.0,0.0,25.673076923076923,0.00017988616408022706,10.901527483935526,medium,44,-0.2576036883015299,0.058632679504585915,163052,694,30,65,0,285,0.15311945346289477,0.10131919413448184,0.11022460203255795,27,391,4,65,557,0.049268710869920636,0.11018650896568392,True,385,2321316,,0,v8-development_final-utility_restoration-large-high-high-medium-scale_free-private_fragmented-8811024-generalized_information-347f2bd91f38-uint8_simplex-frozen_local_rule,generalized_information,1533.0133870739785,32,0,2543184,423864,0,3602844,635796,development_final,884,0,2026-08-17T05:54:47.601999+00:00,511676092b14313d4d3fa5d45d00b883896c5ebb1b758b3c3cfde763f7c73947,,scale_free,163052,694,105966,0.55,572,347f2bd91f38,1040,"{'hysteresis_wait': 468, 'initial_reference': 156, 'maximum_silence': 416}",,0.8140923776512424,57,36.0,0.0,1,50.333333333333336,108,863.1848027575018
285,frozen_local_rule,293,52,,utility_restoration,109475,127,114,44,14403,127,,2026-08-17T05:55:24.025700+00:00,large,52.0,True,high,,467,20,95351,920618,,138,138,1.0,0.03990474223525538,62,14124,uint8_simplex,8811024,pooled_current_private_evidence_pre_exchange,220223,dynamic_delta,150,0.9615384615384616,102876,high,3765896,106660,114,100,659,private_fragmented,3,9.023892744153272e-13,0.0,90.0,0.0,25.673076923076923,0.00017988616408022706,10.901527483935526,medium,44,-0.2576036883015299,0.058632679504585915,163052,694,30,65,0,285,0.15311945346289477,0.10131919413448184,0.11022460203255795,27,391,4,65,557,0.049268710869920636,0.11018650896568392,True,385,2321316,,0,v8-development_final-utility_restoration-large-high-high-medium-scale_free-private_fragmented-8811024-generalized_information-e25eb5b9df1b-uint8_simplex-frozen_local_rule,generalized_information,1533.0133870739785,32,0,2543184,423864,0,3602844,635796,development_final,884,0,2026-08-17T05:54:46.969894+00:00,511676092b14313d4d3fa5d45d00b883896c5ebb1b758b3c3cfde763f7c73947,,scale_free,163052,694,105966,0.55,572,e25eb5b9df1b,1040,"{'hysteresis_wait': 468, 'initial_reference': 156, 'maximum_silence': 416}",,0.8140923776512424,57,36.0,0.0,1,50.333333333333336,108,863.1848027575018
282,frozen_local_rule,292,52,,utility_restoration,147465,127,110,45,19263,127,,2026-08-17T05:55:50.603491+00:00,large,42.0,True,high,,464,20,127450,1238416,,138,138,1.0,0.041045210886307776,65,20015,uint8_simplex,8811024,pooled_current_private_evidence_pre_exchange,290294,dynamic_delta,150,0.9615384615384616,137443,high,4979129,142350,110,100,655,private_fragmented,3,9.023892744153272e-13,0.0,90.0,0.0,26.682692307692307,0.00018284264213811377,11.865579355917607,medium,45,-0.25286964561025727,0.05666492289039136,162791,693,30,68,0,282,0.15311945346289477,0.09675725652041689,0.10683229826607163,29,393,4,68,550,0.04885506688834956,0.11018650896568392,True,389,3094884,,0,v8-development_final-utility_restoration-large-high-high-medium-scale_free-private_fragmented-8811024-kpi_change-314c8c128df2-uint8_simplex-frozen_local_rule,kpi_change,1526.2269950184461,32,0,3399768,566628,0,4816338,849942,development_final,884,0,2026-08-17T05:55:04.166226+00:00,511676092b14313d4d3fa5d45d00b883896c5ebb1b758b3c3cfde763f7c73947,,scale_free,162791,693,141657,0.7432692307692308,773,314c8c128df2,1040,"{'initial_reference': 156, 'kpi_change': 648, 'maximum_silence': 236}",,0.8140923776512424,57,34.0,0.0,1,55.333333333333336,103,863.1848027575018
282,frozen_local_rule,292,52,,utility_restoration,152743,127,111,44,19932,127,,2026-08-17T05:56:46.759420+00:00,large,42.0,True,high,,465,20,131828,1282412,,138,138,1.0,0.04109404502211152,65,20915,uint8_simplex,8811024,pooled_current_private_evidence_pre_exchange,299954,dynamic_delta,150,0.9615384615384616,142177,high,5146003,147252,111,100,656,private_fragmented,3,9.023892744153272e-13,0.0,90.0,0.0,26.35096153846154,0.0001840781454812675,11.645579355917613,medium,44,-0.2536230702677915,0.0562454637872848,163031,694,30,68,0,282,0.15311945346289477,0.09667110815433307,0.10701150738938,29,393,4,68,550,0.04866975440469815,0.11018650896568392,True,389,3199740,,0,v8-development_final-utility_restoration-large-high-high-medium-scale_free-private_fragmented-8811024-kpi_change-99bcd7363413-uint8_simplex-frozen_local_rule,kpi_change,1526.2269950184461,32,0,3517392,586232,0,4982972,879348,development_final,884,0,2026-08-17T05:56:00.585972+00:00,511676092b14313d4d3fa5d45d00b883896c5ebb1b758b3c3cfde763f7c73947,,scale_free,163031,694,146558,0.7701923076923077,801,99bcd7363413,1040,"{'initial_reference': 156, 'kpi_change': 671, 'maximum_silence': 213}",,0.8140923776512424,57,34.0,0.0,1,55.333333333333336,104,863.1848027575018
284,frozen_local_rule,292,52,,utility_restoration,0,126,116,42,0,126,,2026-08-17T05:54:45.558547+00:00,large,52.0,True,high,,472,20,0,0,,138,138,1.0,0.1279771050410824,62,0,uint8_simplex,8811024,pooled_current_private_evidence_pre_exchange,15423,dynamic_delta,149,0.9551282051282052,0,high,164688,701,116,100,668,private_fragmented,3,9.023892744153272e-13,15.0,0.0,0.10869565217391304,0.0,0.0,10.223527483935527,medium,42,-0.25826435108291357,0.08595371958448142,164688,701,30,67,0,284,0.21120461752437944,0.12587856354836482,0.14021561262959759,27,397,4,67,549,0.10696541231278192,0.15517862699513973,True,386,0,,0,v8-development_final-utility_restoration-large-high-high-medium-scale_free-private_fragmented-8811024-none-806ed450405e-uint8_simplex-frozen_local_rule,none,1525.0374438382219,32,0,0,0,0,0,0,development_final,0,0,2026-08-17T05:54:37.413004+00:00,511676092b14313d4d3fa5d45d00b883896c5ebb1b758b3c3cfde763f7c73947,,scale_free,164688,701,0,0.0,0,806ed450405e,1040,{'disabled': 1040},,0.8130952898841344,57,36.0,0.0,1,50.333333333333336,108,863.1848027575018
186,frozen_local_rule,199,52,,utility_restoration,175782,59,99,28,23140,59,,2026-08-17T05:50:55.613250+00:00,large,52.0,True,high,,221,20,156438,1671576,,78,78,1.0,0.048458649530627784,24,19344,uint8_simplex,8811020,pooled_current_private_evidence_pre_exchange,345772,dynamic_delta,136,0.8717948717948718,166070,medium,5909229,172097,99,100,247,private_fragmented,3,1.2327916465437738e-12,15.0,60.0,0.7692307692307693,16.658653846153847,0.00020522946011605284,-2.1459161467383088,low,28,-0.23016404437700128,0.05168010503461051,67689,287,30,13,0,186,0.2046248732398521,0.10129925599300235,0.12442206407340584,19,140,4,13,868,0.05006937728261915,0.11049774837155149,True,231,3647316,,0,v8-development_final-utility_restoration-large-high-medium-low-scale_free-private_fragmented-8811020-always_on-f06f6808d09b-uint8_simplex-frozen_local_rule,always_on,1140.7788399913654,18,0,4123440,687240,0,5841540,1030860,development_final,884,0,2026-08-17T05:50:01.077344+00:00,f94434d62914ab7b2eca3b9d29c509fa4ace2a22d0eb5586a56f5eea107eb5e7,,scale_free,67689,287,171810,1.0,1040,f06f6808d09b,1040,"{'always_on': 884, 'initial_reference': 156}",,0.8744045241272376,19,39.0,0.0,3,50.333333333333336,91,560.8283447643819
189,frozen_local_rule,203,52,,utility_restoration,97844,60,100,29,12993,60,,2026-08-17T05:50:51.986613+00:00,large,52.0,True,high,,215,20,88327,922998,,78,78,1.0,0.04772619788100592,22,9517,uint8_simplex,8811020,pooled_current_private_evidence_pre_exchange,199706,dynamic_delta,136,0.8717948717948718,93755,medium,3361810,97215,100,100,243,private_fragmented,3,1.2327916465437738e-12,30.0,90.0,1.3461538461538463,23.682692307692307,0.00020301027047257326,-2.2859161467383076,low,29,-0.23064121682577338,0.05333149617603325,66020,280,30,13,0,189,0.2046248732398521,0.11099214155890304,0.124450192501785,17,132,4,13,878,0.050528847028519584,0.10844239938521176,True,233,2080120,,0,v8-development_final-utility_restoration-large-high-medium-low-scale_free-private_fragmented-8811020-generalized_information-347f2bd91f38-uint8_simplex-frozen_local_rule,generalized_information,1140.7788399913654,18,0,2326440,387740,0,3295790,581610,development_final,884,0,2026-08-17T05:50:17.716625+00:00,f94434d62914ab7b2eca3b9d29c509fa4ace2a22d0eb5586a56f5eea107eb5e7,,scale_free,66020,280,96935,0.55,572,347f2bd91f38,1040,"{'hysteresis_wait': 468, 'initial_reference': 156, 'maximum_silence': 416}",,0.8744045241272376,19,37.0,0.0,3,50.333333333333336,92,560.8283447643819
189,frozen_local_rule,203,52,,utility_restoration,97844,60,100,29,12993,60,,2026-08-17T05:50:47.383446+00:00,large,52.0,True,high,,215,20,88327,922998,,78,78,1.0,0.04772619788100592,22,9517,uint8_simplex,8811020,pooled_current_private_evidence_pre_exchange,199706,dynamic_delta,136,0.8717948717948718,93755,medium,3361810,97215,100,100,243,private_fragmented,3,1.2327916465437738e-12,30.0,90.0,1.3461538461538463,23.682692307692307,0.00020301027047257326,-2.2859161467383076,low,29,-0.23064121682577338,0.05333149617603325,66020,280,30,13,0,189,0.2046248732398521,0.11099214155890304,0.124450192501785,17,132,4,13,878,0.050528847028519584,0.10844239938521176,True,233,2080120,,0,v8-development_final-utility_restoration-large-high-medium-low-scale_free-private_fragmented-8811020-generalized_information-e25eb5b9df1b-uint8_simplex-frozen_local_rule,generalized_information,1140.7788399913654,18,0,2326440,387740,0,3295790,581610,development_final,884,0,2026-08-17T05:50:12.064637+00:00,f94434d62914ab7b2eca3b9d29c509fa4ace2a22d0eb5586a56f5eea107eb5e7,,scale_free,66020,280,96935,0.55,572,e25eb5b9df1b,1040,"{'hysteresis_wait': 468, 'initial_reference': 156, 'maximum_silence': 416}",,0.8744045241272376,19,37.0,0.0,3,50.333333333333336,92,560.8283447643819
187,frozen_local_rule,201,52,,utility_restoration,120486,60,99,28,15900,60,,2026-08-17T05:51:17.717632+00:00,large,52.0,True,high,,220,20,107996,1129956,,78,78,1.0,0.049268073616029466,23,12490,uint8_simplex,8811020,pooled_current_private_evidence_pre_exchange,242037,dynamic_delta,136,0.8717948717948718,114636,medium,4097693,118814,99,100,247,private_fragmented,3,1.2327916465437738e-12,15.0,75.0,0.9615384615384616,24.64903846153846,0.00020163946809752018,-2.0659161467383087,low,28,-0.22965873593695338,0.05257836696861742,67775,287,30,13,0,187,0.2046248732398521,0.10504150141338371,0.12251063762135074,18,140,4,13,869,0.05092322029232344,0.10900603036270343,True,232,2541908,,0,v8-development_final-utility_restoration-large-high-medium-low-scale_free-private_fragmented-8811020-kpi_change-314c8c128df2-uint8_simplex-frozen_local_rule,kpi_change,1140.7788399913654,18,0,2844648,474108,0,4029918,711162,development_final,884,0,2026-08-17T05:50:37.997118+00:00,f94434d62914ab7b2eca3b9d29c509fa4ace2a22d0eb5586a56f5eea107eb5e7,,scale_free,67775,287,118527,0.6740384615384616,701,314c8c128df2,1040,"{'initial_reference': 156, 'kpi_change': 607, 'maximum_silence': 277}",,0.8744045241272376,19,37.0,0.0,3,50.333333333333336,91,560.8283447643819
187,frozen_local_rule,202,52,,utility_restoration,125547,60,99,28,16555,60,,2026-08-17T05:52:04.243258+00:00,large,52.0,True,high,,219,20,112451,1183166,,78,78,1.0,0.04825893831472955,23,13096,uint8_simplex,8811020,pooled_current_private_evidence_pre_exchange,251549,dynamic_delta,136,0.8717948717948718,119419,medium,4265399,123753,99,100,246,private_fragmented,3,1.2327916465437738e-12,15.0,75.0,0.9615384615384616,24.591346153846153,0.00020165155698737054,-2.0659161467383087,low,28,-0.229607853809306,0.052097890099745185,67521,286,30,13,0,187,0.2046248732398521,0.10509411225321386,0.12294178189626762,17,140,4,13,870,0.05017841420723737,0.10900603036270343,True,232,2640168,,0,v8-development_final-utility_restoration-large-high-medium-low-scale_free-private_fragmented-8811020-kpi_change-99bcd7363413-uint8_simplex-frozen_local_rule,kpi_change,1140.7788399913654,18,0,2963208,493868,0,4197878,740802,development_final,884,0,2026-08-17T05:51:21.496305+00:00,f94434d62914ab7b2eca3b9d29c509fa4ace2a22d0eb5586a56f5eea107eb5e7,,scale_free,67521,286,123467,0.7067307692307693,735,99bcd7363413,1040,"{'initial_reference': 156, 'kpi_change': 632, 'maximum_silence': 252}",,0.8744045241272376,19,37.0,0.0,3,50.333333333333336,91,560.8283447643819
191,frozen_local_rule,204,52,,utility_restoration,0,59,102,30,0,59,,2026-08-17T05:50:10.778856+00:00,large,52.0,True,high,,220,20,0,0,,78,78,1.0,0.11823810473441203,19,0,uint8_simplex,8811020,pooled_current_private_evidence_pre_exchange,13560,dynamic_delta,139,0.8910256410256411,0,medium,66993,284,102,100,247,private_fragmented,3,1.2327916465437738e-12,0.0,0.0,0.0,0.0,0.0,-3.169247301257772,low,30,-0.23585086588493998,0.0771681898264828,66993,284,30,12,0,191,0.2180371334800277,0.13007427980670538,0.1532247166836838,15,137,4,12,876,0.09770314728044742,0.15559778334044008,True,231,0,,0,v8-development_final-utility_restoration-large-high-medium-low-scale_free-private_fragmented-8811020-none-806ed450405e-uint8_simplex-frozen_local_rule,none,1145.639767471588,18,0,0,0,0,0,0,development_final,0,0,2026-08-17T05:50:02.873764+00:00,f94434d62914ab7b2eca3b9d29c509fa4ace2a22d0eb5586a56f5eea107eb5e7,,scale_free,66993,284,0,0.0,0,806ed450405e,1040,{'disabled': 1040},,0.8744045241272376,19,37.0,0.0,3,50.333333333333336,94,560.8283447643819
66,frozen_local_rule,73,52,,utility_restoration,27455,19,28,19,2896,19,,2026-08-17T05:47:38.513207+00:00,large,52.0,True,low,,43,20,24631,521594,,121,122,0.9918032786885246,0.06478330282661338,6,2824,uint8_simplex,8811017,pooled_current_private_evidence_pre_exchange,64886,dynamic_delta,60,0.38461538461538464,23584,low,955540,27245,28,100,135,private_fragmented,3,1.3002932064409833e-12,15.0,60.0,1.1475409836065573,16.701923076923077,0.0007899343910138515,2.198454590423678,low,19,-0.2254206374822034,0.05436844055919192,34140,145,30,24,0,66,0.20866353062505202,0.11625440945077116,0.13805442078350008,1,88,4,24,927,0.059575871692902654,0.1381187014903429,True,98,315860,,0,v8-development_final-utility_restoration-large-low-low-low-grid-private_fragmented-8811017-always_on-f06f6808d09b-uint8_simplex-frozen_local_rule,always_on,1328.7895597047607,10,0,650400,108400,0,921400,162600,development_final,882,0,2026-08-17T05:47:23.073540+00:00,eba077ff13f9cbc686c5b1e11f44b28956284dafd77462a32fddccdc2e2e2be7,,grid,34140,145,27100,1.0,1040,f06f6808d09b,1040,"{'always_on': 884, 'initial_reference': 156}",,0.9125371309366467,32,38.0,0.0,8,95.5,20,932.4610556897401
63,frozen_local_rule,70,52,,utility_restoration,15177,19,26,18,1598,19,,2026-08-17T05:47:40.791340+00:00,large,52.0,True,low,,44,20,13673,288184,,122,122,1.0,0.0675301663656475,6,1504,uint8_simplex,8811017,pooled_current_private_evidence_pre_exchange,41651,dynamic_delta,53,0.33974358974358976,13165,low,548274,15254,26,100,137,private_fragmented,3,1.3002932064409833e-12,30.0,90.0,1.598360655737705,23.653846153846153,0.0007784382103377349,2.9438546111980055,low,18,-0.21232666259473665,0.05612873601271006,34636,147,30,24,0,63,0.20866353062505202,0.11127199334836985,0.13231162061214163,1,89,4,24,926,0.06182945118917878,0.13734330114720958,True,95,176698,,0,v8-development_final-utility_restoration-large-low-low-low-grid-private_fragmented-8811017-generalized_information-347f2bd91f38-uint8_simplex-frozen_local_rule,generalized_information,1322.7849880387682,10,0,362568,60428,0,513638,90642,development_final,880,0,2026-08-17T05:47:28.659000+00:00,eba077ff13f9cbc686c5b1e11f44b28956284dafd77462a32fddccdc2e2e2be7,,grid,34636,147,15107,0.55,572,347f2bd91f38,1040,"{'hysteresis_wait': 468, 'initial_reference': 156, 'maximum_silence': 416}",,0.9125371309366467,32,38.0,0.0,8,95.5,18,932.4610556897401
63,frozen_local_rule,70,52,,utility_restoration,15177,19,26,18,1598,19,,2026-08-17T05:47:40.549890+00:00,large,52.0,True,low,,44,20,13673,288184,,122,122,1.0,0.0675301663656475,6,1504,uint8_simplex,8811017,pooled_current_private_evidence_pre_exchange,41651,dynamic_delta,53,0.33974358974358976,13165,low,548274,15254,26,100,137,private_fragmented,3,1.3002932064409833e-12,30.0,90.0,1.598360655737705,23.653846153846153,0.0007784382103377349,2.9438546111980055,low,18,-0.21232666259473665,0.05612873601271006,34636,147,30,24,0,63,0.20866353062505202,0.11127199334836985,0.13231162061214163,1,89,4,24,926,0.06182945118917878,0.13734330114720958,True,95,176698,,0,v8-development_final-utility_restoration-large-low-low-low-grid-private_fragmented-8811017-generalized_information-e25eb5b9df1b-uint8_simplex-frozen_local_rule,generalized_information,1322.7849880387682,10,0,362568,60428,0,513638,90642,development_final,880,0,2026-08-17T05:47:28.067417+00:00,eba077ff13f9cbc686c5b1e11f44b28956284dafd77462a32fddccdc2e2e2be7,,grid,34636,147,15107,0.55,572,e25eb5b9df1b,1040,"{'hysteresis_wait': 468, 'initial_reference': 156, 'maximum_silence': 416}",,0.9125371309366467,32,38.0,0.0,8,95.5,18,932.4610556897401
65,frozen_local_rule,72,52,,utility_restoration,18424,19,28,18,1935,19,,2026-08-17T05:47:46.730616+00:00,large,52.0,True,low,,43,20,16577,349112,,122,122,1.0,0.06530537239786265,6,1847,uint8_simplex,8811017,pooled_current_private_evidence_pre_exchange,47803,dynamic_delta,56,0.358974358974359,15938,low,656113,18431,28,100,136,private_fragmented,3,1.3002932064409833e-12,15.0,90.0,1.1065573770491803,23.0625,0.0007733498244786491,2.198454590423678,low,18,-0.22500236225571488,0.054317323063888805,34423,146,30,24,0,65,0.20866353062505202,0.11044734927268776,0.13226165750779825,1,89,4,24,926,0.05981134773087572,0.13562128335687806,True,97,214506,,0,v8-development_final-utility_restoration-large-low-low-low-grid-private_fragmented-8811017-kpi_change-314c8c128df2-uint8_simplex-frozen_local_rule,kpi_change,1328.7895597047607,10,0,438840,73140,0,621690,109710,development_final,881,0,2026-08-17T05:47:33.469811+00:00,eba077ff13f9cbc686c5b1e11f44b28956284dafd77462a32fddccdc2e2e2be7,,grid,34423,146,18285,0.6644230769230769,691,314c8c128df2,1040,"{'initial_reference': 156, 'kpi_change': 552, 'maximum_silence': 332}",,0.9125371309366467,32,38.0,0.0,8,95.5,20,932.4610556897401
65,frozen_local_rule,72,52,,utility_restoration,18795,19,28,18,1975,19,,2026-08-17T05:48:00.396654+00:00,large,52.0,True,low,,43,20,16911,356218,,122,122,1.0,0.06533313547948381,6,1884,uint8_simplex,8811017,pooled_current_private_evidence_pre_exchange,48508,dynamic_delta,55,0.3525641025641026,16247,low,668231,18787,28,100,136,private_fragmented,3,1.3002932064409833e-12,15.0,90.0,1.1065573770491803,22.889423076923077,0.0007779636068391678,2.198454590423678,low,18,-0.22500236225571488,0.054259234432856636,34437,146,30,24,0,65,0.20866353062505202,0.11024984087535437,0.13167938844721114,1,89,4,24,926,0.05979618495617022,0.13573846809112114,True,97,218756,,0,v8-development_final-utility_restoration-large-low-low-low-grid-private_fragmented-8811017-kpi_change-99bcd7363413-uint8_simplex-frozen_local_rule,kpi_change,1328.7895597047607,10,0,447384,74564,0,633794,111846,development_final,882,0,2026-08-17T05:47:47.005375+00:00,eba077ff13f9cbc686c5b1e11f44b28956284dafd77462a32fddccdc2e2e2be7,,grid,34437,146,18641,0.6788461538461539,706,99bcd7363413,1040,"{'initial_reference': 156, 'kpi_change': 566, 'maximum_silence': 318}",,0.9125371309366467,32,38.0,0.0,8,95.5,20,932.4610556897401
63,frozen_local_rule,71,52,,utility_restoration,0,19,25,19,0,19,,2026-08-17T05:47:32.322728+00:00,large,52.0,True,low,,45,20,0,0,,122,122,1.0,0.08921424126551444,7,0,uint8_simplex,8811017,pooled_current_private_evidence_pre_exchange,12799,dynamic_delta,34,0.21794871794871795,0,low,34694,147,25,100,136,private_fragmented,3,1.3002932064409833e-12,15.0,0.0,0.12295081967213115,0.0,0.0,3.163854611198006,low,19,-0.20982039591690926,0.05606163771344103,34694,147,30,23,0,63,0.23552474222105202,0.07650634851798123,0.14381270446435412,1,89,4,23,927,0.07263793948947773,0.14860551707781292,True,95,0,,0,v8-development_final-utility_restoration-large-low-low-low-grid-private_fragmented-8811017-none-806ed450405e-uint8_simplex-frozen_local_rule,none,1322.7849880387682,10,0,0,0,0,0,0,development_final,0,0,2026-08-17T05:47:24.526545+00:00,eba077ff13f9cbc686c5b1e11f44b28956284dafd77462a32fddccdc2e2e2be7,,grid,34694,147,0,0.0,0,806ed450405e,1040,{'disabled': 1040},,0.9125371309366467,32,38.0,0.0,8,95.5,17,932.4610556897401
219,frozen_local_rule,232,52,,utility_restoration,187659,65,119,35,23729,65,,2026-08-17T05:53:14.156564+00:00,large,52.0,True,low,,180,20,156354,1573826,,105,105,1.0,0.049547391488669976,46,31305,uint8_simplex,8811022,pooled_current_private_evidence_pre_exchange,357496,dynamic_delta,139,0.8910256410256411,167461,medium,5931991,172951,119,100,200,private_fragmented,3,1.3002932064409833e-12,15.0,75.0,0.42857142857142855,20.322115384615383,0.00018195571439675134,-14.910121026922363,high,35,-0.1516612210731727,0.05584306299866959,60429,258,30,2,0,219,0.17391860109427196,0.11811796195463235,0.12689042043237858,28,143,4,2,867,0.05269522724366978,0.11910641217299213,True,262,3742210,,0,v8-development_final-utility_restoration-large-low-medium-high-scale_free-private_fragmented-8811022-always_on-f06f6808d09b-uint8_simplex-frozen_local_rule,always_on,454.4459817356864,32,0,4144632,690772,0,5871562,1036158,development_final,884,0,2026-08-17T05:52:17.486621+00:00,7d3ff0546860760a79ac09b49a6603a10ab425399e67afdbf05638fc89ec5989,,scale_free,60429,258,172693,1.0,1040,f06f6808d09b,1040,"{'always_on': 884, 'initial_reference': 156}",,0.852250587480688,38,24.0,0.0,5,59.5,111,11.869858601568327
222,frozen_local_rule,236,52,,utility_restoration,105333,68,118,36,13637,68,,2026-08-17T05:53:12.946769+00:00,large,52.0,True,low,,174,20,89942,881688,,105,105,1.0,0.04894765722039175,43,15391,uint8_simplex,8811022,pooled_current_private_evidence_pre_exchange,208731,dynamic_delta,139,0.8910256410256411,96468,medium,3436980,99626,118,100,193,private_fragmented,3,1.3002932064409833e-12,15.0,90.0,0.42857142857142855,27.634615384615383,0.00017506645153784185,-13.86729180206931,high,36,-0.146867510750308,0.05670925395631606,58128,248,30,2,0,222,0.17391860109427196,0.11521741121069838,0.12823043991131963,27,134,4,2,877,0.0528284555883539,0.11402227615808949,True,265,2176340,,0,v8-development_final-utility_restoration-large-low-medium-high-scale_free-private_fragmented-8811022-generalized_information-347f2bd91f38-uint8_simplex-frozen_local_rule,generalized_information,458.16055856787096,32,0,2385072,397512,0,3378852,596268,development_final,884,0,2026-08-17T05:52:34.921882+00:00,7d3ff0546860760a79ac09b49a6603a10ab425399e67afdbf05638fc89ec5989,,scale_free,58128,248,99378,0.55,572,347f2bd91f38,1040,"{'hysteresis_wait': 468, 'initial_reference': 156, 'maximum_silence': 416}",,0.852250587480688,38,24.0,0.0,5,59.5,110,11.869858601568327
222,frozen_local_rule,236,52,,utility_restoration,105333,68,118,36,13637,68,,2026-08-17T05:53:05.585384+00:00,large,52.0,True,low,,174,20,89942,881688,,105,105,1.0,0.04894765722039175,43,15391,uint8_simplex,8811022,pooled_current_private_evidence_pre_exchange,208731,dynamic_delta,139,0.8910256410256411,96468,medium,3436980,99626,118,100,193,private_fragmented,3,1.3002932064409833e-12,15.0,90.0,0.42857142857142855,27.634615384615383,0.00017506645153784185,-13.86729180206931,high,36,-0.146867510750308,0.05670925395631606,58128,248,30,2,0,222,0.17391860109427196,0.11521741121069838,0.12823043991131963,27,134,4,2,877,0.0528284555883539,0.11402227615808949,True,265,2176340,,0,v8-development_final-utility_restoration-large-low-medium-high-scale_free-private_fragmented-8811022-generalized_information-e25eb5b9df1b-uint8_simplex-frozen_local_rule,generalized_information,458.16055856787096,32,0,2385072,397512,0,3378852,596268,development_final,884,0,2026-08-17T05:52:29.490289+00:00,7d3ff0546860760a79ac09b49a6603a10ab425399e67afdbf05638fc89ec5989,,scale_free,58128,248,99378,0.55,572,e25eb5b9df1b,1040,"{'hysteresis_wait': 468, 'initial_reference': 156, 'maximum_silence': 416}",,0.852250587480688,38,24.0,0.0,5,59.5,110,11.869858601568327
220,frozen_local_rule,234,52,,utility_restoration,124510,66,119,35,16063,66,,2026-08-17T05:53:28.796418+00:00,large,52.0,True,low,,177,20,105447,1040298,,105,105,1.0,0.0495141340173075,45,19063,uint8_simplex,8811022,pooled_current_private_evidence_pre_exchange,243427,dynamic_delta,139,0.8910256410256411,113104,medium,4021670,116790,119,100,196,private_fragmented,3,1.3002932064409833e-12,15.0,90.0,0.42857142857142855,28.947115384615383,0.00017536912456194275,-14.526193678087761,high,35,-0.14947120878715234,0.05493470588421009,59446,254,30,2,0,220,0.17391860109427196,0.11054922644508389,0.12457833633951299,30,137,4,2,871,0.052224419950758785,0.11779186480105013,True,266,2544900,,0,v8-development_final-utility_restoration-large-low-medium-high-scale_free-private_fragmented-8811022-kpi_change-314c8c128df2-uint8_simplex-frozen_local_rule,kpi_change,454.4459817356864,32,0,2796864,466144,0,3962224,699216,development_final,884,0,2026-08-17T05:52:47.124368+00:00,7d3ff0546860760a79ac09b49a6603a10ab425399e67afdbf05638fc89ec5989,,scale_free,59446,254,116536,0.6528846153846154,679,314c8c128df2,1040,"{'initial_reference': 156, 'kpi_change': 581, 'maximum_silence': 303}",,0.852250587480688,38,25.0,0.0,5,59.5,111,11.869858601568327
219,frozen_local_rule,232,52,,utility_restoration,127888,65,119,35,16486,65,,2026-08-17T05:54:22.684115+00:00,large,52.0,True,low,,180,20,108056,1068994,,105,105,1.0,0.05064156245005172,46,19832,uint8_simplex,8811022,pooled_current_private_evidence_pre_exchange,249428,dynamic_delta,139,0.8910256410256411,115923,medium,4121449,119700,119,100,201,private_fragmented,3,1.3002932064409833e-12,15.0,90.0,0.42857142857142855,28.889423076923077,0.00017545475722198603,-14.686193678087763,high,35,-0.15069601698336837,0.055161056421987466,60421,258,30,2,0,219,0.17391860109427196,0.11296173979114808,0.12470641674080703,30,141,4,2,867,0.05290130943601958,0.11779186480105013,True,264,2604910,,0,v8-development_final-utility_restoration-large-low-medium-high-scale_free-private_fragmented-8811022-kpi_change-99bcd7363413-uint8_simplex-frozen_local_rule,kpi_change,454.4459817356864,32,0,2866608,477768,0,4061028,716652,development_final,884,0,2026-08-17T05:53:41.204805+00:00,7d3ff0546860760a79ac09b49a6603a10ab425399e67afdbf05638fc89ec5989,,scale_free,60421,258,119442,0.6711538461538461,698,99bcd7363413,1040,"{'initial_reference': 156, 'kpi_change': 599, 'maximum_silence': 285}",,0.852250587480688,38,25.0,0.0,5,59.5,111,11.869858601568327
220,frozen_local_rule,234,52,,utility_restoration,0,68,116,36,0,68,,2026-08-17T05:52:28.270648+00:00,large,52.0,True,low,,178,20,0,0,,105,105,1.0,0.11499978719223765,41,0,uint8_simplex,8811022,pooled_current_private_evidence_pre_exchange,13455,dynamic_delta,139,0.8910256410256411,0,medium,58115,248,116,100,195,private_fragmented,3,1.3002932064409833e-12,15.0,0.0,0.14285714285714285,0.0,0.0,-13.427291802069307,high,36,-0.14548938862232264,0.0755481851424461,58115,248,30,2,0,220,0.21138306536256654,0.12426497513562416,0.1522373801282016,26,134,4,2,878,0.09527398616734187,0.14842852508324011,True,262,0,,0,v8-development_final-utility_restoration-large-low-medium-high-scale_free-private_fragmented-8811022-none-806ed450405e-uint8_simplex-frozen_local_rule,none,458.16055856787096,32,0,0,0,0,0,0,development_final,0,0,2026-08-17T05:52:20.284802+00:00,7d3ff0546860760a79ac09b49a6603a10ab425399e67afdbf05638fc89ec5989,,scale_free,58115,248,0,0.0,0,806ed450405e,1040,{'disabled': 1040},,0.852250587480688,38,25.0,0.0,5,59.5,108,11.869858601568327
202,frozen_local_rule,224,52,,utility_restoration,25788,69,81,52,2593,69,,2026-08-17T05:51:40.100676+00:00,large,52.0,True,medium,,201,20,22139,491334,,113,113,1.0,0.054578906420774106,131,3649,uint8_simplex,8811021,pooled_current_private_evidence_pre_exchange,62917,dynamic_delta,149,0.9551282051282052,21367,high,996217,25432,81,100,632,private_fragmented,3,1.3287149158713873e-12,0.0,90.0,0.0,18.822115384615383,0.0008332336211171757,-0.6319537726552112,medium,52,-0.16496229003767598,0.06408702606695078,153867,657,30,32,0,202,0.18259127888934534,0.0990426364433704,0.11082313709444239,11,451,4,32,546,0.05933296624386245,0.11472368296416074,True,267,261392,,0,v8-development_final-utility_restoration-large-medium-high-medium-grid-private_fragmented-8811021-always_on-f06f6808d09b-uint8_simplex-frozen_local_rule,always_on,843.1335527592762,25,0,594600,99100,0,842350,148650,development_final,878,0,2026-08-17T05:51:25.211086+00:00,a828905b7dc4f9b623e368567d747f0335add71d708458a3045fdc2e7231bde2,,grid,153867,657,24775,1.0,1040,f06f6808d09b,1040,"{'always_on': 884, 'initial_reference': 156}",,0.8225471954542221,27,25.0,0.0,5,25.333333333333332,77,348.2327579122021
201,frozen_local_rule,224,52,,utility_restoration,14448,69,82,50,1488,69,,2026-08-17T05:52:11.354426+00:00,large,52.0,True,medium,,196,20,12613,277134,,113,113,1.0,0.05750838025653105,131,1835,uint8_simplex,8811021,pooled_current_private_evidence_pre_exchange,42051,dynamic_delta,149,0.9551282051282052,12217,high,633507,14764,82,100,634,private_fragmented,3,1.3287149158713873e-12,0.0,90.0,0.0,25.64423076923077,0.0008094817904930133,-1.594207011978774,medium,50,-0.16925806342751332,0.06582626062826409,153869,657,30,32,0,201,0.18259127888934534,0.10289078869443326,0.11265819362125566,11,451,4,32,546,0.06166732044239758,0.11677193651413581,True,267,151708,,0,v8-development_final-utility_restoration-large-medium-high-medium-grid-private_fragmented-8811021-generalized_information-347f2bd91f38-uint8_simplex-frozen_local_rule,generalized_information,843.1335527592762,25,0,338568,56428,0,479638,84642,development_final,876,0,2026-08-17T05:51:59.088055+00:00,a828905b7dc4f9b623e368567d747f0335add71d708458a3045fdc2e7231bde2,,grid,153869,657,14107,0.55,572,347f2bd91f38,1040,"{'hysteresis_wait': 468, 'initial_reference': 156, 'maximum_silence': 416}",,0.8225471954542221,27,25.0,0.0,5,25.333333333333332,78,348.2327579122021
201,frozen_local_rule,224,52,,utility_restoration,14448,69,82,50,1488,69,,2026-08-17T05:52:06.887416+00:00,large,52.0,True,medium,,196,20,12613,277134,,113,113,1.0,0.05750838025653105,131,1835,uint8_simplex,8811021,pooled_current_private_evidence_pre_exchange,42051,dynamic_delta,149,0.9551282051282052,12217,high,633507,14764,82,100,634,private_fragmented,3,1.3287149158713873e-12,0.0,90.0,0.0,25.64423076923077,0.0008094817904930133,-1.594207011978774,medium,50,-0.16925806342751332,0.06582626062826409,153869,657,30,32,0,201,0.18259127888934534,0.10289078869443326,0.11265819362125566,11,451,4,32,546,0.06166732044239758,0.11677193651413581,True,267,151708,,0,v8-development_final-utility_restoration-large-medium-high-medium-grid-private_fragmented-8811021-generalized_information-e25eb5b9df1b-uint8_simplex-frozen_local_rule,generalized_information,843.1335527592762,25,0,338568,56428,0,479638,84642,development_final,876,0,2026-08-17T05:51:54.787785+00:00,a828905b7dc4f9b623e368567d747f0335add71d708458a3045fdc2e7231bde2,,grid,153869,657,14107,0.55,572,e25eb5b9df1b,1040,"{'hysteresis_wait': 468, 'initial_reference': 156, 'maximum_silence': 416}",,0.8225471954542221,27,25.0,0.0,5,25.333333333333332,78,348.2327579122021
200,frozen_local_rule,223,52,,utility_restoration,19212,69,82,49,1949,69,,2026-08-17T05:52:12.519493+00:00,large,52.0,True,medium,,200,20,16580,366996,,113,113,1.0,0.056200156032301885,131,2632,uint8_simplex,8811021,pooled_current_private_evidence_pre_exchange,50769,dynamic_delta,149,0.9551282051282052,16040,high,784642,19221,82,100,629,private_fragmented,3,1.3287149158713873e-12,0.0,90.0,0.0,23.567307692307693,0.000830137459539787,-0.9441965797588815,medium,49,-0.16637513321840702,0.06462111543518748,153398,655,30,32,0,200,0.18259127888934534,0.10019958895602761,0.11096909116093044,12,448,4,32,548,0.06041063573374468,0.1151114379420671,True,267,196724,,0,v8-development_final-utility_restoration-large-medium-high-medium-grid-private_fragmented-8811021-kpi_change-314c8c128df2-uint8_simplex-frozen_local_rule,kpi_change,843.1335527592762,25,0,445584,74264,0,631244,111396,development_final,876,0,2026-08-17T05:51:59.111875+00:00,a828905b7dc4f9b623e368567d747f0335add71d708458a3045fdc2e7231bde2,,grid,153398,655,18566,0.7375,767,314c8c128df2,1040,"{'initial_reference': 156, 'kpi_change': 651, 'maximum_silence': 233}",,0.8225471954542221,27,25.0,0.0,5,25.333333333333332,78,348.2327579122021
200,frozen_local_rule,223,52,,utility_restoration,19692,69,82,49,1991,69,,2026-08-17T05:52:26.875948+00:00,large,52.0,True,medium,,200,20,16959,375632,,113,113,1.0,0.05601020717730506,131,2733,uint8_simplex,8811021,pooled_current_private_evidence_pre_exchange,51632,dynamic_delta,149,0.9551282051282052,16406,high,799588,19654,82,100,630,private_fragmented,3,1.3287149158713873e-12,0.0,90.0,0.0,23.379807692307693,0.0008306408852514762,-0.9441965797588815,medium,49,-0.16637513321840702,0.0646250874774062,153656,656,30,32,0,200,0.18259127888934534,0.10019958895602761,0.11096909116093044,12,449,4,32,547,0.06031764732735563,0.1151114379420671,True,267,200974,,0,v8-development_final-utility_restoration-large-medium-high-medium-grid-private_fragmented-8811021-kpi_change-99bcd7363413-uint8_simplex-frozen_local_rule,kpi_change,843.1335527592762,25,0,455952,75992,0,645932,113988,development_final,876,0,2026-08-17T05:52:13.059978+00:00,a828905b7dc4f9b623e368567d747f0335add71d708458a3045fdc2e7231bde2,,grid,153656,656,18998,0.7567307692307692,787,99bcd7363413,1040,"{'initial_reference': 156, 'kpi_change': 669, 'maximum_silence': 215}",,0.8225471954542221,27,25.0,0.0,5,25.333333333333332,78,348.2327579122021
200,frozen_local_rule,223,52,,utility_restoration,0,69,81,50,0,69,,2026-08-17T05:51:57.740971+00:00,large,52.0,True,medium,,195,20,0,0,,113,113,1.0,0.12037321743177778,128,0,uint8_simplex,8811021,pooled_current_private_evidence_pre_exchange,14990,dynamic_delta,148,0.9487179487179487,0,high,153841,657,81,100,634,private_fragmented,3,1.3287149158713873e-12,30.0,0.0,0.26548672566371684,0.0,0.0,-0.7241965797588833,medium,50,-0.16538858613320523,0.08311413397099629,153841,657,30,32,0,200,0.18259127888934534,0.12221390108618914,0.13525416189304357,12,451,4,32,545,0.10174367570138704,0.1452121901972826,True,267,0,,0,v8-development_final-utility_restoration-large-medium-high-medium-grid-private_fragmented-8811021-none-806ed450405e-uint8_simplex-frozen_local_rule,none,843.1335527592762,25,0,0,0,0,0,0,development_final,0,0,2026-08-17T05:51:49.880477+00:00,a828905b7dc4f9b623e368567d747f0335add71d708458a3045fdc2e7231bde2,,grid,153841,657,0,0.0,0,806ed450405e,1040,{'disabled': 1040},,0.8225471954542221,27,25.0,0.0,5,25.333333333333332,77,348.2327579122021
217,frozen_local_rule,331,52,,utility_restoration,24562,91,65,61,2400,91,,2026-08-17T05:54:01.718119+00:00,large,52.0,True,medium,,57,20,20732,454954,,147,147,1.0,0.06641560499428951,42,3830,uint8_simplex,8811023,pooled_current_private_evidence_pre_exchange,58409,dynamic_delta,17,0.10897435897435898,19556,low,815093,22940,65,100,83,private_fragmented,3,8.775202786637237e-13,30.0,90.0,0.5102040816326531,21.360576923076923,0.0008644100054833745,7.449387231412565,high,61,-0.6296912617685538,0.057943286385882004,41117,176,30,15,0,217,0.21730545113259536,0.11660052829042017,0.12928658729376,1,58,4,15,966,0.062179445690085745,0.1368620001138747,True,347,249934,,0,v8-development_final-utility_restoration-large-medium-low-high-grid-private_fragmented-8811023-always_on-f06f6808d09b-uint8_simplex-frozen_local_rule,always_on,3391.4242095449554,7,0,546336,91056,0,773976,136584,development_final,874,0,2026-08-17T05:53:47.445841+00:00,cf14bb7fa55017058e73f878916d75408bf2c2299b819d5db51aee438f17adaa,,grid,41117,176,22764,1.0,1040,f06f6808d09b,1040,"{'always_on': 884, 'initial_reference': 156}",,0.8992150317936506,26,28.0,0.0,7,35.333333333333336,57,1607.6066032176484
224,frozen_local_rule,339,52,,utility_restoration,14012,94,67,63,1426,94,,2026-08-17T05:54:25.764920+00:00,large,52.0,True,medium,,58,20,12205,264010,,147,147,1.0,0.06708834541707817,41,1807,uint8_simplex,8811023,pooled_current_private_evidence_pre_exchange,39361,dynamic_delta,16,0.10256410256410256,11594,low,497346,13571,67,100,84,private_fragmented,3,8.775202786637237e-13,45.0,90.0,0.6122448979591837,28.26923076923077,0.0008355556797339112,7.471387231412567,high,63,-0.6301574730158808,0.05913595527185304,42052,180,30,16,0,224,0.21730545113259536,0.11377908194120137,0.12816829658826315,1,58,4,16,965,0.0631121503444656,0.13262775711017172,True,356,150960,,0,v8-development_final-utility_restoration-large-medium-low-high-grid-private_fragmented-8811023-generalized_information-347f2bd91f38-uint8_simplex-frozen_local_rule,generalized_information,3391.4242095449554,7,0,321384,53564,0,455294,80346,development_final,872,0,2026-08-17T05:54:13.618981+00:00,cf14bb7fa55017058e73f878916d75408bf2c2299b819d5db51aee438f17adaa,,grid,42052,180,13391,0.55,572,347f2bd91f38,1040,"{'hysteresis_wait': 468, 'initial_reference': 156, 'maximum_silence': 414, 'partition_recovery': 2}",,0.8992150317936506,26,28.0,0.0,7,35.333333333333336,59,1607.6066032176484
224,frozen_local_rule,339,52,,utility_restoration,14012,94,67,63,1426,94,,2026-08-17T05:54:22.603697+00:00,large,52.0,True,medium,,58,20,12205,264010,,147,147,1.0,0.06708834541707817,41,1807,uint8_simplex,8811023,pooled_current_private_evidence_pre_exchange,39361,dynamic_delta,16,0.10256410256410256,11594,low,497346,13571,67,100,84,private_fragmented,3,8.775202786637237e-13,45.0,90.0,0.6122448979591837,28.26923076923077,0.0008355556797339112,7.471387231412567,high,63,-0.6301574730158808,0.05913595527185304,42052,180,30,16,0,224,0.21730545113259536,0.11377908194120137,0.12816829658826315,1,58,4,16,965,0.0631121503444656,0.13262775711017172,True,356,150960,,0,v8-development_final-utility_restoration-large-medium-low-high-grid-private_fragmented-8811023-generalized_information-e25eb5b9df1b-uint8_simplex-frozen_local_rule,generalized_information,3391.4242095449554,7,0,321384,53564,0,455294,80346,development_final,872,0,2026-08-17T05:54:10.853909+00:00,cf14bb7fa55017058e73f878916d75408bf2c2299b819d5db51aee438f17adaa,,grid,42052,180,13391,0.55,572,e25eb5b9df1b,1040,"{'hysteresis_wait': 468, 'initial_reference': 156, 'maximum_silence': 414, 'partition_recovery': 2}",,0.8992150317936506,26,28.0,0.0,7,35.333333333333336,59,1607.6066032176484
226,frozen_local_rule,340,52,,utility_restoration,16273,95,66,65,1610,95,,2026-08-17T05:54:30.930501+00:00,large,52.0,True,medium,,57,20,13782,303722,,147,147,1.0,0.06897477364305672,41,2491,uint8_simplex,8811023,pooled_current_private_evidence_pre_exchange,43189,dynamic_delta,16,0.10256410256410256,13022,low,555261,15298,66,100,82,private_fragmented,3,8.775202786637237e-13,30.0,90.0,0.5102040816326531,27.5625,0.0008496162222599762,7.845387231412556,high,65,-0.6291222950463459,0.059371837677487306,41113,176,30,15,0,226,0.21730545113259536,0.11326491251824936,0.12763601130526214,1,57,4,15,967,0.06417330566027202,0.13762480009278277,True,356,164866,,0,v8-development_final-utility_restoration-large-medium-low-high-grid-private_fragmented-8811023-kpi_change-314c8c128df2-uint8_simplex-frozen_local_rule,kpi_change,3391.4242095449554,7,0,362928,60488,0,514148,90732,development_final,873,0,2026-08-17T05:54:18.501143+00:00,cf14bb7fa55017058e73f878916d75408bf2c2299b819d5db51aee438f17adaa,,grid,41113,176,15122,0.6653846153846154,692,314c8c128df2,1040,"{'initial_reference': 156, 'kpi_change': 590, 'maximum_silence': 292, 'partition_recovery': 2}",,0.8992150317936506,26,28.0,0.0,7,35.333333333333336,58,1607.6066032176484
226,frozen_local_rule,340,52,,utility_restoration,16572,95,66,65,1634,95,,2026-08-17T05:54:41.043008+00:00,large,52.0,True,medium,,57,20,14027,309264,,147,147,1.0,0.06838387310345877,41,2545,uint8_simplex,8811023,pooled_current_private_evidence_pre_exchange,43733,dynamic_delta,16,0.10256410256410256,13244,low,564271,15563,66,100,82,private_fragmented,3,8.775202786637237e-13,30.0,90.0,0.5102040816326531,27.41826923076923,0.0008521027600529823,7.845387231412556,high,65,-0.6291222950463459,0.05920016340095984,41113,176,30,15,0,226,0.21730545113259536,0.11212805434045288,0.12742979646963165,1,57,4,15,967,0.06379201825220931,0.13750396033087053,True,356,167654,,0,v8-development_final-utility_restoration-large-medium-low-high-grid-private_fragmented-8811023-kpi_change-99bcd7363413-uint8_simplex-frozen_local_rule,kpi_change,3391.4242095449554,7,0,369288,61548,0,523158,92322,development_final,873,0,2026-08-17T05:54:28.437984+00:00,cf14bb7fa55017058e73f878916d75408bf2c2299b819d5db51aee438f17adaa,,grid,41113,176,15387,0.6788461538461539,706,99bcd7363413,1040,"{'initial_reference': 156, 'kpi_change': 609, 'maximum_silence': 273, 'partition_recovery': 2}",,0.8992150317936506,26,28.0,0.0,7,35.333333333333336,58,1607.6066032176484
228,frozen_local_rule,342,52,,utility_restoration,0,95,65,68,0,95,,2026-08-17T05:54:17.317422+00:00,large,52.0,True,medium,,58,20,0,0,,147,147,1.0,0.08463511345606495,39,0,uint8_simplex,8811023,pooled_current_private_evidence_pre_exchange,13151,dynamic_delta,12,0.07692307692307693,0,low,41843,179,65,100,84,private_fragmented,3,8.775202786637237e-13,45.0,0.0,0.40816326530612246,0.0,0.0,8.065387231412549,high,68,-0.6286139597734084,0.054431181382101866,41843,179,30,19,0,228,0.22251810697894703,0.07309769595539918,0.11331833713028908,1,55,4,19,965,0.06953314741908341,0.13489522470673446,True,362,0,,0,v8-development_final-utility_restoration-large-medium-low-high-grid-private_fragmented-8811023-none-806ed450405e-uint8_simplex-frozen_local_rule,none,3391.4242095449554,7,0,0,0,0,0,0,development_final,0,0,2026-08-17T05:54:09.566537+00:00,cf14bb7fa55017058e73f878916d75408bf2c2299b819d5db51aee438f17adaa,,grid,41843,179,0,0.0,0,806ed450405e,1040,{'disabled': 1040},,0.8992150317936506,26,28.0,0.0,7,35.333333333333336,57,1607.6066032176484
247,frozen_local_rule,285,52,,utility_restoration,186895,88,98,61,23783,88,,2026-08-17T05:48:42.865530+00:00,large,52.0,True,medium,,197,20,159665,1657194,,148,148,1.0,0.05123966630963393,57,27230,uint8_simplex,8811018,pooled_current_private_evidence_pre_exchange,360165,dynamic_delta,134,0.8589743589743589,170730,medium,6056141,176492,98,100,207,private_fragmented,3,9.023892744153272e-13,15.0,75.0,0.30405405405405406,18.822115384615383,0.00019045336663689008,-4.288429259070887,medium,61,-0.25090762175384035,0.06352513916635356,64729,274,30,26,0,247,0.17080130413089864,0.1291221859803866,0.13989423166350404,21,125,4,26,868,0.057382402737993755,0.1220037930313211,True,332,3771416,,0,v8-development_final-utility_restoration-large-medium-medium-medium-scale_free-private_fragmented-8811018-always_on-f06f6808d09b-uint8_simplex-frozen_local_rule,always_on,1226.4746080421853,34,0,4229232,704872,0,5991412,1057308,development_final,884,0,2026-08-17T05:47:47.107450+00:00,509302f5754b1ecae61f8ca900814a42478086720719cb0cbb63a431837e8afc,,scale_free,64729,274,176218,1.0,1040,f06f6808d09b,1040,"{'always_on': 884, 'initial_reference': 156}",,0.875888197610082,54,44.0,0.0,7,26.0,92,627.7829661177392
255,frozen_local_rule,293,52,,utility_restoration,104081,91,105,59,13553,91,,2026-08-17T05:48:34.071349+00:00,large,52.0,True,medium,,197,20,90561,918748,,148,148,1.0,0.052755313270547805,55,13520,uint8_simplex,8811018,pooled_current_private_evidence_pre_exchange,208283,dynamic_delta,134,0.8589743589743589,96836,medium,3461991,100158,105,100,208,private_fragmented,3,9.023892744153272e-13,15.0,90.0,0.10135135135135136,26.71153846153846,0.00018588288873159202,-5.36642925907088,medium,59,-0.2535581910627988,0.06461977933489145,66139,280,30,25,0,255,0.17080130413089864,0.12446118404574441,0.1361716755527468,23,123,4,25,869,0.05868754630271962,0.12370438149512414,True,341,2160326,,0,v8-development_final-utility_restoration-large-medium-medium-medium-scale_free-private_fragmented-8811018-generalized_information-347f2bd91f38-uint8_simplex-frozen_local_rule,generalized_information,1223.2622107717123,34,0,2397072,399512,0,3395852,599268,development_final,884,0,2026-08-17T05:47:58.217255+00:00,509302f5754b1ecae61f8ca900814a42478086720719cb0cbb63a431837e8afc,,scale_free,66139,280,99878,0.55,572,347f2bd91f38,1040,"{'hysteresis_wait': 468, 'initial_reference': 156, 'maximum_silence': 416}",,0.875888197610082,54,44.0,0.0,7,26.0,97,627.7829661177392
255,frozen_local_rule,293,52,,utility_restoration,104081,91,105,59,13553,91,,2026-08-17T05:48:29.761617+00:00,large,52.0,True,medium,,197,20,90561,918748,,148,148,1.0,0.052755313270547805,55,13520,uint8_simplex,8811018,pooled_current_private_evidence_pre_exchange,208283,dynamic_delta,134,0.8589743589743589,96836,medium,3461991,100158,105,100,208,private_fragmented,3,9.023892744153272e-13,15.0,90.0,0.10135135135135136,26.71153846153846,0.00018588288873159202,-5.36642925907088,medium,59,-0.2535581910627988,0.06461977933489145,66139,280,30,25,0,255,0.17080130413089864,0.12446118404574441,0.1361716755527468,23,123,4,25,869,0.05868754630271962,0.12370438149512414,True,341,2160326,,0,v8-development_final-utility_restoration-large-medium-medium-medium-scale_free-private_fragmented-8811018-generalized_information-e25eb5b9df1b-uint8_simplex-frozen_local_rule,generalized_information,1223.2622107717123,34,0,2397072,399512,0,3395852,599268,development_final,884,0,2026-08-17T05:47:54.162599+00:00,509302f5754b1ecae61f8ca900814a42478086720719cb0cbb63a431837e8afc,,scale_free,66139,280,99878,0.55,572,e25eb5b9df1b,1040,"{'hysteresis_wait': 468, 'initial_reference': 156, 'maximum_silence': 416}",,0.875888197610082,54,44.0,0.0,7,26.0,97,627.7829661177392
253,frozen_local_rule,291,52,,utility_restoration,138706,92,100,61,17923,92,,2026-08-17T05:48:52.957762+00:00,large,52.0,True,medium,,196,20,120073,1221722,,148,148,1.0,0.0519306363734678,55,18633,uint8_simplex,8811018,pooled_current_private_evidence_pre_exchange,272390,dynamic_delta,135,0.8653846153846154,128487,medium,4569526,132774,100,100,203,private_fragmented,3,9.023892744153272e-13,15.0,90.0,0.30405405405405406,26.76923076923077,0.00018441077304745478,-3.4987132564282724,medium,61,-0.24726580245043306,0.06295510159385471,64492,273,30,29,0,253,0.17080130413089864,0.12718136539948682,0.14055524282444365,21,120,4,29,870,0.05744286898366126,0.12381482971710236,True,341,2860760,,0,v8-development_final-utility_restoration-large-medium-medium-medium-scale_free-private_fragmented-8811018-kpi_change-314c8c128df2-uint8_simplex-frozen_local_rule,kpi_change,1223.2622107717123,34,0,3180024,530004,0,4505034,795006,development_final,884,0,2026-08-17T05:48:08.070628+00:00,509302f5754b1ecae61f8ca900814a42478086720719cb0cbb63a431837e8afc,,scale_free,64492,273,132501,0.7346153846153847,764,314c8c128df2,1040,"{'initial_reference': 156, 'kpi_change': 634, 'maximum_silence': 250}",,0.8743940643363238,54,44.0,0.0,7,26.0,92,627.7829661177392
250,frozen_local_rule,288,52,,utility_restoration,143710,91,98,61,18541,91,,2026-08-17T05:49:49.708519+00:00,large,52.0,True,medium,,199,20,124253,1268166,,148,148,1.0,0.05169265518716544,55,19457,uint8_simplex,8811018,pooled_current_private_evidence_pre_exchange,281581,dynamic_delta,133,0.8525641025641025,132926,medium,4725564,137347,98,100,206,private_fragmented,3,9.023892744153272e-13,15.0,90.0,0.30405405405405406,26.408653846153847,0.00018360083058600478,-2.9118552551069645,medium,61,-0.24597111007125105,0.06320069258890232,65150,276,30,29,0,250,0.17080130413089864,0.12644048398558352,0.14022445930050922,21,121,4,29,869,0.05744667388803388,0.12370438149512414,True,338,2956436,,0,v8-development_final-utility_restoration-large-medium-medium-medium-scale_free-private_fragmented-8811018-kpi_change-99bcd7363413-uint8_simplex-frozen_local_rule,kpi_change,1226.4746080421853,34,0,3289704,548284,0,4660414,822426,development_final,884,0,2026-08-17T05:49:04.241818+00:00,509302f5754b1ecae61f8ca900814a42478086720719cb0cbb63a431837e8afc,,scale_free,65150,276,137071,0.7615384615384615,792,99bcd7363413,1040,"{'initial_reference': 156, 'kpi_change': 664, 'maximum_silence': 220}",,0.8743940643363238,54,44.0,0.0,7,26.0,91,627.7829661177392
251,frozen_local_rule,287,52,,utility_restoration,0,91,103,57,0,91,,2026-08-17T05:47:56.942470+00:00,large,52.0,True,medium,,197,20,0,0,,148,148,1.0,0.11663981561414367,56,0,uint8_simplex,8811018,pooled_current_private_evidence_pre_exchange,13630,dynamic_delta,130,0.8333333333333334,0,medium,65902,279,103,100,209,private_fragmented,3,9.023892744153272e-13,15.0,0.0,0.30405405405405406,0.0,0.0,-3.716997253785659,medium,57,-0.24819394278421794,0.07694043362229533,65902,279,30,25,0,251,0.2189092806402386,0.12764105423801247,0.15163155189863137,21,126,4,25,868,0.0967901246182195,0.14939978480746907,True,333,0,,0,v8-development_final-utility_restoration-large-medium-medium-medium-scale_free-private_fragmented-8811018-none-806ed450405e-uint8_simplex-frozen_local_rule,none,1223.2622107717123,34,0,0,0,0,0,0,development_final,0,0,2026-08-17T05:47:48.887062+00:00,509302f5754b1ecae61f8ca900814a42478086720719cb0cbb63a431837e8afc,,scale_free,65902,279,0,0.0,0,806ed450405e,1040,{'disabled': 1040},,0.875888197610082,54,44.0,0.0,7,26.0,95,627.7829661177392
72,frozen_local_rule,100,28,,utility_restoration,50784,35,13,24,6596,35,,2026-08-17T05:45:48.161611+00:00,medium,31.0,True,high,,229,15,42266,361386,,84,84,1.0,0.054178513676553325,41,8518,uint8_simplex,8811011,pooled_current_private_evidence_pre_exchange,99276,dynamic_delta,75,0.8928571428571429,44552,high,1646761,46814,13,60,261,private_fragmented,3,6.927791673660977e-14,0.0,40.0,0.0,11.771428571428572,0.0002590120186811344,12.54504199572402,high,24,-0.5390550427864451,0.06453571465392718,64469,276,16,84,0,72,0.1730980734800093,0.09990206174567119,0.1084099287488939,1,138,4,84,197,0.059357114165240255,0.11195236572344484,True,185,1075658,,0,v8-development_final-utility_restoration-medium-high-high-high-scale_free-private_fragmented-8811011-always_on-f06f6808d09b-uint8_simplex-frozen_local_rule,always_on,1116.3691774093913,13,0,1116912,186152,0,1582292,279228,development_final,83,0,2026-08-17T05:45:33.164460+00:00,f083c79758a0fae8c552ac96104da7e44edc5d4572a18089d69c6e5c94123a31,,scale_free,64469,276,46538,1.0,420,f06f6808d09b,420,"{'always_on': 336, 'initial_reference': 84}",,0.8900705474794441,21,17.0,0.0,1,28.333333333333332,15,469.0127059631637
77,frozen_local_rule,104,28,,utility_restoration,22196,40,14,23,3039,40,,2026-08-17T05:45:47.018556+00:00,medium,31.0,True,high,,221,15,19450,151708,,84,84,1.0,0.05448560430116287,37,2746,uint8_simplex,8811011,pooled_current_private_evidence_pre_exchange,47852,dynamic_delta,75,0.8928571428571429,20480,high,789364,21647,14,60,250,private_fragmented,3,6.927791673660977e-14,0.0,48.0,0.0,17.771428571428572,0.00025236279821126494,13.515041995724019,high,23,-0.5345531358617235,0.07348504792045578,62444,267,16,81,0,77,0.1730980734800093,0.10691014380074366,0.11801693211046622,1,128,4,81,210,0.06398532611080933,0.11382928588046477,True,186,509592,,0,v8-development_final-utility_restoration-medium-high-high-high-scale_free-private_fragmented-8811011-generalized_information-347f2bd91f38-uint8_simplex-frozen_local_rule,generalized_information,1116.3691774093913,13,0,513120,85520,0,726920,128280,development_final,215,0,2026-08-17T05:45:38.329004+00:00,f083c79758a0fae8c552ac96104da7e44edc5d4572a18089d69c6e5c94123a31,,scale_free,62444,267,21380,0.4,168,347f2bd91f38,420,"{'hysteresis_wait': 252, 'initial_reference': 84, 'maximum_silence': 83, 'partition_recovery': 1}",,0.8901884303461751,21,17.0,0.0,1,28.333333333333332,16,469.0127059631637
77,frozen_local_rule,104,28,,utility_restoration,22196,40,14,23,3039,40,,2026-08-17T05:45:44.738674+00:00,medium,31.0,True,high,,221,15,19450,151708,,84,84,1.0,0.05448560430116287,37,2746,uint8_simplex,8811011,pooled_current_private_evidence_pre_exchange,47852,dynamic_delta,75,0.8928571428571429,20480,high,789364,21647,14,60,250,private_fragmented,3,6.927791673660977e-14,0.0,48.0,0.0,17.771428571428572,0.00025236279821126494,13.515041995724019,high,23,-0.5345531358617235,0.07348504792045578,62444,267,16,81,0,77,0.1730980734800093,0.10691014380074366,0.11801693211046622,1,128,4,81,210,0.06398532611080933,0.11382928588046477,True,186,509592,,0,v8-development_final-utility_restoration-medium-high-high-high-scale_free-private_fragmented-8811011-generalized_information-e25eb5b9df1b-uint8_simplex-frozen_local_rule,generalized_information,1116.3691774093913,13,0,513120,85520,0,726920,128280,development_final,215,0,2026-08-17T05:45:35.911513+00:00,f083c79758a0fae8c552ac96104da7e44edc5d4572a18089d69c6e5c94123a31,,scale_free,62444,267,21380,0.4,168,e25eb5b9df1b,420,"{'hysteresis_wait': 252, 'initial_reference': 84, 'maximum_silence': 83, 'partition_recovery': 1}",,0.8901884303461751,21,17.0,0.0,1,28.333333333333332,16,469.0127059631637
73,frozen_local_rule,100,28,,utility_restoration,34275,36,12,25,4374,36,,2026-08-17T05:45:49.972350+00:00,medium,31.0,True,high,,227,15,27960,247452,,84,84,1.0,0.05574413615846462,41,6315,uint8_simplex,8811011,pooled_current_private_evidence_pre_exchange,68456,dynamic_delta,75,0.8928571428571429,29412,high,1110455,31051,12,60,258,private_fragmented,3,6.927791673660977e-14,0.0,48.0,0.0,18.466666666666665,0.00026679665136141036,13.08104199572402,high,25,-0.5336950427864451,0.06567923934258094,64037,274,16,85,0,73,0.1730980734800093,0.1011118887097693,0.11183762367243386,1,135,4,85,199,0.06071168775052278,0.1135725176450952,True,186,703188,,0,v8-development_final-utility_restoration-medium-high-high-high-scale_free-private_fragmented-8811011-kpi_change-314c8c128df2-uint8_simplex-frozen_local_rule,kpi_change,1116.3691774093913,13,0,738648,123108,0,1046418,184662,development_final,227,0,2026-08-17T05:45:38.759240+00:00,f083c79758a0fae8c552ac96104da7e44edc5d4572a18089d69c6e5c94123a31,,scale_free,64037,274,30777,0.6928571428571428,291,314c8c128df2,420,"{'initial_reference': 84, 'kpi_change': 306, 'maximum_silence': 29, 'partition_recovery': 1}",,0.8864377125241668,21,17.0,0.0,1,28.333333333333332,14,469.0127059631637
74,frozen_local_rule,101,28,,utility_restoration,35551,36,13,25,4550,36,,2026-08-17T05:46:04.760023+00:00,medium,31.0,True,high,,228,15,29019,255952,,84,84,1.0,0.055859831911963045,41,6532,uint8_simplex,8811011,pooled_current_private_evidence_pre_exchange,70796,dynamic_delta,75,0.8928571428571429,30556,high,1151105,32241,13,60,258,private_fragmented,3,6.927791673660977e-14,0.0,48.0,0.0,18.123809523809523,0.00026602125573210847,12.861041995724019,high,25,-0.5371684132810712,0.06523906834980917,64261,275,16,85,0,74,0.1730980734800093,0.0996989349952064,0.11021129826966831,1,135,4,85,199,0.06054945013088611,0.1135725176450952,True,187,730694,,0,v8-development_final-utility_restoration-medium-high-high-high-scale_free-private_fragmented-8811011-kpi_change-99bcd7363413-uint8_simplex-frozen_local_rule,kpi_change,1116.3691774093913,13,0,767184,127864,0,1086844,191796,development_final,215,0,2026-08-17T05:45:52.522894+00:00,f083c79758a0fae8c552ac96104da7e44edc5d4572a18089d69c6e5c94123a31,,scale_free,64261,275,31966,0.7166666666666667,301,99bcd7363413,420,"{'initial_reference': 84, 'kpi_change': 311, 'maximum_silence': 24, 'partition_recovery': 1}",,0.8864377125241668,21,17.0,0.0,1,28.333333333333332,15,469.0127059631637
80,frozen_local_rule,105,28,,utility_restoration,0,43,15,22,0,43,,2026-08-17T05:45:37.776738+00:00,medium,31.0,True,high,,224,15,0,0,,84,84,1.0,0.11808523340963074,40,0,uint8_simplex,8811011,pooled_current_private_evidence_pre_exchange,6233,dynamic_delta,71,0.8452380952380952,0,high,64026,273,15,60,255,private_fragmented,3,8.704148513061227e-14,12.0,0.0,0.5714285714285714,0.0,0.0,13.87758514568247,high,22,-0.5336419183529271,0.08223367081245458,64026,273,16,84,0,80,0.1851018048583839,0.12483909734284827,0.14012896018461124,1,128,4,84,207,0.10015945211104267,0.15097624205840926,True,190,0,,0,v8-development_final-utility_restoration-medium-high-high-high-scale_free-private_fragmented-8811011-none-806ed450405e-uint8_simplex-frozen_local_rule,none,1118.559785163837,14,0,0,0,0,0,0,development_final,0,0,2026-08-17T05:45:35.107822+00:00,f083c79758a0fae8c552ac96104da7e44edc5d4572a18089d69c6e5c94123a31,,scale_free,64026,273,0,0.0,0,806ed450405e,420,{'disabled': 420},,0.8869023786682948,21,17.0,0.0,1,28.333333333333332,17,469.0127059631637
88,frozen_local_rule,88,28,,utility_restoration,9087,45,31,11,1083,45,,2026-08-17T05:47:13.689006+00:00,medium,31.0,True,high,,159,15,7895,170918,,58,58,1.0,0.06177774509817335,31,1192,uint8_simplex,8811016,pooled_current_private_evidence_pre_exchange,23270,dynamic_delta,78,0.9285714285714286,7433,high,361953,9000,31,60,274,private_fragmented,3,1.0480505352461478e-13,0.0,48.0,0.0,12.41904761904762,0.0008892346628302535,1.1067260462820143,medium,11,-0.3214718110677079,0.07002199626121007,65507,281,16,12,0,88,0.15515757404692554,0.10568662195040156,0.11720744020974204,18,188,4,12,202,0.06589987067969172,0.1279936618367153,True,118,97512,,0,v8-development_final-utility_restoration-medium-high-high-medium-grid-private_fragmented-8811016-always_on-f06f6808d09b-uint8_simplex-frozen_local_rule,always_on,561.2010489318604,19,0,209256,34876,0,296446,52314,development_final,127,0,2026-08-17T05:47:08.439310+00:00,308149f9c4a27894ab468ba4f5155be848e9c0d8593a87cfee395fbf2026b3c3,,grid,65507,281,8719,1.0,420,f06f6808d09b,420,"{'always_on': 336, 'initial_reference': 84}",,0.817778141516662,14,21.0,0.3333333333333333,0,32.0,29,371.95976171823975
88,frozen_local_rule,88,28,,utility_restoration,3846,45,31,11,473,45,,2026-08-17T05:47:21.184722+00:00,medium,31.0,True,high,,158,15,3405,72182,,58,58,1.0,0.06392156749935037,31,441,uint8_simplex,8811016,pooled_current_private_evidence_pre_exchange,13536,dynamic_delta,78,0.9285714285714286,3207,high,192693,4027,31,60,274,private_fragmented,3,1.0480505352461478e-13,0.0,52.0,0.0,17.523809523809526,0.0008757132415711317,2.5234358357001403,medium,11,-0.30537283618795646,0.07346451942612442,65295,280,16,13,0,88,0.1677822242335161,0.11332394627533598,0.12825875651970178,18,186,4,13,203,0.0686930434627374,0.13425809141002276,True,119,43588,,0,v8-development_final-utility_restoration-medium-high-high-medium-grid-private_fragmented-8811016-generalized_information-347f2bd91f38-uint8_simplex-frozen_local_rule,generalized_information,561.2010489318604,19,0,89928,14988,0,127398,22482,development_final,205,0,2026-08-17T05:47:17.196810+00:00,308149f9c4a27894ab468ba4f5155be848e9c0d8593a87cfee395fbf2026b3c3,,grid,65295,280,3747,0.4,168,347f2bd91f38,420,"{'hysteresis_wait': 252, 'initial_reference': 84, 'maximum_silence': 83, 'partition_recovery': 1}",,0.817778141516662,14,21.0,0.3333333333333333,0,32.0,29,371.95976171823975
88,frozen_local_rule,88,28,,utility_restoration,3846,45,31,11,473,45,,2026-08-17T05:47:18.783647+00:00,medium,31.0,True,high,,158,15,3405,72182,,58,58,1.0,0.06392156749935037,31,441,uint8_simplex,8811016,pooled_current_private_evidence_pre_exchange,13536,dynamic_delta,78,0.9285714285714286,3207,high,192693,4027,31,60,274,private_fragmented,3,1.0480505352461478e-13,0.0,52.0,0.0,17.523809523809526,0.0008757132415711317,2.5234358357001403,medium,11,-0.30537283618795646,0.07346451942612442,65295,280,16,13,0,88,0.1677822242335161,0.11332394627533598,0.12825875651970178,18,186,4,13,203,0.0686930434627374,0.13425809141002276,True,119,43588,,0,v8-development_final-utility_restoration-medium-high-high-medium-grid-private_fragmented-8811016-generalized_information-e25eb5b9df1b-uint8_simplex-frozen_local_rule,generalized_information,561.2010489318604,19,0,89928,14988,0,127398,22482,development_final,205,0,2026-08-17T05:47:14.721952+00:00,308149f9c4a27894ab468ba4f5155be848e9c0d8593a87cfee395fbf2026b3c3,,grid,65295,280,3747,0.4,168,e25eb5b9df1b,420,"{'hysteresis_wait': 252, 'initial_reference': 84, 'maximum_silence': 83, 'partition_recovery': 1}",,0.817778141516662,14,21.0,0.3333333333333333,0,32.0,29,371.95976171823975
88,frozen_local_rule,88,28,,utility_restoration,6144,45,31,11,761,45,,2026-08-17T05:47:21.841035+00:00,medium,31.0,True,high,,158,15,5382,116280,,58,58,1.0,0.06212471786943392,33,762,uint8_simplex,8811016,pooled_current_private_evidence_pre_exchange,17800,dynamic_delta,78,0.9285714285714286,5065,high,266592,6212,31,60,271,private_fragmented,3,1.0480505352461478e-13,0.0,52.0,0.0,16.63809523809524,0.000894573075428984,1.1067260462820143,medium,11,-0.3214718110677079,0.07088995649098688,64836,278,16,12,0,88,0.1677822242335161,0.10567276621883462,0.11743183149498042,18,184,4,12,206,0.06650733718021039,0.12891469188621932,True,118,66708,,0,v8-development_final-utility_restoration-medium-high-high-medium-grid-private_fragmented-8811016-kpi_change-314c8c128df2-uint8_simplex-frozen_local_rule,kpi_change,561.2010489318604,19,0,142416,23736,0,201756,35604,development_final,208,0,2026-08-17T05:47:17.422096+00:00,308149f9c4a27894ab468ba4f5155be848e9c0d8593a87cfee395fbf2026b3c3,,grid,64836,278,5934,0.669047619047619,281,314c8c128df2,420,"{'initial_reference': 84, 'kpi_change': 305, 'maximum_silence': 30, 'partition_recovery': 1}",,0.817778141516662,14,21.0,0.3333333333333333,0,32.0,29,371.95976171823975
88,frozen_local_rule,88,28,,utility_restoration,6271,45,31,11,777,45,,2026-08-17T05:47:25.376813+00:00,medium,31.0,True,high,,157,15,5496,118660,,58,58,1.0,0.061870614741412075,32,775,uint8_simplex,8811016,pooled_current_private_evidence_pre_exchange,18038,dynamic_delta,78,0.9285714285714286,5175,high,270665,6338,31,60,270,private_fragmented,3,1.0480505352461478e-13,0.0,52.0,0.0,16.323809523809523,0.0008966897349040678,1.1067260462820143,medium,11,-0.3214718110677079,0.0708053758463287,64591,277,16,12,0,88,0.1677822242335161,0.10567276621883462,0.11743183149498042,18,184,4,12,206,0.0663379952938704,0.12891469188621932,True,118,68204,,0,v8-development_final-utility_restoration-medium-high-high-medium-grid-private_fragmented-8811016-kpi_change-99bcd7363413-uint8_simplex-frozen_local_rule,kpi_change,561.2010489318604,19,0,145464,24244,0,206074,36366,development_final,201,0,2026-08-17T05:47:20.645115+00:00,308149f9c4a27894ab468ba4f5155be848e9c0d8593a87cfee395fbf2026b3c3,,grid,64591,277,6061,0.680952380952381,286,99bcd7363413,420,"{'initial_reference': 84, 'kpi_change': 306, 'maximum_silence': 29, 'partition_recovery': 1}",,0.817778141516662,14,21.0,0.3333333333333333,0,32.0,29,371.95976171823975
86,frozen_local_rule,88,28,,utility_restoration,0,45,29,12,0,45,,2026-08-17T05:47:16.861905+00:00,medium,31.0,True,high,,158,15,0,0,,58,58,1.0,0.12250497883575784,36,0,uint8_simplex,8811016,pooled_current_private_evidence_pre_exchange,6271,dynamic_delta,77,0.9166666666666666,0,high,65043,279,29,60,272,private_fragmented,3,1.0480505352461478e-13,12.0,0.0,0.20689655172413793,0.0,0.0,3.2182799991723168,medium,12,-0.29188247351535634,0.08459980261205984,65043,279,16,13,0,86,0.17070555605928284,0.1259072716621519,0.13608733307517648,20,184,4,13,203,0.10355239072390884,0.15302242739245966,True,121,0,,0,v8-development_final-utility_restoration-medium-high-high-medium-grid-private_fragmented-8811016-none-806ed450405e-uint8_simplex-frozen_local_rule,none,551.8024463990884,19,0,0,0,0,0,0,development_final,0,0,2026-08-17T05:47:14.236427+00:00,308149f9c4a27894ab468ba4f5155be848e9c0d8593a87cfee395fbf2026b3c3,,grid,65043,279,0,0.0,0,806ed450405e,420,{'disabled': 420},,0.817778141516662,14,21.0,0.0,1,22.0,26,371.95976171823975
62,frozen_local_rule,68,28,,utility_restoration,9296,25,23,14,1135,25,,2026-08-17T05:46:00.072054+00:00,medium,31.0,True,high,,78,15,8212,176834,,52,52,1.0,0.05854916143684679,2,1084,uint8_simplex,8811012,pooled_current_private_evidence_pre_exchange,23122,dynamic_delta,66,0.7857142857142857,7819,medium,339506,9266,23,60,104,private_fragmented,3,5.861977570020827e-14,12.0,40.0,0.6923076923076923,11.466666666666667,0.0008950878615302843,8.794831563721218,low,14,-0.2154795059830674,0.06521130199413182,28576,121,16,8,0,62,0.172510558427539,0.10817565806226982,0.12205337413280162,5,80,4,8,327,0.0618802317154893,0.11198975578632644,True,81,102374,,0,v8-development_final-utility_restoration-medium-high-medium-low-grid-private_fragmented-8811012-always_on-f06f6808d09b-uint8_simplex-frozen_local_rule,always_on,579.2896439787833,22,0,219480,36580,0,310930,54870,development_final,108,0,2026-08-17T05:45:54.807515+00:00,e949f09c5e6b12849cc715004088515ba74b5b5a6f2f2e15251f5cc5bcb0737a,,grid,28576,121,9145,1.0,420,f06f6808d09b,420,"{'always_on': 336, 'initial_reference': 84}",,0.8565645335342877,20,19.0,0.0,0,27.4,19,394.1460743861213
64,frozen_local_rule,70,28,,utility_restoration,3719,25,27,12,466,25,,2026-08-17T05:46:08.451573+00:00,medium,31.0,True,high,,77,15,3313,71502,,52,52,1.0,0.06183446720514122,2,406,uint8_simplex,8811012,pooled_current_private_evidence_pre_exchange,12653,dynamic_delta,66,0.7857142857142857,3143,medium,153753,3804,27,60,104,private_fragmented,3,5.861977570020827e-14,24.0,52.0,1.1538461538461537,17.37142857142857,0.0008974582887615736,6.6861834781093465,low,12,-0.26204260258462986,0.06820900316123171,28531,121,16,9,0,64,0.172510558427539,0.11048591027814593,0.12305614655446023,5,80,4,9,326,0.06502173518318646,0.11544800114049004,True,84,41140,,0,v8-development_final-utility_restoration-medium-high-medium-low-grid-private_fragmented-8811012-generalized_information-347f2bd91f38-uint8_simplex-frozen_local_rule,generalized_information,600.6999758168025,22,0,88392,14732,0,125222,22098,development_final,201,0,2026-08-17T05:46:04.379890+00:00,e949f09c5e6b12849cc715004088515ba74b5b5a6f2f2e15251f5cc5bcb0737a,,grid,28531,121,3683,0.4,168,347f2bd91f38,420,"{'hysteresis_wait': 252, 'initial_reference': 84, 'maximum_silence': 84}",,0.8619604337688663,20,19.0,0.0,0,27.4,23,398.9104998980963
64,frozen_local_rule,70,28,,utility_restoration,3719,25,27,12,466,25,,2026-08-17T05:46:07.943765+00:00,medium,31.0,True,high,,77,15,3313,71502,,52,52,1.0,0.06183446720514122,2,406,uint8_simplex,8811012,pooled_current_private_evidence_pre_exchange,12653,dynamic_delta,66,0.7857142857142857,3143,medium,153753,3804,27,60,104,private_fragmented,3,5.861977570020827e-14,24.0,52.0,1.1538461538461537,17.37142857142857,0.0008974582887615736,6.6861834781093465,low,12,-0.26204260258462986,0.06820900316123171,28531,121,16,9,0,64,0.172510558427539,0.11048591027814593,0.12305614655446023,5,80,4,9,326,0.06502173518318646,0.11544800114049004,True,84,41140,,0,v8-development_final-utility_restoration-medium-high-medium-low-grid-private_fragmented-8811012-generalized_information-e25eb5b9df1b-uint8_simplex-frozen_local_rule,generalized_information,600.6999758168025,22,0,88392,14732,0,125222,22098,development_final,201,0,2026-08-17T05:46:03.840106+00:00,e949f09c5e6b12849cc715004088515ba74b5b5a6f2f2e15251f5cc5bcb0737a,,grid,28531,121,3683,0.4,168,e25eb5b9df1b,420,"{'hysteresis_wait': 252, 'initial_reference': 84, 'maximum_silence': 84}",,0.8619604337688663,20,19.0,0.0,0,27.4,23,398.9104998980963
63,frozen_local_rule,69,28,,utility_restoration,6213,25,25,13,766,25,,2026-08-17T05:46:09.545824+00:00,medium,31.0,True,high,,76,15,5487,118558,,52,52,1.0,0.05928715692569539,2,726,uint8_simplex,8811012,pooled_current_private_evidence_pre_exchange,17306,dynamic_delta,66,0.7857142857142857,5227,medium,235908,6237,25,60,101,private_fragmented,3,5.861977570020827e-14,12.0,52.0,0.6923076923076923,16.504761904761907,0.0008928895893912721,7.792565205545068,low,13,-0.24462378179816818,0.06530663691717428,27862,118,16,8,0,63,0.172510558427539,0.10626389882484043,0.11896911056299474,5,78,4,8,329,0.06229689692143484,0.11200713770847195,True,82,68000,,0,v8-development_final-utility_restoration-medium-high-medium-low-grid-private_fragmented-8811012-kpi_change-314c8c128df2-uint8_simplex-frozen_local_rule,kpi_change,600.6999758168025,22,0,146856,24476,0,208046,36714,development_final,204,0,2026-08-17T05:46:04.846861+00:00,e949f09c5e6b12849cc715004088515ba74b5b5a6f2f2e15251f5cc5bcb0737a,,grid,27862,118,6119,0.6738095238095239,283,314c8c128df2,420,"{'initial_reference': 84, 'kpi_change': 302, 'maximum_silence': 34}",,0.8619604337688663,20,19.0,0.0,0,27.4,21,398.9104998980963
63,frozen_local_rule,69,28,,utility_restoration,6504,25,25,13,800,25,,2026-08-17T05:46:14.648060+00:00,medium,31.0,True,high,,77,15,5747,123896,,52,52,1.0,0.05897916378707345,2,757,uint8_simplex,8811012,pooled_current_private_evidence_pre_exchange,17865,dynamic_delta,66,0.7857142857142857,5472,medium,246085,6525,25,60,103,private_fragmented,3,5.861977570020827e-14,12.0,52.0,0.6923076923076923,16.066666666666666,0.0008859427826731341,7.792565205545068,low,13,-0.24462378179816818,0.06558396580656677,28315,120,16,8,0,63,0.172510558427539,0.10626389882484043,0.11747598410990706,5,80,4,8,327,0.06228156479682011,0.11455869194421547,True,82,71502,,0,v8-development_final-utility_restoration-medium-high-medium-low-grid-private_fragmented-8811012-kpi_change-99bcd7363413-uint8_simplex-frozen_local_rule,kpi_change,600.6999758168025,22,0,153720,25620,0,217770,38430,development_final,200,0,2026-08-17T05:46:09.763128+00:00,e949f09c5e6b12849cc715004088515ba74b5b5a6f2f2e15251f5cc5bcb0737a,,grid,28315,120,6405,0.7023809523809523,295,99bcd7363413,420,"{'initial_reference': 84, 'kpi_change': 310, 'maximum_silence': 26}",,0.8619604337688663,20,19.0,0.0,0,27.4,21,398.9104998980963
73,frozen_local_rule,78,28,,utility_restoration,0,26,31,16,0,26,,2026-08-17T05:46:03.830878+00:00,medium,31.0,True,high,,72,15,0,0,,52,52,1.0,0.10082400060020075,1,0,uint8_simplex,8811012,pooled_current_private_evidence_pre_exchange,5610,dynamic_delta,65,0.7738095238095238,0,medium,26875,114,31,60,95,private_fragmented,3,7.638334409421077e-14,12.0,0.0,0.46153846153846156,0.0,0.0,6.139880439445737,low,16,-0.2809903529405915,0.06961991860781326,26875,114,16,9,0,73,0.20594319273233852,0.1165684743444757,0.14837298024757453,4,74,4,9,333,0.08522195960400701,0.15021534702260692,True,91,0,,0,v8-development_final-utility_restoration-medium-high-medium-low-grid-private_fragmented-8811012-none-806ed450405e-uint8_simplex-frozen_local_rule,none,604.307371635948,22,0,0,0,0,0,0,development_final,0,0,2026-08-17T05:46:00.956773+00:00,e949f09c5e6b12849cc715004088515ba74b5b5a6f2f2e15251f5cc5bcb0737a,,grid,26875,114,0,0.0,0,806ed450405e,420,{'disabled': 420},,0.861735438662789,20,19.0,0.0,0,27.4,27,398.9104998980963
26,frozen_local_rule,26,28,,utility_restoration,55932,9,10,7,7776,9,,2026-08-17T05:45:10.280274+00:00,medium,7.0,True,low,,36,15,49644,381378,,20,20,1.0,0.0634797371187683,7,6288,uint8_simplex,8811009,pooled_current_private_evidence_pre_exchange,110791,dynamic_delta,39,0.4642857142857143,52629,low,1874566,54875,10,60,37,private_fragmented,3,6.927791673660977e-14,12.0,24.0,1.8,10.323809523809524,0.00024538318112793866,3.063687163404806,low,7,0.07332722558723226,0.052959118455239214,10312,44,16,0,0,26,0.21065389260166653,0.11379868218888035,0.16249105714143597,1,25,3,0,394,0.05821942778700375,0.15527548211714223,True,27,1306518,,0,v8-development_final-utility_restoration-medium-low-low-low-scale_free-private_fragmented-8811009-always_on-f06f6808d09b-uint8_simplex-frozen_local_rule,always_on,74.77158541806804,7,0,1315944,219324,0,1864254,328986,development_final,36,0,2026-08-17T05:44:53.174616+00:00,0533bec784f1d9a1490a28075457c5aa143991bb94dedacc40fd0eedaa6e07b9,,scale_free,10312,44,54831,1.0,420,f06f6808d09b,420,"{'always_on': 336, 'initial_reference': 84}",,0.9095871128090768,3,11.0,0.0,1,30.0,8,63.98775341652932
25,frozen_local_rule,25,28,,utility_restoration,22854,8,10,7,3236,8,,2026-08-17T05:45:07.420439+00:00,medium,31.0,True,low,,33,15,20609,153102,,18,20,0.9,0.07290626480440486,6,2245,uint8_simplex,8811009,pooled_current_private_evidence_pre_exchange,48661,dynamic_delta,37,0.44047619047619047,21784,low,780649,22724,10,60,33,private_fragmented,3,6.927791673660977e-14,48.0,52.0,4.4,17.942857142857143,0.00024235137150544208,2.9036871634048063,low,7,0.07164059045400889,0.05701272122394089,9393,40,16,0,0,25,0.21065389260166653,0.11601067086957081,0.16377829716507475,1,21,3,0,398,0.06495949301417288,0.15189121905621628,True,26,547604,,0,v8-development_final-utility_restoration-medium-low-low-low-scale_free-private_fragmented-8811009-generalized_information-347f2bd91f38-uint8_simplex-frozen_local_rule,generalized_information,74.77158541806804,7,0,544416,90736,0,771256,136104,development_final,213,0,2026-08-17T05:44:58.413418+00:00,0533bec784f1d9a1490a28075457c5aa143991bb94dedacc40fd0eedaa6e07b9,,scale_free,9393,40,22684,0.4,168,347f2bd91f38,420,"{'hysteresis_wait': 252, 'initial_reference': 84, 'maximum_silence': 84}",,0.9134778672914199,3,11.0,0.0,1,30.0,8,63.98775341652932
25,frozen_local_rule,25,28,,utility_restoration,22854,8,10,7,3236,8,,2026-08-17T05:45:05.612771+00:00,medium,31.0,True,low,,33,15,20609,153102,,18,20,0.9,0.07290626480440486,6,2245,uint8_simplex,8811009,pooled_current_private_evidence_pre_exchange,48661,dynamic_delta,37,0.44047619047619047,21784,low,780649,22724,10,60,33,private_fragmented,3,6.927791673660977e-14,48.0,52.0,4.4,17.942857142857143,0.00024235137150544208,2.9036871634048063,low,7,0.07164059045400889,0.05701272122394089,9393,40,16,0,0,25,0.21065389260166653,0.11601067086957081,0.16377829716507475,1,21,3,0,398,0.06495949301417288,0.15189121905621628,True,26,547604,,0,v8-development_final-utility_restoration-medium-low-low-low-scale_free-private_fragmented-8811009-generalized_information-e25eb5b9df1b-uint8_simplex-frozen_local_rule,generalized_information,74.77158541806804,7,0,544416,90736,0,771256,136104,development_final,213,0,2026-08-17T05:44:56.496341+00:00,0533bec784f1d9a1490a28075457c5aa143991bb94dedacc40fd0eedaa6e07b9,,scale_free,9393,40,22684,0.4,168,e25eb5b9df1b,420,"{'hysteresis_wait': 252, 'initial_reference': 84, 'maximum_silence': 84}",,0.9134778672914199,3,11.0,0.0,1,30.0,8,63.98775341652932
26,frozen_local_rule,26,28,,utility_restoration,27463,9,10,7,3785,9,,2026-08-17T05:45:16.108883+00:00,medium,31.0,True,low,,34,15,24551,188598,,20,20,1.0,0.06891012792584277,6,2912,uint8_simplex,8811009,pooled_current_private_evidence_pre_exchange,57225,dynamic_delta,38,0.4523809523809524,25990,low,929934,27097,10,60,35,private_fragmented,3,6.927791673660977e-14,12.0,48.0,1.2,18.247619047619047,0.00024542216814748695,3.063687163404806,low,7,0.07332722558723226,0.05412178390742159,10098,43,16,0,0,26,0.21065389260166653,0.11081522347209534,0.15513952580232593,2,22,3,0,396,0.06151595591663218,0.15294968493322894,True,28,646136,,0,v8-development_final-utility_restoration-medium-low-low-low-scale_free-private_fragmented-8811009-kpi_change-314c8c128df2-uint8_simplex-frozen_local_rule,kpi_change,74.77158541806804,7,0,649296,108216,0,919836,162324,development_final,232,0,2026-08-17T05:45:05.993386+00:00,0533bec784f1d9a1490a28075457c5aa143991bb94dedacc40fd0eedaa6e07b9,,scale_free,10098,43,27054,0.4928571428571429,207,314c8c128df2,420,"{'initial_reference': 84, 'kpi_change': 279, 'maximum_silence': 57}",,0.9095871128090768,3,11.0,0.0,1,30.0,8,63.98775341652932
26,frozen_local_rule,26,28,,utility_restoration,29339,9,10,7,4037,9,,2026-08-17T05:45:24.884312+00:00,medium,31.0,True,low,,37,15,26211,201280,,20,20,1.0,0.06858323740325104,7,3128,uint8_simplex,8811009,pooled_current_private_evidence_pre_exchange,60772,dynamic_delta,38,0.4523809523809524,27753,low,992436,28918,10,60,38,private_fragmented,3,6.927791673660977e-14,12.0,48.0,1.2,18.485714285714284,0.00024001460236349509,3.063687163404806,low,7,0.07332722558723226,0.05377271656915068,10788,46,16,0,0,26,0.21065389260166653,0.10799275346941421,0.15441361515286375,2,25,3,0,393,0.06117797698620086,0.15294968493322894,True,28,689894,,0,v8-development_final-utility_restoration-medium-low-low-low-scale_free-private_fragmented-8811009-kpi_change-99bcd7363413-uint8_simplex-frozen_local_rule,kpi_change,74.77158541806804,7,0,692928,115488,0,981648,173232,development_final,232,0,2026-08-17T05:45:13.786460+00:00,0533bec784f1d9a1490a28075457c5aa143991bb94dedacc40fd0eedaa6e07b9,,scale_free,10788,46,28872,0.5261904761904762,221,99bcd7363413,420,"{'initial_reference': 84, 'kpi_change': 284, 'maximum_silence': 52}",,0.9095871128090768,3,11.0,0.0,1,30.0,8,63.98775341652932
25,frozen_local_rule,25,28,,utility_restoration,0,8,10,7,0,8,,2026-08-17T05:44:56.003727+00:00,medium,31.0,True,low,,38,15,0,0,,20,20,1.0,0.07986888070782563,9,0,uint8_simplex,8811009,pooled_current_private_evidence_pre_exchange,5223,dynamic_delta,22,0.2619047619047619,0,low,11007,47,10,60,40,private_fragmented,3,6.927791673660977e-14,0.0,0.0,0.0,0.0,0.0,2.873687163404806,low,7,0.0727747532249047,0.05532947772697175,11007,47,16,0,0,25,0.2139184307503931,0.09346989724847167,0.16246347470553685,3,26,3,0,391,0.06759917921739869,0.15861769320312774,True,28,0,,0,v8-development_final-utility_restoration-medium-low-low-low-scale_free-private_fragmented-8811009-none-806ed450405e-uint8_simplex-frozen_local_rule,none,70.85019196296305,7,0,0,0,0,0,0,development_final,0,0,2026-08-17T05:44:53.289320+00:00,0533bec784f1d9a1490a28075457c5aa143991bb94dedacc40fd0eedaa6e07b9,,scale_free,11007,47,0,0.0,0,806ed450405e,420,{'disabled': 420},,0.9134778672914199,3,14.0,0.0,2,30.0,7,63.98775341652932
60,frozen_local_rule,60,28,,utility_restoration,8661,27,24,8,1013,27,,2026-08-17T05:46:37.526181+00:00,medium,31.0,True,low,,66,15,7257,163166,,36,36,1.0,0.06225835021373628,28,1404,uint8_simplex,8811014,pooled_current_private_evidence_pre_exchange,21485,dynamic_delta,71,0.8452380952380952,6806,medium,300311,8136,24,60,110,private_fragmented,3,1.4299672557172016e-13,12.0,48.0,1.3333333333333333,12.942857142857143,0.0009076469893752829,-0.21274646859006158,high,8,-0.06776816487582873,0.06444694786027615,27699,118,16,2,0,60,0.1889559868676818,0.11244448508096351,0.12733816462377565,5,70,4,2,343,0.06335264903700623,0.12117092937843912,True,67,83572,,0,v8-development_final-utility_restoration-medium-low-medium-high-grid-private_fragmented-8811014-always_on-f06f6808d09b-uint8_simplex-frozen_local_rule,always_on,107.89361587087056,9,0,192432,32072,0,272612,48108,development_final,135,0,2026-08-17T05:46:32.314194+00:00,cd2cbc8a7264b66190431572a0c9ac7c8bb6fd91edaf5d2b260d9a3ee700649c,,grid,27699,118,8018,1.0,420,f06f6808d09b,420,"{'always_on': 336, 'initial_reference': 84}",,0.8589419843118211,6,16.0,0.3333333333333333,0,23.0,20,0.0
60,frozen_local_rule,60,28,,utility_restoration,3774,27,23,9,450,27,,2026-08-17T05:46:44.934160+00:00,medium,31.0,True,low,,65,15,3308,71230,,36,36,1.0,0.06580818506509468,28,466,uint8_simplex,8811014,pooled_current_private_evidence_pre_exchange,12639,dynamic_delta,71,0.8452380952380952,3113,medium,151509,3771,23,60,107,private_fragmented,3,1.4299672557172016e-13,36.0,52.0,3.3333333333333335,18.238095238095237,0.0008644687347641168,0.1120943168264876,high,9,-0.06235415178555292,0.07004448738011891,27239,116,16,2,0,60,0.1889559868676818,0.12352543411543788,0.1363663177852097,5,68,4,2,345,0.06792633622260681,0.1265913855514643,True,67,41242,,0,v8-development_final-utility_restoration-medium-low-medium-high-grid-private_fragmented-8811014-generalized_information-347f2bd91f38-uint8_simplex-frozen_local_rule,generalized_information,107.89361587087056,9,0,87720,14620,0,124270,21930,development_final,215,0,2026-08-17T05:46:40.743300+00:00,cd2cbc8a7264b66190431572a0c9ac7c8bb6fd91edaf5d2b260d9a3ee700649c,,grid,27239,116,3655,0.40476190476190477,170,347f2bd91f38,420,"{'hysteresis_wait': 250, 'initial_reference': 84, 'maximum_silence': 83, 'partition_recovery': 3}",,0.8589419843118211,6,16.0,0.3333333333333333,0,23.0,19,0.0
60,frozen_local_rule,60,28,,utility_restoration,3774,27,23,9,450,27,,2026-08-17T05:46:44.293807+00:00,medium,31.0,True,low,,65,15,3308,71230,,36,36,1.0,0.06580818506509468,28,466,uint8_simplex,8811014,pooled_current_private_evidence_pre_exchange,12639,dynamic_delta,71,0.8452380952380952,3113,medium,151509,3771,23,60,107,private_fragmented,3,1.4299672557172016e-13,36.0,52.0,3.3333333333333335,18.238095238095237,0.0008644687347641168,0.1120943168264876,high,9,-0.06235415178555292,0.07004448738011891,27239,116,16,2,0,60,0.1889559868676818,0.12352543411543788,0.1363663177852097,5,68,4,2,345,0.06792633622260681,0.1265913855514643,True,67,41242,,0,v8-development_final-utility_restoration-medium-low-medium-high-grid-private_fragmented-8811014-generalized_information-e25eb5b9df1b-uint8_simplex-frozen_local_rule,generalized_information,107.89361587087056,9,0,87720,14620,0,124270,21930,development_final,215,0,2026-08-17T05:46:40.138020+00:00,cd2cbc8a7264b66190431572a0c9ac7c8bb6fd91edaf5d2b260d9a3ee700649c,,grid,27239,116,3655,0.40476190476190477,170,e25eb5b9df1b,420,"{'hysteresis_wait': 250, 'initial_reference': 84, 'maximum_silence': 83, 'partition_recovery': 3}",,0.8589419843118211,6,16.0,0.3333333333333333,0,23.0,19,0.0
61,frozen_local_rule,61,28,,utility_restoration,5326,27,24,9,632,27,,2026-08-17T05:46:47.212514+00:00,medium,31.0,True,low,,65,15,4511,100606,,36,36,1.0,0.06444822645252447,28,815,uint8_simplex,8811014,pooled_current_private_evidence_pre_exchange,15402,dynamic_delta,71,0.8452380952380952,4230,medium,197177,5108,24,60,109,private_fragmented,3,1.4299672557172016e-13,36.0,52.0,2.6666666666666665,17.885714285714286,0.0009094979568495294,-0.10790568317351273,high,9,-0.065991336025123,0.06691600907171598,27483,117,16,2,0,61,0.1889559868676818,0.11592676332310348,0.13218438667616123,5,68,4,2,345,0.06568211776212023,0.1300845729739296,True,68,52768,,0,v8-development_final-utility_restoration-medium-low-medium-high-grid-private_fragmented-8811014-kpi_change-314c8c128df2-uint8_simplex-frozen_local_rule,kpi_change,107.89361587087056,9,0,119784,19964,0,169694,29946,development_final,214,0,2026-08-17T05:46:42.460824+00:00,cd2cbc8a7264b66190431572a0c9ac7c8bb6fd91edaf5d2b260d9a3ee700649c,,grid,27483,117,4991,0.6,252,314c8c128df2,420,"{'initial_reference': 84, 'kpi_change': 285, 'maximum_silence': 48, 'partition_recovery': 3}",,0.8589419843118211,6,16.0,0.3333333333333333,0,23.0,20,0.0
61,frozen_local_rule,61,28,,utility_restoration,5617,27,24,9,661,27,,2026-08-17T05:46:50.817271+00:00,medium,31.0,True,low,,66,15,4749,106318,,36,36,1.0,0.06442825514159785,28,868,uint8_simplex,8811014,pooled_current_private_evidence_pre_exchange,15931,dynamic_delta,71,0.8452380952380952,4447,medium,205823,5363,24,60,109,private_fragmented,3,1.4299672557172016e-13,24.0,52.0,2.0,17.685714285714287,0.000914557201566677,-0.10790568317351273,high,9,-0.065991336025123,0.06716755828109872,27459,117,16,2,0,61,0.1889559868676818,0.11592676332310348,0.13218438667616123,5,69,4,2,344,0.06579790671134829,0.12705144958393275,True,68,55148,,0,v8-development_final-utility_restoration-medium-low-medium-high-grid-private_fragmented-8811014-kpi_change-99bcd7363413-uint8_simplex-frozen_local_rule,kpi_change,107.89361587087056,9,0,125904,20984,0,178364,31476,development_final,214,0,2026-08-17T05:46:46.187190+00:00,cd2cbc8a7264b66190431572a0c9ac7c8bb6fd91edaf5d2b260d9a3ee700649c,,grid,27459,117,5246,0.6357142857142857,267,99bcd7363413,420,"{'initial_reference': 84, 'kpi_change': 291, 'maximum_silence': 42, 'partition_recovery': 3}",,0.8589419843118211,6,16.0,0.3333333333333333,0,23.0,20,0.0
62,frozen_local_rule,62,28,,utility_restoration,0,29,22,10,0,29,,2026-08-17T05:46:41.874045+00:00,medium,31.0,True,low,,63,15,0,0,,36,36,1.0,0.11464513909279579,29,0,uint8_simplex,8811014,pooled_current_private_evidence_pre_exchange,5555,dynamic_delta,72,0.8571428571428571,0,medium,26952,115,22,60,105,private_fragmented,3,1.4299672557172016e-13,36.0,0.0,1.3333333333333333,0.0,0.0,1.3091736011842987,high,10,-0.04310668715441967,0.07776796886853572,26952,115,16,2,0,62,0.20922807968629956,0.13281517832900758,0.14945143665112945,5,68,4,2,345,0.09620655398066577,0.1625915128019986,True,69,0,,0,v8-development_final-utility_restoration-medium-low-medium-high-grid-private_fragmented-8811014-none-806ed450405e-uint8_simplex-frozen_local_rule,none,107.89361587087056,10,0,0,0,0,0,0,development_final,0,0,2026-08-17T05:46:39.254704+00:00,cd2cbc8a7264b66190431572a0c9ac7c8bb6fd91edaf5d2b260d9a3ee700649c,,grid,26952,115,0,0.0,0,806ed450405e,420,{'disabled': 420},,0.8589419843118211,6,16.0,0.3333333333333333,0,23.0,18,0.0
71,frozen_local_rule,71,28,,utility_restoration,45023,39,14,18,5829,39,,2026-08-17T05:46:24.638444+00:00,medium,31.0,True,medium,,209,15,37982,367472,,41,41,1.0,0.051184696190345026,72,7041,uint8_simplex,8811013,pooled_current_private_evidence_pre_exchange,89212,dynamic_delta,77,0.9166666666666666,40144,high,1500974,42496,14,60,278,private_fragmented,3,8.704148513061227e-14,0.0,40.0,0.0,12.2,0.00029615790785093485,8.096928609391437,medium,18,-0.1940768286585431,0.06448533391777589,65630,280,16,11,0,71,0.1532789068930784,0.10373800924244712,0.11377806370665138,7,201,4,11,201,0.057835015054060454,0.12062739805216569,True,89,923916,,0,v8-development_final-utility_restoration-medium-medium-high-medium-scale_free-private_fragmented-8811013-always_on-f06f6808d09b-uint8_simplex-frozen_local_rule,always_on,517.6383688192765,8,0,1013184,168864,0,1435344,253296,development_final,121,0,2026-08-17T05:46:10.262317+00:00,03f5ba019bd75cb0285ab96d63e8ba41f9b201d0dccc4c612c1832f8c379a231,,scale_free,65630,280,42216,1.0,420,f06f6808d09b,420,"{'always_on': 336, 'initial_reference': 84}",,0.7767167280792935,5,13.0,0.0,1,22.0,17,254.86274983377444
71,frozen_local_rule,71,28,,utility_restoration,19763,38,15,18,2624,38,,2026-08-17T05:46:25.357243+00:00,medium,31.0,True,medium,,201,15,17204,150314,,41,41,1.0,0.0517781067868087,70,2559,uint8_simplex,8811013,pooled_current_private_evidence_pre_exchange,43149,dynamic_delta,77,0.9166666666666666,18231,high,714694,19405,15,60,271,private_fragmented,3,8.704148513061227e-14,0.0,52.0,0.0,18.076190476190476,0.00028817434359120403,7.728928609391437,medium,18,-0.14644073646506278,0.06433502978532629,64240,274,16,11,0,71,0.1532789068930784,0.10630950412049323,0.11638432094767057,6,196,4,11,207,0.05805656828606749,0.12062739805216569,True,88,434622,,0,v8-development_final-utility_restoration-medium-medium-high-medium-scale_free-private_fragmented-8811013-generalized_information-347f2bd91f38-uint8_simplex-frozen_local_rule,generalized_information,428.90212830042674,8,0,459144,76524,0,650454,114786,development_final,212,0,2026-08-17T05:46:16.965113+00:00,03f5ba019bd75cb0285ab96d63e8ba41f9b201d0dccc4c612c1832f8c379a231,,scale_free,64240,274,19131,0.4,168,347f2bd91f38,420,"{'hysteresis_wait': 252, 'initial_reference': 84, 'maximum_silence': 84}",,0.7767167280792935,5,13.0,0.0,1,22.0,17,209.4807922877281
71,frozen_local_rule,71,28,,utility_restoration,19763,38,15,18,2624,38,,2026-08-17T05:46:23.951494+00:00,medium,31.0,True,medium,,201,15,17204,150314,,41,41,1.0,0.0517781067868087,70,2559,uint8_simplex,8811013,pooled_current_private_evidence_pre_exchange,43149,dynamic_delta,77,0.9166666666666666,18231,high,714694,19405,15,60,271,private_fragmented,3,8.704148513061227e-14,0.0,52.0,0.0,18.076190476190476,0.00028817434359120403,7.728928609391437,medium,18,-0.14644073646506278,0.06433502978532629,64240,274,16,11,0,71,0.1532789068930784,0.10630950412049323,0.11638432094767057,6,196,4,11,207,0.05805656828606749,0.12062739805216569,True,88,434622,,0,v8-development_final-utility_restoration-medium-medium-high-medium-scale_free-private_fragmented-8811013-generalized_information-e25eb5b9df1b-uint8_simplex-frozen_local_rule,generalized_information,428.90212830042674,8,0,459144,76524,0,650454,114786,development_final,212,0,2026-08-17T05:46:15.773184+00:00,03f5ba019bd75cb0285ab96d63e8ba41f9b201d0dccc4c612c1832f8c379a231,,scale_free,64240,274,19131,0.4,168,e25eb5b9df1b,420,"{'hysteresis_wait': 252, 'initial_reference': 84, 'maximum_silence': 84}",,0.7767167280792935,5,13.0,0.0,1,22.0,17,209.4807922877281
71,frozen_local_rule,71,28,,utility_restoration,33484,40,13,18,4367,40,,2026-08-17T05:46:28.950191+00:00,medium,31.0,True,medium,,204,15,28411,270470,,41,41,1.0,0.05094974633198796,70,5073,uint8_simplex,8811013,pooled_current_private_evidence_pre_exchange,68079,dynamic_delta,77,0.9166666666666666,30029,high,1137728,31850,13,60,272,private_fragmented,3,8.704148513061227e-14,0.0,48.0,0.0,17.695238095238096,0.000295498976786927,8.476928609391438,medium,18,-0.13590552519745713,0.06384560532561745,64144,274,16,11,0,71,0.1532789068930784,0.10277445205057527,0.11375448800318064,6,197,4,11,206,0.0573976758288027,0.12062739805216569,True,88,695504,,0,v8-development_final-utility_restoration-medium-medium-high-medium-scale_free-private_fragmented-8811013-kpi_change-314c8c128df2-uint8_simplex-frozen_local_rule,kpi_change,428.90212830042674,8,0,757824,126304,0,1073584,189456,development_final,231,0,2026-08-17T05:46:17.313295+00:00,03f5ba019bd75cb0285ab96d63e8ba41f9b201d0dccc4c612c1832f8c379a231,,scale_free,64144,274,31576,0.7333333333333333,308,314c8c128df2,420,"{'initial_reference': 84, 'kpi_change': 309, 'maximum_silence': 27}",,0.7767167280792935,5,13.0,0.0,1,22.0,15,209.4807922877281
72,frozen_local_rule,72,28,,utility_restoration,34361,40,14,18,4480,40,,2026-08-17T05:46:42.296360+00:00,medium,31.0,True,medium,,204,15,29095,278834,,41,41,1.0,0.05121438129811341,71,5266,uint8_simplex,8811013,pooled_current_private_evidence_pre_exchange,69649,dynamic_delta,77,0.9166666666666666,30755,high,1164198,32617,14,60,274,private_fragmented,3,8.704148513061227e-14,0.0,48.0,0.0,17.152380952380952,0.0002957894236308805,8.256928609391437,medium,18,-0.14061932187378567,0.0632378230357372,64604,276,16,11,0,72,0.1532789068930784,0.102639159319761,0.11377806370665138,6,198,4,11,205,0.05722610216692531,0.12062739805216569,True,89,710396,,0,v8-development_final-utility_restoration-medium-medium-high-medium-scale_free-private_fragmented-8811013-kpi_change-99bcd7363413-uint8_simplex-frozen_local_rule,kpi_change,428.90212830042674,8,0,776184,129364,0,1099594,194046,development_final,222,0,2026-08-17T05:46:30.743631+00:00,03f5ba019bd75cb0285ab96d63e8ba41f9b201d0dccc4c612c1832f8c379a231,,scale_free,64604,276,32341,0.7571428571428571,318,99bcd7363413,420,"{'initial_reference': 84, 'kpi_change': 309, 'maximum_silence': 27}",,0.7767167280792935,5,13.0,0.0,1,22.0,16,209.4807922877281
72,frozen_local_rule,72,28,,utility_restoration,0,38,14,20,0,38,,2026-08-17T05:46:15.206038+00:00,medium,31.0,True,medium,,202,15,0,0,,36,36,1.0,0.12017474787883037,63,0,uint8_simplex,8811013,pooled_current_private_evidence_pre_exchange,6186,dynamic_delta,78,0.9285714285714286,0,high,63963,273,14,60,270,private_fragmented,3,8.704148513061227e-14,0.0,0.0,0.0,0.0,0.0,7.860298544255336,medium,20,-0.13699006432227423,0.0840753319362357,63963,273,16,13,0,72,0.17190089661465105,0.1269741944032431,0.138423485371491,6,191,4,13,210,0.10212503990753302,0.15249226627894935,True,91,0,,0,v8-development_final-utility_restoration-medium-medium-high-medium-scale_free-private_fragmented-8811013-none-806ed450405e-uint8_simplex-frozen_local_rule,none,413.5502740940452,8,0,0,0,0,0,0,development_final,0,0,2026-08-17T05:46:12.427655+00:00,03f5ba019bd75cb0285ab96d63e8ba41f9b201d0dccc4c612c1832f8c379a231,,scale_free,63963,273,0,0.0,0,806ed450405e,420,{'disabled': 420},,0.7985917280792935,5,8.0,0.0,0,22.0,18,200.77976269883897
62,frozen_local_rule,86,28,,utility_restoration,43010,22,20,20,5564,22,,2026-08-17T05:47:00.457950+00:00,medium,31.0,True,medium,,82,15,35355,339150,,76,79,0.9620253164556962,0.08212699626603068,20,7655,uint8_simplex,8811015,pooled_current_private_evidence_pre_exchange,83906,dynamic_delta,16,0.19047619047619047,37111,low,1353643,39155,20,60,84,private_fragmented,3,1.2434497875801753e-14,12.0,40.0,3.189873417721519,13.933333333333334,0.0003010134269767647,7.9378981494378404,high,20,-0.38438485541148,0.07712919500878429,26113,110,16,21,0,62,0.20197018825781352,0.15760048588937428,0.1650109490003091,3,52,4,21,344,0.07962809563740748,0.18239641855846805,True,110,862920,,0,v8-development_final-utility_restoration-medium-medium-low-high-scale_free-private_fragmented-8811015-always_on-f06f6808d09b-uint8_simplex-frozen_local_rule,always_on,800.8324744291418,10,0,937080,156180,0,1327530,234270,development_final,133,0,2026-08-17T05:46:46.804014+00:00,7299501958004522f2fff2b1a2362b44836286227e19da23620d0f24b214c542,,scale_free,26113,110,39045,1.0,420,f06f6808d09b,420,"{'always_on': 336, 'initial_reference': 84}",,0.8753710016037628,17,17.0,0.0,2,23.0,18,345.636275884201
61,frozen_local_rule,83,28,,utility_restoration,20105,23,19,19,2755,23,,2026-08-17T05:47:01.587690+00:00,medium,31.0,True,medium,,81,15,17536,150858,,76,79,0.9620253164556962,0.08749496223325512,21,2569,uint8_simplex,8811015,pooled_current_private_evidence_pre_exchange,43174,dynamic_delta,17,0.20238095238095238,18449,low,683509,19457,19,60,85,private_fragmented,3,1.2434497875801753e-14,24.0,40.0,3.037974683544304,17.714285714285715,0.00028758988698791176,8.743241052359517,high,19,-0.3713457430411273,0.08289566823379632,25643,108,16,21,0,61,0.20197018825781352,0.1570028274249688,0.16588278030447373,3,53,4,21,343,0.08519531523352572,0.18439980025568653,True,107,445366,,0,v8-development_final-utility_restoration-medium-medium-low-high-scale_free-private_fragmented-8811015-generalized_information-347f2bd91f38-uint8_simplex-frozen_local_rule,generalized_information,800.8324744291418,10,0,464376,77396,0,657866,116094,development_final,214,0,2026-08-17T05:46:53.267297+00:00,7299501958004522f2fff2b1a2362b44836286227e19da23620d0f24b214c542,,scale_free,25643,108,19349,0.4,168,347f2bd91f38,420,"{'hysteresis_wait': 252, 'initial_reference': 84, 'maximum_silence': 83, 'partition_recovery': 1}",,0.8753710016037628,17,17.0,0.0,2,23.0,17,345.636275884201
61,frozen_local_rule,83,28,,utility_restoration,20105,23,19,19,2755,23,,2026-08-17T05:47:01.218032+00:00,medium,31.0,True,medium,,81,15,17536,150858,,76,79,0.9620253164556962,0.08749496223325512,21,2569,uint8_simplex,8811015,pooled_current_private_evidence_pre_exchange,43174,dynamic_delta,17,0.20238095238095238,18449,low,683509,19457,19,60,85,private_fragmented,3,1.2434497875801753e-14,24.0,40.0,3.037974683544304,17.714285714285715,0.00028758988698791176,8.743241052359517,high,19,-0.3713457430411273,0.08289566823379632,25643,108,16,21,0,61,0.20197018825781352,0.1570028274249688,0.16588278030447373,3,53,4,21,343,0.08519531523352572,0.18439980025568653,True,107,445366,,0,v8-development_final-utility_restoration-medium-medium-low-high-scale_free-private_fragmented-8811015-generalized_information-e25eb5b9df1b-uint8_simplex-frozen_local_rule,generalized_information,800.8324744291418,10,0,464376,77396,0,657866,116094,development_final,214,0,2026-08-17T05:46:52.885269+00:00,7299501958004522f2fff2b1a2362b44836286227e19da23620d0f24b214c542,,scale_free,25643,108,19349,0.4,168,e25eb5b9df1b,420,"{'hysteresis_wait': 252, 'initial_reference': 84, 'maximum_silence': 83, 'partition_recovery': 1}",,0.8753710016037628,17,17.0,0.0,2,23.0,17,345.636275884201
65,frozen_local_rule,89,28,,utility_restoration,29399,24,21,20,3800,24,,2026-08-17T05:47:04.966512+00:00,medium,31.0,True,medium,,79,15,24281,231438,,79,79,1.0,0.08167604726822215,21,5118,uint8_simplex,8811015,pooled_current_private_evidence_pre_exchange,59213,dynamic_delta,16,0.19047619047619047,25551,low,937452,26933,21,60,80,private_fragmented,3,1.2434497875801753e-14,12.0,52.0,2.278481012658228,18.285714285714285,0.00029213410622795947,8.457241052359523,high,20,-0.38166081632042287,0.07784101598847483,25368,107,16,19,0,65,0.20197018825781352,0.15557131963551563,0.16409431042638772,3,50,4,19,348,0.0797585316283485,0.17642073900946736,True,111,594116,,0,v8-development_final-utility_restoration-medium-medium-low-high-scale_free-private_fragmented-8811015-kpi_change-314c8c128df2-uint8_simplex-frozen_local_rule,kpi_change,800.8324744291418,10,0,643824,107304,0,912084,160956,development_final,227,0,2026-08-17T05:46:54.569480+00:00,7299501958004522f2fff2b1a2362b44836286227e19da23620d0f24b214c542,,scale_free,25368,107,26826,0.6761904761904762,284,314c8c128df2,420,"{'initial_reference': 84, 'kpi_change': 321, 'maximum_silence': 14, 'partition_recovery': 1}",,0.8718671819171054,17,17.0,0.0,2,23.0,19,345.636275884201
64,frozen_local_rule,87,28,,utility_restoration,30779,24,21,19,3952,24,,2026-08-17T05:47:18.615961+00:00,medium,31.0,True,medium,,82,15,25284,242046,,79,79,1.0,0.08239801298127349,21,5495,uint8_simplex,8811015,pooled_current_private_evidence_pre_exchange,61607,dynamic_delta,16,0.19047619047619047,26614,low,976364,28059,21,60,84,private_fragmented,3,1.2434497875801753e-14,12.0,52.0,2.8860759493670884,17.99047619047619,0.0002930724968428306,8.457241052359523,high,19,-0.37947632941551274,0.07741917779842333,26098,110,16,21,0,64,0.20197018825781352,0.15726051589077172,0.1644788199552623,3,52,4,21,344,0.07990859538984839,0.18280974964820718,True,111,617610,,0,v8-development_final-utility_restoration-medium-medium-low-high-scale_free-private_fragmented-8811015-kpi_change-99bcd7363413-uint8_simplex-frozen_local_rule,kpi_change,800.8324744291418,10,0,670776,111796,0,950266,167694,development_final,221,0,2026-08-17T05:47:08.031780+00:00,7299501958004522f2fff2b1a2362b44836286227e19da23620d0f24b214c542,,scale_free,26098,110,27949,0.7095238095238096,298,99bcd7363413,420,"{'initial_reference': 84, 'kpi_change': 325, 'maximum_silence': 10, 'partition_recovery': 1}",,0.8753710016037628,17,17.0,0.0,2,23.0,19,345.636275884201
63,frozen_local_rule,85,28,,utility_restoration,0,24,20,19,0,24,,2026-08-17T05:46:52.351158+00:00,medium,31.0,True,medium,,83,15,0,0,,79,79,1.0,0.08229356136853046,20,0,uint8_simplex,8811015,pooled_current_private_evidence_pre_exchange,5538,dynamic_delta,16,0.19047619047619047,0,low,25687,108,20,60,85,private_fragmented,3,1.2434497875801753e-14,0.0,0.0,0.0,0.0,0.0,8.683241052359516,high,19,-0.3745302195974305,0.05658396503997627,25687,108,16,20,0,63,0.21015994766089122,0.08762413809252306,0.17000164874683324,3,51,4,20,346,0.06943876320425336,0.16661001417180035,True,108,0,,0,v8-development_final-utility_restoration-medium-medium-low-high-scale_free-private_fragmented-8811015-none-806ed450405e-uint8_simplex-frozen_local_rule,none,800.8324744291418,10,0,0,0,0,0,0,development_final,0,0,2026-08-17T05:46:49.581355+00:00,7299501958004522f2fff2b1a2362b44836286227e19da23620d0f24b214c542,,scale_free,25687,108,0,0.0,0,806ed450405e,420,{'disabled': 420},,0.873077853500435,17,17.0,0.0,2,23.0,18,345.636275884201
60,frozen_local_rule,60,28,,utility_restoration,9114,25,20,14,1058,25,,2026-08-17T05:45:20.742006+00:00,medium,31.0,True,medium,,75,15,7867,172448,,58,58,1.0,0.06501790751273166,40,1247,uint8_simplex,8811010,pooled_current_private_evidence_pre_exchange,22590,dynamic_delta,60,0.7142857142857143,7454,medium,327823,8867,20,60,119,private_fragmented,3,6.927791673660977e-14,12.0,52.0,0.6206896551724138,12.514285714285714,0.0009097530702780477,-3.3416267488058122,medium,14,-0.33959660587954904,0.06975054201617353,30799,131,16,8,0,60,0.1704996920482634,0.11854687100041489,0.13277346320994154,10,80,4,8,322,0.06738422476445258,0.12847599565832218,True,78,95030,,0,v8-development_final-utility_restoration-medium-medium-medium-medium-grid-private_fragmented-8811010-always_on-f06f6808d09b-uint8_simplex-frozen_local_rule,always_on,476.9567489110796,14,0,209664,34944,0,297024,52416,development_final,115,0,2026-08-17T05:45:15.420563+00:00,82195c0cb0b9ba5750386da3a92483458f447847392d278ccabb43d0466b5884,,grid,30799,131,8736,1.0,420,f06f6808d09b,420,"{'always_on': 336, 'initial_reference': 84}",,0.8770003637123314,11,18.0,0.3333333333333333,0,26.333333333333332,20,322.11049763993356
60,frozen_local_rule,60,28,,utility_restoration,3831,25,19,15,451,25,,2026-08-17T05:45:31.405639+00:00,medium,31.0,True,medium,,76,15,3386,71978,,58,58,1.0,0.0663753271350429,40,445,uint8_simplex,8811010,pooled_current_private_evidence_pre_exchange,12826,dynamic_delta,58,0.6904761904761905,3230,medium,158963,3901,19,60,119,private_fragmented,3,6.927791673660977e-14,24.0,52.0,1.0344827586206897,18.085714285714285,0.000887785643219883,-2.044747561653522,medium,15,-0.3179819527603442,0.07170590269557094,30783,131,16,8,0,60,0.18506954905753759,0.12846721271540948,0.1459945953386248,11,79,4,8,322,0.06904061491530693,0.13415373773300798,True,79,43146,,0,v8-development_final-utility_restoration-medium-medium-medium-medium-grid-private_fragmented-8811010-generalized_information-347f2bd91f38-uint8_simplex-frozen_local_rule,generalized_information,476.9567489110796,14,0,90480,15080,0,128180,22620,development_final,207,0,2026-08-17T05:45:27.386204+00:00,82195c0cb0b9ba5750386da3a92483458f447847392d278ccabb43d0466b5884,,grid,30783,131,3770,0.4,168,347f2bd91f38,420,"{'hysteresis_wait': 252, 'initial_reference': 84, 'maximum_silence': 84}",,0.8770003637123314,11,18.0,0.3333333333333333,0,26.333333333333332,19,322.11049763993356
60,frozen_local_rule,60,28,,utility_restoration,3831,25,19,15,451,25,,2026-08-17T05:45:29.795661+00:00,medium,31.0,True,medium,,76,15,3386,71978,,58,58,1.0,0.0663753271350429,40,445,uint8_simplex,8811010,pooled_current_private_evidence_pre_exchange,12826,dynamic_delta,58,0.6904761904761905,3230,medium,158963,3901,19,60,119,private_fragmented,3,6.927791673660977e-14,24.0,52.0,1.0344827586206897,18.085714285714285,0.000887785643219883,-2.044747561653522,medium,15,-0.3179819527603442,0.07170590269557094,30783,131,16,8,0,60,0.18506954905753759,0.12846721271540948,0.1459945953386248,11,79,4,8,322,0.06904061491530693,0.13415373773300798,True,79,43146,,0,v8-development_final-utility_restoration-medium-medium-medium-medium-grid-private_fragmented-8811010-generalized_information-e25eb5b9df1b-uint8_simplex-frozen_local_rule,generalized_information,476.9567489110796,14,0,90480,15080,0,128180,22620,development_final,207,0,2026-08-17T05:45:25.717286+00:00,82195c0cb0b9ba5750386da3a92483458f447847392d278ccabb43d0466b5884,,grid,30783,131,3770,0.4,168,e25eb5b9df1b,420,"{'hysteresis_wait': 252, 'initial_reference': 84, 'maximum_silence': 84}",,0.8770003637123314,11,18.0,0.3333333333333333,0,26.333333333333332,19,322.11049763993356
60,frozen_local_rule,60,28,,utility_restoration,5953,25,20,14,694,25,,2026-08-17T05:45:33.430954+00:00,medium,31.0,True,medium,,74,15,5154,112132,,58,58,1.0,0.06495698139689367,40,799,uint8_simplex,8811010,pooled_current_private_evidence_pre_exchange,16713,dynamic_delta,60,0.7142857142857143,4889,medium,225041,5850,20,60,119,private_fragmented,3,6.927791673660977e-14,24.0,52.0,1.0344827586206897,16.771428571428572,0.0009022427417502589,-4.418505935958099,medium,14,-0.35754459233208713,0.06996083705190434,30561,130,16,8,0,60,0.18506954905753759,0.1241714932074519,0.1401087099450296,10,80,4,8,322,0.067458909224399,0.12847599565832218,True,78,63104,,0,v8-development_final-utility_restoration-medium-medium-medium-medium-grid-private_fragmented-8811010-kpi_change-314c8c128df2-uint8_simplex-frozen_local_rule,kpi_change,476.9567489110796,14,0,137280,22880,0,194480,34320,development_final,193,0,2026-08-17T05:45:28.913852+00:00,82195c0cb0b9ba5750386da3a92483458f447847392d278ccabb43d0466b5884,,grid,30561,130,5720,0.6428571428571429,270,314c8c128df2,420,"{'initial_reference': 84, 'kpi_change': 304, 'maximum_silence': 32}",,0.8770003637123314,11,18.0,0.3333333333333333,0,26.333333333333332,20,322.11049763993356
60,frozen_local_rule,60,28,,utility_restoration,6254,25,20,14,727,25,,2026-08-17T05:45:36.191105+00:00,medium,31.0,True,medium,,74,15,5409,117810,,58,58,1.0,0.06538937476458323,40,845,uint8_simplex,8811010,pooled_current_private_evidence_pre_exchange,17269,dynamic_delta,60,0.7142857142857143,5121,medium,234371,6124,20,60,119,private_fragmented,3,6.927791673660977e-14,24.0,52.0,1.0344827586206897,16.37142857142857,0.0009057301390894523,-4.418505935958099,medium,14,-0.35754459233208713,0.06961136868747389,30575,130,16,8,0,60,0.18506954905753759,0.12239231842821424,0.1401087099450296,10,80,4,8,322,0.06750037172602856,0.12847599565832218,True,78,66096,,0,v8-development_final-utility_restoration-medium-medium-medium-medium-grid-private_fragmented-8811010-kpi_change-99bcd7363413-uint8_simplex-frozen_local_rule,kpi_change,476.9567489110796,14,0,143856,23976,0,203796,35964,development_final,192,0,2026-08-17T05:45:31.674290+00:00,82195c0cb0b9ba5750386da3a92483458f447847392d278ccabb43d0466b5884,,grid,30575,130,5994,0.6785714285714286,285,99bcd7363413,420,"{'initial_reference': 84, 'kpi_change': 311, 'maximum_silence': 25}",,0.8770003637123314,11,18.0,0.3333333333333333,0,26.333333333333332,20,322.11049763993356
61,frozen_local_rule,61,28,,utility_restoration,0,25,20,15,0,25,,2026-08-17T05:45:26.897313+00:00,medium,31.0,True,medium,,78,15,0,0,,58,58,1.0,0.11373612636585007,41,0,uint8_simplex,8811010,pooled_current_private_evidence_pre_exchange,5627,dynamic_delta,61,0.7261904761904762,0,medium,31765,135,20,60,124,private_fragmented,3,6.927791673660977e-14,12.0,0.0,0.20689655172413793,0.0,0.0,-2.2647475616535213,medium,15,-0.3210298359402203,0.07539326226662456,31765,135,16,8,0,61,0.17996646774990896,0.13010217883180908,0.15168884317000692,10,82,4,8,320,0.0945646943162373,0.15952238396431878,True,79,0,,0,v8-development_final-utility_restoration-medium-medium-medium-medium-grid-private_fragmented-8811010-none-806ed450405e-uint8_simplex-frozen_local_rule,none,476.9567489110796,14,0,0,0,0,0,0,development_final,0,0,2026-08-17T05:45:24.243293+00:00,82195c0cb0b9ba5750386da3a92483458f447847392d278ccabb43d0466b5884,,grid,31765,135,0,0.0,0,806ed450405e,420,{'disabled': 420},,0.8770003637123314,11,18.0,0.3333333333333333,0,26.333333333333332,20,322.11049763993356
29,frozen_local_rule,29,12,,utility_restoration,1779,16,7,5,219,16,,2026-08-17T05:44:19.575936+00:00,small,16.0,True,high,,62,10,1536,33524,,18,18,1.0,0.05395058041094359,9,243,uint8_simplex,8811003,pooled_current_private_evidence_pre_exchange,4971,dynamic_delta,23,0.9583333333333334,1389,high,77979,1798,7,30,79,private_fragmented,3,2.5757174171303632e-14,0.0,24.0,0.0,6.3,0.0011673064000921629,4.079609590625806,high,5,-0.6789066452176339,0.06524823225537973,19669,83,8,12,0,29,0.12638999434723466,0.09868331682110562,0.10357028340785232,0,49,3,12,59,0.059599406333161666,0.11748133382047032,True,41,18700,,0,v8-development_final-utility_restoration-small-high-high-high-grid-private_fragmented-8811003-always_on-f06f6808d09b-uint8_simplex-frozen_local_rule,always_on,295.04982167922026,6,0,41160,6860,0,58310,10290,development_final,5,0,2026-08-17T05:44:18.360969+00:00,28a2a5cebd2198585afb31b38c9ec7d2c97b09c0bc586fa923059c9d38b8fc7e,,grid,19669,83,1715,1.0,120,f06f6808d09b,120,"{'always_on': 96, 'initial_reference': 24}",,0.8527819768713923,4,14.0,0.3333333333333333,1,21.0,5,176.53231837142562
30,frozen_local_rule,30,12,,utility_restoration,363,16,8,5,40,16,,2026-08-17T05:44:22.821749+00:00,small,16.0,True,high,,60,10,298,6562,,18,18,1.0,0.06700344550406974,9,65,uint8_simplex,8811003,pooled_current_private_evidence_pre_exchange,2304,dynamic_delta,23,0.9583333333333334,265,high,30092,412,8,30,75,private_fragmented,3,2.5757174171303632e-14,0.0,27.0,0.0,11.25,0.0012877338209570698,3.577234644545103,high,5,-0.8103407725560345,0.06982580722861734,18770,79,8,11,0,30,0.12638999434723466,0.10232226300979799,0.10396228187518172,0,49,3,11,60,0.06841462636634353,0.12068098315214487,True,41,3570,,0,v8-development_final-utility_restoration-small-high-high-high-grid-private_fragmented-8811003-generalized_information-347f2bd91f38-uint8_simplex-frozen_local_rule,generalized_information,334.6494938547137,6,0,7992,1332,0,11322,1998,development_final,49,0,2026-08-17T05:44:22.062567+00:00,28a2a5cebd2198585afb31b38c9ec7d2c97b09c0bc586fa923059c9d38b8fc7e,,grid,18770,79,333,0.2,24,347f2bd91f38,120,"{'hysteresis_wait': 96, 'initial_reference': 24}",,0.8510922807383866,4,14.0,0.3333333333333333,1,21.0,6,211.07040150268108
30,frozen_local_rule,30,12,,utility_restoration,363,16,8,5,40,16,,2026-08-17T05:44:21.785539+00:00,small,16.0,True,high,,60,10,298,6562,,18,18,1.0,0.06700344550406974,9,65,uint8_simplex,8811003,pooled_current_private_evidence_pre_exchange,2304,dynamic_delta,23,0.9583333333333334,265,high,30092,412,8,30,75,private_fragmented,3,2.5757174171303632e-14,0.0,27.0,0.0,11.25,0.0012877338209570698,3.577234644545103,high,5,-0.8103407725560345,0.06982580722861734,18770,79,8,11,0,30,0.12638999434723466,0.10232226300979799,0.10396228187518172,0,49,3,11,60,0.06841462636634353,0.12068098315214487,True,41,3570,,0,v8-development_final-utility_restoration-small-high-high-high-grid-private_fragmented-8811003-generalized_information-e25eb5b9df1b-uint8_simplex-frozen_local_rule,generalized_information,334.6494938547137,6,0,7992,1332,0,11322,1998,development_final,49,0,2026-08-17T05:44:21.026146+00:00,28a2a5cebd2198585afb31b38c9ec7d2c97b09c0bc586fa923059c9d38b8fc7e,,grid,18770,79,333,0.2,24,e25eb5b9df1b,120,"{'hysteresis_wait': 96, 'initial_reference': 24}",,0.8510922807383866,4,14.0,0.3333333333333333,1,21.0,6,211.07040150268108
29,frozen_local_rule,29,12,,utility_restoration,1391,15,7,6,168,15,,2026-08-17T05:44:24.114481+00:00,small,16.0,True,high,,61,10,1191,26112,,18,18,1.0,0.05478078580650162,9,200,uint8_simplex,8811003,pooled_current_private_evidence_pre_exchange,4241,dynamic_delta,23,0.9583333333333334,1079,high,65017,1415,7,30,79,private_fragmented,3,2.5757174171303632e-14,0.0,24.0,0.0,7.55,0.0011659454459805214,3.8416095906258048,high,6,-0.7971126311457286,0.06670650235757855,19729,83,8,13,0,29,0.12638999434723466,0.09868331682110562,0.10357028340785232,0,50,3,13,57,0.060743644082040076,0.11748133382047032,True,42,14382,,0,v8-development_final-utility_restoration-small-high-high-high-grid-private_fragmented-8811003-kpi_change-314c8c128df2-uint8_simplex-frozen_local_rule,kpi_change,334.6494938547137,6,0,31968,5328,0,45288,7992,development_final,18,0,2026-08-17T05:44:23.114391+00:00,28a2a5cebd2198585afb31b38c9ec7d2c97b09c0bc586fa923059c9d38b8fc7e,,grid,19729,83,1332,0.7833333333333333,94,314c8c128df2,120,"{'initial_reference': 24, 'kpi_change': 96}",,0.8527819768713923,5,14.0,0.3333333333333333,1,21.0,5,211.07040150268108
29,frozen_local_rule,29,12,,utility_restoration,1431,15,7,6,173,15,,2026-08-17T05:44:25.777628+00:00,small,16.0,True,high,,61,10,1222,26962,,18,18,1.0,0.05400373127830422,9,209,uint8_simplex,8811003,pooled_current_private_evidence_pre_exchange,4312,dynamic_delta,23,0.9583333333333334,1108,high,66304,1453,7,30,79,private_fragmented,3,2.5757174171303632e-14,0.0,24.0,0.0,7.5,0.0011679926063003947,3.8416095906258048,high,6,-0.7971126311457286,0.06660131032340938,19724,83,8,13,0,29,0.12638999434723466,0.09868331682110562,0.10357028340785232,0,50,3,13,57,0.0603025208008568,0.11748133382047032,True,42,14586,,0,v8-development_final-utility_restoration-small-high-high-high-grid-private_fragmented-8811003-kpi_change-99bcd7363413-uint8_simplex-frozen_local_rule,kpi_change,334.6494938547137,6,0,32880,5480,0,46580,8220,development_final,17,0,2026-08-17T05:44:24.740118+00:00,28a2a5cebd2198585afb31b38c9ec7d2c97b09c0bc586fa923059c9d38b8fc7e,,grid,19724,83,1370,0.8166666666666667,98,99bcd7363413,120,"{'initial_reference': 24, 'kpi_change': 96}",,0.8527819768713923,5,14.0,0.3333333333333333,1,21.0,5,211.07040150268108
30,frozen_local_rule,30,12,,utility_restoration,0,15,8,6,0,15,,2026-08-17T05:44:20.860600+00:00,small,16.0,True,high,,59,10,0,0,,18,18,1.0,0.10284685085053571,9,0,uint8_simplex,8811003,pooled_current_private_evidence_pre_exchange,1642,dynamic_delta,22,0.9166666666666666,0,high,18771,79,8,30,75,private_fragmented,3,2.5757174171303632e-14,0.0,0.0,0.0,0.0,0.0,3.3392346445451024,high,6,-0.8182741058893679,0.07632883217871275,18771,79,8,11,0,30,0.1548810101391637,0.11726962097189916,0.12591598429361206,0,49,3,11,60,0.08958784151462422,0.15143331149064385,True,41,0,,0,v8-development_final-utility_restoration-small-high-high-high-grid-private_fragmented-8811003-none-806ed450405e-uint8_simplex-frozen_local_rule,none,334.6494938547137,6,0,0,0,0,0,0,development_final,0,0,2026-08-17T05:44:20.296322+00:00,28a2a5cebd2198585afb31b38c9ec7d2c97b09c0bc586fa923059c9d38b8fc7e,,grid,18771,79,0,0.0,0,806ed450405e,120,{'disabled': 120},,0.8527819768713923,4,14.0,0.3333333333333333,1,21.0,6,211.07040150268108
26,frozen_local_rule,26,12,,utility_restoration,845,9,8,8,121,9,,2026-08-17T05:44:50.711116+00:00,small,16.0,True,high,,63,10,724,24616,,22,22,1.0,0.060287307590611496,14,121,uint8_simplex,8811008,pooled_current_private_evidence_pre_exchange,3226,dynamic_delta,21,0.875,597,high,47520,889,8,30,84,private_fragmented,3,1.3322676295501878e-14,18.0,27.0,0.8181818181818182,7.2,0.0016280159637637886,8.417491627693023,medium,8,-0.05544782220922578,0.07214687762191482,20218,86,8,1,0,26,0.19625549428198927,0.10474192614006808,0.13101210041448255,4,58,4,1,57,0.06621709260626316,0.12543265001550977,True,31,0,,0,v8-development_final-utility_restoration-small-high-high-medium-scale_free-private_fragmented-8811008-always_on-f06f6808d09b-uint8_simplex-frozen_local_rule,always_on,136.51110007107084,5,0,19272,3212,0,27302,4818,development_final,16,0,2026-08-17T05:44:49.806028+00:00,12da9458901a4c7b39e19c890e54872de003068c8a0c2e8c62bfd0c523497ba1,,scale_free,20218,86,803,1.0,120,f06f6808d09b,120,"{'always_on': 96, 'initial_reference': 24}",,0.8033335472041514,2,18.0,0.3333333333333333,1,21.333333333333332,7,74.26529534957798
25,frozen_local_rule,25,12,,utility_restoration,183,9,7,8,29,9,,2026-08-17T05:44:51.868831+00:00,small,16.0,True,high,,64,10,163,5542,,22,22,1.0,0.06337039315703588,15,20,uint8_simplex,8811008,pooled_current_private_evidence_pre_exchange,2004,dynamic_delta,21,0.875,130,high,26396,262,7,30,85,private_fragmented,3,1.3322676295501878e-14,18.0,27.0,0.8181818181818182,9.925,0.0016513252269029007,8.637491627693024,medium,8,-0.033697835089698036,0.07402225097596206,20446,87,8,1,0,25,0.19625549428198927,0.11003450037106775,0.13403131415702887,4,60,4,1,55,0.06869632206649896,0.12543265001550977,True,30,0,,0,v8-development_final-utility_restoration-small-high-high-medium-scale_free-private_fragmented-8811008-generalized_information-347f2bd91f38-uint8_simplex-frozen_local_rule,generalized_information,136.51110007107084,5,0,4200,700,0,5950,1050,development_final,43,0,2026-08-17T05:44:51.150776+00:00,12da9458901a4c7b39e19c890e54872de003068c8a0c2e8c62bfd0c523497ba1,,scale_free,20446,87,175,0.20833333333333334,25,347f2bd91f38,120,"{'hysteresis_wait': 95, 'initial_reference': 24, 'partition_recovery': 1}",,0.8033335472041514,2,18.0,0.3333333333333333,1,21.333333333333332,6,74.26529534957798
25,frozen_local_rule,25,12,,utility_restoration,183,9,7,8,29,9,,2026-08-17T05:44:51.781071+00:00,small,16.0,True,high,,64,10,163,5542,,22,22,1.0,0.06337039315703588,15,20,uint8_simplex,8811008,pooled_current_private_evidence_pre_exchange,2004,dynamic_delta,21,0.875,130,high,26396,262,7,30,85,private_fragmented,3,1.3322676295501878e-14,18.0,27.0,0.8181818181818182,9.925,0.0016513252269029007,8.637491627693024,medium,8,-0.033697835089698036,0.07402225097596206,20446,87,8,1,0,25,0.19625549428198927,0.11003450037106775,0.13403131415702887,4,60,4,1,55,0.06869632206649896,0.12543265001550977,True,30,0,,0,v8-development_final-utility_restoration-small-high-high-medium-scale_free-private_fragmented-8811008-generalized_information-e25eb5b9df1b-uint8_simplex-frozen_local_rule,generalized_information,136.51110007107084,5,0,4200,700,0,5950,1050,development_final,43,0,2026-08-17T05:44:51.066719+00:00,12da9458901a4c7b39e19c890e54872de003068c8a0c2e8c62bfd0c523497ba1,,scale_free,20446,87,175,0.20833333333333334,25,e25eb5b9df1b,120,"{'hysteresis_wait': 95, 'initial_reference': 24, 'partition_recovery': 1}",,0.8033335472041514,2,18.0,0.3333333333333333,1,21.333333333333332,6,74.26529534957798
25,frozen_local_rule,25,12,,utility_restoration,547,9,7,8,79,9,,2026-08-17T05:44:52.821878+00:00,small,16.0,True,high,,63,10,470,15980,,22,22,1.0,0.06048283676831063,14,77,uint8_simplex,8811008,pooled_current_private_evidence_pre_exchange,2672,dynamic_delta,21,0.875,395,high,37859,605,7,30,84,private_fragmented,3,1.3322676295501878e-14,18.0,27.0,0.8181818181818182,8.625,0.0015184119669093543,8.637491627693024,medium,8,-0.033697835089698036,0.07127151120085203,20213,86,8,1,0,25,0.19625549428198927,0.10621138317029731,0.13403131415702887,4,59,4,1,56,0.06587717398458133,0.12543265001550977,True,30,0,,0,v8-development_final-utility_restoration-small-high-high-medium-scale_free-private_fragmented-8811008-kpi_change-314c8c128df2-uint8_simplex-frozen_local_rule,kpi_change,136.51110007107084,5,0,12456,2076,0,17646,3114,development_final,29,0,2026-08-17T05:44:52.014217+00:00,12da9458901a4c7b39e19c890e54872de003068c8a0c2e8c62bfd0c523497ba1,,scale_free,20213,86,519,0.6583333333333333,79,314c8c128df2,120,"{'initial_reference': 24, 'kpi_change': 95, 'partition_recovery': 1}",,0.8033335472041514,2,18.0,0.3333333333333333,1,21.333333333333332,6,74.26529534957798
25,frozen_local_rule,25,12,,utility_restoration,613,9,7,8,89,9,,2026-08-17T05:44:52.930262+00:00,small,16.0,True,high,,63,10,527,17918,,22,22,1.0,0.05909223054185312,14,86,uint8_simplex,8811008,pooled_current_private_evidence_pre_exchange,2795,dynamic_delta,21,0.875,447,high,40033,669,7,30,84,private_fragmented,3,1.3322676295501878e-14,18.0,27.0,0.8181818181818182,8.35,0.0014918242882354998,8.637491627693024,medium,8,-0.033697835089698036,0.07110601350219138,20211,86,8,1,0,25,0.19625549428198927,0.10333952753293472,0.127431199296517,4,59,4,1,56,0.06509912202202224,0.12091744925264102,True,30,0,,0,v8-development_final-utility_restoration-small-high-high-medium-scale_free-private_fragmented-8811008-kpi_change-99bcd7363413-uint8_simplex-frozen_local_rule,kpi_change,136.51110007107084,5,0,13992,2332,0,19822,3498,development_final,25,0,2026-08-17T05:44:52.094334+00:00,12da9458901a4c7b39e19c890e54872de003068c8a0c2e8c62bfd0c523497ba1,,scale_free,20211,86,583,0.725,87,99bcd7363413,120,"{'initial_reference': 24, 'kpi_change': 95, 'partition_recovery': 1}",,0.8033335472041514,2,18.0,0.3333333333333333,1,21.333333333333332,6,74.26529534957798
26,frozen_local_rule,26,12,,utility_restoration,0,8,9,8,0,8,,2026-08-17T05:44:50.884991+00:00,small,16.0,True,high,,64,10,0,0,,22,22,1.0,0.0969488523931524,16,0,uint8_simplex,8811008,pooled_current_private_evidence_pre_exchange,1659,dynamic_delta,20,0.8333333333333334,0,high,20458,87,9,30,85,private_fragmented,3,1.3322676295501878e-14,0.0,0.0,0.0,0.0,0.0,8.007491627693023,medium,8,-0.07928960805080915,0.07420418604576187,20458,87,8,2,0,26,0.16742147950993938,0.10828802121117515,0.12145231797984503,6,57,4,2,55,0.08557651921945712,0.14883242241619576,True,34,0,,0,v8-development_final-utility_restoration-small-high-high-medium-scale_free-private_fragmented-8811008-none-806ed450405e-uint8_simplex-frozen_local_rule,none,139.41721989711775,5,0,0,0,0,0,0,development_final,0,0,2026-08-17T05:44:50.295742+00:00,12da9458901a4c7b39e19c890e54872de003068c8a0c2e8c62bfd0c523497ba1,,scale_free,20458,87,0,0.0,0,806ed450405e,120,{'disabled': 120},,0.8046183748699136,2,23.0,0.3333333333333333,2,23.333333333333332,7,74.26529534957798
26,frozen_local_rule,29,12,,utility_restoration,810,15,7,4,130,15,,2026-08-17T05:44:27.248719+00:00,small,16.0,True,high,,39,10,716,24344,,19,19,1.0,0.0702913896147483,0,94,uint8_simplex,8811004,pooled_current_private_evidence_pre_exchange,3048,dynamic_delta,18,0.75,590,medium,39288,860,7,30,41,private_fragmented,3,1.865174681370263e-14,0.0,24.0,0.0,6.075,0.0015778815490324585,8.867101179260805,low,4,-0.2090615124320097,0.06928822810688058,11748,50,8,6,0,26,0.1502474800219372,0.10976261740642004,0.1187156599139584,2,21,4,6,91,0.06978980886081443,0.12971142251056472,True,37,0,,0,v8-development_final-utility_restoration-small-high-medium-low-scale_free-private_fragmented-8811004-always_on-f06f6808d09b-uint8_simplex-frozen_local_rule,always_on,185.33650394220933,6,0,19440,3240,0,27540,4860,development_final,10,0,2026-08-17T05:44:26.379802+00:00,f56e01279055dc074316e3a82b4023fcc184d61ab6b524e346ea831947eeb7b8,,scale_free,11748,50,810,1.0,120,f06f6808d09b,120,"{'always_on': 96, 'initial_reference': 24}",,0.8784400461269006,3,17.0,0.0,2,22.5,6,118.67915666633685
24,frozen_local_rule,27,12,,utility_restoration,169,15,6,3,27,15,,2026-08-17T05:44:30.030685+00:00,small,16.0,True,high,,39,10,153,5202,,19,19,1.0,0.07247493222163773,0,16,uint8_simplex,8811004,pooled_current_private_evidence_pre_exchange,1839,dynamic_delta,18,0.75,125,medium,17500,219,6,30,41,private_fragmented,3,1.3322676295501878e-14,0.0,27.0,0.0,8.875,0.0015766790571451854,9.00189701603076,low,3,-0.19131890521630662,0.07228681716139412,11754,50,8,6,0,24,0.15280969152092352,0.11342082291966646,0.13437215848821568,3,22,4,6,89,0.07238087469151593,0.1315394463401778,True,36,0,,0,v8-development_final-utility_restoration-small-high-medium-low-scale_free-private_fragmented-8811004-generalized_information-347f2bd91f38-uint8_simplex-frozen_local_rule,generalized_information,188.9000994249472,6,0,4056,676,0,5746,1014,development_final,39,0,2026-08-17T05:44:29.316473+00:00,f56e01279055dc074316e3a82b4023fcc184d61ab6b524e346ea831947eeb7b8,,scale_free,11754,50,169,0.2,24,347f2bd91f38,120,"{'hysteresis_wait': 96, 'initial_reference': 24}",,0.8784400461269006,3,17.0,0.0,2,22.5,5,118.67915666633685
24,frozen_local_rule,27,12,,utility_restoration,169,15,6,3,27,15,,2026-08-17T05:44:29.099544+00:00,small,16.0,True,high,,39,10,153,5202,,19,19,1.0,0.07247493222163773,0,16,uint8_simplex,8811004,pooled_current_private_evidence_pre_exchange,1839,dynamic_delta,18,0.75,125,medium,17500,219,6,30,41,private_fragmented,3,1.3322676295501878e-14,0.0,27.0,0.0,8.875,0.0015766790571451854,9.00189701603076,low,3,-0.19131890521630662,0.07228681716139412,11754,50,8,6,0,24,0.15280969152092352,0.11342082291966646,0.13437215848821568,3,22,4,6,89,0.07238087469151593,0.1315394463401778,True,36,0,,0,v8-development_final-utility_restoration-small-high-medium-low-scale_free-private_fragmented-8811004-generalized_information-e25eb5b9df1b-uint8_simplex-frozen_local_rule,generalized_information,188.9000994249472,6,0,4056,676,0,5746,1014,development_final,39,0,2026-08-17T05:44:28.386967+00:00,f56e01279055dc074316e3a82b4023fcc184d61ab6b524e346ea831947eeb7b8,,scale_free,11754,50,169,0.2,24,e25eb5b9df1b,120,"{'hysteresis_wait': 96, 'initial_reference': 24}",,0.8784400461269006,3,17.0,0.0,2,22.5,5,118.67915666633685
26,frozen_local_rule,29,12,,utility_restoration,451,15,7,4,71,15,,2026-08-17T05:44:31.034196+00:00,small,16.0,True,high,,40,10,397,13498,,19,19,1.0,0.06998039024392044,0,54,uint8_simplex,8811004,pooled_current_private_evidence_pre_exchange,2375,dynamic_delta,18,0.75,319,medium,27323,502,7,30,41,private_fragmented,3,1.865174681370263e-14,0.0,24.0,0.0,7.625,0.0017236192893622653,9.061677159110573,low,4,-0.20235199588546599,0.07109699127051258,11989,51,8,6,0,26,0.1502474800219372,0.11209444554144334,0.1264794551417142,2,22,4,6,90,0.07053869075721651,0.12971142251056472,True,37,0,,0,v8-development_final-utility_restoration-small-high-medium-low-scale_free-private_fragmented-8811004-kpi_change-314c8c128df2-uint8_simplex-frozen_local_rule,kpi_change,185.33650394220933,7,0,10824,1804,0,15334,2706,development_final,27,0,2026-08-17T05:44:30.247614+00:00,f56e01279055dc074316e3a82b4023fcc184d61ab6b524e346ea831947eeb7b8,,scale_free,11989,51,451,0.575,69,314c8c128df2,120,"{'initial_reference': 24, 'kpi_change': 96}",,0.8784400461269006,4,17.0,0.0,2,22.5,6,118.67915666633685
26,frozen_local_rule,29,12,,utility_restoration,492,15,7,4,76,15,,2026-08-17T05:44:32.115274+00:00,small,16.0,True,high,,40,10,433,14722,,19,19,1.0,0.06879602515791176,0,59,uint8_simplex,8811004,pooled_current_private_evidence_pre_exchange,2452,dynamic_delta,18,0.75,349,medium,28713,543,7,30,41,private_fragmented,3,1.865174681370263e-14,0.0,24.0,0.0,7.275,0.0017017418695416708,9.061677159110573,low,4,-0.20235199588546599,0.07025223179534841,11985,51,8,6,0,26,0.1502474800219372,0.11209444554144334,0.1264794551417142,2,22,4,6,90,0.06952412847663009,0.12971142251056472,True,37,0,,0,v8-development_final-utility_restoration-small-high-medium-low-scale_free-private_fragmented-8811004-kpi_change-99bcd7363413-uint8_simplex-frozen_local_rule,kpi_change,185.33650394220933,7,0,11808,1968,0,16728,2952,development_final,23,0,2026-08-17T05:44:31.340762+00:00,f56e01279055dc074316e3a82b4023fcc184d61ab6b524e346ea831947eeb7b8,,scale_free,11985,51,492,0.625,75,99bcd7363413,120,"{'initial_reference': 24, 'kpi_change': 96}",,0.8784400461269006,4,17.0,0.0,2,22.5,6,118.67915666633685
24,frozen_local_rule,27,12,,utility_restoration,0,15,6,3,0,15,,2026-08-17T05:44:28.231326+00:00,small,16.0,True,high,,39,10,0,0,,19,19,1.0,0.08661936893095963,0,0,uint8_simplex,8811004,pooled_current_private_evidence_pre_exchange,1517,dynamic_delta,17,0.7083333333333334,0,medium,11760,50,6,30,41,private_fragmented,3,1.3322676295501878e-14,0.0,0.0,0.0,0.0,0.0,9.00189701603076,low,3,-0.19131890521630662,0.0649560952277572,11760,50,8,6,0,24,0.18571268142031702,0.12061266009779566,0.13989419883217866,3,22,4,6,89,0.07578773207935842,0.1733985641892281,True,36,0,,0,v8-development_final-utility_restoration-small-high-medium-low-scale_free-private_fragmented-8811004-none-806ed450405e-uint8_simplex-frozen_local_rule,none,188.9000994249472,6,0,0,0,0,0,0,development_final,0,0,2026-08-17T05:44:27.662940+00:00,f56e01279055dc074316e3a82b4023fcc184d61ab6b524e346ea831947eeb7b8,,scale_free,11760,50,0,0.0,0,806ed450405e,120,{'disabled': 120},,0.8784400461269006,3,17.0,0.0,2,22.5,5,118.67915666633685
9,frozen_local_rule,9,12,,utility_restoration,1796,7,2,0,207,7,,2026-08-17T05:44:06.273542+00:00,small,16.0,True,low,,15,10,1551,34068,,9,9,1.0,0.038820446793061354,2,245,uint8_simplex,8811001,pooled_current_private_evidence_pre_exchange,4719,dynamic_delta,2,0.08333333333333333,1395,low,63548,1744,2,30,18,private_fragmented,3,2.1316282072803006e-14,6.0,24.0,0.6666666666666666,6.975,0.0011432699989531482,5.3500343408825355,low,0,0.4537374762882802,0.04704968355672067,4966,21,8,0,0,9,0.17659785025236951,0.1176763177255888,0.13440432247225437,1,13,3,0,106,0.04293506517489101,0.12439867418015423,True,10,18666,,0,v8-development_final-utility_restoration-small-low-low-low-grid-private_fragmented-8811001-always_on-f06f6808d09b-uint8_simplex-frozen_local_rule,always_on,50.65588217152056,3,0,41352,6892,0,58582,10338,development_final,9,0,2026-08-17T05:44:05.184395+00:00,bdd5758e42a8accf2b6a907f0c2b57773ff5119f68cda42f50a295f820acb111,,grid,4966,21,1723,1.0,120,f06f6808d09b,120,"{'always_on': 96, 'initial_reference': 24}",,0.8518198234604091,0,10.0,0.0,1,22.0,1,39.116377749707894
9,frozen_local_rule,9,12,,utility_restoration,391,7,2,0,49,7,,2026-08-17T05:44:09.475801+00:00,small,16.0,True,low,,15,10,348,7208,,9,9,1.0,0.03716498046122401,2,43,uint8_simplex,8811001,pooled_current_private_evidence_pre_exchange,2111,dynamic_delta,2,0.08333333333333333,312,low,17886,401,2,30,18,private_fragmented,3,2.1316282072803006e-14,6.0,27.0,0.6666666666666666,11.725,0.0011530479594262745,5.3500343408825355,low,0,0.4537374762882802,0.05462507890865768,4966,21,8,0,0,9,0.17901412225385135,0.14577667737456643,0.16063581921433062,1,13,3,0,106,0.045895029684940844,0.12619405080275062,True,10,4624,,0,v8-development_final-utility_restoration-small-low-low-low-grid-private_fragmented-8811001-generalized_information-347f2bd91f38-uint8_simplex-frozen_local_rule,generalized_information,50.65588217152056,3,0,9120,1520,0,12920,2280,development_final,50,0,2026-08-17T05:44:08.693683+00:00,bdd5758e42a8accf2b6a907f0c2b57773ff5119f68cda42f50a295f820acb111,,grid,4966,21,380,0.2,24,347f2bd91f38,120,"{'hysteresis_wait': 96, 'initial_reference': 24}",,0.8518198234604091,0,10.0,0.0,1,22.0,1,39.116377749707894
9,frozen_local_rule,9,12,,utility_restoration,391,7,2,0,49,7,,2026-08-17T05:44:08.425641+00:00,small,16.0,True,low,,15,10,348,7208,,9,9,1.0,0.03716498046122401,2,43,uint8_simplex,8811001,pooled_current_private_evidence_pre_exchange,2111,dynamic_delta,2,0.08333333333333333,312,low,17886,401,2,30,18,private_fragmented,3,2.1316282072803006e-14,6.0,27.0,0.6666666666666666,11.725,0.0011530479594262745,5.3500343408825355,low,0,0.4537374762882802,0.05462507890865768,4966,21,8,0,0,9,0.17901412225385135,0.14577667737456643,0.16063581921433062,1,13,3,0,106,0.045895029684940844,0.12619405080275062,True,10,4624,,0,v8-development_final-utility_restoration-small-low-low-low-grid-private_fragmented-8811001-generalized_information-e25eb5b9df1b-uint8_simplex-frozen_local_rule,generalized_information,50.65588217152056,3,0,9120,1520,0,12920,2280,development_final,50,0,2026-08-17T05:44:07.662678+00:00,bdd5758e42a8accf2b6a907f0c2b57773ff5119f68cda42f50a295f820acb111,,grid,4966,21,380,0.2,24,e25eb5b9df1b,120,"{'hysteresis_wait': 96, 'initial_reference': 24}",,0.8518198234604091,0,10.0,0.0,1,22.0,1,39.116377749707894
9,frozen_local_rule,9,12,,utility_restoration,882,7,2,0,102,7,,2026-08-17T05:44:10.702919+00:00,small,10.0,True,low,,16,10,771,16694,,9,9,1.0,0.0373012674271132,2,111,uint8_simplex,8811001,pooled_current_private_evidence_pre_exchange,3029,dynamic_delta,2,0.08333333333333333,690,low,34100,872,2,30,19,private_fragmented,3,2.1316282072803006e-14,6.0,27.0,0.6666666666666666,9.45,0.0011511915443678418,5.3500343408825355,low,0,0.4537374762882802,0.04623780577282204,5200,22,8,0,0,9,0.17659785025236951,0.11251082642933416,0.13391074090695748,1,14,3,0,105,0.04176953659996763,0.11416324858558578,True,10,9520,,0,v8-development_final-utility_restoration-small-low-low-low-grid-private_fragmented-8811001-kpi_change-314c8c128df2-uint8_simplex-frozen_local_rule,kpi_change,50.65588217152056,3,0,20400,3400,0,28900,5100,development_final,31,0,2026-08-17T05:44:09.773034+00:00,bdd5758e42a8accf2b6a907f0c2b57773ff5119f68cda42f50a295f820acb111,,grid,5200,22,850,0.4666666666666667,56,314c8c128df2,120,"{'initial_reference': 24, 'kpi_change': 96}",,0.8518198234604091,0,10.0,0.0,1,22.0,1,39.116377749707894
9,frozen_local_rule,9,12,,utility_restoration,958,7,2,0,116,7,,2026-08-17T05:44:12.101539+00:00,small,10.0,True,low,,15,10,837,18292,,9,9,1.0,0.0366379454723257,2,121,uint8_simplex,8811001,pooled_current_private_evidence_pre_exchange,3167,dynamic_delta,2,0.08333333333333333,748,low,36242,941,2,30,18,private_fragmented,3,2.1316282072803006e-14,6.0,27.0,0.6666666666666666,9.4,0.0011409029946561047,5.3500343408825355,low,0,0.4537374762882802,0.04583255980873392,4962,21,8,0,0,9,0.17659785025236951,0.1127066869461059,0.13391074090695748,1,13,3,0,106,0.04123525264052981,0.11377522461485794,True,10,10166,,0,v8-development_final-utility_restoration-small-low-low-low-grid-private_fragmented-8811001-kpi_change-99bcd7363413-uint8_simplex-frozen_local_rule,kpi_change,50.65588217152056,3,0,22080,3680,0,31280,5520,development_final,30,0,2026-08-17T05:44:11.171591+00:00,bdd5758e42a8accf2b6a907f0c2b57773ff5119f68cda42f50a295f820acb111,,grid,4962,21,920,0.5166666666666667,62,99bcd7363413,120,"{'initial_reference': 24, 'kpi_change': 96}",,0.8518198234604091,0,10.0,0.0,1,22.0,1,39.116377749707894
10,frozen_local_rule,10,12,,utility_restoration,0,7,3,0,0,7,,2026-08-17T05:44:07.528336+00:00,small,16.0,True,low,,15,10,0,0,,9,9,1.0,0.05189332995328959,2,0,uint8_simplex,8811001,pooled_current_private_evidence_pre_exchange,1374,dynamic_delta,2,0.08333333333333333,0,low,4969,21,3,30,18,private_fragmented,3,2.1316282072803006e-14,0.0,0.0,0.0,0.0,0.0,5.130034340882537,low,0,0.37229265027847436,0.043395806893844625,4969,21,8,0,0,10,0.16784144166204895,0.0657580635023606,0.08196100650393102,1,13,3,0,106,0.04764456842356711,0.12076432042996782,True,11,0,,0,v8-development_final-utility_restoration-small-low-low-low-grid-private_fragmented-8811001-none-806ed450405e-uint8_simplex-frozen_local_rule,none,50.65588217152056,3,0,0,0,0,0,0,development_final,0,0,2026-08-17T05:44:06.966260+00:00,bdd5758e42a8accf2b6a907f0c2b57773ff5119f68cda42f50a295f820acb111,,grid,4969,21,0,0.0,0,806ed450405e,120,{'disabled': 120},,0.8518198234604091,0,10.0,0.0,1,22.0,2,39.116377749707894
9,frozen_local_rule,9,12,,utility_restoration,842,3,5,1,152,3,,2026-08-17T05:44:41.281296+00:00,small,16.0,True,low,,18,10,694,23596,,13,13,1.0,0.06656250774181707,10,148,uint8_simplex,8811006,pooled_current_private_evidence_pre_exchange,2927,dynamic_delta,21,0.875,568,medium,32329,786,5,30,26,private_fragmented,3,1.865174681370263e-14,0.0,21.0,0.0,7.35,0.0015114026667410402,2.011238527455517,high,1,0.08118757399846419,0.07119176775278878,6557,28,8,2,0,9,0.17422466096372002,0.1275891772941907,0.14131810357918403,5,16,4,2,97,0.06887713774730295,0.15831722886969377,True,16,0,,0,v8-development_final-utility_restoration-small-low-medium-high-scale_free-private_fragmented-8811006-always_on-f06f6808d09b-uint8_simplex-frozen_local_rule,always_on,51.222014458773586,3,0,18192,3032,0,25772,4548,development_final,17,0,2026-08-17T05:44:40.398225+00:00,55b95cf6a7ce5b8237e6d801e660d5f81d8677897092131e171a950c61e23f5b,,scale_free,6557,28,758,1.0,120,f06f6808d09b,120,"{'always_on': 96, 'initial_reference': 24}",,0.8948036974325878,0,10.0,0.0,0,11.5,3,43.74570858696495
9,frozen_local_rule,9,12,,utility_restoration,246,3,5,1,43,3,,2026-08-17T05:44:44.178892+00:00,small,16.0,True,low,,18,10,213,7242,,13,13,1.0,0.07738363575664696,10,33,uint8_simplex,8811006,pooled_current_private_evidence_pre_exchange,1846,dynamic_delta,21,0.875,180,medium,14069,255,5,30,25,private_fragmented,3,1.865174681370263e-14,0.0,27.0,0.0,11.45,0.0012834087172046132,2.011238527455517,high,1,0.08118757399846419,0.07816568653833073,6317,27,8,2,0,9,0.17462448357324625,0.1281605847764028,0.14651909076470912,5,15,4,2,98,0.07777466114748885,0.15831722886969377,True,16,0,,0,v8-development_final-utility_restoration-small-low-medium-high-scale_free-private_fragmented-8811006-generalized_information-347f2bd91f38-uint8_simplex-frozen_local_rule,generalized_information,51.222014458773586,3,0,5472,912,0,7752,1368,development_final,48,0,2026-08-17T05:44:43.427408+00:00,55b95cf6a7ce5b8237e6d801e660d5f81d8677897092131e171a950c61e23f5b,,scale_free,6317,27,228,0.23333333333333334,28,347f2bd91f38,120,"{'hysteresis_wait': 92, 'initial_reference': 24, 'partition_recovery': 4}",,0.8948036974325878,0,10.0,0.0,0,11.5,3,43.74570858696495
9,frozen_local_rule,9,12,,utility_restoration,246,3,5,1,43,3,,2026-08-17T05:44:43.183682+00:00,small,16.0,True,low,,18,10,213,7242,,13,13,1.0,0.07738363575664696,10,33,uint8_simplex,8811006,pooled_current_private_evidence_pre_exchange,1846,dynamic_delta,21,0.875,180,medium,14069,255,5,30,25,private_fragmented,3,1.865174681370263e-14,0.0,27.0,0.0,11.45,0.0012834087172046132,2.011238527455517,high,1,0.08118757399846419,0.07816568653833073,6317,27,8,2,0,9,0.17462448357324625,0.1281605847764028,0.14651909076470912,5,15,4,2,98,0.07777466114748885,0.15831722886969377,True,16,0,,0,v8-development_final-utility_restoration-small-low-medium-high-scale_free-private_fragmented-8811006-generalized_information-e25eb5b9df1b-uint8_simplex-frozen_local_rule,generalized_information,51.222014458773586,3,0,5472,912,0,7752,1368,development_final,48,0,2026-08-17T05:44:42.413294+00:00,55b95cf6a7ce5b8237e6d801e660d5f81d8677897092131e171a950c61e23f5b,,scale_free,6317,27,228,0.23333333333333334,28,e25eb5b9df1b,120,"{'hysteresis_wait': 92, 'initial_reference': 24, 'partition_recovery': 4}",,0.8948036974325878,0,10.0,0.0,0,11.5,3,43.74570858696495
9,frozen_local_rule,9,12,,utility_restoration,560,3,5,1,103,3,,2026-08-17T05:44:45.222401+00:00,small,16.0,True,low,,18,10,469,15946,,13,13,1.0,0.06899224011004304,10,91,uint8_simplex,8811006,pooled_current_private_evidence_pre_exchange,2420,dynamic_delta,21,0.875,391,medium,23864,537,5,30,26,private_fragmented,3,1.865174681370263e-14,0.0,27.0,0.0,9.0,0.0014145248259256886,2.011238527455517,high,1,0.08118757399846419,0.0716113872375951,6558,28,8,2,0,9,0.17422466096372002,0.1275891772941907,0.14131810357918403,5,16,4,2,97,0.07030181367381907,0.15831722886969377,True,16,0,,0,v8-development_final-utility_restoration-small-low-medium-high-scale_free-private_fragmented-8811006-kpi_change-314c8c128df2-uint8_simplex-frozen_local_rule,kpi_change,51.222014458773586,3,0,12216,2036,0,17306,3054,development_final,28,0,2026-08-17T05:44:44.391867+00:00,55b95cf6a7ce5b8237e6d801e660d5f81d8677897092131e171a950c61e23f5b,,scale_free,6558,28,509,0.6333333333333333,76,314c8c128df2,120,"{'initial_reference': 24, 'kpi_change': 92, 'partition_recovery': 4}",,0.8948036974325878,0,10.0,0.0,0,11.5,3,43.74570858696495
9,frozen_local_rule,9,12,,utility_restoration,597,3,5,1,110,3,,2026-08-17T05:44:46.368005+00:00,small,16.0,True,low,,18,10,498,16932,,13,13,1.0,0.06867463609784184,10,99,uint8_simplex,8811006,pooled_current_private_evidence_pre_exchange,2486,dynamic_delta,21,0.875,419,medium,24986,570,5,30,26,private_fragmented,3,1.865174681370263e-14,0.0,27.0,0.0,8.8,0.0013847875976460311,2.011238527455517,high,1,0.08118757399846419,0.07173198140009243,6558,28,8,2,0,9,0.17422466096372002,0.1275891772941907,0.14131810357918403,5,16,4,2,97,0.07020330874896713,0.15831722886969377,True,16,0,,0,v8-development_final-utility_restoration-small-low-medium-high-scale_free-private_fragmented-8811006-kpi_change-99bcd7363413-uint8_simplex-frozen_local_rule,kpi_change,51.222014458773586,3,0,13008,2168,0,18428,3252,development_final,27,0,2026-08-17T05:44:45.538858+00:00,55b95cf6a7ce5b8237e6d801e660d5f81d8677897092131e171a950c61e23f5b,,scale_free,6558,28,542,0.6833333333333333,82,99bcd7363413,120,"{'initial_reference': 24, 'kpi_change': 92, 'partition_recovery': 4}",,0.8948036974325878,0,10.0,0.0,0,11.5,3,43.74570858696495
10,frozen_local_rule,10,12,,utility_restoration,0,4,5,1,0,4,,2026-08-17T05:44:42.269655+00:00,small,16.0,True,low,,18,10,0,0,,13,13,1.0,0.09164760255771756,7,0,uint8_simplex,8811006,pooled_current_private_evidence_pre_exchange,1392,dynamic_delta,20,0.8333333333333334,0,medium,6313,27,5,30,25,private_fragmented,3,1.865174681370263e-14,0.0,0.0,0.0,0.0,0.0,2.1712385274555173,high,1,0.07484047924895845,0.06731025275491223,6313,27,8,2,0,10,0.16806208122011965,0.12479321029545845,0.14135187745791117,5,15,4,2,98,0.0794789276563149,0.15787868461164195,True,17,0,,0,v8-development_final-utility_restoration-small-low-medium-high-scale_free-private_fragmented-8811006-none-806ed450405e-uint8_simplex-frozen_local_rule,none,51.222014458773586,3,0,0,0,0,0,0,development_final,0,0,2026-08-17T05:44:41.674164+00:00,55b95cf6a7ce5b8237e6d801e660d5f81d8677897092131e171a950c61e23f5b,,scale_free,6313,27,0,0.0,0,806ed450405e,120,{'disabled': 120},,0.8948036974325878,0,10.0,0.0,0,11.5,3,43.74570858696495
31,frozen_local_rule,32,12,,utility_restoration,1727,11,10,9,211,11,,2026-08-17T05:44:33.532499+00:00,small,16.0,True,medium,,65,10,1457,31994,,22,22,1.0,0.06200653590201779,26,270,uint8_simplex,8811005,pooled_current_private_evidence_pre_exchange,4860,dynamic_delta,23,0.9583333333333334,1302,high,76092,1706,10,30,88,private_fragmented,3,3.4638958368304884e-14,6.0,18.0,0.5454545454545454,6.75,0.001205466032402357,5.513451938279096,medium,9,-0.02924660145019617,0.07301403545374494,21148,90,8,3,0,31,0.1782246540125898,0.10612611753153696,0.12740706815771394,11,52,4,3,54,0.06751028567788135,0.12573759334468257,True,46,17544,,0,v8-development_final-utility_restoration-small-medium-high-medium-grid-private_fragmented-8811005-always_on-f06f6808d09b-uint8_simplex-frozen_local_rule,always_on,72.55511082771045,9,0,38784,6464,0,54944,9696,development_final,7,0,2026-08-17T05:44:32.430525+00:00,315e82f356e66d881f55bdfa25ba402af28ad690136d950fa53d37df62bd8d06,,grid,21148,90,1616,1.0,120,f06f6808d09b,120,"{'always_on': 96, 'initial_reference': 24}",,0.8365372915046336,7,18.0,0.3333333333333333,1,9.0,9,21.978247499896135
30,frozen_local_rule,31,12,,utility_restoration,367,11,10,8,44,11,,2026-08-17T05:44:36.916912+00:00,small,16.0,True,medium,,64,10,305,6494,,22,22,1.0,0.06320445104496891,25,62,uint8_simplex,8811005,pooled_current_private_evidence_pre_exchange,2347,dynamic_delta,23,0.9583333333333334,273,high,32741,431,10,30,88,private_fragmented,3,3.4638958368304884e-14,18.0,27.0,1.0909090909090908,11.35,0.001316538871436689,5.513451938279096,medium,8,-0.02886414481166974,0.07866043212491247,21147,90,8,3,0,30,0.1782246540125898,0.12605366838779536,0.14413866612631193,11,52,4,3,54,0.07093244158494069,0.12818466386973687,True,45,3876,,0,v8-development_final-utility_restoration-small-medium-high-medium-grid-private_fragmented-8811005-generalized_information-347f2bd91f38-uint8_simplex-frozen_local_rule,generalized_information,74.41827593157124,9,0,8184,1364,0,11594,2046,development_final,50,0,2026-08-17T05:44:36.080747+00:00,315e82f356e66d881f55bdfa25ba402af28ad690136d950fa53d37df62bd8d06,,grid,21147,90,341,0.2,24,347f2bd91f38,120,"{'hysteresis_wait': 96, 'initial_reference': 24}",,0.7927872915046336,7,18.0,0.3333333333333333,1,9.0,9,21.978247499896135
30,frozen_local_rule,31,12,,utility_restoration,367,11,10,8,44,11,,2026-08-17T05:44:35.794718+00:00,small,16.0,True,medium,,64,10,305,6494,,22,22,1.0,0.06320445104496891,25,62,uint8_simplex,8811005,pooled_current_private_evidence_pre_exchange,2347,dynamic_delta,23,0.9583333333333334,273,high,32741,431,10,30,88,private_fragmented,3,3.4638958368304884e-14,18.0,27.0,1.0909090909090908,11.35,0.001316538871436689,5.513451938279096,medium,8,-0.02886414481166974,0.07866043212491247,21147,90,8,3,0,30,0.1782246540125898,0.12605366838779536,0.14413866612631193,11,52,4,3,54,0.07093244158494069,0.12818466386973687,True,45,3876,,0,v8-development_final-utility_restoration-small-medium-high-medium-grid-private_fragmented-8811005-generalized_information-e25eb5b9df1b-uint8_simplex-frozen_local_rule,generalized_information,74.41827593157124,9,0,8184,1364,0,11594,2046,development_final,50,0,2026-08-17T05:44:35.013721+00:00,315e82f356e66d881f55bdfa25ba402af28ad690136d950fa53d37df62bd8d06,,grid,21147,90,341,0.2,24,e25eb5b9df1b,120,"{'hysteresis_wait': 96, 'initial_reference': 24}",,0.7927872915046336,7,18.0,0.3333333333333333,1,9.0,9,21.978247499896135
31,frozen_local_rule,32,12,,utility_restoration,1286,11,10,9,169,11,,2026-08-17T05:44:38.210822+00:00,small,16.0,True,medium,,65,10,1103,23766,,22,22,1.0,0.060756344836140105,26,183,uint8_simplex,8811005,pooled_current_private_evidence_pre_exchange,4065,dynamic_delta,23,0.9583333333333334,986,high,62540,1307,10,30,88,private_fragmented,3,3.4638958368304884e-14,6.0,24.0,0.5454545454545454,7.925,0.0011736318909957646,5.513451938279096,medium,9,-0.02924660145019617,0.073436045969885,21162,90,8,3,0,31,0.1782246540125898,0.1111200469952386,0.12740706815771394,11,52,4,3,54,0.06709619540301254,0.12818466386973687,True,46,13736,,0,v8-development_final-utility_restoration-small-medium-high-medium-grid-private_fragmented-8811005-kpi_change-314c8c128df2-uint8_simplex-frozen_local_rule,kpi_change,72.55511082771045,9,0,29208,4868,0,41378,7302,development_final,21,0,2026-08-17T05:44:37.206211+00:00,315e82f356e66d881f55bdfa25ba402af28ad690136d950fa53d37df62bd8d06,,grid,21162,90,1217,0.7333333333333333,88,314c8c128df2,120,"{'initial_reference': 24, 'kpi_change': 96}",,0.8365372915046336,7,18.0,0.3333333333333333,1,9.0,9,21.978247499896135
31,frozen_local_rule,32,12,,utility_restoration,1345,11,10,9,172,11,,2026-08-17T05:44:39.815476+00:00,small,16.0,True,medium,,64,10,1151,24888,,22,22,1.0,0.0615465376485944,25,194,uint8_simplex,8811005,pooled_current_private_evidence_pre_exchange,4169,dynamic_delta,23,0.9583333333333334,1028,high,64035,1357,10,30,87,private_fragmented,3,3.4638958368304884e-14,6.0,24.0,0.5454545454545454,7.725,0.0011696809607146753,5.513451938279096,medium,9,-0.02924660145019617,0.07387709042522811,20923,89,8,3,0,31,0.1782246540125898,0.1111200469952386,0.12740706815771394,11,51,4,3,55,0.06771181403691126,0.12818466386973687,True,46,14246,,0,v8-development_final-utility_restoration-small-medium-high-medium-grid-private_fragmented-8811005-kpi_change-99bcd7363413-uint8_simplex-frozen_local_rule,kpi_change,72.55511082771045,9,0,30432,5072,0,43112,7608,development_final,20,0,2026-08-17T05:44:38.763411+00:00,315e82f356e66d881f55bdfa25ba402af28ad690136d950fa53d37df62bd8d06,,grid,20923,89,1268,0.7666666666666667,92,99bcd7363413,120,"{'initial_reference': 24, 'kpi_change': 96}",,0.8365372915046336,7,18.0,0.3333333333333333,1,9.0,9,21.978247499896135
31,frozen_local_rule,32,12,,utility_restoration,0,11,10,9,0,11,,2026-08-17T05:44:34.843731+00:00,small,16.0,True,medium,,64,10,0,0,,22,22,1.0,0.10650384319685614,24,0,uint8_simplex,8811005,pooled_current_private_evidence_pre_exchange,1673,dynamic_delta,23,0.9583333333333334,0,high,20929,89,10,30,86,private_fragmented,3,3.4638958368304884e-14,0.0,0.0,0.0,0.0,0.0,5.513451938279096,medium,9,-0.03442206007203172,0.07781641946586065,20929,89,8,4,0,31,0.15196334946442505,0.11578690837063878,0.12643438945692417,10,50,4,4,56,0.0921601313313584,0.15364027855610765,True,46,0,,0,v8-development_final-utility_restoration-small-medium-high-medium-grid-private_fragmented-8811005-none-806ed450405e-uint8_simplex-frozen_local_rule,none,74.41827593157124,9,0,0,0,0,0,0,development_final,0,0,2026-08-17T05:44:34.230807+00:00,315e82f356e66d881f55bdfa25ba402af28ad690136d950fa53d37df62bd8d06,,grid,20929,89,0,0.0,0,806ed450405e,120,{'disabled': 120},,0.7927872915046336,7,18.0,0.3333333333333333,1,9.0,9,21.978247499896135
9,frozen_local_rule,9,12,,utility_restoration,1624,2,3,4,188,2,,2026-08-17T05:44:47.173909+00:00,small,16.0,True,medium,,19,10,1327,29954,,13,13,1.0,0.05761089383390317,4,297,uint8_simplex,8811007,pooled_current_private_evidence_pre_exchange,4317,dynamic_delta,6,0.25,1162,low,54425,1480,3,30,18,private_fragmented,3,8.881784197001252e-16,18.0,24.0,2.3076923076923075,8.375,0.0012321320060262287,-0.6540204668407172,high,4,-0.4512222339452262,0.05857588618121571,4785,20,8,0,0,9,0.19785705822681207,0.1336415690475634,0.16379338873979465,3,16,3,0,101,0.05809339000755944,0.14468874839972848,True,12,15164,,0,v8-development_final-utility_restoration-small-medium-low-high-grid-private_fragmented-8811007-always_on-f06f6808d09b-uint8_simplex-frozen_local_rule,always_on,136.27918554665274,3,0,35040,5840,0,49640,8760,development_final,24,0,2026-08-17T05:44:46.124165+00:00,d06e9b68bf917890f89780413ffd61ab3b3aee43c250f0aec42d8226347f6aaf,,grid,4785,20,1460,1.0,120,f06f6808d09b,120,"{'always_on': 96, 'initial_reference': 24}",,0.8309370198332247,1,5.0,0.0,0,25.0,2,109.33961528553387
10,frozen_local_rule,11,12,,utility_restoration,391,2,4,3,47,2,,2026-08-17T05:44:48.609987+00:00,small,16.0,True,medium,,19,10,312,6868,,11,13,0.8461538461538461,0.055191625746697545,4,79,uint8_simplex,8811007,pooled_current_private_evidence_pre_exchange,2071,dynamic_delta,4,0.16666666666666666,262,low,16105,353,4,30,18,private_fragmented,3,2.5757174171303632e-14,24.0,27.0,3.6923076923076925,11.425,0.0014498221272353014,-1.143138283525575,high,3,-0.5593255302954885,0.06277181760036392,4783,20,8,0,0,10,0.2120181058865657,0.1444144036950777,0.1813620843437875,1,16,3,0,103,0.058981721673530725,0.14433027617540237,True,12,3740,,0,v8-development_final-utility_restoration-small-medium-low-high-grid-private_fragmented-8811007-generalized_information-347f2bd91f38-uint8_simplex-frozen_local_rule,generalized_information,163.94539253644794,3,0,7992,1332,0,11322,1998,development_final,50,0,2026-08-17T05:44:47.817618+00:00,d06e9b68bf917890f89780413ffd61ab3b3aee43c250f0aec42d8226347f6aaf,,grid,4783,20,333,0.20833333333333334,25,347f2bd91f38,120,"{'below_threshold': 1, 'generalized_information_on': 1, 'hysteresis_wait': 94, 'initial_reference': 24}",,0.8309370198332247,1,10.0,0.3333333333333333,1,25.0,3,126.98215131851187
10,frozen_local_rule,11,12,,utility_restoration,391,2,4,3,47,2,,2026-08-17T05:44:48.179218+00:00,small,16.0,True,medium,,19,10,312,6868,,11,13,0.8461538461538461,0.055191625746697545,4,79,uint8_simplex,8811007,pooled_current_private_evidence_pre_exchange,2071,dynamic_delta,4,0.16666666666666666,262,low,16105,353,4,30,18,private_fragmented,3,2.5757174171303632e-14,24.0,27.0,3.6923076923076925,11.425,0.0014498221272353014,-1.143138283525575,high,3,-0.5593255302954885,0.06277181760036392,4783,20,8,0,0,10,0.2120181058865657,0.1444144036950777,0.1813620843437875,1,16,3,0,103,0.058981721673530725,0.14433027617540237,True,12,3740,,0,v8-development_final-utility_restoration-small-medium-low-high-grid-private_fragmented-8811007-generalized_information-e25eb5b9df1b-uint8_simplex-frozen_local_rule,generalized_information,163.94539253644794,3,0,7992,1332,0,11322,1998,development_final,50,0,2026-08-17T05:44:47.400878+00:00,d06e9b68bf917890f89780413ffd61ab3b3aee43c250f0aec42d8226347f6aaf,,grid,4783,20,333,0.20833333333333334,25,e25eb5b9df1b,120,"{'below_threshold': 1, 'generalized_information_on': 1, 'hysteresis_wait': 94, 'initial_reference': 24}",,0.8309370198332247,1,10.0,0.3333333333333333,1,25.0,3,126.98215131851187
10,frozen_local_rule,11,12,,utility_restoration,936,2,4,3,112,2,,2026-08-17T05:44:49.355185+00:00,small,16.0,True,medium,,19,10,759,16898,,13,13,1.0,0.05572652817098393,4,177,uint8_simplex,8811007,pooled_current_private_evidence_pre_exchange,3063,dynamic_delta,4,0.16666666666666666,663,low,33073,852,4,30,18,private_fragmented,3,2.5757174171303632e-14,18.0,27.0,2.3076923076923075,10.725,0.001281000307710473,-1.143138283525575,high,3,-0.5593255302954885,0.05912782718607485,4785,20,8,0,0,10,0.19785705822681207,0.12806707169946766,0.16379338873979465,1,16,3,0,103,0.05742717767852939,0.14468874839972848,True,12,8908,,0,v8-development_final-utility_restoration-small-medium-low-high-grid-private_fragmented-8811007-kpi_change-314c8c128df2-uint8_simplex-frozen_local_rule,kpi_change,163.94539253644794,3,0,19968,3328,0,28288,4992,development_final,45,0,2026-08-17T05:44:48.434194+00:00,d06e9b68bf917890f89780413ffd61ab3b3aee43c250f0aec42d8226347f6aaf,,grid,4785,20,832,0.5583333333333333,67,314c8c128df2,120,"{'initial_reference': 24, 'kpi_change': 96}",,0.8309370198332247,1,10.0,0.3333333333333333,1,25.0,3,126.98215131851187
10,frozen_local_rule,11,12,,utility_restoration,1010,2,4,3,122,2,,2026-08-17T05:44:49.838724+00:00,small,16.0,True,medium,,19,10,822,18258,,13,13,1.0,0.055134918485490805,4,188,uint8_simplex,8811007,pooled_current_private_evidence_pre_exchange,3200,dynamic_delta,4,0.16666666666666666,718,low,35419,921,4,30,18,private_fragmented,3,2.5757174171303632e-14,18.0,27.0,2.3076923076923075,10.625,0.001278110332535179,-1.143138283525575,high,3,-0.5593255302954885,0.058859198092499655,4785,20,8,0,0,10,0.19785705822681207,0.12806707169946766,0.16379338873979465,1,16,3,0,103,0.056997058288995234,0.14468874839972848,True,12,9690,,0,v8-development_final-utility_restoration-small-medium-low-high-grid-private_fragmented-8811007-kpi_change-99bcd7363413-uint8_simplex-frozen_local_rule,kpi_change,163.94539253644794,3,0,21624,3604,0,30634,5406,development_final,44,0,2026-08-17T05:44:48.882976+00:00,d06e9b68bf917890f89780413ffd61ab3b3aee43c250f0aec42d8226347f6aaf,,grid,4785,20,901,0.6083333333333333,73,99bcd7363413,120,"{'initial_reference': 24, 'kpi_change': 96}",,0.8309370198332247,1,10.0,0.3333333333333333,1,25.0,3,126.98215131851187
9,frozen_local_rule,9,12,,utility_restoration,0,2,3,3,0,2,,2026-08-17T05:44:47.266222+00:00,small,16.0,True,medium,,19,10,0,0,,13,13,1.0,0.05494371033134911,4,0,uint8_simplex,8811007,pooled_current_private_evidence_pre_exchange,1365,dynamic_delta,4,0.16666666666666666,0,low,4783,20,3,30,18,private_fragmented,3,8.881784197001252e-16,0.0,0.0,0.0,0.0,0.0,-0.6540204668407172,high,3,-0.4512222339452262,0.04314633940774195,4783,20,8,0,0,9,0.17691475062403295,0.06777952136563159,0.11686225475186629,2,16,3,0,102,0.04904502486954553,0.142959960029775,True,11,0,,0,v8-development_final-utility_restoration-small-medium-low-high-grid-private_fragmented-8811007-none-806ed450405e-uint8_simplex-frozen_local_rule,none,136.27918554665274,3,0,0,0,0,0,0,development_final,0,0,2026-08-17T05:44:46.695878+00:00,d06e9b68bf917890f89780413ffd61ab3b3aee43c250f0aec42d8226347f6aaf,,grid,4783,20,0,0.0,0,806ed450405e,120,{'disabled': 120},,0.8309370198332247,1,10.0,0.3333333333333333,1,25.0,2,109.33961528553387
23,frozen_local_rule,24,12,,utility_restoration,620,5,8,10,89,5,,2026-08-17T05:44:13.364281+00:00,small,16.0,True,medium,,24,10,517,17578,,15,15,1.0,0.05867322647757535,2,103,uint8_simplex,8811002,pooled_current_private_evidence_pre_exchange,2600,dynamic_delta,20,0.8333333333333334,370,medium,27965,608,8,30,30,private_fragmented,3,1.7763568394002505e-14,0.0,24.0,0.0,5.175,0.00218329732199162,0.20926457708835844,medium,10,-0.602232911550626,0.0637321833936603,8517,36,8,3,0,23,0.16613098999448964,0.10754576448508608,0.12002367847688178,4,16,4,3,97,0.06120270493561782,0.13615771784654265,True,31,0,,0,v8-development_final-utility_restoration-small-medium-medium-medium-scale_free-private_fragmented-8811002-always_on-f06f6808d09b-uint8_simplex-frozen_local_rule,always_on,219.9428168145507,6,0,13728,2288,0,19448,3432,development_final,10,0,2026-08-17T05:44:12.546843+00:00,446ab310bf950adfff8f26fd166c66e148ce928e9fc0ffe7ab86b3213e4e843e,,scale_free,8517,36,572,1.0,120,f06f6808d09b,120,"{'always_on': 96, 'initial_reference': 24}",,0.9080798471811347,4,10.0,0.0,1,25.0,7,104.19772818797877
23,frozen_local_rule,24,12,,utility_restoration,139,3,10,10,21,3,,2026-08-17T05:44:16.117725+00:00,small,16.0,True,medium,,25,10,122,4148,,15,15,1.0,0.06120011815295508,2,17,uint8_simplex,8811002,pooled_current_private_evidence_pre_exchange,1731,dynamic_delta,20,0.8333333333333334,90,medium,13588,173,10,30,32,private_fragmented,3,1.7763568394002505e-14,0.0,27.0,0.0,8.3,0.00206906036130888,-1.4397159867938305,medium,10,-0.6709404350457171,0.06648781923386544,8998,38,8,3,0,23,0.187055441068285,0.10932934265614778,0.13406816306249186,2,18,4,3,97,0.06384396869341026,0.1288802957410955,True,29,0,,0,v8-development_final-utility_restoration-small-medium-medium-medium-scale_free-private_fragmented-8811002-generalized_information-347f2bd91f38-uint8_simplex-frozen_local_rule,generalized_information,219.9428168145507,5,0,3240,540,0,4590,810,development_final,34,0,2026-08-17T05:44:15.410984+00:00,446ab310bf950adfff8f26fd166c66e148ce928e9fc0ffe7ab86b3213e4e843e,,scale_free,8998,38,135,0.20833333333333334,25,347f2bd91f38,120,"{'hysteresis_wait': 95, 'initial_reference': 24, 'partition_recovery': 1}",,0.9080798471811347,4,5.0,0.0,0,25.0,10,104.19772818797877
23,frozen_local_rule,24,12,,utility_restoration,139,3,10,10,21,3,,2026-08-17T05:44:15.212039+00:00,small,16.0,True,medium,,25,10,122,4148,,15,15,1.0,0.06120011815295508,2,17,uint8_simplex,8811002,pooled_current_private_evidence_pre_exchange,1731,dynamic_delta,20,0.8333333333333334,90,medium,13588,173,10,30,32,private_fragmented,3,1.7763568394002505e-14,0.0,27.0,0.0,8.3,0.00206906036130888,-1.4397159867938305,medium,10,-0.6709404350457171,0.06648781923386544,8998,38,8,3,0,23,0.187055441068285,0.10932934265614778,0.13406816306249186,2,18,4,3,97,0.06384396869341026,0.1288802957410955,True,29,0,,0,v8-development_final-utility_restoration-small-medium-medium-medium-scale_free-private_fragmented-8811002-generalized_information-e25eb5b9df1b-uint8_simplex-frozen_local_rule,generalized_information,219.9428168145507,5,0,3240,540,0,4590,810,development_final,34,0,2026-08-17T05:44:14.499630+00:00,446ab310bf950adfff8f26fd166c66e148ce928e9fc0ffe7ab86b3213e4e843e,,scale_free,8998,38,135,0.20833333333333334,25,e25eb5b9df1b,120,"{'hysteresis_wait': 95, 'initial_reference': 24, 'partition_recovery': 1}",,0.9080798471811347,4,5.0,0.0,0,25.0,10,104.19772818797877
23,frozen_local_rule,24,12,,utility_restoration,368,4,9,10,50,4,,2026-08-17T05:44:17.061463+00:00,small,16.0,True,medium,,24,10,306,10404,,15,15,1.0,0.05606155870912956,2,62,uint8_simplex,8811002,pooled_current_private_evidence_pre_exchange,2141,dynamic_delta,20,0.8333333333333334,222,medium,20278,376,9,30,31,private_fragmented,3,1.7763568394002505e-14,0.0,24.0,0.0,6.325,0.0021844491535835983,-1.0957159867938304,medium,10,-0.6566071017123838,0.062403275441156265,8752,37,8,3,0,23,0.16613098999448964,0.10665500451779589,0.12002367847688178,4,17,4,3,96,0.05923241707514291,0.1288802957410955,True,31,0,,0,v8-development_final-utility_restoration-small-medium-medium-medium-scale_free-private_fragmented-8811002-kpi_change-314c8c128df2-uint8_simplex-frozen_local_rule,kpi_change,219.9428168145507,5,0,8136,1356,0,11526,2034,development_final,18,0,2026-08-17T05:44:16.316727+00:00,446ab310bf950adfff8f26fd166c66e148ce928e9fc0ffe7ab86b3213e4e843e,,scale_free,8752,37,339,0.575,69,314c8c128df2,120,"{'initial_reference': 24, 'kpi_change': 95, 'partition_recovery': 1}",,0.9080798471811347,4,10.0,0.0,1,25.0,8,104.19772818797877
23,frozen_local_rule,24,12,,utility_restoration,407,5,8,10,57,5,,2026-08-17T05:44:18.081709+00:00,small,16.0,True,medium,,24,10,334,11356,,15,15,1.0,0.057251135163025206,2,73,uint8_simplex,8811002,pooled_current_private_evidence_pre_exchange,2205,dynamic_delta,20,0.8333333333333334,243,medium,21161,408,8,30,31,private_fragmented,3,1.7763568394002505e-14,0.0,24.0,0.0,6.275,0.002179073451473155,0.20926457708835844,medium,10,-0.602232911550626,0.06281861773550917,8513,36,8,3,0,23,0.16613098999448964,0.10754576448508608,0.12002367847688178,4,16,4,3,97,0.06003487644926719,0.13615771784654265,True,31,0,,0,v8-development_final-utility_restoration-small-medium-medium-medium-scale_free-private_fragmented-8811002-kpi_change-99bcd7363413-uint8_simplex-frozen_local_rule,kpi_change,219.9428168145507,6,0,8928,1488,0,12648,2232,development_final,17,0,2026-08-17T05:44:17.322473+00:00,446ab310bf950adfff8f26fd166c66e148ce928e9fc0ffe7ab86b3213e4e843e,,scale_free,8513,36,372,0.6583333333333333,79,99bcd7363413,120,"{'initial_reference': 24, 'kpi_change': 95, 'partition_recovery': 1}",,0.9080798471811347,4,10.0,0.0,1,25.0,7,104.19772818797877
24,frozen_local_rule,25,12,,utility_restoration,0,3,11,10,0,3,,2026-08-17T05:44:14.349198+00:00,small,16.0,True,medium,,25,10,0,0,,15,15,1.0,0.07727635539861026,2,0,uint8_simplex,8811002,pooled_current_private_evidence_pre_exchange,1472,dynamic_delta,19,0.7916666666666666,0,medium,8994,38,11,30,32,private_fragmented,3,1.7763568394002505e-14,0.0,0.0,0.0,0.0,0.0,-1.6597159867938305,medium,10,-0.6773409084010608,0.060222945729155,8994,38,8,3,0,24,0.1566298436725068,0.1037982549542965,0.12334941333246076,1,18,4,3,98,0.06874965056388263,0.15480688302090723,True,29,0,,0,v8-development_final-utility_restoration-small-medium-medium-medium-scale_free-private_fragmented-8811002-none-806ed450405e-uint8_simplex-frozen_local_rule,none,219.9428168145507,5,0,0,0,0,0,0,development_final,0,0,2026-08-17T05:44:13.747999+00:00,446ab310bf950adfff8f26fd166c66e148ce928e9fc0ffe7ab86b3213e4e843e,,scale_free,8994,38,0,0.0,0,806ed450405e,120,{'disabled': 120},,0.9080798471811347,4,5.0,0.0,0,25.0,11,104.19772818797877
