abstentions,accepted_physical_actions,accepted_typed_actions,agents,application,autonomous_executions,beneficial_actions,cluster_id,conservation_feasible,controller,coverage_target,environment_seed,escalation_attempts,escalation_slots_per_epoch,escalations,event_count,event_ledger_digest,event_ledger_path,event_ledger_sha256,final_service_deficit,harmful_actions,horizon,incidents,information_condition,maximum_conservation_residual,maximum_queue_length,neutral_actions,operational_bytes,operational_messages,operator_minutes,operator_queue_unserved,regime,run_id,scenario_family,service_loss,service_reaching_actions,sketch_bytes,sketch_latency,sketch_messages,sketch_policy,stage,status,stochastic_tape_digest,topology_family,total_bytes,total_messages,wall_seconds
5,7,14,12,commercial,10,6,commercial|compound|private_fragmented|60911,True,action_value_margin,0.5,60911,5,1,4,760,b4ffddf527212aa61ec08f90d89906c8e8739bbcc87c78966256074ddd503df4,raw/pilot_v2/v6-pilot_v2-commercial-compound-private_fragmented-e60911-action_value_margin-c050-event_triggered/events.jsonl.gz,a9780df5a32cfd2c8d18dad2b711ebb21bbd1afab4f2848668ad38a166c78d28,0.7656861899487475,8,12,4,private_fragmented,0.0,1,0,1136,4,21.207745419615414,0,compound,v6-pilot_v2-commercial-compound-private_fragmented-e60911-action_value_margin-c050-event_triggered,commercial_compound_family_3,2.9401141969263724,6,22748,0.47496943422952026,242,event_triggered,pilot_v2,complete,d7f9af7f048451226a0496e7b10135222c95d6edcd16068b842d500bdf3a006f,commercial_v6_topology_3,23884,246,0.35791328898631036
5,8,14,12,commercial,10,6,commercial|compound|private_fragmented|60911,True,combined_generalized_entropic,0.5,60911,5,1,4,761,fa4dc23835e0dd8f7431abf8543bf7981d8ab7979faaf38e7956d401679145ea,raw/pilot_v2/v6-pilot_v2-commercial-compound-private_fragmented-e60911-combined_generalized_entropic-c050-event_triggered/events.jsonl.gz,96ee62e88329342ee97ac30beaeb234034aed8ad0fb57c54fd1808b48ea27e4e,0.6232859109779542,8,12,4,private_fragmented,0.0,1,0,1388,6,21.66928205429904,0,compound,v6-pilot_v2-commercial-compound-private_fragmented-e60911-combined_generalized_entropic-c050-event_triggered,commercial_compound_family_3,3.334133840465648,6,22748,0.47496943422952026,242,event_triggered,pilot_v2,complete,d7f9af7f048451226a0496e7b10135222c95d6edcd16068b842d500bdf3a006f,commercial_v6_topology_3,24136,248,0.34957255399785936
5,9,14,12,commercial,10,6,commercial|compound|private_fragmented|60911,True,jensen_shannon,0.5,60911,5,1,4,760,49429e6e2b663f7995432472778f8efed48c746213570c4230055830d5473441,raw/pilot_v2/v6-pilot_v2-commercial-compound-private_fragmented-e60911-jensen_shannon-c050-event_triggered/events.jsonl.gz,35a8675675d7863bd69654fac5e0b172011ca13db0d5d9d5f6352757247b67b9,0.9440505308320646,8,12,4,private_fragmented,0.0,1,0,1388,6,22.25036053947256,0,compound,v6-pilot_v2-commercial-compound-private_fragmented-e60911-jensen_shannon-c050-event_triggered,commercial_compound_family_3,3.5056762077015176,4,22654,0.47318488080697735,241,event_triggered,pilot_v2,complete,d7f9af7f048451226a0496e7b10135222c95d6edcd16068b842d500bdf3a006f,commercial_v6_topology_3,24042,247,0.3494686899939552
5,9,14,12,commercial,10,6,commercial|compound|private_fragmented|60911,True,jensen_tsallis_q_0_5,0.5,60911,5,1,4,760,636bde4b5cd0df4fcbd0e54074070b4c5cf7e5e133f96c7ef65bd08489c6e61f,raw/pilot_v2/v6-pilot_v2-commercial-compound-private_fragmented-e60911-jensen_tsallis_q_0_5-c050-event_triggered/events.jsonl.gz,660172b5d3273dc8e8904edffbd2048d9464fc60a962d76701d9acbe6df4a9f0,0.9440505308320646,8,12,4,private_fragmented,0.0,1,0,1388,6,22.25036053947256,0,compound,v6-pilot_v2-commercial-compound-private_fragmented-e60911-jensen_tsallis_q_0_5-c050-event_triggered,commercial_compound_family_3,3.5056762077015176,4,22654,0.47318488080697735,241,event_triggered,pilot_v2,complete,d7f9af7f048451226a0496e7b10135222c95d6edcd16068b842d500bdf3a006f,commercial_v6_topology_3,24042,247,0.3563654890167527
5,8,14,12,commercial,10,5,commercial|compound|private_fragmented|60912,True,action_value_margin,0.5,60912,5,1,4,751,979c963181ef867c2be4335bca4099d2bd62d652a728f360a8881c105f93bc9f,raw/pilot_v2/v6-pilot_v2-commercial-compound-private_fragmented-e60912-action_value_margin-c050-event_triggered/events.jsonl.gz,10040cd15ffed72734dbb9f4c03ba27811b761a68aed5a3165cbbf96a4917182,1.2153066272079898,9,12,4,private_fragmented,0.0,1,0,1136,4,21.913175353324966,0,compound,v6-pilot_v2-commercial-compound-private_fragmented-e60912-action_value_margin-c050-event_triggered,commercial_compound_family_4,5.940067633561703,3,21620,0.46430903723357486,230,event_triggered,pilot_v2,complete,092e138c61aa99b53c3200e360a348fce288745307ff7c93446d90ba30a52232,commercial_v6_topology_0,22756,234,0.34025530895451084
5,8,14,12,commercial,10,4,commercial|compound|private_fragmented|60912,True,combined_generalized_entropic,0.5,60912,5,1,4,751,85ecb0374213db8e899c318e93d4e4b41ad886a2a743e37525a47cb38546dd28,raw/pilot_v2/v6-pilot_v2-commercial-compound-private_fragmented-e60912-combined_generalized_entropic-c050-event_triggered/events.jsonl.gz,9f351729e16eea09059fd0cf03187b13c1d89bad0d2ae605e27e883b0bd5b186,1.678887478427237,10,12,4,private_fragmented,0.0,1,0,1136,4,22.20635882164806,0,compound,v6-pilot_v2-commercial-compound-private_fragmented-e60912-combined_generalized_entropic-c050-event_triggered,commercial_compound_family_4,7.911013561286165,3,21620,0.46430903723357486,230,event_triggered,pilot_v2,complete,092e138c61aa99b53c3200e360a348fce288745307ff7c93446d90ba30a52232,commercial_v6_topology_0,22756,234,0.34774587996071205
5,5,13,12,commercial,10,2,commercial|compound|private_fragmented|60912,True,jensen_shannon,0.5,60912,5,1,4,749,d6ee55c64ec61eec7668965318999cdc0c33f931f1925f3d2c85c9496b03cd5c,raw/pilot_v2/v6-pilot_v2-commercial-compound-private_fragmented-e60912-jensen_shannon-c050-event_triggered/events.jsonl.gz,d627937bc830504cd898de4e781baa2cbd8d4bcada48a4d16f96751b57c81762,1.5392842710532848,11,12,4,private_fragmented,0.0,1,0,1136,4,22.77064480286664,0,compound,v6-pilot_v2-commercial-compound-private_fragmented-e60912-jensen_shannon-c050-event_triggered,commercial_compound_family_4,6.922241983067441,2,21620,0.46430903723357486,230,event_triggered,pilot_v2,complete,092e138c61aa99b53c3200e360a348fce288745307ff7c93446d90ba30a52232,commercial_v6_topology_0,22756,234,0.34080930397612974
5,5,13,12,commercial,10,2,commercial|compound|private_fragmented|60912,True,jensen_tsallis_q_0_5,0.5,60912,5,1,4,749,32929b4be23512811b46f439d54b5e13fbd7d7a70ed8af74c64519f71ca22402,raw/pilot_v2/v6-pilot_v2-commercial-compound-private_fragmented-e60912-jensen_tsallis_q_0_5-c050-event_triggered/events.jsonl.gz,05563a1dfcc2f13781433713638f9de803f2dcd81b1ccba27af0afb67ed4c04c,1.5392842710532848,11,12,4,private_fragmented,0.0,1,0,1136,4,22.77064480286664,0,compound,v6-pilot_v2-commercial-compound-private_fragmented-e60912-jensen_tsallis_q_0_5-c050-event_triggered,commercial_compound_family_4,6.922241983067441,2,21620,0.46430903723357486,230,event_triggered,pilot_v2,complete,092e138c61aa99b53c3200e360a348fce288745307ff7c93446d90ba30a52232,commercial_v6_topology_0,22756,234,0.3460846949601546
5,2,11,12,commercial,10,2,commercial|compound|private_fragmented|60913,True,action_value_margin,0.5,60913,5,1,4,700,8de914c9d84a8816c61aaedc3b19b8025b4543312aba07d13431e48f73655694,raw/pilot_v2/v6-pilot_v2-commercial-compound-private_fragmented-e60913-action_value_margin-c050-event_triggered/events.jsonl.gz,0e749790eba3ab7c89f47554ac8cb20c3f34d2aed42942e8afb94d2412e14238,1.426034362478135,9,12,4,private_fragmented,0.0,1,0,1136,4,21.550631833515585,0,compound,v6-pilot_v2-commercial-compound-private_fragmented-e60913-action_value_margin-c050-event_triggered,commercial_compound_family_4,5.85326528033147,2,17954,0.36512392721447734,191,event_triggered,pilot_v2,complete,7d4e27fe82865d2907668e2cc71e70bca38d71b31e4506ceb1665ca22b558d19,commercial_v6_topology_1,19090,195,0.35635934298625216
5,2,11,12,commercial,10,2,commercial|compound|private_fragmented|60913,True,combined_generalized_entropic,0.5,60913,5,1,4,700,791737769a32e4fb598b62f1b5d563a169b79ba544db5122d3a4b1536b0f35f5,raw/pilot_v2/v6-pilot_v2-commercial-compound-private_fragmented-e60913-combined_generalized_entropic-c050-event_triggered/events.jsonl.gz,914f9b55d0f7abc1547bbf78ef037716c1e9e968e70ae724148855eb33e757b5,1.4332546870776612,9,12,4,private_fragmented,0.0,1,0,1136,4,21.613767180219078,0,compound,v6-pilot_v2-commercial-compound-private_fragmented-e60913-combined_generalized_entropic-c050-event_triggered,commercial_compound_family_4,5.9339226791623405,2,17954,0.36512392721447734,191,event_triggered,pilot_v2,complete,7d4e27fe82865d2907668e2cc71e70bca38d71b31e4506ceb1665ca22b558d19,commercial_v6_topology_1,19090,195,0.34684307302813977
5,6,14,12,commercial,10,3,commercial|compound|private_fragmented|60913,True,jensen_shannon,0.5,60913,5,1,4,712,fbbd303ade7fbe7458be1810dc34639e41dbf057088da41811a9d2ee98a8de1c,raw/pilot_v2/v6-pilot_v2-commercial-compound-private_fragmented-e60913-jensen_shannon-c050-event_triggered/events.jsonl.gz,41978d24d8bacc17deba6559a90f08552e9c743410228fedb5fb8c9601d97675,1.6866300967077605,11,12,4,private_fragmented,0.0,1,0,1136,4,21.736286052735256,0,compound,v6-pilot_v2-commercial-compound-private_fragmented-e60913-jensen_shannon-c050-event_triggered,commercial_compound_family_4,6.114538107388004,3,18142,0.3694529822410052,193,event_triggered,pilot_v2,complete,7d4e27fe82865d2907668e2cc71e70bca38d71b31e4506ceb1665ca22b558d19,commercial_v6_topology_1,19278,197,0.3447837209678255
5,6,14,12,commercial,10,3,commercial|compound|private_fragmented|60913,True,jensen_tsallis_q_0_5,0.5,60913,5,1,4,712,995aa38a4c05fec0109d1ee7f26911125efa692dc5176a2ab3890045dd56e531,raw/pilot_v2/v6-pilot_v2-commercial-compound-private_fragmented-e60913-jensen_tsallis_q_0_5-c050-event_triggered/events.jsonl.gz,8a9c7a54730a306377352cab9b4568c7c1e4637d19e793ee965da703a6ccb37b,1.6866300967077605,11,12,4,private_fragmented,0.0,1,0,1136,4,21.736286052735256,0,compound,v6-pilot_v2-commercial-compound-private_fragmented-e60913-jensen_tsallis_q_0_5-c050-event_triggered,commercial_compound_family_4,6.114538107388004,3,18142,0.3694529822410052,193,event_triggered,pilot_v2,complete,7d4e27fe82865d2907668e2cc71e70bca38d71b31e4506ceb1665ca22b558d19,commercial_v6_topology_1,19278,197,0.3472367529757321
5,12,14,12,commercial,10,10,commercial|compound|public_shared|60911,True,action_value_margin,0.5,60911,5,1,4,654,cb120e821300aefca27687ffb213a4c675ff9fd3d5a6156a22a4c37f6ce32afc,raw/pilot_v2/v6-pilot_v2-commercial-compound-public_shared-e60911-action_value_margin-c050-event_triggered/events.jsonl.gz,24917749c4d0eef469e43259abc664cc2c71b26a39daa7afc9c145214a5da65d,1.022332884966048,4,12,4,public_shared,0.0,1,0,1136,4,21.817389045167484,0,compound,v6-pilot_v2-commercial-compound-public_shared-e60911-action_value_margin-c050-event_triggered,commercial_compound_family_3,4.05029466610758,8,13348,0.27905134332093323,142,event_triggered,pilot_v2,complete,37cd0d51cdad9f615ae2fd01e09ea7e0374508b1722996193e314e9f4f1b7c2f,commercial_v6_topology_3,14484,146,0.33177289500599727
5,12,14,12,commercial,10,10,commercial|compound|public_shared|60911,True,combined_generalized_entropic,0.5,60911,5,1,4,654,abe6bbf57c7479c165a4fe9883d205d3e90d324d2ec72afc256f12ba520f9f80,raw/pilot_v2/v6-pilot_v2-commercial-compound-public_shared-e60911-combined_generalized_entropic-c050-event_triggered/events.jsonl.gz,10673f77c582d1cd51d65d891ab84e014c4b4744c56cda17e8468ce18e3ccbaa,0.9486328621294549,4,12,4,public_shared,0.0,1,0,1136,4,21.817389045167484,0,compound,v6-pilot_v2-commercial-compound-public_shared-e60911-combined_generalized_entropic-c050-event_triggered,commercial_compound_family_3,3.8614577116095914,8,13348,0.27905134332093323,142,event_triggered,pilot_v2,complete,37cd0d51cdad9f615ae2fd01e09ea7e0374508b1722996193e314e9f4f1b7c2f,commercial_v6_topology_3,14484,146,0.32341808098135516
5,12,14,12,commercial,10,9,commercial|compound|public_shared|60911,True,jensen_shannon,0.5,60911,5,1,4,654,e6b5e7832daadd787e9586d4f97197337af36e55a83d0e47a0dc3107bcae120d,raw/pilot_v2/v6-pilot_v2-commercial-compound-public_shared-e60911-jensen_shannon-c050-event_triggered/events.jsonl.gz,93839ff30c9322d8309f7edc465d4b8286a9b983220f6d5fb64fa04b669f449e,0.9678142476034147,5,12,4,public_shared,0.0,1,0,1136,4,21.817389045167484,0,compound,v6-pilot_v2-commercial-compound-public_shared-e60911-jensen_shannon-c050-event_triggered,commercial_compound_family_3,4.3820267186835995,7,13348,0.27905134332093323,142,event_triggered,pilot_v2,complete,37cd0d51cdad9f615ae2fd01e09ea7e0374508b1722996193e314e9f4f1b7c2f,commercial_v6_topology_3,14484,146,0.31840361800277606
5,11,14,12,commercial,10,8,commercial|compound|public_shared|60911,True,jensen_tsallis_q_0_5,0.5,60911,5,1,4,655,3310b3b680a28c71cef63d1df4fa1585781f7b5d6f2230f0fa001ba52e442070,raw/pilot_v2/v6-pilot_v2-commercial-compound-public_shared-e60911-jensen_tsallis_q_0_5-c050-event_triggered/events.jsonl.gz,110814180201878506184349b670ec2a7a10cd1e9009b1ea8790130835ec26ac,0.9921232377225334,6,12,4,public_shared,0.0,1,0,1136,4,21.817389045167484,0,compound,v6-pilot_v2-commercial-compound-public_shared-e60911-jensen_tsallis_q_0_5-c050-event_triggered,commercial_compound_family_3,4.395393478985117,6,13348,0.27905134332093323,142,event_triggered,pilot_v2,complete,37cd0d51cdad9f615ae2fd01e09ea7e0374508b1722996193e314e9f4f1b7c2f,commercial_v6_topology_3,14484,146,0.32645228400360793
5,6,14,12,commercial,10,6,commercial|compound|public_shared|60912,True,action_value_margin,0.5,60912,5,1,4,616,c9fbdc629e15b3d1fec24307efaa2dcde08d04216fd1ce0bd9a962c021ca8c21,raw/pilot_v2/v6-pilot_v2-commercial-compound-public_shared-e60912-action_value_margin-c050-event_triggered/events.jsonl.gz,ced04d3d5027b77487b0be70b2e2a2a0089eb4a8cd69713127f151d94238fa4d,1.3057751058445364,8,12,4,public_shared,0.0,1,0,1136,4,21.212211901081165,0,compound,v6-pilot_v2-commercial-compound-public_shared-e60912-action_value_margin-c050-event_triggered,commercial_compound_family_4,3.4966080679405036,5,9118,0.18553251169955282,97,event_triggered,pilot_v2,complete,19fdbc38cfded1ab3082dcc7a3337305df9a861fa306d0e83cb7850250d7de02,commercial_v6_topology_0,10254,101,0.30538989597698674
5,7,14,12,commercial,10,7,commercial|compound|public_shared|60912,True,combined_generalized_entropic,0.5,60912,5,1,4,615,ad262b18cc9d4c5b977511a5a8f9ac6fd03c2ad6d1aeda28acdcc787a047660c,raw/pilot_v2/v6-pilot_v2-commercial-compound-public_shared-e60912-combined_generalized_entropic-c050-event_triggered/events.jsonl.gz,b3350a2432f9b794c4b5d8c7966ab64b7a70c33f593b2194c467024f0fcbeaa3,1.1211430602749515,7,12,4,public_shared,0.0,1,0,1136,4,21.65728411777041,0,compound,v6-pilot_v2-commercial-compound-public_shared-e60912-combined_generalized_entropic-c050-event_triggered,commercial_compound_family_4,3.191288198325681,6,9118,0.18553251169955282,97,event_triggered,pilot_v2,complete,19fdbc38cfded1ab3082dcc7a3337305df9a861fa306d0e83cb7850250d7de02,commercial_v6_topology_0,10254,101,0.3110700360266492
5,6,14,12,commercial,10,6,commercial|compound|public_shared|60912,True,jensen_shannon,0.5,60912,5,1,4,621,03df1ea7767950e18d23a6a7714b5de233f93163781d14722fb2cf6f9be3bc51,raw/pilot_v2/v6-pilot_v2-commercial-compound-public_shared-e60912-jensen_shannon-c050-event_triggered/events.jsonl.gz,f4072b7dc15ce3b0e4ce2652865e517db0fa6ef4cc108ab44c2178bebd0cf202,1.1177117011030322,8,12,4,public_shared,0.0,1,0,1640,8,21.65728411777041,0,compound,v6-pilot_v2-commercial-compound-public_shared-e60912-jensen_shannon-c050-event_triggered,commercial_compound_family_4,3.3991082642298363,5,9118,0.18553251169955282,97,event_triggered,pilot_v2,complete,19fdbc38cfded1ab3082dcc7a3337305df9a861fa306d0e83cb7850250d7de02,commercial_v6_topology_0,10758,105,0.31242522300453857
5,6,14,12,commercial,10,6,commercial|compound|public_shared|60912,True,jensen_tsallis_q_0_5,0.5,60912,5,1,4,621,ac48bb4d175827b3cfaca58c41e52277efdd8cde3230a0814429d9577f7e0eb7,raw/pilot_v2/v6-pilot_v2-commercial-compound-public_shared-e60912-jensen_tsallis_q_0_5-c050-event_triggered/events.jsonl.gz,55b4c4274ee5cf2af8d1cba46b976bb5f4a351269e848ede2b0c7de459000c6b,1.1154310209511071,8,12,4,public_shared,0.0,1,0,1640,8,21.65728411777041,0,compound,v6-pilot_v2-commercial-compound-public_shared-e60912-jensen_tsallis_q_0_5-c050-event_triggered,commercial_compound_family_4,3.3754489328307478,5,9118,0.18553251169955282,97,event_triggered,pilot_v2,complete,19fdbc38cfded1ab3082dcc7a3337305df9a861fa306d0e83cb7850250d7de02,commercial_v6_topology_0,10758,105,0.30797549802809954
5,10,14,12,commercial,10,10,commercial|compound|public_shared|60913,True,action_value_margin,0.5,60913,5,1,4,642,df478f574479214e4f8a08d93d8bd0f1baf8d59af5e7767b0667f1ef582b95e4,raw/pilot_v2/v6-pilot_v2-commercial-compound-public_shared-e60913-action_value_margin-c050-event_triggered/events.jsonl.gz,2f23c5dc40e5c437a4b2e7f6c14f12a70152fc8b36dd0b11839d4cb8986e7e62,0.4068803302665308,4,12,4,public_shared,0.0,1,0,1514,7,21.158693402821967,0,compound,v6-pilot_v2-commercial-compound-public_shared-e60913-action_value_margin-c050-event_triggered,commercial_compound_family_4,1.3251020908826048,9,11750,0.2479081243369383,125,event_triggered,pilot_v2,complete,f3ff8e8c7585f4621f7886090a38f75681ca78dd7cd05333241e19b461c07eae,commercial_v6_topology_1,13264,132,0.3182950869668275
5,12,14,12,commercial,10,12,commercial|compound|public_shared|60913,True,combined_generalized_entropic,0.5,60913,5,1,4,640,d54a7da960e5e8f25d6e0028c1d4c0ca2ef9608d8949a6f04f832e8689968d54,raw/pilot_v2/v6-pilot_v2-commercial-compound-public_shared-e60913-combined_generalized_entropic-c050-event_triggered/events.jsonl.gz,8c2ea452c6e5e703ccf94b890bf0111980725198d61897e1b3cf393fdf0a174a,0.37527435639506235,2,12,4,public_shared,0.0,1,0,1514,7,21.158693402821967,0,compound,v6-pilot_v2-commercial-compound-public_shared-e60913-combined_generalized_entropic-c050-event_triggered,commercial_compound_family_4,1.2051174020406052,11,11750,0.2479081243369383,125,event_triggered,pilot_v2,complete,f3ff8e8c7585f4621f7886090a38f75681ca78dd7cd05333241e19b461c07eae,commercial_v6_topology_1,13264,132,0.33111475297482684
5,10,14,12,commercial,10,10,commercial|compound|public_shared|60913,True,jensen_shannon,0.5,60913,5,1,4,640,60ddb224a5a9ab527bdd5dbc2c4485a92edba34cdb1f659c8bf179eb71be123e,raw/pilot_v2/v6-pilot_v2-commercial-compound-public_shared-e60913-jensen_shannon-c050-event_triggered/events.jsonl.gz,d52391494a4d96a1d1e12cc3c3c581c3ea2b964e31864e00f111b96130559874,0.4313946763114167,4,12,4,public_shared,0.0,1,0,1262,5,21.19441666100622,0,compound,v6-pilot_v2-commercial-compound-public_shared-e60913-jensen_shannon-c050-event_triggered,commercial_compound_family_4,1.6081955002104291,9,11750,0.2479081243369383,125,event_triggered,pilot_v2,complete,f3ff8e8c7585f4621f7886090a38f75681ca78dd7cd05333241e19b461c07eae,commercial_v6_topology_1,13012,130,0.32833198900334537
5,9,14,12,commercial,10,9,commercial|compound|public_shared|60913,True,jensen_tsallis_q_0_5,0.5,60913,5,1,4,641,8c1dbb570236f721f0248cf59a47c14fe65abfb8a66e22e6af9db8ae684fe5a3,raw/pilot_v2/v6-pilot_v2-commercial-compound-public_shared-e60913-jensen_tsallis_q_0_5-c050-event_triggered/events.jsonl.gz,08594cc1a47b2c6ff43ebcda3dba2882343ce4fa92ed5ae9f4a01cacc309efdd,0.5454340971779975,5,12,4,public_shared,0.0,1,0,1262,5,21.19161331957408,0,compound,v6-pilot_v2-commercial-compound-public_shared-e60913-jensen_tsallis_q_0_5-c050-event_triggered,commercial_compound_family_4,1.661206410169385,9,11750,0.2479081243369383,125,event_triggered,pilot_v2,complete,f3ff8e8c7585f4621f7886090a38f75681ca78dd7cd05333241e19b461c07eae,commercial_v6_topology_1,13012,130,0.32295246300054714
5,11,13,12,commercial,10,5,commercial|partition|private_fragmented|60911,True,action_value_margin,0.5,60911,5,1,4,631,e71268aaa6c1d1217d030a2d186be2ec5ad346469675245e5db3e86e24a1d65f,raw/pilot_v2/v6-pilot_v2-commercial-partition-private_fragmented-e60911-action_value_margin-c050-event_triggered/events.jsonl.gz,135ae6d66be2edfdab19408b88e723979632ba9e4faf8d529d46db7bf96ada73,1.2086845593212217,8,12,4,private_fragmented,0.0,1,0,1136,4,21.663903730823876,0,partition,v6-pilot_v2-commercial-partition-private_fragmented-e60911-action_value_margin-c050-event_triggered,commercial_partition_family_3,4.363364806962458,5,11280,0.23222263719745936,120,event_triggered,pilot_v2,complete,17701bca97fd2bcf599d200f9c4053f93d6f843be0c244deebab0cf0f5f2d18e,commercial_v6_topology_3,12416,124,0.30253060295945033
5,11,13,12,commercial,10,5,commercial|partition|private_fragmented|60911,True,combined_generalized_entropic,0.5,60911,5,1,4,631,9e5717e845a57d8556d3119369a0f9fefef279d808b78e91d803a1dd4d3c9d62,raw/pilot_v2/v6-pilot_v2-commercial-partition-private_fragmented-e60911-combined_generalized_entropic-c050-event_triggered/events.jsonl.gz,4268277c6e8f14fc7faf8c1d4b0cbab9c5a5fec02693a31d1def9b32b1d3fb03,1.2086845593212217,8,12,4,private_fragmented,0.0,1,0,1136,4,21.663903730823876,0,partition,v6-pilot_v2-commercial-partition-private_fragmented-e60911-combined_generalized_entropic-c050-event_triggered,commercial_partition_family_3,4.363364806962458,5,11280,0.23222263719745936,120,event_triggered,pilot_v2,complete,17701bca97fd2bcf599d200f9c4053f93d6f843be0c244deebab0cf0f5f2d18e,commercial_v6_topology_3,12416,124,0.30808392603648826
5,12,13,12,commercial,10,6,commercial|partition|private_fragmented|60911,True,jensen_shannon,0.5,60911,5,1,4,631,6462bf47d7a02d9514066e4e6394358d6e8bd981522f74fa4381193197726ea2,raw/pilot_v2/v6-pilot_v2-commercial-partition-private_fragmented-e60911-jensen_shannon-c050-event_triggered/events.jsonl.gz,ab78a0db3eabafe22e192a7033e812cac865ee35c7dbaf3ccfffc8d4ea6e17bc,1.0491122490070972,7,12,4,private_fragmented,0.0,1,0,1136,4,21.874135729993966,0,partition,v6-pilot_v2-commercial-partition-private_fragmented-e60911-jensen_shannon-c050-event_triggered,commercial_partition_family_3,5.195959033776661,5,11280,0.23222263719745936,120,event_triggered,pilot_v2,complete,17701bca97fd2bcf599d200f9c4053f93d6f843be0c244deebab0cf0f5f2d18e,commercial_v6_topology_3,12416,124,0.3043865750078112
5,11,13,12,commercial,10,6,commercial|partition|private_fragmented|60911,True,jensen_tsallis_q_0_5,0.5,60911,5,1,4,632,d049452c81103d56f733407e5122fcac7843ad815a6cf64a1d8122d94f815ed5,raw/pilot_v2/v6-pilot_v2-commercial-partition-private_fragmented-e60911-jensen_tsallis_q_0_5-c050-event_triggered/events.jsonl.gz,1c2e665f01138cf866d8f2257823f61ba4d323ad3071362f11f79e7da01cb75d,1.0074867255161937,7,12,4,private_fragmented,0.0,1,0,1136,4,21.874135729993966,0,partition,v6-pilot_v2-commercial-partition-private_fragmented-e60911-jensen_tsallis_q_0_5-c050-event_triggered,commercial_partition_family_3,5.186975268913597,5,11280,0.23222263719745936,120,event_triggered,pilot_v2,complete,17701bca97fd2bcf599d200f9c4053f93d6f843be0c244deebab0cf0f5f2d18e,commercial_v6_topology_3,12416,124,0.31528701400384307
5,11,14,12,commercial,10,7,commercial|partition|private_fragmented|60912,True,action_value_margin,0.5,60912,5,1,4,627,372b3bc5243485651a4ccca0a58b8ff08070ee53f8409a57c9168a8f6ed6e805,raw/pilot_v2/v6-pilot_v2-commercial-partition-private_fragmented-e60912-action_value_margin-c050-event_triggered/events.jsonl.gz,511ce876161a81f542643abb6e59c4adbecdbc485acaf6dedab4bcefcad09e78,1.3894490194845144,7,12,4,private_fragmented,0.0,1,0,1136,4,21.36009379822425,0,partition,v6-pilot_v2-commercial-partition-private_fragmented-e60912-action_value_margin-c050-event_triggered,commercial_partition_family_4,4.70736301702687,7,10810,0.22745082085562707,115,event_triggered,pilot_v2,complete,b79537660df4012b0addb8a7d633195b986088c6861de088363b4ba0701e2c40,commercial_v6_topology_0,11946,119,0.3095415639691055
5,12,14,12,commercial,10,8,commercial|partition|private_fragmented|60912,True,combined_generalized_entropic,0.5,60912,5,1,4,625,edd4e43a7f47c45721a3569e7c8bea3bbd7344d2de82f907b3399724b2ad956b,raw/pilot_v2/v6-pilot_v2-commercial-partition-private_fragmented-e60912-combined_generalized_entropic-c050-event_triggered/events.jsonl.gz,feaa0e7098a7cdf197131def404384df4aba028c99e6cd96073033e91cfd29bb,0.9894756922932195,6,12,4,private_fragmented,0.0,1,0,1136,4,21.749208817338598,0,partition,v6-pilot_v2-commercial-partition-private_fragmented-e60912-combined_generalized_entropic-c050-event_triggered,commercial_partition_family_4,3.5944803956926963,8,10810,0.22745082085562707,115,event_triggered,pilot_v2,complete,b79537660df4012b0addb8a7d633195b986088c6861de088363b4ba0701e2c40,commercial_v6_topology_0,11946,119,0.31141031795414165
5,12,14,12,commercial,10,9,commercial|partition|private_fragmented|60912,True,jensen_shannon,0.5,60912,5,1,4,624,5246c40c37bd4184cb2e0817b7b84810f2e9588ab6bcc4ec47e74b1dbc665508,raw/pilot_v2/v6-pilot_v2-commercial-partition-private_fragmented-e60912-jensen_shannon-c050-event_triggered/events.jsonl.gz,0d94b2077275257297dce550f656b749f806c0980711197a60d1ddbe0ecd95af,0.2823047789843528,5,12,4,private_fragmented,0.0,1,0,1136,4,21.890085362913386,0,partition,v6-pilot_v2-commercial-partition-private_fragmented-e60912-jensen_shannon-c050-event_triggered,commercial_partition_family_4,2.26274593017437,9,10810,0.22745082085562707,115,event_triggered,pilot_v2,complete,b79537660df4012b0addb8a7d633195b986088c6861de088363b4ba0701e2c40,commercial_v6_topology_0,11946,119,0.3256729220156558
5,12,14,12,commercial,10,9,commercial|partition|private_fragmented|60912,True,jensen_tsallis_q_0_5,0.5,60912,5,1,4,624,4b6965ee27dcbfd5b6764a2c396d8c9709b3be35799f14f684b48f92db979c2d,raw/pilot_v2/v6-pilot_v2-commercial-partition-private_fragmented-e60912-jensen_tsallis_q_0_5-c050-event_triggered/events.jsonl.gz,2fcf324c96957d6a81634de4072ef553b3b70d7cb24759065a3997ad260c19a5,0.2823047789843528,5,12,4,private_fragmented,0.0,1,0,1136,4,21.890085362913386,0,partition,v6-pilot_v2-commercial-partition-private_fragmented-e60912-jensen_tsallis_q_0_5-c050-event_triggered,commercial_partition_family_4,2.26274593017437,9,10810,0.22745082085562707,115,event_triggered,pilot_v2,complete,b79537660df4012b0addb8a7d633195b986088c6861de088363b4ba0701e2c40,commercial_v6_topology_0,11946,119,0.31593802996212617
5,9,14,12,commercial,10,4,commercial|partition|private_fragmented|60913,True,action_value_margin,0.5,60913,5,1,4,638,779b9d3843eb805a641ddb18033f100e6b287e2cefe1db24c84e860fd16b801f,raw/pilot_v2/v6-pilot_v2-commercial-partition-private_fragmented-e60913-action_value_margin-c050-event_triggered/events.jsonl.gz,83d1ecaa4d7737d12dc1e18021b57ff2f9f141e53d063256368119185b7f91b9,1.3546208629482395,10,12,4,private_fragmented,0.0,1,0,1136,4,20.956153499584154,0,partition,v6-pilot_v2-commercial-partition-private_fragmented-e60913-action_value_margin-c050-event_triggered,commercial_partition_family_4,3.346376459209761,4,11468,0.24077918671430038,122,event_triggered,pilot_v2,complete,41af8881175fa0deeb009d97b5ca823fb38b1439539a185fd42c1e678f1b6a46,commercial_v6_topology_1,12604,126,0.32144653995055705
5,7,14,12,commercial,10,2,commercial|partition|private_fragmented|60913,True,combined_generalized_entropic,0.5,60913,5,1,4,642,bdb31fb93f0ac2e3b4c2fd925a637fea1513bfe0a713f88cf184cae3c2e73f7e,raw/pilot_v2/v6-pilot_v2-commercial-partition-private_fragmented-e60913-combined_generalized_entropic-c050-event_triggered/events.jsonl.gz,9397ecb97d70d733efb7ab1f1399d24f00f1345cd25f5472697efbcbfd5e3395,1.3083469912794152,12,12,4,private_fragmented,0.0,1,0,1136,4,21.216313007047283,0,partition,v6-pilot_v2-commercial-partition-private_fragmented-e60913-combined_generalized_entropic-c050-event_triggered,commercial_partition_family_4,3.9024398714512456,2,11468,0.24077918671430038,122,event_triggered,pilot_v2,complete,41af8881175fa0deeb009d97b5ca823fb38b1439539a185fd42c1e678f1b6a46,commercial_v6_topology_1,12604,126,0.31095990602625534
5,9,14,12,commercial,10,4,commercial|partition|private_fragmented|60913,True,jensen_shannon,0.5,60913,5,1,4,638,4cae7f3b766a1c0fc9425e9b91482a9cbd1ae58d0dabbc9be260c2e4fc480052,raw/pilot_v2/v6-pilot_v2-commercial-partition-private_fragmented-e60913-jensen_shannon-c050-event_triggered/events.jsonl.gz,55a87ec6fe9441b1e9d99c3fc96fdfa5a30bb7c07d52591de830142fceadd159,1.2857475976974437,10,12,4,private_fragmented,0.0,1,0,1136,4,21.632604398637774,0,partition,v6-pilot_v2-commercial-partition-private_fragmented-e60913-jensen_shannon-c050-event_triggered,commercial_partition_family_4,3.16649862995496,4,11468,0.24077918671430038,122,event_triggered,pilot_v2,complete,41af8881175fa0deeb009d97b5ca823fb38b1439539a185fd42c1e678f1b6a46,commercial_v6_topology_1,12604,126,0.33200226502958685
5,9,14,12,commercial,10,4,commercial|partition|private_fragmented|60913,True,jensen_tsallis_q_0_5,0.5,60913,5,1,4,638,0bf132735c773a1373a47c0060d213639f94570de79b7f0d5a70417c6deacbff,raw/pilot_v2/v6-pilot_v2-commercial-partition-private_fragmented-e60913-jensen_tsallis_q_0_5-c050-event_triggered/events.jsonl.gz,ee50f14f65dabc9d4206880b1b32085aacd2727f59d402000b65b15ea8de92ee,1.4893722610037359,10,12,4,private_fragmented,0.0,1,0,1136,4,21.632604398637774,0,partition,v6-pilot_v2-commercial-partition-private_fragmented-e60913-jensen_tsallis_q_0_5-c050-event_triggered,commercial_partition_family_4,3.3727596007294793,4,11468,0.24077918671430038,122,event_triggered,pilot_v2,complete,41af8881175fa0deeb009d97b5ca823fb38b1439539a185fd42c1e678f1b6a46,commercial_v6_topology_1,12604,126,0.30636558501282707
5,8,14,12,commercial,10,8,commercial|partition|public_shared|60911,True,action_value_margin,0.5,60911,5,1,4,594,c855dfb75419a01f9f2cb4490294e03a9e13caa328681794e019092d2704cb99,raw/pilot_v2/v6-pilot_v2-commercial-partition-public_shared-e60911-action_value_margin-c050-event_triggered/events.jsonl.gz,4cbd5d59275fcfec1f177b715707026f0c2a9aa9dd2397ae36da161cc0ee4c70,0.8451483029344149,6,12,4,public_shared,0.0,1,0,1136,4,21.16635306676959,0,partition,v6-pilot_v2-commercial-partition-public_shared-e60911-action_value_margin-c050-event_triggered,commercial_partition_family_3,3.306503383421256,8,7050,0.14863876378504026,75,event_triggered,pilot_v2,complete,3288924e8f0fb6b1b97fadc435046dbf6e361122d3492c625741db132fd08dd9,commercial_v6_topology_3,8186,79,0.2926685480051674
5,7,14,12,commercial,10,7,commercial|partition|public_shared|60911,True,combined_generalized_entropic,0.5,60911,5,1,4,595,e14eb7a13cc58ca27a9e326c8d0f049638afe2f53d09f6bf54b16fab2dd6b6df,raw/pilot_v2/v6-pilot_v2-commercial-partition-public_shared-e60911-combined_generalized_entropic-c050-event_triggered/events.jsonl.gz,cb400689deef6aed28ac1522d947f5753f1e234d4fc36c88097c658b6da95328,0.8649484399815657,7,12,4,public_shared,0.0,1,0,1136,4,21.16635306676959,0,partition,v6-pilot_v2-commercial-partition-public_shared-e60911-combined_generalized_entropic-c050-event_triggered,commercial_partition_family_3,3.3230420571282133,7,7050,0.14863876378504026,75,event_triggered,pilot_v2,complete,3288924e8f0fb6b1b97fadc435046dbf6e361122d3492c625741db132fd08dd9,commercial_v6_topology_3,8186,79,0.3027425259933807
5,6,14,12,commercial,10,5,commercial|partition|public_shared|60911,True,jensen_shannon,0.5,60911,5,1,4,596,806d489bfa7511bfa4030228a64d09f86d61d7f2128e94ef813840b1c2fab199,raw/pilot_v2/v6-pilot_v2-commercial-partition-public_shared-e60911-jensen_shannon-c050-event_triggered/events.jsonl.gz,88946ecbaddb3aa7e55f80608ab8d81b14ab63ba07caa2988aaf7fa3448deb19,1.0523586698834098,9,12,4,public_shared,0.0,1,0,1136,4,21.279275878235957,0,partition,v6-pilot_v2-commercial-partition-public_shared-e60911-jensen_shannon-c050-event_triggered,commercial_partition_family_3,3.8603531869316927,5,7050,0.14863876378504026,75,event_triggered,pilot_v2,complete,3288924e8f0fb6b1b97fadc435046dbf6e361122d3492c625741db132fd08dd9,commercial_v6_topology_3,8186,79,0.30194778001168743
5,7,14,12,commercial,10,6,commercial|partition|public_shared|60911,True,jensen_tsallis_q_0_5,0.5,60911,5,1,4,595,7758e9a6fe9f6c1159291c711f56b7d911bfb0597164fc06894ac356e87717ac,raw/pilot_v2/v6-pilot_v2-commercial-partition-public_shared-e60911-jensen_tsallis_q_0_5-c050-event_triggered/events.jsonl.gz,604c1b8be20385c27a955476eefce33bc2ced19657ae32b9ab1c70cb87623385,0.9625038724927664,8,12,4,public_shared,0.0,1,0,1136,4,21.279275878235957,0,partition,v6-pilot_v2-commercial-partition-public_shared-e60911-jensen_tsallis_q_0_5-c050-event_triggered,commercial_partition_family_3,3.7712488561299717,6,7050,0.14863876378504026,75,event_triggered,pilot_v2,complete,3288924e8f0fb6b1b97fadc435046dbf6e361122d3492c625741db132fd08dd9,commercial_v6_topology_3,8186,79,0.30474355502519757
5,10,13,12,commercial,10,10,commercial|partition|public_shared|60912,True,action_value_margin,0.5,60912,5,1,4,571,7b1e0a1f8c79d4219f24da5b5b0e3cdb8a7f3bf41b4cf079117b5469e08e5fbc,raw/pilot_v2/v6-pilot_v2-commercial-partition-public_shared-e60912-action_value_margin-c050-event_triggered/events.jsonl.gz,ae9fe7803f2ae93e7876f141792c6e5be2a93c2b0931cd5a5464ae6a3a33d45a,0.2643613376586489,3,12,4,public_shared,0.0,1,0,1136,4,20.706293574277332,0,partition,v6-pilot_v2-commercial-partition-public_shared-e60912-action_value_margin-c050-event_triggered,commercial_partition_family_4,1.00239161899844,10,5546,0.11429334462918231,59,event_triggered,pilot_v2,complete,91cf81eeeb3b60b37d0c1268f4fe5c076974c7badc54a6c992ab9de1db62b31a,commercial_v6_topology_0,6682,63,0.2940684130298905
5,10,13,12,commercial,10,10,commercial|partition|public_shared|60912,True,combined_generalized_entropic,0.5,60912,5,1,4,571,ac6de3d2691a0724db0f4dd87328549c35b4e3832e1d5cc9c287f73f2bfcffd2,raw/pilot_v2/v6-pilot_v2-commercial-partition-public_shared-e60912-combined_generalized_entropic-c050-event_triggered/events.jsonl.gz,3bbf5062dbf4871174e38a70e3b2ea6c3a3288df141073c72a90e220982e30c0,0.27584821692431716,3,12,4,public_shared,0.0,1,0,1136,4,21.349753955109104,0,partition,v6-pilot_v2-commercial-partition-public_shared-e60912-combined_generalized_entropic-c050-event_triggered,commercial_partition_family_4,1.002703855821209,10,5546,0.11429334462918231,59,event_triggered,pilot_v2,complete,91cf81eeeb3b60b37d0c1268f4fe5c076974c7badc54a6c992ab9de1db62b31a,commercial_v6_topology_0,6682,63,0.2976343279588036
5,11,14,12,commercial,10,11,commercial|partition|public_shared|60912,True,jensen_shannon,0.5,60912,5,1,4,574,d995ecf2814e337bc8dd303b58d291c40562dbb9a48c864c6fe08715f7542a6d,raw/pilot_v2/v6-pilot_v2-commercial-partition-public_shared-e60912-jensen_shannon-c050-event_triggered/events.jsonl.gz,5d0c458e30d5a71235f1bdef8bb9f7a75834116898d0b326d1436d1ede45b25f,0.2623614327419024,3,12,4,public_shared,0.0,1,0,1136,4,21.349753955109104,0,partition,v6-pilot_v2-commercial-partition-public_shared-e60912-jensen_shannon-c050-event_triggered,commercial_partition_family_4,0.9894616491672091,11,5546,0.11429334462918231,59,event_triggered,pilot_v2,complete,91cf81eeeb3b60b37d0c1268f4fe5c076974c7badc54a6c992ab9de1db62b31a,commercial_v6_topology_0,6682,63,0.29527987295296043
5,11,14,12,commercial,10,11,commercial|partition|public_shared|60912,True,jensen_tsallis_q_0_5,0.5,60912,5,1,4,574,160c024ee61ba93052cf43d8d0668a1467042c2d1b25c5880c68d6bb987b540b,raw/pilot_v2/v6-pilot_v2-commercial-partition-public_shared-e60912-jensen_tsallis_q_0_5-c050-event_triggered/events.jsonl.gz,629c19735005abb4e9be619fa2710889c0bcd3bf6b79e1a79f5da0ac8dcfff81,0.26699906769873616,3,12,4,public_shared,0.0,1,0,1136,4,21.348072179256523,0,partition,v6-pilot_v2-commercial-partition-public_shared-e60912-jensen_tsallis_q_0_5-c050-event_triggered,commercial_partition_family_4,1.041527993711584,11,5546,0.11429334462918231,59,event_triggered,pilot_v2,complete,91cf81eeeb3b60b37d0c1268f4fe5c076974c7badc54a6c992ab9de1db62b31a,commercial_v6_topology_0,6682,63,0.3007245979970321
5,12,14,12,commercial,10,12,commercial|partition|public_shared|60913,True,action_value_margin,0.5,60913,5,1,4,558,a6d846ca73d05620f74f5722b3871da69ffa0767a9dd03f8a1c20c0ac19278c9,raw/pilot_v2/v6-pilot_v2-commercial-partition-public_shared-e60913-action_value_margin-c050-event_triggered/events.jsonl.gz,eb25482a2b6903bc394aa0345771e68f4063e538c84fc2b37bf9210f09298774,0.11253395190950101,2,12,4,public_shared,0.0,1,0,1388,6,20.06404833607519,0,partition,v6-pilot_v2-commercial-partition-public_shared-e60913-action_value_margin-c050-event_triggered,commercial_partition_family_4,1.0695211268961005,8,4136,0.08613129911150129,44,event_triggered,pilot_v2,complete,ed77326f4a81b13fc501ffa40fd73137e3cefc3ea5f6ee54892b5cbf8447edf6,commercial_v6_topology_1,5524,50,0.2945818880107254
5,12,14,12,commercial,10,12,commercial|partition|public_shared|60913,True,combined_generalized_entropic,0.5,60913,5,1,4,558,dc929f605d1e7e08864dc16cf37b0d0a2bbf70bc1830f6b848650a3ba54c07ea,raw/pilot_v2/v6-pilot_v2-commercial-partition-public_shared-e60913-combined_generalized_entropic-c050-event_triggered/events.jsonl.gz,ee501d11fee64efca9e6e76a8180b2e63fdc4f66d755881353b95aeb0b293ce7,0.07139475565118084,2,12,4,public_shared,0.0,1,0,1388,6,20.485350528388324,0,partition,v6-pilot_v2-commercial-partition-public_shared-e60913-combined_generalized_entropic-c050-event_triggered,commercial_partition_family_4,1.1406330470081163,8,4136,0.08613129911150129,44,event_triggered,pilot_v2,complete,ed77326f4a81b13fc501ffa40fd73137e3cefc3ea5f6ee54892b5cbf8447edf6,commercial_v6_topology_1,5524,50,0.28324184101074934
5,13,14,12,commercial,10,13,commercial|partition|public_shared|60913,True,jensen_shannon,0.5,60913,5,1,4,557,9e8b5eaea670f769465edb430592fb8a46d9984e2cc2d3096bed71cca49c5b90,raw/pilot_v2/v6-pilot_v2-commercial-partition-public_shared-e60913-jensen_shannon-c050-event_triggered/events.jsonl.gz,08a98f921268fd37fb5b9c02c8292d8d75462730922f25fbf4e81140dea5bf7a,0.08684673910234426,1,12,4,public_shared,0.0,1,0,1262,5,20.659251388681575,0,partition,v6-pilot_v2-commercial-partition-public_shared-e60913-jensen_shannon-c050-event_triggered,commercial_partition_family_4,1.0566309099242592,13,4136,0.08613129911150129,44,event_triggered,pilot_v2,complete,ed77326f4a81b13fc501ffa40fd73137e3cefc3ea5f6ee54892b5cbf8447edf6,commercial_v6_topology_1,5398,49,0.28573686198797077
5,13,14,12,commercial,10,13,commercial|partition|public_shared|60913,True,jensen_tsallis_q_0_5,0.5,60913,5,1,4,558,f3b6e1add165ca39e5a4e0e0760eea4a568b92caf83cb7ce2cb79cc828627724,raw/pilot_v2/v6-pilot_v2-commercial-partition-public_shared-e60913-jensen_tsallis_q_0_5-c050-event_triggered/events.jsonl.gz,343274fa0aa62c0c46e66cf7affe3ed92bf19681c6cb2483bae4cf3dec53d5fc,0.07456853273887698,1,12,4,public_shared,0.0,1,0,1262,5,20.658249818826683,0,partition,v6-pilot_v2-commercial-partition-public_shared-e60913-jensen_tsallis_q_0_5-c050-event_triggered,commercial_partition_family_4,1.133003207172319,13,4136,0.08613129911150129,44,event_triggered,pilot_v2,complete,ed77326f4a81b13fc501ffa40fd73137e3cefc3ea5f6ee54892b5cbf8447edf6,commercial_v6_topology_1,5398,49,0.2973421319620684
5,10,11,12,commercial,10,9,commercial|telemetry_integrity|private_fragmented|60911,True,action_value_margin,0.5,60911,5,1,4,753,464f272e6127cca9ab72b0e3c0e75c66af6654bf97deea440c7be2529119d4f8,raw/pilot_v2/v6-pilot_v2-commercial-telemetry_integrity-private_fragmented-e60911-action_value_margin-c050-event_triggered/events.jsonl.gz,e08bef74e951f4513b8c016a2f67c8534739a76e18cfcc12029efdf5a71f335b,0.23713511911364568,2,12,4,private_fragmented,0.0,1,0,1136,4,21.77481465961683,0,telemetry_integrity,v6-pilot_v2-commercial-telemetry_integrity-private_fragmented-e60911-action_value_margin-c050-event_triggered,commercial_telemetry_integrity_family_3,0.8088709133617227,8,23312,0.4878122834555907,248,event_triggered,pilot_v2,complete,2907e085b8d5bc54833983e599642b218f41494b1313c6aba4e715942e495ba5,commercial_v6_topology_3,24448,252,0.3478840659954585
5,11,14,12,commercial,10,10,commercial|telemetry_integrity|private_fragmented|60911,True,combined_generalized_entropic,0.5,60911,5,1,4,766,23e6180b4271c60704b4ce06d9da04e5f12c957be13ee482f519d2cdc98998b5,raw/pilot_v2/v6-pilot_v2-commercial-telemetry_integrity-private_fragmented-e60911-combined_generalized_entropic-c050-event_triggered/events.jsonl.gz,9b906a5acfcdffa1ba58b48957036e6490a1ad6264f3883282d8e3f5cd767ce4,0.15445728382646218,4,12,4,private_fragmented,0.0,1,0,1136,4,22.432009338774193,0,telemetry_integrity,v6-pilot_v2-commercial-telemetry_integrity-private_fragmented-e60911-combined_generalized_entropic-c050-event_triggered,commercial_telemetry_integrity_family_3,0.8982829884242622,9,23312,0.4878122834555907,248,event_triggered,pilot_v2,complete,2907e085b8d5bc54833983e599642b218f41494b1313c6aba4e715942e495ba5,commercial_v6_topology_3,24448,252,0.3554243089747615
5,12,14,12,commercial,10,11,commercial|telemetry_integrity|private_fragmented|60911,True,jensen_shannon,0.5,60911,5,1,4,767,784e90185445dee6298499e34d7d77d4d9ed4fb49a88f4b06af67308429e30a7,raw/pilot_v2/v6-pilot_v2-commercial-telemetry_integrity-private_fragmented-e60911-jensen_shannon-c050-event_triggered/events.jsonl.gz,2286b247e68446b62aa6f04a948f72b1d8157b66d428be21b69666c268b16975,0.2360902905908104,3,12,4,private_fragmented,0.0,1,0,1388,6,22.51780218353793,0,telemetry_integrity,v6-pilot_v2-commercial-telemetry_integrity-private_fragmented-e60911-jensen_shannon-c050-event_triggered,commercial_telemetry_integrity_family_3,0.8224893963376775,10,23312,0.4878122834555907,248,event_triggered,pilot_v2,complete,2907e085b8d5bc54833983e599642b218f41494b1313c6aba4e715942e495ba5,commercial_v6_topology_3,24700,254,0.33914781600469723
5,12,14,12,commercial,10,11,commercial|telemetry_integrity|private_fragmented|60911,True,jensen_tsallis_q_0_5,0.5,60911,5,1,4,767,fd81f628f725c6a796e23cbb8d6055eb189bcce4d5a13d74c36a114ca28afa81,raw/pilot_v2/v6-pilot_v2-commercial-telemetry_integrity-private_fragmented-e60911-jensen_tsallis_q_0_5-c050-event_triggered/events.jsonl.gz,a13f35042eb958daacc5884adbc37d4360ce84188d9865f1edbce4d8e2e2ad39,0.2360902905908104,3,12,4,private_fragmented,0.0,1,0,1388,6,22.51780218353793,0,telemetry_integrity,v6-pilot_v2-commercial-telemetry_integrity-private_fragmented-e60911-jensen_tsallis_q_0_5-c050-event_triggered,commercial_telemetry_integrity_family_3,0.8224893963376775,10,23312,0.4878122834555907,248,event_triggered,pilot_v2,complete,2907e085b8d5bc54833983e599642b218f41494b1313c6aba4e715942e495ba5,commercial_v6_topology_3,24700,254,0.3413902570027858
5,8,14,12,commercial,10,5,commercial|telemetry_integrity|private_fragmented|60912,True,action_value_margin,0.5,60912,5,1,4,777,97e34498ad3046cfc92b15347a9449e3c49a4d0ccdb373a594335a9e2ae75504,raw/pilot_v2/v6-pilot_v2-commercial-telemetry_integrity-private_fragmented-e60912-action_value_margin-c050-event_triggered/events.jsonl.gz,720924c9a9698d3c81b0ca2de31bfaa4f154483cf3787f95e8a75f57dc5e8287,1.3778716366603172,9,12,4,private_fragmented,0.0,1,0,1388,6,21.23829182219525,0,telemetry_integrity,v6-pilot_v2-commercial-telemetry_integrity-private_fragmented-e60912-action_value_margin-c050-event_triggered,commercial_telemetry_integrity_family_4,6.5669670401645455,4,24064,0.5002250481886351,256,event_triggered,pilot_v2,complete,67f6913878368706b76df46e6fc0537e7219395f52487296702a9c7abf56ef66,commercial_v6_topology_0,25452,262,0.368487951986026
5,8,14,12,commercial,10,7,commercial|telemetry_integrity|private_fragmented|60912,True,combined_generalized_entropic,0.5,60912,5,1,4,780,35b9eeb3c8f1208036c9b99dc7adaa06ef42d0a7b59a3e5c1507af5329041af3,raw/pilot_v2/v6-pilot_v2-commercial-telemetry_integrity-private_fragmented-e60912-combined_generalized_entropic-c050-event_triggered/events.jsonl.gz,44e68d2308435eb1e45131eec24a508c001d9bc413a1c0533d933abcba83805d,1.0947495760545172,7,12,4,private_fragmented,0.0,1,0,1388,6,21.8777374933244,0,telemetry_integrity,v6-pilot_v2-commercial-telemetry_integrity-private_fragmented-e60912-combined_generalized_entropic-c050-event_triggered,commercial_telemetry_integrity_family_4,4.877107031081184,6,24252,0.5041710544065796,258,event_triggered,pilot_v2,complete,67f6913878368706b76df46e6fc0537e7219395f52487296702a9c7abf56ef66,commercial_v6_topology_0,25640,264,0.35104739299276844
5,8,14,12,commercial,10,5,commercial|telemetry_integrity|private_fragmented|60912,True,jensen_shannon,0.5,60912,5,1,4,782,59027df1b8655ff777b7de276fc04a49d490c8cf1c3fdfacd408aec6a56a1759,raw/pilot_v2/v6-pilot_v2-commercial-telemetry_integrity-private_fragmented-e60912-jensen_shannon-c050-event_triggered/events.jsonl.gz,98366f39f5626c65e1765fe4649b6334e2fe476dc177b116bd5b24b14bf30cfa,1.5332017303385816,9,12,4,private_fragmented,0.0,1,0,1388,6,22.06391828343102,0,telemetry_integrity,v6-pilot_v2-commercial-telemetry_integrity-private_fragmented-e60912-jensen_shannon-c050-event_triggered,commercial_telemetry_integrity_family_4,6.187439292192743,5,24252,0.5041710544065796,258,event_triggered,pilot_v2,complete,67f6913878368706b76df46e6fc0537e7219395f52487296702a9c7abf56ef66,commercial_v6_topology_0,25640,264,0.35703850199934095
5,8,14,12,commercial,10,5,commercial|telemetry_integrity|private_fragmented|60912,True,jensen_tsallis_q_0_5,0.5,60912,5,1,4,782,ba05f65c458a33cdbb7fb079b16fb1508a34a01018fbb7413264f5e0223d3424,raw/pilot_v2/v6-pilot_v2-commercial-telemetry_integrity-private_fragmented-e60912-jensen_tsallis_q_0_5-c050-event_triggered/events.jsonl.gz,82250d69a54319d8ddd6f0bcb7373d5bc0226c1d3c373cc28ed4dd697b741b44,1.5332017303385816,9,12,4,private_fragmented,0.0,1,0,1388,6,22.06391828343102,0,telemetry_integrity,v6-pilot_v2-commercial-telemetry_integrity-private_fragmented-e60912-jensen_tsallis_q_0_5-c050-event_triggered,commercial_telemetry_integrity_family_4,6.187439292192743,5,24252,0.5041710544065796,258,event_triggered,pilot_v2,complete,67f6913878368706b76df46e6fc0537e7219395f52487296702a9c7abf56ef66,commercial_v6_topology_0,25640,264,0.35305508197052404
5,6,14,12,commercial,10,3,commercial|telemetry_integrity|private_fragmented|60913,True,action_value_margin,0.5,60913,5,1,4,777,52b574ea88f3591166daa93997cf31e9d304c580dcf3e11614f7198c9264a63a,raw/pilot_v2/v6-pilot_v2-commercial-telemetry_integrity-private_fragmented-e60913-action_value_margin-c050-event_triggered/events.jsonl.gz,548e48de4deb32aeb0424dbefb45c7deebe9a5c61db568ae1f4ba8190e85f547,1.00475121071573,11,12,4,private_fragmented,0.0,1,0,1136,4,22.01477706897894,0,telemetry_integrity,v6-pilot_v2-commercial-telemetry_integrity-private_fragmented-e60913-action_value_margin-c050-event_triggered,commercial_telemetry_integrity_family_4,4.397499105561839,2,24064,0.48626561816501723,256,event_triggered,pilot_v2,complete,397f7b40720ccc7aaaaeb6882943d098de154ef9b793dc6bbb7dacead576393e,commercial_v6_topology_1,25200,260,0.3478827099897899
5,5,13,12,commercial,10,2,commercial|telemetry_integrity|private_fragmented|60913,True,combined_generalized_entropic,0.5,60913,5,1,4,774,f29b2cc3df98a3faf436a37cc12f9a3c2ce5716904b47c106a0695b8f7dfb5c2,raw/pilot_v2/v6-pilot_v2-commercial-telemetry_integrity-private_fragmented-e60913-combined_generalized_entropic-c050-event_triggered/events.jsonl.gz,a39bfe3f19f202a6c478ef8311ba457bbbef27970ed090b5d0ac755fb39d37b2,1.40191060807421,11,12,4,private_fragmented,0.0,1,0,1136,4,22.479376013317165,0,telemetry_integrity,v6-pilot_v2-commercial-telemetry_integrity-private_fragmented-e60913-combined_generalized_entropic-c050-event_triggered,commercial_telemetry_integrity_family_4,5.384396218875651,2,23876,0.4827292545037145,254,event_triggered,pilot_v2,complete,397f7b40720ccc7aaaaeb6882943d098de154ef9b793dc6bbb7dacead576393e,commercial_v6_topology_1,25012,258,0.34709954797290266
5,6,14,12,commercial,10,3,commercial|telemetry_integrity|private_fragmented|60913,True,jensen_shannon,0.5,60913,5,1,4,775,3bc755e022e8e13d08fab23524255b91992b25e2bff7b53513704e69375f72b1,raw/pilot_v2/v6-pilot_v2-commercial-telemetry_integrity-private_fragmented-e60913-jensen_shannon-c050-event_triggered/events.jsonl.gz,9869f6db3f30489f49d133112a02ffe6d330fec48ef68e3e229bbf72cd13c1cb,0.996386783287173,11,12,4,private_fragmented,0.0,1,0,1136,4,22.479376013317165,0,telemetry_integrity,v6-pilot_v2-commercial-telemetry_integrity-private_fragmented-e60913-jensen_shannon-c050-event_triggered,commercial_telemetry_integrity_family_4,5.042282291966499,3,23688,0.4784819079401985,252,event_triggered,pilot_v2,complete,397f7b40720ccc7aaaaeb6882943d098de154ef9b793dc6bbb7dacead576393e,commercial_v6_topology_1,24824,256,0.3460683900048025
5,6,14,12,commercial,10,3,commercial|telemetry_integrity|private_fragmented|60913,True,jensen_tsallis_q_0_5,0.5,60913,5,1,4,775,83d98d9b22c89361ae0f15baeef169fad7f6f088057dbe3f2a52bec79605a9eb,raw/pilot_v2/v6-pilot_v2-commercial-telemetry_integrity-private_fragmented-e60913-jensen_tsallis_q_0_5-c050-event_triggered/events.jsonl.gz,4a23584feb29ea2b64bd1e24ec256b040776bc52907090145850311935566c61,0.996386783287173,11,12,4,private_fragmented,0.0,1,0,1136,4,22.479376013317165,0,telemetry_integrity,v6-pilot_v2-commercial-telemetry_integrity-private_fragmented-e60913-jensen_tsallis_q_0_5-c050-event_triggered,commercial_telemetry_integrity_family_4,5.042282291966499,3,23688,0.4784819079401985,252,event_triggered,pilot_v2,complete,397f7b40720ccc7aaaaeb6882943d098de154ef9b793dc6bbb7dacead576393e,commercial_v6_topology_1,24824,256,0.35852977097965777
5,10,14,12,commercial,10,10,commercial|telemetry_integrity|public_shared|60911,True,action_value_margin,0.5,60911,5,1,4,637,5962212de38d9597589e18084ed76872186a52ecdf80526aafab965277652386,raw/pilot_v2/v6-pilot_v2-commercial-telemetry_integrity-public_shared-e60911-action_value_margin-c050-event_triggered/events.jsonl.gz,10c08247e9e159f6c132ad7184e698ca30c3f94179333af3bfe09f18e94ca84b,0.5779468658388314,4,12,4,public_shared,0.0,1,0,1136,4,20.50644908772903,0,telemetry_integrity,v6-pilot_v2-commercial-telemetry_integrity-public_shared-e60911-action_value_margin-c050-event_triggered,commercial_telemetry_integrity_family_3,2.71943869523818,9,11844,0.23744676213208954,126,event_triggered,pilot_v2,complete,c5d1dfa9822e1906d7fefaf60418dddcb552ada0564fbd1bec4d19a08301cae7,commercial_v6_topology_3,12980,130,0.31779436802025884
5,10,14,12,commercial,10,10,commercial|telemetry_integrity|public_shared|60911,True,combined_generalized_entropic,0.5,60911,5,1,4,637,b63bbe25fcb804ddce6d3e13d5a1c1fbb41d7fd71fa41d0b05a86b5a5081f023,raw/pilot_v2/v6-pilot_v2-commercial-telemetry_integrity-public_shared-e60911-combined_generalized_entropic-c050-event_triggered/events.jsonl.gz,d86955d19b94a695393a1b874eb1c4c92b54a5e894510c2ee2a9918b4a0a8c01,0.5246095828197418,4,12,4,public_shared,0.0,1,0,1136,4,20.50644908772903,0,telemetry_integrity,v6-pilot_v2-commercial-telemetry_integrity-public_shared-e60911-combined_generalized_entropic-c050-event_triggered,commercial_telemetry_integrity_family_3,2.4857299945107707,9,11844,0.23744676213208954,126,event_triggered,pilot_v2,complete,c5d1dfa9822e1906d7fefaf60418dddcb552ada0564fbd1bec4d19a08301cae7,commercial_v6_topology_3,12980,130,0.31639068899676204
5,10,14,12,commercial,10,10,commercial|telemetry_integrity|public_shared|60911,True,jensen_shannon,0.5,60911,5,1,4,637,239247ef7efcc89807fa4fd36a46a2bbc00bbf23d88968a09131564af3dd1342,raw/pilot_v2/v6-pilot_v2-commercial-telemetry_integrity-public_shared-e60911-jensen_shannon-c050-event_triggered/events.jsonl.gz,9023e6aefa90836bd4c48de798ed96f52f29540f848ef2feff2e3571a43b80a9,0.49029630189572637,4,12,4,public_shared,0.0,1,0,1388,6,20.875889396484357,0,telemetry_integrity,v6-pilot_v2-commercial-telemetry_integrity-public_shared-e60911-jensen_shannon-c050-event_triggered,commercial_telemetry_integrity_family_3,2.4562074110244514,10,11656,0.2334154247196684,124,event_triggered,pilot_v2,complete,c5d1dfa9822e1906d7fefaf60418dddcb552ada0564fbd1bec4d19a08301cae7,commercial_v6_topology_3,13044,130,0.3270659410045482
5,10,14,12,commercial,10,10,commercial|telemetry_integrity|public_shared|60911,True,jensen_tsallis_q_0_5,0.5,60911,5,1,4,635,8e1a99faf5fb881bff258a2353411c725416bf869ca3d262807925e95da42e31,raw/pilot_v2/v6-pilot_v2-commercial-telemetry_integrity-public_shared-e60911-jensen_tsallis_q_0_5-c050-event_triggered/events.jsonl.gz,3f6e4dba4d8fabed0650aae6a7291892e3d3168215b15b6d38445488d261947c,0.5050682665269726,4,12,4,public_shared,0.0,1,0,1136,4,20.862045084175914,0,telemetry_integrity,v6-pilot_v2-commercial-telemetry_integrity-public_shared-e60911-jensen_tsallis_q_0_5-c050-event_triggered,commercial_telemetry_integrity_family_3,2.47905421178716,10,11656,0.2334154247196684,124,event_triggered,pilot_v2,complete,c5d1dfa9822e1906d7fefaf60418dddcb552ada0564fbd1bec4d19a08301cae7,commercial_v6_topology_3,12792,128,0.3270955320331268
5,10,14,12,commercial,10,10,commercial|telemetry_integrity|public_shared|60912,True,action_value_margin,0.5,60912,5,1,4,654,9d0a2e490a47eb1c68b01d7377bb47d3571c890e273539608e94bd2d10290b64,raw/pilot_v2/v6-pilot_v2-commercial-telemetry_integrity-public_shared-e60912-action_value_margin-c050-event_triggered/events.jsonl.gz,08d7902980a0b242aac87921bd4641b9fb17948ac5d7d83ab932c408bb807e60,0.6096330692543815,4,12,4,public_shared,0.0,1,0,1136,4,21.16250117373143,0,telemetry_integrity,v6-pilot_v2-commercial-telemetry_integrity-public_shared-e60912-action_value_margin-c050-event_triggered,commercial_telemetry_integrity_family_4,1.6645329905516242,10,13536,0.27500619289664796,144,event_triggered,pilot_v2,complete,be02684f5f4ef87ad52bc292362b55ec489b9c23d64041b84e4ebb29998c9f27,commercial_v6_topology_0,14672,148,0.328640413004905
5,10,14,12,commercial,10,10,commercial|telemetry_integrity|public_shared|60912,True,combined_generalized_entropic,0.5,60912,5,1,4,654,2b3c3d0b113bf2a91b7a72e9da97b729786dd38e10d8d5870fb5a32d1b4f1561,raw/pilot_v2/v6-pilot_v2-commercial-telemetry_integrity-public_shared-e60912-combined_generalized_entropic-c050-event_triggered/events.jsonl.gz,82e554153b05c89692335a48459c54b9e211e26363b2c68199b10e1a2cb4e062,0.6096330692543815,4,12,4,public_shared,0.0,1,0,1136,4,21.16250117373143,0,telemetry_integrity,v6-pilot_v2-commercial-telemetry_integrity-public_shared-e60912-combined_generalized_entropic-c050-event_triggered,commercial_telemetry_integrity_family_4,1.6645329905516242,10,13536,0.27500619289664796,144,event_triggered,pilot_v2,complete,be02684f5f4ef87ad52bc292362b55ec489b9c23d64041b84e4ebb29998c9f27,commercial_v6_topology_0,14672,148,0.3137814369983971
5,9,14,12,commercial,10,9,commercial|telemetry_integrity|public_shared|60912,True,jensen_shannon,0.5,60912,5,1,4,658,7f43be6bda64507ab05054f2b31baa3d37211a5f875c032ed7319be9a085a650,raw/pilot_v2/v6-pilot_v2-commercial-telemetry_integrity-public_shared-e60912-jensen_shannon-c050-event_triggered/events.jsonl.gz,4b80289e1e3f0a261701aff77a89a046c4360bbaa02643b47632f79c7dd742e4,0.6244474193137872,5,12,4,public_shared,0.0,1,0,1136,4,21.886233464122817,0,telemetry_integrity,v6-pilot_v2-commercial-telemetry_integrity-public_shared-e60912-jensen_shannon-c050-event_triggered,commercial_telemetry_integrity_family_4,1.7319455540629134,9,13724,0.2786880241372805,146,event_triggered,pilot_v2,complete,be02684f5f4ef87ad52bc292362b55ec489b9c23d64041b84e4ebb29998c9f27,commercial_v6_topology_0,14860,150,0.3264616070082411
5,9,14,12,commercial,10,9,commercial|telemetry_integrity|public_shared|60912,True,jensen_tsallis_q_0_5,0.5,60912,5,1,4,658,41ce301569c53444712ee3674b2580c4159b6cb09a510bd1d46fb744abc3d09c,raw/pilot_v2/v6-pilot_v2-commercial-telemetry_integrity-public_shared-e60912-jensen_tsallis_q_0_5-c050-event_triggered/events.jsonl.gz,3a37e5cc018291f73f7f32d7788511294293a9cb375d4b3228913e2a58d7812b,0.6244474193137872,5,12,4,public_shared,0.0,1,0,1136,4,21.886233464122817,0,telemetry_integrity,v6-pilot_v2-commercial-telemetry_integrity-public_shared-e60912-jensen_tsallis_q_0_5-c050-event_triggered,commercial_telemetry_integrity_family_4,1.7319455540629134,9,13724,0.2786880241372805,146,event_triggered,pilot_v2,complete,be02684f5f4ef87ad52bc292362b55ec489b9c23d64041b84e4ebb29998c9f27,commercial_v6_topology_0,14860,150,0.3201365569839254
5,3,11,12,commercial,10,3,commercial|telemetry_integrity|public_shared|60913,True,action_value_margin,0.5,60913,5,1,4,634,edd5418d66abcf156cb2dfd8f6790be7ad586447ca6c2f0666dadb54dcfe603a,raw/pilot_v2/v6-pilot_v2-commercial-telemetry_integrity-public_shared-e60913-action_value_margin-c050-event_triggered/events.jsonl.gz,9928c68e9d8455b8c25dd2e699324f3d0bbf81064cd4763efd500646015fca89,0.6855338838788716,8,12,4,public_shared,0.0,1,0,1136,4,21.155497573330805,0,telemetry_integrity,v6-pilot_v2-commercial-telemetry_integrity-public_shared-e60913-action_value_margin-c050-event_triggered,commercial_telemetry_integrity_family_4,2.451016138572538,3,11468,0.25379864517980055,122,event_triggered,pilot_v2,complete,a37cd56a06518a0303967dfaf5b99ce1d48abe3bf4aabb7a89fe460076d81de8,commercial_v6_topology_1,12604,126,0.31200928101316094
5,3,11,12,commercial,10,3,commercial|telemetry_integrity|public_shared|60913,True,combined_generalized_entropic,0.5,60913,5,1,4,634,d544c79856643b11e0badee5404386758708c76286ceb07372a1c8ecd1d0e5ed,raw/pilot_v2/v6-pilot_v2-commercial-telemetry_integrity-public_shared-e60913-combined_generalized_entropic-c050-event_triggered/events.jsonl.gz,2ccd4fdbd48d60e66e9e9dbc0109054a8102fb5216363db8adedd51f171fd72a,0.6855338838788716,8,12,4,public_shared,0.0,1,0,1136,4,21.155497573330805,0,telemetry_integrity,v6-pilot_v2-commercial-telemetry_integrity-public_shared-e60913-combined_generalized_entropic-c050-event_triggered,commercial_telemetry_integrity_family_4,2.451016138572538,3,11468,0.25379864517980055,122,event_triggered,pilot_v2,complete,a37cd56a06518a0303967dfaf5b99ce1d48abe3bf4aabb7a89fe460076d81de8,commercial_v6_topology_1,12604,126,0.32135355001082644
5,3,11,12,commercial,10,3,commercial|telemetry_integrity|public_shared|60913,True,jensen_shannon,0.5,60913,5,1,4,630,8bb7c11ba0d27bc0b5b0a096c26dd865e99265ba35062fc04a675bc32f73b842,raw/pilot_v2/v6-pilot_v2-commercial-telemetry_integrity-public_shared-e60913-jensen_shannon-c050-event_triggered/events.jsonl.gz,c91b4c73373b98b6a16a01e9faf7402c39205c63670e408f55843b7e6d3b8057,0.6874137546909846,8,12,4,public_shared,0.0,1,0,1136,4,21.132854810249544,0,telemetry_integrity,v6-pilot_v2-commercial-telemetry_integrity-public_shared-e60913-jensen_shannon-c050-event_triggered,commercial_telemetry_integrity_family_4,2.4717578324237106,3,11092,0.2477396778739029,118,event_triggered,pilot_v2,complete,a37cd56a06518a0303967dfaf5b99ce1d48abe3bf4aabb7a89fe460076d81de8,commercial_v6_topology_1,12228,122,0.31161036499543115
5,3,11,12,commercial,10,3,commercial|telemetry_integrity|public_shared|60913,True,jensen_tsallis_q_0_5,0.5,60913,5,1,4,630,101c207e2e1167b7d9e9feec2b4e0b3f417e76bbafc9cb7a3aeed887f021ff78,raw/pilot_v2/v6-pilot_v2-commercial-telemetry_integrity-public_shared-e60913-jensen_tsallis_q_0_5-c050-event_triggered/events.jsonl.gz,192d2e1f52ee21022c911e821f799ddfb059b44a156d8dbc43a591908cffc937,0.6874137546909846,8,12,4,public_shared,0.0,1,0,1136,4,21.132854810249544,0,telemetry_integrity,v6-pilot_v2-commercial-telemetry_integrity-public_shared-e60913-jensen_tsallis_q_0_5-c050-event_triggered,commercial_telemetry_integrity_family_4,2.4717578324237106,3,11092,0.2477396778739029,118,event_triggered,pilot_v2,complete,a37cd56a06518a0303967dfaf5b99ce1d48abe3bf4aabb7a89fe460076d81de8,commercial_v6_topology_1,12228,122,0.32030408101854846
5,8,14,12,humanitarian,10,5,humanitarian|compound|private_fragmented|60911,True,action_value_margin,0.5,60911,5,1,4,737,643731c56f8c893c674ede61465dfa66de5713522a0f2018a50fd7ff9ed37f23,raw/pilot_v2/v6-pilot_v2-humanitarian-compound-private_fragmented-e60911-action_value_margin-c050-event_triggered/events.jsonl.gz,f9c341005996ff2f891804e76e22bb5e737d26070c740ee9ccd28fd2187d6355,1.4325896925656858,9,12,4,private_fragmented,0.0,1,0,1766,9,21.532430165289693,0,compound,v6-pilot_v2-humanitarian-compound-private_fragmented-e60911-action_value_margin-c050-event_triggered,humanitarian_compound_family_3,5.131670224623937,5,19928,0.4101714915745386,212,event_triggered,pilot_v2,complete,59c490e5b57f526fbce274225fb94197ce0b376f8ff3f5467a4cc6d5f74e10b4,humanitarian_v6_topology_3,21694,221,0.34346697200089693
5,8,14,12,humanitarian,10,6,humanitarian|compound|private_fragmented|60911,True,combined_generalized_entropic,0.5,60911,5,1,4,738,76c6adb27a5bc6ef2c48f9c32c60bedce0bc180eba805fb9b128650412119251,raw/pilot_v2/v6-pilot_v2-humanitarian-compound-private_fragmented-e60911-combined_generalized_entropic-c050-event_triggered/events.jsonl.gz,e2938b8e00b66711ecc7814f3b0d245d06275ae19c68b168ef96c6896cdbe31a,1.4628773488819606,8,12,4,private_fragmented,0.0,1,0,1892,10,21.714403290875648,0,compound,v6-pilot_v2-humanitarian-compound-private_fragmented-e60911-combined_generalized_entropic-c050-event_triggered,humanitarian_compound_family_3,4.8053635074190195,5,19928,0.4101714915745386,212,event_triggered,pilot_v2,complete,59c490e5b57f526fbce274225fb94197ce0b376f8ff3f5467a4cc6d5f74e10b4,humanitarian_v6_topology_3,21820,222,0.3388225350063294
5,8,14,12,humanitarian,10,6,humanitarian|compound|private_fragmented|60911,True,jensen_shannon,0.5,60911,5,1,4,736,81ed450863d19a82aed7a5fb4b93e90e749569256dd4541598d5a0cdd67b9233,raw/pilot_v2/v6-pilot_v2-humanitarian-compound-private_fragmented-e60911-jensen_shannon-c050-event_triggered/events.jsonl.gz,1936fc8a43b820bd36c43cfde398d40a555091a3377d22a7e08feada90675643,1.4606039721001802,8,12,4,private_fragmented,0.0,1,0,1766,9,21.770905426628673,0,compound,v6-pilot_v2-humanitarian-compound-private_fragmented-e60911-jensen_shannon-c050-event_triggered,humanitarian_compound_family_3,4.796918189984237,5,19928,0.4101714915745386,212,event_triggered,pilot_v2,complete,59c490e5b57f526fbce274225fb94197ce0b376f8ff3f5467a4cc6d5f74e10b4,humanitarian_v6_topology_3,21694,221,0.3395611449959688
5,7,14,12,humanitarian,10,5,humanitarian|compound|private_fragmented|60911,True,jensen_tsallis_q_0_5,0.5,60911,5,1,4,735,993d3bc3503519a099eb11fc2e7c784444f398a8240594a625388dd7c23312f2,raw/pilot_v2/v6-pilot_v2-humanitarian-compound-private_fragmented-e60911-jensen_tsallis_q_0_5-c050-event_triggered/events.jsonl.gz,0cf5b550e376b08e678c7ea1528cc8c084e27b3e66bffa00c182666f6a57f352,1.5257709558512111,9,12,4,private_fragmented,0.0,1,0,1766,9,21.770905426628673,0,compound,v6-pilot_v2-humanitarian-compound-private_fragmented-e60911-jensen_tsallis_q_0_5-c050-event_triggered,humanitarian_compound_family_3,4.87865795301855,4,19740,0.4062600130678515,210,event_triggered,pilot_v2,complete,59c490e5b57f526fbce274225fb94197ce0b376f8ff3f5467a4cc6d5f74e10b4,humanitarian_v6_topology_3,21506,219,0.36701092700241134
5,6,13,12,humanitarian,10,6,humanitarian|compound|private_fragmented|60912,True,action_value_margin,0.5,60912,5,1,4,728,a2f84dd9b9bc0d78a07624a0b1406d93e2bc4db9357ad8006203ba4f626a6a2d,raw/pilot_v2/v6-pilot_v2-humanitarian-compound-private_fragmented-e60912-action_value_margin-c050-event_triggered/events.jsonl.gz,43b03ae2e02d8ae0fba6286ce247a1b7b62cd6bf05c6e6d20690d99bdb721fe0,0.6886346906422998,7,12,4,private_fragmented,0.0,1,0,1136,4,21.35337264324965,0,compound,v6-pilot_v2-humanitarian-compound-private_fragmented-e60912-action_value_margin-c050-event_triggered,humanitarian_compound_family_4,4.162914662607254,4,19646,0.41335878255431446,209,event_triggered,pilot_v2,complete,cd237e41ec51010913460ef2979c18242c6080c74b1d9d61257826624706cca4,humanitarian_v6_topology_0,20782,213,0.3479556730017066
5,7,14,12,humanitarian,10,7,humanitarian|compound|private_fragmented|60912,True,combined_generalized_entropic,0.5,60912,5,1,4,732,db506e6ed8ec77fbb02cc13ed711d5e9661908846e70a2606f163f57efffa38a,raw/pilot_v2/v6-pilot_v2-humanitarian-compound-private_fragmented-e60912-combined_generalized_entropic-c050-event_triggered/events.jsonl.gz,d8c96c5bcb9fa0f5f7b40700a7b9c73a57d3154737944ece77e18b17d83e98d8,0.7509133249670124,7,12,4,private_fragmented,0.0,1,0,1136,4,21.35337264324965,0,compound,v6-pilot_v2-humanitarian-compound-private_fragmented-e60912-combined_generalized_entropic-c050-event_triggered,humanitarian_compound_family_4,4.182429286792781,6,19646,0.41335878255431446,209,event_triggered,pilot_v2,complete,cd237e41ec51010913460ef2979c18242c6080c74b1d9d61257826624706cca4,humanitarian_v6_topology_0,20782,213,0.3350958579685539
5,8,14,12,humanitarian,10,7,humanitarian|compound|private_fragmented|60912,True,jensen_shannon,0.5,60912,5,1,4,736,7827aac46cf0ad0d04b0b0a131fc0125f0a549883d78623610a4099bf0599078,raw/pilot_v2/v6-pilot_v2-humanitarian-compound-private_fragmented-e60912-jensen_shannon-c050-event_triggered/events.jsonl.gz,942de666b0791cd2c2bbeb2e67ec7d08e72587481ea0a32b5ae53275881c7bed,0.8655219739428744,7,12,4,private_fragmented,0.0,1,0,1136,4,22.142287250942267,0,compound,v6-pilot_v2-humanitarian-compound-private_fragmented-e60912-jensen_shannon-c050-event_triggered,humanitarian_compound_family_4,4.606611938937487,5,20210,0.4248728668814619,215,event_triggered,pilot_v2,complete,cd237e41ec51010913460ef2979c18242c6080c74b1d9d61257826624706cca4,humanitarian_v6_topology_0,21346,219,0.34167785197496414
5,8,14,12,humanitarian,10,7,humanitarian|compound|private_fragmented|60912,True,jensen_tsallis_q_0_5,0.5,60912,5,1,4,736,fdc64f11d6f0844c6ec4716c59b0426f4d53567606fab9a6bc05f0f232b42b91,raw/pilot_v2/v6-pilot_v2-humanitarian-compound-private_fragmented-e60912-jensen_tsallis_q_0_5-c050-event_triggered/events.jsonl.gz,1330693fa1edd30bb226fee0f9a2dcdebdecb4f06d05f2b89e4eb5ec13587f46,0.8655219739428744,7,12,4,private_fragmented,0.0,1,0,1136,4,22.142287250942267,0,compound,v6-pilot_v2-humanitarian-compound-private_fragmented-e60912-jensen_tsallis_q_0_5-c050-event_triggered,humanitarian_compound_family_4,4.606611938937487,5,20210,0.4248728668814619,215,event_triggered,pilot_v2,complete,cd237e41ec51010913460ef2979c18242c6080c74b1d9d61257826624706cca4,humanitarian_v6_topology_0,21346,219,0.35606917698169127
5,6,14,12,humanitarian,10,3,humanitarian|compound|private_fragmented|60913,True,action_value_margin,0.5,60913,5,1,4,746,b12d40c3a52c48f6f632216c6344538ee65a199a663b3eeac4953993e5761617,raw/pilot_v2/v6-pilot_v2-humanitarian-compound-private_fragmented-e60913-action_value_margin-c050-event_triggered/events.jsonl.gz,cf510107bd2984cea6f83284f6efd14979763e3f026884329dcc0a91f77f7567,1.5056056968005724,11,12,4,private_fragmented,0.0,1,0,1766,9,21.512652817374374,0,compound,v6-pilot_v2-humanitarian-compound-private_fragmented-e60913-action_value_margin-c050-event_triggered,humanitarian_compound_family_4,7.300270465303248,2,20774,0.42787617349958906,221,event_triggered,pilot_v2,complete,49a875cc2f1123f2c0e105f28dfa2ffc558fbe6c8d8bc40454c11fb122898d3d,humanitarian_v6_topology_1,22540,230,0.33707000297727063
5,6,14,12,humanitarian,10,3,humanitarian|compound|private_fragmented|60913,True,combined_generalized_entropic,0.5,60913,5,1,4,746,a2d10964d3bc934941a37430087b5be5aab03fae7a86bf76203d6b0640a6e4e5,raw/pilot_v2/v6-pilot_v2-humanitarian-compound-private_fragmented-e60913-combined_generalized_entropic-c050-event_triggered/events.jsonl.gz,92443fde36e08b521c5f6fce48886eb2e20eb87ac7c0c06879c5ff57243e71bd,1.5892189691445013,11,12,4,private_fragmented,0.0,1,0,1514,7,22.038080749990286,0,compound,v6-pilot_v2-humanitarian-compound-private_fragmented-e60913-combined_generalized_entropic-c050-event_triggered,humanitarian_compound_family_4,7.776412804653903,2,20962,0.43153985634366676,223,event_triggered,pilot_v2,complete,49a875cc2f1123f2c0e105f28dfa2ffc558fbe6c8d8bc40454c11fb122898d3d,humanitarian_v6_topology_1,22476,230,0.3505004789913073
5,5,14,12,humanitarian,10,2,humanitarian|compound|private_fragmented|60913,True,jensen_shannon,0.5,60913,5,1,4,750,fd761f7057e647527e7ba30a5265aa99117ec8a88fd2eb2a7076dcb437a78ffc,raw/pilot_v2/v6-pilot_v2-humanitarian-compound-private_fragmented-e60913-jensen_shannon-c050-event_triggered/events.jsonl.gz,3170be6debb878a9e2776ef505da4cf1db70e46d4f5c6d82c570315647e59709,1.8514008426079367,12,12,4,private_fragmented,0.0,1,0,1640,8,22.043373154931906,0,compound,v6-pilot_v2-humanitarian-compound-private_fragmented-e60913-jensen_shannon-c050-event_triggered,humanitarian_compound_family_4,8.98620511200754,2,20962,0.43153985634366676,223,event_triggered,pilot_v2,complete,49a875cc2f1123f2c0e105f28dfa2ffc558fbe6c8d8bc40454c11fb122898d3d,humanitarian_v6_topology_1,22602,231,0.33811304601840675
5,4,14,12,humanitarian,10,3,humanitarian|compound|private_fragmented|60913,True,jensen_tsallis_q_0_5,0.5,60913,5,1,4,750,4c37fd465ae5337d5c890e8f1807f4389e6cdcc4e9baef7a91ff63320a62b17c,raw/pilot_v2/v6-pilot_v2-humanitarian-compound-private_fragmented-e60913-jensen_tsallis_q_0_5-c050-event_triggered/events.jsonl.gz,da8d88833d6755c34d1a9c0965731c1dbc9b7f57eee9fba778f1e1e8a52c3e88,1.5112064131982919,11,12,4,private_fragmented,0.0,1,0,1640,8,22.014530247299966,0,compound,v6-pilot_v2-humanitarian-compound-private_fragmented-e60913-jensen_tsallis_q_0_5-c050-event_triggered,humanitarian_compound_family_4,6.559420257085906,3,20962,0.43153985634366676,223,event_triggered,pilot_v2,complete,49a875cc2f1123f2c0e105f28dfa2ffc558fbe6c8d8bc40454c11fb122898d3d,humanitarian_v6_topology_1,22602,231,0.3370403259759769
5,9,14,12,humanitarian,10,9,humanitarian|compound|public_shared|60911,True,action_value_margin,0.5,60911,5,1,4,619,dbd46e8fd64f5b55496998fb54254ef309b3b33584ae8eb202ef32e2f4b147bd,raw/pilot_v2/v6-pilot_v2-humanitarian-compound-public_shared-e60911-action_value_margin-c050-event_triggered/events.jsonl.gz,0ef3e6b52ddad1ea1f2cb04679cd8afd50488aa0f647a8ba5bc85bcefe7fee91,0.4228838074501324,5,12,4,public_shared,0.0,1,0,1766,9,20.884719557489035,0,compound,v6-pilot_v2-humanitarian-compound-public_shared-e60911-action_value_margin-c050-event_triggered,humanitarian_compound_family_3,3.4098838190208856,9,9024,0.18387745659003588,96,event_triggered,pilot_v2,complete,ec70e571330ea5a28575661c74683b224ad6e04b42c1130ee74f9b8f797401cf,humanitarian_v6_topology_3,10790,105,0.31475640303688124
5,9,14,12,humanitarian,10,9,humanitarian|compound|public_shared|60911,True,combined_generalized_entropic,0.5,60911,5,1,4,619,e112a0c53db2f076670f59f0c8b6525b3ba439d7ee6e6f3c3e606cb4c4a0eb45,raw/pilot_v2/v6-pilot_v2-humanitarian-compound-public_shared-e60911-combined_generalized_entropic-c050-event_triggered/events.jsonl.gz,6153ba2bc7fd041bfcd554370ed75613bd7184e3d43f8bbe866ff00cae8e56e6,0.4228838074501324,5,12,4,public_shared,0.0,1,0,1766,9,20.884719557489035,0,compound,v6-pilot_v2-humanitarian-compound-public_shared-e60911-combined_generalized_entropic-c050-event_triggered,humanitarian_compound_family_3,3.4098838190208856,9,9024,0.18387745659003588,96,event_triggered,pilot_v2,complete,ec70e571330ea5a28575661c74683b224ad6e04b42c1130ee74f9b8f797401cf,humanitarian_v6_topology_3,10790,105,0.32034699799260125
5,8,14,12,humanitarian,10,7,humanitarian|compound|public_shared|60911,True,jensen_shannon,0.5,60911,5,1,4,622,413157846638f099d89f43c5952df5ee78905466bca7d3e59a92294e4b5d6675,raw/pilot_v2/v6-pilot_v2-humanitarian-compound-public_shared-e60911-jensen_shannon-c050-event_triggered/events.jsonl.gz,0926e3acf8978adc8733ac0882cfd7d326687afb437612643ad9a44eae9e6072,0.7053133838156523,7,12,4,public_shared,0.0,1,0,2018,11,20.954558492469168,0,compound,v6-pilot_v2-humanitarian-compound-public_shared-e60911-jensen_shannon-c050-event_triggered,humanitarian_compound_family_3,3.6085930601436065,7,9024,0.18387745659003588,96,event_triggered,pilot_v2,complete,ec70e571330ea5a28575661c74683b224ad6e04b42c1130ee74f9b8f797401cf,humanitarian_v6_topology_3,11042,107,0.31260915100574493
5,8,14,12,humanitarian,10,7,humanitarian|compound|public_shared|60911,True,jensen_tsallis_q_0_5,0.5,60911,5,1,4,622,8922736396e86cd7a1e2d81538a7f76f24d79e0960e2e21e70787e03d54569be,raw/pilot_v2/v6-pilot_v2-humanitarian-compound-public_shared-e60911-jensen_tsallis_q_0_5-c050-event_triggered/events.jsonl.gz,a30fc3a1ea0fd2c535b45430006183ca583f6705c770ef938d0b675d8bb9a68b,0.7053133838156523,7,12,4,public_shared,0.0,1,0,2018,11,20.954558492469168,0,compound,v6-pilot_v2-humanitarian-compound-public_shared-e60911-jensen_tsallis_q_0_5-c050-event_triggered,humanitarian_compound_family_3,3.6085930601436065,7,9024,0.18387745659003588,96,event_triggered,pilot_v2,complete,ec70e571330ea5a28575661c74683b224ad6e04b42c1130ee74f9b8f797401cf,humanitarian_v6_topology_3,11042,107,0.31493521202355623
5,3,12,12,humanitarian,10,3,humanitarian|compound|public_shared|60912,True,action_value_margin,0.5,60912,5,1,4,608,f5b5fe70272368bd794fcdc52d7924fd6804132baaa17620bff94cfc6298efbe,raw/pilot_v2/v6-pilot_v2-humanitarian-compound-public_shared-e60912-action_value_margin-c050-event_triggered/events.jsonl.gz,db21900d9c096bf67cadec8f8baad25a57757d98c019c14f5e4e1b91e1cbce58,1.3197688541598938,9,12,4,public_shared,0.0,1,0,1388,6,20.45523374628575,0,compound,v6-pilot_v2-humanitarian-compound-public_shared-e60912-action_value_margin-c050-event_triggered,humanitarian_compound_family_4,3.8006256701216388,3,8648,0.19126409657990096,92,event_triggered,pilot_v2,complete,b4723e6cc6117269987947b7a591dbaa1209b3a1372c28b43895aaa1e3db6a18,humanitarian_v6_topology_0,10036,98,0.31786942097824067
5,2,11,12,humanitarian,10,2,humanitarian|compound|public_shared|60912,True,combined_generalized_entropic,0.5,60912,5,1,4,603,1c3c7ce3829d73e82a2cf2538fa2a1ccd03312f0055c87f598c32959fad8baaf,raw/pilot_v2/v6-pilot_v2-humanitarian-compound-public_shared-e60912-combined_generalized_entropic-c050-event_triggered/events.jsonl.gz,607fccbf61fdfba406ccbe9c49756419edc404c9709d0c05d702eccfe24814c3,1.3280308331056871,9,12,4,public_shared,0.0,1,0,1388,6,21.42887671011609,0,compound,v6-pilot_v2-humanitarian-compound-public_shared-e60912-combined_generalized_entropic-c050-event_triggered,humanitarian_compound_family_4,4.510722513763602,2,8460,0.18699921370612774,90,event_triggered,pilot_v2,complete,b4723e6cc6117269987947b7a591dbaa1209b3a1372c28b43895aaa1e3db6a18,humanitarian_v6_topology_0,9848,96,0.3018871870008297
5,2,11,12,humanitarian,10,2,humanitarian|compound|public_shared|60912,True,jensen_shannon,0.5,60912,5,1,4,609,a00f788d5cd3cf8176af7fd86592c3c50c00a5d5c02baa37094b8ff5026cb9fa,raw/pilot_v2/v6-pilot_v2-humanitarian-compound-public_shared-e60912-jensen_shannon-c050-event_triggered/events.jsonl.gz,00ea26f4dc5f645dcce170dc7dcb5cdabb723a619f0644f1cd1b53af89b52abd,1.3183744530674795,9,12,4,public_shared,0.0,1,0,1388,6,21.42887671011609,0,compound,v6-pilot_v2-humanitarian-compound-public_shared-e60912-jensen_shannon-c050-event_triggered,humanitarian_compound_family_4,4.416289074459903,2,9024,0.20022566559331606,96,event_triggered,pilot_v2,complete,b4723e6cc6117269987947b7a591dbaa1209b3a1372c28b43895aaa1e3db6a18,humanitarian_v6_topology_0,10412,102,0.3277552130166441
5,2,11,12,humanitarian,10,2,humanitarian|compound|public_shared|60912,True,jensen_tsallis_q_0_5,0.5,60912,5,1,4,609,1b117ee9a7d9a3056b4909b08a9aa713e0fdb51402471afcb03e36b11164595e,raw/pilot_v2/v6-pilot_v2-humanitarian-compound-public_shared-e60912-jensen_tsallis_q_0_5-c050-event_triggered/events.jsonl.gz,0dee2bf566a7cb30642199a2b5146d2d70e5abc3848467787947aa061720842d,1.3183744530674795,9,12,4,public_shared,0.0,1,0,1388,6,21.42887671011609,0,compound,v6-pilot_v2-humanitarian-compound-public_shared-e60912-jensen_tsallis_q_0_5-c050-event_triggered,humanitarian_compound_family_4,4.416289074459903,2,9024,0.20022566559331606,96,event_triggered,pilot_v2,complete,b4723e6cc6117269987947b7a591dbaa1209b3a1372c28b43895aaa1e3db6a18,humanitarian_v6_topology_0,10412,102,0.3174571580020711
5,10,13,12,humanitarian,10,9,humanitarian|compound|public_shared|60913,True,action_value_margin,0.5,60913,5,1,4,627,c6f438704f1560671205a26808ec2a05ee63502db03d43aa276401771ce1c068,raw/pilot_v2/v6-pilot_v2-humanitarian-compound-public_shared-e60913-action_value_margin-c050-event_triggered/events.jsonl.gz,6413f7f68b0a664298b0ba067321463a89e6ff79cc78679526b5bdf07d74c4f4,0.6177190684067139,4,12,4,public_shared,0.0,1,0,1640,8,21.42862325008246,0,compound,v6-pilot_v2-humanitarian-compound-public_shared-e60913-action_value_margin-c050-event_triggered,humanitarian_compound_family_4,3.0950338884162125,8,10340,0.22154181151892802,110,event_triggered,pilot_v2,complete,15d93e8d946565592042a2ec1bd6da54a4f93abdfb67cc66ba0815fe4ed2f3c9,humanitarian_v6_topology_1,11980,118,0.31674612301867455
5,10,14,12,humanitarian,10,9,humanitarian|compound|public_shared|60913,True,combined_generalized_entropic,0.5,60913,5,1,4,632,073c02b9dbaa6cd90115b409bd88cc1644e69fdbb0b397f4e8bbca7430410430,raw/pilot_v2/v6-pilot_v2-humanitarian-compound-public_shared-e60913-combined_generalized_entropic-c050-event_triggered/events.jsonl.gz,b43eb46348a31da14eb5ce2f098458312de61a7c7fec5b554b75a3e4126f7725,0.606079068474857,5,12,4,public_shared,0.0,1,0,1640,8,21.428638366960207,0,compound,v6-pilot_v2-humanitarian-compound-public_shared-e60913-combined_generalized_entropic-c050-event_triggered,humanitarian_compound_family_4,3.418979597591833,8,10340,0.22154181151892802,110,event_triggered,pilot_v2,complete,15d93e8d946565592042a2ec1bd6da54a4f93abdfb67cc66ba0815fe4ed2f3c9,humanitarian_v6_topology_1,11980,118,0.31144621898420155
5,9,14,12,humanitarian,10,8,humanitarian|compound|public_shared|60913,True,jensen_shannon,0.5,60913,5,1,4,632,18f421d212ae53e8fa6627dd0a70a162cae5c9a0dacd4ebca2778cf15daffd54,raw/pilot_v2/v6-pilot_v2-humanitarian-compound-public_shared-e60913-jensen_shannon-c050-event_triggered/events.jsonl.gz,888cdc4698633da0703a12f5f3dc17073b6723800a8a5a60275473f8989f50b8,0.6051394471726916,6,12,4,public_shared,0.0,1,0,1766,9,21.870549828997106,0,compound,v6-pilot_v2-humanitarian-compound-public_shared-e60913-jensen_shannon-c050-event_triggered,humanitarian_compound_family_4,3.761562179392921,8,10340,0.22154181151892802,110,event_triggered,pilot_v2,complete,15d93e8d946565592042a2ec1bd6da54a4f93abdfb67cc66ba0815fe4ed2f3c9,humanitarian_v6_topology_1,12106,119,0.31617808004375547
5,9,14,12,humanitarian,10,8,humanitarian|compound|public_shared|60913,True,jensen_tsallis_q_0_5,0.5,60913,5,1,4,632,8fb15513b39a48acb7725f211504dc50e2048250b9078ffebc6e436aaff97c7d,raw/pilot_v2/v6-pilot_v2-humanitarian-compound-public_shared-e60913-jensen_tsallis_q_0_5-c050-event_triggered/events.jsonl.gz,ee4ba897224dbda6331c68a804b05f661ed5d86ee723c00ea26894f33c86b215,0.6051394471726916,6,12,4,public_shared,0.0,1,0,1766,9,21.870549828997106,0,compound,v6-pilot_v2-humanitarian-compound-public_shared-e60913-jensen_tsallis_q_0_5-c050-event_triggered,humanitarian_compound_family_4,3.761562179392921,8,10340,0.22154181151892802,110,event_triggered,pilot_v2,complete,15d93e8d946565592042a2ec1bd6da54a4f93abdfb67cc66ba0815fe4ed2f3c9,humanitarian_v6_topology_1,12106,119,0.3170343529782258
5,12,14,12,humanitarian,10,8,humanitarian|partition|private_fragmented|60911,True,action_value_margin,0.5,60911,5,1,4,625,a09ba813ba2725cc1c4f76dffed8a81805ee2517f127d8c01cc8a33551bee66e,raw/pilot_v2/v6-pilot_v2-humanitarian-partition-private_fragmented-e60911-action_value_margin-c050-event_triggered/events.jsonl.gz,9f2039db01f764afa719a78b2fec1d683b5046e407d0eb540c19ed6b87b8cdad,0.8060780032673832,6,12,4,private_fragmented,0.0,1,0,1262,5,21.24544165706391,0,partition,v6-pilot_v2-humanitarian-partition-private_fragmented-e60911-action_value_margin-c050-event_triggered,humanitarian_partition_family_3,2.2000330922202407,7,10058,0.20438616871340218,107,event_triggered,pilot_v2,complete,2297034d3cd34f3c6d82b5b0461b53376ff99b3d7a140042a1249ba7982ac60f,humanitarian_v6_topology_3,11320,112,0.3051036390243098
5,11,14,12,humanitarian,10,7,humanitarian|partition|private_fragmented|60911,True,combined_generalized_entropic,0.5,60911,5,1,4,626,73ba5054c6b79e4a8623a9a69e36b38e3ff551e3edc32bdcad9a2e784a3714a4,raw/pilot_v2/v6-pilot_v2-humanitarian-partition-private_fragmented-e60911-combined_generalized_entropic-c050-event_triggered/events.jsonl.gz,cca4e650f210bd9993c55ce2e3f9f2726a1172198b660415a37ccdea42f8bf44,0.8617994038552795,7,12,4,private_fragmented,0.0,1,0,1262,5,21.55976097808508,0,partition,v6-pilot_v2-humanitarian-partition-private_fragmented-e60911-combined_generalized_entropic-c050-event_triggered,humanitarian_partition_family_3,2.6219939578208264,6,10058,0.20438616871340218,107,event_triggered,pilot_v2,complete,2297034d3cd34f3c6d82b5b0461b53376ff99b3d7a140042a1249ba7982ac60f,humanitarian_v6_topology_3,11320,112,0.30690148199209943
5,11,14,12,humanitarian,10,8,humanitarian|partition|private_fragmented|60911,True,jensen_shannon,0.5,60911,5,1,4,626,a59c2a59cba75241e6349148cafbddcdb1ced123c8946a23bfe8c4fb20d4f45b,raw/pilot_v2/v6-pilot_v2-humanitarian-partition-private_fragmented-e60911-jensen_shannon-c050-event_triggered/events.jsonl.gz,20b1347b1aae7c5267628b915c81cfd3ca137df2aebbf1b015cc9f4dd3900d0d,0.7355140698780409,6,12,4,private_fragmented,0.0,1,0,1262,5,21.683124623167416,0,partition,v6-pilot_v2-humanitarian-partition-private_fragmented-e60911-jensen_shannon-c050-event_triggered,humanitarian_partition_family_3,2.08967713501894,7,10058,0.20438616871340218,107,event_triggered,pilot_v2,complete,2297034d3cd34f3c6d82b5b0461b53376ff99b3d7a140042a1249ba7982ac60f,humanitarian_v6_topology_3,11320,112,0.3036092540132813
5,11,14,12,humanitarian,10,8,humanitarian|partition|private_fragmented|60911,True,jensen_tsallis_q_0_5,0.5,60911,5,1,4,625,a748d18f20691646e3c04f6feeec9660f36bbc3b31b427350e9a74357b39a23d,raw/pilot_v2/v6-pilot_v2-humanitarian-partition-private_fragmented-e60911-jensen_tsallis_q_0_5-c050-event_triggered/events.jsonl.gz,b30d24ffaa66d49c5c8d2f9460311f7624d0bd3cc4c4acada519fe516c7f7338,0.5957504216886967,6,12,4,private_fragmented,0.0,1,0,1262,5,21.662850937001807,0,partition,v6-pilot_v2-humanitarian-partition-private_fragmented-e60911-jensen_tsallis_q_0_5-c050-event_triggered,humanitarian_partition_family_3,2.1647777715372225,7,10058,0.20438616871340218,107,event_triggered,pilot_v2,complete,2297034d3cd34f3c6d82b5b0461b53376ff99b3d7a140042a1249ba7982ac60f,humanitarian_v6_topology_3,11320,112,0.30743476998759434
5,7,14,12,humanitarian,10,5,humanitarian|partition|private_fragmented|60912,True,action_value_margin,0.5,60912,5,1,4,628,0d27e6a1fdabb92adf0603af6dffd9d5d1783e0b7f141dff21329f026a09e2c6,raw/pilot_v2/v6-pilot_v2-humanitarian-partition-private_fragmented-e60912-action_value_margin-c050-event_triggered/events.jsonl.gz,2af4f1daf33a42aee732129d89715f1730e620916db21f195638026baf17bd7e,0.5987918214329123,9,12,4,private_fragmented,0.0,1,0,1262,5,21.645107864541252,0,partition,v6-pilot_v2-humanitarian-partition-private_fragmented-e60912-action_value_margin-c050-event_triggered,humanitarian_partition_family_4,2.4983962491627882,5,10058,0.21486360314259087,107,event_triggered,pilot_v2,complete,22c97ec52baaeccd60e74bdbf8a1d2433edc25c1db79a2d24184ddf474d3eeae,humanitarian_v6_topology_0,11320,112,0.3103031319915317
5,8,14,12,humanitarian,10,5,humanitarian|partition|private_fragmented|60912,True,combined_generalized_entropic,0.5,60912,5,1,4,627,bb79257c8871a03e603e1746930cee1170079d5dca18a113d8e6a4472e75b0d7,raw/pilot_v2/v6-pilot_v2-humanitarian-partition-private_fragmented-e60912-combined_generalized_entropic-c050-event_triggered/events.jsonl.gz,fd6ddfa11402e847f9f6e49ed1c553220afcc9d24a116fb22f5faad9bf6e1a15,0.6660755118329822,9,12,4,private_fragmented,0.0,1,0,1262,5,21.645107864541252,0,partition,v6-pilot_v2-humanitarian-partition-private_fragmented-e60912-combined_generalized_entropic-c050-event_triggered,humanitarian_partition_family_4,3.4000651025547843,5,10152,0.2165926085818183,108,event_triggered,pilot_v2,complete,22c97ec52baaeccd60e74bdbf8a1d2433edc25c1db79a2d24184ddf474d3eeae,humanitarian_v6_topology_0,11414,113,0.30991572799393907
5,9,14,12,humanitarian,10,5,humanitarian|partition|private_fragmented|60912,True,jensen_shannon,0.5,60912,5,1,4,626,dbe36dc9bab0f39ee11c03921bea9eecc2768eec90378434dfb78de33dac241f,raw/pilot_v2/v6-pilot_v2-humanitarian-partition-private_fragmented-e60912-jensen_shannon-c050-event_triggered/events.jsonl.gz,323caa0b9782c0f9a819d375e5e8c10714d86ea43434ad52c35a9ee14a4a7b53,0.7320476883130097,9,12,4,private_fragmented,0.0,1,0,1136,4,22.012596191094268,0,partition,v6-pilot_v2-humanitarian-partition-private_fragmented-e60912-jensen_shannon-c050-event_triggered,humanitarian_partition_family_4,3.5022334831541917,5,10152,0.2165926085818183,108,event_triggered,pilot_v2,complete,22c97ec52baaeccd60e74bdbf8a1d2433edc25c1db79a2d24184ddf474d3eeae,humanitarian_v6_topology_0,11288,112,0.30949989799410105
5,9,14,12,humanitarian,10,5,humanitarian|partition|private_fragmented|60912,True,jensen_tsallis_q_0_5,0.5,60912,5,1,4,626,0912ffdb98aaacb0334b2e244d8ef6e56fac86f62bde597067478a23a595e7e6,raw/pilot_v2/v6-pilot_v2-humanitarian-partition-private_fragmented-e60912-jensen_tsallis_q_0_5-c050-event_triggered/events.jsonl.gz,e03bd2101af96a3dff0bd519524ca1b5ea79525a4e43576830ca27450f841d00,0.7320476883130097,9,12,4,private_fragmented,0.0,1,0,1136,4,22.012596191094268,0,partition,v6-pilot_v2-humanitarian-partition-private_fragmented-e60912-jensen_tsallis_q_0_5-c050-event_triggered,humanitarian_partition_family_4,3.5022334831541917,5,10152,0.2165926085818183,108,event_triggered,pilot_v2,complete,22c97ec52baaeccd60e74bdbf8a1d2433edc25c1db79a2d24184ddf474d3eeae,humanitarian_v6_topology_0,11288,112,0.3184788800426759
5,6,14,12,humanitarian,10,2,humanitarian|partition|private_fragmented|60913,True,action_value_margin,0.5,60913,5,1,4,642,1e7c85a4ed3c4e711845cc5885d39f087eb8d1144affb3582266d0ece7e33eb3,raw/pilot_v2/v6-pilot_v2-humanitarian-partition-private_fragmented-e60913-action_value_margin-c050-event_triggered/events.jsonl.gz,87f0d725a60885799ca9127c8e9eaeca043c9c9b7a58f05c2b25ebbb121ae732,1.5595767858026226,12,12,4,private_fragmented,0.0,1,0,1262,5,21.68604442796623,0,partition,v6-pilot_v2-humanitarian-partition-private_fragmented-e60913-action_value_margin-c050-event_triggered,humanitarian_partition_family_4,4.705561167708041,2,11280,0.22256627778445684,120,event_triggered,pilot_v2,complete,421821c32263bc497cf3ce47d372c5d189e02676640fd61efc1652e7d1b7ad7f,humanitarian_v6_topology_1,12542,125,0.31860386801417917
5,7,14,12,humanitarian,10,2,humanitarian|partition|private_fragmented|60913,True,combined_generalized_entropic,0.5,60913,5,1,4,639,caae249befd2ae383c85a1a258f19b65b0890cd0e91e2182b0bbc9b014a7ba95,raw/pilot_v2/v6-pilot_v2-humanitarian-partition-private_fragmented-e60913-combined_generalized_entropic-c050-event_triggered/events.jsonl.gz,5fceffe37399800d4c01df193e5b8c12d3fefa7d4347da9bea5a029cbd0c9e93,1.6495995574182925,12,12,4,private_fragmented,0.0,1,0,1262,5,21.907936658998672,0,partition,v6-pilot_v2-humanitarian-partition-private_fragmented-e60913-combined_generalized_entropic-c050-event_triggered,humanitarian_partition_family_4,5.033965835802536,2,11280,0.22256627778445684,120,event_triggered,pilot_v2,complete,421821c32263bc497cf3ce47d372c5d189e02676640fd61efc1652e7d1b7ad7f,humanitarian_v6_topology_1,12542,125,0.30886090599233285
5,6,14,12,humanitarian,10,2,humanitarian|partition|private_fragmented|60913,True,jensen_shannon,0.5,60913,5,1,4,640,7a502fcf18287e4d0095c3dcb4a0783e1b12938f2ac7d80ead55347a86cda4b5,raw/pilot_v2/v6-pilot_v2-humanitarian-partition-private_fragmented-e60913-jensen_shannon-c050-event_triggered/events.jsonl.gz,2bcf4a4d8ecc45dda0fa8d859b55e567b8dc9820e9a6282488f33dbe74a141fa,1.5677244912519557,12,12,4,private_fragmented,0.0,1,0,1262,5,22.044352900157556,0,partition,v6-pilot_v2-humanitarian-partition-private_fragmented-e60913-jensen_shannon-c050-event_triggered,humanitarian_partition_family_4,4.841848560959318,2,11280,0.22256627778445684,120,event_triggered,pilot_v2,complete,421821c32263bc497cf3ce47d372c5d189e02676640fd61efc1652e7d1b7ad7f,humanitarian_v6_topology_1,12542,125,0.31288966903230175
5,6,14,12,humanitarian,10,2,humanitarian|partition|private_fragmented|60913,True,jensen_tsallis_q_0_5,0.5,60913,5,1,4,640,dbbceb57ff8be982d7559d922eb443c8b0773873616538cc9cc8846bf0862be9,raw/pilot_v2/v6-pilot_v2-humanitarian-partition-private_fragmented-e60913-jensen_tsallis_q_0_5-c050-event_triggered/events.jsonl.gz,d2ab6376c4c55b9d901dd0f4f2af0508481340ef6cd9f06ddeca659883e649ea,1.5677244912519557,12,12,4,private_fragmented,0.0,1,0,1262,5,22.044352900157556,0,partition,v6-pilot_v2-humanitarian-partition-private_fragmented-e60913-jensen_tsallis_q_0_5-c050-event_triggered,humanitarian_partition_family_4,4.841848560959318,2,11280,0.22256627778445684,120,event_triggered,pilot_v2,complete,421821c32263bc497cf3ce47d372c5d189e02676640fd61efc1652e7d1b7ad7f,humanitarian_v6_topology_1,12542,125,0.31476877303794026
5,11,13,12,humanitarian,10,11,humanitarian|partition|public_shared|60911,True,action_value_margin,0.5,60911,5,1,4,578,5f72086eee7d56765a53c00945653062bdad72157b64fa95333ebcbd8a4519fd,raw/pilot_v2/v6-pilot_v2-humanitarian-partition-public_shared-e60911-action_value_margin-c050-event_triggered/events.jsonl.gz,d49557952874b0f2b11fd3e228a0b10977ac606783120d64f856e192f61e6121,0.2340459634599871,2,12,4,public_shared,0.0,1,0,1136,4,20.42285469175382,0,partition,v6-pilot_v2-humanitarian-partition-public_shared-e60911-action_value_margin-c050-event_triggered,humanitarian_partition_family_3,1.447998297004561,9,6392,0.13201705674402667,68,event_triggered,pilot_v2,complete,fd8e97efba07218905a222faca1a0c9f2fffb9cd59c1350b64f7b296b57c58ab,humanitarian_v6_topology_3,7528,72,0.29207967303227633
5,11,13,12,humanitarian,10,11,humanitarian|partition|public_shared|60911,True,combined_generalized_entropic,0.5,60911,5,1,4,578,d8d05d63f786d067f0f11b33295718b9012ab8e54b96ff1f5d01f648993119ff,raw/pilot_v2/v6-pilot_v2-humanitarian-partition-public_shared-e60911-combined_generalized_entropic-c050-event_triggered/events.jsonl.gz,823e92dd88c29db22ffe1c3d406357ac2da196cd72dc1d6c8ec60e8d7038c2a0,0.15866879653757102,2,12,4,public_shared,0.0,1,0,1136,4,20.42285469175382,0,partition,v6-pilot_v2-humanitarian-partition-public_shared-e60911-combined_generalized_entropic-c050-event_triggered,humanitarian_partition_family_3,1.4143526452033188,8,6392,0.13201705674402667,68,event_triggered,pilot_v2,complete,fd8e97efba07218905a222faca1a0c9f2fffb9cd59c1350b64f7b296b57c58ab,humanitarian_v6_topology_3,7528,72,0.29543772601755336
5,9,10,12,humanitarian,10,9,humanitarian|partition|public_shared|60911,True,jensen_shannon,0.5,60911,5,1,4,566,f426efcda020e651e6561a51ba1b9926513a17f8ac4404e13a7284761273045c,raw/pilot_v2/v6-pilot_v2-humanitarian-partition-public_shared-e60911-jensen_shannon-c050-event_triggered/events.jsonl.gz,4004d984528339a13a178410f5c48274411a9c2406d8edb7dd2c2a76a99e7cbf,0.2809628769088278,1,12,4,public_shared,0.0,1,0,1136,4,20.63359410622693,0,partition,v6-pilot_v2-humanitarian-partition-public_shared-e60911-jensen_shannon-c050-event_triggered,humanitarian_partition_family_3,1.7342120079983587,9,6392,0.13201705674402667,68,event_triggered,pilot_v2,complete,fd8e97efba07218905a222faca1a0c9f2fffb9cd59c1350b64f7b296b57c58ab,humanitarian_v6_topology_3,7528,72,0.28838118602288887
5,10,10,12,humanitarian,10,10,humanitarian|partition|public_shared|60911,True,jensen_tsallis_q_0_5,0.5,60911,5,1,4,567,62266d60d964be68360a8fd98732b2b5d578714fc26b130ae867eb02ebcee9e5,raw/pilot_v2/v6-pilot_v2-humanitarian-partition-public_shared-e60911-jensen_tsallis_q_0_5-c050-event_triggered/events.jsonl.gz,688e2d5efd1d2a84b98104d0b452117bc56bb46f41d9660d665dff3b7cffe1e8,0.2832177760806762,0,12,4,public_shared,0.0,1,0,1136,4,20.63359410622693,0,partition,v6-pilot_v2-humanitarian-partition-public_shared-e60911-jensen_tsallis_q_0_5-c050-event_triggered,humanitarian_partition_family_3,1.214845136081923,8,6392,0.13201705674402667,68,event_triggered,pilot_v2,complete,fd8e97efba07218905a222faca1a0c9f2fffb9cd59c1350b64f7b296b57c58ab,humanitarian_v6_topology_3,7528,72,0.29549753601895645
5,4,12,12,humanitarian,10,3,humanitarian|partition|public_shared|60912,True,action_value_margin,0.5,60912,5,1,4,575,5feeb8f7b89e5a319b42a9d54656b173a2cf561cbce6644d485a8518c9043c14,raw/pilot_v2/v6-pilot_v2-humanitarian-partition-public_shared-e60912-action_value_margin-c050-event_triggered/events.jsonl.gz,bfe852f91a6362804d968350384be9c9f5dcd7443132a4288a9ba19763baf371,1.533271223085934,9,12,4,public_shared,0.0,1,0,1136,4,20.94722842963671,0,partition,v6-pilot_v2-humanitarian-partition-public_shared-e60912-action_value_margin-c050-event_triggered,humanitarian_partition_family_4,5.355856211506671,3,5546,0.11560719726319686,59,event_triggered,pilot_v2,complete,b1d40b2fef25d0c3d4866c97970c71fde9f581a0720cd2fa1294cc0b4cb69b89,humanitarian_v6_topology_0,6682,63,0.2911849219817668
5,4,12,12,humanitarian,10,2,humanitarian|partition|public_shared|60912,True,combined_generalized_entropic,0.5,60912,5,1,4,575,b66fbb6ce171567e6653ed3318374832c47dd727a05490e7ba694118454127d9,raw/pilot_v2/v6-pilot_v2-humanitarian-partition-public_shared-e60912-combined_generalized_entropic-c050-event_triggered/events.jsonl.gz,055a0e29f1d91ae2fa770ffef5f50bf124802bdd8c65566f103b60cb5e1ef0c9,1.6778396663855006,10,12,4,public_shared,0.0,1,0,1136,4,21.31434442999354,0,partition,v6-pilot_v2-humanitarian-partition-public_shared-e60912-combined_generalized_entropic-c050-event_triggered,humanitarian_partition_family_4,6.215909834301186,2,5546,0.11560719726319686,59,event_triggered,pilot_v2,complete,b1d40b2fef25d0c3d4866c97970c71fde9f581a0720cd2fa1294cc0b4cb69b89,humanitarian_v6_topology_0,6682,63,0.29626778000965714
5,6,14,12,humanitarian,10,4,humanitarian|partition|public_shared|60912,True,jensen_shannon,0.5,60912,5,1,4,583,e01077176d630c714042e99c6431fc09f8902557b3bc2f402963c1d3eff7235b,raw/pilot_v2/v6-pilot_v2-humanitarian-partition-public_shared-e60912-jensen_shannon-c050-event_triggered/events.jsonl.gz,67c90b6a98e3a0e080669c2af34be21889aba2da4b5b25c3d463a5e7d499911d,1.6721398989382892,10,12,4,public_shared,0.0,1,0,1136,4,21.31434442999354,0,partition,v6-pilot_v2-humanitarian-partition-public_shared-e60912-jensen_shannon-c050-event_triggered,humanitarian_partition_family_4,5.953071333854984,4,5546,0.11560719726319686,59,event_triggered,pilot_v2,complete,b1d40b2fef25d0c3d4866c97970c71fde9f581a0720cd2fa1294cc0b4cb69b89,humanitarian_v6_topology_0,6682,63,0.2951461139600724
5,6,14,12,humanitarian,10,4,humanitarian|partition|public_shared|60912,True,jensen_tsallis_q_0_5,0.5,60912,5,1,4,583,fcefe9226528e0170d1d6cbd2938e1f9a5b8d9bb6ab20574540697acd9bf07e2,raw/pilot_v2/v6-pilot_v2-humanitarian-partition-public_shared-e60912-jensen_tsallis_q_0_5-c050-event_triggered/events.jsonl.gz,f0d1023cac833bd90edb92fa729c67b707ccef8b35bc2aba3a648d7c30a2d9e3,1.6721398989382892,10,12,4,public_shared,0.0,1,0,1136,4,21.31434442999354,0,partition,v6-pilot_v2-humanitarian-partition-public_shared-e60912-jensen_tsallis_q_0_5-c050-event_triggered,humanitarian_partition_family_4,5.953071333854984,4,5546,0.11560719726319686,59,event_triggered,pilot_v2,complete,b1d40b2fef25d0c3d4866c97970c71fde9f581a0720cd2fa1294cc0b4cb69b89,humanitarian_v6_topology_0,6682,63,0.29196430096635595
5,10,14,12,humanitarian,10,10,humanitarian|partition|public_shared|60913,True,action_value_margin,0.5,60913,5,1,4,557,6f3ad1929bfa935ed163baf89eb7d5c617ff6b6d0333801309d9c662536e7474,raw/pilot_v2/v6-pilot_v2-humanitarian-partition-public_shared-e60913-action_value_margin-c050-event_triggered/events.jsonl.gz,9d3144d40a69c9f02b20e69d23e2941db7409f8e4aae511128bccabda9de3e87,0.17672539682800095,4,12,4,public_shared,0.0,1,0,1136,4,21.056755359658627,0,partition,v6-pilot_v2-humanitarian-partition-public_shared-e60913-action_value_margin-c050-event_triggered,humanitarian_partition_family_4,1.2496745621300176,10,4136,0.09004502794408994,44,event_triggered,pilot_v2,complete,50195f482a13d48ad410b2718445797868486bcb46da785eace2010ec1344c89,humanitarian_v6_topology_1,5272,48,0.28904892201535404
5,10,14,12,humanitarian,10,10,humanitarian|partition|public_shared|60913,True,combined_generalized_entropic,0.5,60913,5,1,4,557,3824ff95e8369dabec10afc547e07a604a571981cc201a618402402f3e0b8d88,raw/pilot_v2/v6-pilot_v2-humanitarian-partition-public_shared-e60913-combined_generalized_entropic-c050-event_triggered/events.jsonl.gz,742316295b8a13cf488750c3ba5da75a7d950089fca74add8f008e23760aba11,0.17672539682800095,4,12,4,public_shared,0.0,1,0,1136,4,21.056755359658627,0,partition,v6-pilot_v2-humanitarian-partition-public_shared-e60913-combined_generalized_entropic-c050-event_triggered,humanitarian_partition_family_4,1.2496745621300176,10,4136,0.09004502794408994,44,event_triggered,pilot_v2,complete,50195f482a13d48ad410b2718445797868486bcb46da785eace2010ec1344c89,humanitarian_v6_topology_1,5272,48,0.28964367596199736
5,8,14,12,humanitarian,10,8,humanitarian|partition|public_shared|60913,True,jensen_shannon,0.5,60913,5,1,4,558,6ae7e593f113f454bef25b9231797a6bc28e90228af06a00d1b991be07c9c04c,raw/pilot_v2/v6-pilot_v2-humanitarian-partition-public_shared-e60913-jensen_shannon-c050-event_triggered/events.jsonl.gz,6745b2bc901e7d9f90c60b86592021d9a89f313d7809e1bd3abe41ecf91ede08,0.3154186652298234,6,12,4,public_shared,0.0,1,0,1136,4,21.065731119636066,0,partition,v6-pilot_v2-humanitarian-partition-public_shared-e60913-jensen_shannon-c050-event_triggered,humanitarian_partition_family_4,1.426512198081318,6,4136,0.09004502794408994,44,event_triggered,pilot_v2,complete,50195f482a13d48ad410b2718445797868486bcb46da785eace2010ec1344c89,humanitarian_v6_topology_1,5272,48,0.28736235602991655
5,8,14,12,humanitarian,10,8,humanitarian|partition|public_shared|60913,True,jensen_tsallis_q_0_5,0.5,60913,5,1,4,558,2b00a86908f477209eef6a94bc1462960e1bdfd16f71f4f244dbac13f6310fff,raw/pilot_v2/v6-pilot_v2-humanitarian-partition-public_shared-e60913-jensen_tsallis_q_0_5-c050-event_triggered/events.jsonl.gz,2b24e36858a23ffa8734ababc89d337f73bfea9f02239bdf5fef509e0719d1c8,0.2922862570261362,6,12,4,public_shared,0.0,1,0,1136,4,21.065731119636066,0,partition,v6-pilot_v2-humanitarian-partition-public_shared-e60913-jensen_tsallis_q_0_5-c050-event_triggered,humanitarian_partition_family_4,1.404097079819925,6,4136,0.09004502794408994,44,event_triggered,pilot_v2,complete,50195f482a13d48ad410b2718445797868486bcb46da785eace2010ec1344c89,humanitarian_v6_topology_1,5272,48,0.2901317150099203
5,8,13,12,humanitarian,10,5,humanitarian|telemetry_integrity|private_fragmented|60911,True,action_value_margin,0.5,60911,5,1,4,780,84cfbbe96d6e059b83da21d3445c162286bdd55136d11a57b4ca285dff28b063,raw/pilot_v2/v6-pilot_v2-humanitarian-telemetry_integrity-private_fragmented-e60911-action_value_margin-c050-event_triggered/events.jsonl.gz,355665c376f69f0b1007bd7ec8a359a4038d558a72b117b58743ebc7a2a7fec1,1.0863049901172879,8,12,4,private_fragmented,0.0,1,0,1388,6,21.700504500888172,0,telemetry_integrity,v6-pilot_v2-humanitarian-telemetry_integrity-private_fragmented-e60911-action_value_margin-c050-event_triggered,humanitarian_telemetry_integrity_family_3,4.783918237540875,3,24628,0.4983991115265665,262,event_triggered,pilot_v2,complete,fd1fdc8ec20b3d204aaf00bc52d1c974546f32abe9e2ba6a4d44ebfb09549005,humanitarian_v6_topology_3,26016,268,0.35949957597767934
5,7,12,12,humanitarian,10,5,humanitarian|telemetry_integrity|private_fragmented|60911,True,combined_generalized_entropic,0.5,60911,5,1,4,776,023f470fd2f6f4254c58c372b2c7ff062b90760fa718f7d638b80ade6c2907bf,raw/pilot_v2/v6-pilot_v2-humanitarian-telemetry_integrity-private_fragmented-e60911-combined_generalized_entropic-c050-event_triggered/events.jsonl.gz,2a57ede83d1b0857739e3c274e96a617eb332999a645c149f8cef0e09bc21435,1.0772171354257303,7,12,4,private_fragmented,0.0,1,0,1136,4,22.35337651637397,0,telemetry_integrity,v6-pilot_v2-humanitarian-telemetry_integrity-private_fragmented-e60911-combined_generalized_entropic-c050-event_triggered,humanitarian_telemetry_integrity_family_3,4.188306975304261,3,24816,0.50230464156715,264,event_triggered,pilot_v2,complete,fd1fdc8ec20b3d204aaf00bc52d1c974546f32abe9e2ba6a4d44ebfb09549005,humanitarian_v6_topology_3,25952,268,0.35825668898178264
5,9,14,12,humanitarian,10,6,humanitarian|telemetry_integrity|private_fragmented|60911,True,jensen_shannon,0.5,60911,5,1,4,788,e61ef13fc2e421ecca4cf318f0e6ed430708aec4cf8510461fa7a5146b7405a6,raw/pilot_v2/v6-pilot_v2-humanitarian-telemetry_integrity-private_fragmented-e60911-jensen_shannon-c050-event_triggered/events.jsonl.gz,b871b1b29566e908d28786005e9e5652e0a578ca7bd953e44ddc9a186ff7738f,0.8038671892730158,8,12,4,private_fragmented,0.0,1,0,1640,8,22.8079858644583,0,telemetry_integrity,v6-pilot_v2-humanitarian-telemetry_integrity-private_fragmented-e60911-jensen_shannon-c050-event_triggered,humanitarian_telemetry_integrity_family_3,3.9645283550210646,4,24816,0.50230464156715,264,event_triggered,pilot_v2,complete,fd1fdc8ec20b3d204aaf00bc52d1c974546f32abe9e2ba6a4d44ebfb09549005,humanitarian_v6_topology_3,26456,272,0.3624678659834899
5,9,14,12,humanitarian,10,6,humanitarian|telemetry_integrity|private_fragmented|60911,True,jensen_tsallis_q_0_5,0.5,60911,5,1,4,788,0645eb687b6d9c673cf85d90cf9a7a4c2da452b05ef9b6213df81d76815c2ffa,raw/pilot_v2/v6-pilot_v2-humanitarian-telemetry_integrity-private_fragmented-e60911-jensen_tsallis_q_0_5-c050-event_triggered/events.jsonl.gz,466c512178f6dcfb361be80afc8f229063eb3502fece849c05c352abb625138f,0.8038671892730158,8,12,4,private_fragmented,0.0,1,0,1640,8,22.8079858644583,0,telemetry_integrity,v6-pilot_v2-humanitarian-telemetry_integrity-private_fragmented-e60911-jensen_tsallis_q_0_5-c050-event_triggered,humanitarian_telemetry_integrity_family_3,3.9645283550210646,4,24816,0.50230464156715,264,event_triggered,pilot_v2,complete,fd1fdc8ec20b3d204aaf00bc52d1c974546f32abe9e2ba6a4d44ebfb09549005,humanitarian_v6_topology_3,26456,272,0.3614815410110168
5,9,14,12,humanitarian,10,7,humanitarian|telemetry_integrity|private_fragmented|60912,True,action_value_margin,0.5,60912,5,1,4,775,cc768d00b5034b817cf2ba189b26fad454bf86c4234047d96cc939de8de725e3,raw/pilot_v2/v6-pilot_v2-humanitarian-telemetry_integrity-private_fragmented-e60912-action_value_margin-c050-event_triggered/events.jsonl.gz,bb9f5a72759018fba5d9c7f7d0252799158b2470ed535c62b6caabd767b12adb,0.8345267582678616,7,12,4,private_fragmented,0.0,1,0,1640,8,21.22648477165084,0,telemetry_integrity,v6-pilot_v2-humanitarian-telemetry_integrity-private_fragmented-e60912-action_value_margin-c050-event_triggered,humanitarian_telemetry_integrity_family_4,1.9508817233494906,7,23688,0.48219099633364093,252,event_triggered,pilot_v2,complete,423c9e5bc33cf8752a20667d6264dab441b97ff3bb250531625cc5da48e7c586,humanitarian_v6_topology_0,25328,260,0.36028781899949536
5,8,14,12,humanitarian,10,7,humanitarian|telemetry_integrity|private_fragmented|60912,True,combined_generalized_entropic,0.5,60912,5,1,4,780,77af4d2fadd48625be4846484805e5fca345edbbc534110a58e8552b603bbc04,raw/pilot_v2/v6-pilot_v2-humanitarian-telemetry_integrity-private_fragmented-e60912-combined_generalized_entropic-c050-event_triggered/events.jsonl.gz,20f6264e2f5897a1fa3b3f788fe769ac90baf75a6d1088f86028409bd74554ca,0.6875991717928175,7,12,4,private_fragmented,0.0,1,0,1640,8,22.13745180343527,0,telemetry_integrity,v6-pilot_v2-humanitarian-telemetry_integrity-private_fragmented-e60912-combined_generalized_entropic-c050-event_triggered,humanitarian_telemetry_integrity_family_4,1.7581627548819962,7,24064,0.4889911052341064,256,event_triggered,pilot_v2,complete,423c9e5bc33cf8752a20667d6264dab441b97ff3bb250531625cc5da48e7c586,humanitarian_v6_topology_0,25704,264,0.36196588299935684
5,8,14,12,humanitarian,10,7,humanitarian|telemetry_integrity|private_fragmented|60912,True,jensen_shannon,0.5,60912,5,1,4,780,0463e63e3c52deccb35323b2a3a84804fc3e240b01104df394c78928087897b9,raw/pilot_v2/v6-pilot_v2-humanitarian-telemetry_integrity-private_fragmented-e60912-jensen_shannon-c050-event_triggered/events.jsonl.gz,9be8b4153c07acbb0abd92315030aba22def619ed4e42797fd64d42f12cb1c1f,0.7239823353505768,7,12,4,private_fragmented,0.0,1,0,1640,8,22.618477318834838,0,telemetry_integrity,v6-pilot_v2-humanitarian-telemetry_integrity-private_fragmented-e60912-jensen_shannon-c050-event_triggered,humanitarian_telemetry_integrity_family_4,1.8630330978559058,7,24064,0.4889911052341064,256,event_triggered,pilot_v2,complete,423c9e5bc33cf8752a20667d6264dab441b97ff3bb250531625cc5da48e7c586,humanitarian_v6_topology_0,25704,264,0.3521027620299719
5,8,14,12,humanitarian,10,7,humanitarian|telemetry_integrity|private_fragmented|60912,True,jensen_tsallis_q_0_5,0.5,60912,5,1,4,780,49593dd5a2a6896121f48ed63c4e70d0b052b0eb59904236c854bd5e64ecf9c5,raw/pilot_v2/v6-pilot_v2-humanitarian-telemetry_integrity-private_fragmented-e60912-jensen_tsallis_q_0_5-c050-event_triggered/events.jsonl.gz,5acec553d4624d9d73778a4ef0764e6958ae1e333066a704ec1b1de6f2b9964b,0.7239823353505768,7,12,4,private_fragmented,0.0,1,0,1640,8,22.618477318834838,0,telemetry_integrity,v6-pilot_v2-humanitarian-telemetry_integrity-private_fragmented-e60912-jensen_tsallis_q_0_5-c050-event_triggered,humanitarian_telemetry_integrity_family_4,1.8630330978559058,7,24064,0.4889911052341064,256,event_triggered,pilot_v2,complete,423c9e5bc33cf8752a20667d6264dab441b97ff3bb250531625cc5da48e7c586,humanitarian_v6_topology_0,25704,264,0.3457160000107251
5,11,14,12,humanitarian,10,8,humanitarian|telemetry_integrity|private_fragmented|60913,True,action_value_margin,0.5,60913,5,1,4,772,5238c318592a734c896b855189c87470fac2f6cff61cfb2d22fc688ec99f7fc7,raw/pilot_v2/v6-pilot_v2-humanitarian-telemetry_integrity-private_fragmented-e60913-action_value_margin-c050-event_triggered/events.jsonl.gz,82bb988033293bba9b65695cffaedaf40efd78d357c2202446e586f9f5999fca,0.547905245566252,6,12,4,private_fragmented,0.0,1,0,1388,6,21.78466847547197,0,telemetry_integrity,v6-pilot_v2-humanitarian-telemetry_integrity-private_fragmented-e60913-action_value_margin-c050-event_triggered,humanitarian_telemetry_integrity_family_4,2.9464190884394004,7,23876,0.49440306029025505,254,event_triggered,pilot_v2,complete,30fabe6c90d9e214e52827c632b40aec9c302079c79caf733e2b654312f322a7,humanitarian_v6_topology_1,25264,260,0.34953136096009985
5,11,14,12,humanitarian,10,9,humanitarian|telemetry_integrity|private_fragmented|60913,True,combined_generalized_entropic,0.5,60913,5,1,4,773,c37b7c9d1f1c22cd740794ea89d5d1b9aa07a2c990279cf151287ab3186f3f02,raw/pilot_v2/v6-pilot_v2-humanitarian-telemetry_integrity-private_fragmented-e60913-combined_generalized_entropic-c050-event_triggered/events.jsonl.gz,f1fc4e9e8026d749ba7e9b03d5c8ab61c8ad4b8a1bcf9dbc89028c6fd721213f,0.5019747604863993,5,12,4,private_fragmented,0.0,1,0,1640,8,22.065647210161103,0,telemetry_integrity,v6-pilot_v2-humanitarian-telemetry_integrity-private_fragmented-e60913-combined_generalized_entropic-c050-event_triggered,humanitarian_telemetry_integrity_family_4,2.276579965231366,8,23688,0.49110874732478416,252,event_triggered,pilot_v2,complete,30fabe6c90d9e214e52827c632b40aec9c302079c79caf733e2b654312f322a7,humanitarian_v6_topology_1,25328,260,0.3520601539639756
5,9,14,12,humanitarian,10,6,humanitarian|telemetry_integrity|private_fragmented|60913,True,jensen_shannon,0.5,60913,5,1,4,776,fa1d1f40e761f9c0427fa3ab52baa28e3af0ef843754d5dcbd37009ab2f71a07,raw/pilot_v2/v6-pilot_v2-humanitarian-telemetry_integrity-private_fragmented-e60913-jensen_shannon-c050-event_triggered/events.jsonl.gz,21f85d2dd3bda6460706834df019425a312826b1a56e4ce818de6a242195b534,0.7976720427890216,8,12,4,private_fragmented,0.0,1,0,1640,8,22.084450409634552,0,telemetry_integrity,v6-pilot_v2-humanitarian-telemetry_integrity-private_fragmented-e60913-jensen_shannon-c050-event_triggered,humanitarian_telemetry_integrity_family_4,5.010487624139557,5,23876,0.49440306029025505,254,event_triggered,pilot_v2,complete,30fabe6c90d9e214e52827c632b40aec9c302079c79caf733e2b654312f322a7,humanitarian_v6_topology_1,25516,262,0.3611056990339421
5,9,14,12,humanitarian,10,6,humanitarian|telemetry_integrity|private_fragmented|60913,True,jensen_tsallis_q_0_5,0.5,60913,5,1,4,777,aa993781a98cd86ceb49dfd3b2d58c0663d09eab215957ef36867789e5c74963,raw/pilot_v2/v6-pilot_v2-humanitarian-telemetry_integrity-private_fragmented-e60913-jensen_tsallis_q_0_5-c050-event_triggered/events.jsonl.gz,edada36058db028f0ead02e39ea646c239d682cd3bf191b36860d4b53f6b8a03,0.8130289404640112,8,12,4,private_fragmented,0.0,1,0,1640,8,22.065647210161103,0,telemetry_integrity,v6-pilot_v2-humanitarian-telemetry_integrity-private_fragmented-e60913-jensen_tsallis_q_0_5-c050-event_triggered,humanitarian_telemetry_integrity_family_4,4.504842723122964,5,23876,0.49440306029025505,254,event_triggered,pilot_v2,complete,30fabe6c90d9e214e52827c632b40aec9c302079c79caf733e2b654312f322a7,humanitarian_v6_topology_1,25516,262,0.3612362319836393
5,4,14,12,humanitarian,10,4,humanitarian|telemetry_integrity|public_shared|60911,True,action_value_margin,0.5,60911,5,1,4,651,d6e453d4097df3d2ca6e3287305cf0866795af3d6896e0ff37ee56894d48fa28,raw/pilot_v2/v6-pilot_v2-humanitarian-telemetry_integrity-public_shared-e60911-action_value_margin-c050-event_triggered/events.jsonl.gz,974a1cf8bbd912c7f673d8a0de325b4542d1fbc5e15e111803430b0c5857d885,0.8376020464009979,10,12,4,public_shared,0.0,1,0,1640,8,20.690866897472922,0,telemetry_integrity,v6-pilot_v2-humanitarian-telemetry_integrity-public_shared-e60911-action_value_margin-c050-event_triggered,humanitarian_telemetry_integrity_family_3,2.6489441651608274,4,11656,0.24830155050553973,124,event_triggered,pilot_v2,complete,a3765b9ed5506422214d8a9e6f9bc4e7c8eb7f1f5a3eddd42661887714b62dc7,humanitarian_v6_topology_3,13296,132,0.3265274800360203
5,4,14,12,humanitarian,10,4,humanitarian|telemetry_integrity|public_shared|60911,True,combined_generalized_entropic,0.5,60911,5,1,4,651,730c428586e2043e043ce1f02bf1ccb23241ab49575f41b79f1a9b22af0ba980,raw/pilot_v2/v6-pilot_v2-humanitarian-telemetry_integrity-public_shared-e60911-combined_generalized_entropic-c050-event_triggered/events.jsonl.gz,fea05c92b90e2068f5d10d857c7d9ae67f8d92a7f55c8c056899c6d6823af7e9,0.8376020464009979,10,12,4,public_shared,0.0,1,0,1640,8,20.690866897472922,0,telemetry_integrity,v6-pilot_v2-humanitarian-telemetry_integrity-public_shared-e60911-combined_generalized_entropic-c050-event_triggered,humanitarian_telemetry_integrity_family_3,2.6489441651608274,4,11656,0.24830155050553973,124,event_triggered,pilot_v2,complete,a3765b9ed5506422214d8a9e6f9bc4e7c8eb7f1f5a3eddd42661887714b62dc7,humanitarian_v6_topology_3,13296,132,0.3266329320031218
5,4,14,12,humanitarian,10,4,humanitarian|telemetry_integrity|public_shared|60911,True,jensen_shannon,0.5,60911,5,1,4,661,2b0219e058994bf966713739fbed70e62d127f0a9674139369cc5a33b29bc769,raw/pilot_v2/v6-pilot_v2-humanitarian-telemetry_integrity-public_shared-e60911-jensen_shannon-c050-event_triggered/events.jsonl.gz,ac47044b00d1b3e2473d2384f14cbed60c548445eaf0f1fe5764b9b9b92e50cd,0.7696408636847145,10,12,4,public_shared,0.0,1,0,1640,8,21.440047816974047,0,telemetry_integrity,v6-pilot_v2-humanitarian-telemetry_integrity-public_shared-e60911-jensen_shannon-c050-event_triggered,humanitarian_telemetry_integrity_family_3,2.321608194735452,3,12408,0.2655455374968113,132,event_triggered,pilot_v2,complete,a3765b9ed5506422214d8a9e6f9bc4e7c8eb7f1f5a3eddd42661887714b62dc7,humanitarian_v6_topology_3,14048,140,0.32260859897360206
5,4,14,12,humanitarian,10,4,humanitarian|telemetry_integrity|public_shared|60911,True,jensen_tsallis_q_0_5,0.5,60911,5,1,4,661,f4b81873268a87a4ea27b7daf4075ca530e6553c20c83aaec4342d244a5491a0,raw/pilot_v2/v6-pilot_v2-humanitarian-telemetry_integrity-public_shared-e60911-jensen_tsallis_q_0_5-c050-event_triggered/events.jsonl.gz,edfc5ecabda19a06fb7a7c60d2564fdfd97437e9fddcce4c8464b7d79361322f,0.7696408636847145,10,12,4,public_shared,0.0,1,0,1640,8,21.440047816974047,0,telemetry_integrity,v6-pilot_v2-humanitarian-telemetry_integrity-public_shared-e60911-jensen_tsallis_q_0_5-c050-event_triggered,humanitarian_telemetry_integrity_family_3,2.321608194735452,3,12408,0.2655455374968113,132,event_triggered,pilot_v2,complete,a3765b9ed5506422214d8a9e6f9bc4e7c8eb7f1f5a3eddd42661887714b62dc7,humanitarian_v6_topology_3,14048,140,0.3200575429946184
5,8,14,12,humanitarian,10,8,humanitarian|telemetry_integrity|public_shared|60912,True,action_value_margin,0.5,60912,5,1,4,612,889398b31bfcb1638a4cd242768f192a300d407e0a2aece8369a75fdfce79144,raw/pilot_v2/v6-pilot_v2-humanitarian-telemetry_integrity-public_shared-e60912-action_value_margin-c050-event_triggered/events.jsonl.gz,ecc27d11d815de002ae94fc775354e375949c7f0c1323c0a10b31dc13bef720d,0.6788100063443872,6,12,4,public_shared,0.0,1,0,1388,6,20.096957956421342,0,telemetry_integrity,v6-pilot_v2-humanitarian-telemetry_integrity-public_shared-e60912-action_value_margin-c050-event_triggered,humanitarian_telemetry_integrity_family_4,2.6875222599598843,7,8272,0.17145809038431176,88,event_triggered,pilot_v2,complete,d1635a2dc8dc5d7e68b354e9aa915c4541fe73fbf7e437909747d531890504a7,humanitarian_v6_topology_0,9660,94,0.3155386449652724
5,8,14,12,humanitarian,10,8,humanitarian|telemetry_integrity|public_shared|60912,True,combined_generalized_entropic,0.5,60912,5,1,4,612,80928f0f1eef7b0c6a7cce4054bd18baf2cba3e1b835433491bd0de6d3026e18,raw/pilot_v2/v6-pilot_v2-humanitarian-telemetry_integrity-public_shared-e60912-combined_generalized_entropic-c050-event_triggered/events.jsonl.gz,26ec87e6fd170f12cabc9052cf0f9b46da95ec1519cc1acb99850fa581165bd9,0.6788100063443872,6,12,4,public_shared,0.0,1,0,1388,6,20.096957956421342,0,telemetry_integrity,v6-pilot_v2-humanitarian-telemetry_integrity-public_shared-e60912-combined_generalized_entropic-c050-event_triggered,humanitarian_telemetry_integrity_family_4,2.6875222599598843,7,8272,0.17145809038431176,88,event_triggered,pilot_v2,complete,d1635a2dc8dc5d7e68b354e9aa915c4541fe73fbf7e437909747d531890504a7,humanitarian_v6_topology_0,9660,94,0.32310451299417764
5,10,13,12,humanitarian,10,10,humanitarian|telemetry_integrity|public_shared|60912,True,jensen_shannon,0.5,60912,5,1,4,611,9e4a450ca514017af767ef5b45247b5de81ab8ed17ceb9bef2b61de45f3446c4,raw/pilot_v2/v6-pilot_v2-humanitarian-telemetry_integrity-public_shared-e60912-jensen_shannon-c050-event_triggered/events.jsonl.gz,6b4e7147d0e4fd637ad148f749992f4ac2c41c8e4f8de35f8e5b0207244152a9,0.3495008378161162,3,12,4,public_shared,0.0,1,0,1388,6,20.301571093465036,0,telemetry_integrity,v6-pilot_v2-humanitarian-telemetry_integrity-public_shared-e60912-jensen_shannon-c050-event_triggered,humanitarian_telemetry_integrity_family_4,1.712824358704145,8,8836,0.1827224960732811,94,event_triggered,pilot_v2,complete,d1635a2dc8dc5d7e68b354e9aa915c4541fe73fbf7e437909747d531890504a7,humanitarian_v6_topology_0,10224,100,0.3084302400238812
5,10,13,12,humanitarian,10,10,humanitarian|telemetry_integrity|public_shared|60912,True,jensen_tsallis_q_0_5,0.5,60912,5,1,4,611,e9c6e625078e6a3572b1b8d252f3ae02c31b8d4e8bef8b2a0d14ca2db02ef94e,raw/pilot_v2/v6-pilot_v2-humanitarian-telemetry_integrity-public_shared-e60912-jensen_tsallis_q_0_5-c050-event_triggered/events.jsonl.gz,95f3ecf01581d989d86f36228383beb9a149d5c4015b38c9b3d65bdb91b2d4ca,0.3495008378161162,3,12,4,public_shared,0.0,1,0,1388,6,20.301571093465036,0,telemetry_integrity,v6-pilot_v2-humanitarian-telemetry_integrity-public_shared-e60912-jensen_tsallis_q_0_5-c050-event_triggered,humanitarian_telemetry_integrity_family_4,1.712824358704145,8,8836,0.1827224960732811,94,event_triggered,pilot_v2,complete,d1635a2dc8dc5d7e68b354e9aa915c4541fe73fbf7e437909747d531890504a7,humanitarian_v6_topology_0,10224,100,0.30374398798448965
5,7,14,12,humanitarian,10,7,humanitarian|telemetry_integrity|public_shared|60913,True,action_value_margin,0.5,60913,5,1,4,701,b167d87f3aa6f5536f6c26f92d52473c2d0672a44f5c8e50e6a623b0c4d6827a,raw/pilot_v2/v6-pilot_v2-humanitarian-telemetry_integrity-public_shared-e60913-action_value_margin-c050-event_triggered/events.jsonl.gz,166283806f9cd8d0504a94fd96380db551e3e7540b9fb1a6d200b53c382b2015,0.5745016498614492,7,12,4,public_shared,0.0,1,0,1136,4,21.331054603751767,0,telemetry_integrity,v6-pilot_v2-humanitarian-telemetry_integrity-public_shared-e60913-action_value_margin-c050-event_triggered,humanitarian_telemetry_integrity_family_4,2.066989397453943,6,16732,0.3359946868920224,178,event_triggered,pilot_v2,complete,f758ff6438e3cc48602e4bec8c326d18ff1193604777d7e57789fb75e32542c9,humanitarian_v6_topology_1,17868,182,0.32203181099612266
5,8,13,12,humanitarian,10,8,humanitarian|telemetry_integrity|public_shared|60913,True,combined_generalized_entropic,0.5,60913,5,1,4,693,325339e171afe3f4f269685004bce5eff3ea5bd847deea7f28c17cfe93665eef,raw/pilot_v2/v6-pilot_v2-humanitarian-telemetry_integrity-public_shared-e60913-combined_generalized_entropic-c050-event_triggered/events.jsonl.gz,3ed27dd43b49b10e2aedb2781c99efa4eddb5b9262cfe49bff1004335c6744ff,0.5575089524024252,5,12,4,public_shared,0.0,1,0,1136,4,21.658548094705644,0,telemetry_integrity,v6-pilot_v2-humanitarian-telemetry_integrity-public_shared-e60913-combined_generalized_entropic-c050-event_triggered,humanitarian_telemetry_integrity_family_4,2.0085439995459606,5,16544,0.33242265628661316,176,event_triggered,pilot_v2,complete,f758ff6438e3cc48602e4bec8c326d18ff1193604777d7e57789fb75e32542c9,humanitarian_v6_topology_1,17680,180,0.33708315598778427
5,8,14,12,humanitarian,10,8,humanitarian|telemetry_integrity|public_shared|60913,True,jensen_shannon,0.5,60913,5,1,4,696,3dc9c9a6b8e93ca22883d53815c7c1f241ab3d0e244cf87e800650bd4706cef8,raw/pilot_v2/v6-pilot_v2-humanitarian-telemetry_integrity-public_shared-e60913-jensen_shannon-c050-event_triggered/events.jsonl.gz,c66035d34041cc98aa43845087ef980fab609941d75481d9bfc84de0151ff6b1,0.5564808921714022,6,12,4,public_shared,0.0,1,0,1136,4,21.787147220903318,0,telemetry_integrity,v6-pilot_v2-humanitarian-telemetry_integrity-public_shared-e60913-jensen_shannon-c050-event_triggered,humanitarian_telemetry_integrity_family_4,2.5612800253637205,6,16356,0.3285675307187688,174,event_triggered,pilot_v2,complete,f758ff6438e3cc48602e4bec8c326d18ff1193604777d7e57789fb75e32542c9,humanitarian_v6_topology_1,17492,178,0.33769508701516315
5,8,14,12,humanitarian,10,8,humanitarian|telemetry_integrity|public_shared|60913,True,jensen_tsallis_q_0_5,0.5,60913,5,1,4,696,5be34ebf3938f4e11b34372ccb5644e6f45a9d0fdcdd53b0dd6fb19368dd2698,raw/pilot_v2/v6-pilot_v2-humanitarian-telemetry_integrity-public_shared-e60913-jensen_tsallis_q_0_5-c050-event_triggered/events.jsonl.gz,52e31e191b8f17aac3e0a4f67d946fd8e48b6563125c00ab6e8e7b4a3747be02,0.5564808921714022,6,12,4,public_shared,0.0,1,0,1136,4,21.787147220903318,0,telemetry_integrity,v6-pilot_v2-humanitarian-telemetry_integrity-public_shared-e60913-jensen_tsallis_q_0_5-c050-event_triggered,humanitarian_telemetry_integrity_family_4,2.5612800253637205,6,16356,0.3285675307187688,174,event_triggered,pilot_v2,complete,f758ff6438e3cc48602e4bec8c326d18ff1193604777d7e57789fb75e32542c9,humanitarian_v6_topology_1,17492,178,0.33783593599218875
5,3,14,12,utility_restoration,10,2,utility_restoration|compound|private_fragmented|60911,True,action_value_margin,0.5,60911,5,1,4,756,4ea2ef3f254fafb27ecd531a5aa352a17a9eefb10eb95d0ba6188d1c12434e79,raw/pilot_v2/v6-pilot_v2-utility_restoration-compound-private_fragmented-e60911-action_value_margin-c050-event_triggered/events.jsonl.gz,b0c265ebbc76133757c7e427f6fcc59c30183d2b4e3d73d91fa65d3392ef2fda,1.7271764545342037,12,12,4,private_fragmented,0.0,1,0,1766,9,21.771537523243776,0,compound,v6-pilot_v2-utility_restoration-compound-private_fragmented-e60911-action_value_margin-c050-event_triggered,utility_restoration_compound_family_3,7.495493976767875,2,21244,0.44221864085215856,226,event_triggered,pilot_v2,complete,dc9b11469063cb361acff5293c3d5db5b2069618ff4be4b4c4cc7a6dcf4d6135,utility_restoration_v6_topology_3,23010,235,0.3462425430188887
5,5,14,12,utility_restoration,10,3,utility_restoration|compound|private_fragmented|60911,True,combined_generalized_entropic,0.5,60911,5,1,4,752,e39ebb26a88fce4c2caaf8b8b1ee3402e6c73f7a240f949ea63e2f2ca2c42fe3,raw/pilot_v2/v6-pilot_v2-utility_restoration-compound-private_fragmented-e60911-combined_generalized_entropic-c050-event_triggered/events.jsonl.gz,62908dedd0566f97381f5edcfea74d9abceb0f34e118f1236880b41b02f5f1ed,1.6994923954937111,11,12,4,private_fragmented,0.0,1,0,1514,7,22.15588118601163,0,compound,v6-pilot_v2-utility_restoration-compound-private_fragmented-e60911-combined_generalized_entropic-c050-event_triggered,utility_restoration_compound_family_3,7.41723481855959,3,21244,0.44221864085215856,226,event_triggered,pilot_v2,complete,dc9b11469063cb361acff5293c3d5db5b2069618ff4be4b4c4cc7a6dcf4d6135,utility_restoration_v6_topology_3,22758,233,0.3561267040204257
5,5,14,12,utility_restoration,10,3,utility_restoration|compound|private_fragmented|60911,True,jensen_shannon,0.5,60911,5,1,4,754,f382c8ca2b8744fa91f7d56bd132e629e436b3c96e35abd4c0cf0b0f07a29d04,raw/pilot_v2/v6-pilot_v2-utility_restoration-compound-private_fragmented-e60911-jensen_shannon-c050-event_triggered/events.jsonl.gz,81c1815c375a3791d3e010ef43e09397a65151690f25935ccb1c5ebad915056f,1.7143417171760849,11,12,4,private_fragmented,0.0,1,0,1388,6,22.22613070046254,0,compound,v6-pilot_v2-utility_restoration-compound-private_fragmented-e60911-jensen_shannon-c050-event_triggered,utility_restoration_compound_family_3,7.522705604335799,3,21432,0.44618650134858623,228,event_triggered,pilot_v2,complete,dc9b11469063cb361acff5293c3d5db5b2069618ff4be4b4c4cc7a6dcf4d6135,utility_restoration_v6_topology_3,22820,234,0.342405779985711
5,5,14,12,utility_restoration,10,3,utility_restoration|compound|private_fragmented|60911,True,jensen_tsallis_q_0_5,0.5,60911,5,1,4,754,5f4c16c1830e03d12a66e9df2e5832c00468c587f0aeec983b2ff7d6f9e66cf7,raw/pilot_v2/v6-pilot_v2-utility_restoration-compound-private_fragmented-e60911-jensen_tsallis_q_0_5-c050-event_triggered/events.jsonl.gz,7823809d4e6a9caf36b8919bca6bf8c144d315b90216bde13ba8df7638d7e827,1.7143417171760849,11,12,4,private_fragmented,0.0,1,0,1388,6,22.22613070046254,0,compound,v6-pilot_v2-utility_restoration-compound-private_fragmented-e60911-jensen_tsallis_q_0_5-c050-event_triggered,utility_restoration_compound_family_3,7.522705604335799,3,21432,0.44618650134858623,228,event_triggered,pilot_v2,complete,dc9b11469063cb361acff5293c3d5db5b2069618ff4be4b4c4cc7a6dcf4d6135,utility_restoration_v6_topology_3,22820,234,0.3419720780220814
5,6,14,12,utility_restoration,10,5,utility_restoration|compound|private_fragmented|60912,True,action_value_margin,0.5,60912,5,1,4,740,2da49ee11a2a54cdfd1779dbbc8294ba28cd63f42b21e4c543c54430e994a737,raw/pilot_v2/v6-pilot_v2-utility_restoration-compound-private_fragmented-e60912-action_value_margin-c050-event_triggered/events.jsonl.gz,c4c752e7d0e68c7985afe3193bf17ef2bf0fda8aaa2f1a4a5668b90ac1708855,1.0856124081731329,9,12,4,private_fragmented,0.0,1,0,1640,8,22.087366893724052,0,compound,v6-pilot_v2-utility_restoration-compound-private_fragmented-e60912-action_value_margin-c050-event_triggered,utility_restoration_compound_family_4,3.4496857033748918,4,20304,0.416188639673582,216,event_triggered,pilot_v2,complete,47896be2d8c20e3d5e3fb4f2e143014d0f95c8d95deeeec2def7cb68dddb506a,utility_restoration_v6_topology_0,21944,224,0.35678400698816404
5,7,14,12,utility_restoration,10,5,utility_restoration|compound|private_fragmented|60912,True,combined_generalized_entropic,0.5,60912,5,1,4,741,7ac2d043c83f1bee87a913d723f516b14d6e80a1abe749d285a83f2c6f40510c,raw/pilot_v2/v6-pilot_v2-utility_restoration-compound-private_fragmented-e60912-combined_generalized_entropic-c050-event_triggered/events.jsonl.gz,44a5af322145036f5e0c50bac2f4bc037e829d4a676f5986bbf996897e397692,1.1917051942173993,9,12,4,private_fragmented,0.0,1,0,1514,7,22.52303689173381,0,compound,v6-pilot_v2-utility_restoration-compound-private_fragmented-e60912-combined_generalized_entropic-c050-event_triggered,utility_restoration_compound_family_4,3.519697585626605,4,20304,0.416188639673582,216,event_triggered,pilot_v2,complete,47896be2d8c20e3d5e3fb4f2e143014d0f95c8d95deeeec2def7cb68dddb506a,utility_restoration_v6_topology_0,21818,223,0.3454536810168065
5,5,14,12,utility_restoration,10,3,utility_restoration|compound|private_fragmented|60912,True,jensen_shannon,0.5,60912,5,1,4,742,12e2cc8814765f8a835efed4b124cbfd83a1aedeff9e7426d54e1b6328e7e0de,raw/pilot_v2/v6-pilot_v2-utility_restoration-compound-private_fragmented-e60912-jensen_shannon-c050-event_triggered/events.jsonl.gz,f00182fc0236a29211ff1cad7f7d28feadf8f2756c5e609e0ca4e063850e9822,1.2066123491396117,11,12,4,private_fragmented,0.0,1,0,1766,9,22.69318400389676,0,compound,v6-pilot_v2-utility_restoration-compound-private_fragmented-e60912-jensen_shannon-c050-event_triggered,utility_restoration_compound_family_4,3.795376733548908,2,20210,0.4145544844830001,215,event_triggered,pilot_v2,complete,47896be2d8c20e3d5e3fb4f2e143014d0f95c8d95deeeec2def7cb68dddb506a,utility_restoration_v6_topology_0,21976,224,0.3411010240088217
5,6,14,12,utility_restoration,10,4,utility_restoration|compound|private_fragmented|60912,True,jensen_tsallis_q_0_5,0.5,60912,5,1,4,741,ec6d38ae21c5c03b5e9f11e2af1f7ed26fde3cc879111531a4a3a3c47d264652,raw/pilot_v2/v6-pilot_v2-utility_restoration-compound-private_fragmented-e60912-jensen_tsallis_q_0_5-c050-event_triggered/events.jsonl.gz,cf1e66018229b9e1670db66a67eb0b28ae095fd47b687d16ab84235b0596d4ff,1.1634336408214918,10,12,4,private_fragmented,0.0,1,0,1766,9,22.712446827273403,0,compound,v6-pilot_v2-utility_restoration-compound-private_fragmented-e60912-jensen_tsallis_q_0_5-c050-event_triggered,utility_restoration_compound_family_4,3.5501855284610917,3,20210,0.4145544844830001,215,event_triggered,pilot_v2,complete,47896be2d8c20e3d5e3fb4f2e143014d0f95c8d95deeeec2def7cb68dddb506a,utility_restoration_v6_topology_0,21976,224,0.35003847297048196
5,9,14,12,utility_restoration,10,3,utility_restoration|compound|private_fragmented|60913,True,action_value_margin,0.5,60913,5,1,4,737,b6f99f0ba31d7230c8abe5199d7a2a2aa232f58aed904f7366aa1320c859afe4,raw/pilot_v2/v6-pilot_v2-utility_restoration-compound-private_fragmented-e60913-action_value_margin-c050-event_triggered/events.jsonl.gz,4e2934bb3667e96580ecc732a031c82d1203261b5291f4efa668075045ff8975,1.4668970758476387,11,12,4,private_fragmented,0.0,1,0,1640,8,21.40073425475003,0,compound,v6-pilot_v2-utility_restoration-compound-private_fragmented-e60913-action_value_margin-c050-event_triggered,utility_restoration_compound_family_4,7.781153915182593,3,20210,0.44004168943994926,215,event_triggered,pilot_v2,complete,3e1d10d8cdd10757e01c945dda8195209668a0a39e45fb0f4f0be6563935a91c,utility_restoration_v6_topology_1,21850,223,0.34202427900163457
5,8,14,12,utility_restoration,10,3,utility_restoration|compound|private_fragmented|60913,True,combined_generalized_entropic,0.5,60913,5,1,4,736,5c2e44d9e99b8554f332fadfb29c0ce7fcb8832f596c94effdd3a642f492c822,raw/pilot_v2/v6-pilot_v2-utility_restoration-compound-private_fragmented-e60913-combined_generalized_entropic-c050-event_triggered/events.jsonl.gz,e8d9871a184d01b990fa4bc3b9f64264a84ec88b9af41dbfef93ddf25679d96a,1.4793275798767036,11,12,4,private_fragmented,0.0,1,0,1388,6,21.92987012521727,0,compound,v6-pilot_v2-utility_restoration-compound-private_fragmented-e60913-combined_generalized_entropic-c050-event_triggered,utility_restoration_compound_family_4,7.450821523077279,3,20210,0.44004168943994926,215,event_triggered,pilot_v2,complete,3e1d10d8cdd10757e01c945dda8195209668a0a39e45fb0f4f0be6563935a91c,utility_restoration_v6_topology_1,21598,221,0.34561926999595016
5,6,14,12,utility_restoration,10,2,utility_restoration|compound|private_fragmented|60913,True,jensen_shannon,0.5,60913,5,1,4,742,0b0b3c98f4e7bfd75cfb743ca8d83edb0921f3ad72059368cca6f87cd644b22c,raw/pilot_v2/v6-pilot_v2-utility_restoration-compound-private_fragmented-e60913-jensen_shannon-c050-event_triggered/events.jsonl.gz,52310faf9caa645e9e43305cdcd84593aa7c0983dd99350bea3a64fbd785f7b7,1.621069704767335,12,12,4,private_fragmented,0.0,1,0,1892,10,22.133297073855026,0,compound,v6-pilot_v2-utility_restoration-compound-private_fragmented-e60913-jensen_shannon-c050-event_triggered,utility_restoration_compound_family_4,8.302000580148723,2,20210,0.44004168943994926,215,event_triggered,pilot_v2,complete,3e1d10d8cdd10757e01c945dda8195209668a0a39e45fb0f4f0be6563935a91c,utility_restoration_v6_topology_1,22102,225,0.3525413940078579
5,6,14,12,utility_restoration,10,3,utility_restoration|compound|private_fragmented|60913,True,jensen_tsallis_q_0_5,0.5,60913,5,1,4,742,2abd345b234a222210875e0f1267d4e426ebc08df88c0b93a4f94e95240085da,raw/pilot_v2/v6-pilot_v2-utility_restoration-compound-private_fragmented-e60913-jensen_tsallis_q_0_5-c050-event_triggered/events.jsonl.gz,c5681c618c1f61674cdb4ae98465b685d0da888dc252a6e086ef1c6ce30d515d,1.349800692905848,11,12,4,private_fragmented,0.0,1,0,1892,10,22.094645970123516,0,compound,v6-pilot_v2-utility_restoration-compound-private_fragmented-e60913-jensen_tsallis_q_0_5-c050-event_triggered,utility_restoration_compound_family_4,7.1720610795807795,3,20210,0.44004168943994926,215,event_triggered,pilot_v2,complete,3e1d10d8cdd10757e01c945dda8195209668a0a39e45fb0f4f0be6563935a91c,utility_restoration_v6_topology_1,22102,225,0.3443396750371903
5,4,14,12,utility_restoration,10,3,utility_restoration|compound|public_shared|60911,True,action_value_margin,0.5,60911,5,1,4,622,d9bc961914bf5e8c311ac08768ec1d59c205e0da1d793ba961148e739bb94c89,raw/pilot_v2/v6-pilot_v2-utility_restoration-compound-public_shared-e60911-action_value_margin-c050-event_triggered/events.jsonl.gz,ad082110f8645ea2a2278d562aeed2a9f84b727c0ed3df864736ceed86cdcc27,1.2247521319470351,11,12,4,public_shared,0.0,1,0,1640,8,20.53416000048903,0,compound,v6-pilot_v2-utility_restoration-compound-public_shared-e60911-action_value_margin-c050-event_triggered,utility_restoration_compound_family_3,5.16990935810586,3,8836,0.18627506877197755,94,event_triggered,pilot_v2,complete,219018969b299d99d95b4056fe8a37806a1a9147b631b068b1ae1d572a86f813,utility_restoration_v6_topology_3,10476,102,0.3154268710059114
5,5,14,12,utility_restoration,10,4,utility_restoration|compound|public_shared|60911,True,combined_generalized_entropic,0.5,60911,5,1,4,619,f1dfe883712a77b7db4ef3610fb40680f3c3c3e85d0956f8b7f4b5959f7413c4,raw/pilot_v2/v6-pilot_v2-utility_restoration-compound-public_shared-e60911-combined_generalized_entropic-c050-event_triggered/events.jsonl.gz,3bf3461e1c107e68b857acdf1ed36006b949208ea4dceb58918ec1fda4fe924f,1.0603358956785147,10,12,4,public_shared,0.0,1,0,1640,8,20.515019710521997,0,compound,v6-pilot_v2-utility_restoration-compound-public_shared-e60911-combined_generalized_entropic-c050-event_triggered,utility_restoration_compound_family_3,4.985506899409125,4,8648,0.18197835871002907,92,event_triggered,pilot_v2,complete,219018969b299d99d95b4056fe8a37806a1a9147b631b068b1ae1d572a86f813,utility_restoration_v6_topology_3,10288,100,0.3231023990083486
5,6,14,12,utility_restoration,10,6,utility_restoration|compound|public_shared|60911,True,jensen_shannon,0.5,60911,5,1,4,624,f194e60fb89c5ef784f9ec3677012acb675b214e1dcd52ec6741dc238f7615b0,raw/pilot_v2/v6-pilot_v2-utility_restoration-compound-public_shared-e60911-jensen_shannon-c050-event_triggered/events.jsonl.gz,ea56675084ce0e62d6a5f02f34ce4840e05bcd1ad0caef5d62d2802f1e42b649,0.9131119801386789,8,12,4,public_shared,0.0,1,0,1640,8,20.662737935174455,0,compound,v6-pilot_v2-utility_restoration-compound-public_shared-e60911-jensen_shannon-c050-event_triggered,utility_restoration_compound_family_3,4.4618137836235015,5,9212,0.19367886285442218,98,event_triggered,pilot_v2,complete,219018969b299d99d95b4056fe8a37806a1a9147b631b068b1ae1d572a86f813,utility_restoration_v6_topology_3,10852,106,0.31043009203858674
5,6,14,12,utility_restoration,10,6,utility_restoration|compound|public_shared|60911,True,jensen_tsallis_q_0_5,0.5,60911,5,1,4,624,f839474c396e7eb38f3bd1b215b3e1cbdc8fad0f9d9cc979f7f31c9f9240f5ad,raw/pilot_v2/v6-pilot_v2-utility_restoration-compound-public_shared-e60911-jensen_tsallis_q_0_5-c050-event_triggered/events.jsonl.gz,8e4ffd437659808720b45b63e90ed3b4539ceb6ebcd77f57467cf5aec265fef8,0.9131119801386789,8,12,4,public_shared,0.0,1,0,1640,8,20.662737935174455,0,compound,v6-pilot_v2-utility_restoration-compound-public_shared-e60911-jensen_tsallis_q_0_5-c050-event_triggered,utility_restoration_compound_family_3,4.4618137836235015,5,9212,0.19367886285442218,98,event_triggered,pilot_v2,complete,219018969b299d99d95b4056fe8a37806a1a9147b631b068b1ae1d572a86f813,utility_restoration_v6_topology_3,10852,106,0.3131128050154075
5,3,12,12,utility_restoration,10,3,utility_restoration|compound|public_shared|60912,True,action_value_margin,0.5,60912,5,1,4,639,fda6faaa5dd7782103d94771b43d2855e638ead16b5c3dff1d7d73077c8b2f18,raw/pilot_v2/v6-pilot_v2-utility_restoration-compound-public_shared-e60912-action_value_margin-c050-event_triggered/events.jsonl.gz,7f294e9d56464d81f546e83980c043a7aefa7de19701fe71e1dd2e792de1c981,1.0752411736035765,9,12,4,public_shared,0.0,1,0,1388,6,21.29839704530062,0,compound,v6-pilot_v2-utility_restoration-compound-public_shared-e60912-action_value_margin-c050-event_triggered,utility_restoration_compound_family_4,4.284275890516745,3,11280,0.2443234297736599,120,event_triggered,pilot_v2,complete,ce20e544f9302020eeb1cf382e6f47bea3fd54bab0479425acc7d12719407959,utility_restoration_v6_topology_0,12668,126,0.33060000801924616
5,3,12,12,utility_restoration,10,3,utility_restoration|compound|public_shared|60912,True,combined_generalized_entropic,0.5,60912,5,1,4,635,f37bc9d92221573272c4c015cf390e3d1ad97c8a549880add17cd66ec04591b6,raw/pilot_v2/v6-pilot_v2-utility_restoration-compound-public_shared-e60912-combined_generalized_entropic-c050-event_triggered/events.jsonl.gz,6525f27b033c0058306ee2b2aeaedbf84004570277f419c0222130353b3a3a9c,1.0912827045014177,9,12,4,public_shared,0.0,1,0,1388,6,21.29839704530062,0,compound,v6-pilot_v2-utility_restoration-compound-public_shared-e60912-combined_generalized_entropic-c050-event_triggered,utility_restoration_compound_family_4,4.343768341351294,3,10904,0.23570553346877438,116,event_triggered,pilot_v2,complete,ce20e544f9302020eeb1cf382e6f47bea3fd54bab0479425acc7d12719407959,utility_restoration_v6_topology_0,12292,122,0.31243093800731003
5,5,14,12,utility_restoration,10,4,utility_restoration|compound|public_shared|60912,True,jensen_shannon,0.5,60912,5,1,4,644,6c3c932de0e28806dfd89940d58e425304432a63f674902829990e97f32a2f76,raw/pilot_v2/v6-pilot_v2-utility_restoration-compound-public_shared-e60912-jensen_shannon-c050-event_triggered/events.jsonl.gz,9d5fafbedcd7325c28f550f0248e0258fd3f08b188a9852f5d84508669ca43ba,1.1610366994453512,10,12,4,public_shared,0.0,1,0,1388,6,21.555636475518238,0,compound,v6-pilot_v2-utility_restoration-compound-public_shared-e60912-jensen_shannon-c050-event_triggered,utility_restoration_compound_family_4,4.213286050773498,4,10998,0.23718018963463702,117,event_triggered,pilot_v2,complete,ce20e544f9302020eeb1cf382e6f47bea3fd54bab0479425acc7d12719407959,utility_restoration_v6_topology_0,12386,123,0.31180533597944304
5,3,13,12,utility_restoration,10,3,utility_restoration|compound|public_shared|60912,True,jensen_tsallis_q_0_5,0.5,60912,5,1,4,644,9c572e21c2a01b43912c0090cc3636726686c7a2bedaca528594d05711fa39d8,raw/pilot_v2/v6-pilot_v2-utility_restoration-compound-public_shared-e60912-jensen_tsallis_q_0_5-c050-event_triggered/events.jsonl.gz,fff540d8393a6059f865667a147e6177d07c06f52b7a1d987143f39349cab3bf,1.4557936301183638,10,12,4,public_shared,0.0,1,0,1640,8,21.538641305074425,0,compound,v6-pilot_v2-utility_restoration-compound-public_shared-e60912-jensen_tsallis_q_0_5-c050-event_triggered,utility_restoration_compound_family_4,5.509172845602427,3,11092,0.23934765903324007,118,event_triggered,pilot_v2,complete,ce20e544f9302020eeb1cf382e6f47bea3fd54bab0479425acc7d12719407959,utility_restoration_v6_topology_0,12732,126,0.31175818102201447
5,9,13,12,utility_restoration,10,9,utility_restoration|compound|public_shared|60913,True,action_value_margin,0.5,60913,5,1,4,630,e45a99eb259423c4035bd550a9d3564127caf71bd54f2ad645cbad25c568e8d5,raw/pilot_v2/v6-pilot_v2-utility_restoration-compound-public_shared-e60913-action_value_margin-c050-event_triggered/events.jsonl.gz,d27639fc437a9e15ff5b10876506ed72c105c93016f24818d1f1eb7eba213667,0.6291557220242345,4,12,4,public_shared,0.0,1,0,1892,10,20.18418217901779,0,compound,v6-pilot_v2-utility_restoration-compound-public_shared-e60913-action_value_margin-c050-event_triggered,utility_restoration_compound_family_4,1.9633093639613963,9,10340,0.22017381058322133,110,event_triggered,pilot_v2,complete,81afac1e9b8ac659e76f46a8b2c2b668bb53ae416b5bc0399275823861ccf7eb,utility_restoration_v6_topology_1,12232,120,0.32026144303381443
5,8,13,12,utility_restoration,10,8,utility_restoration|compound|public_shared|60913,True,combined_generalized_entropic,0.5,60913,5,1,4,633,30651a06ea27a92464431b329a7faa7459132b21021911b4628620d7fbde3ce1,raw/pilot_v2/v6-pilot_v2-utility_restoration-compound-public_shared-e60913-combined_generalized_entropic-c050-event_triggered/events.jsonl.gz,0558780cb16406d63e075908177d525ef22bf3e871fdd6544ae911274015fbaf,1.00044628076689,5,12,4,public_shared,0.0,1,0,2144,12,20.202722412572996,0,compound,v6-pilot_v2-utility_restoration-compound-public_shared-e60913-combined_generalized_entropic-c050-event_triggered,utility_restoration_compound_family_4,3.0272277331487554,8,10340,0.22017381058322133,110,event_triggered,pilot_v2,complete,81afac1e9b8ac659e76f46a8b2c2b668bb53ae416b5bc0399275823861ccf7eb,utility_restoration_v6_topology_1,12484,122,0.31507795298239216
5,11,13,12,utility_restoration,10,11,utility_restoration|compound|public_shared|60913,True,jensen_shannon,0.5,60913,5,1,4,624,ad5fc752a18c7ac2af2c76ffd1e7fc97147c655d8fc809b3b0c4b460b888f36b,raw/pilot_v2/v6-pilot_v2-utility_restoration-compound-public_shared-e60913-jensen_shannon-c050-event_triggered/events.jsonl.gz,1baf16bd638a98ca54139b9ff3d96f02198f8b2e0feb1e3328f42f921214a4e6,0.4798477502747631,2,12,4,public_shared,0.0,1,0,1388,6,20.2481260765191,0,compound,v6-pilot_v2-utility_restoration-compound-public_shared-e60913-jensen_shannon-c050-event_triggered,utility_restoration_compound_family_4,1.9015071667640442,11,10340,0.22017381058322133,110,event_triggered,pilot_v2,complete,81afac1e9b8ac659e76f46a8b2c2b668bb53ae416b5bc0399275823861ccf7eb,utility_restoration_v6_topology_1,11728,116,0.3137041770387441
5,10,13,12,utility_restoration,10,10,utility_restoration|compound|public_shared|60913,True,jensen_tsallis_q_0_5,0.5,60913,5,1,4,625,24f65d5c1888b521652a652c4c2b203b9afdd5314d30602ccb354b21a92b859f,raw/pilot_v2/v6-pilot_v2-utility_restoration-compound-public_shared-e60913-jensen_tsallis_q_0_5-c050-event_triggered/events.jsonl.gz,4e10d509bb05b332711bb156fa1e97d6d7f9fd506485f1f210c1bd0c7b33011a,0.488389225444337,3,12,4,public_shared,0.0,1,0,1514,7,20.247511841224966,0,compound,v6-pilot_v2-utility_restoration-compound-public_shared-e60913-jensen_tsallis_q_0_5-c050-event_triggered,utility_restoration_compound_family_4,2.01815731031214,10,10340,0.22017381058322133,110,event_triggered,pilot_v2,complete,81afac1e9b8ac659e76f46a8b2c2b668bb53ae416b5bc0399275823861ccf7eb,utility_restoration_v6_topology_1,11854,117,0.32070826803101227
5,5,14,12,utility_restoration,10,3,utility_restoration|partition|private_fragmented|60911,True,action_value_margin,0.5,60911,5,1,4,630,98c85aa966a3010ac5a8b596b996afe803a876461c1825e9c887680ab884b5f1,raw/pilot_v2/v6-pilot_v2-utility_restoration-partition-private_fragmented-e60911-action_value_margin-c050-event_triggered/events.jsonl.gz,9be0f58faf796ca7b6aab76cd966064b7be9e5d1dea0811ec32d91ad4e48bdf8,1.0122328972666046,11,12,4,private_fragmented,0.0,1,0,1514,7,21.277333598904566,0,partition,v6-pilot_v2-utility_restoration-partition-private_fragmented-e60911-action_value_margin-c050-event_triggered,utility_restoration_partition_family_3,2.9676519947070226,2,10340,0.20952552896115978,110,event_triggered,pilot_v2,complete,3653b1e1fb6201c42834964ca3bb4e1bf96d0da0e58cd22a6e285ade5ca0307c,utility_restoration_v6_topology_3,11854,117,0.3113273259950802
5,5,14,12,utility_restoration,10,4,utility_restoration|partition|private_fragmented|60911,True,combined_generalized_entropic,0.5,60911,5,1,4,628,d70859769081518cc99be8a11e86faebdf9795f0b3780228aaaac2b59ba14c94,raw/pilot_v2/v6-pilot_v2-utility_restoration-partition-private_fragmented-e60911-combined_generalized_entropic-c050-event_triggered/events.jsonl.gz,2cfea28efe0bd93151a08e8382c388199a5d0680e8b7d72379c084f2131b0885,0.762727827479927,10,12,4,private_fragmented,0.0,1,0,1640,8,21.684591709613155,0,partition,v6-pilot_v2-utility_restoration-partition-private_fragmented-e60911-combined_generalized_entropic-c050-event_triggered,utility_restoration_partition_family_3,2.2332509640105824,3,10340,0.20952552896115978,110,event_triggered,pilot_v2,complete,3653b1e1fb6201c42834964ca3bb4e1bf96d0da0e58cd22a6e285ade5ca0307c,utility_restoration_v6_topology_3,11980,118,0.32244967203587294
5,3,14,12,utility_restoration,10,3,utility_restoration|partition|private_fragmented|60911,True,jensen_shannon,0.5,60911,5,1,4,628,b274a1fba7f1d2499ddcfecc9980aa0234ef10336190ce8e79ed10b9af3f8bf7,raw/pilot_v2/v6-pilot_v2-utility_restoration-partition-private_fragmented-e60911-jensen_shannon-c050-event_triggered/events.jsonl.gz,b1171f05949e227e4c204f7d604d77e75bf2ef746d4673edf137f95cd1c4a010,0.8313015135239503,11,12,4,private_fragmented,0.0,1,0,1514,7,21.927242351666514,0,partition,v6-pilot_v2-utility_restoration-partition-private_fragmented-e60911-jensen_shannon-c050-event_triggered,utility_restoration_partition_family_3,2.333510220794236,2,10152,0.20557938770353573,108,event_triggered,pilot_v2,complete,3653b1e1fb6201c42834964ca3bb4e1bf96d0da0e58cd22a6e285ade5ca0307c,utility_restoration_v6_topology_3,11666,115,0.31118612503632903
5,3,14,12,utility_restoration,10,3,utility_restoration|partition|private_fragmented|60911,True,jensen_tsallis_q_0_5,0.5,60911,5,1,4,628,28609e2d1c293db8db0d846a20c75fef14593b33a21423fb3dd2e99404104374,raw/pilot_v2/v6-pilot_v2-utility_restoration-partition-private_fragmented-e60911-jensen_tsallis_q_0_5-c050-event_triggered/events.jsonl.gz,df84df7517b9886d9fac6311fca5ba8efd70447dbae3c2f9933defb3a2969492,0.8313015135239503,11,12,4,private_fragmented,0.0,1,0,1514,7,21.927242351666514,0,partition,v6-pilot_v2-utility_restoration-partition-private_fragmented-e60911-jensen_tsallis_q_0_5-c050-event_triggered,utility_restoration_partition_family_3,2.333510220794236,2,10152,0.20557938770353573,108,event_triggered,pilot_v2,complete,3653b1e1fb6201c42834964ca3bb4e1bf96d0da0e58cd22a6e285ade5ca0307c,utility_restoration_v6_topology_3,11666,115,0.3139562379801646
5,11,14,12,utility_restoration,10,10,utility_restoration|partition|private_fragmented|60912,True,action_value_margin,0.5,60912,5,1,4,633,905a79a14b851fc01c9073c8b23d7b627ebfa1600388706d8ac86753b50dd9dc,raw/pilot_v2/v6-pilot_v2-utility_restoration-partition-private_fragmented-e60912-action_value_margin-c050-event_triggered/events.jsonl.gz,f3523b918e14ec2aad3fc9330a943c8f208f7b0015fe4b37dd594ca0f5a6a3fa,0.4283367226979902,4,12,4,private_fragmented,0.0,1,0,1388,6,20.769847466411612,0,partition,v6-pilot_v2-utility_restoration-partition-private_fragmented-e60912-action_value_margin-c050-event_triggered,utility_restoration_partition_family_4,1.4245777277819243,8,10716,0.22794222919357932,114,event_triggered,pilot_v2,complete,ebe6c066737291350a47ee513d306471213a78285b18b8e1fac61a10b8002438,utility_restoration_v6_topology_0,12104,120,0.30253990000346676
5,10,14,12,utility_restoration,10,7,utility_restoration|partition|private_fragmented|60912,True,combined_generalized_entropic,0.5,60912,5,1,4,634,6dd1254d8a757698ca4ce0d0251fad530b1a87d8ce7961339b0eb58a8111b70a,raw/pilot_v2/v6-pilot_v2-utility_restoration-partition-private_fragmented-e60912-combined_generalized_entropic-c050-event_triggered/events.jsonl.gz,b17351066854dc185834b783c0aea86dad20bc90b800aafd92a4ac022a54b4a1,0.9968148705521074,7,12,4,private_fragmented,0.0,1,0,1388,6,21.455253241545087,0,partition,v6-pilot_v2-utility_restoration-partition-private_fragmented-e60912-combined_generalized_entropic-c050-event_triggered,utility_restoration_partition_family_4,2.507687397285748,6,10716,0.22794222919357932,114,event_triggered,pilot_v2,complete,ebe6c066737291350a47ee513d306471213a78285b18b8e1fac61a10b8002438,utility_restoration_v6_topology_0,12104,120,0.3020437490195036
5,10,14,12,utility_restoration,10,6,utility_restoration|partition|private_fragmented|60912,True,jensen_shannon,0.5,60912,5,1,4,633,ade2df91bf6cd351980bbfe0e25e65d11e190d7610e4c2fd9be0b9ccfd78a32f,raw/pilot_v2/v6-pilot_v2-utility_restoration-partition-private_fragmented-e60912-jensen_shannon-c050-event_triggered/events.jsonl.gz,87f3c7ffcf9757adbf1cc907e3b5c0e064ecdc248532d3b7247b7d86956529b8,0.7827443111716929,8,12,4,private_fragmented,0.0,1,0,1388,6,21.489845067062543,0,partition,v6-pilot_v2-utility_restoration-partition-private_fragmented-e60912-jensen_shannon-c050-event_triggered,utility_restoration_partition_family_4,2.5409139213318745,5,10716,0.22794222919357932,114,event_triggered,pilot_v2,complete,ebe6c066737291350a47ee513d306471213a78285b18b8e1fac61a10b8002438,utility_restoration_v6_topology_0,12104,120,0.3044817579793744
5,10,14,12,utility_restoration,10,6,utility_restoration|partition|private_fragmented|60912,True,jensen_tsallis_q_0_5,0.5,60912,5,1,4,633,d8882796f21acca304973efa69b31ec4e409cd4d6265f6b1b301d9da8814d47c,raw/pilot_v2/v6-pilot_v2-utility_restoration-partition-private_fragmented-e60912-jensen_tsallis_q_0_5-c050-event_triggered/events.jsonl.gz,8691dbda4ff5d6e05becf32ce638c1091769e407a87a07d2bbbfae151843934c,0.7827443111716929,8,12,4,private_fragmented,0.0,1,0,1388,6,21.489845067062543,0,partition,v6-pilot_v2-utility_restoration-partition-private_fragmented-e60912-jensen_tsallis_q_0_5-c050-event_triggered,utility_restoration_partition_family_4,2.5409139213318745,5,10716,0.22794222919357932,114,event_triggered,pilot_v2,complete,ebe6c066737291350a47ee513d306471213a78285b18b8e1fac61a10b8002438,utility_restoration_v6_topology_0,12104,120,0.3055747050093487
5,5,14,12,utility_restoration,10,4,utility_restoration|partition|private_fragmented|60913,True,action_value_margin,0.5,60913,5,1,4,636,5789822feb1eaadf62a095fa8ce4c0263bb541cadd1476777ba68353ee3982e8,raw/pilot_v2/v6-pilot_v2-utility_restoration-partition-private_fragmented-e60913-action_value_margin-c050-event_triggered/events.jsonl.gz,94346a44853064347d537b7eac3e2514766ff35239d85aa0c563256dee0db826,1.102526196705647,10,12,4,private_fragmented,0.0,1,0,1514,7,20.7783584671077,0,partition,v6-pilot_v2-utility_restoration-partition-private_fragmented-e60913-action_value_margin-c050-event_triggered,utility_restoration_partition_family_4,4.409801026821734,4,11186,0.23940592060365298,119,event_triggered,pilot_v2,complete,b09f1e6f66015cb0a73b7af44761fd73943c218097ce40ea77070151e1f98468,utility_restoration_v6_topology_1,12700,126,0.3047833160380833
5,6,14,12,utility_restoration,10,5,utility_restoration|partition|private_fragmented|60913,True,combined_generalized_entropic,0.5,60913,5,1,4,639,dbbe91a00a1608b66a4ec53abbd17a9286ec0f4e9c972e3b7699f2f40b5fe3b4,raw/pilot_v2/v6-pilot_v2-utility_restoration-partition-private_fragmented-e60913-combined_generalized_entropic-c050-event_triggered/events.jsonl.gz,83fd41028b66fb273eedcdf024a5212236ad1da14190a85b7bf3738372f98058,0.9344009930451774,9,12,4,private_fragmented,0.0,1,0,1514,7,20.994006864102225,0,partition,v6-pilot_v2-utility_restoration-partition-private_fragmented-e60913-combined_generalized_entropic-c050-event_triggered,utility_restoration_partition_family_4,3.6679378741468986,5,11186,0.23940592060365298,119,event_triggered,pilot_v2,complete,b09f1e6f66015cb0a73b7af44761fd73943c218097ce40ea77070151e1f98468,utility_restoration_v6_topology_1,12700,126,0.3384984139702283
5,8,14,12,utility_restoration,10,5,utility_restoration|partition|private_fragmented|60913,True,jensen_shannon,0.5,60913,5,1,4,634,ca43246d139067e1660898754f8b4fca852041e14d800dfe50b9d2f84ffc919c,raw/pilot_v2/v6-pilot_v2-utility_restoration-partition-private_fragmented-e60913-jensen_shannon-c050-event_triggered/events.jsonl.gz,c95c75719c0b90997716113e58387ed247e2b7f7b885efdf0b238c4f25182333,1.047352193098676,9,12,4,private_fragmented,0.0,1,0,1262,5,21.619649813253396,0,partition,v6-pilot_v2-utility_restoration-partition-private_fragmented-e60913-jensen_shannon-c050-event_triggered,utility_restoration_partition_family_4,4.790605316679619,5,11186,0.23940592060365298,119,event_triggered,pilot_v2,complete,b09f1e6f66015cb0a73b7af44761fd73943c218097ce40ea77070151e1f98468,utility_restoration_v6_topology_1,12448,124,0.30107959400629625
5,8,14,12,utility_restoration,10,5,utility_restoration|partition|private_fragmented|60913,True,jensen_tsallis_q_0_5,0.5,60913,5,1,4,634,32746911629b6567b84ec3736f6c4b6dff2147b257f48237731f3713a66b5a45,raw/pilot_v2/v6-pilot_v2-utility_restoration-partition-private_fragmented-e60913-jensen_tsallis_q_0_5-c050-event_triggered/events.jsonl.gz,d9eef53e0b91eddd2489ee6424c6e05a214133cc33835de9fd5c30c3f0bf72be,0.9937816535797335,9,12,4,private_fragmented,0.0,1,0,1262,5,21.61840449977401,0,partition,v6-pilot_v2-utility_restoration-partition-private_fragmented-e60913-jensen_tsallis_q_0_5-c050-event_triggered,utility_restoration_partition_family_4,4.8387988583962205,5,11186,0.23940592060365298,119,event_triggered,pilot_v2,complete,b09f1e6f66015cb0a73b7af44761fd73943c218097ce40ea77070151e1f98468,utility_restoration_v6_topology_1,12448,124,0.3027845839969814
5,8,14,12,utility_restoration,10,8,utility_restoration|partition|public_shared|60911,True,action_value_margin,0.5,60911,5,1,4,563,ba7419c9db7047a4cb49af83ce3271a7b8138bbb3acdb455df2df0d884971237,raw/pilot_v2/v6-pilot_v2-utility_restoration-partition-public_shared-e60911-action_value_margin-c050-event_triggered/events.jsonl.gz,5263ebe7d6cce133efd66a63d349faf910df4b21782de19520266efd49df1e65,0.24051718063352515,6,12,4,public_shared,0.0,1,0,1262,5,20.54253301606368,0,partition,v6-pilot_v2-utility_restoration-partition-public_shared-e60911-action_value_margin-c050-event_triggered,utility_restoration_partition_family_3,1.4546121781431651,6,3854,0.07853895709384245,41,event_triggered,pilot_v2,complete,625298416a778e6b33edf82dd22ff4bce5c8141302e526be574ec762b91d522c,utility_restoration_v6_topology_3,5116,46,0.2859689229517244
5,8,14,12,utility_restoration,10,8,utility_restoration|partition|public_shared|60911,True,combined_generalized_entropic,0.5,60911,5,1,4,563,eaef7875ed9f63daead7caba252ead2b42ecbcbe2aa93da0f0761cdcfd9a5d96,raw/pilot_v2/v6-pilot_v2-utility_restoration-partition-public_shared-e60911-combined_generalized_entropic-c050-event_triggered/events.jsonl.gz,7448fd90373e67e1bbe3cb73f03b734630b5bca00103d4690a0b009ea7d21d05,0.24051718063352515,6,12,4,public_shared,0.0,1,0,1262,5,20.54253301606368,0,partition,v6-pilot_v2-utility_restoration-partition-public_shared-e60911-combined_generalized_entropic-c050-event_triggered,utility_restoration_partition_family_3,1.4546121781431651,6,3854,0.07853895709384245,41,event_triggered,pilot_v2,complete,625298416a778e6b33edf82dd22ff4bce5c8141302e526be574ec762b91d522c,utility_restoration_v6_topology_3,5116,46,0.28531171701615676
5,7,14,12,utility_restoration,10,7,utility_restoration|partition|public_shared|60911,True,jensen_shannon,0.5,60911,5,1,4,560,5163e72fcb6a5fca17c5b32c4a9d6ddbb1274aef40732098a663e4151ad373d4,raw/pilot_v2/v6-pilot_v2-utility_restoration-partition-public_shared-e60911-jensen_shannon-c050-event_triggered/events.jsonl.gz,9a1ebe51a893ec68e9b51f505bc79df6276b3fe0b3aa1df36af6ffe452a99ae9,0.3943774207299337,7,12,4,public_shared,0.0,1,0,1262,5,20.66216667033474,0,partition,v6-pilot_v2-utility_restoration-partition-public_shared-e60911-jensen_shannon-c050-event_triggered,utility_restoration_partition_family_3,1.5944892375502722,5,3854,0.07853895709384245,41,event_triggered,pilot_v2,complete,625298416a778e6b33edf82dd22ff4bce5c8141302e526be574ec762b91d522c,utility_restoration_v6_topology_3,5116,46,0.28879770601633936
5,7,14,12,utility_restoration,10,7,utility_restoration|partition|public_shared|60911,True,jensen_tsallis_q_0_5,0.5,60911,5,1,4,560,a184617513c9df61f42db185ee710aac7b5603cec51a7fc22760ecf1090f8920,raw/pilot_v2/v6-pilot_v2-utility_restoration-partition-public_shared-e60911-jensen_tsallis_q_0_5-c050-event_triggered/events.jsonl.gz,fb113ce3d255caf7a54c44c65f6e7ce0926f0791c8982dd41f9627a17e6af03c,0.57218902223497,7,12,4,public_shared,0.0,1,0,1262,5,20.66216667033474,0,partition,v6-pilot_v2-utility_restoration-partition-public_shared-e60911-jensen_tsallis_q_0_5-c050-event_triggered,utility_restoration_partition_family_3,2.100468241484458,6,3854,0.07853895709384245,41,event_triggered,pilot_v2,complete,625298416a778e6b33edf82dd22ff4bce5c8141302e526be574ec762b91d522c,utility_restoration_v6_topology_3,5116,46,0.28866872302023694
5,8,14,12,utility_restoration,10,8,utility_restoration|partition|public_shared|60912,True,action_value_margin,0.5,60912,5,1,4,584,327cdde6ffafa5c46408ab4da84d1e173b509707084df9625221a7025e1718cf,raw/pilot_v2/v6-pilot_v2-utility_restoration-partition-public_shared-e60912-action_value_margin-c050-event_triggered/events.jsonl.gz,99456f3ac2ea6ef488f17ac3f3ea6d17fe8388eeafbc430dabb2c8c873466b19,0.7768125475100367,6,12,4,public_shared,0.0,1,0,1262,5,20.854979664374063,0,partition,v6-pilot_v2-utility_restoration-partition-public_shared-e60912-action_value_margin-c050-event_triggered,utility_restoration_partition_family_4,2.867108718580284,6,6204,0.13124416565273841,66,event_triggered,pilot_v2,complete,09c90088c5d1c2625c23b9dc05fd1b566d6858fe7b2fe5fc049593b0024af223,utility_restoration_v6_topology_0,7466,71,0.2977040510158986
5,9,14,12,utility_restoration,10,8,utility_restoration|partition|public_shared|60912,True,combined_generalized_entropic,0.5,60912,5,1,4,585,c00237d0c2b9ea690b2a7a04f21b58a5d013716647ac0f8e78504d98cd56c17e,raw/pilot_v2/v6-pilot_v2-utility_restoration-partition-public_shared-e60912-combined_generalized_entropic-c050-event_triggered/events.jsonl.gz,648353bd56c8e317b95231d016a6a37fa6fa9a1b68f8d60fd2337a2da22c3090,0.7634986542884579,6,12,4,public_shared,0.0,1,0,1262,5,20.88182981040397,0,partition,v6-pilot_v2-utility_restoration-partition-public_shared-e60912-combined_generalized_entropic-c050-event_triggered,utility_restoration_partition_family_4,3.014472156925972,6,6204,0.13124416565273841,66,event_triggered,pilot_v2,complete,09c90088c5d1c2625c23b9dc05fd1b566d6858fe7b2fe5fc049593b0024af223,utility_restoration_v6_topology_0,7466,71,0.2957808529608883
5,8,14,12,utility_restoration,10,7,utility_restoration|partition|public_shared|60912,True,jensen_shannon,0.5,60912,5,1,4,584,a877cf40ddd1f38a91013a4efcfb8904dc02a9ce263447a98e55a4788e8d3888,raw/pilot_v2/v6-pilot_v2-utility_restoration-partition-public_shared-e60912-jensen_shannon-c050-event_triggered/events.jsonl.gz,bde4ee8b71f80efcf7aeaaeab2adeb4c2e96a4b9eb0d93cde60a78c0b980f8ee,0.7780795493030778,7,12,4,public_shared,0.0,1,0,1262,5,20.88182981040397,0,partition,v6-pilot_v2-utility_restoration-partition-public_shared-e60912-jensen_shannon-c050-event_triggered,utility_restoration_partition_family_4,3.333820273663,6,6204,0.13124416565273841,66,event_triggered,pilot_v2,complete,09c90088c5d1c2625c23b9dc05fd1b566d6858fe7b2fe5fc049593b0024af223,utility_restoration_v6_topology_0,7466,71,0.303990064014215
5,7,14,12,utility_restoration,10,7,utility_restoration|partition|public_shared|60912,True,jensen_tsallis_q_0_5,0.5,60912,5,1,4,584,206e0f6c59b3d00314cfb8edc040d71c3a7f26769f5bc261aa7f1a781f25efea,raw/pilot_v2/v6-pilot_v2-utility_restoration-partition-public_shared-e60912-jensen_tsallis_q_0_5-c050-event_triggered/events.jsonl.gz,fd51c5f1b966cb9bdedbb2a0dee4d3d12e9c68d6c34176f8eb7f5cf391361d5f,0.7938831890914678,7,12,4,public_shared,0.0,1,0,1388,6,20.83237990632486,0,partition,v6-pilot_v2-utility_restoration-partition-public_shared-e60912-jensen_tsallis_q_0_5-c050-event_triggered,utility_restoration_partition_family_4,3.280582652223568,6,6298,0.13320930935142267,67,event_triggered,pilot_v2,complete,09c90088c5d1c2625c23b9dc05fd1b566d6858fe7b2fe5fc049593b0024af223,utility_restoration_v6_topology_0,7686,73,0.3028427209937945
5,6,14,12,utility_restoration,10,5,utility_restoration|partition|public_shared|60913,True,action_value_margin,0.5,60913,5,1,4,573,235575544a5b063f82c268fa0de22aed6b97f9dc42822c9be20c65422af9e76b,raw/pilot_v2/v6-pilot_v2-utility_restoration-partition-public_shared-e60913-action_value_margin-c050-event_triggered/events.jsonl.gz,143eec0ac1da5c17d3f301405600874d6416eaf964f822af8a238374de013f59,0.7679750620880099,9,12,4,public_shared,0.0,1,0,1766,9,20.118743538054787,0,partition,v6-pilot_v2-utility_restoration-partition-public_shared-e60913-action_value_margin-c050-event_triggered,utility_restoration_partition_family_4,2.4394762964308256,3,4982,0.10874701097763517,53,event_triggered,pilot_v2,complete,609526d029b09a2af5e861762c6c17cc234e145baf66ca759eee36faae9d0574,utility_restoration_v6_topology_1,6748,62,0.29722935799509287
5,5,14,12,utility_restoration,10,4,utility_restoration|partition|public_shared|60913,True,combined_generalized_entropic,0.5,60913,5,1,4,572,3abf252fc41911056deab768207d024d79515d2118312e09fb0a10151898015f,raw/pilot_v2/v6-pilot_v2-utility_restoration-partition-public_shared-e60913-combined_generalized_entropic-c050-event_triggered/events.jsonl.gz,d71a5abe8f61a5e3ee793a1b16aa86e5be483894c347c5cb9016d11dc54c82b1,0.784711515599247,10,12,4,public_shared,0.0,1,0,1766,9,20.118743538054787,0,partition,v6-pilot_v2-utility_restoration-partition-public_shared-e60913-combined_generalized_entropic-c050-event_triggered,utility_restoration_partition_family_4,2.6977944206990414,2,4982,0.10874701097763517,53,event_triggered,pilot_v2,complete,609526d029b09a2af5e861762c6c17cc234e145baf66ca759eee36faae9d0574,utility_restoration_v6_topology_1,6748,62,0.29559714504284784
5,6,14,12,utility_restoration,10,5,utility_restoration|partition|public_shared|60913,True,jensen_shannon,0.5,60913,5,1,4,570,50c6722e5f8555aad644360ff2cd2dc22a7d364226fa072a462eadc9a9a49087,raw/pilot_v2/v6-pilot_v2-utility_restoration-partition-public_shared-e60913-jensen_shannon-c050-event_triggered/events.jsonl.gz,1bb4d856aa0e4056eaab1171e799aee13cdfbbea1ee4eefe4a12b289393828fa,0.4711608156563901,9,12,4,public_shared,0.0,1,0,1766,9,20.283429810925366,0,partition,v6-pilot_v2-utility_restoration-partition-public_shared-e60913-jensen_shannon-c050-event_triggered,utility_restoration_partition_family_4,1.9623936672731188,3,4982,0.10874701097763517,53,event_triggered,pilot_v2,complete,609526d029b09a2af5e861762c6c17cc234e145baf66ca759eee36faae9d0574,utility_restoration_v6_topology_1,6748,62,0.294024488015566
5,7,14,12,utility_restoration,10,6,utility_restoration|partition|public_shared|60913,True,jensen_tsallis_q_0_5,0.5,60913,5,1,4,569,5cf3eb7aa447c93a1adcc6b028878ec5554718ec7a763d098ae0d8773dec2f3d,raw/pilot_v2/v6-pilot_v2-utility_restoration-partition-public_shared-e60913-jensen_tsallis_q_0_5-c050-event_triggered/events.jsonl.gz,aed8a50d198420c5cc95d53726ed180a3b2259def9fb3e98202f3b7187d12f8e,0.35919038818921145,8,12,4,public_shared,0.0,1,0,1640,8,20.267425190562413,0,partition,v6-pilot_v2-utility_restoration-partition-public_shared-e60913-jensen_tsallis_q_0_5-c050-event_triggered,utility_restoration_partition_family_4,1.8687159782374148,4,4982,0.10874701097763517,53,event_triggered,pilot_v2,complete,609526d029b09a2af5e861762c6c17cc234e145baf66ca759eee36faae9d0574,utility_restoration_v6_topology_1,6622,61,0.30738511396339163
5,5,14,12,utility_restoration,10,1,utility_restoration|telemetry_integrity|private_fragmented|60911,True,action_value_margin,0.5,60911,5,1,4,788,172d19000838cb8f55e6b60557947fd20580a78a51ae65a8b64471daa1106aa1,raw/pilot_v2/v6-pilot_v2-utility_restoration-telemetry_integrity-private_fragmented-e60911-action_value_margin-c050-event_triggered/events.jsonl.gz,89ab6f6bbb710f5be73a308cf7273b56cbf6bb57b942e1162b2e3ed0ecb7e454,1.3492787032447666,13,12,4,private_fragmented,0.0,1,0,2396,14,21.600097494197097,0,telemetry_integrity,v6-pilot_v2-utility_restoration-telemetry_integrity-private_fragmented-e60911-action_value_margin-c050-event_triggered,utility_restoration_telemetry_integrity_family_3,4.233791166557655,1,23876,0.5045183990872742,254,event_triggered,pilot_v2,complete,b4d4cded26b41636b8ea250696c5a6e310dbdc39a8524ae7361631db3e0027a1,utility_restoration_v6_topology_3,26272,268,0.35832749598193914
5,5,14,12,utility_restoration,10,2,utility_restoration|telemetry_integrity|private_fragmented|60911,True,combined_generalized_entropic,0.5,60911,5,1,4,787,61bdce5e8bbe53fc03d55677ebcc061435465162748d2821c98628a6b33a3a7f,raw/pilot_v2/v6-pilot_v2-utility_restoration-telemetry_integrity-private_fragmented-e60911-combined_generalized_entropic-c050-event_triggered/events.jsonl.gz,b37baf826fbc6e9d747bba7f021f6cdbb98047fc34a924eb0cfda5f8ce5ac89b,1.1871065475936364,12,12,4,private_fragmented,0.0,1,0,2396,14,22.15035507132383,0,telemetry_integrity,v6-pilot_v2-utility_restoration-telemetry_integrity-private_fragmented-e60911-combined_generalized_entropic-c050-event_triggered,utility_restoration_telemetry_integrity_family_3,2.99965221057756,2,23876,0.5045183990872742,254,event_triggered,pilot_v2,complete,b4d4cded26b41636b8ea250696c5a6e310dbdc39a8524ae7361631db3e0027a1,utility_restoration_v6_topology_3,26272,268,0.35137602500617504
5,5,14,12,utility_restoration,10,2,utility_restoration|telemetry_integrity|private_fragmented|60911,True,jensen_shannon,0.5,60911,5,1,4,789,563314bed810d1dd97e861114bb42270b8d103481884f5a4cbf613b634e7ac01,raw/pilot_v2/v6-pilot_v2-utility_restoration-telemetry_integrity-private_fragmented-e60911-jensen_shannon-c050-event_triggered/events.jsonl.gz,8a95f4d12a8f5db5fb7364320cd242ec6081ceec86319782b04fbfea4652439e,1.1168592358195422,12,12,4,private_fragmented,0.0,1,0,2648,16,22.404820115072535,0,telemetry_integrity,v6-pilot_v2-utility_restoration-telemetry_integrity-private_fragmented-e60911-jensen_shannon-c050-event_triggered,utility_restoration_telemetry_integrity_family_3,3.3914908699229187,2,23876,0.5045183990872742,254,event_triggered,pilot_v2,complete,b4d4cded26b41636b8ea250696c5a6e310dbdc39a8524ae7361631db3e0027a1,utility_restoration_v6_topology_3,26524,270,0.3505788730108179
5,5,14,12,utility_restoration,10,2,utility_restoration|telemetry_integrity|private_fragmented|60911,True,jensen_tsallis_q_0_5,0.5,60911,5,1,4,789,0394bba623ff56fc922c00b0444156cf88e880dfba641bfd332cc999557b54a4,raw/pilot_v2/v6-pilot_v2-utility_restoration-telemetry_integrity-private_fragmented-e60911-jensen_tsallis_q_0_5-c050-event_triggered/events.jsonl.gz,9222d7da0f14fc4ae17f8bab8ea5e44370f6d7b72ccd1b0f5c7da62ded028eaa,1.1168592358195422,12,12,4,private_fragmented,0.0,1,0,2648,16,22.404820115072535,0,telemetry_integrity,v6-pilot_v2-utility_restoration-telemetry_integrity-private_fragmented-e60911-jensen_tsallis_q_0_5-c050-event_triggered,utility_restoration_telemetry_integrity_family_3,3.3914908699229187,2,23876,0.5045183990872742,254,event_triggered,pilot_v2,complete,b4d4cded26b41636b8ea250696c5a6e310dbdc39a8524ae7361631db3e0027a1,utility_restoration_v6_topology_3,26524,270,0.3521644819993526
5,5,14,12,utility_restoration,10,4,utility_restoration|telemetry_integrity|private_fragmented|60912,True,action_value_margin,0.5,60912,5,1,4,791,3b57f6a7c61204238f7eddc22d2a5d891c494e4d86461694c3e3b9728565c7d3,raw/pilot_v2/v6-pilot_v2-utility_restoration-telemetry_integrity-private_fragmented-e60912-action_value_margin-c050-event_triggered/events.jsonl.gz,dd568e18525892719e3912b88416df4c4c87d245fe742c9a281e78f360a03881,0.98258730352359,10,12,4,private_fragmented,0.0,1,0,2144,12,21.389349133865586,0,telemetry_integrity,v6-pilot_v2-utility_restoration-telemetry_integrity-private_fragmented-e60912-action_value_margin-c050-event_triggered,utility_restoration_telemetry_integrity_family_4,3.4011176012711366,4,24252,0.49824072069393577,258,event_triggered,pilot_v2,complete,15f96659d266ac5912cb47425733ac40bf0eeb1aca79a4942268b0e191c4655b,utility_restoration_v6_topology_0,26396,270,0.35554895200766623
5,4,14,12,utility_restoration,10,4,utility_restoration|telemetry_integrity|private_fragmented|60912,True,combined_generalized_entropic,0.5,60912,5,1,4,792,386a555e801cc7523a3bf3e08b928742837847487a6604d523a15f3ce744491d,raw/pilot_v2/v6-pilot_v2-utility_restoration-telemetry_integrity-private_fragmented-e60912-combined_generalized_entropic-c050-event_triggered/events.jsonl.gz,6181f9b992777a22d7173bcd3ee304474837e66ff278cb96774b3530efb6baef,0.9926044710497607,10,12,4,private_fragmented,0.0,1,0,1892,10,22.203649705561062,0,telemetry_integrity,v6-pilot_v2-utility_restoration-telemetry_integrity-private_fragmented-e60912-combined_generalized_entropic-c050-event_triggered,utility_restoration_telemetry_integrity_family_4,3.2403173235984646,4,24440,0.501827282133772,260,event_triggered,pilot_v2,complete,15f96659d266ac5912cb47425733ac40bf0eeb1aca79a4942268b0e191c4655b,utility_restoration_v6_topology_0,26332,270,0.3496377040282823
5,4,14,12,utility_restoration,10,3,utility_restoration|telemetry_integrity|private_fragmented|60912,True,jensen_shannon,0.5,60912,5,1,4,792,9c621a8cf79400500c058fc28ef49b86d82f15156e0a47096eba61eabb613acd,raw/pilot_v2/v6-pilot_v2-utility_restoration-telemetry_integrity-private_fragmented-e60912-jensen_shannon-c050-event_triggered/events.jsonl.gz,43541f48e40b7b4a588c209aefe162f57376cf7d5a7f1942966ba0240da6bd96,1.1599145131493889,11,12,4,private_fragmented,0.0,1,0,1892,10,22.203649705561062,0,telemetry_integrity,v6-pilot_v2-utility_restoration-telemetry_integrity-private_fragmented-e60912-jensen_shannon-c050-event_triggered,utility_restoration_telemetry_integrity_family_4,3.8612073689933784,3,24440,0.501827282133772,260,event_triggered,pilot_v2,complete,15f96659d266ac5912cb47425733ac40bf0eeb1aca79a4942268b0e191c4655b,utility_restoration_v6_topology_0,26332,270,0.3599993560346775
5,4,14,12,utility_restoration,10,3,utility_restoration|telemetry_integrity|private_fragmented|60912,True,jensen_tsallis_q_0_5,0.5,60912,5,1,4,792,a39c915f4ef385a90f8645813c9b7d1e3c29ec258ac063a090e3b3797fc58371,raw/pilot_v2/v6-pilot_v2-utility_restoration-telemetry_integrity-private_fragmented-e60912-jensen_tsallis_q_0_5-c050-event_triggered/events.jsonl.gz,8fff8592b17c5d55f8e83b3dcacb4db47d10ecbe89943c6592c9325ee1aca5ed,1.1599145131493889,11,12,4,private_fragmented,0.0,1,0,1892,10,22.203649705561062,0,telemetry_integrity,v6-pilot_v2-utility_restoration-telemetry_integrity-private_fragmented-e60912-jensen_tsallis_q_0_5-c050-event_triggered,utility_restoration_telemetry_integrity_family_4,3.8612073689933784,3,24440,0.501827282133772,260,event_triggered,pilot_v2,complete,15f96659d266ac5912cb47425733ac40bf0eeb1aca79a4942268b0e191c4655b,utility_restoration_v6_topology_0,26332,270,0.3480944759794511
5,7,14,12,utility_restoration,10,4,utility_restoration|telemetry_integrity|private_fragmented|60913,True,action_value_margin,0.5,60913,5,1,4,801,9fdd02927a777d283d5f9ae862df8a638d538102449d24f357aea511f96fb0c8,raw/pilot_v2/v6-pilot_v2-utility_restoration-telemetry_integrity-private_fragmented-e60913-action_value_margin-c050-event_triggered/events.jsonl.gz,15f37c97063e923c6c450b88ade1b287f98bf91193eb1f46cb8c9198118cca4f,0.6928574142618217,10,12,4,private_fragmented,0.0,1,0,2144,12,21.055983691012692,0,telemetry_integrity,v6-pilot_v2-utility_restoration-telemetry_integrity-private_fragmented-e60913-action_value_margin-c050-event_triggered,utility_restoration_telemetry_integrity_family_4,3.0387055737449464,4,25380,0.5369971879085722,270,event_triggered,pilot_v2,complete,395f7e6d5102b6296acc364af5c69af4a7d54f6eda2a805f1daa1395a40ab5e6,utility_restoration_v6_topology_1,27524,282,0.354338145989459
5,7,14,12,utility_restoration,10,4,utility_restoration|telemetry_integrity|private_fragmented|60913,True,combined_generalized_entropic,0.5,60913,5,1,4,801,ccb3df975d0b9bb626b19cb914ddb6b52be20ea20b7d77c3b15b327eddca766c,raw/pilot_v2/v6-pilot_v2-utility_restoration-telemetry_integrity-private_fragmented-e60913-combined_generalized_entropic-c050-event_triggered/events.jsonl.gz,1f57635943698e5724a6b91cc5a249e56281ae93f4a4344ae1668f5d30b5f4d8,0.684933116895294,10,12,4,private_fragmented,0.0,1,0,2144,12,21.564516906422774,0,telemetry_integrity,v6-pilot_v2-utility_restoration-telemetry_integrity-private_fragmented-e60913-combined_generalized_entropic-c050-event_triggered,utility_restoration_telemetry_integrity_family_4,2.970866843277735,3,25380,0.5369971879085722,270,event_triggered,pilot_v2,complete,395f7e6d5102b6296acc364af5c69af4a7d54f6eda2a805f1daa1395a40ab5e6,utility_restoration_v6_topology_1,27524,282,0.3557776300003752
5,8,14,12,utility_restoration,10,3,utility_restoration|telemetry_integrity|private_fragmented|60913,True,jensen_shannon,0.5,60913,5,1,4,800,0d9a6fb3245084cfae9600df40c4ea4db13340fd370ae1c4bcd9a61c04097c0a,raw/pilot_v2/v6-pilot_v2-utility_restoration-telemetry_integrity-private_fragmented-e60913-jensen_shannon-c050-event_triggered/events.jsonl.gz,d0d97787c04c06d1d1abca785728355d61e9e395a6ffbed4e414abe2f6e166b4,0.9106977201803667,11,12,4,private_fragmented,0.0,1,0,2396,14,22.23955565603978,0,telemetry_integrity,v6-pilot_v2-utility_restoration-telemetry_integrity-private_fragmented-e60913-jensen_shannon-c050-event_triggered,utility_restoration_telemetry_integrity_family_4,3.973426880180002,2,25192,0.5324319207665069,268,event_triggered,pilot_v2,complete,395f7e6d5102b6296acc364af5c69af4a7d54f6eda2a805f1daa1395a40ab5e6,utility_restoration_v6_topology_1,27588,282,0.3626392899896018
5,8,14,12,utility_restoration,10,3,utility_restoration|telemetry_integrity|private_fragmented|60913,True,jensen_tsallis_q_0_5,0.5,60913,5,1,4,800,9f3d1bd01dec5e217ceb3bca28798a7e2b81ecdaaea58cbd7689ca632177e760,raw/pilot_v2/v6-pilot_v2-utility_restoration-telemetry_integrity-private_fragmented-e60913-jensen_tsallis_q_0_5-c050-event_triggered/events.jsonl.gz,eb4de6e6ae2a91d622ba5b3d39d83649740d436578016c152c5d0e9500325770,0.9106977201803667,11,12,4,private_fragmented,0.0,1,0,2396,14,22.23955565603978,0,telemetry_integrity,v6-pilot_v2-utility_restoration-telemetry_integrity-private_fragmented-e60913-jensen_tsallis_q_0_5-c050-event_triggered,utility_restoration_telemetry_integrity_family_4,3.973426880180002,2,25192,0.5324319207665069,268,event_triggered,pilot_v2,complete,395f7e6d5102b6296acc364af5c69af4a7d54f6eda2a805f1daa1395a40ab5e6,utility_restoration_v6_topology_1,27588,282,0.36152721499092877
5,6,14,12,utility_restoration,10,6,utility_restoration|telemetry_integrity|public_shared|60911,True,action_value_margin,0.5,60911,5,1,4,656,1d385c41e008b2cbb8b3c8ff1efc6300bfae7fb11f6f14400a19f9ed9b93519d,raw/pilot_v2/v6-pilot_v2-utility_restoration-telemetry_integrity-public_shared-e60911-action_value_margin-c050-event_triggered/events.jsonl.gz,93b3d629accc1f329adade021d679d1cc9fea3eba0d1eaadbef89a7dc5f1ae24,0.8382356507431072,8,12,4,public_shared,0.0,1,0,1640,8,21.22061541935929,0,telemetry_integrity,v6-pilot_v2-utility_restoration-telemetry_integrity-public_shared-e60911-action_value_margin-c050-event_triggered,utility_restoration_telemetry_integrity_family_3,1.9970350919798965,6,12032,0.24539593700686604,128,event_triggered,pilot_v2,complete,1474deb3272b452b08312d881815ccdf7d9c9b6d0647f0896ad38be258196127,utility_restoration_v6_topology_3,13672,136,0.3227135789929889
5,6,14,12,utility_restoration,10,6,utility_restoration|telemetry_integrity|public_shared|60911,True,combined_generalized_entropic,0.5,60911,5,1,4,654,97d22f0bf42c168e8c276c43742cea63eb62fea49ffeb084ed8a0234fd34f2ed,raw/pilot_v2/v6-pilot_v2-utility_restoration-telemetry_integrity-public_shared-e60911-combined_generalized_entropic-c050-event_triggered/events.jsonl.gz,7c23fb13d06ca13427515aeef924be63eec00bac0687e0eb9d1899184170d179,0.8453105506794318,8,12,4,public_shared,0.0,1,0,1388,6,21.22061541935929,0,telemetry_integrity,v6-pilot_v2-utility_restoration-telemetry_integrity-public_shared-e60911-combined_generalized_entropic-c050-event_triggered,utility_restoration_telemetry_integrity_family_3,2.003551519576293,6,12032,0.24539593700686604,128,event_triggered,pilot_v2,complete,1474deb3272b452b08312d881815ccdf7d9c9b6d0647f0896ad38be258196127,utility_restoration_v6_topology_3,13420,134,0.3237346159876324
5,5,13,12,utility_restoration,10,5,utility_restoration|telemetry_integrity|public_shared|60911,True,jensen_shannon,0.5,60911,5,1,4,650,911d9fca4eb1629fe29e65e603ebcf70ab260fe9da2c2a208077570c811beedb,raw/pilot_v2/v6-pilot_v2-utility_restoration-telemetry_integrity-public_shared-e60911-jensen_shannon-c050-event_triggered/events.jsonl.gz,554050217dd346e038eb47a4f7ec2dd19f5ebff9e768578a3019c139e0346b77,0.8804531386006146,8,12,4,public_shared,0.0,1,0,1136,4,21.26791261861544,0,telemetry_integrity,v6-pilot_v2-utility_restoration-telemetry_integrity-public_shared-e60911-jensen_shannon-c050-event_triggered,utility_restoration_telemetry_integrity_family_3,2.0835895873150996,5,12220,0.24933825849632277,130,event_triggered,pilot_v2,complete,1474deb3272b452b08312d881815ccdf7d9c9b6d0647f0896ad38be258196127,utility_restoration_v6_topology_3,13356,134,0.32857721601612866
5,5,13,12,utility_restoration,10,5,utility_restoration|telemetry_integrity|public_shared|60911,True,jensen_tsallis_q_0_5,0.5,60911,5,1,4,650,fe23660da4a46ef4e7a7c2cc3d5fd0828091d390f26e8f559a481312a052e836,raw/pilot_v2/v6-pilot_v2-utility_restoration-telemetry_integrity-public_shared-e60911-jensen_tsallis_q_0_5-c050-event_triggered/events.jsonl.gz,07ea389e9e17bb3119be69eb28b831e37afcad4d00da700e77e2005ae5a0ea19,0.8804531386006146,8,12,4,public_shared,0.0,1,0,1136,4,21.26791261861544,0,telemetry_integrity,v6-pilot_v2-utility_restoration-telemetry_integrity-public_shared-e60911-jensen_tsallis_q_0_5-c050-event_triggered,utility_restoration_telemetry_integrity_family_3,2.0835895873150996,5,12220,0.24933825849632277,130,event_triggered,pilot_v2,complete,1474deb3272b452b08312d881815ccdf7d9c9b6d0647f0896ad38be258196127,utility_restoration_v6_topology_3,13356,134,0.3203619600390084
5,4,14,12,utility_restoration,10,3,utility_restoration|telemetry_integrity|public_shared|60912,True,action_value_margin,0.5,60912,5,1,4,689,10f1ac088ba4c217d54c08e0f2d78306ebfc5db7e688f09e540b9786cdf0dd7d,raw/pilot_v2/v6-pilot_v2-utility_restoration-telemetry_integrity-public_shared-e60912-action_value_margin-c050-event_triggered/events.jsonl.gz,2f516d17c1308f2ba81bd7b0e337664cdcba7309fe87d8581d54fd81f6eacc02,0.9564971039434484,11,12,4,public_shared,0.0,1,0,3152,20,21.37262598748257,0,telemetry_integrity,v6-pilot_v2-utility_restoration-telemetry_integrity-public_shared-e60912-action_value_margin-c050-event_triggered,utility_restoration_telemetry_integrity_family_4,3.3893595033788246,3,13912,0.29038406767079367,148,event_triggered,pilot_v2,complete,21e0929b47716807634263fd271ad5a3d83c23dd7d6fc63f004fc3af6017004e,utility_restoration_v6_topology_0,17064,168,0.3304353610146791
5,3,14,12,utility_restoration,10,2,utility_restoration|telemetry_integrity|public_shared|60912,True,combined_generalized_entropic,0.5,60912,5,1,4,682,a61e96c4cb2a6e520bf27b0c0c1547d6cde471cd46c6df23722397a672dd8578,raw/pilot_v2/v6-pilot_v2-utility_restoration-telemetry_integrity-public_shared-e60912-combined_generalized_entropic-c050-event_triggered/events.jsonl.gz,86436e691cc9a616f5b280592ec4352a4d5ff40429815470d70c17ff96f9c379,0.9876662602480974,12,12,4,public_shared,0.0,1,0,2900,18,21.715995385292747,0,telemetry_integrity,v6-pilot_v2-utility_restoration-telemetry_integrity-public_shared-e60912-combined_generalized_entropic-c050-event_triggered,utility_restoration_telemetry_integrity_family_4,3.7606131016185214,2,13348,0.278395406401653,142,event_triggered,pilot_v2,complete,21e0929b47716807634263fd271ad5a3d83c23dd7d6fc63f004fc3af6017004e,utility_restoration_v6_topology_0,16248,160,0.33586186298634857
5,3,14,12,utility_restoration,10,3,utility_restoration|telemetry_integrity|public_shared|60912,True,jensen_shannon,0.5,60912,5,1,4,685,82222e6eb858a0751a650e9780316500e9a38c7ba013ab42f1b9f0be145aeb95,raw/pilot_v2/v6-pilot_v2-utility_restoration-telemetry_integrity-public_shared-e60912-jensen_shannon-c050-event_triggered/events.jsonl.gz,735533dfcdc303160eebf3bdb225fe22c443c667d67ae39753834a2864e17969,0.7619759068478119,11,12,4,public_shared,0.0,1,0,3152,20,21.742034095471972,0,telemetry_integrity,v6-pilot_v2-utility_restoration-telemetry_integrity-public_shared-e60912-jensen_shannon-c050-event_triggered,utility_restoration_telemetry_integrity_family_4,2.5887090970527904,3,13348,0.278395406401653,142,event_triggered,pilot_v2,complete,21e0929b47716807634263fd271ad5a3d83c23dd7d6fc63f004fc3af6017004e,utility_restoration_v6_topology_0,16500,162,0.33522452000761405
5,3,14,12,utility_restoration,10,3,utility_restoration|telemetry_integrity|public_shared|60912,True,jensen_tsallis_q_0_5,0.5,60912,5,1,4,685,40b3bf1e1672e7c9f8385bf053115b6ae07c935bfbf3e2ab167cf3da9f6639de,raw/pilot_v2/v6-pilot_v2-utility_restoration-telemetry_integrity-public_shared-e60912-jensen_tsallis_q_0_5-c050-event_triggered/events.jsonl.gz,1bb408ff3d0ae2acefadeb78f0826fb46755af2a809beb34d272a95a55f75320,0.7619759068478119,11,12,4,public_shared,0.0,1,0,3152,20,21.742034095471972,0,telemetry_integrity,v6-pilot_v2-utility_restoration-telemetry_integrity-public_shared-e60912-jensen_tsallis_q_0_5-c050-event_triggered,utility_restoration_telemetry_integrity_family_4,2.5887090970527904,3,13348,0.278395406401653,142,event_triggered,pilot_v2,complete,21e0929b47716807634263fd271ad5a3d83c23dd7d6fc63f004fc3af6017004e,utility_restoration_v6_topology_0,16500,162,0.33808797696838155
5,7,14,12,utility_restoration,10,5,utility_restoration|telemetry_integrity|public_shared|60913,True,action_value_margin,0.5,60913,5,1,4,641,7af9ef591429337f86746148928499bf9d7218c7663130b1e510d972855806e5,raw/pilot_v2/v6-pilot_v2-utility_restoration-telemetry_integrity-public_shared-e60913-action_value_margin-c050-event_triggered/events.jsonl.gz,7179070dccd3001815786932fcef3a4dfbdf59e1f724c8f9728d8152ca300b39,0.7016182005719995,9,12,4,public_shared,0.0,1,0,1388,6,20.61352782729528,0,telemetry_integrity,v6-pilot_v2-utility_restoration-telemetry_integrity-public_shared-e60913-action_value_margin-c050-event_triggered,utility_restoration_telemetry_integrity_family_4,2.8668324042859004,4,10904,0.2331848432718993,116,event_triggered,pilot_v2,complete,d8006b47865d62741a3489fd154de6239d88e8013b2479451fe1670dfce5b11b,utility_restoration_v6_topology_1,12292,122,0.3094517220160924
5,6,14,12,utility_restoration,10,5,utility_restoration|telemetry_integrity|public_shared|60913,True,combined_generalized_entropic,0.5,60913,5,1,4,634,20f8b55764a7ae9f69a57c06ab26c0b5337588c075713b9240a64e0b620dc1f0,raw/pilot_v2/v6-pilot_v2-utility_restoration-telemetry_integrity-public_shared-e60913-combined_generalized_entropic-c050-event_triggered/events.jsonl.gz,4253c65b8fd9078341dce8e95dbad865862ad30fbdcafc5d944b2749a9d9656f,0.6791319174606193,9,12,4,public_shared,0.0,1,0,1388,6,20.94855373304491,0,telemetry_integrity,v6-pilot_v2-utility_restoration-telemetry_integrity-public_shared-e60913-combined_generalized_entropic-c050-event_triggered,utility_restoration_telemetry_integrity_family_4,2.8049387204387495,3,10152,0.21656182982400693,108,event_triggered,pilot_v2,complete,d8006b47865d62741a3489fd154de6239d88e8013b2479451fe1670dfce5b11b,utility_restoration_v6_topology_1,11540,114,0.3246600989950821
5,5,14,12,utility_restoration,10,5,utility_restoration|telemetry_integrity|public_shared|60913,True,jensen_shannon,0.5,60913,5,1,4,629,28cc07ac5fbc051a7ccac8577ca71fbb30019404497b532a63d1b692b581c21e,raw/pilot_v2/v6-pilot_v2-utility_restoration-telemetry_integrity-public_shared-e60913-jensen_shannon-c050-event_triggered/events.jsonl.gz,74d06db9b151f3b46a913f54bfae75e424271b3817eda90695e2203df896c587,0.5718151407189958,9,12,4,public_shared,0.0,1,0,1640,8,20.9824502134136,0,telemetry_integrity,v6-pilot_v2-utility_restoration-telemetry_integrity-public_shared-e60913-jensen_shannon-c050-event_triggered,utility_restoration_telemetry_integrity_family_4,2.6464908275063967,3,9400,0.2004164160398208,100,event_triggered,pilot_v2,complete,d8006b47865d62741a3489fd154de6239d88e8013b2479451fe1670dfce5b11b,utility_restoration_v6_topology_1,11040,108,0.3170760559733026
5,5,14,12,utility_restoration,10,5,utility_restoration|telemetry_integrity|public_shared|60913,True,jensen_tsallis_q_0_5,0.5,60913,5,1,4,629,e3824765ae9f52cd237b5d4555ee99dd26e77f80576479f15312a2e6c76a3a37,raw/pilot_v2/v6-pilot_v2-utility_restoration-telemetry_integrity-public_shared-e60913-jensen_tsallis_q_0_5-c050-event_triggered/events.jsonl.gz,e185de45fa30ce32ee96daaae0287e61a4cc14799db6fde8532cef0747285ddb,0.5718151407189958,9,12,4,public_shared,0.0,1,0,1640,8,20.9824502134136,0,telemetry_integrity,v6-pilot_v2-utility_restoration-telemetry_integrity-public_shared-e60913-jensen_tsallis_q_0_5-c050-event_triggered,utility_restoration_telemetry_integrity_family_4,2.6464908275063967,3,9400,0.2004164160398208,100,event_triggered,pilot_v2,complete,d8006b47865d62741a3489fd154de6239d88e8013b2479451fe1670dfce5b11b,utility_restoration_v6_topology_1,11040,108,0.32084175798809156
