run_id,application,complexity,coupling,fragmentation,network_disruption,topology_family,information_condition,sketch_policy,environment_seed,controller,step,agent_id,target,proposed_operational_action,information_action,communication_action,delegation_action,accepted_physical_action,counterfactual_evaluated,counterfactual_causal_utility,counterfactual_action_accepted,counterfactual_beneficial,counterfactual_harmful,predictive_uncertainty,action_value_margin,severity,safety_risk,resource_scarcity,delay,action_probability,action_value,communication_reliability,coupling_numeric,fragmentation_numeric,size_normalized,shannon_local,pooled_uncertainty,js_disagreement,jt_disagreement_0_5,jt_disagreement_2,jt_disagreement_1_5,jt_disagreement_3,graph_disagreement,consensus,consensus_residual,entropy_slope,disagreement_slope,distributed_contributor_count,distributed_missing_agent_count,evaluator_distributed_estimation_error,risk_kpi_confidence,risk_predictive_uncertainty,risk_shannon_js,risk_generalized_tsallis_gini,risk_graph_disagreement,risk_combined_generalized_entropic
v7-pilots_iteration3-utility_restoration-medium-low-high-medium-modular-private_fragmented-776105-always_act-event_triggered,utility_restoration,medium,low,high,medium,modular,private_fragmented,event_triggered,776105,always_act,0,UTL-00-zone_operator,U00,no_operational_action,request_peer_evidence,send_targeted_summary,execute_autonomously,False,False,0.0,False,False,False,0.6526179831160729,0.008624372686298176,0.0,0.0,0.0,1.0,0.3473820168839271,-0.013154495779018227,0.6699999999999999,0.2,0.85,0.35,0.8222335929083413,0.8222335929083413,0.0,0.0,0.0,0.0,0.0,0.0,1.0,0.8,0.0,0.0,1,4,0.1709140937148621,0.2722901142594648,0.6526179831160729,0.4666055914735145,0.5225249753503116,0.43409955290875063,0.28673303527250044
v7-pilots_iteration3-utility_restoration-medium-low-high-medium-modular-private_fragmented-776105-always_act-event_triggered,utility_restoration,medium,low,high,medium,modular,private_fragmented,event_triggered,776105,always_act,0,UTL-01-crew_dispatch,U05,no_operational_action,request_peer_evidence,send_targeted_summary,execute_autonomously,False,False,0.0,False,False,False,0.6295500054592094,0.09736919187863924,0.0,0.0,0.0,1.0,0.3704499945407907,-0.007387501364802332,0.6699999999999999,0.2,0.85,0.35,0.8676420060796142,0.8676420060796142,0.0,0.0,0.0,0.0,0.0,0.0,1.0,0.8,0.0,0.0,1,4,0.07607139029564525,0.26444700185613124,0.6295500054592094,0.4687305037035873,0.5222943869678149,0.42441100229286793,0.2802740015285786
v7-pilots_iteration3-utility_restoration-medium-low-high-medium-modular-private_fragmented-776105-always_act-event_triggered,utility_restoration,medium,low,high,medium,modular,private_fragmented,event_triggered,776105,always_act,0,UTL-02-cyber_defense,U02,no_operational_action,request_peer_evidence,send_targeted_summary,execute_autonomously,False,False,0.0,False,False,False,0.6748730177000046,0.021687025079977496,0.0,0.0,0.0,1.0,0.32512698229999537,0.08128174557499884,0.6699999999999999,0.2,0.85,0.35,0.8800218208666749,0.8800218208666749,0.0,0.0,0.0,0.0,0.0,0.0,1.0,0.8333333333333334,0.0,0.0,1,5,0.1517908826642762,0.27985682601800166,0.6748730177000046,0.4899546622966706,0.5441537834530826,0.4501133341006686,0.2972977782893347
v7-pilots_iteration3-utility_restoration-medium-low-high-medium-modular-private_fragmented-776105-always_act-event_triggered,utility_restoration,medium,low,high,medium,modular,private_fragmented,event_triggered,776105,always_act,0,UTL-03-communications,U03,no_operational_action,request_peer_evidence,send_targeted_summary,execute_autonomously,False,False,0.0,False,False,False,0.7095498402058253,0.0014092060679028462,0.25341748715764656,0.3674553563785875,0.0,1.0,0.2904501597941746,0.6072773652130241,0.6699999999999999,0.2,0.85,0.35,0.8956084923816487,0.8956084923816487,0.0,0.0,0.0,0.0,0.0,0.0,1.0,0.8,0.0,0.0,1,4,0.1284768369364898,0.37983623120084165,0.7095498402058253,0.5077220591777423,0.5625548933290664,0.4580109328864467,0.3467685980230616
v7-pilots_iteration3-utility_restoration-medium-low-high-medium-modular-private_fragmented-776105-always_act-event_triggered,utility_restoration,medium,low,high,medium,modular,private_fragmented,event_triggered,776105,always_act,0,UTL-04-resource_allocation,U04,no_operational_action,request_peer_evidence,send_targeted_summary,execute_autonomously,False,False,0.0,False,False,False,0.713773892004752,0.005920060797047877,0.041134831137763825,0.05964550514975755,0.0,1.0,0.28622610799524795,0.08681793521534256,0.6699999999999999,0.2,0.85,0.35,0.8991860007110097,0.8991860007110097,0.0,0.0,0.0,0.0,0.0,0.0,1.0,0.8,0.0,0.0,1,4,0.1134828991531126,0.3073980445175576,0.713773892004752,0.5103060569796533,0.5659436278872118,0.4597850346419959,0.31101415037930147
v7-pilots_iteration3-utility_restoration-medium-low-high-medium-modular-private_fragmented-776105-always_act-event_triggered,utility_restoration,medium,low,high,medium,modular,private_fragmented,event_triggered,776105,always_act,0,UTL-05-critical_load,U01,no_operational_action,request_peer_evidence,send_targeted_summary,execute_autonomously,False,False,0.0,False,False,False,0.6580051431592404,0.049696502100886386,0.05416655940093859,0.07854151113136096,0.0,1.0,0.3419948568407596,0.23489184362569826,0.6699999999999999,0.2,0.85,0.35,0.7969547887641808,0.7969547887641808,0.0,0.0,0.0,0.0,0.0,0.0,1.0,0.8,0.0,0.0,1,4,0.1401529461493759,0.29297171134566846,0.6580051431592404,0.46244075445474137,0.5180476601370024,0.436362160126881,0.29766642142035066
v7-pilots_iteration3-utility_restoration-medium-low-high-medium-modular-private_fragmented-776105-always_act-event_triggered,utility_restoration,medium,low,high,medium,modular,private_fragmented,event_triggered,776105,always_act,0,UTL-06-zone_operator,U02,no_operational_action,no_information_action,no_communication_action,execute_autonomously,False,False,0.0,False,False,False,0.6896157656606732,0.14124796388051902,0.010267024757999324,0.014887185899099022,0.0,1.0,0.31038423433932677,0.003623131467440477,0.6699999999999999,0.2,0.85,0.35,0.7727060733675181,0.7727060733675181,0.0,0.0,0.0,0.0,0.0,0.0,1.0,0.8333333333333334,0.0,0.0,1,5,0.1517908826642762,0.2884422849404127,0.6896157656606732,0.46902282460614875,0.5222890588393484,0.4563052882441494,0.30321221002621374
v7-pilots_iteration3-utility_restoration-medium-low-high-medium-modular-private_fragmented-776105-always_act-event_triggered,utility_restoration,medium,low,high,medium,modular,private_fragmented,event_triggered,776105,always_act,0,UTL-07-crew_dispatch,U03,no_operational_action,request_peer_evidence,send_targeted_summary,execute_autonomously,False,False,0.0,False,False,False,0.7048397510928489,0.04889313692767239,0.0,0.0,0.0,1.0,0.2951602489071511,-0.026209937773212233,0.6699999999999999,0.2,0.85,0.35,0.7602195752402354,0.7602195752402354,0.0,0.0,0.0,0.0,0.0,0.0,1.0,0.8,0.0,0.0,1,4,0.1284768369364898,0.29004551537156864,0.7048397510928489,0.4719907942471984,0.5410602607217041,0.45603269545899655,0.3013551303059977
v7-pilots_iteration3-utility_restoration-medium-low-high-medium-modular-private_fragmented-776105-always_act-event_triggered,utility_restoration,medium,low,high,medium,modular,private_fragmented,event_triggered,776105,always_act,0,UTL-08-cyber_defense,U00,no_operational_action,no_information_action,no_communication_action,execute_autonomously,False,False,0.0,False,False,False,0.46671852840536987,0.33233969079401826,0.33402714171665787,0.4843393554891539,0.0,1.0,0.5332814715946301,0.9949243640591175,0.6699999999999999,0.2,0.85,0.35,0.7252262643625461,0.7252262643625461,0.0,0.0,0.0,0.0,0.0,0.0,1.0,0.8,0.0,0.0,1,4,0.1709140937148621,0.3253257449752227,0.46671852840536987,0.3679939774527845,0.4204347918671856,0.35602178193025535,0.29280191061220207
v7-pilots_iteration3-utility_restoration-medium-low-high-medium-modular-private_fragmented-776105-always_act-event_triggered,utility_restoration,medium,low,high,medium,modular,private_fragmented,event_triggered,776105,always_act,0,UTL-09-communications,U01,no_operational_action,request_peer_evidence,send_targeted_summary,execute_autonomously,False,False,0.0,False,False,False,0.728573643883637,0.040822735685904,0.06286068462502321,0.09114799270628365,0.0,1.0,0.27142635611636307,0.12993709077488855,0.6699999999999999,0.2,0.85,0.35,0.8290849377157998,0.8290849377157998,0.0,0.0,0.0,0.0,0.0,0.0,1.0,0.8,0.0,0.0,1,4,0.1401529461493759,0.31999055716994473,0.728573643883637,0.49870069198240474,0.56060459351257,0.46600093043112756,0.3189383794121724
v7-pilots_iteration3-utility_restoration-medium-low-high-medium-modular-private_fragmented-776105-always_act-event_triggered,utility_restoration,medium,low,high,medium,modular,private_fragmented,event_triggered,776105,always_act,0,UTL-10-resource_allocation,U02,no_operational_action,no_information_action,no_communication_action,execute_autonomously,False,False,0.0,False,False,False,0.7026461792298242,0.20810309073145372,0.14384924318669914,0.20858140262071376,0.0,1.0,0.2973538207701758,0.37262865847338544,0.6699999999999999,0.2,0.85,0.35,0.7173573314723185,0.7173573314723185,0.0,0.0,0.0,0.0,0.0,0.0,1.0,0.8333333333333334,0.0,0.0,1,5,0.1517908826642762,0.3393592375671116,0.7026461792298242,0.46039780456000934,0.5132812666498342,0.4617780619431928,0.33010403183216974
v7-pilots_iteration3-utility_restoration-medium-low-high-medium-modular-private_fragmented-776105-always_act-event_triggered,utility_restoration,medium,low,high,medium,modular,private_fragmented,event_triggered,776105,always_act,0,UTL-11-critical_load,U07,no_operational_action,no_information_action,no_communication_action,execute_autonomously,False,False,0.0,False,False,False,0.6301681478480663,0.14464916927554822,0.0,0.0,0.0,1.0,0.3698318521519337,0.09245796303798343,0.6699999999999999,0.2,0.85,0.35,0.8443166227950385,0.8443166227950385,0.0,0.0,0.0,0.0,0.0,0.0,1.0,0.8333333333333334,0.0,0.0,1,5,0.11473539443601677,0.26465717026834257,0.6301681478480663,0.46314641483798613,0.5233123263939351,0.43133728876285454,0.2847804147307919
v7-pilots_iteration3-utility_restoration-medium-low-high-medium-modular-private_fragmented-776105-always_act-event_triggered,utility_restoration,medium,low,high,medium,modular,private_fragmented,event_triggered,776105,always_act,0,UTL-12-zone_operator,U00,reconfigure_service_edge,no_information_action,no_communication_action,execute_autonomously,True,True,-0.013140146190546431,True,False,True,0.7930794819265082,0.14297498917941998,0.08800487301821443,0.1276070658764109,0.0,1.0,0.20692051807349177,0.2909745443423277,0.6699999999999999,0.2,0.85,0.35,0.8651899563317502,0.8651899563317502,0.0,0.0,0.0,0.0,0.0,0.0,1.0,0.8,0.0,0.0,1,4,0.1709140937148621,0.3506727196653515,0.7930794819265082,0.5335292818535409,0.5923830900957671,0.4930933824091335,0.34137510284459166
v7-pilots_iteration3-utility_restoration-medium-low-high-medium-modular-private_fragmented-776105-always_act-event_triggered,utility_restoration,medium,low,high,medium,modular,private_fragmented,event_triggered,776105,always_act,0,UTL-13-crew_dispatch,U01,no_operational_action,request_peer_evidence,send_targeted_summary,execute_autonomously,False,False,0.0,False,False,False,0.6373746122447864,0.08893135757340903,0.0802539920976729,0.1163682885416257,0.0,1.0,0.3626253877552136,0.25952976214318046,0.6699999999999999,0.2,0.85,0.35,0.8423888325361585,0.8423888325361585,0.0,0.0,0.0,0.0,0.0,0.0,1.0,0.8,0.0,0.0,1,4,0.1401529461493759,0.2950357574132175,0.6373746122447864,0.4655470530319542,0.5245841070767836,0.42769733714281033,0.29642908605353535
v7-pilots_iteration3-utility_restoration-medium-low-high-medium-modular-private_fragmented-776105-always_act-event_triggered,utility_restoration,medium,low,high,medium,modular,private_fragmented,event_triggered,776105,always_act,0,UTL-14-cyber_defense,U06,no_operational_action,request_peer_evidence,send_targeted_summary,execute_autonomously,False,False,0.0,False,False,False,0.683187744998051,0.10036940628934798,0.0,0.0,0.0,1.0,0.316812255001949,0.07920306375048725,0.6699999999999999,0.2,0.85,0.35,0.7641576086882624,0.7641576086882624,0.0,0.0,0.0,0.0,0.0,0.0,1.0,0.8,0.0,0.0,1,4,0.1540543035688262,0.28268383329933733,0.683187744998051,0.464314500171286,0.5249012433004592,0.44693885289918145,0.2952925685994543
v7-pilots_iteration3-utility_restoration-medium-low-high-medium-modular-private_fragmented-776105-always_act-event_triggered,utility_restoration,medium,low,high,medium,modular,private_fragmented,event_triggered,776105,always_act,0,UTL-15-communications,U03,no_operational_action,request_peer_evidence,send_targeted_summary,execute_autonomously,False,False,0.0,False,False,False,0.7060762898719954,0.12827095206597922,0.0,0.0,0.0,1.0,0.2939237101280045,0.07348092753200113,0.6699999999999999,0.2,0.85,0.35,0.7770101618255358,0.7770101618255358,0.0,0.0,0.0,0.0,0.0,0.0,1.0,0.8,0.0,0.0,1,4,0.1284768369364898,0.2904659385564785,0.7060762898719954,0.47668305640518216,0.5365780312010934,0.4565520417462381,0.30170136116415874
v7-pilots_iteration3-utility_restoration-medium-low-high-medium-modular-private_fragmented-776105-always_act-event_triggered,utility_restoration,medium,low,high,medium,modular,private_fragmented,event_triggered,776105,always_act,0,UTL-16-resource_allocation,U00,no_operational_action,no_information_action,no_communication_action,execute_autonomously,False,False,0.0,False,False,False,0.498121908065728,0.2503580167848164,0.0,0.0,0.0,1.0,0.501878091934272,0.125469522983568,0.6699999999999999,0.2,0.85,0.35,0.7324299872893686,0.7324299872893686,0.0,0.0,0.0,0.0,0.0,0.0,1.0,0.8,0.0,0.0,1,4,0.1709140937148621,0.21976144874234751,0.498121908065728,0.3823562600486333,0.4374058942427873,0.36921120138760577,0.24347413425840386
v7-pilots_iteration3-utility_restoration-medium-low-high-medium-modular-private_fragmented-776105-always_act-event_triggered,utility_restoration,medium,low,high,medium,modular,private_fragmented,event_triggered,776105,always_act,0,UTL-17-critical_load,U05,no_operational_action,request_peer_evidence,send_targeted_summary,execute_autonomously,False,False,0.0,False,False,False,0.7002040354890449,0.07479910273965407,0.0,0.0,0.0,1.0,0.29979596451095514,0.07494899112773878,0.6699999999999999,0.2,0.85,0.35,0.9173410644818347,0.9173410644818347,0.0,0.0,0.0,0.0,0.0,0.0,1.0,0.8,0.0,0.0,1,4,0.07607139029564525,0.2884693720662753,0.7002040354890449,0.5094168803160766,0.5648737479446696,0.45408569490539885,0.30005712993693257
v7-pilots_iteration3-utility_restoration-medium-low-high-medium-modular-private_fragmented-776105-always_act-event_triggered,utility_restoration,medium,low,high,medium,modular,private_fragmented,event_triggered,776105,always_act,0,UTL-18-zone_operator,U02,no_operational_action,request_peer_evidence,send_targeted_summary,execute_autonomously,False,False,0.0,False,False,False,0.5568520964785217,0.09778137943996507,0.0251686049567866,0.03649447718734057,0.0,1.0,0.44314790352147826,0.18318667302634029,0.6699999999999999,0.2,0.85,0.35,0.7103886493600267,0.7103886493600267,0.0,0.0,0.0,0.0,0.0,0.0,1.0,0.8333333333333334,0.0,0.0,1,5,0.1517908826642762,0.24848838732765913,0.5568520964785217,0.40033800093141536,0.4619184620293361,0.4005445471876458,0.26863125760980033
v7-pilots_iteration3-utility_restoration-medium-low-high-medium-modular-private_fragmented-776105-always_act-event_triggered,utility_restoration,medium,low,high,medium,modular,private_fragmented,event_triggered,776105,always_act,0,UTL-19-crew_dispatch,U03,no_operational_action,no_information_action,no_communication_action,execute_autonomously,False,False,0.0,False,False,False,0.38655236437831175,0.4636393930580761,0.0817039293595785,0.11847069757138882,0.0,1.0,0.6134476356216882,0.40082282193910057,0.6699999999999999,0.2,0.85,0.35,0.683551953246151,0.683551953246151,0.0,0.0,0.0,0.0,0.0,0.0,1.0,0.8,0.0,0.0,1,4,0.1284768369364898,0.21026077130575932,0.38655236437831175,0.32550893406286247,0.3650693723698617,0.32235199303889095,0.22645114573449396
v7-pilots_iteration3-utility_restoration-medium-low-high-medium-modular-private_fragmented-776105-always_act-event_triggered,utility_restoration,medium,low,high,medium,modular,private_fragmented,event_triggered,776105,always_act,0,UTL-20-cyber_defense,U04,restore_communication_relay,no_information_action,no_communication_action,execute_autonomously,True,True,-0.013693185625018705,True,False,True,0.5638920808972013,0.17490496842910352,0.10643952083395684,0.15433730520923744,0.0,1.0,0.43610791910279867,0.3666741855745401,0.6699999999999999,0.2,0.85,0.35,0.7733884464442167,0.7733884464442167,0.0,0.0,0.0,0.0,0.0,0.0,1.0,0.8,0.0,0.0,1,4,0.1134828991531126,0.27916426075526546,0.5638920808972013,0.4189039439699347,0.4777730364768935,0.3968346739768246,0.2804102592763249
v7-pilots_iteration3-utility_restoration-medium-low-high-medium-modular-private_fragmented-776105-always_act-event_triggered,utility_restoration,medium,low,high,medium,modular,private_fragmented,event_triggered,776105,always_act,0,UTL-21-communications,U01,no_operational_action,no_information_action,no_communication_action,execute_autonomously,False,False,0.0,False,False,False,0.5027451572975192,0.2059223573976116,0.0,0.0,0.0,1.0,0.4972548427024807,0.12431371067562018,0.6699999999999999,0.2,0.85,0.35,0.7249472453550857,0.7249472453550857,0.0,0.0,0.0,0.0,0.0,0.0,1.0,0.8,0.0,0.0,1,4,0.1401529461493759,0.22133335348115654,0.5027451572975192,0.3823348742577791,0.43638016201883667,0.37115296606495807,0.2447686440433054
v7-pilots_iteration3-utility_restoration-medium-low-high-medium-modular-private_fragmented-776105-always_act-event_triggered,utility_restoration,medium,low,high,medium,modular,private_fragmented,event_triggered,776105,always_act,0,UTL-22-resource_allocation,U02,no_operational_action,no_information_action,no_communication_action,execute_autonomously,False,False,0.0,False,False,False,0.5954108473711189,0.19001637169734864,0.0,0.0,0.0,1.0,0.40458915262888107,0.10114728815722027,0.6699999999999999,0.2,0.85,0.35,0.83505027355403,0.83505027355403,0.0,0.0,0.0,0.0,0.0,0.0,1.0,0.8333333333333334,0.0,0.0,1,5,0.1517908826642762,0.25283968810618046,0.5954108473711189,0.44692690733695506,0.503258470878747,0.41673922256253665,0.2750483705972466
v7-pilots_iteration3-utility_restoration-medium-low-high-medium-modular-private_fragmented-776105-always_act-event_triggered,utility_restoration,medium,low,high,medium,modular,private_fragmented,event_triggered,776105,always_act,0,UTL-23-critical_load,U03,no_operational_action,no_information_action,no_communication_action,execute_autonomously,False,False,0.0,False,False,False,0.5753181774462525,0.15009478585175756,0.20937951603563387,0.3036002982516691,0.0,1.0,0.42468182255374753,0.6043333022310372,0.6699999999999999,0.2,0.85,0.35,0.7760225586065962,0.7760225586065962,0.0,0.0,1.1102230246251565e-16,0.0,0.0,0.0,1.0,0.8,0.0,0.0,1,4,0.1284768369364898,0.3188722519121264,0.5753181774462525,0.42413291063015,0.48349213263580687,0.40163363452742606,0.30152112547515103
v7-pilots_iteration3-utility_restoration-medium-low-high-medium-modular-private_fragmented-776105-always_act-event_triggered,utility_restoration,medium,low,high,medium,modular,private_fragmented,event_triggered,776105,always_act,0,UTL-24-zone_operator,U00,reconfigure_service_edge,no_information_action,no_communication_action,execute_autonomously,True,True,-0.010499999999999999,True,False,True,0.4963753657959056,0.20109206754896858,0.0,0.0,0.0,1.0,0.5036246342040944,0.1259061585510236,0.6699999999999999,0.2,0.85,0.35,0.6854964928004905,0.6854964928004905,0.0,0.0,0.0,0.0,0.0,0.0,1.0,0.8,0.0,0.0,1,4,0.1709140937148621,0.2191676243706079,0.4963753657959056,0.3699242695184849,0.42909155107260877,0.36847765363428037,0.2429851024228536
v7-pilots_iteration3-utility_restoration-medium-low-high-medium-modular-private_fragmented-776105-always_act-event_triggered,utility_restoration,medium,low,high,medium,modular,private_fragmented,event_triggered,776105,always_act,0,UTL-25-crew_dispatch,U01,no_operational_action,request_peer_evidence,send_targeted_summary,execute_autonomously,False,False,0.0,False,False,False,0.6910670375187316,0.04510843474524168,0.23357861455701628,0.3386889911076736,0.0,1.0,0.3089329624812685,0.73037102202165,0.6699999999999999,0.2,0.85,0.35,0.7858287108852354,0.7858287108852354,0.0,0.0,0.0,0.0,0.0,0.0,1.0,0.8,0.0,0.0,1,4,0.1401529461493759,0.36664815062221046,0.6910670375187316,0.47288399272880144,0.536677200613069,0.45024815575786725,0.3381414494381657
v7-pilots_iteration3-utility_restoration-medium-low-high-medium-modular-private_fragmented-776105-always_act-event_triggered,utility_restoration,medium,low,high,medium,modular,private_fragmented,event_triggered,776105,always_act,0,UTL-26-cyber_defense,U02,no_operational_action,request_peer_evidence,send_targeted_summary,execute_autonomously,False,False,0.0,False,False,False,0.6778915973784196,0.11295712328028051,0.0,0.0,0.0,1.0,0.3221084026215803,0.08052710065539508,0.6699999999999999,0.2,0.85,0.35,0.7350215953396396,0.7350215953396396,0.0,0.0,0.0,0.0,0.0,0.0,1.0,0.8333333333333334,0.0,0.0,1,5,0.1517908826642762,0.2808831431086627,0.6778915973784196,0.45491203778627776,0.5165964047701206,0.45138113756560294,0.29814298059929084
v7-pilots_iteration3-utility_restoration-medium-low-high-medium-modular-private_fragmented-776105-always_act-event_triggered,utility_restoration,medium,low,high,medium,modular,private_fragmented,event_triggered,776105,always_act,0,UTL-27-communications,U07,no_operational_action,request_peer_evidence,send_targeted_summary,execute_autonomously,False,False,0.0,False,False,False,0.548149565181188,0.07441664916303703,0.0,0.0,0.0,1.0,0.45185043481881204,0.11296260870470301,0.6699999999999999,0.2,0.85,0.35,0.6390235448914167,0.6390235448914167,0.0,0.0,0.0,0.0,0.0,0.0,1.0,0.8333333333333334,0.0,0.0,1,5,0.11473539443601677,0.23677085216160393,0.548149565181188,0.3790157122953294,0.4479040679745647,0.3968894840427656,0.26181521158406595
v7-pilots_iteration3-utility_restoration-medium-low-high-medium-modular-private_fragmented-776105-always_act-event_triggered,utility_restoration,medium,low,high,medium,modular,private_fragmented,event_triggered,776105,always_act,4,UTL-00-zone_operator,U04,no_operational_action,no_information_action,no_communication_action,execute_autonomously,False,False,0.0,False,False,False,0.5719149045163177,0.23968105473943158,0.0,0.0,0.0,1.0,0.42808509548368234,0.00702127387092058,0.6699999999999999,0.2,0.85,0.35,0.8688950715664057,0.8972721371118622,0.018473450734409536,0.016663294595227862,0.01255936092967802,0.015815278948305145,0.007568086878253055,0.020596883225810214,0.9815265492655905,0.65,0.0,0.0,2,3,0.0832831609530087,0.24485106753554803,0.5719149045163177,0.47185256072630183,0.520465383323808,0.4015115224000849,0.2762152912898772
v7-pilots_iteration3-utility_restoration-medium-low-high-medium-modular-private_fragmented-776105-always_act-event_triggered,utility_restoration,medium,low,high,medium,modular,private_fragmented,event_triggered,776105,always_act,4,UTL-01-crew_dispatch,U09,no_operational_action,request_peer_evidence,send_targeted_summary,execute_autonomously,False,False,0.0,False,False,False,0.8191928096203064,0.05589323892307324,0.0,0.0,0.0,1.0,0.18080719037969362,-0.0547982024050766,0.6699999999999999,0.2,0.85,0.35,0.9737774938846491,0.9737774938846491,0.0,0.0,0.0,0.0,0.0,0.0,1.0,0.8,0.0,0.0,1,4,0.07190526976657174,0.32892555527090417,0.8191928096203064,0.5711214973192849,0.6220368249797439,0.5040609800405287,0.3333739866936858
v7-pilots_iteration3-utility_restoration-medium-low-high-medium-modular-private_fragmented-776105-always_act-event_triggered,utility_restoration,medium,low,high,medium,modular,private_fragmented,event_triggered,776105,always_act,4,UTL-02-cyber_defense,U10,no_operational_action,no_information_action,no_communication_action,execute_autonomously,False,False,0.0,False,False,False,0.5857853533855125,0.2150678081008539,0.0,0.0,0.0,1.0,0.4142146466144875,0.10355366165362187,0.6699999999999999,0.2,0.85,0.35,0.876551175921259,0.876551175921259,0.0,0.0,0.0,0.0,0.0,0.0,1.0,0.8,0.0,0.0,1,4,0.037547415806764795,0.24956702015107426,0.5857853533855125,0.4534519353345198,0.5035334628566155,0.40602984842191525,0.26801989894794354
v7-pilots_iteration3-utility_restoration-medium-low-high-medium-modular-private_fragmented-776105-always_act-event_triggered,utility_restoration,medium,low,high,medium,modular,private_fragmented,event_triggered,776105,always_act,4,UTL-03-communications,U07,no_operational_action,request_peer_evidence,send_targeted_summary,execute_autonomously,False,False,0.0,False,False,False,0.7371190691694283,0.08557326005172608,0.0,0.0,0.0,1.0,0.26288093083057174,-0.03427976729235707,0.6699999999999999,0.2,0.85,0.35,0.9727460002105041,0.9727460002105041,0.0,0.0,0.0,0.0,0.0,0.0,1.0,0.8333333333333334,0.0,0.0,1,5,0.036617186671828006,0.3010204835176057,0.7371190691694283,0.5380341277203974,0.5889269113812762,0.47625667571782654,0.31472667270077326
v7-pilots_iteration3-utility_restoration-medium-low-high-medium-modular-private_fragmented-776105-always_act-event_triggered,utility_restoration,medium,low,high,medium,modular,private_fragmented,event_triggered,776105,always_act,4,UTL-04-resource_allocation,U08,no_operational_action,no_information_action,no_communication_action,execute_autonomously,False,False,0.0,False,False,False,0.5050390178488362,0.31952570512175366,0.2752138588936954,0.3990600953958583,0.0,1.0,0.49496098215116385,0.7949002590687791,0.6699999999999999,0.2,0.85,0.35,0.8026028406557537,0.8026028406557537,0.0,0.0,0.0,0.0,0.0,0.0,1.0,0.8333333333333334,0.0,0.0,1,5,0.07850170297068848,0.3178876889636103,0.5050390178488362,0.4026663173034729,0.45038348451500265,0.3787830541631779,0.2976314697785105
v7-pilots_iteration3-utility_restoration-medium-low-high-medium-modular-private_fragmented-776105-always_act-event_triggered,utility_restoration,medium,low,high,medium,modular,private_fragmented,event_triggered,776105,always_act,4,UTL-05-critical_load,U09,no_operational_action,request_peer_evidence,send_targeted_summary,execute_autonomously,False,False,0.0,False,False,False,0.7057603372791215,0.06341354043781977,0.0,0.0,0.0,1.0,0.2942396627208785,0.07355991568021962,0.6699999999999999,0.2,0.85,0.35,0.9250779440596344,0.9250779440596344,0.0,0.0,0.0,0.0,0.0,0.0,1.0,0.8,0.0,0.0,1,4,0.07190526976657174,0.29035851467490137,0.7057603372791215,0.5135736209265571,0.5668737511534758,0.456419341657231,0.30161289443815403
v7-pilots_iteration3-utility_restoration-medium-low-high-medium-modular-private_fragmented-776105-always_act-event_triggered,utility_restoration,medium,low,high,medium,modular,private_fragmented,event_triggered,776105,always_act,4,UTL-06-zone_operator,U06,no_operational_action,request_peer_evidence,send_targeted_summary,execute_autonomously,False,False,0.0,False,False,False,0.777156116550632,0.007293180947169214,0.2504236587497413,0.3631143051871249,0.0,1.0,0.22284388344936804,0.5905389732717913,0.6699999999999999,0.2,0.85,0.35,0.9837390919381466,0.9837390919381466,0.0,0.0,0.0,0.0,0.0,0.0,1.0,0.8,0.0,0.0,1,4,0.04550398516739096,0.4017805128721249,0.777156116550632,0.5567972196047895,0.6073143988907609,0.48640556895126547,0.365177429256632
v7-pilots_iteration3-utility_restoration-medium-low-high-medium-modular-private_fragmented-776105-always_act-event_triggered,utility_restoration,medium,low,high,medium,modular,private_fragmented,event_triggered,776105,always_act,4,UTL-07-crew_dispatch,U07,no_operational_action,no_information_action,no_communication_action,execute_autonomously,False,False,0.0,False,False,False,0.6550921880739926,0.1961108476287803,0.0,0.0,0.0,1.0,0.3449078119260074,-0.013773047018498158,0.6699999999999999,0.2,0.85,0.35,0.9461350237582296,0.9461350237582296,0.0,0.0,0.0,0.0,0.0,0.0,1.0,0.8333333333333334,0.0,0.0,1,5,0.036617186671828006,0.2731313439451575,0.6550921880739926,0.49857063116915445,0.5480005035148259,0.4418053856577436,0.2917591459940513
v7-pilots_iteration3-utility_restoration-medium-low-high-medium-modular-private_fragmented-776105-always_act-event_triggered,utility_restoration,medium,low,high,medium,modular,private_fragmented,event_triggered,776105,always_act,4,UTL-08-cyber_defense,U08,no_operational_action,request_peer_evidence,send_targeted_summary,execute_autonomously,False,False,0.0,False,False,False,0.7075037332416023,0.07245248969956974,0.2071159251553659,0.30031809147528055,0.0,1.0,0.29249626675839774,0.6073678046841238,0.6699999999999999,0.2,0.85,0.35,0.9560077325918964,0.9560077325918964,0.0,0.0,0.0,0.0,0.0,0.0,1.0,0.8333333333333334,0.0,0.0,1,5,0.07850170297068848,0.3630276112562122,0.7075037332416023,0.5220034264446151,0.5728836161860973,0.46381823462813965,0.34247254961801565
v7-pilots_iteration3-utility_restoration-medium-low-high-medium-modular-private_fragmented-776105-always_act-event_triggered,utility_restoration,medium,low,high,medium,modular,private_fragmented,event_triggered,776105,always_act,4,UTL-09-communications,U05,reconfigure_service_edge,no_information_action,negotiate_commitment,execute_autonomously,True,True,-0.010499999999999999,True,False,True,0.6145115745210783,0.21008056141468034,0.0,0.0,0.0,1.0,0.38548842547892165,-0.0036278936302695936,0.6699999999999999,0.2,0.85,0.35,0.8809860294718234,0.8809860294718234,0.0,0.0,0.0,0.0,0.0,0.0,1.0,0.8,0.0,0.0,1,4,0.06787728116162073,0.25933393533716664,0.6145115745210783,0.46605113717638713,0.5192131124291746,0.4180948612988529,0.27606324086590195
v7-pilots_iteration3-utility_restoration-medium-low-high-medium-modular-private_fragmented-776105-always_act-event_triggered,utility_restoration,medium,low,high,medium,modular,private_fragmented,event_triggered,776105,always_act,4,UTL-10-resource_allocation,U06,deploy_mobile_generation,request_peer_evidence,negotiate_commitment,execute_autonomously,True,True,2.3894999999999915,True,True,False,0.757310228236362,0.009545132953644564,0.0,0.0,0.0,1.0,0.2426897717636381,-0.03932755705909048,0.6699999999999999,0.2,0.85,0.35,0.9595465058199038,0.9595465058199038,0.0,0.0,0.0,0.0,0.0,0.0,1.0,0.8,0.0,0.0,1,4,0.04550398516739096,0.3078854776003631,0.757310228236362,0.5428107177495207,0.5947808152791827,0.478070295859272,0.3160468639061814
v7-pilots_iteration3-utility_restoration-medium-low-high-medium-modular-private_fragmented-776105-always_act-event_triggered,utility_restoration,medium,low,high,medium,modular,private_fragmented,event_triggered,776105,always_act,4,UTL-11-critical_load,U11,no_operational_action,request_peer_evidence,send_targeted_summary,execute_autonomously,False,False,0.0,False,False,False,0.646371739099751,0.09782384013202783,0.0,0.0,0.0,1.0,0.35362826090024896,0.08840706522506224,0.6699999999999999,0.2,0.85,0.35,0.8748826821870924,0.8748826821870924,0.0,0.0,0.0,0.0,0.0,0.0,1.0,0.8,0.0,0.0,1,4,0.06764607776912557,0.27016639129391534,0.646371739099751,0.4772693661866735,0.5320614193179775,0.4314761304218954,0.2849840869479303
v7-pilots_iteration3-utility_restoration-medium-low-high-medium-modular-private_fragmented-776105-always_act-event_triggered,utility_restoration,medium,low,high,medium,modular,private_fragmented,event_triggered,776105,always_act,4,UTL-12-zone_operator,U04,no_operational_action,no_information_action,no_communication_action,execute_autonomously,False,False,0.0,False,False,False,0.9081337222321095,0.30549586052464295,0.4069760278748055,0.590115240418468,0.0,1.0,0.0918662777678905,1.129345549343839,0.6699999999999999,0.2,0.85,0.35,0.8407335333277599,0.8407335333277599,0.0,0.0,0.0,0.0,0.0,0.0,1.0,0.8,0.0,0.0,1,4,0.10175661168741823,0.5007931232593495,0.9081337222321095,0.5734368722247838,0.6192962481964996,0.5414161633374861,0.42909127107520684
v7-pilots_iteration3-utility_restoration-medium-low-high-medium-modular-private_fragmented-776105-always_act-event_triggered,utility_restoration,medium,low,high,medium,modular,private_fragmented,event_triggered,776105,always_act,4,UTL-13-crew_dispatch,U05,no_operational_action,request_peer_evidence,send_targeted_summary,execute_autonomously,False,False,0.0,False,False,False,0.8745738548580706,0.07981998998622258,0.0,0.0,0.0,1.0,0.12542614514192935,0.031356536285482337,0.6699999999999999,0.2,0.85,0.35,0.940258753317465,0.940258753317465,0.0,0.0,0.0,0.0,0.0,0.0,1.0,0.8,0.0,0.0,1,4,0.06787728116162073,0.347755110651744,0.8745738548580706,0.5848942302725945,0.6358898554775071,0.5273210190403896,0.3488806793602598
v7-pilots_iteration3-utility_restoration-medium-low-high-medium-modular-private_fragmented-776105-always_act-event_triggered,utility_restoration,medium,low,high,medium,modular,private_fragmented,event_triggered,776105,always_act,4,UTL-14-cyber_defense,U10,no_operational_action,request_peer_evidence,send_targeted_summary,execute_autonomously,False,False,0.0,False,False,False,0.6605319797742161,0.0843205889333557,0.07222349847773299,0.10472407279271284,0.0,1.0,0.33946802022578393,0.2603322413775948,0.6699999999999999,0.2,0.85,0.35,0.8969265254494229,0.8969265254494229,0.0,0.0,0.0,0.0,0.0,0.0,1.0,0.8,0.0,0.0,1,4,0.037547415806764795,0.30011465059348463,0.6605319797742161,0.4884444232720422,0.541872350504298,0.43742343150517077,0.30151584307190604
v7-pilots_iteration3-utility_restoration-medium-low-high-medium-modular-private_fragmented-776105-always_act-event_triggered,utility_restoration,medium,low,high,medium,modular,private_fragmented,event_triggered,776105,always_act,4,UTL-15-communications,U11,no_operational_action,no_information_action,no_communication_action,execute_autonomously,False,False,0.0,False,False,False,0.4818205934363967,0.24938817143500902,0.0,0.0,0.0,1.0,0.5181794065636033,0.12954485164090082,0.6699999999999999,0.2,0.85,0.35,0.7076442856745752,0.7076442856745752,0.0,0.0,0.0,0.0,0.0,0.0,1.0,0.8,0.0,0.0,1,4,0.06764607776912557,0.21421900176837488,0.4818205934363967,0.3696393087932025,0.42370064200366453,0.36236464924328665,0.2389097661621911
v7-pilots_iteration3-utility_restoration-medium-low-high-medium-modular-private_fragmented-776105-always_act-event_triggered,utility_restoration,medium,low,high,medium,modular,private_fragmented,event_triggered,776105,always_act,4,UTL-16-resource_allocation,U04,no_operational_action,request_peer_evidence,send_targeted_summary,execute_autonomously,False,False,0.0,False,False,False,0.7059294425466114,0.04333522351362812,0.028313084234081378,0.041053972139418,0.0,1.0,0.2940705574533886,0.15469881173717304,0.6699999999999999,0.2,0.85,0.35,0.9097514865886085,0.9097514865886085,0.0,0.0,0.0,0.0,0.0,0.0,1.0,0.8,0.0,0.0,1,4,0.10175661168741823,0.30026896377930823,0.7059294425466114,0.5098096486657967,0.564925332714959,0.4564903658695768,0.30658672056978137
v7-pilots_iteration3-utility_restoration-medium-low-high-medium-modular-private_fragmented-776105-always_act-event_triggered,utility_restoration,medium,low,high,medium,modular,private_fragmented,event_triggered,776105,always_act,4,UTL-17-critical_load,U09,no_operational_action,request_peer_evidence,send_targeted_summary,execute_autonomously,False,False,0.0,False,False,False,0.6889649543333847,0.05052009488146453,0.0,0.0,0.0,1.0,0.3110350456666154,0.07775876141665385,0.6699999999999999,0.2,0.85,0.35,0.7875711666419083,0.7875711666419083,0.0,0.0,0.0,0.0,0.0,0.0,1.0,0.8,0.0,0.0,1,4,0.07190526976657174,0.28464808447335077,0.6889649543333847,0.47247877339383093,0.5346930481574161,0.4493652808200216,0.2969101872133477
v7-pilots_iteration3-utility_restoration-medium-low-high-medium-modular-private_fragmented-776105-always_act-event_triggered,utility_restoration,medium,low,high,medium,modular,private_fragmented,event_triggered,776105,always_act,4,UTL-18-zone_operator,U10,no_operational_action,request_peer_evidence,send_targeted_summary,execute_autonomously,False,False,0.0,False,False,False,0.6933727925284949,0.05531825406204105,0.07109758550080231,0.10309149897616335,0.0,1.0,0.3066272074715051,0.2811752353251848,0.6699999999999999,0.2,0.85,0.35,0.8512705452510068,0.8512705452510068,0.0,0.0,0.0,0.0,0.0,0.0,1.0,0.8,0.0,0.0,1,4,0.037547415806764795,0.3108887092139675,0.6933727925284949,0.49016675332414966,0.5446719879102417,0.45121657286196787,0.3105153617851182
v7-pilots_iteration3-utility_restoration-medium-low-high-medium-modular-private_fragmented-776105-always_act-event_triggered,utility_restoration,medium,low,high,medium,modular,private_fragmented,event_triggered,776105,always_act,4,UTL-19-crew_dispatch,U07,no_operational_action,request_peer_evidence,send_targeted_summary,execute_autonomously,False,False,0.0,False,False,False,0.7105304637039261,0.0843376522516171,0.0,0.0,0.0,1.0,0.28946953629607386,0.07236738407401846,0.6699999999999999,0.2,0.85,0.35,0.9497316706527238,0.9497316706527238,0.0,3.3306690738754696e-16,0.0,0.0,0.0,0.0,1.0,0.8333333333333334,0.0,0.0,1,5,0.036617186671828006,0.29198035765933494,0.7105304637039261,0.5216451031447514,0.5733097370743433,0.46508946142231566,0.30728186317043277
v7-pilots_iteration3-utility_restoration-medium-low-high-medium-modular-private_fragmented-776105-always_act-event_triggered,utility_restoration,medium,low,high,medium,modular,private_fragmented,event_triggered,776105,always_act,4,UTL-20-cyber_defense,U08,no_operational_action,request_peer_evidence,send_targeted_summary,execute_autonomously,False,False,0.0,False,False,False,0.7198883382149261,0.1088094051298637,0.28454568373172073,0.41259124141099507,0.0,1.0,0.2801116617850739,0.7587983999542177,0.6699999999999999,0.2,0.85,0.35,0.966967660570613,0.966967660570613,0.0,0.0,0.0,0.0,0.0,0.0,1.0,0.8333333333333334,0.0,0.0,1,5,0.07850170297068848,0.3941839329317137,0.7198883382149261,0.5296972504286237,0.5805944380506962,0.4690197687169357,0.35941301700283207
v7-pilots_iteration3-utility_restoration-medium-low-high-medium-modular-private_fragmented-776105-always_act-event_triggered,utility_restoration,medium,low,high,medium,modular,private_fragmented,event_triggered,776105,always_act,4,UTL-21-communications,U09,no_operational_action,no_information_action,no_communication_action,execute_autonomously,False,False,0.0,False,False,False,0.5241897427006834,0.30132268439955945,0.10472250113020488,0.15184762663879708,0.0,1.0,0.47581025729931653,0.4360055466668369,0.6699999999999999,0.2,0.85,0.35,0.8251422884278401,0.8251422884278401,0.0,0.0,0.0,0.0,0.0,0.0,1.0,0.8,0.0,0.0,1,4,0.07190526976657174,0.2650679429115437,0.5241897427006834,0.4159614691872334,0.46431424870112503,0.38015969193428706,0.26899484315284705
v7-pilots_iteration3-utility_restoration-medium-low-high-medium-modular-private_fragmented-776105-always_act-event_triggered,utility_restoration,medium,low,high,medium,modular,private_fragmented,event_triggered,776105,always_act,4,UTL-22-resource_allocation,U06,no_operational_action,request_peer_evidence,send_targeted_summary,execute_autonomously,False,False,0.0,False,False,False,0.6520802218784497,0.06036950657259199,0.13877162085264017,0.20121885023632824,0.0,1.0,0.3479197781215503,0.4566579289047402,0.6699999999999999,0.2,0.85,0.35,0.8800442566223249,0.8800442566223249,0.0,0.0,0.0,0.0,0.0,0.0,1.0,0.8,0.0,0.0,1,4,0.04550398516739096,0.32039979949539177,0.6520802218784497,0.4808431529069611,0.5340896491581295,0.4338736931889489,0.31072872415432534
v7-pilots_iteration3-utility_restoration-medium-low-high-medium-modular-private_fragmented-776105-always_act-event_triggered,utility_restoration,medium,low,high,medium,modular,private_fragmented,event_triggered,776105,always_act,4,UTL-23-critical_load,U07,no_operational_action,no_information_action,no_communication_action,execute_autonomously,False,False,0.0,False,False,False,0.6022612707765604,0.1820645761581034,0.0,0.0,0.0,1.0,0.3977387292234396,0.0994346823058599,0.6699999999999999,0.2,0.85,0.35,0.879706628277935,0.879706628277935,0.0,0.0,0.0,0.0,0.0,0.0,1.0,0.8333333333333334,0.0,0.0,1,5,0.036617186671828006,0.25516883206403057,0.6022612707765604,0.46083116538010793,0.5119879767438031,0.41961640039282205,0.27696648915077027
v7-pilots_iteration3-utility_restoration-medium-low-high-medium-modular-private_fragmented-776105-always_act-event_triggered,utility_restoration,medium,low,high,medium,modular,private_fragmented,event_triggered,776105,always_act,4,UTL-24-zone_operator,U08,no_operational_action,no_information_action,no_communication_action,execute_autonomously,False,False,0.0,False,False,False,0.8968864368345548,0.16070269232971335,0.0,0.0,0.0,1.0,0.10311356316544515,0.025778390791361287,0.6699999999999999,0.2,0.85,0.35,0.8586567362118424,0.8586567362118424,0.0,0.0,0.0,0.0,0.0,0.0,1.0,0.8333333333333334,0.0,0.0,1,5,0.07850170297068848,0.35534138852374864,0.8968864368345548,0.5734187587867825,0.6262850966516822,0.5433589701371797,0.3594615356470087
v7-pilots_iteration3-utility_restoration-medium-low-high-medium-modular-private_fragmented-776105-always_act-event_triggered,utility_restoration,medium,low,high,medium,modular,private_fragmented,event_triggered,776105,always_act,4,UTL-25-crew_dispatch,U05,no_operational_action,request_peer_evidence,send_targeted_summary,execute_autonomously,False,False,0.0,False,False,False,0.7363339306078819,0.042541711195989096,0.11766876606583765,0.1706197107954646,0.0,1.0,0.2636660693921181,0.39494457051217613,0.6699999999999999,0.2,0.85,0.35,0.953809598342697,0.953809598342697,0.0,0.0,0.0,0.0,0.0,0.0,1.0,0.8,0.0,0.0,1,4,0.06787728116162073,0.3417022669975913,0.7363339306078819,0.532985971828827,0.5850912526228335,0.4692602508553104,0.33064786586566275
v7-pilots_iteration3-utility_restoration-medium-low-high-medium-modular-private_fragmented-776105-always_act-event_triggered,utility_restoration,medium,low,high,medium,modular,private_fragmented,event_triggered,776105,always_act,4,UTL-26-cyber_defense,U06,no_operational_action,request_peer_evidence,send_targeted_summary,execute_autonomously,False,False,0.0,False,False,False,0.682360009374122,0.0945378327948157,0.0,0.0,0.0,1.0,0.31763999062587794,0.07940999765646949,0.6699999999999999,0.2,0.85,0.35,0.919901707295348,0.919901707295348,0.0,0.0,0.0,0.0,0.0,0.0,1.0,0.8,0.0,0.0,1,4,0.04550398516739096,0.28240240318720156,0.682360009374122,0.5029194305734859,0.5558717447008913,0.44659120393713125,0.2950608026247542
v7-pilots_iteration3-utility_restoration-medium-low-high-medium-modular-private_fragmented-776105-always_act-event_triggered,utility_restoration,medium,low,high,medium,modular,private_fragmented,event_triggered,776105,always_act,4,UTL-27-communications,U11,no_operational_action,no_information_action,no_communication_action,execute_autonomously,False,False,0.0,False,False,False,0.5224274483882883,0.3061920973922605,0.0,0.0,0.0,1.0,0.47757255161171175,0.11939313790292794,0.6699999999999999,0.2,0.85,0.35,0.8111380298684158,0.8111380298684158,0.0,0.0,0.0,0.0,0.0,0.0,1.0,0.8,0.0,0.0,1,4,0.06764607776912557,0.22802533245201803,0.5224274483882883,0.41175548682241925,0.4616967480348513,0.3794195283230811,0.2502796855487207
v7-pilots_iteration3-utility_restoration-medium-low-high-medium-modular-private_fragmented-776105-always_act-event_triggered,utility_restoration,medium,low,high,medium,modular,private_fragmented,event_triggered,776105,always_act,8,UTL-00-zone_operator,U08,no_operational_action,request_peer_evidence,send_targeted_summary,execute_autonomously,False,False,0.0,False,False,False,0.7589428152950303,0.030940903321725055,0.0,0.0,0.0,1.0,0.24105718470496973,-0.03973570382375757,0.6699999999999999,0.2,0.85,0.35,0.9473885261483492,0.9473885261483492,0.0,0.0,0.0,0.0,0.0,0.0,1.0,0.8333333333333334,0.0,0.0,1,5,0.04109195375842156,0.3084405572003104,0.7589428152950303,0.5404242576550995,0.592701532520817,0.48542264909057936,0.3208373216159418
v7-pilots_iteration3-utility_restoration-medium-low-high-medium-modular-private_fragmented-776105-always_act-event_triggered,utility_restoration,medium,low,high,medium,modular,private_fragmented,event_triggered,776105,always_act,8,UTL-01-crew_dispatch,U13,no_operational_action,request_peer_evidence,send_targeted_summary,execute_autonomously,False,False,0.0,False,False,False,0.6812668915653168,0.1167811250987088,0.10131409354099197,0.14690543563443836,0.0,1.0,0.31873310843468317,0.2000087072377825,0.6699999999999999,0.2,0.85,0.35,0.941061956219087,0.941061956219087,0.0,0.0,0.0,0.0,0.0,0.0,1.0,0.8333333333333334,0.0,0.0,1,5,0.020395643978248446,0.31728804768447294,0.6812668915653168,0.5077722456808984,0.5590655009714984,0.4527987611240997,0.3167167152477547
v7-pilots_iteration3-utility_restoration-medium-low-high-medium-modular-private_fragmented-776105-always_act-event_triggered,utility_restoration,medium,low,high,medium,modular,private_fragmented,event_triggered,776105,always_act,8,UTL-02-cyber_defense,U14,no_operational_action,request_peer_evidence,send_targeted_summary,execute_autonomously,False,False,0.0,False,False,False,0.6519199952577468,0.00398567522364246,0.18399033868278142,0.2667859910900331,0.0,1.0,0.3480800047422532,0.5989983259976626,0.6699999999999999,0.2,0.85,0.35,0.8086538443320463,0.8086538443320463,0.0,0.0,0.0,0.0,0.0,0.0,1.0,0.8,0.0,0.0,1,4,0.036119132158453304,0.3360814362492419,0.6519199952577468,0.46293145918611034,0.521703992348109,0.43380639800825366,0.3185519176029731
v7-pilots_iteration3-utility_restoration-medium-low-high-medium-modular-private_fragmented-776105-always_act-event_triggered,utility_restoration,medium,low,high,medium,modular,private_fragmented,event_triggered,776105,always_act,8,UTL-03-communications,U15,no_operational_action,request_peer_evidence,send_targeted_summary,execute_autonomously,False,False,0.0,False,False,False,0.6463632682594506,0.08524475339212206,0.019935727879331525,0.028906805425030713,0.0,1.0,0.35363673174054944,0.038336697381625706,0.6699999999999999,0.2,0.85,0.35,0.847225815019655,0.847225815019655,0.0,0.0,0.0,0.0,0.0,0.0,1.0,0.8,0.0,0.0,1,4,0.06966735906088928,0.2771011445102206,0.6463632682594506,0.470351761058694,0.528461057156874,0.43147257266896927,0.2884505317636499
v7-pilots_iteration3-utility_restoration-medium-low-high-medium-modular-private_fragmented-776105-always_act-event_triggered,utility_restoration,medium,low,high,medium,modular,private_fragmented,event_triggered,776105,always_act,8,UTL-04-resource_allocation,U12,no_operational_action,no_information_action,no_communication_action,execute_autonomously,False,False,0.0,False,False,False,0.6260139816119134,0.15871073421420925,0.0,0.0,0.0,1.0,0.37398601838808665,-0.006503495402978343,0.6699999999999999,0.2,0.85,0.35,0.8924736349607184,0.8924736349607184,0.0,0.0,0.0,0.0,0.0,0.0,1.0,0.8,0.0,0.0,1,4,0.06143646046673057,0.26324475374805056,0.6260139816119134,0.473524001384945,0.5258295888521098,0.4229258722770036,0.27928391485133575
v7-pilots_iteration3-utility_restoration-medium-low-high-medium-modular-private_fragmented-776105-always_act-event_triggered,utility_restoration,medium,low,high,medium,modular,private_fragmented,event_triggered,776105,always_act,8,UTL-05-critical_load,U13,no_operational_action,request_peer_evidence,send_targeted_summary,execute_autonomously,False,False,0.0,False,False,False,0.6526203836600354,0.12464902461565658,0.0,0.0,0.0,1.0,0.3473796163399646,0.08684490408499115,0.6699999999999999,0.2,0.85,0.35,0.8997097430002208,0.8997097430002208,0.0,0.0,0.0,0.0,0.0,0.0,1.0,0.8333333333333334,0.0,0.0,1,5,0.020395643978248446,0.27229093044441205,0.6526203836600354,0.48597558921406936,0.5394749006491568,0.44076722780388156,0.29106704075814327
v7-pilots_iteration3-utility_restoration-medium-low-high-medium-modular-private_fragmented-776105-always_act-event_triggered,utility_restoration,medium,low,high,medium,modular,private_fragmented,event_triggered,776105,always_act,8,UTL-06-zone_operator,U14,no_operational_action,no_information_action,no_communication_action,execute_autonomously,False,False,0.0,False,False,False,0.5023160053445048,0.344520296295222,0.05203511079221555,0.07545091064871255,0.0,1.0,0.4976839946554952,0.15633084138519657,0.6699999999999999,0.2,0.85,0.35,0.7936754861498574,0.7936754861498574,0.0,0.0,0.0,0.0,0.0,0.0,1.0,0.8,0.0,0.0,1,4,0.036119132158453304,0.23929566037282266,0.5023160053445048,0.3993452736752663,0.4493811381620024,0.370972722244692,0.2537025907743069
v7-pilots_iteration3-utility_restoration-medium-low-high-medium-modular-private_fragmented-776105-always_act-event_triggered,utility_restoration,medium,low,high,medium,modular,private_fragmented,event_triggered,776105,always_act,8,UTL-07-crew_dispatch,U11,no_operational_action,request_peer_evidence,send_targeted_summary,execute_autonomously,False,False,0.0,False,False,False,0.6681713912677741,0.08016766702566647,0.0,0.0,0.0,1.0,0.33182860873222586,-0.01704284781694354,0.6699999999999999,0.2,0.85,0.35,0.9180977743891571,0.9180977743891571,0.0,0.0,0.0,0.0,0.0,0.0,1.0,0.8,0.0,0.0,1,4,0.05646674977867738,0.2775782730310432,0.6681713912677741,0.496793000104399,0.5483950121424236,0.44063198433246514,0.2910879895549768
v7-pilots_iteration3-utility_restoration-medium-low-high-medium-modular-private_fragmented-776105-always_act-event_triggered,utility_restoration,medium,low,high,medium,modular,private_fragmented,event_triggered,776105,always_act,8,UTL-08-cyber_defense,U12,no_operational_action,no_information_action,no_communication_action,execute_autonomously,False,False,0.0,False,False,False,0.6560504051642246,0.15360010192165807,0.018399476335902883,0.02667924068705918,0.0,1.0,0.3439495948357753,0.13344780044995347,0.6699999999999999,0.2,0.85,0.35,0.9366240626032908,0.9366240626032908,0.0,0.0,0.0,0.0,0.0,0.0,1.0,0.8,0.0,0.0,1,4,0.06143646046673057,0.2798601555207306,0.6560504051642246,0.4965761777165125,0.5467555119894381,0.43554117016897437,0.29089562232843
v7-pilots_iteration3-utility_restoration-medium-low-high-medium-modular-private_fragmented-776105-always_act-event_triggered,utility_restoration,medium,low,high,medium,modular,private_fragmented,event_triggered,776105,always_act,8,UTL-09-communications,U13,no_operational_action,request_peer_evidence,send_targeted_summary,execute_autonomously,False,False,0.0,False,False,False,0.673369331275059,0.11858594305315975,0.0,0.0,0.0,1.0,0.32663066872494095,-0.018342332818764767,0.6699999999999999,0.2,0.85,0.35,0.9145299089544532,0.9145299089544532,0.0,0.0,0.0,0.0,0.0,0.0,1.0,0.8333333333333334,0.0,0.0,1,5,0.020395643978248446,0.2793455726335201,0.673369331275059,0.49798020974863694,0.5514800046319653,0.44948178580219145,0.29687674609034986
v7-pilots_iteration3-utility_restoration-medium-low-high-medium-modular-private_fragmented-776105-always_act-event_triggered,utility_restoration,medium,low,high,medium,modular,private_fragmented,event_triggered,776105,always_act,8,UTL-10-resource_allocation,U10,no_operational_action,no_information_action,no_communication_action,execute_autonomously,False,False,0.0,False,False,False,0.6558324384322474,0.1568836167718249,0.0,0.0,0.0,1.0,0.3441675615677527,-0.013958109608061833,0.6699999999999999,0.2,0.85,0.35,0.9161326416581642,0.9161326416581642,0.0,0.0,0.0,0.0,0.0,0.0,1.0,0.8,0.0,0.0,1,4,0.0170809326880369,0.2733830290669641,0.6558324384322474,0.49136613578744004,0.5442255009537316,0.4354496241415439,0.2876330827610293
v7-pilots_iteration3-utility_restoration-medium-low-high-medium-modular-private_fragmented-776105-always_act-event_triggered,utility_restoration,medium,low,high,medium,modular,private_fragmented,event_triggered,776105,always_act,8,UTL-11-critical_load,U15,no_operational_action,request_peer_evidence,send_targeted_summary,execute_autonomously,False,False,0.0,False,False,False,0.6853286847781603,0.12604148846896737,0.02632114832352722,0.03816566506911447,0.0,1.0,0.31467131522183966,0.14512368732729455,0.6699999999999999,0.2,0.85,0.35,0.9388053485861781,0.9388053485861781,0.0,0.0,0.0,0.0,0.0,0.0,1.0,0.8,0.0,0.0,1,4,0.06966735906088928,0.292571512441162,0.6853286847781603,0.5088328110578086,0.5608922694514358,0.4478380476068274,0.3004719115461787
v7-pilots_iteration3-utility_restoration-medium-low-high-medium-modular-private_fragmented-776105-always_act-event_triggered,utility_restoration,medium,low,high,medium,modular,private_fragmented,event_triggered,776105,always_act,8,UTL-12-zone_operator,U12,reconfigure_service_edge,request_peer_evidence,send_targeted_summary,execute_autonomously,True,True,-0.012922676288937396,True,False,True,0.7102854531050795,0.04978809071732923,0.08075587629791323,0.11709602063197418,0.0,1.0,0.28971454689492043,0.2919663930533276,0.6699999999999999,0.2,0.85,0.35,0.943974007744239,0.943974007744239,0.0,0.0,0.0,3.3306690738754696e-16,0.0,0.0,1.0,0.8,0.0,0.0,1,4,0.06143646046673057,0.3200000990074009,0.7102854531050795,0.5201076831780915,0.5718453217268579,0.4583198903041334,0.3169314493452593
v7-pilots_iteration3-utility_restoration-medium-low-high-medium-modular-private_fragmented-776105-always_act-event_triggered,utility_restoration,medium,low,high,medium,modular,private_fragmented,event_triggered,776105,always_act,8,UTL-13-crew_dispatch,U09,no_operational_action,request_peer_evidence,send_targeted_summary,execute_autonomously,False,False,0.0,False,False,False,0.7146542659639409,0.05202849226480283,0.014694718768251075,0.021307342213964058,0.0,1.0,0.2853457340360591,0.10225760364647356,0.6699999999999999,0.2,0.85,0.35,0.8362826285045177,0.8362826285045177,0.0,0.0,0.0,3.3306690738754696e-16,0.0,0.0,1.0,0.8,0.0,0.0,1,4,0.05331979821531574,0.2984962125590913,0.7146542659639409,0.4949323635117058,0.5535437654421738,0.4601547917048552,0.3066600755355793
v7-pilots_iteration3-utility_restoration-medium-low-high-medium-modular-private_fragmented-776105-always_act-event_triggered,utility_restoration,medium,low,high,medium,modular,private_fragmented,event_triggered,776105,always_act,8,UTL-14-cyber_defense,U14,no_operational_action,no_information_action,no_communication_action,execute_autonomously,False,False,0.0,False,False,False,0.6246635351162484,0.1824704506911053,0.16992861137161178,0.24639648648883708,0.0,1.0,0.3753364648837516,0.5066715525192802,0.6699999999999999,0.2,0.85,0.35,0.9099914256207233,0.9099914256207233,0.0,0.0,0.0,0.0,0.0,0.0,1.0,0.8,0.0,0.0,1,4,0.036119132158453304,0.32192075869684533,0.6246635351162484,0.4773632704516802,0.5276801583705537,0.4223586847488243,0.30847336821121
v7-pilots_iteration3-utility_restoration-medium-low-high-medium-modular-private_fragmented-776105-always_act-event_triggered,utility_restoration,medium,low,high,medium,modular,private_fragmented,event_triggered,776105,always_act,8,UTL-15-communications,U15,reconfigure_service_edge,no_information_action,no_communication_action,execute_autonomously,True,True,-0.010499999999999999,True,False,True,0.5962398821108144,0.20397247928408094,0.0,0.0,0.0,1.0,0.40376011788918564,0.10094002947229641,0.6699999999999999,0.2,0.85,0.35,0.8692264989164731,0.8692264989164731,0.0,0.0,0.0,0.0,0.0,0.0,1.0,0.8,0.0,0.0,1,4,0.06966735906088928,0.25312155991767693,0.5962398821108144,0.455802577573444,0.5080711295395095,0.41042075048654203,0.27094716699102805
v7-pilots_iteration3-utility_restoration-medium-low-high-medium-modular-private_fragmented-776105-always_act-event_triggered,utility_restoration,medium,low,high,medium,modular,private_fragmented,event_triggered,776105,always_act,8,UTL-16-resource_allocation,U08,no_operational_action,request_peer_evidence,send_targeted_summary,execute_autonomously,False,False,0.0,False,False,False,0.6822193572983726,0.09442344573365336,0.0,0.0,0.0,1.0,0.31778064270162737,0.07944516067540684,0.6699999999999999,0.2,0.85,0.35,0.9103208611008995,0.9103208611008995,0.0,0.0,0.0,0.0,0.0,0.0,1.0,0.8333333333333334,0.0,0.0,1,5,0.04109195375842156,0.28235458148144665,0.6822193572983726,0.5004679581945739,0.5542882810606109,0.45319879673198316,0.29935475337687767
v7-pilots_iteration3-utility_restoration-medium-low-high-medium-modular-private_fragmented-776105-always_act-event_triggered,utility_restoration,medium,low,high,medium,modular,private_fragmented,event_triggered,776105,always_act,8,UTL-17-critical_load,U13,no_operational_action,no_information_action,no_communication_action,execute_autonomously,False,False,0.0,False,False,False,0.6091219550182386,0.22102780417202075,0.03728054172468335,0.054056785500790856,0.0,1.0,0.3908780449817614,0.20872784511389725,0.6699999999999999,0.2,0.85,0.35,0.9089640492134173,0.9089640492134173,0.0,0.0,0.0,0.0,0.0,0.0,1.0,0.8333333333333334,0.0,0.0,1,5,0.020395643978248446,0.27047509322639096,0.6091219550182386,0.4708897943106498,0.5200975080622827,0.4224978877743269,0.28537429499853506
v7-pilots_iteration3-utility_restoration-medium-low-high-medium-modular-private_fragmented-776105-always_act-event_triggered,utility_restoration,medium,low,high,medium,modular,private_fragmented,event_triggered,776105,always_act,8,UTL-18-zone_operator,U14,no_operational_action,no_information_action,no_communication_action,execute_autonomously,False,False,0.0,False,False,False,0.5731300576164301,0.2602776869421017,0.3664340782774238,0.5313294135022645,0.0,1.0,0.4268699423835699,1.1607972145597656,0.6699999999999999,0.2,0.85,0.35,0.8778128932401184,0.8778128932401184,0.0,0.0,0.0,0.0,0.0,0.0,1.0,0.8,0.0,0.0,1,4,0.036119132158453304,0.37278327883012974,0.5731300576164301,0.44870524635660164,0.497446734996399,0.4007146241989007,0.3282359457528722
v7-pilots_iteration3-utility_restoration-medium-low-high-medium-modular-private_fragmented-776105-always_act-event_triggered,utility_restoration,medium,low,high,medium,modular,private_fragmented,event_triggered,776105,always_act,8,UTL-19-crew_dispatch,U15,no_operational_action,no_information_action,no_communication_action,execute_autonomously,False,False,0.0,False,False,False,0.7961735683690644,0.18873351213514813,0.0,0.0,0.0,1.0,0.20382643163093558,0.050956607907733896,0.6699999999999999,0.2,0.85,0.35,0.8924859978575796,0.8924859978575796,0.0,0.0,0.0,0.0,0.0,0.0,1.0,0.8,0.0,0.0,1,4,0.06966735906088928,0.32109901324548196,0.7961735683690644,0.5415909268120207,0.5920403818110423,0.4943928987150071,0.32692859914333805
v7-pilots_iteration3-utility_restoration-medium-low-high-medium-modular-private_fragmented-776105-always_act-event_triggered,utility_restoration,medium,low,high,medium,modular,private_fragmented,event_triggered,776105,always_act,8,UTL-20-cyber_defense,U12,no_operational_action,no_information_action,no_communication_action,execute_autonomously,False,False,0.0,False,False,False,0.6034156205310945,0.18281694085353772,0.03061314387508308,0.044389058618870464,0.0,1.0,0.39658437946890546,0.17324818512782786,0.6699999999999999,0.2,0.85,0.35,0.8618764379177726,0.8618764379177726,0.0,0.0,0.0,0.0,0.0,0.0,1.0,0.8,0.0,0.0,1,4,0.06143646046673057,0.26621468504910106,0.6034156205310945,0.456835357691881,0.5103454588479809,0.4134345606230597,0.27828306078297094
v7-pilots_iteration3-utility_restoration-medium-low-high-medium-modular-private_fragmented-776105-always_act-event_triggered,utility_restoration,medium,low,high,medium,modular,private_fragmented,event_triggered,776105,always_act,8,UTL-21-communications,U13,no_operational_action,request_peer_evidence,send_targeted_summary,execute_autonomously,False,False,0.0,False,False,False,0.6827994463859316,0.12568389634461807,0.14210897739100853,0.20605801721696237,0.0,1.0,0.3172005536140684,0.509542680485018,0.6699999999999999,0.2,0.85,0.35,0.9241673900957554,0.9241673900957554,0.0,0.0,0.0,0.0,0.0,0.0,1.0,0.8333333333333334,0.0,0.0,1,5,0.020395643978248446,0.33200573590328775,0.6827994463859316,0.5041616260783115,0.5573560634195864,0.45344243414875796,0.32424414038742966
v7-pilots_iteration3-utility_restoration-medium-low-high-medium-modular-private_fragmented-776105-always_act-event_triggered,utility_restoration,medium,low,high,medium,modular,private_fragmented,event_triggered,776105,always_act,8,UTL-22-resource_allocation,U14,no_operational_action,request_peer_evidence,send_targeted_summary,execute_autonomously,False,False,0.0,False,False,False,0.6624143703089467,0.05082624991372631,0.1801899110708561,0.26127537105274135,0.0,1.0,0.33758562969105327,0.5644098476347403,0.6699999999999999,0.2,0.85,0.35,0.873409035335477,0.873409035335477,0.0,0.0,0.0,0.0,0.0,0.0,1.0,0.8,0.0,0.0,1,4,0.036119132158453304,0.3383269749576998,0.6624143703089467,0.483318006957448,0.538454119779171,0.43821403552975763,0.3208290682128341
v7-pilots_iteration3-utility_restoration-medium-low-high-medium-modular-private_fragmented-776105-always_act-event_triggered,utility_restoration,medium,low,high,medium,modular,private_fragmented,event_triggered,776105,always_act,8,UTL-23-critical_load,U11,no_operational_action,no_information_action,no_communication_action,execute_autonomously,False,False,0.0,False,False,False,0.45054812381108245,0.33674253967048784,0.13360839556336102,0.19373217356687347,0.0,1.0,0.5494518761889176,0.4552485956965267,0.6699999999999999,0.2,0.85,0.35,0.7333026054766333,0.7333026054766333,0.0,0.0,0.0,0.0,0.0,0.0,1.0,0.8,0.0,0.0,1,4,0.05646674977867738,0.2500820837518177,0.45054812381108245,0.3635449008935913,0.40949860292914203,0.3492302120006546,0.25340133549512794
v7-pilots_iteration3-utility_restoration-medium-low-high-medium-modular-private_fragmented-776105-always_act-event_triggered,utility_restoration,medium,low,high,medium,modular,private_fragmented,event_triggered,776105,always_act,8,UTL-24-zone_operator,U12,isolate_component,no_information_action,no_communication_action,execute_autonomously,True,True,-5.18142721642211,True,False,True,0.8213801227093113,0.1566950620167563,0.2048051509573854,0.29696746888820885,0.0,1.0,0.1786198772906887,0.4891094991348947,0.6699999999999999,0.2,0.85,0.35,0.9302890994666599,0.9302890994666599,0.0,0.0,0.0,0.0,0.0,0.0,1.0,0.8,0.0,0.0,1,4,0.06143646046673057,0.40094143425433604,0.8213801227093113,0.5611243239503896,0.6126181613931013,0.5049796515379108,0.36962253062519224
v7-pilots_iteration3-utility_restoration-medium-low-high-medium-modular-private_fragmented-776105-always_act-event_triggered,utility_restoration,medium,low,high,medium,modular,private_fragmented,event_triggered,776105,always_act,8,UTL-25-crew_dispatch,U13,no_operational_action,no_information_action,no_communication_action,execute_autonomously,False,False,0.0,False,False,False,0.6445047237389667,0.1968108628122348,0.0,0.0,0.0,1.0,0.3554952762610333,0.08887381906525832,0.6699999999999999,0.2,0.85,0.35,0.9396954797789975,0.9396954797789975,0.0,0.0,0.0,0.0,0.0,0.0,1.0,0.8333333333333334,0.0,0.0,1,5,0.020395643978248446,0.2695316060712487,0.6445047237389667,0.49272575944033603,0.5419744647315218,0.4373586506370327,0.288794655980244
v7-pilots_iteration3-utility_restoration-medium-low-high-medium-modular-private_fragmented-776105-always_act-event_triggered,utility_restoration,medium,low,high,medium,modular,private_fragmented,event_triggered,776105,always_act,8,UTL-26-cyber_defense,U10,no_operational_action,request_peer_evidence,send_targeted_summary,execute_autonomously,False,False,0.0,False,False,False,0.7148484698060862,0.08790835188094398,0.14059287630753828,0.20385967064593052,0.0,1.0,0.2851515301939138,0.46773715737845784,0.6699999999999999,0.2,0.85,0.35,0.9655301487196538,0.9655301487196538,0.0,0.0,0.0,0.0,0.0,0.0,1.0,0.8,0.0,0.0,1,4,0.0170809326880369,0.34237480068909265,0.7148484698060862,0.527321925102348,0.5779587325469979,0.4602363573185562,0.32862073202321584
v7-pilots_iteration3-utility_restoration-medium-low-high-medium-modular-private_fragmented-776105-always_act-event_triggered,utility_restoration,medium,low,high,medium,modular,private_fragmented,event_triggered,776105,always_act,8,UTL-27-communications,U15,no_operational_action,no_information_action,no_communication_action,execute_autonomously,False,False,0.0,False,False,False,0.5308163066120307,0.32028762058626525,0.0,0.0,0.0,1.0,0.4691836933879693,0.11729592334699232,0.6699999999999999,0.2,0.85,0.35,0.8545604167040725,0.8545604167040725,0.0,0.0,0.0,0.0,0.0,0.0,1.0,0.8,0.0,0.0,1,4,0.06966735906088928,0.23087754424809045,0.5308163066120307,0.4259666268208304,0.47165477744189244,0.3829428487770529,0.2526285658513686
v7-pilots_iteration3-utility_restoration-medium-low-high-medium-modular-private_fragmented-776105-always_act-event_triggered,utility_restoration,medium,low,high,medium,modular,private_fragmented,event_triggered,776105,always_act,12,UTL-00-zone_operator,U00,no_operational_action,no_information_action,no_communication_action,execute_autonomously,False,False,0.0,False,False,False,0.5761210794841803,0.23023815337192596,0.1372484699050465,0.1990102813623174,0.0,1.0,0.42387892051581966,0.31251887348720464,0.6699999999999999,0.2,0.85,0.35,0.8559437588748673,0.876995751081588,0.03522855093614363,0.027813855473490356,0.03209928723992672,0.03554361576782905,0.02142990465366912,0.128440973292972,0.9647714490638564,0.725,0.0547621581732467,0.03522855093614363,2,3,0.03656043589767766,0.29404363455157756,0.5761210794841803,0.49375434282299,0.5378227659355442,0.5822011327886731,0.43519598139694277
v7-pilots_iteration3-utility_restoration-medium-low-high-medium-modular-private_fragmented-776105-always_act-event_triggered,utility_restoration,medium,low,high,medium,modular,private_fragmented,event_triggered,776105,always_act,12,UTL-01-crew_dispatch,U05,no_operational_action,request_peer_evidence,send_targeted_summary,execute_autonomously,False,False,0.0,False,False,False,0.759021677143997,0.06935626203496473,0.38369071636615015,0.11950660521969707,0.0,1.0,0.24097832285600293,0.4198855045028538,0.6699999999999999,0.2,0.85,0.35,0.9220538824526475,0.9220538824526475,0.0,0.0,0.0,0.0,0.0,0.0,1.0,0.8,0.05441187637303335,0.0,1,4,0.029268359487585882,0.33714895548168633,0.759021677143997,0.5341221414707608,0.5874244011607347,0.4787891044004788,0.3308668622266828
v7-pilots_iteration3-utility_restoration-medium-low-high-medium-modular-private_fragmented-776105-always_act-event_triggered,utility_restoration,medium,low,high,medium,modular,private_fragmented,event_triggered,776105,always_act,12,UTL-02-cyber_defense,U02,no_operational_action,request_peer_evidence,send_targeted_summary,execute_autonomously,False,False,0.0,False,False,False,0.6872321159807204,0.10214244246339055,0.32487149934837045,0.47106367405513716,0.0,1.0,0.3127678840192796,0.9821914266628645,0.6699999999999999,0.2,0.85,0.35,0.9284931250767868,0.9240067931967024,0.008470897289413637,0.006536552610011626,0.007342573295076926,0.008350063162471555,0.0047194585862586624,0.0,0.9915291027105864,0.7916666666666666,0.043984972330027516,0.008470897289413637,2,4,0.06067992439497949,0.39711420120667795,0.6872321159807204,0.518875383866664,0.5696140858551024,0.4469708220452359,0.3666699040663521
v7-pilots_iteration3-utility_restoration-medium-low-high-medium-modular-private_fragmented-776105-always_act-event_triggered,utility_restoration,medium,low,high,medium,modular,private_fragmented,event_triggered,776105,always_act,12,UTL-03-communications,U03,reconfigure_service_edge,no_information_action,negotiate_commitment,execute_autonomously,True,True,-0.010499999999999999,True,False,True,0.6597339077942541,0.14658166110872334,0.0,0.0,0.0,1.0,0.3402660922057459,-0.014933476948563534,0.6699999999999999,0.2,0.85,0.35,0.9178886518109213,0.931408138045205,0.03300990134139903,0.023524728788813398,0.032351507076565755,0.034834073134235255,0.022785794214090105,0.0,0.966990098658601,0.725,0.0357996456635562,0.03300990134139903,2,3,0.006098499243107014,0.2747095286500464,0.6597339077942541,0.5395795879483907,0.580874558422416,0.4220882412735867,0.33771937932191165
v7-pilots_iteration3-utility_restoration-medium-low-high-medium-modular-private_fragmented-776105-always_act-event_triggered,utility_restoration,medium,low,high,medium,modular,private_fragmented,event_triggered,776105,always_act,12,UTL-04-resource_allocation,U04,deploy_mobile_generation,request_peer_evidence,negotiate_commitment,execute_autonomously,True,True,-0.010499999999999999,True,False,True,0.6608883709476927,0.04996150846142716,0.0,0.0,0.0,1.0,0.3391116290523073,-0.015222092736923182,0.6699999999999999,0.2,0.85,0.35,0.8617908228662711,0.8756259863891803,0.021730926600378675,0.01811032489347253,0.016116725253993436,0.01985358909384316,0.008789115011208937,0.0,0.9782690733996213,0.725,-0.023560014321829414,0.021730926600378675,2,3,0.03199586852306824,0.27510204612221556,0.6608883709476927,0.510226351336175,0.5632824287118954,0.4225731157980309,0.31649787167246163
v7-pilots_iteration3-utility_restoration-medium-low-high-medium-modular-private_fragmented-776105-always_act-event_triggered,utility_restoration,medium,low,high,medium,modular,private_fragmented,event_triggered,776105,always_act,12,UTL-05-critical_load,U01,no_operational_action,no_information_action,no_communication_action,execute_autonomously,False,False,0.0,False,False,False,0.5694736313490765,0.2675995529611367,0.0,0.0,0.0,1.0,0.43052636865092353,0.10763159216273088,0.6699999999999999,0.2,0.85,0.35,0.8724576541230328,0.8724576541230328,0.0,0.0,0.0,0.0,0.0,0.0,1.0,0.8,0.07550286535885198,0.0,1,4,0.0384378005335021,0.24402103465868602,0.5694736313490765,0.4459038660703888,0.49503640553711925,0.39917892516661213,0.26345261677774146
v7-pilots_iteration3-utility_restoration-medium-low-high-medium-modular-private_fragmented-776105-always_act-event_triggered,utility_restoration,medium,low,high,medium,modular,private_fragmented,event_triggered,776105,always_act,12,UTL-06-zone_operator,U02,no_operational_action,no_information_action,no_communication_action,execute_autonomously,False,False,0.0,False,False,False,0.5723431738978947,0.2555296123086571,0.0,0.0,0.0,1.0,0.4276568261021053,0.006914206525526323,0.6699999999999999,0.2,0.85,0.35,0.8724551563482561,0.8758554968243176,0.016879848873623593,0.016961180848480084,0.008705895912076156,0.012805815633826323,0.003447695272880691,0.0,0.9831201511263764,0.7916666666666666,0.10314942345679956,0.016879848873623593,2,4,0.052270972810769534,0.2449966791252842,0.5723431738978947,0.4706828470692949,0.5219727806946866,0.3987174663704491,0.2911438281974777
v7-pilots_iteration3-utility_restoration-medium-low-high-medium-modular-private_fragmented-776105-always_act-event_triggered,utility_restoration,medium,low,high,medium,modular,private_fragmented,event_triggered,776105,always_act,12,UTL-07-crew_dispatch,U03,no_operational_action,no_information_action,no_communication_action,execute_autonomously,False,False,0.0,False,False,False,0.6173979804342906,0.19316583041448068,0.0,0.0,0.0,1.0,0.38260201956570933,-0.0043494951085726735,0.6699999999999999,0.2,0.85,0.35,0.9103792094518156,0.9103792094518156,0.0,0.0,0.0,0.0,0.0,0.0,1.0,0.8,0.15015963421158018,0.0,1,4,0.03910840058450604,0.26031531334765884,0.6173979804342906,0.47455399453667013,0.5242482810408506,0.4193071517824021,0.2768714345216014
v7-pilots_iteration3-utility_restoration-medium-low-high-medium-modular-private_fragmented-776105-always_act-event_triggered,utility_restoration,medium,low,high,medium,modular,private_fragmented,event_triggered,776105,always_act,12,UTL-08-cyber_defense,U00,restore_communication_relay,request_peer_evidence,send_targeted_summary,execute_autonomously,True,False,0.0,False,False,False,0.7503712842346152,0.07972160617643381,0.024803936445765253,0.03596570784635962,0.0,1.0,0.2496287157653848,0.12638752093496103,0.6699999999999999,0.2,0.85,0.35,0.8762920354246932,0.8820276722178872,0.006659026648042854,0.008334297149192094,0.002482758622842307,0.004209975615802275,0.0008090153681329371,0.022269512537724023,0.9933409733519571,0.725,0.15680140785534114,0.006659026648042854,2,3,0.06512996018577843,0.3141580065228955,0.7503712842346152,0.5285441598572794,0.5890175341154457,0.4940055984358789,0.33586102195068473
v7-pilots_iteration3-utility_restoration-medium-low-high-medium-modular-private_fragmented-776105-always_act-event_triggered,utility_restoration,medium,low,high,medium,modular,private_fragmented,event_triggered,776105,always_act,12,UTL-09-communications,U01,no_operational_action,request_peer_evidence,send_targeted_summary,execute_autonomously,False,False,0.0,False,False,False,0.7873371939711755,0.0019028305224263742,0.2517345406670261,0.34501508396718783,0.0,1.0,0.21266280602882442,0.5829387017585543,0.6699999999999999,0.2,0.85,0.35,0.9714695227623376,0.9714695227623376,0.0,0.0,0.0,0.0,0.0,0.0,1.0,0.8,0.14238458504653773,0.0,1,4,0.0384378005335021,0.4008982661023248,0.7873371939711755,0.5578022582790546,0.6094094331454117,0.49068162146789374,0.3658562243879917
v7-pilots_iteration3-utility_restoration-medium-low-high-medium-modular-private_fragmented-776105-always_act-event_triggered,utility_restoration,medium,low,high,medium,modular,private_fragmented,event_triggered,776105,always_act,12,UTL-10-resource_allocation,U02,deploy_mobile_generation,no_information_action,negotiate_commitment,execute_autonomously,False,True,0.0,False,False,False,0.6465660687344503,0.16934120276297474,0.0,0.0,0.0,1.0,0.3534339312655497,-0.011641517183612587,0.6699999999999999,0.2,0.85,0.35,0.9252569428722326,0.9252569428722326,0.0,0.0,0.0,0.0,0.0,0.0,1.0,0.8333333333333334,0.20789961139991409,0.0,1,5,0.06915082168439313,0.2702324633697131,0.6465660687344503,0.48994066321183827,0.540734986402487,0.4382244155351358,0.28937183257897947
v7-pilots_iteration3-utility_restoration-medium-low-high-medium-modular-private_fragmented-776105-always_act-event_triggered,utility_restoration,medium,low,high,medium,modular,private_fragmented,event_triggered,776105,always_act,12,UTL-11-critical_load,U07,no_operational_action,request_peer_evidence,send_targeted_summary,execute_autonomously,False,False,0.0,False,False,False,0.685691038779815,0.03767864063239951,0.5656424503338213,0.27018155298404084,0.0,1.0,0.31430896122018503,0.8883097385614178,0.6699999999999999,0.2,0.85,0.35,0.8507032346857992,0.8441235094158256,0.011026245323222161,0.014390139197323126,0.0046773751214782555,0.007179829577668051,0.00231724675252154,0.042577035114052864,0.9889737546767778,0.7916666666666666,-0.00019311337921290583,0.011026245323222161,2,4,0.046247931051463076,0.3483785259013069,0.685691038779815,0.5023889676358868,0.5633870503126936,0.5110406629942159,0.37686001740704445
v7-pilots_iteration3-utility_restoration-medium-low-high-medium-modular-private_fragmented-776105-always_act-event_triggered,utility_restoration,medium,low,high,medium,modular,private_fragmented,event_triggered,776105,always_act,12,UTL-12-zone_operator,U00,no_operational_action,no_information_action,no_communication_action,execute_autonomously,False,False,0.0,False,False,False,0.43064543340562733,0.46531147464967737,0.039038797073851446,0.0566062557570846,0.0,1.0,0.5693545665943727,0.24846701660155332,0.6699999999999999,0.2,0.85,0.35,0.7660884321860264,0.7678008262384235,0.005111010734863086,0.006733032486511692,0.0017999094583205366,0.003128231195344111,0.000617169502527326,0.01844188941748104,0.9948889892651369,0.725,-0.09738913009332673,0.005111010734863086,2,3,0.0666779760989582,0.2104049487396136,0.43064543340562733,0.37093569643756585,0.41205635337711155,0.35390275394493464,0.2435082028123696
v7-pilots_iteration3-utility_restoration-medium-low-high-medium-modular-private_fragmented-776105-always_act-event_triggered,utility_restoration,medium,low,high,medium,modular,private_fragmented,event_triggered,776105,always_act,12,UTL-13-crew_dispatch,U01,no_operational_action,request_peer_evidence,send_targeted_summary,execute_autonomously,False,False,0.0,False,False,False,0.701739475612751,0.01084620675673087,0.15334531341870972,0.20235070445712905,0.0,1.0,0.29826052438724904,0.37873941511382825,0.6699999999999999,0.2,0.85,0.35,0.8767491389596891,0.8767491389596891,0.0,0.0,0.0,0.0,0.0,0.0,1.0,0.8,0.03436030642353061,0.0,1,4,0.0384378005335021,0.3375555907780463,0.701739475612751,0.49988307498502266,0.5571329189602767,0.4547305797573554,0.3247691377064258
v7-pilots_iteration3-utility_restoration-medium-low-high-medium-modular-private_fragmented-776105-always_act-event_triggered,utility_restoration,medium,low,high,medium,modular,private_fragmented,event_triggered,776105,always_act,12,UTL-14-cyber_defense,U06,no_operational_action,no_information_action,no_communication_action,execute_autonomously,False,False,0.0,False,False,False,0.584623001843576,0.21845774023582054,0.0,0.0,0.0,1.0,0.41537699815642404,0.10384424953910601,0.6699999999999999,0.2,0.85,0.35,0.8732569281271256,0.9063901936457092,0.014574293227709978,0.011729790729067102,0.011548403847229327,0.013677174823565563,0.007232543495336641,0.0,0.98542570677229,0.7,0.14223258495744673,0.014574293227709978,2,3,0.03964579547063263,0.24917182062681584,0.584623001843576,0.47256744328800576,0.5200469238019072,0.38554166077430185,0.2798218551033028
v7-pilots_iteration3-utility_restoration-medium-low-high-medium-modular-private_fragmented-776105-always_act-event_triggered,utility_restoration,medium,low,high,medium,modular,private_fragmented,event_triggered,776105,always_act,12,UTL-15-communications,U03,reconfigure_service_edge,request_peer_evidence,send_targeted_summary,execute_autonomously,True,False,0.0,False,False,False,0.6293321121290913,0.08882261986282791,0.0,0.0,0.0,1.0,0.3706678878709086,0.09266697196772715,0.6699999999999999,0.2,0.85,0.35,0.8726050007568313,0.8947569713166402,0.03490228208386148,0.026280042162029615,0.032212956897963774,0.0354262176289325,0.02256578665967246,0.0,0.9650977179161385,0.5666666666666667,0.11774680949110439,0.03490228208386148,3,2,0.004206118500644562,0.2643729181238911,0.6293321121290913,0.5187472899582505,0.5615455285347182,0.3776528204275517,0.3114707390909709
v7-pilots_iteration3-utility_restoration-medium-low-high-medium-modular-private_fragmented-776105-always_act-event_triggered,utility_restoration,medium,low,high,medium,modular,private_fragmented,event_triggered,776105,always_act,12,UTL-16-resource_allocation,U00,no_operational_action,no_information_action,no_communication_action,execute_autonomously,False,False,0.0,False,False,False,0.6073429262016865,0.22646429800323536,0.0,0.0,0.0,1.0,0.3926570737983135,0.09816426844957837,0.6699999999999999,0.2,0.85,0.35,0.91081419289557,0.91081419289557,0.0,0.0,0.0,0.0,0.0,0.0,1.0,0.8,0.17838420560620138,0.0,1,4,0.07178898683382129,0.2568965949085734,0.6073429262016865,0.47064071870456714,0.5194911377402204,0.41508402900470837,0.2740560193364723
v7-pilots_iteration3-utility_restoration-medium-low-high-medium-modular-private_fragmented-776105-always_act-event_triggered,utility_restoration,medium,low,high,medium,modular,private_fragmented,event_triggered,776105,always_act,12,UTL-17-critical_load,U05,no_operational_action,request_peer_evidence,send_targeted_summary,execute_autonomously,False,False,0.0,False,False,False,0.7787729674299763,0.01365799103564691,0.5811833935598583,0.33733354167948915,0.0,1.0,0.22122703257002377,1.1545653846900474,0.6699999999999999,0.2,0.85,0.35,0.9543249706327599,0.9543249706327599,0.0,0.0,0.0,0.0,0.0,0.0,1.0,0.8,0.03698390615092517,0.0,1,4,0.029268359487585882,0.39614285892926937,0.7787729674299763,0.5500904296301805,0.6028318905778749,0.48708464632059006,0.36253645588193206
v7-pilots_iteration3-utility_restoration-medium-low-high-medium-modular-private_fragmented-776105-always_act-event_triggered,utility_restoration,medium,low,high,medium,modular,private_fragmented,event_triggered,776105,always_act,12,UTL-18-zone_operator,U02,no_operational_action,no_information_action,no_communication_action,execute_autonomously,False,False,0.0,False,False,False,0.5288978594098757,0.2767534067780354,0.0,0.0,0.0,1.0,0.47110214059012434,0.11777553514753109,0.6699999999999999,0.2,0.85,0.35,0.829157631487034,0.8367662780299749,0.015438194506569025,0.01374778705901214,0.01230451452712844,0.014321857376832892,0.007911893591944663,0.047699571694743814,0.984561805493431,0.7916666666666666,0.12637762866994828,0.015438194506569025,2,4,0.0537126271778241,0.23022527219935773,0.5288978594098757,0.4404620239449054,0.48762670188418744,0.45297378326149174,0.3126365401596766
v7-pilots_iteration3-utility_restoration-medium-low-high-medium-modular-private_fragmented-776105-always_act-event_triggered,utility_restoration,medium,low,high,medium,modular,private_fragmented,event_triggered,776105,always_act,12,UTL-19-crew_dispatch,U03,no_operational_action,no_information_action,no_communication_action,execute_autonomously,False,False,0.0,False,False,False,0.5628155841791168,0.17928521847771872,0.0,0.0,0.0,1.0,0.4371844158208832,0.1092961039552208,0.6699999999999999,0.2,0.85,0.35,0.8309571491376475,0.844693864641679,0.008359488954473693,0.006799017723703282,0.006309310458449624,0.007688461748357023,0.0037218250254485996,0.0,0.9916405110455263,0.725,0.16114191139552791,0.008359488954473693,2,3,0.03074891163003235,0.24175729862089973,0.5628155841791168,0.4445688054923218,0.49382111253364663,0.38138254535522903,0.2661463458059433
v7-pilots_iteration3-utility_restoration-medium-low-high-medium-modular-private_fragmented-776105-always_act-event_triggered,utility_restoration,medium,low,high,medium,modular,private_fragmented,event_triggered,776105,always_act,12,UTL-20-cyber_defense,U04,no_operational_action,request_peer_evidence,send_targeted_summary,execute_autonomously,False,False,0.0,False,False,False,0.6818453355539842,0.00293767577814269,0.23118077592493083,0.3352121250911497,0.0,1.0,0.3181546644460158,0.6391342043550786,0.6699999999999999,0.2,0.85,0.35,0.8931864978131498,0.8976906130437006,0.003968262515031684,0.00395141603930671,0.0018092630110989605,0.002880731864042585,0.0005945603408117339,0.0,0.9960317374849683,0.725,0.1243021665994839,0.003968262515031684,2,3,0.04975853260841523,0.3626783241102306,0.6818453355539842,0.5015903261959256,0.5540992651916162,0.4313750409326733,0.3318624690789657
v7-pilots_iteration3-utility_restoration-medium-low-high-medium-modular-private_fragmented-776105-always_act-event_triggered,utility_restoration,medium,low,high,medium,modular,private_fragmented,event_triggered,776105,always_act,12,UTL-21-communications,U01,no_operational_action,request_peer_evidence,send_targeted_summary,execute_autonomously,False,False,0.0,False,False,False,0.690577416339367,0.09366443769108085,0.0,0.0,0.0,1.0,0.309422583660633,0.07735564591515826,0.6699999999999999,0.2,0.85,0.35,0.9447957676454702,0.9437793389626734,0.012205290081654274,0.012406178224525943,0.006110241440185016,0.009113597045916744,0.0024198672750109784,0.0,0.9877947099183457,0.725,0.2188320936075877,0.012205290081654274,2,3,0.026232510451847824,0.28519632155538477,0.690577416339367,0.5295173145614304,0.5822583417213745,0.4350425148625341,0.30778740927923803
v7-pilots_iteration3-utility_restoration-medium-low-high-medium-modular-private_fragmented-776105-always_act-event_triggered,utility_restoration,medium,low,high,medium,modular,private_fragmented,event_triggered,776105,always_act,12,UTL-22-resource_allocation,U02,no_operational_action,request_peer_evidence,send_targeted_summary,execute_autonomously,False,False,0.0,False,False,False,0.6533073477671245,0.06995764822083439,0.0,0.0,0.0,1.0,0.34669265223287543,0.08667316305821886,0.6699999999999999,0.2,0.85,0.35,0.8759423537652102,0.8896369656991238,0.025415371404136855,0.024478314603420204,0.016263907078174378,0.02118574241375426,0.008345665227783239,0.0,0.9745846285958631,0.7916666666666666,0.05458669214509371,0.025415371404136855,2,4,0.04373545028025627,0.27252449824082237,0.6533073477671245,0.515890047513944,0.5720613385044897,0.43272241939552564,0.3290033929430457
v7-pilots_iteration3-utility_restoration-medium-low-high-medium-modular-private_fragmented-776105-always_act-event_triggered,utility_restoration,medium,low,high,medium,modular,private_fragmented,event_triggered,776105,always_act,12,UTL-23-critical_load,U03,no_operational_action,no_information_action,no_communication_action,execute_autonomously,False,False,0.0,False,False,False,0.6256067072314039,0.14464944055215478,0.033798559913797384,0.04900791187500621,0.0,1.0,0.3743932927685961,0.1740130033680377,0.6699999999999999,0.2,0.85,0.35,0.891623038385904,0.891623038385904,0.0,0.0,0.0,0.0,0.0,0.0,1.0,0.8,0.11560047977930776,0.0,1,4,0.03910840058450604,0.2748681793086788,0.6256067072314039,0.47314844248903754,0.5250471076426837,0.42275481703718965,0.2850508274497939
v7-pilots_iteration3-utility_restoration-medium-low-high-medium-modular-private_fragmented-776105-always_act-event_triggered,utility_restoration,medium,low,high,medium,modular,private_fragmented,event_triggered,776105,always_act,12,UTL-24-zone_operator,U00,isolate_component,no_information_action,no_communication_action,execute_autonomously,True,True,-53.60529759738272,True,False,True,0.8518450449466682,0.3363505497275703,0.0,0.0,0.0,1.0,0.1481549550533318,0.03703873876333295,0.6699999999999999,0.2,0.85,0.35,0.8334565694522208,0.8628423090392636,0.03031918480888529,0.021530937141508444,0.029770781306038163,0.031994223293643875,0.021189212362339616,0.10796278946348736,0.9696808151911147,0.725,0.1773458162387731,0.03031918480888529,2,3,0.041469802024936,0.34002731528186725,0.8518450449466682,0.5915490190741619,0.6273726785073539,0.6668783588621015,0.4652352153902996
v7-pilots_iteration3-utility_restoration-medium-low-high-medium-modular-private_fragmented-776105-always_act-event_triggered,utility_restoration,medium,low,high,medium,modular,private_fragmented,event_triggered,776105,always_act,12,UTL-25-crew_dispatch,U01,no_operational_action,no_information_action,no_communication_action,execute_autonomously,False,False,0.0,False,False,False,0.6437311052272214,0.16882409613272426,0.0,0.0,0.0,1.0,0.3562688947727785,0.08906722369319463,0.6699999999999999,0.2,0.85,0.35,0.9280968914766748,0.9235877047074716,0.012387317090515437,0.011075480500011059,0.007993809860594059,0.010483189889905042,0.004225532818555977,0.0,0.9876126829094846,0.725,0.13775899382223622,0.012387317090515437,2,3,0.02605048344298666,0.26926857577725527,0.6437311052272214,0.5068589088867789,0.556268680135735,0.415367064195433,0.29536610107743877
v7-pilots_iteration3-utility_restoration-medium-low-high-medium-modular-private_fragmented-776105-always_act-event_triggered,utility_restoration,medium,low,high,medium,modular,private_fragmented,event_triggered,776105,always_act,12,UTL-26-cyber_defense,U02,restore_communication_relay,no_information_action,no_communication_action,execute_autonomously,True,True,-0.017908141262345634,True,False,True,0.6472982253499888,0.1403206220694374,0.24693804207818776,0.35806016101337224,0.0,1.0,0.3527017746500111,0.7845009637100883,0.6699999999999999,0.2,0.85,0.35,0.8862469808475832,0.8889359479731782,0.02012365680073569,0.017732905606517635,0.015122816965179475,0.018211585730913527,0.008991494531053412,0.03257165775275528,0.9798763431992643,0.6666666666666666,0.1539143526335386,0.02012365680073569,3,3,0.04902716488365744,0.35641583526220555,0.6472982253499888,0.5086541548729213,0.5622264275728527,0.4547075077645166,0.3692715224081443
v7-pilots_iteration3-utility_restoration-medium-low-high-medium-modular-private_fragmented-776105-always_act-event_triggered,utility_restoration,medium,low,high,medium,modular,private_fragmented,event_triggered,776105,always_act,12,UTL-27-communications,U07,reconfigure_service_edge,request_peer_evidence,send_targeted_summary,execute_autonomously,True,True,-0.03716809488976739,True,False,True,0.8017390185479173,0.02640505295503051,0.8889364963255798,0.7389579196720907,0.0,1.0,0.1982609814520827,1.8940573314608673,0.6699999999999999,0.2,0.85,0.35,0.9597795302406985,0.9700920006992899,0.019915831815875196,0.018441362919490722,0.012245855517141857,0.016568964916554352,0.005463748957080017,0.0699721884445701,0.9800841681841248,0.7916666666666666,0.33106845580787325,0.019915831815875196,2,4,0.03735834455881004,0.5003411670275937,0.8017390185479173,0.5885226545215668,0.6409032658977867,0.6014214475592051,0.5004563941432176
v7-pilots_iteration3-utility_restoration-medium-low-high-medium-modular-private_fragmented-776105-always_act-event_triggered,utility_restoration,medium,low,high,medium,modular,private_fragmented,event_triggered,776105,always_act,16,UTL-00-zone_operator,U04,no_operational_action,request_peer_evidence,send_targeted_summary,execute_autonomously,False,False,0.0,False,False,False,0.7063039529044673,0.009926438359925405,0.0,0.0,0.0,1.0,0.29369604709553265,-0.026575988226116842,0.6699999999999999,0.2,0.85,0.35,0.9013632495817627,0.9046157365078078,0.008523505085974659,0.007948270264620416,0.005173298921206215,0.006981909723529189,0.002530617378754929,0.035357519263848225,0.9914764949140253,0.5666666666666667,0.007343599395945644,-0.009949945648434877,3,2,0.028148955122161756,0.2905433439875189,0.7063039529044673,0.5197953006775922,0.5734251057104947,0.4637244228342589,0.30462838557967764
v7-pilots_iteration3-utility_restoration-medium-low-high-medium-modular-private_fragmented-776105-always_act-event_triggered,utility_restoration,medium,low,high,medium,modular,private_fragmented,event_triggered,776105,always_act,16,UTL-01-crew_dispatch,U09,dispatch_repair_crew,request_peer_evidence,negotiate_commitment,execute_autonomously,True,True,-0.03155646440326182,True,False,True,0.6367539581255643,0.11321084507134133,0.701882146775394,0.4010624461576546,0.0,1.0,0.3632460418744357,0.9881497623033401,0.6699999999999999,0.2,0.85,0.35,0.8625846721744448,0.8804792971781219,0.01269689106825811,0.011295699542460014,0.008826228495386501,0.011070341532782857,0.00494788429340931,0.0,0.9873031089317419,0.725,-0.09329819670652717,0.01269689106825811,2,3,0.024629611370332594,0.36315133284052903,0.6367539581255643,0.4881233987893983,0.542784237568487,0.412436662412737,0.34229714529021044
v7-pilots_iteration3-utility_restoration-medium-low-high-medium-modular-private_fragmented-776105-always_act-event_triggered,utility_restoration,medium,low,high,medium,modular,private_fragmented,event_triggered,776105,always_act,16,UTL-02-cyber_defense,U10,restore_communication_relay,request_peer_evidence,send_targeted_summary,execute_autonomously,True,True,-0.037158574187298475,True,False,True,0.8491134243458226,0.10220637398044113,0.8886191395766161,0.6384977523860933,0.0,1.0,0.15088657565417743,1.7469083287364116,0.6699999999999999,0.2,0.85,0.35,0.9600565961505546,0.9600565961505546,0.0,0.0,0.0,0.0,0.0,0.0,1.0,0.8,0.08350542022929563,0.0,1,4,0.025162444382497595,0.49233802485024214,0.8491134243458226,0.5796595187759677,0.6308070141074243,0.5166276382252455,0.4183714891031616
v7-pilots_iteration3-utility_restoration-medium-low-high-medium-modular-private_fragmented-776105-always_act-event_triggered,utility_restoration,medium,low,high,medium,modular,private_fragmented,event_triggered,776105,always_act,16,UTL-03-communications,U07,reconfigure_service_edge,request_peer_evidence,negotiate_commitment,execute_autonomously,True,True,-0.03872212894266103,True,False,True,0.8595611033971349,0.062139445616682054,0.9407376314220344,0.7474028988952832,0.0,1.0,0.14043889660286513,1.7199723391596675,0.6699999999999999,0.2,0.85,0.35,0.9504495683876227,0.9516238484265033,0.013371505346831625,0.013053905137415445,0.008516835110317866,0.011131105207198622,0.0043423783891969325,0.0,0.9866284946531684,0.7916666666666666,-0.021122151784000787,0.013371505346831625,2,4,0.025136749605643716,0.5220274708898939,0.8595611033971349,0.600156940941324,0.6519622176425828,0.5193489967601299,0.4560212262677701
v7-pilots_iteration3-utility_restoration-medium-low-high-medium-modular-private_fragmented-776105-always_act-event_triggered,utility_restoration,medium,low,high,medium,modular,private_fragmented,event_triggered,776105,always_act,16,UTL-04-resource_allocation,U08,no_operational_action,request_peer_evidence,send_targeted_summary,execute_autonomously,False,False,0.0,False,False,False,0.7383704192853708,0.10088525542683341,0.5585499619733076,0.40223375097520775,0.0,1.0,0.2616295807146292,1.0210488593249285,0.6699999999999999,0.2,0.85,0.35,0.8894958093787109,0.9206139058255189,0.009254897467994683,0.008446059824891883,0.005574898088029578,0.007566238615718923,0.0028049345104214085,0.009758409436853688,0.9907451025320053,0.7666666666666666,0.11801106516976523,0.009254897467994683,2,4,0.02251145378824193,0.39798204279107596,0.7383704192853708,0.5306789765140185,0.582422521450733,0.47828169177720664,0.37724037904300534
v7-pilots_iteration3-utility_restoration-medium-low-high-medium-modular-private_fragmented-776105-always_act-event_triggered,utility_restoration,medium,low,high,medium,modular,private_fragmented,event_triggered,776105,always_act,16,UTL-05-critical_load,U09,no_operational_action,request_peer_evidence,send_targeted_summary,execute_autonomously,False,False,0.0,False,False,False,0.7708932874956238,0.027946205556681536,0.5544986639436242,0.1873563960515885,0.0,1.0,0.2291067125043762,0.7578864346482221,0.6699999999999999,0.2,0.85,0.35,0.9260630009185665,0.9232489793530234,0.008704717733636125,0.008008469637832527,0.0054424841184237405,0.007262144280470673,0.0025894431501948256,0.0,0.9912952822663639,0.725,-0.0018289647066109804,0.008704717733636125,2,3,0.028621784704954578,0.35746925280089337,0.7708932874956238,0.5520596700549817,0.6066581903938191,0.46877518074816193,0.34723540951549187
v7-pilots_iteration3-utility_restoration-medium-low-high-medium-modular-private_fragmented-776105-always_act-event_triggered,utility_restoration,medium,low,high,medium,modular,private_fragmented,event_triggered,776105,always_act,16,UTL-06-zone_operator,U06,isolate_component,request_peer_evidence,negotiate_commitment,execute_autonomously,True,True,-0.02725340625648747,True,False,True,0.709115029658324,0.105313694896737,0.5584468752162491,0.631491858961527,0.0,1.0,0.290884970341676,1.1740788662603197,0.6699999999999999,0.2,0.85,0.35,0.9656724489112695,0.968492269162658,0.010712294622997054,0.009190554077585178,0.0077831399653716105,0.009687582373325454,0.004069110508365115,0.0,0.989287705377003,0.725,-0.015246822775488611,0.010712294622997054,2,3,0.03674524686394065,0.4430571562345966,0.709115029658324,0.5400613365633429,0.5893548740527348,0.442828312456496,0.3869191595088324
v7-pilots_iteration3-utility_restoration-medium-low-high-medium-modular-private_fragmented-776105-always_act-event_triggered,utility_restoration,medium,low,high,medium,modular,private_fragmented,event_triggered,776105,always_act,16,UTL-07-crew_dispatch,U07,dispatch_repair_crew,request_peer_evidence,negotiate_commitment,execute_autonomously,True,True,-0.029317799608793813,True,False,True,0.7173668741651986,0.04154812218440751,0.6272599869597938,0.29286031442503435,0.0,1.0,0.2826331258348014,0.9544369639824343,0.6699999999999999,0.2,0.85,0.35,0.9095771725442046,0.9095771725442046,0.0,0.0,0.0,0.0,0.0,0.0,1.0,0.8333333333333334,-0.036557851214024994,0.0,1,5,0.03850825495247534,0.36459121267817585,0.7173668741651986,0.5143410428021307,0.5661280196909388,0.46796075381605007,0.3443392958305931
v7-pilots_iteration3-utility_restoration-medium-low-high-medium-modular-private_fragmented-776105-always_act-event_triggered,utility_restoration,medium,low,high,medium,modular,private_fragmented,event_triggered,776105,always_act,16,UTL-08-cyber_defense,U08,no_operational_action,request_peer_evidence,send_targeted_summary,execute_autonomously,False,False,0.0,False,False,False,0.7394363273058407,0.024835164912110907,0.38747329435212774,0.42961456067050596,0.0,1.0,0.26056367269415925,0.9378021008914671,0.6699999999999999,0.2,0.85,0.35,0.9579703688527992,0.9518866745843969,0.0198722832374314,0.01592161781881729,0.015987521073148714,0.01876439655633877,0.01027477244152375,0.025646058223506296,0.9801277167625686,0.65,-0.004121058007499512,0.0198722832374314,3,3,0.011894068018805215,0.40491584584490736,0.7394363273058407,0.5630883196679402,0.6107149957147417,0.47954526596818264,0.3960835359259996
v7-pilots_iteration3-utility_restoration-medium-low-high-medium-modular-private_fragmented-776105-always_act-event_triggered,utility_restoration,medium,low,high,medium,modular,private_fragmented,event_triggered,776105,always_act,16,UTL-09-communications,U05,no_operational_action,request_peer_evidence,send_targeted_summary,execute_autonomously,False,False,0.0,False,False,False,0.7826560575805466,0.04582728767628777,0.49264752641998594,0.18210696818802788,0.0,1.0,0.2173439424194534,0.7109415187785177,0.6699999999999999,0.2,0.85,0.35,0.9615212242710677,0.9612777462870168,0.008757400012611827,0.006830960587681845,0.006263497608981039,0.008032650527964869,0.0028935567029563236,0.0,0.9912425999873882,0.725,0.08029171681519343,0.008757400012611827,2,3,0.027647979715691995,0.36020873194251257,0.7826560575805466,0.5657030891176421,0.615249146812166,0.47371554418382955,0.35006317618971167
v7-pilots_iteration3-utility_restoration-medium-low-high-medium-modular-private_fragmented-776105-always_act-event_triggered,utility_restoration,medium,low,high,medium,modular,private_fragmented,event_triggered,776105,always_act,16,UTL-10-resource_allocation,U06,no_operational_action,request_peer_evidence,send_targeted_summary,execute_autonomously,False,False,0.0,False,False,False,0.714392009738467,0.04376597446932673,0.5028798495134392,0.5509196716924527,0.0,1.0,0.28560799026153305,1.171414579612305,0.6699999999999999,0.2,0.85,0.35,0.9209442953515551,0.9209442953515551,0.0,0.0,0.0,0.0,0.0,0.0,1.0,0.8,-0.03860221046834866,0.0,1,4,0.047457541486937704,0.4255140045172674,0.714392009738467,0.5159928777332755,0.5704395349381928,0.46004464409015616,0.3701401233298651
v7-pilots_iteration3-utility_restoration-medium-low-high-medium-modular-private_fragmented-776105-always_act-event_triggered,utility_restoration,medium,low,high,medium,modular,private_fragmented,event_triggered,776105,always_act,16,UTL-11-critical_load,U11,no_operational_action,request_peer_evidence,send_targeted_summary,execute_autonomously,False,False,0.0,False,False,False,0.8237972178600378,0.02856379729250008,0.4496977794169571,0.10206178015458772,0.0,1.0,0.1762027821399622,0.5610451053119744,0.6699999999999999,0.2,0.85,0.35,0.9829290700268115,0.9829290700268115,0.0,0.0,0.0,0.0,0.0,0.0,1.0,0.8,0.1080463878397191,0.0,1,4,0.030702798224783945,0.3549858813095139,0.8237972178600378,0.575251154650718,0.6260727560314088,0.5059948315012159,0.3469106346193611
v7-pilots_iteration3-utility_restoration-medium-low-high-medium-modular-private_fragmented-776105-always_act-event_triggered,utility_restoration,medium,low,high,medium,modular,private_fragmented,event_triggered,776105,always_act,16,UTL-12-zone_operator,U04,no_operational_action,request_peer_evidence,send_targeted_summary,execute_autonomously,False,False,0.0,False,False,False,0.7015322652314765,0.1035461939715866,0.08464415253844221,0.11274545511811893,0.0,1.0,0.2984677347685235,0.2925974301974499,0.6699999999999999,0.2,0.85,0.35,0.9323196886176883,0.9323196886176883,0.0,0.0,0.0,0.0,0.0,0.0,1.0,0.8,0.09158615528992842,0.0,1,4,0.036672460208136415,0.31597987940705063,0.7015322652314765,0.5136928282470127,0.5674894643797708,0.4546435513972201,0.3139584888789877
v7-pilots_iteration3-utility_restoration-medium-low-high-medium-modular-private_fragmented-776105-always_act-event_triggered,utility_restoration,medium,low,high,medium,modular,private_fragmented,event_triggered,776105,always_act,16,UTL-13-crew_dispatch,U05,no_operational_action,request_peer_evidence,send_targeted_summary,execute_autonomously,False,False,0.0,False,False,False,0.7578821180342759,0.0763233422384817,0.1987318643153761,0.0,0.0,1.0,0.24211788196572415,0.21215078911918514,0.6699999999999999,0.2,0.85,0.35,0.9048079129755876,0.9048079129755876,0.0,0.0,0.0,0.0,0.0,0.0,1.0,0.8,-0.0354508403418774,0.0,1,4,0.03640537972830382,0.30807992013165386,0.7578821180342759,0.5293548254576073,0.583737017114946,0.47831048957439587,0.31620699304959726
v7-pilots_iteration3-utility_restoration-medium-low-high-medium-modular-private_fragmented-776105-always_act-event_triggered,utility_restoration,medium,low,high,medium,modular,private_fragmented,event_triggered,776105,always_act,16,UTL-14-cyber_defense,U10,no_operational_action,no_information_action,no_communication_action,execute_autonomously,False,False,0.0,False,False,False,0.836593870745731,0.15122115770336114,0.9822863219115844,0.7743151667717973,0.0,1.0,0.16340612925426895,1.7376496027192594,0.6699999999999999,0.2,0.85,0.35,0.9553272233322332,0.953304482738228,0.006631933910210441,0.00572643160741948,0.004139922453221256,0.0056192608988462345,0.001818661593705806,0.0,0.9933680660897896,0.725,0.056377957288805125,0.006631933910210441,2,3,0.018530510472287154,0.52067755607878,0.836593870745731,0.5827540616056454,0.6324564193948876,0.49636942571320697,0.43250037394962326
v7-pilots_iteration3-utility_restoration-medium-low-high-medium-modular-private_fragmented-776105-always_act-event_triggered,utility_restoration,medium,low,high,medium,modular,private_fragmented,event_triggered,776105,always_act,16,UTL-15-communications,U11,no_operational_action,request_peer_evidence,send_targeted_summary,execute_autonomously,False,False,0.0,False,False,False,0.7063471773062844,0.03270206046335444,0.3469493836165246,0.0,0.0,1.0,0.29365282269371557,0.3351599197348097,0.6699999999999999,0.2,0.85,0.35,0.9387652952996811,0.9387652952996811,0.0,0.0,0.0,0.0,0.0,0.0,1.0,0.8,0.23112100962510596,0.0,1,4,0.030702798224783945,0.2905580402841367,0.7063471773062844,0.517230194747434,0.5686627285920379,0.45666581446863946,0.30177720964575966
v7-pilots_iteration3-utility_restoration-medium-low-high-medium-modular-private_fragmented-776105-always_act-event_triggered,utility_restoration,medium,low,high,medium,modular,private_fragmented,event_triggered,776105,always_act,16,UTL-16-resource_allocation,U04,no_operational_action,no_information_action,no_communication_action,execute_autonomously,False,False,0.0,False,False,False,0.48261341790466383,0.34666989021030226,0.0,0.0,0.0,1.0,0.5173865820953362,0.12934664552383404,0.6699999999999999,0.2,0.85,0.35,0.7859911624566612,0.7859911624566612,0.0,0.0,0.0,0.0,0.0,0.0,1.0,0.8,-0.12376032413194726,0.0,1,4,0.036672460208136415,0.2144885620875857,0.48261341790466383,0.3895431577760309,0.4360415988816795,0.3626976355199588,0.23913175701330588
v7-pilots_iteration3-utility_restoration-medium-low-high-medium-modular-private_fragmented-776105-always_act-event_triggered,utility_restoration,medium,low,high,medium,modular,private_fragmented,event_triggered,776105,always_act,16,UTL-17-critical_load,U09,no_operational_action,request_peer_evidence,send_targeted_summary,execute_autonomously,False,False,0.0,False,False,False,0.8362116359486679,0.07936091173360738,1.0,1.0,0.0,1.0,0.1637883640513321,2.4564753691335905,0.6699999999999999,0.2,0.85,0.35,0.984357696079873,0.984357696079873,0.0,0.0,0.0,0.0,0.0,0.0,1.0,0.8,0.1967865294379647,0.0,1,4,0.0373265024385907,0.5747119562225471,0.8362116359486679,0.5805740783994354,0.630912035955733,0.5112088870984406,0.45813925806562705
v7-pilots_iteration3-utility_restoration-medium-low-high-medium-modular-private_fragmented-776105-always_act-event_triggered,utility_restoration,medium,low,high,medium,modular,private_fragmented,event_triggered,776105,always_act,16,UTL-18-zone_operator,U10,no_operational_action,request_peer_evidence,send_targeted_summary,execute_autonomously,False,False,0.0,False,False,False,0.7363214307591346,0.008829409021637091,1.0,0.8507291899080253,0.0,1.0,0.26367856924086547,2.127848950596851,0.6699999999999999,0.2,0.85,0.35,0.9410270230087309,0.9465552995123345,0.004796125576610355,0.004038647285872665,0.0031607939436788524,0.0041707183428308925,0.0014810408479989379,0.007532167584287319,0.9952038744233896,0.55,0.09528475426132776,0.004796125576610355,3,2,0.02036631880588724,0.5049242920360318,0.7363214307591346,0.5364999038630911,0.587782894111776,0.4307038956469532,0.39329762299714105
v7-pilots_iteration3-utility_restoration-medium-low-high-medium-modular-private_fragmented-776105-always_act-event_triggered,utility_restoration,medium,low,high,medium,modular,private_fragmented,event_triggered,776105,always_act,16,UTL-19-crew_dispatch,U07,dispatch_repair_crew,no_information_action,no_communication_action,execute_autonomously,True,False,0.0,False,False,False,0.5516081170225334,0.27511226415067136,0.7799227673689255,0.5142213460182753,0.0,1.0,0.44839188297746657,1.6125438168552284,0.6699999999999999,0.2,0.85,0.35,0.8430956326059482,0.8415011938335512,0.0063981920455873365,0.006784401427761821,0.004496687353023998,0.005429913149918253,0.002824436795498042,0.0,0.9936018079544127,0.7916666666666666,-0.10823047681917264,0.0063981920455873365,2,4,0.032110062906888004,0.36135988283204745,0.5516081170225334,0.4403746238243227,0.49213215061866916,0.3900087424827974,0.33023195756271506
v7-pilots_iteration3-utility_restoration-medium-low-high-medium-modular-private_fragmented-776105-always_act-event_triggered,utility_restoration,medium,low,high,medium,modular,private_fragmented,event_triggered,776105,always_act,16,UTL-20-cyber_defense,U08,no_operational_action,request_peer_evidence,send_targeted_summary,execute_autonomously,False,False,0.0,False,False,False,0.7621920173082557,0.006831994458039947,0.8721072342178232,0.7222122536655539,0.0,1.0,0.23780798269174425,1.6701677978022074,0.6699999999999999,0.2,0.85,0.35,0.9458905410766825,0.9473320877850558,0.042115212333860175,0.032681807564825194,0.03557219396909983,0.04103452810564079,0.02230380786045827,0.0,0.9578847876661398,0.6666666666666666,-0.019635572785557165,0.042115212333860175,3,3,0.010348861077623561,0.4828762267645399,0.7621920173082557,0.6003107394598772,0.64404558305945,0.45345398060280073,0.4600095043811692
v7-pilots_iteration3-utility_restoration-medium-low-high-medium-modular-private_fragmented-776105-always_act-event_triggered,utility_restoration,medium,low,high,medium,modular,private_fragmented,event_triggered,776105,always_act,16,UTL-21-communications,U09,restore_communication_relay,request_peer_evidence,send_targeted_summary,execute_autonomously,True,False,0.0,False,False,False,0.7161776689096018,0.06422723828410781,0.915656505182715,0.7110352658482701,0.0,1.0,0.2838223310903982,1.9806206569421207,0.6699999999999999,0.2,0.85,0.35,0.9408078630078205,0.9408078630078205,0.0,0.0,0.0,0.0,0.0,0.0,1.0,0.8,0.11566557457998039,0.0,1,4,0.0373265024385907,0.4645488712328495,0.7161776689096018,0.5216730333157958,0.5738644637075161,0.4607946209420328,0.3898539791964809
v7-pilots_iteration3-utility_restoration-medium-low-high-medium-modular-private_fragmented-776105-always_act-event_triggered,utility_restoration,medium,low,high,medium,modular,private_fragmented,event_triggered,776105,always_act,16,UTL-22-resource_allocation,U06,no_operational_action,request_peer_evidence,send_targeted_summary,execute_autonomously,False,False,0.0,False,False,False,0.655264603651965,0.10924470715106316,0.6949669724061227,0.8294459998868438,0.0,1.0,0.34473539634803496,1.743136137817341,0.6699999999999999,0.2,0.85,0.35,0.894718473434598,0.9060776155276745,0.009264584626440864,0.006819141234469139,0.008039223330220335,0.009266064381969197,0.004748453864249491,0.0,0.9907354153735591,0.725,0.026033358905349635,0.009264584626440864,2,3,0.03819295686049684,0.47225700521451064,0.655264603651965,0.49875587829645274,0.5495565847235648,0.42021113353382533,0.3933959507121843
v7-pilots_iteration3-utility_restoration-medium-low-high-medium-modular-private_fragmented-776105-always_act-event_triggered,utility_restoration,medium,low,high,medium,modular,private_fragmented,event_triggered,776105,always_act,16,UTL-23-critical_load,U07,no_operational_action,no_information_action,no_communication_action,execute_autonomously,False,False,0.0,False,False,False,0.7711337759961245,0.15867739128518726,0.8498002550781497,0.6155437031966504,0.0,1.0,0.22886622400387552,1.4955591493794427,0.6699999999999999,0.2,0.85,0.35,0.8865413822231492,0.8829973789078215,0.006150211688861651,0.007285250978063651,0.003476841946426612,0.004607392848336667,0.0020330005556535857,0.0,0.9938497883111383,0.7916666666666666,0.0032907506298864853,0.006150211688861651,2,4,0.03235804326361369,0.4603159726058784,0.7711337759961245,0.5386991523186435,0.592138692403112,0.48220951925170563,0.40324400406230115
v7-pilots_iteration3-utility_restoration-medium-low-high-medium-modular-private_fragmented-776105-always_act-event_triggered,utility_restoration,medium,low,high,medium,modular,private_fragmented,event_triggered,776105,always_act,16,UTL-24-zone_operator,U08,no_operational_action,request_peer_evidence,send_targeted_summary,execute_autonomously,False,False,0.0,False,False,False,0.7774726205086679,0.01832799386520989,0.7804737770121557,0.95119430689187,0.0,1.0,0.2225273794913321,1.5875546275311514,0.6699999999999999,0.2,0.85,0.35,0.9492037855603831,0.9701610645183057,0.01896631887954703,0.016162762418444387,0.011512234154689382,0.015990662438716607,0.004590517056847876,0.020367949628159687,0.981033681120453,0.65,0.1115043283064634,0.01896631887954703,3,3,0.012800032376689585,0.5430273246269959,0.7774726205086679,0.5748428410249288,0.6250248109432016,0.48749778404844324,0.46269148144245686
v7-pilots_iteration3-utility_restoration-medium-low-high-medium-modular-private_fragmented-776105-always_act-event_triggered,utility_restoration,medium,low,high,medium,modular,private_fragmented,event_triggered,776105,always_act,16,UTL-25-crew_dispatch,U05,no_operational_action,request_peer_evidence,send_targeted_summary,execute_autonomously,False,False,0.0,False,False,False,0.9013826345550031,0.23174634074005449,0.0,0.0,0.0,1.0,0.09861736544499689,0.02465434136124922,0.6699999999999999,0.2,0.85,0.35,0.871518726546697,0.871518726546697,0.0,0.0,0.0,0.0,0.0,0.0,1.0,0.8,-0.08229087179599992,0.0,1,4,0.03640537972830382,0.3568700957487011,0.9013826345550031,0.5784327354586756,0.6284045109922007,0.5385807065131013,0.35638713767540087
v7-pilots_iteration3-utility_restoration-medium-low-high-medium-modular-private_fragmented-776105-always_act-event_triggered,utility_restoration,medium,low,high,medium,modular,private_fragmented,event_triggered,776105,always_act,16,UTL-26-cyber_defense,U06,no_operational_action,request_peer_evidence,send_targeted_summary,execute_autonomously,False,False,0.0,False,False,False,0.6667774231866687,0.050927988076262365,0.8698018196636286,1.0,0.0,1.0,0.33322257681333134,2.1967217181650764,0.6699999999999999,0.2,0.85,0.35,0.890171178813226,0.8957975392992734,0.01097800935488602,0.009733203744067609,0.007520252443471875,0.009607553702970617,0.003814799397204416,0.0,0.989021990645114,0.5666666666666667,-0.02410416799607462,0.01097800935488602,3,2,0.036479532132051684,0.5171043238834674,0.6667774231866687,0.5046229770748144,0.5574369793131716,0.3933798510717342,0.3990364963092531
v7-pilots_iteration3-utility_restoration-medium-low-high-medium-modular-private_fragmented-776105-always_act-event_triggered,utility_restoration,medium,low,high,medium,modular,private_fragmented,event_triggered,776105,always_act,16,UTL-27-communications,U11,reconfigure_service_edge,no_information_action,no_communication_action,execute_autonomously,True,True,0.48598209904527995,True,True,False,0.6018900040858928,0.18236692382913852,0.6129658150679315,0.3388004318485005,0.0,1.0,0.3981099959141072,1.1524802760831236,0.6699999999999999,0.2,0.85,0.35,0.8726576356539386,0.8726576356539386,0.0,0.0,0.0,0.0,0.0,0.0,1.0,0.8,0.061519605785522846,0.0,1,4,0.030702798224783945,0.3363547050328437,0.6018900040858928,0.4589204105478418,0.5110746909106163,0.412793801716075,0.3131852529658701
v7-pilots_iteration3-utility_restoration-medium-low-high-medium-modular-private_fragmented-776105-always_act-event_triggered,utility_restoration,medium,low,high,medium,modular,private_fragmented,event_triggered,776105,always_act,20,UTL-00-zone_operator,U08,isolate_component,request_peer_evidence,negotiate_commitment,execute_autonomously,True,True,-0.03263359622856364,True,False,True,0.7552754555436785,0.05856685918289056,0.7377865409521215,0.3574877170701164,1.0,2.0,0.24472454445632152,0.7012496189265546,0.6699999999999999,0.2,0.85,0.35,0.970518245718299,0.9758636373385493,0.029564041546808695,0.02274897474183657,0.022265879972826252,0.02772730605483431,0.011073566238669508,0.022034063755746534,0.9704359584531913,0.5666666666666667,0.028475111190200075,0.029564041546808695,3,3,0.019271631075384654,0.6369907069816786,0.7552754555436785,0.5861294018125784,0.6304990161574489,0.464040801570413,0.3944574482052441
v7-pilots_iteration3-utility_restoration-medium-low-high-medium-modular-private_fragmented-776105-always_act-event_triggered,utility_restoration,medium,low,high,medium,modular,private_fragmented,event_triggered,776105,always_act,20,UTL-01-crew_dispatch,U13,no_operational_action,no_information_action,no_communication_action,execute_autonomously,False,False,0.0,False,False,False,0.6378917226261968,0.15093728370924386,0.0,0.0,1.0,2.0,0.36210827737380324,-0.40342540756461087,0.6699999999999999,0.2,0.85,0.35,0.8633158548693066,0.8633158548693066,0.0,0.0,0.0,0.0,0.0,0.0,1.0,0.8333333333333334,-0.07774610134978033,0.0,1,5,0.05704515336017202,0.5112831856929069,0.6378917226261968,0.47098565276780535,0.5280937464393893,0.43458119016966934,0.2869430156686684
v7-pilots_iteration3-utility_restoration-medium-low-high-medium-modular-private_fragmented-776105-always_act-event_triggered,utility_restoration,medium,low,high,medium,modular,private_fragmented,event_triggered,776105,always_act,20,UTL-02-cyber_defense,U14,isolate_component,request_peer_evidence,send_targeted_summary,execute_autonomously,True,False,0.0,False,False,False,0.8545329767523175,0.058296243759014044,0.6789186782073646,0.4344320834006786,1.0,2.0,0.1454670232476825,0.8216683034682859,0.6699999999999999,0.2,0.85,0.35,0.9594236416251978,0.9764926042004513,0.030854683605031408,0.026110882882791286,0.021634721447924554,0.027418729268312902,0.011455062773327085,0.0,0.9691453163949686,0.725,0.1678387598684049,0.030854683605031408,2,3,0.0009057842340214339,0.6892049121119509,0.8545329767523175,0.6248656581542704,0.673065731137082,0.5039038502359734,0.4380443462429076
v7-pilots_iteration3-utility_restoration-medium-low-high-medium-modular-private_fragmented-776105-always_act-event_triggered,utility_restoration,medium,low,high,medium,modular,private_fragmented,event_triggered,776105,always_act,20,UTL-03-communications,U15,no_operational_action,request_peer_evidence,send_targeted_summary,execute_autonomously,False,False,0.0,False,False,False,0.7447753216325707,0.06300901844985468,0.282543544619454,0.40968813969820833,1.0,2.0,0.25522467836742935,0.43666874144705614,0.6699999999999999,0.2,0.85,0.35,0.9594603907021763,0.9594193760267515,0.005529426173503604,0.003812423825299005,0.005141394437845892,0.005771412773581175,0.0031129260166706807,0.0,0.9944705738264964,0.725,0.11219356100709654,0.005529426173503604,2,3,0.032269304888817185,0.645948762882644,0.7447753216325707,0.5455164229714774,0.5959635201732234,0.4578056350856796,0.3616670386214722
v7-pilots_iteration3-utility_restoration-medium-low-high-medium-modular-private_fragmented-776105-always_act-event_triggered,utility_restoration,medium,low,high,medium,modular,private_fragmented,event_triggered,776105,always_act,20,UTL-04-resource_allocation,U12,no_operational_action,request_peer_evidence,send_targeted_summary,execute_autonomously,False,False,0.0,False,False,False,0.8339016050424639,0.09599515537182121,0.25003962643568073,0.07791718158898801,1.0,2.0,0.16609839495753612,-0.30664444643604016,0.6699999999999999,0.2,0.85,0.35,0.9811188380949454,0.9866555807736076,0.04315293348827687,0.03308774585556573,0.03326352959569612,0.04085175561412213,0.017183213759229266,0.04378342164777648,0.9568470665117231,0.3875,0.09418194581288919,0.04315293348827687,4,1,0.01130240131667326,0.5966266692957949,0.8339016050424639,0.6392544584243095,0.6787440805812026,0.49428947502245507,0.39887992810900696
v7-pilots_iteration3-utility_restoration-medium-low-high-medium-modular-private_fragmented-776105-always_act-event_triggered,utility_restoration,medium,low,high,medium,modular,private_fragmented,event_triggered,776105,always_act,20,UTL-05-critical_load,U13,no_operational_action,no_information_action,no_communication_action,execute_autonomously,False,False,0.0,False,False,False,0.5899818190337417,0.19859355836906822,0.0,0.0,1.0,2.0,0.4100181809662583,-0.17578405678226275,0.6699999999999999,0.2,0.85,0.35,0.8716342528955626,0.8716342528955626,0.0,0.0,0.0,0.0,0.0,0.0,1.0,0.8333333333333334,-0.028075490104658152,0.0,1,5,0.05704515336017202,0.49499381847147217,0.5899818190337417,0.45390129083738734,0.50459195688919,0.4144590306608382,0.27352824266278103
v7-pilots_iteration3-utility_restoration-medium-low-high-medium-modular-private_fragmented-776105-always_act-event_triggered,utility_restoration,medium,low,high,medium,modular,private_fragmented,event_triggered,776105,always_act,20,UTL-06-zone_operator,U14,reconfigure_service_edge,no_information_action,negotiate_commitment,execute_autonomously,True,False,0.0,False,False,False,0.5658698971251772,0.2748336482226907,0.8254013100491655,0.6468318995712901,1.0,2.0,0.4341301028748228,1.1739963610113295,0.6699999999999999,0.2,0.85,0.35,0.8765074269734379,0.8799980042923885,0.009134142754008368,0.00879570484385539,0.0057192295366672585,0.007524310059405348,0.0029838776271819967,0.0,0.9908658572459916,0.725,0.08632251814253111,0.009134142754008368,2,3,0.022626325085044474,0.6420354209196699,0.5658698971251772,0.4582626154490421,0.5066832922976251,0.3826653567925744,0.34576830318158996
v7-pilots_iteration3-utility_restoration-medium-low-high-medium-modular-private_fragmented-776105-always_act-event_triggered,utility_restoration,medium,low,high,medium,modular,private_fragmented,event_triggered,776105,always_act,20,UTL-07-crew_dispatch,U11,no_operational_action,request_peer_evidence,send_targeted_summary,execute_autonomously,False,False,0.0,False,False,False,0.760961225578729,0.07393498088773043,0.25510592237579643,0.3699035874449048,1.0,2.0,0.23903877442127103,0.2144019612970918,0.6699999999999999,0.2,0.85,0.35,0.9046987714958973,0.9158320874476664,0.025388797248311334,0.020626166618063935,0.020621841897906612,0.024032331830137865,0.013283032703924946,0.0,0.9746112027516887,0.725,-0.002265686941490652,0.025388797248311334,2,3,0.006064828770368624,0.6419036776835451,0.760961225578729,0.5661034992531018,0.6164312740949307,0.46460371474306617,0.3957162269617142
v7-pilots_iteration3-utility_restoration-medium-low-high-medium-modular-private_fragmented-776105-always_act-event_triggered,utility_restoration,medium,low,high,medium,modular,private_fragmented,event_triggered,776105,always_act,20,UTL-08-cyber_defense,U12,isolate_component,request_peer_evidence,send_targeted_summary,execute_autonomously,True,False,0.0,False,False,False,0.8120015820187514,0.05048730143492733,0.6172192651213699,0.2918556931574508,1.0,2.0,0.18799841798124864,0.8090445468383642,0.6699999999999999,0.2,0.85,0.35,0.9614653539656028,0.9896092840021564,0.05017624397552267,0.04004850979680097,0.035612178815612294,0.04558229936857816,0.01696960009533266,0.042344742799373836,0.9498237560244773,0.3875,0.052985221398865634,0.05017624397552267,4,1,0.018325711803919065,0.6405259042441637,0.8120015820187514,0.6354137128646331,0.6780070544618539,0.4829046735029238,0.42849805171274163
v7-pilots_iteration3-utility_restoration-medium-low-high-medium-modular-private_fragmented-776105-always_act-event_triggered,utility_restoration,medium,low,high,medium,modular,private_fragmented,event_triggered,776105,always_act,20,UTL-09-communications,U13,no_operational_action,request_peer_evidence,send_targeted_summary,execute_autonomously,False,False,0.0,False,False,False,0.7047927430271257,0.12578964843732243,0.0,0.0,1.0,2.0,0.29520725697287437,-0.3094220879288272,0.6699999999999999,0.2,0.85,0.35,0.953190054902355,0.9532549669852666,0.0024788053743157734,0.0022460723479794664,0.0013200553195050757,0.001960570829876662,0.00045710343210236815,0.0,0.9975211946256842,0.7916666666666666,0.038725058030813386,0.0024788053743157734,2,4,0.054566347985856245,0.5340295326292228,0.7047927430271257,0.5236849384604811,0.5753251249946816,0.4543462854047261,0.3043340266165392
v7-pilots_iteration3-utility_restoration-medium-low-high-medium-modular-private_fragmented-776105-always_act-event_triggered,utility_restoration,medium,low,high,medium,modular,private_fragmented,event_triggered,776105,always_act,20,UTL-10-resource_allocation,U10,no_operational_action,request_peer_evidence,send_targeted_summary,execute_autonomously,False,False,0.0,False,False,False,0.87057518537319,0.08848925304311,1.0,0.8201012238341838,1.0,2.0,0.12942481462681005,1.457277640361082,0.6699999999999999,0.2,0.85,0.35,0.9601442275801869,0.9601442275801869,0.0,0.0,0.0,0.0,0.0,0.0,1.0,0.8,0.0440115859220227,0.0,1,4,0.04338819310600406,0.7872198567470887,0.87057518537319,0.5882661310443228,0.6388842894419813,0.5256415778567398,0.44617319876459527
v7-pilots_iteration3-utility_restoration-medium-low-high-medium-modular-private_fragmented-776105-always_act-event_triggered,utility_restoration,medium,low,high,medium,modular,private_fragmented,event_triggered,776105,always_act,20,UTL-11-critical_load,U15,no_operational_action,request_peer_evidence,send_targeted_summary,execute_autonomously,False,False,0.0,False,False,False,0.8026091886931428,0.12043688199188712,0.08679589341619369,0.12585404545348083,1.0,2.0,0.19739081130685715,-0.21410886914837995,0.6699999999999999,0.2,0.85,0.35,0.932399639745236,0.9375256053415907,0.015953766721703455,0.011906808120455414,0.01412208097810963,0.01599453809063356,0.008947690035751243,0.0506368188553668,0.9840462332782965,0.5666666666666667,-0.0012797432445874612,0.015953766721703455,3,2,0.021844964340617334,0.597492095064504,0.8026091886931428,0.576478858823951,0.6243763948630939,0.5273971572446108,0.37824264590859785
v7-pilots_iteration3-utility_restoration-medium-low-high-medium-modular-private_fragmented-776105-always_act-event_triggered,utility_restoration,medium,low,high,medium,modular,private_fragmented,event_triggered,776105,always_act,20,UTL-12-zone_operator,U12,isolate_component,request_peer_evidence,send_targeted_summary,execute_autonomously,True,False,0.0,False,False,False,0.7044174961094336,0.06943843779443848,0.9756313470125413,0.6861719545418199,1.0,2.0,0.29558250389056634,1.3461058040879024,0.6699999999999999,0.2,0.85,0.35,0.9447784619547069,0.9898514071873887,0.059107454715807695,0.04486630217507814,0.04560681226903529,0.056152857378618526,0.023068396650772538,0.04109990485604931,0.9408925452841923,0.3875,0.045877399443149725,0.059107454715807695,4,1,0.027256922544204087,0.6985832177672442,0.7044174961094336,0.600712050534581,0.6370625250499052,0.43582720374715705,0.46090057360527836
v7-pilots_iteration3-utility_restoration-medium-low-high-medium-modular-private_fragmented-776105-always_act-event_triggered,utility_restoration,medium,low,high,medium,modular,private_fragmented,event_triggered,776105,always_act,20,UTL-13-crew_dispatch,U09,no_operational_action,request_peer_evidence,send_targeted_summary,execute_autonomously,False,False,0.0,False,False,False,0.6692718339326376,0.07208379149652061,0.9519960998103358,0.7637276780583203,1.0,2.0,0.3307281660673625,0.9613207646876174,0.6699999999999999,0.2,0.85,0.35,0.8806101709623105,0.8905230645831473,0.008090001080287457,0.006591543704713598,0.005894806034709377,0.007383015018772143,0.003015345562991545,0.0,0.9919099989197125,0.725,0.054240436078629606,0.008090001080287457,2,3,0.028239512974017278,0.7052470662710937,0.6692718339326376,0.49918727782603506,0.5536518378316249,0.4260941702517077,0.38707299725833394
v7-pilots_iteration3-utility_restoration-medium-low-high-medium-modular-private_fragmented-776105-always_act-event_triggered,utility_restoration,medium,low,high,medium,modular,private_fragmented,event_triggered,776105,always_act,20,UTL-14-cyber_defense,U14,restore_communication_relay,request_peer_evidence,send_targeted_summary,execute_autonomously,True,True,-0.021484526730037538,True,False,True,0.832268983726925,0.12263735005520576,0.3661508910012513,0.0,1.0,2.0,0.16773101627307496,-0.1768090174272678,0.6699999999999999,0.2,0.85,0.35,0.8724950382727475,0.8911743624526969,0.0182370238427495,0.013591204529336598,0.015580064953629735,0.018064049239027824,0.009243469269016091,0.0,0.9817629761572505,0.725,-0.01881706316802645,0.0182370238427495,2,3,0.013523443996303341,0.5773714544671545,0.832268983726925,0.5765631864388062,0.6251313305428465,0.49455297316530844,0.35898702405170574
v7-pilots_iteration3-utility_restoration-medium-low-high-medium-modular-private_fragmented-776105-always_act-event_triggered,utility_restoration,medium,low,high,medium,modular,private_fragmented,event_triggered,776105,always_act,20,UTL-15-communications,U15,no_operational_action,no_information_action,no_communication_action,execute_autonomously,False,False,0.0,False,False,False,0.7972626915601074,0.18380285490691858,0.0,0.0,1.0,2.0,0.2027373084398926,-0.3344223543806446,0.6699999999999999,0.2,0.85,0.35,0.8819552646262527,0.8939581778810132,0.014281416626489074,0.009182700945586264,0.015702461846533122,0.01616470426403116,0.011335562879409733,0.04961052861134652,0.9857185833735109,0.725,0.024731678964540094,0.014281416626489074,2,3,0.023517314435831715,0.5654693151304365,0.7972626915601074,0.5593878760576908,0.6050785963757868,0.5552583339444918,0.37945065689059965
v7-pilots_iteration3-utility_restoration-medium-low-high-medium-modular-private_fragmented-776105-always_act-event_triggered,utility_restoration,medium,low,high,medium,modular,private_fragmented,event_triggered,776105,always_act,20,UTL-16-resource_allocation,U08,no_operational_action,request_peer_evidence,send_targeted_summary,execute_autonomously,False,False,0.0,False,False,False,0.7533629637663743,0.026589094021011145,1.0,0.7611093500951759,1.0,2.0,0.24663703623362568,1.8799743271045788,0.6699999999999999,0.2,0.85,0.35,0.9462652195752862,0.9456741496951006,0.0150885508080002,0.011215514023430573,0.013335486538671892,0.015099839575105412,0.008674876814500299,0.0,0.9849114491919998,0.7916666666666666,0.03535328859420106,0.0150885508080002,2,4,0.03374712181419315,0.7332096517034096,0.7533629637663743,0.5590354615315716,0.6081421925901079,0.4747457781152105,0.43156914544884306
v7-pilots_iteration3-utility_restoration-medium-low-high-medium-modular-private_fragmented-776105-always_act-event_triggered,utility_restoration,medium,low,high,medium,modular,private_fragmented,event_triggered,776105,always_act,20,UTL-17-critical_load,U13,no_operational_action,no_information_action,no_communication_action,execute_autonomously,False,False,0.0,False,False,False,0.6030296161995305,0.14945456445425806,0.23140011051377227,0.3355301602449698,1.0,2.0,0.3969703838004694,0.3573891693849748,0.6699999999999999,0.2,0.85,0.35,0.8545828988764455,0.8545828988764455,0.0,0.0,0.0,0.0,0.0,0.0,1.0,0.8333333333333334,-0.054381150336971884,0.0,1,5,0.05704515336017202,0.5799573079666331,0.6030296161995305,0.45485757119892356,0.5081172625404512,0.41993910547046953,0.3174452450985983
v7-pilots_iteration3-utility_restoration-medium-low-high-medium-modular-private_fragmented-776105-always_act-event_triggered,utility_restoration,medium,low,high,medium,modular,private_fragmented,event_triggered,776105,always_act,20,UTL-18-zone_operator,U14,reconfigure_service_edge,no_information_action,no_communication_action,execute_autonomously,True,True,-0.03204876088540791,True,False,True,0.5843101322761722,0.24632689486511747,0.7182920295135968,0.4915234427947154,1.0,2.0,0.41568986772382777,0.856292199157143,0.6699999999999999,0.2,0.85,0.35,0.8817650816423624,0.8935584517711669,0.009445708987959156,0.006070991648507107,0.0104662083572995,0.010724022687763957,0.007651705761198113,0.0,0.9905542910120408,0.725,0.01574555853104853,0.009445708987959156,2,3,0.022314758851093686,0.6110310712446303,0.5843101322761722,0.46738931590420235,0.5128191048086419,0.3904102555559923,0.3339900745070976
v7-pilots_iteration3-utility_restoration-medium-low-high-medium-modular-private_fragmented-776105-always_act-event_triggered,utility_restoration,medium,low,high,medium,modular,private_fragmented,event_triggered,776105,always_act,20,UTL-19-crew_dispatch,U15,no_operational_action,request_peer_evidence,send_targeted_summary,execute_autonomously,False,False,0.0,False,False,False,0.7501198028963305,0.014597113137426149,0.11021232657796132,0.1598078735380439,1.0,2.0,0.24988019710366943,-0.1921936281109453,0.6699999999999999,0.2,0.85,0.35,0.9489347949757608,0.9501264896621164,0.009651104806951194,0.00796266877194507,0.006684248207634913,0.008621436677728411,0.0031664963274116165,0.0,0.9903488951930488,0.725,0.057640491804536786,0.009651104806951194,2,3,0.028147626255369596,0.5877946226338829,0.7501198028963305,0.5507931666322041,0.6021823367574728,0.46005031721645884,0.3397853228524394
v7-pilots_iteration3-utility_restoration-medium-low-high-medium-modular-private_fragmented-776105-always_act-event_triggered,utility_restoration,medium,low,high,medium,modular,private_fragmented,event_triggered,776105,always_act,20,UTL-20-cyber_defense,U12,isolate_component,request_peer_evidence,send_targeted_summary,execute_autonomously,True,False,0.0,False,False,False,0.6671114922837533,0.048556183284059584,0.49895452652143657,0.30403525932552544,1.0,2.0,0.3328885077162466,0.3908860535763352,0.6699999999999999,0.2,0.85,0.35,0.8948112083501503,0.8948112083501503,0.0,0.0,0.0,0.0,0.0,0.0,1.0,0.8,0.03293477043237769,0.0,1,4,0.03185053217160361,0.5941863696146022,0.6671114922837533,0.4905473990010389,0.5434336771097286,0.4401868267591764,0.327275448958514
v7-pilots_iteration3-utility_restoration-medium-low-high-medium-modular-private_fragmented-776105-always_act-event_triggered,utility_restoration,medium,low,high,medium,modular,private_fragmented,event_triggered,776105,always_act,20,UTL-21-communications,U13,reconfigure_service_edge,request_peer_evidence,send_targeted_summary,execute_autonomously,True,True,-0.010499999999999999,True,False,True,0.6833218515630579,0.05884565165218747,0.0,0.0,1.0,2.0,0.3166781484369421,-0.1255629338871624,0.6699999999999999,0.2,0.85,0.35,0.8946193837955773,0.905753778748044,0.009478382886392911,0.007919770195702225,0.006662108540544165,0.00846457745308693,0.0033730983883758503,0.0,0.9905216171136071,0.7916666666666666,-0.018413611347711467,0.009478382886392911,2,4,0.04756677047377911,0.5267294295314398,0.6833218515630579,0.5102533226150675,0.563782713091316,0.4453285109898176,0.3103303016264112
v7-pilots_iteration3-utility_restoration-medium-low-high-medium-modular-private_fragmented-776105-always_act-event_triggered,utility_restoration,medium,low,high,medium,modular,private_fragmented,event_triggered,776105,always_act,20,UTL-22-resource_allocation,U14,no_operational_action,request_peer_evidence,send_targeted_summary,execute_autonomously,False,False,0.0,False,False,False,0.844824811794765,0.05942369685205934,0.6055485519714712,0.32804540035863317,1.0,2.0,0.15517518820523496,0.4766329779773315,0.6699999999999999,0.2,0.85,0.35,0.9581966785863445,0.9581966785863445,0.0,0.0,0.0,0.0,0.0,0.0,1.0,0.8,0.08478764325086752,0.0,1,4,0.03176046783905284,0.6603713320962921,0.844824811794765,0.5774790943644921,0.6286146818221012,0.5148264209538014,0.3799163953455702
v7-pilots_iteration3-utility_restoration-medium-low-high-medium-modular-private_fragmented-776105-always_act-event_triggered,utility_restoration,medium,low,high,medium,modular,private_fragmented,event_triggered,776105,always_act,20,UTL-23-critical_load,U11,no_operational_action,request_peer_evidence,send_targeted_summary,execute_autonomously,False,False,0.0,False,False,False,0.8107851557886837,0.10002036908986228,0.11921924221423623,0.17286790121064255,1.0,2.0,0.1892148442113163,-0.02248011742101519,0.6699999999999999,0.2,0.85,0.35,0.9566011948229615,0.955787773893191,0.004883749065979326,0.0034285646786882396,0.004885792807940437,0.005222795190054197,0.003366216499866348,0.0,0.9951162509340207,0.725,0.22248516841655774,0.004883749065979326,2,3,0.026569876952700633,0.6115552492587067,0.8107851557886837,0.5703016097135849,0.6199142468490277,0.48552976543124715,0.3507355448834515
v7-pilots_iteration3-utility_restoration-medium-low-high-medium-modular-private_fragmented-776105-always_act-event_triggered,utility_restoration,medium,low,high,medium,modular,private_fragmented,event_triggered,776105,always_act,20,UTL-24-zone_operator,U12,isolate_component,request_peer_evidence,send_targeted_summary,execute_autonomously,True,True,-0.025982554500637228,True,False,True,0.7532038774999859,0.03623005623314707,0.516085150021241,0.025521736562171132,1.0,2.0,0.24679612250001415,0.19712941407368373,0.6699999999999999,0.2,0.85,0.35,0.9454524911788483,0.9886535311921186,0.045575736567682656,0.035859686789588396,0.032289127099624726,0.041563918898372965,0.014842288429096517,0.04378342164777648,0.9544242634323173,0.5666666666666667,0.05836443172545869,0.045575736567682656,3,2,0.01372520439607905,0.5566145351249163,0.7532038774999859,0.6014507049894622,0.644803454807614,0.4962297627879476,0.39651619751541567
v7-pilots_iteration3-utility_restoration-medium-low-high-medium-modular-private_fragmented-776105-always_act-event_triggered,utility_restoration,medium,low,high,medium,modular,private_fragmented,event_triggered,776105,always_act,20,UTL-25-crew_dispatch,U13,no_operational_action,request_peer_evidence,send_targeted_summary,execute_autonomously,False,False,0.0,False,False,False,0.7101357001492895,0.05522600273172004,0.0,0.0,1.0,2.0,0.2898642998507105,-0.5206018777298386,0.6699999999999999,0.2,0.85,0.35,0.9507737843344272,0.9543335447625101,0.005772685980893644,0.00479827839916902,0.0036763574978505575,0.00498891421292702,0.001523635143747759,0.0,0.9942273140191064,0.7916666666666666,0.014638064983512611,0.005772685980893644,2,4,0.051272467379278375,0.5358461380507584,0.7101357001492895,0.5298294865165738,0.5801280570532737,0.4565903273960349,0.31140046410783406
v7-pilots_iteration3-utility_restoration-medium-low-high-medium-modular-private_fragmented-776105-always_act-event_triggered,utility_restoration,medium,low,high,medium,modular,private_fragmented,event_triggered,776105,always_act,20,UTL-26-cyber_defense,U10,restore_communication_relay,request_peer_evidence,send_targeted_summary,execute_autonomously,True,True,-0.033834156677031914,True,False,True,0.8429631928358753,0.03297765303999639,0.7778052225677305,0.4778175727232092,1.0,2.0,0.1570368071641247,1.097098368434235,0.6699999999999999,0.2,0.85,0.35,0.9524167875007551,0.9675354876829059,0.018745937384880507,0.014928241754047056,0.0126104103211917,0.016732152598572858,0.005327142913918337,0.02096457449605793,0.9812540626151195,0.65,0.002005338963252057,0.018745937384880507,2,3,0.02464225572112355,0.6956837030177678,0.8429631928358753,0.6015337863483716,0.6500585499612661,0.5159106942250756,0.424581800754844
v7-pilots_iteration3-utility_restoration-medium-low-high-medium-modular-private_fragmented-776105-always_act-event_triggered,utility_restoration,medium,low,high,medium,modular,private_fragmented,event_triggered,776105,always_act,20,UTL-27-communications,U15,no_operational_action,request_peer_evidence,send_targeted_summary,execute_autonomously,False,False,0.0,False,False,False,0.7778378119647528,0.01883332811863614,0.3346290847274717,0.485212172854834,1.0,2.0,0.22216218803524723,0.5762337430532563,0.6699999999999999,0.2,0.85,0.35,0.9666055125369871,0.968651146008595,0.011657664662201084,0.009259815037043095,0.008821132380736674,0.010844749552900268,0.00471949681024586,0.020795617820807497,0.9883423353377989,0.5666666666666667,0.11409072930452258,0.011657664662201084,3,2,0.026141066400119706,0.6753157775531761,0.7778378119647528,0.5691072334472294,0.6181270812582185,0.4716345534461569,0.38474394714922866
v7-pilots_iteration3-utility_restoration-medium-low-high-medium-modular-private_fragmented-776105-always_act-event_triggered,utility_restoration,medium,low,high,medium,modular,private_fragmented,event_triggered,776105,always_act,24,UTL-00-zone_operator,U00,no_operational_action,request_peer_evidence,send_targeted_summary,execute_autonomously,False,False,0.0,False,False,False,0.8317168549409725,0.0828129890183737,0.32673462471056747,0.4070985391636562,0.0,1.0,0.1682831450590275,0.6124638860194245,0.6699999999999999,0.2,0.85,0.35,0.9117573869587893,0.9292995741071912,0.02213000812123045,0.017176360754372677,0.018067563404565945,0.021413342523070256,0.010091617306047684,0.11223656839075402,0.9778699918787696,0.3875,0.05230382302560321,-0.013098542814913183,4,1,0.035783638267337436,0.4308873800792081,0.8317168549409725,0.591608100085809,0.6403342489339492,0.5974206630291545,0.43432626791814244
v7-pilots_iteration3-utility_restoration-medium-low-high-medium-modular-private_fragmented-776105-always_act-event_triggered,utility_restoration,medium,low,high,medium,modular,private_fragmented,event_triggered,776105,always_act,24,UTL-01-crew_dispatch,U05,no_operational_action,request_peer_evidence,send_targeted_summary,execute_autonomously,False,False,0.0,False,False,False,0.8459100030500065,0.03932796138607697,0.9658440595500069,0.8176811620401649,0.0,1.0,0.15408999694999345,1.5389525815365501,0.6699999999999999,0.2,0.85,0.35,0.9013081383383312,0.9013081383383312,0.0,0.0,0.0,0.0,0.0,0.0,1.0,0.8,-0.02074574411431629,0.0,1,4,0.034354030990093376,0.5342528799266418,0.8459100030500065,0.5636910358045855,0.6174678283788368,0.5152822012810028,0.4389765402988216
v7-pilots_iteration3-utility_restoration-medium-low-high-medium-modular-private_fragmented-776105-always_act-event_triggered,utility_restoration,medium,low,high,medium,modular,private_fragmented,event_triggered,776105,always_act,24,UTL-02-cyber_defense,U02,no_operational_action,no_information_action,no_communication_action,execute_autonomously,False,False,0.0,False,False,False,0.842273737516911,0.26737687304390756,0.7276978412780674,0.48016186985319753,0.0,1.0,0.157726262483089,1.3889309005338393,0.6699999999999999,0.2,0.85,0.35,0.8757625539669331,0.9363658107237024,0.0598954690729504,0.04424427071778014,0.05334342248770363,0.06034291086693544,0.03373948930275794,0.059121704726116775,0.9401045309270496,0.3666666666666667,0.012359017526999971,0.051424571783536766,5,1,0.016177136078472487,0.4520119195205172,0.842273737516911,0.6397037902006283,0.6715223785885911,0.5169532942741335,0.482191812989876
v7-pilots_iteration3-utility_restoration-medium-low-high-medium-modular-private_fragmented-776105-always_act-event_triggered,utility_restoration,medium,low,high,medium,modular,private_fragmented,event_triggered,776105,always_act,24,UTL-03-communications,U03,reconfigure_service_edge,no_information_action,negotiate_commitment,execute_autonomously,True,True,-0.03282066603870604,True,False,True,0.3924473802504922,0.4234684086178948,0.7440222012902011,0.4788321918707916,0.0,1.0,0.6075526197495078,1.359528238439061,0.6699999999999999,0.2,0.85,0.35,0.6817851761367427,0.6888529127042394,0.007053315123629389,0.005740173103544577,0.0065636814093686935,0.006991308659032969,0.005490397890579701,0.18447127479810432,0.9929466848763706,0.725,-0.24255522534096552,-0.02595658621776964,2,3,0.07532307718715825,0.2987518353341574,0.3924473802504922,0.3372998873074637,0.3762707192490092,0.5902242373983253,0.40264259072050684
v7-pilots_iteration3-utility_restoration-medium-low-high-medium-modular-private_fragmented-776105-always_act-event_triggered,utility_restoration,medium,low,high,medium,modular,private_fragmented,event_triggered,776105,always_act,24,UTL-04-resource_allocation,U04,no_operational_action,request_peer_evidence,send_targeted_summary,execute_autonomously,False,False,0.0,False,False,False,0.697519673612144,0.038205538913039294,0.11443012491982775,0.11592368113375022,0.0,1.0,0.30248032638785605,0.23377521601176196,0.6699999999999999,0.2,0.85,0.35,0.889316589114834,0.8905859786139844,0.0022917351027698096,0.0017917058715661849,0.0018271306622829053,0.0021901753723596595,0.0010081659464536985,0.0,0.9977082648972302,0.725,0.014959992224804042,-0.019439191497608865,2,3,0.0654217510902495,0.31537837250022904,0.697519673612144,0.5045454458674439,0.560091389161337,0.4379582629171005,0.30558359104297883
v7-pilots_iteration3-utility_restoration-medium-low-high-medium-modular-private_fragmented-776105-always_act-event_triggered,utility_restoration,medium,low,high,medium,modular,private_fragmented,event_triggered,776105,always_act,24,UTL-05-critical_load,U01,no_operational_action,request_peer_evidence,send_targeted_summary,execute_autonomously,False,False,0.0,False,False,False,0.7778474075997384,0.024609917505213713,0.3707443678372132,0.0,0.0,1.0,0.22215259240026164,0.3556301368384187,0.6699999999999999,0.2,0.85,0.35,0.9732079555239695,0.9732079555239695,0.0,0.0,0.0,0.0,0.0,0.0,1.0,0.8,0.10075030140093677,0.0,1,4,0.05621883191931076,0.31486811858391106,0.7778474075997384,0.5544409519208877,0.6052691896827145,0.48669591119189015,0.3217972741279268
v7-pilots_iteration3-utility_restoration-medium-low-high-medium-modular-private_fragmented-776105-always_act-event_triggered,utility_restoration,medium,low,high,medium,modular,private_fragmented,event_triggered,776105,always_act,24,UTL-06-zone_operator,U02,isolate_component,request_peer_evidence,negotiate_commitment,execute_autonomously,True,True,-0.03293162978509624,True,False,True,0.7972164118221384,0.11429938194200948,0.7477209928365415,0.5091954396129851,0.0,1.0,0.20278358817786155,1.1548682513512236,0.6699999999999999,0.2,0.85,0.35,0.9241383440384039,0.9366514659919098,0.01681156011281959,0.014362288934975598,0.011045598320185146,0.014590212415578119,0.005064294726763285,0.03257165775275528,0.9831884398871804,0.5208333333333333,0.06079596916759222,-6.828876080400281e-05,4,2,0.026906772881658325,0.4436604855266435,0.7972164118221384,0.5734573348964038,0.624834826732309,0.4885064794161528,0.39056883902434236
v7-pilots_iteration3-utility_restoration-medium-low-high-medium-modular-private_fragmented-776105-always_act-event_triggered,utility_restoration,medium,low,high,medium,modular,private_fragmented,event_triggered,776105,always_act,24,UTL-07-crew_dispatch,U03,no_operational_action,request_peer_evidence,send_targeted_summary,execute_autonomously,False,False,0.0,False,False,False,0.596005543338991,0.052382604765792595,0.8045538729632103,0.5666031157966549,0.0,1.0,0.40399445666100897,1.4358061116960843,0.6699999999999999,0.2,0.85,0.35,0.7819016183383816,0.7819016183383816,0.0,0.0,0.0,0.0,0.0,0.0,1.0,0.8,-0.12847759111343404,0.0,1,4,0.08237639231078764,0.3890266325264542,0.596005543338991,0.4338776219201918,0.4890116192194046,0.41032232820237624,0.33887392603051614
v7-pilots_iteration3-utility_restoration-medium-low-high-medium-modular-private_fragmented-776105-always_act-event_triggered,utility_restoration,medium,low,high,medium,modular,private_fragmented,event_triggered,776105,always_act,24,UTL-08-cyber_defense,U00,no_operational_action,no_information_action,no_communication_action,execute_autonomously,False,False,0.0,False,False,False,0.8458289901226992,0.1969531577668709,0.35090384878369657,0.44214391406969333,0.0,1.0,0.15417100987730076,0.8797441578333656,0.6699999999999999,0.2,0.85,0.35,0.9410823935880868,0.956494767770877,0.027078757474418014,0.018566934480838237,0.026089390669149393,0.02868635288837995,0.01665538759139329,0.07487087452957875,0.972921242525582,0.3875,0.0744670955529898,0.02041973082637516,4,1,0.03083488891414987,0.4440963960184442,0.8458289901226992,0.6115124549102866,0.6509087727527513,0.5465519051364933,0.43729822825071807
v7-pilots_iteration3-utility_restoration-medium-low-high-medium-modular-private_fragmented-776105-always_act-event_triggered,utility_restoration,medium,low,high,medium,modular,private_fragmented,event_triggered,776105,always_act,24,UTL-09-communications,U01,no_operational_action,no_information_action,no_communication_action,execute_autonomously,False,False,0.0,False,False,False,0.6323236544167753,0.15553137355977448,0.7252803224236085,0.5016564675142323,0.0,1.0,0.3676763455832247,1.3311995080073058,0.6699999999999999,0.2,0.85,0.35,0.9015932071262263,0.9015932071262263,0.0,0.0,0.0,0.0,0.0,0.0,1.0,0.8,-0.0698763156361113,0.0,1,4,0.05621883191931076,0.38578759470511936,0.6323236544167753,0.47832776354826667,0.5298545129004377,0.42557593485504563,0.341249399338405
v7-pilots_iteration3-utility_restoration-medium-low-high-medium-modular-private_fragmented-776105-always_act-event_triggered,utility_restoration,medium,low,high,medium,modular,private_fragmented,event_triggered,776105,always_act,24,UTL-10-resource_allocation,U02,no_operational_action,request_peer_evidence,send_targeted_summary,execute_autonomously,False,False,0.0,False,False,False,0.747379151953326,0.029681702224023387,0.16021339466448314,0.0,0.0,1.0,0.25262084804667395,0.15606103415928826,0.6699999999999999,0.2,0.85,0.35,0.9554913917096383,0.9759021773631522,0.028285020910683634,0.02292110705307615,0.01924791589617947,0.025225948368627127,0.008596755531037004,0.0,0.9717149790893164,0.6666666666666666,0.05064523449091962,0.028285020910683634,3,3,0.015433312083794282,0.30450891166413085,0.747379151953326,0.577423537983697,0.6240307835608683,0.4472325771537302,0.3435681166382475
v7-pilots_iteration3-utility_restoration-medium-low-high-medium-modular-private_fragmented-776105-always_act-event_triggered,utility_restoration,medium,low,high,medium,modular,private_fragmented,event_triggered,776105,always_act,24,UTL-11-critical_load,U07,no_operational_action,request_peer_evidence,send_targeted_summary,execute_autonomously,False,False,0.0,False,False,False,0.6756869115042029,0.07655820058647342,0.8799644635509999,0.6259484721489498,0.0,1.0,0.3243130884957971,1.571976135599313,0.6699999999999999,0.2,0.85,0.35,0.9114617711429591,0.9239778010035995,0.008497311547937647,0.007893797164234884,0.0046002432902595425,0.006682777444827037,0.0018549641351370827,0.025948902253075223,0.9915026884520624,0.7916666666666666,0.0798542915877739,-0.0025289337752845142,2,4,0.028097175295611843,0.430361183227177,0.6756869115042029,0.5100364435545336,0.5631115737703295,0.4815641675897729,0.39332775856257857
v7-pilots_iteration3-utility_restoration-medium-low-high-medium-modular-private_fragmented-776105-always_act-event_triggered,utility_restoration,medium,low,high,medium,modular,private_fragmented,event_triggered,776105,always_act,24,UTL-12-zone_operator,U00,no_operational_action,request_peer_evidence,send_targeted_summary,execute_autonomously,False,False,0.0,False,False,False,0.8576274724188533,0.06328178157526732,0.6211346214036783,0.8339785343686668,0.0,1.0,0.14237252758114666,1.6432262143060687,0.6699999999999999,0.2,0.85,0.35,0.9456151195498407,0.9413584886416373,0.007325556129499922,0.005414595590317872,0.007131283308177694,0.007642113461476363,0.005167947701517628,0.06579424593779348,0.9926744438705001,0.5666666666666667,0.1735576624032138,0.0022145453946368354,3,2,0.050588090259067964,0.5421481888708901,0.8576274724188533,0.5897105474363014,0.638832767911641,0.5735441255746978,0.47069282114840233
v7-pilots_iteration3-utility_restoration-medium-low-high-medium-modular-private_fragmented-776105-always_act-event_triggered,utility_restoration,medium,low,high,medium,modular,private_fragmented,event_triggered,776105,always_act,24,UTL-13-crew_dispatch,U01,no_operational_action,request_peer_evidence,send_targeted_summary,execute_autonomously,False,False,0.0,False,False,False,0.8240722422283595,0.028479633879127664,0.46088692974434936,0.11828604812930653,0.0,1.0,0.1759277577716405,0.5050310221145379,0.6699999999999999,0.2,0.85,0.35,0.9545239396372628,0.9635531177579917,0.007619768278554484,0.007133198873812918,0.004055091067362571,0.005959345234960667,0.0015145651643323488,0.0,0.9923802317214455,0.725,0.0868039787983026,0.007619768278554484,2,3,0.04859906364075628,0.35897321390867587,0.8240722422283595,0.5789275573906358,0.6319777153679795,0.49111034173591095,0.3517536668525043
v7-pilots_iteration3-utility_restoration-medium-low-high-medium-modular-private_fragmented-776105-always_act-event_triggered,utility_restoration,medium,low,high,medium,modular,private_fragmented,event_triggered,776105,always_act,24,UTL-14-cyber_defense,U06,no_operational_action,request_peer_evidence,send_targeted_summary,execute_autonomously,False,False,0.0,False,False,False,0.7525243001824578,0.11903485568067468,0.29966051214178974,0.35625163250356096,0.0,1.0,0.24747569981754225,0.7068580105464191,0.6699999999999999,0.2,0.85,0.35,0.8839704176959495,0.8886037422482147,0.0028388642297055844,0.0025908314627201,0.0019029905516536605,0.002422433664035273,0.0010627920319252748,0.0,0.9971611357702944,0.725,-0.017786451397494463,-0.011735428998004394,2,3,0.025440008604466158,0.3917586538628903,0.7525243001824578,0.5259767344185583,0.5790900429600427,0.46106020607663223,0.3502566335638636
v7-pilots_iteration3-utility_restoration-medium-low-high-medium-modular-private_fragmented-776105-always_act-event_triggered,utility_restoration,medium,low,high,medium,modular,private_fragmented,event_triggered,776105,always_act,24,UTL-15-communications,U03,reconfigure_service_edge,request_peer_evidence,send_targeted_summary,execute_autonomously,True,True,-0.030601915028134457,True,False,True,0.6728670273073633,0.13468006711898112,0.6700638342711485,0.3715925596931652,0.0,1.0,0.32713297269263675,0.9555895321202454,0.6699999999999999,0.2,0.85,0.35,0.9447967301323753,0.9468561939241829,0.004572879428102805,0.0032846798858529036,0.004294629623221358,0.004738206632738939,0.002855280640788327,0.039173090819865086,0.9954271205718972,0.5666666666666667,0.05209922260754263,-0.030329402655758675,3,2,0.07780351288268483,0.3683570036108632,0.6728670273073633,0.511748024655383,0.5607694313635827,0.45548058284862086,0.33956459727794724
v7-pilots_iteration3-utility_restoration-medium-low-high-medium-modular-private_fragmented-776105-always_act-event_triggered,utility_restoration,medium,low,high,medium,modular,private_fragmented,event_triggered,776105,always_act,24,UTL-16-resource_allocation,U00,no_operational_action,request_peer_evidence,send_targeted_summary,execute_autonomously,False,False,0.0,False,False,False,0.6555069728479952,0.09475222392817251,0.3792155360661838,0.48319586062929987,0.0,1.0,0.3444930271520048,1.092147039068852,0.6699999999999999,0.2,0.85,0.35,0.9127945588276045,0.9264450305886395,0.01687530489038236,0.013458213999461233,0.013008818120647914,0.015831676564192154,0.007019392902532284,0.0,0.9831246951096176,0.725,0.0156308376930695,0.01687530489038236,2,3,0.04103834149818553,0.38923937731935043,0.6555069728479952,0.5140268556926345,0.5619284446789172,0.420312928596158,0.364741634951371
v7-pilots_iteration3-utility_restoration-medium-low-high-medium-modular-private_fragmented-776105-always_act-event_triggered,utility_restoration,medium,low,high,medium,modular,private_fragmented,event_triggered,776105,always_act,24,UTL-17-critical_load,U05,no_operational_action,request_peer_evidence,send_targeted_summary,execute_autonomously,False,False,0.0,False,False,False,0.8514836253021161,0.2247509188993104,0.47379080432201126,0.1772754789600124,0.0,1.0,0.14851637469788395,0.8111905372639923,0.6699999999999999,0.2,0.85,0.35,0.9269863876666915,0.9269863876666915,0.0,0.0,0.0,0.0,0.0,0.0,1.0,0.8,-0.027338582966068392,0.0,1,4,0.034354030990093376,0.38245054755312247,0.8514836253021161,0.5723400470375193,0.6214087987396248,0.5176231226268888,0.363688472559794
v7-pilots_iteration3-utility_restoration-medium-low-high-medium-modular-private_fragmented-776105-always_act-event_triggered,utility_restoration,medium,low,high,medium,modular,private_fragmented,event_triggered,776105,always_act,24,UTL-18-zone_operator,U02,no_operational_action,request_peer_evidence,send_targeted_summary,execute_autonomously,False,False,0.0,False,False,False,0.7966307373294799,0.09350322258316032,0.6961470976881321,0.4344132916477914,0.0,1.0,0.2033692626705201,1.2717062567787938,0.6699999999999999,0.2,0.85,0.35,0.9070316574735334,0.9062282289818214,0.0007096232212577824,0.0007166726156865311,0.0004956487919198782,0.0006077538140687455,0.0002977289276316908,0.0221417273479243,0.9992903767787422,0.7916666666666666,0.06946195095184649,-0.014728571285311243,2,4,0.04300870977322013,0.4255136406874931,0.7966307373294799,0.5464036818099363,0.6017276643388951,0.5265736685805598,0.3948671137354584
v7-pilots_iteration3-utility_restoration-medium-low-high-medium-modular-private_fragmented-776105-always_act-event_triggered,utility_restoration,medium,low,high,medium,modular,private_fragmented,event_triggered,776105,always_act,24,UTL-19-crew_dispatch,U03,no_operational_action,request_peer_evidence,send_targeted_summary,execute_autonomously,False,False,0.0,False,False,False,0.7680108475270251,0.026504513822246667,0.7733796234211235,0.5214004539606292,0.0,1.0,0.23198915247297497,1.5619160231400242,0.6699999999999999,0.2,0.85,0.35,0.9068449984142783,0.9077353027884177,0.0009820231541436408,0.0008016326442988886,0.0007115892404655488,0.0008950277992366695,0.0003536482943006236,0.034016888347484286,0.9990179768458564,0.725,0.06304143814673879,-0.007377465800330052,2,3,0.081394369156644,0.43665979710973957,0.7680108475270251,0.5352904210301807,0.5913167700872972,0.5192702262495267,0.3974867409818917
v7-pilots_iteration3-utility_restoration-medium-low-high-medium-modular-private_fragmented-776105-always_act-event_triggered,utility_restoration,medium,low,high,medium,modular,private_fragmented,event_triggered,776105,always_act,24,UTL-20-cyber_defense,U04,no_operational_action,no_information_action,no_communication_action,execute_autonomously,False,False,0.0,False,False,False,0.6281232581941001,0.18062651436345664,0.05335895633427548,0.027370486684699435,0.0,1.0,0.37187674180589986,0.1760053811344734,0.6699999999999999,0.2,0.85,0.35,0.9160823378979018,0.916836181202349,0.0009028485040678547,0.0007834836003832724,0.0005572190974266755,0.0007600159294250952,0.0002477863755465659,0.0,0.9990971514959321,0.725,0.01914556815864843,-0.0030654140109638295,2,3,0.06681063768895146,0.2705308245903219,0.6281232581941001,0.48153387565781053,0.5314888495953622,0.408811768441522,0.27419399392401156
v7-pilots_iteration3-utility_restoration-medium-low-high-medium-modular-private_fragmented-776105-always_act-event_triggered,utility_restoration,medium,low,high,medium,modular,private_fragmented,event_triggered,776105,always_act,24,UTL-21-communications,U01,reconfigure_service_edge,request_peer_evidence,send_targeted_summary,execute_autonomously,True,True,-0.016385932247075324,True,False,True,0.73690446589128,0.09520509622931261,0.1961977415691774,0.0,0.0,1.0,0.26309553410872,0.2618603752824614,0.6699999999999999,0.2,0.85,0.35,0.8940436288794928,0.9081697480907963,0.008545019018143307,0.007005265291106788,0.006238700029377542,0.007770641006327961,0.003351886329544862,0.0,0.9914549809818567,0.5666666666666667,-0.035609590871877095,-0.003660271063510967,3,2,0.047673812901167456,0.30094751840303524,0.73690446589128,0.5302357202017859,0.5805786540475872,0.4228332090076709,0.2877257282859294
v7-pilots_iteration3-utility_restoration-medium-low-high-medium-modular-private_fragmented-776105-always_act-event_triggered,utility_restoration,medium,low,high,medium,modular,private_fragmented,event_triggered,776105,always_act,24,UTL-22-resource_allocation,U02,no_operational_action,request_peer_evidence,send_targeted_summary,execute_autonomously,False,False,0.0,False,False,False,0.7870268732180066,0.06456563958092046,0.8217030920423782,0.6164694834614484,0.0,1.0,0.2129731267819934,1.615155272206785,0.6699999999999999,0.2,0.85,0.35,0.9534942528506127,0.9526908168563852,0.0011183145393356408,0.0011428791501120195,0.0007130298980335681,0.0009159024433497143,0.0004015380600415064,0.0,0.9988816854606644,0.7916666666666666,0.06305385115726148,-0.024297056864801214,2,4,0.042600018455142274,0.4659418129248699,0.7870268732180066,0.5547499528549258,0.6067088806384189,0.4888846200848961,0.3982772666684131
v7-pilots_iteration3-utility_restoration-medium-low-high-medium-modular-private_fragmented-776105-always_act-event_triggered,utility_restoration,medium,low,high,medium,modular,private_fragmented,event_triggered,776105,always_act,24,UTL-23-critical_load,U03,no_operational_action,request_peer_evidence,send_targeted_summary,execute_autonomously,False,False,0.0,False,False,False,0.8415094210694425,0.03826832758584753,0.6336556356386781,0.31880067167608317,0.0,1.0,0.15849057893055757,0.9794777360928167,0.6699999999999999,0.2,0.85,0.35,0.8971500679051057,0.9082287893111227,0.009978418031277414,0.009408858803349962,0.007588329150728601,0.009025923691736493,0.004400999709954445,0.0,0.9900215819687226,0.725,0.016605750925218765,0.009978418031277414,2,3,0.07239797427951022,0.41302536436587045,0.8415094210694425,0.5748610706478418,0.6325325920873766,0.4984339568491658,0.38552094363665407
v7-pilots_iteration3-utility_restoration-medium-low-high-medium-modular-private_fragmented-776105-always_act-event_triggered,utility_restoration,medium,low,high,medium,modular,private_fragmented,event_triggered,776105,always_act,24,UTL-24-zone_operator,U00,no_operational_action,no_information_action,no_communication_action,execute_autonomously,False,False,0.0,False,False,False,0.6096269734185171,0.17912260322662588,0.36275809940268694,0.4593325774672294,0.0,1.0,0.3903730265814828,0.8250608999523271,0.6699999999999999,0.2,0.85,0.35,0.8658055626346961,0.8857989103198233,0.01942071304573678,0.017021570805529462,0.013277505304035375,0.01694638680784588,0.0069613151415380825,0.06250307194615645,0.9805792869542632,0.5666666666666667,0.022956601280559652,-0.01089847176314851,3,2,0.038492933342831104,0.36791298955443086,0.6096269734185171,0.4874911782901124,0.5396657589552332,0.46438133152726835,0.36236302228930994
v7-pilots_iteration3-utility_restoration-medium-low-high-medium-modular-private_fragmented-776105-always_act-event_triggered,utility_restoration,medium,low,high,medium,modular,private_fragmented,event_triggered,776105,always_act,24,UTL-25-crew_dispatch,U01,dispatch_repair_crew,request_peer_evidence,send_targeted_summary,execute_autonomously,True,True,80.74825161915466,True,True,False,0.7781233038861666,0.09461169576755907,0.5541664791988068,0.25354139483826976,0.0,1.0,0.22187669611383343,0.9503315103491867,0.6699999999999999,0.2,0.85,0.35,0.9237143514272574,0.9256246003632456,0.0035326995822099194,0.0028602526671387407,0.002688309342073647,0.0032760342601985126,0.0015015612532228717,0.0,0.9964673004177901,0.725,0.002036895655773918,-0.008854617508305518,2,3,0.052686132337100844,0.3758118580824814,0.7781233038861666,0.547123688826375,0.5993912938333543,0.4718117876321899,0.3457792402481199
v7-pilots_iteration3-utility_restoration-medium-low-high-medium-modular-private_fragmented-776105-always_act-event_triggered,utility_restoration,medium,low,high,medium,modular,private_fragmented,event_triggered,776105,always_act,24,UTL-26-cyber_defense,U02,no_operational_action,no_information_action,no_communication_action,execute_autonomously,False,False,0.0,False,False,False,0.847796375093723,0.15206355032574576,0.510295633738761,0.16492866892120334,0.0,1.0,0.15220362490627698,0.7301439188764545,0.6699999999999999,0.2,0.85,0.35,0.9239875487004091,0.9505745695839759,0.02833408958105821,0.02144856105398285,0.023196930547821015,0.02751874633803253,0.013025264793965263,0.11080532055934078,0.9716659104189418,0.3666666666666667,0.061638621610797695,0.008210432780322519,5,1,0.015384243413419707,0.3782336480729547,0.847796375093723,0.609783162626073,0.6531929884746781,0.597831898122895,0.4182617341965568
v7-pilots_iteration3-utility_restoration-medium-low-high-medium-modular-private_fragmented-776105-always_act-event_triggered,utility_restoration,medium,low,high,medium,modular,private_fragmented,event_triggered,776105,always_act,24,UTL-27-communications,U07,restore_communication_relay,request_peer_evidence,send_targeted_summary,execute_autonomously,True,True,-0.04023339906161526,True,False,True,0.690746828030979,0.07280595183628857,0.9911133020538418,0.7871142879780706,0.0,1.0,0.309253171969021,2.0866587458588968,0.6699999999999999,0.2,0.85,0.35,0.893081953740717,0.8956142595019511,0.002930356244885579,0.002983904444352481,0.0015567441130125426,0.0022362506656150583,0.0006697637144712498,0.07032956016201754,0.9970696437551144,0.7916666666666666,-0.07447774119733885,-0.016985475570989617,2,4,0.03366413059866391,0.47416135064526976,0.690746828030979,0.5036717183904107,0.5596446705792764,0.5553479325526112,0.44446538768782323
v7-pilots_iteration3-utility_restoration-medium-low-high-medium-modular-private_fragmented-776105-always_act-event_triggered,utility_restoration,medium,low,high,medium,modular,private_fragmented,event_triggered,776105,always_act,28,UTL-00-zone_operator,U04,no_operational_action,no_information_action,no_communication_action,execute_autonomously,False,False,0.0,False,False,False,0.5608650438922317,0.2681841160814797,0.39012176820850203,0.515676563902328,0.33333333333333337,1.3333333333333333,0.4391349561077683,0.7454802865396176,0.6699999999999999,0.2,0.85,0.35,0.8729698860052362,0.8812388180850612,0.010622778012700285,0.009592059583784063,0.006976203817861348,0.008976581119703786,0.004122949907267581,0.03051972592634167,0.9893772219872997,0.2,-0.023376918422746584,0.002099272926725626,5,0,0.04054732634303171,0.4461898235932509,0.5608650438922317,0.45746037827598207,0.5046186251210634,0.3219533018427766,0.278251883953678
v7-pilots_iteration3-utility_restoration-medium-low-high-medium-modular-private_fragmented-776105-always_act-event_triggered,utility_restoration,medium,low,high,medium,modular,private_fragmented,event_triggered,776105,always_act,28,UTL-01-crew_dispatch,U09,dispatch_repair_crew,request_peer_evidence,negotiate_commitment,execute_autonomously,True,False,0.0,False,False,False,0.8388135149237472,0.01108087828895804,1.0,0.9330248260346892,0.33333333333333337,1.3333333333333333,0.16118648507625274,1.5401511998636603,0.6699999999999999,0.2,0.85,0.35,0.9197349967691675,0.9414672850790854,0.017644043614770344,0.014203424475819681,0.012470207921864374,0.015963789170719056,0.005974631245600492,0.0,0.9823559563852297,0.3875,0.06098798790096349,0.004947152546512235,4,1,0.012872591837453706,0.6408558866557329,0.8388135149237472,0.5901608162224693,0.6394743880237623,0.42980167626797383,0.41691886828562386
v7-pilots_iteration3-utility_restoration-medium-low-high-medium-modular-private_fragmented-776105-always_act-event_triggered,utility_restoration,medium,low,high,medium,modular,private_fragmented,event_triggered,776105,always_act,28,UTL-02-cyber_defense,U10,no_operational_action,request_peer_evidence,send_targeted_summary,execute_autonomously,False,False,0.0,False,False,False,0.917084577773928,0.02159241267828582,0.5008943288954131,0.17629677689834897,0.33333333333333337,1.3333333333333333,0.08291542222607194,0.6158726964532729,0.6699999999999999,0.2,0.85,0.35,0.8246133716801906,0.8637471167058274,0.019520165757100694,0.015793041321945256,0.014668410156230882,0.017991088137532918,0.008139168900270999,0.0,0.9804798342428993,0.5666666666666667,-0.09630947944472723,0.019520165757100694,3,2,0.05527193996628699,0.4858533162320726,0.917084577773928,0.6003154060895598,0.6499448238072145,0.4985088559983831,0.38498768772656056
v7-pilots_iteration3-utility_restoration-medium-low-high-medium-modular-private_fragmented-776105-always_act-event_triggered,utility_restoration,medium,low,high,medium,modular,private_fragmented,event_triggered,776105,always_act,28,UTL-03-communications,U07,restore_communication_relay,no_information_action,negotiate_commitment,execute_autonomously,True,False,0.0,False,False,False,0.8804151993332684,0.21044484185278628,1.0,1.0,0.33333333333333337,1.3333333333333333,0.11958480066673163,1.9392911996877893,0.6699999999999999,0.2,0.85,0.35,0.895440872666564,0.914293394563526,0.024033210536752447,0.018585373750672818,0.0207137935703533,0.023659835356682812,0.013067925728688645,0.07154706299922586,0.9759667894632476,0.6666666666666666,-0.037330453862977286,0.010661705189920823,3,3,0.030833183576459033,0.6710745011066447,0.8804151993332684,0.6096727926514018,0.6543736252763573,0.6118592528121294,0.5364831154487715
v7-pilots_iteration3-utility_restoration-medium-low-high-medium-modular-private_fragmented-776105-always_act-event_triggered,utility_restoration,medium,low,high,medium,modular,private_fragmented,event_triggered,776105,always_act,28,UTL-04-resource_allocation,U08,no_operational_action,request_peer_evidence,send_targeted_summary,execute_autonomously,False,False,0.0,False,False,False,0.6707692652350559,0.035755613817977094,0.04682622730930719,0.0,0.33333333333333337,1.3333333333333333,0.3292307347649441,-0.1690285181648415,0.6699999999999999,0.2,0.85,0.35,0.880997858444646,0.8962197622013333,0.006631819086908353,0.006328767146344116,0.0038312344865780723,0.00528674792869499,0.0018278442074471934,0.01972841470011997,0.9933681809130916,0.6666666666666666,-0.024394143624185682,-0.00262307838108633,3,3,0.03510739027762044,0.3597948835132523,0.6707692652350559,0.49784171742685557,0.552502152678471,0.44504361507623913,0.29460053388388874
v7-pilots_iteration3-utility_restoration-medium-low-high-medium-modular-private_fragmented-776105-always_act-event_triggered,utility_restoration,medium,low,high,medium,modular,private_fragmented,event_triggered,776105,always_act,28,UTL-05-critical_load,U09,no_operational_action,no_information_action,no_communication_action,execute_autonomously,False,False,0.0,False,False,False,0.6324789465238472,0.19343625178371668,0.8527187054749519,0.6197754562720136,0.33333333333333337,1.3333333333333333,0.3675210534761529,1.5222277091943637,0.6699999999999999,0.2,0.85,0.35,0.9280590585839739,0.9523583561216471,0.026478478968637198,0.019407080619696315,0.022876378708061806,0.026456921615403806,0.01343224031529211,0.0,0.9735215210313628,0.3875,0.029109376768623685,0.017773761235001073,4,1,0.004038156483586852,0.49552228465672465,0.6324789465238472,0.5220762138116244,0.5634533654734146,0.34314115754001584,0.34094791624426724
v7-pilots_iteration3-utility_restoration-medium-low-high-medium-modular-private_fragmented-776105-always_act-event_triggered,utility_restoration,medium,low,high,medium,modular,private_fragmented,event_triggered,776105,always_act,28,UTL-06-zone_operator,U06,no_operational_action,request_peer_evidence,send_targeted_summary,execute_autonomously,False,False,0.0,False,False,False,0.6926488142450556,0.114303029386565,0.08959882112881011,0.05166218053474053,0.33333333333333337,1.3333333333333333,0.30735118575494436,0.021324159781922175,0.6699999999999999,0.2,0.85,0.35,0.9506611388716728,0.9505471046225098,0.0005730894981242907,0.000542899793203766,0.0003897607020730831,0.0004923308981191754,0.00021062976016994472,0.0,0.9994269105018757,0.725,-0.017945164540148162,-0.010139205124872763,2,3,0.05047683226297606,0.37963285350499,0.6926488142450556,0.5155271357133145,0.5664643188275083,0.4359125019829233,0.2949133553403409
v7-pilots_iteration3-utility_restoration-medium-low-high-medium-modular-private_fragmented-776105-always_act-event_triggered,utility_restoration,medium,low,high,medium,modular,private_fragmented,event_triggered,776105,always_act,28,UTL-07-crew_dispatch,U07,dispatch_repair_crew,request_peer_evidence,negotiate_commitment,execute_autonomously,False,True,0.0,False,False,False,0.6501426664900714,0.11776809809053257,1.0,1.0,0.33333333333333337,1.3333333333333333,0.3498573335099286,1.9144933172427976,0.6699999999999999,0.2,0.85,0.35,0.9106907852476618,0.9156729614580402,0.0030691672370687373,0.002574303351800422,0.002073553648169524,0.0026934021012728904,0.0010253592355643493,0.0,0.9969308327629313,0.7916666666666666,0.006095788913835665,0.0030691672370687373,2,4,0.05179722687614274,0.5927818399399576,0.6501426664900714,0.49202659703984025,0.5432306432736578,0.4313932532591633,0.41013285395741855
v7-pilots_iteration3-utility_restoration-medium-low-high-medium-modular-private_fragmented-776105-always_act-event_triggered,utility_restoration,medium,low,high,medium,modular,private_fragmented,event_triggered,776105,always_act,28,UTL-08-cyber_defense,U08,isolate_component,request_peer_evidence,send_targeted_summary,execute_autonomously,True,False,0.0,False,False,False,0.8615509718959841,0.3287244404401706,0.13072185847276052,0.09878809589605268,0.33333333333333337,1.3333333333333333,0.13844902810401596,0.20088314338046032,0.6699999999999999,0.2,0.85,0.35,0.860455973701222,0.8863595899759743,0.013391538284100446,0.010047244514785003,0.01188544043521178,0.013344614720783632,0.008254889571129187,0.016807320308970173,0.9866084617158996,0.5208333333333333,-0.0655270846084226,-0.0064807449533309525,4,2,0.02834767108042835,0.44836980679302063,0.8615509718959841,0.5784825357814397,0.6201369917670094,0.49156520173261464,0.34574094711646647
v7-pilots_iteration3-utility_restoration-medium-low-high-medium-modular-private_fragmented-776105-always_act-event_triggered,utility_restoration,medium,low,high,medium,modular,private_fragmented,event_triggered,776105,always_act,28,UTL-09-communications,U05,no_operational_action,request_peer_evidence,send_targeted_summary,execute_autonomously,False,False,0.0,False,False,False,0.8160509618947953,0.26510177270303337,0.4840078164527859,0.44922924042657497,0.33333333333333337,1.3333333333333333,0.18394903810520466,0.8557896946583315,0.6699999999999999,0.2,0.85,0.35,0.8305807732377665,0.8404661382094468,0.0030375538509493927,0.002928438663189703,0.0022219703683894476,0.0026184660010062366,0.001626567354885533,0.0,0.9969624461490506,0.725,-0.12081160807756997,-0.005719846161662434,2,3,0.05538948722559511,0.5170056780799418,0.8160509618947953,0.5383181534586889,0.5897719709559309,0.487741403995814,0.37947618573083736
v7-pilots_iteration3-utility_restoration-medium-low-high-medium-modular-private_fragmented-776105-always_act-event_triggered,utility_restoration,medium,low,high,medium,modular,private_fragmented,event_triggered,776105,always_act,28,UTL-10-resource_allocation,U06,no_operational_action,no_information_action,no_communication_action,execute_autonomously,False,False,0.0,False,False,False,0.6016335526489742,0.19085554347861405,0.0,0.0,0.33333333333333337,1.3333333333333333,0.39836644735102583,-0.18845336996270406,0.6699999999999999,0.2,0.85,0.35,0.853018277965482,0.853018277965482,0.0,0.0,0.0,0.0,0.0,0.0,1.0,0.8,-0.06792601738607307,0.0,1,4,0.05104992176110035,0.33628874123398456,0.6016335526489742,0.4539079905509602,0.5085890032217392,0.4126860921125692,0.2724573947417128
v7-pilots_iteration3-utility_restoration-medium-low-high-medium-modular-private_fragmented-776105-always_act-event_triggered,utility_restoration,medium,low,high,medium,modular,private_fragmented,event_triggered,776105,always_act,28,UTL-11-critical_load,U11,no_operational_action,no_information_action,no_communication_action,execute_autonomously,False,False,0.0,False,False,False,0.8353526658186736,0.17587485558273386,0.48236454435516757,0.14942858931499292,0.33333333333333337,1.3333333333333333,0.16464733418132638,0.47976704188975217,0.6699999999999999,0.2,0.85,0.35,0.934694672907481,0.9402714547028795,0.013171766552079744,0.010319024801194177,0.010508349507622916,0.012525360679979891,0.006143132636138748,0.012479385696320115,0.9868282334479203,0.2,-0.042657615323931974,0.013171766552079744,5,0,0.017258000768488935,0.4516161011472807,0.8353526658186736,0.5862552077272514,0.634172579437733,0.40981678590224946,0.30960332016147174
v7-pilots_iteration3-utility_restoration-medium-low-high-medium-modular-private_fragmented-776105-always_act-event_triggered,utility_restoration,medium,low,high,medium,modular,private_fragmented,event_triggered,776105,always_act,28,UTL-12-zone_operator,U04,no_operational_action,no_information_action,no_communication_action,execute_autonomously,False,False,0.0,False,False,False,0.6194610006378605,0.18043359052965086,0.0,0.0,0.33333333333333337,1.3333333333333333,0.38053899936213953,-0.07005655211767764,0.6699999999999999,0.2,0.85,0.35,0.8968020065327602,0.8968020065327602,0.0,0.0,0.0,0.0,0.0,0.0,1.0,0.8,-0.035517682084928115,0.0,1,4,0.05117010435573199,0.34235007355020586,0.6194610006378605,0.47198490188833425,0.5233203960948687,0.4201736202679014,0.2774490801786009
v7-pilots_iteration3-utility_restoration-medium-low-high-medium-modular-private_fragmented-776105-always_act-event_triggered,utility_restoration,medium,low,high,medium,modular,private_fragmented,event_triggered,776105,always_act,28,UTL-13-crew_dispatch,U05,dispatch_repair_crew,request_peer_evidence,send_targeted_summary,execute_autonomously,False,False,0.0,False,False,False,0.7126636439702831,0.052941755948922364,0.8600141337275466,0.49685757785999185,0.33333333333333337,1.3333333333333333,0.2873363560297169,1.0028675168630963,0.6699999999999999,0.2,0.85,0.35,0.8737699259515941,0.8932130650136548,0.012144626959987526,0.010485197900882759,0.0077215401335497535,0.010349870863746391,0.0035380235427726614,0.0,0.9878553730400125,0.725,-0.011594847961932775,0.012144626959987526,2,3,0.04628241411655698,0.49328479096962763,0.7126636439702831,0.5205104168199943,0.5735620263217579,0.4443187304675189,0.3737722542312527
v7-pilots_iteration3-utility_restoration-medium-low-high-medium-modular-private_fragmented-776105-always_act-event_triggered,utility_restoration,medium,low,high,medium,modular,private_fragmented,event_triggered,776105,always_act,28,UTL-14-cyber_defense,U10,isolate_component,request_peer_evidence,send_targeted_summary,execute_autonomously,True,True,-0.02095143166191381,True,False,True,0.800107070903678,0.11866996530716409,0.348381055397127,0.0,0.33333333333333337,1.3333333333333333,0.19989292909632195,0.17872952040375936,0.6699999999999999,0.2,0.85,0.35,0.9122198386649534,0.9424664032652117,0.023418798149402287,0.022605303553193346,0.0126835644548835,0.01826208332929058,0.005189995083167753,0.007532167584287319,0.9765812018505977,0.3875,-0.010838079473016293,0.016786864239191845,4,1,0.051373307573985394,0.40376973744058386,0.800107070903678,0.5808841054368727,0.6367031956615192,0.4249938645076615,0.3134295049215435
v7-pilots_iteration3-utility_restoration-medium-low-high-medium-modular-private_fragmented-776105-always_act-event_triggered,utility_restoration,medium,low,high,medium,modular,private_fragmented,event_triggered,776105,always_act,28,UTL-15-communications,U11,reconfigure_service_edge,no_information_action,no_communication_action,execute_autonomously,True,False,0.0,False,False,False,0.6319194498064236,0.18786162793489272,0.4527838235126705,0.1065365440933722,0.33333333333333337,1.3333333333333333,0.36808055019357644,0.4108329089994856,0.6699999999999999,0.2,0.85,0.35,0.9186056085201698,0.9334967730402473,0.01348018089340064,0.0115348306355052,0.008672149960559539,0.011548152409681656,0.004140213866147602,0.027453652021000127,0.9865198191065994,0.5666666666666667,-0.005268522259433861,0.01348018089340064,3,2,0.01694958642716804,0.37215471684992674,0.6319194498064236,0.5012914353033728,0.5500267796841102,0.4204690533239514,0.30596180113003124
v7-pilots_iteration3-utility_restoration-medium-low-high-medium-modular-private_fragmented-776105-always_act-event_triggered,utility_restoration,medium,low,high,medium,modular,private_fragmented,event_triggered,776105,always_act,28,UTL-16-resource_allocation,U04,no_operational_action,no_information_action,no_communication_action,execute_autonomously,False,False,0.0,False,False,False,0.46612623492841976,0.37559474148066885,0.5538617814028012,0.7530995830340617,0.33333333333333337,1.3333333333333333,0.5338737650715802,1.5909152389287442,0.6699999999999999,0.2,0.85,0.35,0.7779248062145285,0.7779248062145285,0.0,0.0,0.0,0.0,0.0,0.0,1.0,0.8,-0.0080663562421327,0.0,1,4,0.05117010435573199,0.4709601531371709,0.46612623492841976,0.38093169552500006,0.42512810181274485,0.3557730186699363,0.32488729574404496
v7-pilots_iteration3-utility_restoration-medium-low-high-medium-modular-private_fragmented-776105-always_act-event_triggered,utility_restoration,medium,low,high,medium,modular,private_fragmented,event_triggered,776105,always_act,28,UTL-17-critical_load,U09,no_operational_action,request_peer_evidence,send_targeted_summary,execute_autonomously,False,False,0.0,False,False,False,0.6227078571699459,0.12472552782773,0.8202694415238803,0.5727240235429597,0.33333333333333337,1.3333333333333333,0.3772921428300541,1.6228572620638584,0.6699999999999999,0.2,0.85,0.35,0.869991526618198,0.8926335769995819,0.023285473735715767,0.01877736824591525,0.018007723104832896,0.021734898772928224,0.01027137256037447,0.0,0.9767145262642842,0.725,-0.0917241190802911,0.023285473735715767,2,3,0.007231161716508283,0.4809077704214253,0.6227078571699459,0.49918068775253,0.5482951373211831,0.4065373000113772,0.3773444353300174
v7-pilots_iteration3-utility_restoration-medium-low-high-medium-modular-private_fragmented-776105-always_act-event_triggered,utility_restoration,medium,low,high,medium,modular,private_fragmented,event_triggered,776105,always_act,28,UTL-18-zone_operator,U10,isolate_component,request_peer_evidence,send_targeted_summary,execute_autonomously,True,False,0.0,False,False,False,0.7713397582887257,0.1332245685862518,0.4426908628462627,0.09190175112708086,0.33333333333333337,1.3333333333333333,0.2286602417112743,0.39419818784237937,0.6699999999999999,0.2,0.85,0.35,0.9083021187727632,0.9318940559294385,0.014973268677311968,0.011754710916328737,0.011069822362749115,0.013847801225027045,0.005658659524995224,0.03270559652132399,0.985026731322688,0.3875,-0.014661243582896,0.010177143100701613,4,1,0.05981883704607571,0.41604527142199954,0.7713397582887257,0.5565740091569178,0.6042434500003364,0.45117520519367726,0.3228042279654874
v7-pilots_iteration3-utility_restoration-medium-low-high-medium-modular-private_fragmented-776105-always_act-event_triggered,utility_restoration,medium,low,high,medium,modular,private_fragmented,event_triggered,776105,always_act,28,UTL-19-crew_dispatch,U07,dispatch_repair_crew,request_peer_evidence,send_targeted_summary,execute_autonomously,False,True,0.0,False,False,False,0.8090356652465387,0.1322502530027269,0.9445664138500818,0.7196213000826186,0.33333333333333337,1.3333333333333333,0.19096433475346128,1.8041142737986375,0.6699999999999999,0.2,0.85,0.35,0.9338956490960968,0.9342155123762865,0.001400626502557234,0.0012760702559557746,0.001042483216753154,0.0012621131779512185,0.0005990073005683882,0.0,0.9985993734974428,0.7916666666666666,0.09271431854273537,-0.0049975655430301025,2,4,0.05346576761065425,0.5795145715369849,0.8090356652465387,0.5590490554762199,0.6108027194362693,0.4981283127368796,0.4171031378379299
v7-pilots_iteration3-utility_restoration-medium-low-high-medium-modular-private_fragmented-776105-always_act-event_triggered,utility_restoration,medium,low,high,medium,modular,private_fragmented,event_triggered,776105,always_act,28,UTL-20-cyber_defense,U08,restore_communication_relay,request_peer_evidence,send_targeted_summary,execute_autonomously,True,True,-0.029343819816049076,True,False,True,0.8218189233675983,0.0351964237586774,0.6281273272016359,0.1929271183069636,0.33333333333333337,1.3333333333333333,0.17818107663240162,0.7317183859938525,0.6699999999999999,0.2,0.85,0.35,0.9629453414179299,0.9647634428146723,0.008513172195781182,0.006653526367227713,0.006201343863591058,0.007854272183902777,0.002983979366131373,0.0,0.9914868278042188,0.6666666666666666,0.017431355029616458,-0.03360204013807899,3,3,0.03322603716874761,0.45745427567198804,0.8218189233675983,0.5813823457756154,0.6311431351771171,0.4784972811477246,0.34756486981599305
v7-pilots_iteration3-utility_restoration-medium-low-high-medium-modular-private_fragmented-776105-always_act-event_triggered,utility_restoration,medium,low,high,medium,modular,private_fragmented,event_triggered,776105,always_act,28,UTL-21-communications,U09,restore_communication_relay,request_peer_evidence,send_targeted_summary,execute_autonomously,True,False,0.0,False,False,False,0.8118206175202667,0.09829445054449387,0.7441531256323632,0.46235536550026,0.33333333333333337,1.3333333333333333,0.18817938247973337,1.369230093461431,0.6699999999999999,0.2,0.85,0.35,0.9609334437102913,0.9678971803502803,0.004928903750155977,0.0036372528057824205,0.003984591758122158,0.004800187741855311,0.002084341650685717,0.0,0.995071096249844,0.725,0.027089317342459784,0.004928903750155977,2,3,0.025587731702068073,0.5187176310102865,0.8118206175202667,0.5718620731858979,0.6214049819092706,0.48596465935851196,0.38552044350771775
v7-pilots_iteration3-utility_restoration-medium-low-high-medium-modular-private_fragmented-776105-always_act-event_triggered,utility_restoration,medium,low,high,medium,modular,private_fragmented,event_triggered,776105,always_act,28,UTL-22-resource_allocation,U06,no_operational_action,request_peer_evidence,send_targeted_summary,execute_autonomously,False,False,0.0,False,False,False,0.7787748846330931,0.009915494284619741,0.2088118728654731,0.22452110555290183,0.33333333333333337,1.3333333333333333,0.22122511536690698,0.33438855838416004,0.6699999999999999,0.2,0.85,0.35,0.9592190084473967,0.9599215316060108,0.0010234534268179774,0.0007833441032846222,0.0007624961664689511,0.0009586677376183239,0.0003618394697075811,0.0,0.998976546573182,0.725,0.053843916078336274,-0.008241131199622886,2,3,0.05002646833428237,0.4504018594412814,0.7787748846330931,0.5527475407626317,0.6049704416879926,0.4720854515458991,0.34017158119300483
v7-pilots_iteration3-utility_restoration-medium-low-high-medium-modular-private_fragmented-776105-always_act-event_triggered,utility_restoration,medium,low,high,medium,modular,private_fragmented,event_triggered,776105,always_act,28,UTL-23-critical_load,U07,no_operational_action,no_information_action,no_communication_action,execute_autonomously,False,False,0.0,False,False,False,0.5608741243433246,0.2424437310057842,0.9621612091323003,0.7451337532418354,0.33333333333333337,1.3333333333333333,0.4391258756566753,1.6661034081444763,0.6699999999999999,0.2,0.85,0.35,0.8553491280405126,0.8712456356922299,0.017634866575375385,0.011964824383823514,0.019067180412008167,0.019596911803415162,0.01425223385291563,0.0,0.9823651334246246,0.6666666666666666,-0.011751743215591581,0.011484654886513734,3,3,0.037231527537836095,0.5012626363881042,0.5608741243433246,0.4628757449529835,0.5056368010359594,0.36890046555752964,0.3601568663834869
v7-pilots_iteration3-utility_restoration-medium-low-high-medium-modular-private_fragmented-776105-always_act-event_triggered,utility_restoration,medium,low,high,medium,modular,private_fragmented,event_triggered,776105,always_act,28,UTL-24-zone_operator,U08,isolate_component,request_peer_evidence,send_targeted_summary,execute_autonomously,True,True,-0.03472950889803673,True,False,True,0.7918183520160404,0.05134749001698269,0.8076502966012244,0.728903380997268,0.33333333333333337,1.3333333333333333,0.20818164798395955,1.2961500095673038,0.6699999999999999,0.2,0.85,0.35,0.9742926316022259,0.9758401482465376,0.009539659772440756,0.007501636987974125,0.006785765673787525,0.008709484369688547,0.003171751998908845,0.011913678974205527,0.9904603402275592,0.5208333333333333,0.005679083728231893,-0.009426659107106272,4,2,0.03219954959208804,0.5758883844581314,0.7918183520160404,0.5736560223883896,0.6221848280530035,0.4548391665541961,0.3940542416042996
v7-pilots_iteration3-utility_restoration-medium-low-high-medium-modular-private_fragmented-776105-always_act-event_triggered,utility_restoration,medium,low,high,medium,modular,private_fragmented,event_triggered,776105,always_act,28,UTL-25-crew_dispatch,U05,no_operational_action,request_peer_evidence,send_targeted_summary,execute_autonomously,False,False,0.0,False,False,False,0.7762977470814075,0.23156226096817206,0.4502234047007203,0.4692348888846902,0.33333333333333337,1.3333333333333333,0.22370225291859247,0.8986198522304336,0.6699999999999999,0.2,0.85,0.35,0.8303721236509528,0.8303721236509528,0.0,0.0,0.0,0.0,0.0,0.0,1.0,0.8,-0.04114660289574423,0.0,1,4,0.058427041076544506,0.5082909406733376,0.7762977470814075,0.5181121297453012,0.5676902628007546,0.48604505377419116,0.37767155584895695
v7-pilots_iteration3-utility_restoration-medium-low-high-medium-modular-private_fragmented-776105-always_act-event_triggered,utility_restoration,medium,low,high,medium,modular,private_fragmented,event_triggered,776105,always_act,28,UTL-26-cyber_defense,U06,no_operational_action,request_peer_evidence,send_targeted_summary,execute_autonomously,False,False,0.0,False,False,False,0.626413091397929,0.09752822317686677,0.09658803399440953,0.06179653918985969,0.33333333333333337,1.3333333333333333,0.373586908602071,0.16705663070810967,0.6699999999999999,0.2,0.85,0.35,0.8646209121049464,0.8688436535741655,0.0037661571549015838,0.0032203873917495685,0.0026184338544447128,0.0033386177914604964,0.0013069076953353687,0.0,0.9962338428450984,0.5666666666666667,-0.02695388572510793,-0.0072118521999844365,3,2,0.047283764606198764,0.3595449538141955,0.626413091397929,0.47199308460227046,0.5251797071377606,0.37642683172046354,0.25986090232937903
v7-pilots_iteration3-utility_restoration-medium-low-high-medium-modular-private_fragmented-776105-always_act-event_triggered,utility_restoration,medium,low,high,medium,modular,private_fragmented,event_triggered,776105,always_act,28,UTL-27-communications,U11,reconfigure_service_edge,no_information_action,no_communication_action,execute_autonomously,True,True,-0.024898876949576394,True,False,True,0.508314758300524,0.34129933974235693,0.47996256498587986,0.14594571922952576,0.33333333333333337,1.3333333333333333,0.491685241699476,0.648030672599173,0.6699999999999999,0.2,0.85,0.35,0.8181513613597745,0.8584450102995813,0.018379514149221787,0.014667652081205906,0.016860141629991943,0.018243782205556225,0.01308732790409084,0.030914627010492267,0.9816204858507782,0.5666666666666667,-0.0142126253543573,0.018379514149221787,3,2,0.012050253171346892,0.33958732377059764,0.508314758300524,0.43359506346906374,0.4765688687053197,0.37381576487550167,0.2885074784380629
v7-pilots_iteration3-utility_restoration-medium-low-high-medium-modular-private_fragmented-776105-always_act-event_triggered,utility_restoration,medium,low,high,medium,modular,private_fragmented,event_triggered,776105,always_act,32,UTL-00-zone_operator,U08,no_operational_action,no_information_action,no_communication_action,execute_autonomously,False,False,0.0,False,False,False,0.8560296203384633,0.31054031811103644,0.45237824903605783,0.16032315262976898,0.33333333333333337,1.3333333333333333,0.14397037966153667,0.4138237274938036,0.6699999999999999,0.2,0.85,0.35,0.8620404953058727,0.866393047459213,0.0022171829341082194,0.0016584231568211871,0.00204802211423627,0.002246542944493446,0.001484488869581413,0.01661210412876942,0.9977828170658918,0.6666666666666666,-0.10947058987933633,-0.027346858612700475,3,3,0.02682939766871595,0.4612609608795555,0.8560296203384633,0.5610260280696051,0.6074772682346987,0.5181161721512174,0.3598106545938655
v7-pilots_iteration3-utility_restoration-medium-low-high-medium-modular-private_fragmented-776105-always_act-event_triggered,utility_restoration,medium,low,high,medium,modular,private_fragmented,event_triggered,776105,always_act,32,UTL-01-crew_dispatch,U13,no_operational_action,request_peer_evidence,send_targeted_summary,execute_autonomously,False,False,0.0,False,False,False,0.646626093325302,0.12341344924277875,0.03342136792065048,0.048460983484943196,0.33333333333333337,1.3333333333333333,0.35337390667469804,-0.07029333513578287,0.6699999999999999,0.2,0.85,0.35,0.8743980421757818,0.876861605314473,0.004111642038310492,0.003454840310464835,0.0027516872411332827,0.003610553184189569,0.00126599350430745,0.0,0.9958883579616895,0.7916666666666666,0.013545750445166371,0.004111642038310492,2,4,0.04129981589593701,0.3632168411003224,0.646626093325302,0.4830062467277009,0.5378265419906239,0.42991629252996016,0.2967170660807321
v7-pilots_iteration3-utility_restoration-medium-low-high-medium-modular-private_fragmented-776105-always_act-event_triggered,utility_restoration,medium,low,high,medium,modular,private_fragmented,event_triggered,776105,always_act,32,UTL-02-cyber_defense,U14,no_operational_action,request_peer_evidence,send_targeted_summary,execute_autonomously,False,False,0.0,False,False,False,0.6674042257581397,0.08896070066893505,0.25570090051231237,0.0,0.33333333333333337,1.3333333333333333,0.33259577424186026,0.20654404471598034,0.6699999999999999,0.2,0.85,0.35,0.897510428430192,0.9096558254499811,0.014020462947241352,0.010186373634015977,0.012810958308059672,0.014365931417476663,0.007974633015373378,0.0,0.9859795370527586,0.725,-0.06683677875047012,-0.016834220657790055,2,3,0.020398885624457685,0.3586507700911008,0.6674042257581397,0.5109679455369418,0.5610217587531028,0.4253097748184187,0.29455302076973655
v7-pilots_iteration3-utility_restoration-medium-low-high-medium-modular-private_fragmented-776105-always_act-event_triggered,utility_restoration,medium,low,high,medium,modular,private_fragmented,event_triggered,776105,always_act,32,UTL-03-communications,U15,reconfigure_service_edge,no_information_action,negotiate_commitment,execute_autonomously,True,True,33.699114186798035,True,True,False,0.590106937488415,0.19497301461673636,0.0,0.0,0.33333333333333337,1.3333333333333333,0.40989306251158497,-0.07577548417530795,0.6699999999999999,0.2,0.85,0.35,0.8798980364256427,0.9133031350071581,0.021446093335071192,0.016509405972635394,0.017663562180781245,0.020700594743452982,0.010810721689126557,0.05602145778080103,0.9785539066649288,0.5666666666666667,-0.04611624101959344,0.015916667161567588,3,2,0.028652181268002064,0.3323696920793945,0.590106937488415,0.4860418147708763,0.5305045566498909,0.44633086290528523,0.31232000415751676
v7-pilots_iteration3-utility_restoration-medium-low-high-medium-modular-private_fragmented-776105-always_act-event_triggered,utility_restoration,medium,low,high,medium,modular,private_fragmented,event_triggered,776105,always_act,32,UTL-04-resource_allocation,U12,no_operational_action,request_peer_evidence,send_targeted_summary,execute_autonomously,False,False,0.0,False,False,False,0.9284624618605073,0.12919636518251953,0.15018387485130538,0.030800068965762144,0.33333333333333337,1.3333333333333333,0.07153753813949276,-0.09263375458700418,0.6699999999999999,0.2,0.85,0.35,0.9051989172221636,0.928709139285752,0.022576889384133048,0.017849770271770038,0.016881193616536838,0.020927519625466573,0.008862440839606855,0.04378342164777648,0.977423110615867,0.3875,-0.05794644148785555,-0.02057604410414382,4,1,0.05790090909077972,0.4548025869176887,0.9284624618605073,0.6292923591875301,0.6762886206052277,0.5340050348860332,0.3663308676208056
v7-pilots_iteration3-utility_restoration-medium-low-high-medium-modular-private_fragmented-776105-always_act-event_triggered,utility_restoration,medium,low,high,medium,modular,private_fragmented,event_triggered,776105,always_act,32,UTL-05-critical_load,U13,no_operational_action,no_information_action,no_communication_action,execute_autonomously,False,False,0.0,False,False,False,0.5853350700256298,0.20778092275426718,0.0,0.0,0.33333333333333337,1.3333333333333333,0.4146649299743702,0.010903365152316769,0.6699999999999999,0.2,0.85,0.35,0.870461601471546,0.8888796412792224,0.02018599936872212,0.019916060878417796,0.009613070774556753,0.014948969033863446,0.003235075627827877,0.0,0.9798140006312779,0.6666666666666666,0.017245388383659743,0.02018599936872212,3,3,0.025225458565525383,0.33074725714204745,0.5853350700256298,0.48000982749434945,0.5323891052907352,0.3791740627440978,0.28361013010152397
v7-pilots_iteration3-utility_restoration-medium-low-high-medium-modular-private_fragmented-776105-always_act-event_triggered,utility_restoration,medium,low,high,medium,modular,private_fragmented,event_triggered,776105,always_act,32,UTL-06-zone_operator,U14,no_operational_action,request_peer_evidence,send_targeted_summary,execute_autonomously,False,False,0.0,False,False,False,0.6563755948637209,0.12239213940582522,0.5662565860658968,0.2710720497955503,0.33333333333333337,1.3333333333333333,0.3436244051362792,0.6715581820735471,0.6699999999999999,0.2,0.85,0.35,0.918556936522554,0.9384364390589888,0.016231082739721958,0.0125806865520246,0.012471274547664835,0.015285482804944572,0.006607316825349541,0.0,0.983768917260278,0.725,0.05843843476660027,0.007096939985713591,2,3,0.01818826583197708,0.4199583275379305,0.6563755948637209,0.5149129879117376,0.5625991068052346,0.42067774984276274,0.3310263203533809
v7-pilots_iteration3-utility_restoration-medium-low-high-medium-modular-private_fragmented-776105-always_act-event_triggered,utility_restoration,medium,low,high,medium,modular,private_fragmented,event_triggered,776105,always_act,32,UTL-07-crew_dispatch,U11,no_operational_action,request_peer_evidence,send_targeted_summary,execute_autonomously,False,False,0.0,False,False,False,0.7714866655432798,0.01968784670976012,0.08382913228147919,0.12155224180814482,0.33333333333333337,1.3333333333333333,0.22851333445672017,0.03904332579225828,0.6699999999999999,0.2,0.85,0.35,0.9792273634741754,0.9801149194032052,0.00621557271383566,0.0046963258691825605,0.004923976486429504,0.005967856040636987,0.002601236432152154,0.02940536378204517,0.9937844272861643,0.3875,0.06428283195553874,-0.019173224534475675,4,1,0.032546459420741525,0.42321133765200325,0.7714866655432798,0.5621033088852257,0.6112868298432701,0.4462205524768862,0.30806195693253713
v7-pilots_iteration3-utility_restoration-medium-low-high-medium-modular-private_fragmented-776105-always_act-event_triggered,utility_restoration,medium,low,high,medium,modular,private_fragmented,event_triggered,776105,always_act,32,UTL-08-cyber_defense,U12,no_operational_action,request_peer_evidence,send_targeted_summary,execute_autonomously,False,False,0.0,False,False,False,0.7090609908121965,0.004919099627751611,0.43394076570372875,0.3050767599046893,0.33333333333333337,1.3333333333333333,0.29093900918780347,0.7973251549997845,0.6699999999999999,0.2,0.85,0.35,0.9150128236988161,0.9368969989704676,0.015282996323726539,0.012476047849852567,0.010580564158187977,0.013664112655603078,0.005034668974510104,0.05696010987204991,0.9847170036762735,0.3875,-0.05271228503168879,-0.03489324765179613,4,1,0.06519480215118623,0.4460324925866056,0.7090609908121965,0.5337737971027998,0.5841397613122612,0.46188498314663845,0.34053870469007674
v7-pilots_iteration3-utility_restoration-medium-low-high-medium-modular-private_fragmented-776105-always_act-event_triggered,utility_restoration,medium,low,high,medium,modular,private_fragmented,event_triggered,776105,always_act,32,UTL-09-communications,U13,no_operational_action,request_peer_evidence,send_targeted_summary,execute_autonomously,False,False,0.0,False,False,False,0.6189022971325397,0.10507849285876858,0.14178354026393633,0.20558613338270768,0.33333333333333337,1.3333333333333333,0.38109770286746025,0.2664422945162721,0.6699999999999999,0.2,0.85,0.35,0.8610391709457857,0.8630076931698307,0.0014532336434610604,0.0013222745748328046,0.0008525378930809291,0.001184466839225795,0.00037332581326465775,0.0,0.9985467663565389,0.7916666666666666,-0.09024727381543585,-0.001025571730854713,2,4,0.04395822429078644,0.39150078637024677,0.6189022971325397,0.46485523869030787,0.5177890437889763,0.418272298129,0.3021374617545188
v7-pilots_iteration3-utility_restoration-medium-low-high-medium-modular-private_fragmented-776105-always_act-event_triggered,utility_restoration,medium,low,high,medium,modular,private_fragmented,event_triggered,776105,always_act,32,UTL-10-resource_allocation,U10,no_operational_action,request_peer_evidence,send_targeted_summary,execute_autonomously,False,False,0.0,False,False,False,0.8230452078768007,0.04000302616606091,0.30259756031001017,0.0,0.33333333333333337,1.3333333333333333,0.17695479212319937,0.12053797891642806,0.6699999999999999,0.2,0.85,0.35,0.9492068536584211,0.9513453643837644,0.0016972907688519445,0.0014518780625676353,0.0010913641642733563,0.0014564731991729696,0.0004998961339768293,0.0,0.998302709231148,0.725,-0.008798863196422535,0.0016972907688519445,2,3,0.04520537084551701,0.41156870401144563,0.8230452078768007,0.5688960036417183,0.6206619052378601,0.4906789873082563,0.3275494810760621
v7-pilots_iteration3-utility_restoration-medium-low-high-medium-modular-private_fragmented-776105-always_act-event_triggered,utility_restoration,medium,low,high,medium,modular,private_fragmented,event_triggered,776105,always_act,32,UTL-11-critical_load,U15,no_operational_action,request_peer_evidence,send_targeted_summary,execute_autonomously,False,False,0.0,False,False,False,0.9069383829231408,0.08918769195046478,0.03257558006695259,0.04723459109708125,0.33333333333333337,1.3333333333333333,0.09306161707685927,-0.05535402149965643,0.6699999999999999,0.2,0.85,0.35,0.909959224125103,0.9227988814271224,0.0084685527266114,0.007406238697775014,0.005250453189228121,0.007122595910613372,0.0023725461761844313,0.02289727683125039,0.9915314472733886,0.5666666666666667,-0.014726723914468276,-0.007485213995092055,3,2,0.041629721876461856,0.45142868539050074,0.9069383829231408,0.6021211330177881,0.654724031931883,0.529051314944553,0.35731308810381024
v7-pilots_iteration3-utility_restoration-medium-low-high-medium-modular-private_fragmented-776105-always_act-event_triggered,utility_restoration,medium,low,high,medium,modular,private_fragmented,event_triggered,776105,always_act,32,UTL-12-zone_operator,U12,reconfigure_service_edge,request_peer_evidence,send_targeted_summary,execute_autonomously,True,True,10.483442584631169,True,True,False,0.7879789286811044,0.1275663518738426,0.7773185747297742,0.3147507346940577,0.33333333333333337,1.3333333333333333,0.21202107131889555,1.0146491583540422,0.6699999999999999,0.2,0.85,0.35,0.918317871942077,0.942294158958865,0.018094960883883626,0.013717552039866021,0.014516019269676939,0.01742930837492962,0.007920989342357077,0.05163276597068044,0.9819050391161164,0.3875,-0.047557248228523696,-0.04101249383192407,4,1,0.06238283759102914,0.47518634541148275,0.7879789286811044,0.5701039846953981,0.6173950681438615,0.48693295432149813,0.362994271775766
v7-pilots_iteration3-utility_restoration-medium-low-high-medium-modular-private_fragmented-776105-always_act-event_triggered,utility_restoration,medium,low,high,medium,modular,private_fragmented,event_triggered,776105,always_act,32,UTL-13-crew_dispatch,U09,dispatch_repair_crew,request_peer_evidence,send_targeted_summary,execute_autonomously,False,True,0.0,False,False,False,0.6986788399055027,0.021103588883631064,1.0,0.8760647658827907,0.33333333333333337,1.3333333333333333,0.3013211600944973,1.4639429532974155,0.6699999999999999,0.2,0.85,0.35,0.877475200197345,0.883852187911447,0.006808770231376937,0.005311982971324847,0.005394877380817786,0.006490066461074084,0.002955330167597414,0.0,0.9931912297686231,0.5666666666666667,-0.006670876671700299,-0.0012812308489105195,3,2,0.0467172285414138,0.5795396827130741,0.6986788399055027,0.508372614335465,0.5620598496417781,0.4067784460936445,0.3806987300191611
v7-pilots_iteration3-utility_restoration-medium-low-high-medium-modular-private_fragmented-776105-always_act-event_triggered,utility_restoration,medium,low,high,medium,modular,private_fragmented,event_triggered,776105,always_act,32,UTL-14-cyber_defense,U14,no_operational_action,request_peer_evidence,send_targeted_summary,execute_autonomously,False,False,0.0,False,False,False,0.6922687996388152,0.06379061708707096,0.48805664735988863,0.15768213867183845,0.33333333333333337,1.3333333333333333,0.30773120036118484,0.4974448863569765,0.6699999999999999,0.2,0.85,0.35,0.9002104357559106,0.9384997188920369,0.03140806905167948,0.027083698616533813,0.021518016659767714,0.02753487840254676,0.011040530145899674,0.0,0.9685919309483205,0.2,0.047325356439339994,0.013171045208929977,5,0,0.003011279520019561,0.40494843849177176,0.6922687996388152,0.5459314254668549,0.5979037285359303,0.33075289584830236,0.2774022208293844
v7-pilots_iteration3-utility_restoration-medium-low-high-medium-modular-private_fragmented-776105-always_act-event_triggered,utility_restoration,medium,low,high,medium,modular,private_fragmented,event_triggered,776105,always_act,32,UTL-15-communications,U15,reconfigure_service_edge,request_peer_evidence,send_targeted_summary,execute_autonomously,True,False,0.0,False,False,False,0.6119464842941009,0.11830748920493023,0.0,0.0,0.33333333333333337,1.3333333333333333,0.3880535157058991,-0.031355514903731174,0.6699999999999999,0.2,0.85,0.35,0.8684510446040864,0.9134726479903313,0.0257928953472516,0.020157214110552935,0.02026418972961852,0.02439117330583196,0.01156901096824181,0.02349646624519674,0.9742071046527484,0.3875,0.01951447010931817,0.011511478720762525,4,1,0.024305379255821657,0.3397951379933276,0.6119464842941009,0.4980014083548142,0.5436730656712166,0.3702321520962214,0.27169851343165663
v7-pilots_iteration3-utility_restoration-medium-low-high-medium-modular-private_fragmented-776105-always_act-event_triggered,utility_restoration,medium,low,high,medium,modular,private_fragmented,event_triggered,776105,always_act,32,UTL-16-resource_allocation,U08,no_operational_action,request_peer_evidence,send_targeted_summary,execute_autonomously,False,False,0.0,False,False,False,0.7829342282154346,0.013279155585934621,1.0,0.9123454587737481,0.33333333333333337,1.3333333333333333,0.2170657717845655,2.196300673588914,0.6699999999999999,0.2,0.85,0.35,0.9621779947400184,0.9623234005710506,0.0015251963505514832,0.0012888861707353039,0.0010244183924744688,0.0013339739604512069,0.0004994235368646072,0.0,0.9984748036494485,0.7916666666666666,0.01664925087595004,-0.013563354457448717,2,4,0.027521384252272685,0.6168938810322806,0.7829342282154346,0.5558534648619505,0.6081407994132628,0.48716570918381585,0.4329716024619618
v7-pilots_iteration3-utility_restoration-medium-low-high-medium-modular-private_fragmented-776105-always_act-event_triggered,utility_restoration,medium,low,high,medium,modular,private_fragmented,event_triggered,776105,always_act,32,UTL-17-critical_load,U13,no_operational_action,request_peer_evidence,send_targeted_summary,execute_autonomously,False,False,0.0,False,False,False,0.6269462840918931,0.09608196620278342,0.30434742876283144,0.4413037717061056,0.33333333333333337,1.3333333333333333,0.37305371590810693,0.8558757944224614,0.6699999999999999,0.2,0.85,0.35,0.8647844383680974,0.8809900286828125,0.016327736364336043,0.015339939631588417,0.0091573514887906,0.013002173956344065,0.0037706960038013104,0.0,0.983672263635664,0.7916666666666666,0.026407129806367058,0.016327736364336043,2,4,0.029083721569911458,0.45080797513404236,0.6269462840918931,0.48983345413885204,0.5434470486325407,0.4216507726519284,0.35854874101251144
v7-pilots_iteration3-utility_restoration-medium-low-high-medium-modular-private_fragmented-776105-always_act-event_triggered,utility_restoration,medium,low,high,medium,modular,private_fragmented,event_triggered,776105,always_act,32,UTL-18-zone_operator,U14,no_operational_action,no_information_action,no_communication_action,execute_autonomously,False,False,0.0,False,False,False,0.5556834219661744,0.3020001894116686,0.5985001271904612,0.3178251844261687,0.33333333333333337,1.3333333333333333,0.4443165780338256,0.8963112710500911,0.6699999999999999,0.2,0.85,0.35,0.8745453344633013,0.920117519690946,0.03250354827774182,0.021917195583228133,0.03349726905498507,0.03541613690093581,0.02368533077708468,0.0,0.9674964517222582,0.2,0.026559067919779134,0.023057839289782667,5,0,0.001915800293957215,0.3969437410641131,0.5556834219661744,0.48641466999113364,0.5207616717368728,0.2733870372257933,0.27041171359745536
v7-pilots_iteration3-utility_restoration-medium-low-high-medium-modular-private_fragmented-776105-always_act-event_triggered,utility_restoration,medium,low,high,medium,modular,private_fragmented,event_triggered,776105,always_act,32,UTL-19-crew_dispatch,U15,no_operational_action,no_information_action,no_communication_action,execute_autonomously,False,False,0.0,False,False,False,0.5850335554116847,0.14588230027444132,0.16325968974773641,0.23672655013421778,0.33333333333333337,1.3333333333333333,0.41496644458831533,0.4020581880960696,0.6699999999999999,0.2,0.85,0.35,0.8302626649347014,0.8640165803765054,0.013364068479086444,0.012541105929247398,0.008982956730001046,0.011259470238220048,0.005590502806581243,0.029283618090152008,0.9866359315209136,0.5666666666666667,-0.08610990928561102,0.00371296367213525,3,2,0.03673420612398681,0.3874591142055184,0.5850335554116847,0.4602887842690703,0.5139913201145649,0.403558526103272,0.30221210083382644
v7-pilots_iteration3-utility_restoration-medium-low-high-medium-modular-private_fragmented-776105-always_act-event_triggered,utility_restoration,medium,low,high,medium,modular,private_fragmented,event_triggered,776105,always_act,32,UTL-20-cyber_defense,U12,no_operational_action,request_peer_evidence,send_targeted_summary,execute_autonomously,False,False,0.0,False,False,False,0.8368729964863417,0.19064002955365356,0.6930668333578907,0.4601594828575609,0.33333333333333337,1.3333333333333333,0.16312700351365833,1.04480213460285,0.6699999999999999,0.2,0.85,0.35,0.9329012047407013,0.9433422389331377,0.006430643607808761,0.004368571581462866,0.006245476769716318,0.006847917571144113,0.003979938337629996,0.0,0.9935693563921912,0.725,0.04853103058298747,0.006430643607808761,2,3,0.074047154867104,0.5267084280245041,0.8368729964863417,0.5769774008306443,0.6245201518816339,0.49648665852426355,0.3951827511543418
v7-pilots_iteration3-utility_restoration-medium-low-high-medium-modular-private_fragmented-776105-always_act-event_triggered,utility_restoration,medium,low,high,medium,modular,private_fragmented,event_triggered,776105,always_act,32,UTL-21-communications,U13,no_operational_action,no_information_action,no_communication_action,execute_autonomously,False,False,0.0,False,False,False,0.6000597989457334,0.205830183152872,0.0,0.0,0.33333333333333337,1.3333333333333333,0.39994020105426664,0.03174089326476735,0.6699999999999999,0.2,0.85,0.35,0.869969764881182,0.8759062664112265,0.006872984928645076,0.006619355173595576,0.0033862601708174456,0.005189766461264234,0.0011498371445829436,0.0,0.9931270150713549,0.6666666666666666,-0.029847512336817483,-0.0026053979577478348,3,3,0.038538473005602425,0.3357536649748827,0.6000597989457334,0.46713853969869196,0.5197694193292631,0.3853584488905414,0.26045127894976083
v7-pilots_iteration3-utility_restoration-medium-low-high-medium-modular-private_fragmented-776105-always_act-event_triggered,utility_restoration,medium,low,high,medium,modular,private_fragmented,event_triggered,776105,always_act,32,UTL-22-resource_allocation,U14,no_operational_action,request_peer_evidence,send_targeted_summary,execute_autonomously,False,False,0.0,False,False,False,0.7117684320409312,0.07451863078776289,0.6128888777625336,0.33868887275567383,0.33333333333333337,1.3333333333333333,0.2882315679590688,0.9131278930101094,0.6699999999999999,0.2,0.85,0.35,0.9205098785803838,0.9205098785803838,0.0,0.0,0.0,0.0,0.0,0.0,1.0,0.8,-0.0376868000059607,0.0,1,4,0.03441934857169904,0.4550199296886117,0.7117684320409312,0.5148348424614684,0.570597148616095,0.4589427414571911,0.3439378257021416
v7-pilots_iteration3-utility_restoration-medium-low-high-medium-modular-private_fragmented-776105-always_act-event_triggered,utility_restoration,medium,low,high,medium,modular,private_fragmented,event_triggered,776105,always_act,32,UTL-23-critical_load,U11,no_operational_action,no_information_action,no_communication_action,execute_autonomously,False,False,0.0,False,False,False,0.866009977764497,0.34160389824633075,0.0,0.0,0.33333333333333337,1.3333333333333333,0.133990022235503,-0.08431392557531024,0.6699999999999999,0.2,0.85,0.35,0.8278538230553533,0.8400770961154823,0.006230323863188891,0.0047441596254343965,0.006115932965041093,0.006427861055219197,0.0049105675834109075,0.04250474764990897,0.9937696761368111,0.5666666666666667,-0.11571067777770871,0.0013465747972095654,3,2,0.03253170827138829,0.4261767257732624,0.866009977764497,0.5620899002781016,0.6069976245721067,0.5416647404222836,0.35428608655461274
v7-pilots_iteration3-utility_restoration-medium-low-high-medium-modular-private_fragmented-776105-always_act-event_triggered,utility_restoration,medium,low,high,medium,modular,private_fragmented,event_triggered,776105,always_act,32,UTL-24-zone_operator,U12,reconfigure_service_edge,request_peer_evidence,send_targeted_summary,execute_autonomously,True,True,-0.010499999999999999,True,False,True,0.7781421732045369,0.1138582779281811,0.0,0.0,0.33333333333333337,1.3333333333333333,0.22185782679546306,-0.05672224253802163,0.6699999999999999,0.2,0.85,0.35,0.8811603866720011,0.9151400525260998,0.022293035960893715,0.020146367390602826,0.014193788645390781,0.01878936445994195,0.006869767622764256,0.04378342164777648,0.9777069640391063,0.3875,-0.07351347866601887,-0.023282700606788942,4,1,0.05818476251401905,0.39630167222287593,0.7781421732045369,0.5627572162950663,0.6179703115517055,0.47087051365052573,0.3198100105877791
v7-pilots_iteration3-utility_restoration-medium-low-high-medium-modular-private_fragmented-776105-always_act-event_triggered,utility_restoration,medium,low,high,medium,modular,private_fragmented,event_triggered,776105,always_act,32,UTL-25-crew_dispatch,U13,no_operational_action,request_peer_evidence,send_targeted_summary,execute_autonomously,False,False,0.0,False,False,False,0.739957246502026,0.052924204240419825,0.0,0.0,0.33333333333333337,1.3333333333333333,0.260042753497974,-0.1326786291896786,0.6699999999999999,0.2,0.85,0.35,0.9289947358914127,0.9308802232185647,0.0073434190318487635,0.006639103963580695,0.004754361717577038,0.00621556073711127,0.002430068026581078,0.0,0.9926565809681512,0.6666666666666666,-0.023453321543945416,0.0015707330509551198,3,3,0.03806803890239874,0.38331879714402217,0.739957246502026,0.5385123692182519,0.5895674629789427,0.44411537686418423,0.30163294400700613
v7-pilots_iteration3-utility_restoration-medium-low-high-medium-modular-private_fragmented-776105-always_act-event_triggered,utility_restoration,medium,low,high,medium,modular,private_fragmented,event_triggered,776105,always_act,32,UTL-26-cyber_defense,U10,isolate_component,request_peer_evidence,send_targeted_summary,execute_autonomously,True,True,-0.023260631273139033,True,False,True,0.8732817037445424,0.11598761588351164,0.4253543757713011,0.06676384486838657,0.33333333333333337,1.3333333333333333,0.12671829625545758,0.41966686199612263,0.6699999999999999,0.2,0.85,0.35,0.9040535165764229,0.9190973616804464,0.009618928775696256,0.007326475057201298,0.007865163540216713,0.009301460302015285,0.004572058425573955,0.03687306193853479,0.9903810712243037,0.3875,-0.04843812600245945,-0.00912700860918425,4,1,0.0372837328386727,0.44467243537489054,0.8732817037445424,0.5887925609278974,0.6373940701168519,0.5003253697192807,0.3386379543485215
v7-pilots_iteration3-utility_restoration-medium-low-high-medium-modular-private_fragmented-776105-always_act-event_triggered,utility_restoration,medium,low,high,medium,modular,private_fragmented,event_triggered,776105,always_act,32,UTL-27-communications,U15,reconfigure_service_edge,request_peer_evidence,send_targeted_summary,execute_autonomously,True,True,-0.011931095867775134,True,False,True,0.7729787985747606,0.09844294006876173,0.0477031955925045,0.06916963360913153,0.33333333333333337,1.3333333333333333,0.22702120142523938,0.04721424453178222,0.6699999999999999,0.2,0.85,0.35,0.9177942294094197,0.9352503008232231,0.012131655523990093,0.009919286289038487,0.008796912879816765,0.011026828524493548,0.004545392723457997,0.02763671236491109,0.9878683444760099,0.2,-0.0334008451853719,0.00047399086178900873,5,0,0.037966619079083164,0.4111468369149436,0.7729787985747606,0.5556243945158453,0.6064252225242741,0.40665889819606427,0.2821575589751998
v7-pilots_iteration3-utility_restoration-medium-low-high-medium-modular-private_fragmented-776105-always_act-event_triggered,utility_restoration,medium,low,high,medium,modular,private_fragmented,event_triggered,776105,always_act,36,UTL-00-zone_operator,U00,no_operational_action,no_information_action,no_communication_action,execute_autonomously,False,False,0.0,False,False,False,0.5300105640350325,0.2796902774716123,0.10552706008868858,0.1196809037952651,0.0,1.0,0.4699894359649675,0.2235057306964133,0.6699999999999999,0.2,0.85,0.35,0.8385004046259062,0.8839752096588873,0.02907131848060196,0.020679078993449118,0.02797609465368478,0.03038628277889699,0.019611201115362742,0.11669525485393524,0.970928681519398,0.2,-0.0453243644483039,0.006941310359371511,5,0,0.01004868346474197,0.2593270086827747,0.5300105640350325,0.46232917264333234,0.49973306613369095,0.43998122427269526,0.30744373891710647
v7-pilots_iteration3-utility_restoration-medium-low-high-medium-modular-private_fragmented-776105-always_act-event_triggered,utility_restoration,medium,low,high,medium,modular,private_fragmented,event_triggered,776105,always_act,36,UTL-01-crew_dispatch,U05,no_operational_action,request_peer_evidence,send_targeted_summary,execute_autonomously,False,False,0.0,False,False,False,0.7828884850517261,0.10636493474230402,0.11521861510810047,0.0021517008321215447,0.0,1.0,0.2171115149482738,0.06336289567551442,0.6699999999999999,0.2,0.85,0.35,0.9244588128991568,0.9254329140967155,0.001926292706105226,0.001831535044517163,0.0010684217178352773,0.0015168232487887678,0.0004744493617866441,0.0,0.9980737072938948,0.725,0.02412477575838423,0.001926292706105226,2,3,0.024213740811695916,0.3170984931172961,0.7828884850517261,0.5469669070340271,0.5998635353022482,0.473813163721725,0.31691586263032057
v7-pilots_iteration3-utility_restoration-medium-low-high-medium-modular-private_fragmented-776105-always_act-event_triggered,utility_restoration,medium,low,high,medium,modular,private_fragmented,event_triggered,776105,always_act,36,UTL-02-cyber_defense,U02,no_operational_action,request_peer_evidence,send_targeted_summary,execute_autonomously,False,False,0.0,False,False,False,0.8746118321621575,0.09179286091769528,0.413122804928029,0.024028067145642013,0.0,1.0,0.12538816783784246,0.5054982401647925,0.6699999999999999,0.2,0.85,0.35,0.8958583123747242,0.9286002490711478,0.029610868209806074,0.023453803660311356,0.02238898905151432,0.02756111812099704,0.0119150263773119,0.03790128189120412,0.9703891317901939,0.3666666666666667,-0.007765561652554598,-0.03028460086314433,5,1,0.016174824706433166,0.3535347590500877,0.8746118321621575,0.6152645264522727,0.6608074796127581,0.4982802513160698,0.34993023362747433
v7-pilots_iteration3-utility_restoration-medium-low-high-medium-modular-private_fragmented-776105-always_act-event_triggered,utility_restoration,medium,low,high,medium,modular,private_fragmented,event_triggered,776105,always_act,36,UTL-03-communications,U03,no_operational_action,request_peer_evidence,send_targeted_summary,execute_autonomously,False,False,0.0,False,False,False,0.6861774695536478,0.0881200976068709,0.047558582125199256,0.043959944081538915,0.0,1.0,0.3138225304463523,0.07440802908686553,0.6699999999999999,0.2,0.85,0.35,0.9161869173042748,0.9317744228919934,0.014107997564872243,0.013598917174823533,0.008258149829230454,0.011288991354695632,0.00394577245427552,0.02619199553607876,0.9858920024351278,0.5666666666666667,0.242921510187754,0.007054682441242854,3,2,0.023333549617105875,0.29425072622780957,0.6861774695536478,0.5232689137383489,0.5782200278828811,0.44133970376070514,0.3081145132998346
v7-pilots_iteration3-utility_restoration-medium-low-high-medium-modular-private_fragmented-776105-always_act-event_triggered,utility_restoration,medium,low,high,medium,modular,private_fragmented,event_triggered,776105,always_act,36,UTL-04-resource_allocation,U04,no_operational_action,request_peer_evidence,send_targeted_summary,execute_autonomously,False,False,0.0,False,False,False,0.6667176966309512,0.09171054885398419,0.0,0.0,0.0,1.0,0.33328230336904885,-0.016679424157737793,0.6699999999999999,0.2,0.85,0.35,0.894827948364065,0.8993784942600079,0.0059046010239204305,0.004791410141385177,0.004765063334979058,0.005582253633579115,0.0029863661255272733,0.0,0.9940953989760796,0.3875,0.008792515646023569,0.003612865921150621,4,1,0.03884354223883191,0.27708401685452344,0.6667176966309512,0.4986605071768853,0.5514838560689083,0.35752143258499947,0.2454462085558467
v7-pilots_iteration3-utility_restoration-medium-low-high-medium-modular-private_fragmented-776105-always_act-event_triggered,utility_restoration,medium,low,high,medium,modular,private_fragmented,event_triggered,776105,always_act,36,UTL-05-critical_load,U01,no_operational_action,request_peer_evidence,send_targeted_summary,execute_autonomously,False,False,0.0,False,False,False,0.8081757470271849,0.08699109738681673,0.04224759631156581,0.06125901465177043,0.0,1.0,0.19182425297281516,0.16447630549360118,0.6699999999999999,0.2,0.85,0.35,0.9668863584003146,0.9713713330308769,0.005513190334272444,0.004580808710200834,0.0034887925905964234,0.004754680282474499,0.0014286695085564682,0.0,0.9944868096657276,0.725,-0.0018366224930926878,0.005513190334272444,2,3,0.040474512839420385,0.33988191750566776,0.8081757470271849,0.5727103548789341,0.6226182776802662,0.4844338137514176,0.3370935915353276
v7-pilots_iteration3-utility_restoration-medium-low-high-medium-modular-private_fragmented-776105-always_act-event_triggered,utility_restoration,medium,low,high,medium,modular,private_fragmented,event_triggered,776105,always_act,36,UTL-06-zone_operator,U02,isolate_component,request_peer_evidence,negotiate_commitment,execute_autonomously,True,True,-0.032015886342812716,True,False,True,0.6880131584433296,0.024490824575779502,0.7171962114270906,0.46493450656928126,0.0,1.0,0.31198684155667045,1.104788252903251,0.6699999999999999,0.2,0.85,0.35,0.8723724752445852,0.8951431784205058,0.01976738670718592,0.016367317635664125,0.014153779950495715,0.017818458498860656,0.0073376372384093,0.03790128189120412,0.9802326132928141,0.5208333333333333,-0.04150828757140401,0.0029558265943663287,4,2,0.02601830620905332,0.3959087554473596,0.6880131584433296,0.5209727235785384,0.5714957649359852,0.45074214168749527,0.3638740666392021
v7-pilots_iteration3-utility_restoration-medium-low-high-medium-modular-private_fragmented-776105-always_act-event_triggered,utility_restoration,medium,low,high,medium,modular,private_fragmented,event_triggered,776105,always_act,36,UTL-07-crew_dispatch,U03,no_operational_action,request_peer_evidence,send_targeted_summary,execute_autonomously,False,False,0.0,False,False,False,0.6670143040514637,0.08571842186525575,0.0,0.0,0.0,1.0,0.33298569594853633,-0.016753576012865923,0.6699999999999999,0.2,0.85,0.35,0.9189321220456016,0.9189321220456016,0.0,0.0,0.0,0.0,0.0,0.0,1.0,0.8,0.13703050370722003,0.0,1,4,0.03744154718197812,0.2771848633774977,0.6670143040514637,0.49653875213198584,0.5481887720474712,0.44014600770161477,0.29076400513440986
v7-pilots_iteration3-utility_restoration-medium-low-high-medium-modular-private_fragmented-776105-always_act-event_triggered,utility_restoration,medium,low,high,medium,modular,private_fragmented,event_triggered,776105,always_act,36,UTL-08-cyber_defense,U00,no_operational_action,no_information_action,no_communication_action,execute_autonomously,False,False,0.0,False,False,False,0.6737503111203473,0.14814483705854617,0.06322762640958556,0.05834672496056571,0.0,1.0,0.3262496888796526,0.2126869370960915,0.6699999999999999,0.2,0.85,0.35,0.9338247949640636,0.9538579874905162,0.02171537023595349,0.017716886626229722,0.015552376408566326,0.0196515278270587,0.00789687794713978,0.0652949720539916,0.9782846297640465,0.2,-0.002636780280360851,-0.005363387238464523,5,0,0.01740463170939044,0.2934783197714539,0.6737503111203473,0.5333578415194897,0.5814005423354112,0.42222348819261313,0.2886461249806135
v7-pilots_iteration3-utility_restoration-medium-low-high-medium-modular-private_fragmented-776105-always_act-event_triggered,utility_restoration,medium,low,high,medium,modular,private_fragmented,event_triggered,776105,always_act,36,UTL-09-communications,U01,no_operational_action,request_peer_evidence,send_targeted_summary,execute_autonomously,False,False,0.0,False,False,False,0.7839946918409078,0.051498015635659866,0.0,0.0,0.0,1.0,0.21600530815909225,-0.045998672960226944,0.6699999999999999,0.2,0.85,0.35,0.9480619829644609,0.9690957736140424,0.02468546486654577,0.01983144270358883,0.016976993525817163,0.022136436261928072,0.007687960373448877,0.0,0.9753145351334542,0.5666666666666667,0.06750256648781616,0.02468546486654577,3,2,0.02130223830714706,0.31695819522590873,0.7839946918409078,0.5851730232906424,0.632764415751301,0.4426111039065146,0.3347914813575306
v7-pilots_iteration3-utility_restoration-medium-low-high-medium-modular-private_fragmented-776105-always_act-event_triggered,utility_restoration,medium,low,high,medium,modular,private_fragmented,event_triggered,776105,always_act,36,UTL-10-resource_allocation,U02,no_operational_action,no_information_action,no_communication_action,execute_autonomously,False,False,0.0,False,False,False,0.8843264140568732,0.35805772635219935,0.8501468118421805,0.6577128771711617,0.0,1.0,0.11567358594312688,1.6623040879632092,0.6699999999999999,0.2,0.85,0.35,0.7999137114928462,0.8323040086223695,0.014260976405981896,0.012546501633204032,0.010983750544073967,0.012822754566701455,0.008132805922080655,0.0,0.9857390235940181,0.5208333333333333,-0.14359816874078268,-0.014024044504701738,4,2,0.031524716510257345,0.5089220713004157,0.8843264140568732,0.5736743604643355,0.6181076061934854,0.4755837605705534,0.40747392921671893
v7-pilots_iteration3-utility_restoration-medium-low-high-medium-modular-private_fragmented-776105-always_act-event_triggered,utility_restoration,medium,low,high,medium,modular,private_fragmented,event_triggered,776105,always_act,36,UTL-11-critical_load,U07,no_operational_action,no_information_action,no_communication_action,execute_autonomously,False,False,0.0,False,False,False,0.5907865634497305,0.18270090000262285,0.521270084199708,0.6891749554229099,0.0,1.0,0.40921343655026954,1.34345214233052,0.6699999999999999,0.2,0.85,0.35,0.8502044703254804,0.868407191516855,0.014653458029522337,0.013926480658079887,0.008574638624929354,0.011720801253161106,0.00435888225983283,0.043932049954449326,0.9853465419704777,0.7916666666666666,-0.05557060948674453,0.00615614648158469,2,4,0.03217939555535465,0.4166694208744067,0.5907865634497305,0.4693805842025936,0.5229455922725019,0.4732404059129831,0.40068764472424095
v7-pilots_iteration3-utility_restoration-medium-low-high-medium-modular-private_fragmented-776105-always_act-event_triggered,utility_restoration,medium,low,high,medium,modular,private_fragmented,event_triggered,776105,always_act,36,UTL-12-zone_operator,U00,no_operational_action,request_peer_evidence,send_targeted_summary,execute_autonomously,False,False,0.0,False,False,False,0.6588143360771392,0.010413892253363144,0.039231259963464285,0.023551993613689884,0.0,1.0,0.34118566392286076,0.1514761371646768,0.6699999999999999,0.2,0.85,0.35,0.8417538384523015,0.8788229164508294,0.024224034229381908,0.021644283659844388,0.015983897411927628,0.02069259534036083,0.00834854099414617,0.056926538787063725,0.9757759657706181,0.3875,-0.06253557219080785,0.016898478099881986,4,1,0.014895967715962022,0.28004935273351295,0.6588143360771392,0.5078778419650658,0.5603808033186226,0.44073036010873534,0.31416336680522594
v7-pilots_iteration3-utility_restoration-medium-low-high-medium-modular-private_fragmented-776105-always_act-event_triggered,utility_restoration,medium,low,high,medium,modular,private_fragmented,event_triggered,776105,always_act,36,UTL-13-crew_dispatch,U01,no_operational_action,no_information_action,no_communication_action,execute_autonomously,False,False,0.0,False,False,False,0.6107330487579895,0.18601957607800945,0.1285607933366375,0.1864131503381244,0.0,1.0,0.3892669512420105,0.3678391089060039,0.6699999999999999,0.2,0.85,0.35,0.8726284601809174,0.9042989332372385,0.02172326520916934,0.02078966155555262,0.013537732191637564,0.01786905493003954,0.006985913419816803,0.0,0.9782767347908307,0.5666666666666667,-0.05925418452075315,0.014103496930614856,3,2,0.02426443796452349,0.30278839265886637,0.6107330487579895,0.4928629058412623,0.5476617915628953,0.36984121381168894,0.2976442211242794
v7-pilots_iteration3-utility_restoration-medium-low-high-medium-modular-private_fragmented-776105-always_act-event_triggered,utility_restoration,medium,low,high,medium,modular,private_fragmented,event_triggered,776105,always_act,36,UTL-14-cyber_defense,U06,restore_communication_relay,request_peer_evidence,send_targeted_summary,execute_autonomously,True,True,-0.010499999999999999,True,False,True,0.7409873548757355,0.016093179514557354,0.0,0.0,0.0,1.0,0.25901264512426453,0.06475316128106613,0.6699999999999999,0.2,0.85,0.35,0.927121486095245,0.9274694730121054,0.0002540695711311658,0.00027126533282018084,0.00011796461432656002,0.00018181576285836165,4.386988052573759e-05,0.0,0.9997459304288688,0.725,0.03886573076389066,-0.0025847946585744186,2,3,0.05942878376257699,0.3023357006577502,0.7409873548757355,0.528531010873689,0.5836012082360083,0.45621468904780893,0.30194211449550296
v7-pilots_iteration3-utility_restoration-medium-low-high-medium-modular-private_fragmented-776105-always_act-event_triggered,utility_restoration,medium,low,high,medium,modular,private_fragmented,event_triggered,776105,always_act,36,UTL-15-communications,U03,reconfigure_service_edge,request_peer_evidence,send_targeted_summary,execute_autonomously,True,True,-0.011343339928794941,True,False,True,0.7321865417048774,0.012574281034265944,0.02811133095983144,0.01576142989175558,0.0,1.0,0.26781345829512254,0.10378274822172089,0.6699999999999999,0.2,0.85,0.35,0.95475029727151,0.9480292754842755,0.017917392883164962,0.013686887574387185,0.016684197682369284,0.018107985247796998,0.01257553022854252,0.043852799315358126,0.982082607116835,0.5666666666666667,0.0011730815600926592,0.013344513455062157,3,2,0.019524154298813157,0.3031261673536797,0.7321865417048774,0.5566465410362594,0.6032497126726447,0.4875079358087262,0.340492446764416
v7-pilots_iteration3-utility_restoration-medium-low-high-medium-modular-private_fragmented-776105-always_act-event_triggered,utility_restoration,medium,low,high,medium,modular,private_fragmented,event_triggered,776105,always_act,36,UTL-16-resource_allocation,U00,no_operational_action,request_peer_evidence,send_targeted_summary,execute_autonomously,False,False,0.0,False,False,False,0.7246766908680872,0.07571377263175649,0.0,0.0,0.0,1.0,0.27532330913191283,0.06883082728297821,0.6699999999999999,0.2,0.85,0.35,0.9596814303168997,0.9675952505081858,0.013021873568018871,0.009951808018614394,0.010140467035470113,0.012395794805730831,0.005227999757769886,0.0,0.9869781264319811,0.5666666666666667,0.04115021991954637,-0.0038534313223634875,3,2,0.02609812837732506,0.29679007489514964,0.7246766908680872,0.5480216569216861,0.5961787192498316,0.4176975434979299,0.28847078441473323
v7-pilots_iteration3-utility_restoration-medium-low-high-medium-modular-private_fragmented-776105-always_act-event_triggered,utility_restoration,medium,low,high,medium,modular,private_fragmented,event_triggered,776105,always_act,36,UTL-17-critical_load,U05,no_operational_action,request_peer_evidence,send_targeted_summary,execute_autonomously,False,False,0.0,False,False,False,0.8191570414229058,0.14374589376917116,0.8720542164245344,0.5239443435760375,0.0,1.0,0.18084295857709423,1.7168391232241145,0.6699999999999999,0.2,0.85,0.35,0.937684307949943,0.937684307949943,0.0,0.0,0.0,0.0,0.0,0.0,1.0,0.8,0.01069792028325145,0.0,1,4,0.026140033517801142,0.454660036542037,0.8191570414229058,0.5620838935566481,0.6135959454477897,0.5040459573976204,0.39623729282753817
v7-pilots_iteration3-utility_restoration-medium-low-high-medium-modular-private_fragmented-776105-always_act-event_triggered,utility_restoration,medium,low,high,medium,modular,private_fragmented,event_triggered,776105,always_act,36,UTL-18-zone_operator,U02,isolate_component,no_information_action,no_communication_action,execute_autonomously,True,True,-0.03339475642192067,True,False,True,0.8117902961028242,0.18289393030275758,0.7631585473973559,0.531579893726166,0.0,1.0,0.18820970389717584,1.4606806729574062,0.6699999999999999,0.2,0.85,0.35,0.8950045728355429,0.9214959771370849,0.021719351578625368,0.018434370621586926,0.014348004740793563,0.018837582535381703,0.007018737517108242,0.05171476434498978,0.9782806484213746,0.3666666666666667,0.015267748155263439,0.021009728357367585,5,1,0.024066341337613872,0.4539878751692401,0.8117902961028242,0.578874353860091,0.6278316037765634,0.49289169950090395,0.4123442858270853
v7-pilots_iteration3-utility_restoration-medium-low-high-medium-modular-private_fragmented-776105-always_act-event_triggered,utility_restoration,medium,low,high,medium,modular,private_fragmented,event_triggered,776105,always_act,36,UTL-19-crew_dispatch,U03,no_operational_action,no_information_action,no_communication_action,execute_autonomously,False,False,0.0,False,False,False,0.4423994338055375,0.41829569455394455,0.13749424471706806,0.1743666548397487,0.0,1.0,0.5576005661944625,0.5209003950903344,0.6699999999999999,0.2,0.85,0.35,0.7607979125521023,0.829729262343798,0.06086986938965111,0.04268969313921511,0.06407995289518609,0.06596257857032417,0.05161173871307101,0.14698818188372276,0.9391301306103489,0.5666666666666667,-0.07800604044461978,0.05988784623550747,3,2,0.02342832220767299,0.24266380465542242,0.4423994338055375,0.4523770688057521,0.4727366706752112,0.5225631319949177,0.43432837236535793
v7-pilots_iteration3-utility_restoration-medium-low-high-medium-modular-private_fragmented-776105-always_act-event_triggered,utility_restoration,medium,low,high,medium,modular,private_fragmented,event_triggered,776105,always_act,36,UTL-20-cyber_defense,U04,no_operational_action,request_peer_evidence,send_targeted_summary,execute_autonomously,False,False,0.0,False,False,False,0.6567564477578725,0.11836962489903755,0.21889431218660105,0.31739675267057155,0.0,1.0,0.34324355224212755,0.6156658466159695,0.6699999999999999,0.2,0.85,0.35,0.8997949152158043,0.8993338170691649,0.0015846611688377088,0.0013882089598656888,0.001227221979496873,0.0014353269231164312,0.0008673881743933576,0.0,0.9984153388311623,0.5666666666666667,-0.017502364133184067,0.0006818126647698541,3,2,0.04316348209391463,0.3498724128786138,0.6567564477578725,0.4898698335434729,0.5431150621750878,0.38917104139163977,0.29766442610161326
v7-pilots_iteration3-utility_restoration-medium-low-high-medium-modular-private_fragmented-776105-always_act-event_triggered,utility_restoration,medium,low,high,medium,modular,private_fragmented,event_triggered,776105,always_act,36,UTL-21-communications,U01,reconfigure_service_edge,request_peer_evidence,send_targeted_summary,execute_autonomously,True,True,7.344094374882107,True,True,False,0.651387180582148,0.11064108012641652,0.0589033666843038,0.08540988169224051,0.0,1.0,0.34861281941785205,0.2654863030491245,0.6699999999999999,0.2,0.85,0.35,0.9109777284477342,0.9218345413786195,0.011722419657892225,0.008591875447395259,0.009855396016066886,0.011590080321818186,0.005564630462919995,0.0,0.9882775803421078,0.5666666666666667,0.013664793287823218,0.0031774006397489174,3,2,0.034265283515800604,0.29237001300406806,0.651387180582148,0.5047106918658418,0.5527541191314499,0.38691594917783545,0.27976066926263804
v7-pilots_iteration3-utility_restoration-medium-low-high-medium-modular-private_fragmented-776105-always_act-event_triggered,utility_restoration,medium,low,high,medium,modular,private_fragmented,event_triggered,776105,always_act,36,UTL-22-resource_allocation,U02,no_operational_action,request_peer_evidence,send_targeted_summary,execute_autonomously,False,False,0.0,False,False,False,0.7914562316092693,0.11798881909681386,0.473495095205211,0.11156788804755585,0.0,1.0,0.2085437683907308,0.6864459515779469,0.6699999999999999,0.2,0.85,0.35,0.9401983878041374,0.9424437271832462,0.005153201358991111,0.004939180326092196,0.0025068530157513758,0.0038863164870546196,0.0008003237418288123,0.0221417273479243,0.9948467986410089,0.6666666666666666,-0.010247089673139032,0.00403488681965547,3,3,0.04063249155724813,0.346271411878565,0.7914562316092693,0.5588465714973296,0.6097689331478027,0.4994003761780713,0.3453022655794728
v7-pilots_iteration3-utility_restoration-medium-low-high-medium-modular-private_fragmented-776105-always_act-event_triggered,utility_restoration,medium,low,high,medium,modular,private_fragmented,event_triggered,776105,always_act,36,UTL-23-critical_load,U03,no_operational_action,no_information_action,no_communication_action,execute_autonomously,False,False,0.0,False,False,False,0.5461715690376363,0.312047816025934,0.250052654479306,0.33757634899499367,0.0,1.0,0.45382843096236375,0.6847342028372879,0.6699999999999999,0.2,0.85,0.35,0.8628275496480567,0.9068345588059843,0.053058468857600016,0.03880465272707889,0.04968200983828153,0.05451424469807997,0.03445724170583553,0.043852799315358126,0.9469415311424,0.2,-0.0013942305051384274,0.0430800508263226,5,0,0.015616921675621898,0.3171166572315949,0.5461715690376363,0.5084573714277087,0.5394125812187487,0.33604831395515167,0.3370369783138006
v7-pilots_iteration3-utility_restoration-medium-low-high-medium-modular-private_fragmented-776105-always_act-event_triggered,utility_restoration,medium,low,high,medium,modular,private_fragmented,event_triggered,776105,always_act,36,UTL-24-zone_operator,U00,no_operational_action,request_peer_evidence,send_targeted_summary,execute_autonomously,False,False,0.0,False,False,False,0.676398040680064,0.020351412274541236,0.0,0.0,0.0,1.0,0.32360195931993596,0.08090048982998399,0.6699999999999999,0.2,0.85,0.35,0.8579713750544421,0.9143165184975705,0.0403330240175066,0.03363982721952785,0.0283788176029115,0.036064080511208685,0.014306990675800546,0.05326434819705389,0.9596669759824934,0.3875,0.028517608177747178,0.02091231097176982,4,1,0.0012130220721626728,0.2803753338312218,0.676398040680064,0.5415182936601454,0.5920065500334039,0.4425489863451488,0.33141085152792477
v7-pilots_iteration3-utility_restoration-medium-low-high-medium-modular-private_fragmented-776105-always_act-event_triggered,utility_restoration,medium,low,high,medium,modular,private_fragmented,event_triggered,776105,always_act,36,UTL-25-crew_dispatch,U01,no_operational_action,request_peer_evidence,send_targeted_summary,execute_autonomously,False,False,0.0,False,False,False,0.7272284274229305,0.037508304254985136,0.2642514765801892,0.38316464104127435,0.0,1.0,0.2727715725770695,0.8070988219808365,0.6699999999999999,0.2,0.85,0.35,0.905367354434876,0.9108773646652701,0.006451835019192442,0.004654987948651157,0.005691286645390536,0.0065348109669998156,0.0032988248977962042,0.0,0.9935481649808076,0.725,-0.014747235697975425,0.002919135436982523,2,3,0.039535868154500386,0.3896171791737022,0.7272284274229305,0.5262657786047606,0.5777006187202453,0.45043593951763083,0.3522874019227934
v7-pilots_iteration3-utility_restoration-medium-low-high-medium-modular-private_fragmented-776105-always_act-event_triggered,utility_restoration,medium,low,high,medium,modular,private_fragmented,event_triggered,776105,always_act,36,UTL-26-cyber_defense,U02,restore_communication_relay,request_peer_evidence,send_targeted_summary,execute_autonomously,True,False,0.0,False,False,False,0.7964826939427102,0.06966550216359849,0.6979608974940622,0.43704330136639014,0.0,1.0,0.20351730605728982,1.2721581676397635,0.6699999999999999,0.2,0.85,0.35,0.9526097794141226,0.9640296571338056,0.0215176267392162,0.01834736521148228,0.01384802066301638,0.018492179356377036,0.0063575188678823835,0.04019292492380666,0.9784823732607838,0.20833333333333334,0.013455087549829714,-0.006816462841842008,6,0,0.02426806617702304,0.4260945082684552,0.7964826939427102,0.5868701998655175,0.6364800385912746,0.43728264400679107,0.3506467134653016
v7-pilots_iteration3-utility_restoration-medium-low-high-medium-modular-private_fragmented-776105-always_act-event_triggered,utility_restoration,medium,low,high,medium,modular,private_fragmented,event_triggered,776105,always_act,36,UTL-27-communications,U07,restore_communication_relay,request_peer_evidence,send_targeted_summary,execute_autonomously,True,True,-0.010499999999999999,True,False,True,0.834133765108434,0.05436491958729922,0.0,0.0,0.0,1.0,0.16586623489156604,0.04146655872289151,0.6699999999999999,0.2,0.85,0.35,0.906056409156379,0.9080112836098488,0.0015074355963510255,0.0015364679336989928,0.0006251011222079272,0.001053093529104987,0.00017142569569872368,0.004581279693287921,0.998492564403649,0.7916666666666666,0.01239702410789778,-0.0014229206485345536,2,4,0.04532541798852596,0.3340054801368676,0.834133765108434,0.5622780181673598,0.6152421881510549,0.5156330598126733,0.341040145425912
v7-pilots_iteration3-utility_restoration-medium-low-high-medium-modular-private_fragmented-776105-always_act-event_triggered,utility_restoration,medium,low,high,medium,modular,private_fragmented,event_triggered,776105,always_act,40,UTL-00-zone_operator,U04,no_operational_action,request_peer_evidence,send_targeted_summary,execute_autonomously,False,False,0.0,False,False,False,0.7027838259097118,0.10987165537947327,0.0,0.0,0.0,1.0,0.2972161740902882,-0.02569595647742795,0.6699999999999999,0.2,0.85,0.35,0.9606688399379502,0.9601471622569805,0.0012096485446403404,0.001031233775821705,0.0009158805988231933,0.001096712359303087,0.0005957610633122723,0.023689238611135588,0.9987903514553597,0.2,0.07890834417191928,-0.009413129468059944,5,0,0.060189117860918295,0.289346500809302,0.7027838259097118,0.5229742483108687,0.5734955238039948,0.37117684957100505,0.24111971219244896
v7-pilots_iteration3-utility_restoration-medium-low-high-medium-modular-private_fragmented-776105-always_act-event_triggered,utility_restoration,medium,low,high,medium,modular,private_fragmented,event_triggered,776105,always_act,40,UTL-01-crew_dispatch,U09,no_operational_action,request_peer_evidence,send_targeted_summary,execute_autonomously,False,False,0.0,False,False,False,0.7755885455668423,0.13192705150594902,0.7246814974316275,0.4341215046091932,0.0,1.0,0.22441145443315774,1.0030223391842827,0.6699999999999999,0.2,0.85,0.35,0.903459835489027,0.9120516395693024,0.011460609172456282,0.010474288269641918,0.00642273981094843,0.009203997087167126,0.002497956338891938,0.0,0.9885393908275437,0.3875,-0.02941564550978304,-0.006183434442314062,4,1,0.0634535470923967,0.41828926659893284,0.7755885455668423,0.5521452299404325,0.6043659663641102,0.4032471891380738,0.3294516186507385
v7-pilots_iteration3-utility_restoration-medium-low-high-medium-modular-private_fragmented-776105-always_act-event_triggered,utility_restoration,medium,low,high,medium,modular,private_fragmented,event_triggered,776105,always_act,40,UTL-02-cyber_defense,U10,no_operational_action,request_peer_evidence,send_targeted_summary,execute_autonomously,False,False,0.0,False,False,False,0.6747415854710588,0.014422746108665896,0.5182205361047991,0.2014197773519587,0.0,1.0,0.32525841452894116,0.8772807074818345,0.6699999999999999,0.2,0.85,0.35,0.8897796275863226,0.8916055019657012,0.0008431126380814558,0.000729698626331321,0.0005596012240134396,0.0007271700128543834,0.0002879000851645497,0.0,0.9991568873619185,0.5666666666666667,0.02785838525987383,-0.018677053119019238,3,2,0.05336517035543609,0.3281528856246301,0.6747415854710588,0.4935218987783182,0.5457748354915097,0.39672479923117804,0.28751207476181473
v7-pilots_iteration3-utility_restoration-medium-low-high-medium-modular-private_fragmented-776105-always_act-event_triggered,utility_restoration,medium,low,high,medium,modular,private_fragmented,event_triggered,776105,always_act,40,UTL-03-communications,U07,restore_communication_relay,request_peer_evidence,negotiate_commitment,execute_autonomously,True,False,0.0,False,False,False,0.73873263361527,0.024845988939540042,0.2410328160345952,0.28283091658349635,0.0,1.0,0.26126736638472997,0.5072199842893866,0.6699999999999999,0.2,0.85,0.35,0.9647922987536721,0.9664118524097219,0.006667678419359668,0.005580375739155596,0.004315706081840398,0.005775823147010417,0.0019151869915965403,0.014963690526871298,0.9933323215806403,0.6666666666666666,0.052118457846195954,-0.01736553211739278,3,3,0.04573741727887903,0.36944851540923096,0.73873263361527,0.5460258779216296,0.5959936130655192,0.466345849052591,0.3441729528374753
v7-pilots_iteration3-utility_restoration-medium-low-high-medium-modular-private_fragmented-776105-always_act-event_triggered,utility_restoration,medium,low,high,medium,modular,private_fragmented,event_triggered,776105,always_act,40,UTL-04-resource_allocation,U08,no_operational_action,no_information_action,no_communication_action,execute_autonomously,False,False,0.0,False,False,False,0.8474206889887375,0.17599812876318688,0.06527909926237274,0.0,0.0,1.0,0.1525793110112625,0.0027740726731733945,0.6699999999999999,0.2,0.85,0.35,0.8569634218320951,0.8646262752365103,0.006433073591757821,0.006516163245643636,0.003913661843472638,0.005177576398261552,0.002058270964076736,0.016260698564899374,0.9935669264082422,0.5083333333333333,-0.031593486964823,-0.00019874549515053186,4,2,0.04066291222123908,0.3385230342561708,0.8474206889887375,0.5622154340819797,0.6171163436206837,0.48229961786058345,0.32094766755669896
v7-pilots_iteration3-utility_restoration-medium-low-high-medium-modular-private_fragmented-776105-always_act-event_triggered,utility_restoration,medium,low,high,medium,modular,private_fragmented,event_triggered,776105,always_act,40,UTL-05-critical_load,U09,no_operational_action,no_information_action,no_communication_action,execute_autonomously,False,False,0.0,False,False,False,0.4547328472299812,0.4281606216067535,0.6946361416100815,0.39055573866795146,0.0,1.0,0.5452671527700188,1.2234302578639895,0.6699999999999999,0.2,0.85,0.35,0.7831293898059912,0.8196566240501052,0.019314992435309652,0.016076530510655607,0.015903907638708414,0.01809056377128182,0.012144963184183344,0.0,0.9806850075646903,0.3875,-0.1327017320715419,-0.0071634865333275455,4,1,0.05559916382954333,0.298742545338502,0.4547328472299812,0.4047164757529238,0.4430032606455775,0.2684877958365921,0.2427018616621282
v7-pilots_iteration3-utility_restoration-medium-low-high-medium-modular-private_fragmented-776105-always_act-event_triggered,utility_restoration,medium,low,high,medium,modular,private_fragmented,event_triggered,776105,always_act,40,UTL-06-zone_operator,U06,no_operational_action,request_peer_evidence,send_targeted_summary,execute_autonomously,False,False,0.0,False,False,False,0.732715104943128,0.032969046068793,0.028647952927141354,0.0,0.0,1.0,0.26728489505687203,-0.01049800331971168,0.6699999999999999,0.2,0.85,0.35,0.9400187843875304,0.9420359971759408,0.008811430409080612,0.007253237472646279,0.0062086162413862445,0.007915861546198832,0.0030714075134227192,0.0,0.9911885695909194,0.5666666666666667,-0.008511107446569022,0.008238340910956321,3,2,0.03964776344112497,0.2995231356806636,0.732715104943128,0.5404267406468466,0.592213678085727,0.42107367740944707,0.2933079136703505
v7-pilots_iteration3-utility_restoration-medium-low-high-medium-modular-private_fragmented-776105-always_act-event_triggered,utility_restoration,medium,low,high,medium,modular,private_fragmented,event_triggered,776105,always_act,40,UTL-07-crew_dispatch,U07,no_operational_action,request_peer_evidence,send_targeted_summary,execute_autonomously,False,False,0.0,False,False,False,0.6921716592763336,0.042980268139415745,0.0828989414426721,0.05353679842520784,0.0,1.0,0.3078283407236664,0.12040783083347256,0.6699999999999999,0.2,0.85,0.35,0.8365759992446566,0.8524046599094307,0.010900329145490883,0.009263437074883307,0.007790789127316566,0.00977851322229939,0.004049431326898056,0.02014484298361885,0.9890996708545091,0.6666666666666666,-0.06326830154860952,0.007831161908422146,3,3,0.04150476655274782,0.29858719577600334,0.6921716592763336,0.5012731243253848,0.557326142059464,0.45466559156449404,0.31767692351159116
v7-pilots_iteration3-utility_restoration-medium-low-high-medium-modular-private_fragmented-776105-always_act-event_triggered,utility_restoration,medium,low,high,medium,modular,private_fragmented,event_triggered,776105,always_act,40,UTL-08-cyber_defense,U08,no_operational_action,request_peer_evidence,send_targeted_summary,execute_autonomously,False,False,0.0,False,False,False,0.8629609290113643,0.058778565240202585,0.4730644664321084,0.5940741596468551,0.0,1.0,0.13703907098863563,1.1663975241469828,0.6699999999999999,0.2,0.85,0.35,0.9082351389008402,0.9153940072794987,0.014796802812036214,0.009776621552212261,0.015537875728812822,0.016340645758702532,0.010851381181467112,0.01661210412876942,0.9852031971879638,0.5083333333333333,0.029034417303524407,0.0014052645279357678,4,2,0.032299183000960685,0.4863845141791091,0.8629609290113643,0.5929586802666065,0.6388893565918856,0.4893606551271692,0.4069615203595753
v7-pilots_iteration3-utility_restoration-medium-low-high-medium-modular-private_fragmented-776105-always_act-event_triggered,utility_restoration,medium,low,high,medium,modular,private_fragmented,event_triggered,776105,always_act,40,UTL-09-communications,U05,restore_communication_relay,request_peer_evidence,negotiate_commitment,execute_autonomously,True,True,5.37002549744332,True,True,False,0.7671791334158846,0.0905478981688492,0.47131949568811055,0.5632761833025435,0.0,1.0,0.2328208665841154,1.0575185991337135,0.6699999999999999,0.2,0.85,0.35,0.9227367824887961,0.9317000280636835,0.013035951071917462,0.011265704211753547,0.007754022077100409,0.01086668165721072,0.0030547513487153566,0.0,0.9869640489280825,0.725,0.09123388985423664,0.00999839722096807,2,3,0.010747587852762641,0.44642718935401127,0.7671791334158846,0.5558061804892374,0.6067893829191491,0.4672152360346715,0.3958703609637727
v7-pilots_iteration3-utility_restoration-medium-low-high-medium-modular-private_fragmented-776105-always_act-event_triggered,utility_restoration,medium,low,high,medium,modular,private_fragmented,event_triggered,776105,always_act,40,UTL-10-resource_allocation,U06,no_operational_action,request_peer_evidence,send_targeted_summary,execute_autonomously,False,False,0.0,False,False,False,0.6526423809984653,0.11163917868539425,0.3195353709062747,0.3850701777120642,0.0,1.0,0.3473576190015347,0.7871208739188911,0.6699999999999999,0.2,0.85,0.35,0.9175903856505027,0.9313686246680177,0.01470862711129528,0.011662808436449401,0.010858790143862374,0.013571420943217172,0.005548683701715795,0.0,0.9852913728887047,0.5666666666666667,0.07835034670253571,0.01470862711129528,3,2,0.033750566738910304,0.3647152521903736,0.6526423809984653,0.5110466267678252,0.5589681445630383,0.38744313335268876,0.32765955945845904
v7-pilots_iteration3-utility_restoration-medium-low-high-medium-modular-private_fragmented-776105-always_act-event_triggered,utility_restoration,medium,low,high,medium,modular,private_fragmented,event_triggered,776105,always_act,40,UTL-11-critical_load,U11,no_operational_action,no_information_action,no_communication_action,execute_autonomously,False,False,0.0,False,False,False,0.587876592507744,0.26628806724218623,0.0,0.0,0.0,1.0,0.412123407492256,0.103030851873064,0.6699999999999999,0.2,0.85,0.35,0.9018434890028232,0.9349078151049901,0.025985626943789586,0.018341404672884143,0.024710946218795327,0.027127776212382604,0.016513946577696115,0.03925899558783834,0.9740143730562104,0.19,-0.005363639597889436,0.012813860391709841,5,0,0.013070031826763584,0.250278041452633,0.587876592507744,0.49699138697510886,0.5359686773286416,0.3445818421467668,0.253242762178289
v7-pilots_iteration3-utility_restoration-medium-low-high-medium-modular-private_fragmented-776105-always_act-event_triggered,utility_restoration,medium,low,high,medium,modular,private_fragmented,event_triggered,776105,always_act,40,UTL-12-zone_operator,U04,no_operational_action,request_peer_evidence,send_targeted_summary,execute_autonomously,False,False,0.0,False,False,False,0.7012640893760471,0.09352256353708649,0.07563660303933452,0.10967307440703505,0.0,1.0,0.2987359106239528,0.2803048053761996,0.6699999999999999,0.2,0.85,0.35,0.9560714498806927,0.9560714498806927,0.0,0.0,0.0,0.0,0.0,0.0,1.0,0.8,0.05926944334793249,0.0,1,4,0.061398766405558636,0.3151513282455445,0.7012640893760471,0.5195234982205921,0.5703624465675247,0.4545309175379398,0.31351471395413744
v7-pilots_iteration3-utility_restoration-medium-low-high-medium-modular-private_fragmented-776105-always_act-event_triggered,utility_restoration,medium,low,high,medium,modular,private_fragmented,event_triggered,776105,always_act,40,UTL-13-crew_dispatch,U05,no_operational_action,request_peer_evidence,send_targeted_summary,execute_autonomously,False,False,0.0,False,False,False,0.8852903073153744,0.11071532724119137,0.8941407187188015,0.44394202428433155,0.0,1.0,0.11470969268462564,1.121516344625106,0.6699999999999999,0.2,0.85,0.35,0.9124828953817123,0.9150229971178057,0.009352122083379877,0.00800977979783446,0.0060817311854385325,0.008046878828134152,0.0029597779056494966,0.0,0.9906478779166201,0.725,0.02180993210415083,-0.002792504876607649,2,3,0.014431416841300226,0.45794479031546687,0.8852903073153744,0.5953298176883097,0.6470275880523503,0.5168219290724573,0.40363480366219856
v7-pilots_iteration3-utility_restoration-medium-low-high-medium-modular-private_fragmented-776105-always_act-event_triggered,utility_restoration,medium,low,high,medium,modular,private_fragmented,event_triggered,776105,always_act,40,UTL-14-cyber_defense,U10,isolate_component,request_peer_evidence,send_targeted_summary,execute_autonomously,True,True,-0.026177815200954947,True,False,True,0.7567281709662625,0.03130988579442562,0.5225938400318316,0.2077610680461558,0.0,1.0,0.2432718290337374,0.746903179482889,0.6699999999999999,0.2,0.85,0.35,0.9335623317134859,0.9408116016337548,0.016117993232624417,0.01246702822549317,0.011914984753466196,0.01499112124835933,0.005800405269957953,0.007532167584287319,0.9838820067673756,0.3875,-0.0016548016314569258,-0.00730080491677787,4,1,0.038090289760893126,0.35755023445960665,0.7567281709662625,0.5586470418405507,0.6077249352351608,0.406774726533947,0.3071715189562409
v7-pilots_iteration3-utility_restoration-medium-low-high-medium-modular-private_fragmented-776105-always_act-event_triggered,utility_restoration,medium,low,high,medium,modular,private_fragmented,event_triggered,776105,always_act,40,UTL-15-communications,U11,no_operational_action,no_information_action,no_communication_action,execute_autonomously,False,False,0.0,False,False,False,0.5998676317520183,0.16735731842790347,0.06896030642595205,0.09999244431763048,0.0,1.0,0.4001323682479817,0.2511633185847688,0.6699999999999999,0.2,0.85,0.35,0.872336341396443,0.9088744777070399,0.034633713388806275,0.025494262221256614,0.030869546043528873,0.03495042555604255,0.019398837228169707,0.048681297372053324,0.9653662866111937,0.3875,-0.024622295333207367,0.021153532495405636,4,1,0.0044219453817468946,0.27835318143191756,0.5998676317520183,0.5065183367942468,0.5477433629382753,0.4034399773413687,0.3155826495871985
v7-pilots_iteration3-utility_restoration-medium-low-high-medium-modular-private_fragmented-776105-always_act-event_triggered,utility_restoration,medium,low,high,medium,modular,private_fragmented,event_triggered,776105,always_act,40,UTL-16-resource_allocation,U04,no_operational_action,request_peer_evidence,send_targeted_summary,execute_autonomously,False,False,0.0,False,False,False,0.6954848377229742,0.1137053901923527,0.005946810158523433,0.008622874729858978,0.0,1.0,0.3045151622770258,0.09317988315112308,0.6699999999999999,0.2,0.85,0.35,0.9582406494165451,0.9582406494165451,0.0,0.0,0.0,0.0,0.0,0.0,1.0,0.8,0.18031584320201655,0.0,1,4,0.061398766405558636,0.2889343347609774,0.6954848377229742,0.517754097443326,0.5682460398901106,0.4521036318436492,0.2997704995300159
v7-pilots_iteration3-utility_restoration-medium-low-high-medium-modular-private_fragmented-776105-always_act-event_triggered,utility_restoration,medium,low,high,medium,modular,private_fragmented,event_triggered,776105,always_act,40,UTL-17-critical_load,U09,no_operational_action,no_information_action,no_communication_action,execute_autonomously,False,False,0.0,False,False,False,0.5963441005028924,0.1503658217007704,0.7311740657960429,0.44353572873759567,0.0,1.0,0.4036558994971075,1.5077807004183843,0.6699999999999999,0.2,0.85,0.35,0.8371559042149352,0.8623143532486135,0.018290123231921585,0.018898194672459123,0.009380134797888573,0.01365484608394385,0.004164725414400827,0.0,0.9817098767680784,0.725,-0.030319223750968405,-0.0049953505037941826,2,3,0.0566240330329314,0.35960556906800645,0.5963441005028924,0.473432788779581,0.5309642288319869,0.39546452221121475,0.3301908159538998
v7-pilots_iteration3-utility_restoration-medium-low-high-medium-modular-private_fragmented-776105-always_act-event_triggered,utility_restoration,medium,low,high,medium,modular,private_fragmented,event_triggered,776105,always_act,40,UTL-18-zone_operator,U10,reconfigure_service_edge,request_peer_evidence,send_targeted_summary,execute_autonomously,True,True,-0.020246643271852934,True,False,True,0.8613001843643238,0.03678525493210938,0.32488810906176446,0.0,0.0,1.0,0.1386998156356762,0.3288398481984468,0.6699999999999999,0.2,0.85,0.35,0.8762949469984892,0.9052358201005752,0.027717127037235056,0.02118671689276619,0.02240602203596742,0.026755322977293994,0.012281543629541591,0.03758701362026862,0.9722828729627649,0.375,-0.026658235828863286,0.012743858359923088,4,1,0.026491155956282486,0.34324206268387014,0.8613001843643238,0.6023977883474809,0.6502969374175873,0.49387833813582427,0.35307582259849724
v7-pilots_iteration3-utility_restoration-medium-low-high-medium-modular-private_fragmented-776105-always_act-event_triggered,utility_restoration,medium,low,high,medium,modular,private_fragmented,event_triggered,776105,always_act,40,UTL-19-crew_dispatch,U07,dispatch_repair_crew,request_peer_evidence,send_targeted_summary,execute_autonomously,False,True,0.0,False,False,False,0.6694599860529487,0.04195521889184661,0.35043629354123906,0.44146595896812996,0.0,1.0,0.3305400139470514,1.050857726643201,0.6699999999999999,0.2,0.85,0.35,0.881968376082213,0.8919023194772164,0.008455195942002502,0.006342726293078416,0.0072034102872141625,0.00834618387913555,0.004307136515638521,0.01532304783680505,0.9915448040579975,0.6666666666666666,-0.042313192899070096,0.0070545694394452685,3,3,0.0439498997562362,0.3839682254103538,0.6694599860529487,0.5001133627605362,0.5523199787982052,0.43779756018751537,0.3518108054209108
v7-pilots_iteration3-utility_restoration-medium-low-high-medium-modular-private_fragmented-776105-always_act-event_triggered,utility_restoration,medium,low,high,medium,modular,private_fragmented,event_triggered,776105,always_act,40,UTL-20-cyber_defense,U08,restore_communication_relay,no_information_action,no_communication_action,execute_autonomously,True,False,0.0,False,False,False,0.8181928366474344,0.207438353883494,0.33921009638130994,0.24854431402344349,0.0,1.0,0.18180716335256566,0.6420922138803005,0.6699999999999999,0.2,0.85,0.35,0.8853489541577481,0.9177993485270897,0.025576529349082056,0.02304348041697024,0.015590877862652452,0.021111663826264282,0.007766216233011325,0.01661210412876942,0.9744234706509179,0.19166666666666665,-0.046964094287582636,0.017063357153300873,6,0,0.021519456463914843,0.3882361998257542,0.8181928366474344,0.5844215142871256,0.6352393521625703,0.4072247230009853,0.33186840692096503
v7-pilots_iteration3-utility_restoration-medium-low-high-medium-modular-private_fragmented-776105-always_act-event_triggered,utility_restoration,medium,low,high,medium,modular,private_fragmented,event_triggered,776105,always_act,40,UTL-21-communications,U09,reconfigure_service_edge,request_peer_evidence,send_targeted_summary,execute_autonomously,True,False,0.0,False,False,False,0.6694451974696285,0.010775074153695163,0.7706743236327184,0.500811102600775,0.0,1.0,0.33055480253037156,1.5533624532066284,0.6699999999999999,0.2,0.85,0.35,0.864007531175743,0.8798065262348618,0.015301290022362468,0.013934633548650766,0.009202596963876375,0.012565757124098131,0.0042836227627292,0.0,0.9846987099776375,0.725,-0.0880906541154185,0.01037238627220649,2,3,0.059612866242490514,0.3982060317638597,0.6694451974696285,0.5052017678130947,0.5591577480604308,0.426166982937244,0.3634205601004078
v7-pilots_iteration3-utility_restoration-medium-low-high-medium-modular-private_fragmented-776105-always_act-event_triggered,utility_restoration,medium,low,high,medium,modular,private_fragmented,event_triggered,776105,always_act,40,UTL-22-resource_allocation,U06,no_operational_action,no_information_action,no_communication_action,execute_autonomously,False,False,0.0,False,False,False,0.5844439923111046,0.230109739241682,0.1527210807371509,0.14318945696683466,0.0,1.0,0.41555600768889545,0.42538764734295154,0.6699999999999999,0.2,0.85,0.35,0.8703266903615627,0.8903840662865815,0.02194542907427499,0.02112628264816474,0.01070860890536296,0.016512983456304586,0.003591456663904813,0.0,0.978054570925725,0.5666666666666667,-0.06953746531942928,0.020921975647457014,3,2,0.026513764775930593,0.28347642705781595,0.5844439923111046,0.4820828702188175,0.5338740674823317,0.35879981010399725,0.2896034134351988
v7-pilots_iteration3-utility_restoration-medium-low-high-medium-modular-private_fragmented-776105-always_act-event_triggered,utility_restoration,medium,low,high,medium,modular,private_fragmented,event_triggered,776105,always_act,40,UTL-23-critical_load,U07,no_operational_action,request_peer_evidence,send_targeted_summary,execute_autonomously,False,False,0.0,False,False,False,0.6641354771806482,0.10224666235941035,0.04003360144299528,0.0,0.0,1.0,0.3358645228193518,0.12428587303963103,0.6699999999999999,0.2,0.85,0.35,0.9242639770995705,0.932679034310879,0.010662506018475515,0.008675431720804316,0.007385738224086391,0.00954441500499359,0.0035131167500112026,0.02014484298361885,0.9893374939815245,0.5208333333333333,0.06143339861864905,-0.00697236055689987,4,2,0.04174258967976319,0.2762060622414204,0.6641354771806482,0.5116476935730178,0.5609772756285436,0.4137237284176396,0.2777962219805499
v7-pilots_iteration3-utility_restoration-medium-low-high-medium-modular-private_fragmented-776105-always_act-event_triggered,utility_restoration,medium,low,high,medium,modular,private_fragmented,event_triggered,776105,always_act,40,UTL-24-zone_operator,U08,isolate_component,request_peer_evidence,send_targeted_summary,execute_autonomously,True,True,-0.03277479660029442,True,False,True,0.7798392207165118,0.03243866343025886,0.7424932200098141,0.5300899736393111,0.0,1.0,0.2201607792834882,1.17639625835468,0.6699999999999999,0.2,0.85,0.35,0.9641105188350673,0.954089594277668,0.01026823459656323,0.006978872867714259,0.010821888979685057,0.011261366642420723,0.00797923076856566,0.013645269107932692,0.9897317654034368,0.3566666666666667,-0.0217505539688696,0.0007285748241224743,5,1,0.03682775121643367,0.4427669287170487,0.7798392207165118,0.5673388464305601,0.614808553952445,0.419606615078326,0.349118663957561
v7-pilots_iteration3-utility_restoration-medium-low-high-medium-modular-private_fragmented-776105-always_act-event_triggered,utility_restoration,medium,low,high,medium,modular,private_fragmented,event_triggered,776105,always_act,40,UTL-25-crew_dispatch,U05,dispatch_repair_crew,request_peer_evidence,send_targeted_summary,execute_autonomously,False,True,0.0,False,False,False,0.8845778935528783,0.08582416355337502,1.0,0.7227587702896772,0.0,1.0,0.1154221064471217,1.9593827098900631,0.6699999999999999,0.2,0.85,0.35,0.9229415495665187,0.9229415495665187,0.0,0.0,0.0,0.0,0.0,0.0,1.0,0.8,0.09256942591556594,0.0,1,4,0.023783538924680103,0.5246185886775012,0.8845778935528783,0.584566544812781,0.6379221114449836,0.5315227152922088,0.43841286262956725
v7-pilots_iteration3-utility_restoration-medium-low-high-medium-modular-private_fragmented-776105-always_act-event_triggered,utility_restoration,medium,low,high,medium,modular,private_fragmented,event_triggered,776105,always_act,40,UTL-26-cyber_defense,U06,no_operational_action,no_information_action,no_communication_action,execute_autonomously,False,False,0.0,False,False,False,0.6083339504475904,0.18695082081563508,0.0,0.0,0.0,1.0,0.3916660495524096,0.0979165123881024,0.6699999999999999,0.2,0.85,0.35,0.8966571680367587,0.920512828632116,0.022386412743828132,0.018868401123277923,0.015047842335666917,0.019573799991913776,0.007525175106186777,0.0,0.9776135872561719,0.3875,0.051669175057950545,0.01862025558892655,4,1,0.02607278110637745,0.2572335431521807,0.6083339504475904,0.49883885002958517,0.5458869803179336,0.333000259187988,0.2554360571018961
v7-pilots_iteration3-utility_restoration-medium-low-high-medium-modular-private_fragmented-776105-always_act-event_triggered,utility_restoration,medium,low,high,medium,modular,private_fragmented,event_triggered,776105,always_act,40,UTL-27-communications,U11,no_operational_action,request_peer_evidence,send_targeted_summary,execute_autonomously,False,False,0.0,False,False,False,0.6666074034001344,0.060455582318992285,0.0,0.0,0.0,1.0,0.3333925965998656,0.0833481491499664,0.6699999999999999,0.2,0.85,0.35,0.8727804716160954,0.8935886362407552,0.013920801676130967,0.013226959396766769,0.00916954798736569,0.01171831089965314,0.004953353493732826,0.025848269866309004,0.986079198323869,0.3875,0.03514362594117393,-0.00445871247309082,4,1,0.025134857094422203,0.27704651715604567,0.6666074034001344,0.504327201610661,0.5610311375472028,0.3967644796248461,0.2683785789806951
v7-pilots_iteration3-utility_restoration-medium-low-high-medium-modular-private_fragmented-776105-always_act-event_triggered,utility_restoration,medium,low,high,medium,modular,private_fragmented,event_triggered,776105,always_act,44,UTL-00-zone_operator,U08,isolate_component,request_peer_evidence,negotiate_commitment,execute_autonomously,True,False,0.0,False,False,False,0.6904070451194482,0.0038962242588694296,0.33767086319605494,0.28124899726638425,0.0,1.0,0.30959295488055183,0.5459996383476294,0.6699999999999999,0.2,0.85,0.35,0.899900424259844,0.909869540449559,0.0065853749606936685,0.005419961530861661,0.004690120540576936,0.005918169992652045,0.0024807743653411096,0.035802226173414234,0.9934146250393063,0.3666666666666667,0.04347649299034606,0.004368192026585449,5,1,0.05904244136452541,0.3526381546845446,0.6904070451194482,0.5103574490577114,0.5613177400006382,0.4177236760670912,0.31017343505548933
v7-pilots_iteration3-utility_restoration-medium-low-high-medium-modular-private_fragmented-776105-always_act-event_triggered,utility_restoration,medium,low,high,medium,modular,private_fragmented,event_triggered,776105,always_act,44,UTL-01-crew_dispatch,U13,no_operational_action,no_information_action,no_communication_action,execute_autonomously,False,False,0.0,False,False,False,0.5975723842700073,0.17442071703835066,0.07958550736479209,0.11539898567894852,0.0,1.0,0.40242761572999275,0.17367967721943287,0.6699999999999999,0.2,0.85,0.35,0.8806026351484925,0.8805698469688276,0.00017959976904213804,0.00017586359810684016,8.07699500147141e-05,0.00013077110104386946,2.3479603814546834e-05,0.0,0.9998204002309579,0.7916666666666666,0.0037082416543545715,-0.003932042269268354,2,4,0.0388036547201277,0.2812703672147502,0.5975723842700073,0.45943105217178504,0.5096166436303782,0.4093137347267364,0.2842330068803195
v7-pilots_iteration3-utility_restoration-medium-low-high-medium-modular-private_fragmented-776105-always_act-event_triggered,utility_restoration,medium,low,high,medium,modular,private_fragmented,event_triggered,776105,always_act,44,UTL-02-cyber_defense,U14,no_operational_action,no_information_action,no_communication_action,execute_autonomously,False,False,0.0,False,False,False,0.5865845381006012,0.18382513202063092,0.0,0.0,0.0,1.0,0.4134154618993989,0.10335386547484972,0.6699999999999999,0.2,0.85,0.35,0.8619398251453071,0.864207190182294,0.0021389592200532492,0.0015153688856374137,0.0019919310032591175,0.0022145933180558464,0.00128740016060791,0.0,0.9978610407799468,0.725,-0.045448635267687165,-0.011881503727188103,2,3,0.06559112798545153,0.2498387429542044,0.5865845381006012,0.4531133144346418,0.5036066966028254,0.3913655060022525,0.26054821164340847
v7-pilots_iteration3-utility_restoration-medium-low-high-medium-modular-private_fragmented-776105-always_act-event_triggered,utility_restoration,medium,low,high,medium,modular,private_fragmented,event_triggered,776105,always_act,44,UTL-03-communications,U15,no_operational_action,request_peer_evidence,send_targeted_summary,execute_autonomously,False,False,0.0,False,False,False,0.728526256411206,0.047398848215268546,0.20154754934112118,0.2922439465446257,0.0,1.0,0.271473743588794,0.4726289463883042,0.6699999999999999,0.2,0.85,0.35,0.9430233592196214,0.9574081864091367,0.02498053902370634,0.021635444046848473,0.015628735688415496,0.021148185915651152,0.007027829870521973,0.04428268883435038,0.9750194609762937,0.5666666666666667,0.04410505140197862,0.003534445688635146,3,2,0.02235277650434986,0.36823747435052023,0.728526256411206,0.5621390970025766,0.6124578116766781,0.48662404805425247,0.36955231329028027
v7-pilots_iteration3-utility_restoration-medium-low-high-medium-modular-private_fragmented-776105-always_act-event_triggered,utility_restoration,medium,low,high,medium,modular,private_fragmented,event_triggered,776105,always_act,44,UTL-04-resource_allocation,U12,no_operational_action,request_peer_evidence,send_targeted_summary,execute_autonomously,False,False,0.0,False,False,False,0.8182876572998855,0.12210295897511647,0.76246433814565,0.5348367120832193,0.0,1.0,0.18171234270011447,1.3686614001442208,0.6699999999999999,0.2,0.85,0.35,0.8889605165334734,0.9169062603398941,0.02488326262495577,0.02053988893296621,0.018474451258805535,0.02276359675734141,0.010037595402292987,0.04378342164777648,0.9751167373750442,0.2,-0.011802878945857964,0.0023063732408227233,5,0,0.03056475009321713,0.45697861438193366,0.8182876572998855,0.5843917597282606,0.6342865102810618,0.4502316169705721,0.3756386228100361
v7-pilots_iteration3-utility_restoration-medium-low-high-medium-modular-private_fragmented-776105-always_act-event_triggered,utility_restoration,medium,low,high,medium,modular,private_fragmented,event_triggered,776105,always_act,44,UTL-05-critical_load,U13,no_operational_action,request_peer_evidence,send_targeted_summary,execute_autonomously,False,False,0.0,False,False,False,0.6970050212688138,0.08075821532211186,0.0,0.0,0.0,1.0,0.3029949787311862,0.07574874468279655,0.6699999999999999,0.2,0.85,0.35,0.9263969340700322,0.9276323406315582,0.0023275825666296823,0.0020811108583691507,0.0013725286655145164,0.0019145323053185725,0.0005730608010037219,0.0,0.9976724174333703,0.6666666666666666,0.03875269935233583,-0.017858416802092436,3,3,0.036655671922540156,0.2873817072313968,0.6970050212688138,0.5136598576183151,0.5667132849810772,0.42607544226623517,0.28383946297539064
v7-pilots_iteration3-utility_restoration-medium-low-high-medium-modular-private_fragmented-776105-always_act-event_triggered,utility_restoration,medium,low,high,medium,modular,private_fragmented,event_triggered,776105,always_act,44,UTL-06-zone_operator,U14,no_operational_action,no_information_action,no_communication_action,execute_autonomously,False,False,0.0,False,False,False,0.8070493709109061,0.23001090368886795,0.0,0.0,0.0,1.0,0.19295062908909394,-0.05176234272772652,0.6699999999999999,0.2,0.85,0.35,0.8798785800160355,0.8952017293065515,0.013856660913738494,0.01003915447331083,0.012997938003943,0.014295413619132114,0.008783741820873492,0.0,0.9861433390862615,0.725,-0.04323470975243726,-0.0023744218259834637,2,3,0.05387342629176628,0.3247967861097081,0.8070493709109061,0.5621887186476052,0.6064607411839835,0.4839607357825806,0.33360281068724534
v7-pilots_iteration3-utility_restoration-medium-low-high-medium-modular-private_fragmented-776105-always_act-event_triggered,utility_restoration,medium,low,high,medium,modular,private_fragmented,event_triggered,776105,always_act,44,UTL-07-crew_dispatch,U11,no_operational_action,request_peer_evidence,send_targeted_summary,execute_autonomously,False,False,0.0,False,False,False,0.7554712691588656,0.015653846078212186,0.0,0.0,0.0,1.0,0.2445287308411343,-0.03886781728971643,0.6699999999999999,0.2,0.85,0.35,0.9362718159772767,0.935377589076743,0.011658293633385997,0.008452861626507047,0.011024980833393316,0.012057382832482477,0.007594218559418109,0.011750901838523453,0.988341706366614,0.3875,-0.04473733032646221,0.005442720919550337,4,1,0.05541901270758287,0.3072602315140144,0.7554712691588656,0.5525780727446058,0.6019013705763444,0.4126593038412792,0.2860964577019202
v7-pilots_iteration3-utility_restoration-medium-low-high-medium-modular-private_fragmented-776105-always_act-event_triggered,utility_restoration,medium,low,high,medium,modular,private_fragmented,event_triggered,776105,always_act,44,UTL-08-cyber_defense,U12,isolate_component,request_peer_evidence,send_targeted_summary,execute_autonomously,True,True,18.95421969146855,True,True,False,0.5092571157056295,0.35121831001229836,0.3440099429472075,0.11493598577009306,0.0,1.0,0.4907428842943705,0.6418902197227916,0.6699999999999999,0.2,0.85,0.35,0.8395063306642973,0.8896202823884027,0.03555045404241419,0.02602382029033945,0.033040411260566005,0.036358059229971595,0.023155808773952735,0.07098445478492144,0.9644495459575858,0.2,-0.04727671658206489,0.020267457718687654,5,0,0.01989755867575871,0.25113205592473636,0.5092571157056295,0.463350064607706,0.49670439312211756,0.361784359869445,0.284454847741877
v7-pilots_iteration3-utility_restoration-medium-low-high-medium-modular-private_fragmented-776105-always_act-event_triggered,utility_restoration,medium,low,high,medium,modular,private_fragmented,event_triggered,776105,always_act,44,UTL-09-communications,U13,reconfigure_service_edge,request_peer_evidence,negotiate_commitment,execute_autonomously,True,True,-0.010499999999999999,True,False,True,0.7568964293444622,0.018426005059598988,0.0,0.0,0.0,1.0,0.24310357065553773,-0.039224107336115574,0.6699999999999999,0.2,0.85,0.35,0.952403145911219,0.952712186323358,0.00716524699351806,0.005746849282887712,0.005524224646430098,0.006690397964130068,0.003110505642062056,0.0,0.9928347530064819,0.7916666666666666,0.08970449315352724,0.005712013350056999,2,4,0.03181800749565178,0.3077447859771172,0.7568964293444622,0.5508907040065149,0.6022809822220669,0.4762298336580075,0.32598448818134595
v7-pilots_iteration3-utility_restoration-medium-low-high-medium-modular-private_fragmented-776105-always_act-event_triggered,utility_restoration,medium,low,high,medium,modular,private_fragmented,event_triggered,776105,always_act,44,UTL-10-resource_allocation,U10,no_operational_action,request_peer_evidence,send_targeted_summary,execute_autonomously,False,False,0.0,False,False,False,0.6668975500881132,0.03574680289224669,0.6358618325607488,0.3719996572130857,0.0,1.0,0.33310244991188676,1.1503268328381921,0.6699999999999999,0.2,0.85,0.35,0.8661727464757313,0.8886134850385976,0.020900796206175243,0.01657029933207521,0.016710901983666537,0.019944660012152338,0.009304226421736006,0.0,0.9790992037938248,0.5666666666666667,-0.06273187934516677,0.0192035054373233,3,2,0.03681557726077911,0.36642508476109914,0.6668975500881132,0.5125633213428235,0.564213869269232,0.3934303043703409,0.3397747566713536
v7-pilots_iteration3-utility_restoration-medium-low-high-medium-modular-private_fragmented-776105-always_act-event_triggered,utility_restoration,medium,low,high,medium,modular,private_fragmented,event_triggered,776105,always_act,44,UTL-11-critical_load,U15,no_operational_action,no_information_action,no_communication_action,execute_autonomously,False,False,0.0,False,False,False,0.6464360919678165,0.15652388034383763,0.16586784057844584,0.24050836883874646,0.0,1.0,0.35356390803218357,0.5071755076567555,0.6699999999999999,0.2,0.85,0.35,0.9193847200054509,0.9266491031388996,0.007430887368012895,0.0053677126595816915,0.006639736076948233,0.007552261184665232,0.004002048660424418,0.023389974615523938,0.9925691126319871,0.5666666666666667,0.0038502217117771798,-0.0010376653585985052,3,2,0.0399024281600433,0.3279102797903568,0.6464360919678165,0.4988238591037074,0.5476816211713054,0.4203892533754126,0.30759502796291077
v7-pilots_iteration3-utility_restoration-medium-low-high-medium-modular-private_fragmented-776105-always_act-event_triggered,utility_restoration,medium,low,high,medium,modular,private_fragmented,event_triggered,776105,always_act,44,UTL-12-zone_operator,U12,isolate_component,request_peer_evidence,send_targeted_summary,execute_autonomously,True,False,0.0,False,False,False,0.5350110585647012,0.2710872115635867,0.15839546802262294,0.0,0.0,1.0,0.4649889414352988,0.26799161454517223,0.6699999999999999,0.2,0.85,0.35,0.8279411569544247,0.8619974738382011,0.023744686413926686,0.02051268574895615,0.018290167369873434,0.021603812793736243,0.012158066414151292,0.06549256057572639,0.9762553135860733,0.3875,-0.0802966851206639,0.005649725530043059,4,1,0.031703326304246215,0.23230375991199842,0.5350110585647012,0.45423227364398405,0.5011687473970032,0.40175333667227864,0.27432293341710323
v7-pilots_iteration3-utility_restoration-medium-low-high-medium-modular-private_fragmented-776105-always_act-event_triggered,utility_restoration,medium,low,high,medium,modular,private_fragmented,event_triggered,776105,always_act,44,UTL-13-crew_dispatch,U09,dispatch_repair_crew,request_peer_evidence,send_targeted_summary,execute_autonomously,False,True,0.0,False,False,False,0.7185785185857738,0.02382398310807826,0.9819509935006329,0.807162273909251,0.0,1.0,0.28142148141422624,1.5661780739615516,0.6699999999999999,0.2,0.85,0.35,0.9156948066152071,0.9199933278173992,0.004137167182495016,0.0033598640710771344,0.0029223501505446503,0.003742695894710768,0.0013780026832971304,0.0,0.995862832817505,0.5666666666666667,0.036141139905952135,-0.002671603048881921,3,2,0.05650610210821028,0.4884356420573833,0.7185785185857738,0.5221471431436043,0.5761445419512283,0.41513631113935834,0.3754295767610779
v7-pilots_iteration3-utility_restoration-medium-low-high-medium-modular-private_fragmented-776105-always_act-event_triggered,utility_restoration,medium,low,high,medium,modular,private_fragmented,event_triggered,776105,always_act,44,UTL-14-cyber_defense,U14,no_operational_action,request_peer_evidence,send_targeted_summary,execute_autonomously,False,False,0.0,False,False,False,0.6784806443732898,0.09613324193464032,0.30735587666978204,0.4456660211711839,0.0,1.0,0.32151935562671013,0.827093480190397,0.6699999999999999,0.2,0.85,0.35,0.9266921174297303,0.9329273898268141,0.008807010518852909,0.008181904580105925,0.004820290134403993,0.0069593065241631,0.0019484586821154615,0.0,0.9911929894811471,0.2,-0.005572329065222759,-0.022601058532826568,5,0,0.058923076686651865,0.3880432641680027,0.6784806443732898,0.5153951018331425,0.5676137300268718,0.3249618706367817,0.27697354581078026
v7-pilots_iteration3-utility_restoration-medium-low-high-medium-modular-private_fragmented-776105-always_act-event_triggered,utility_restoration,medium,low,high,medium,modular,private_fragmented,event_triggered,776105,always_act,44,UTL-15-communications,U15,no_operational_action,no_information_action,no_communication_action,execute_autonomously,False,False,0.0,False,False,False,0.6082335352611289,0.17295144685092412,0.059746041536093496,0.08663176022733557,0.0,1.0,0.3917664647388711,0.22887828481574296,0.6699999999999999,0.2,0.85,0.35,0.8869589037322395,0.9184705045424525,0.03385927009235945,0.025258477687186365,0.028379794421448,0.033281396605457814,0.016420376211868093,0.05442284122776324,0.9661407299076405,0.3875,0.004997856552121149,0.008066374745107852,4,1,0.013474045435696747,0.27799102444334434,0.6082335352611289,0.5124361181668147,0.5539702073578376,0.41568080347587427,0.30867677170472396
v7-pilots_iteration3-utility_restoration-medium-low-high-medium-modular-private_fragmented-776105-always_act-event_triggered,utility_restoration,medium,low,high,medium,modular,private_fragmented,event_triggered,776105,always_act,44,UTL-16-resource_allocation,U08,no_operational_action,request_peer_evidence,send_targeted_summary,execute_autonomously,False,False,0.0,False,False,False,0.741725260448348,0.03803490541529336,1.0,0.7412916652453205,0.0,1.0,0.25827473955165203,2.0676890476928684,0.6699999999999999,0.2,0.85,0.35,0.9196204292811722,0.9189941429633998,0.0037643451898937696,0.0025633528512527537,0.0039040619241793584,0.004102056230628981,0.002819670470105229,0.009831971208188683,0.9962356548101062,0.5208333333333333,-0.04332925760765083,0.0022391488393422865,4,2,0.06186347113532531,0.48049658821131525,0.741725260448348,0.5318652947654836,0.5838594629345775,0.43063587229141953,0.3770345879987721
v7-pilots_iteration3-utility_restoration-medium-low-high-medium-modular-private_fragmented-776105-always_act-event_triggered,utility_restoration,medium,low,high,medium,modular,private_fragmented,event_triggered,776105,always_act,44,UTL-17-critical_load,U13,no_operational_action,no_information_action,no_communication_action,execute_autonomously,False,False,0.0,False,False,False,0.5821971347539734,0.27975041612654783,0.0,0.0,0.0,1.0,0.41780286524602656,0.10445071631150664,0.6699999999999999,0.2,0.85,0.35,0.8955438901848566,0.89619420453051,0.0030028019867431865,0.0027786318585747427,0.0015805897681349101,0.002350348740681185,0.0005638876588474062,0.0,0.9969971980132568,0.6666666666666666,0.01520417584769751,-0.013324934377592856,3,3,0.03598045250242665,0.24834702581635096,0.5821971347539734,0.4609687492292439,0.508866787802168,0.37785612993000217,0.2522203253539733
v7-pilots_iteration3-utility_restoration-medium-low-high-medium-modular-private_fragmented-776105-always_act-event_triggered,utility_restoration,medium,low,high,medium,modular,private_fragmented,event_triggered,776105,always_act,44,UTL-18-zone_operator,U14,no_operational_action,no_information_action,no_communication_action,execute_autonomously,False,False,0.0,False,False,False,0.7736847384148945,0.17444605283820794,0.1679371957677862,0.24350893386329,0.0,1.0,0.22631526158510554,0.5396648717751303,0.6699999999999999,0.2,0.85,0.35,0.8601257779435278,0.8806839170278516,0.016547089828668038,0.013053683483111977,0.01371052178787191,0.015924539748205513,0.008571912261880588,0.0,0.983452910171332,0.2,-0.03943360266309437,-0.015956458449073785,5,0,0.051182997376836736,0.3718949551882538,0.7736847384148945,0.547671265611975,0.5973249147374542,0.3649475901342557,0.28733489201863716
v7-pilots_iteration3-utility_restoration-medium-low-high-medium-modular-private_fragmented-776105-always_act-event_triggered,utility_restoration,medium,low,high,medium,modular,private_fragmented,event_triggered,776105,always_act,44,UTL-19-crew_dispatch,U15,no_operational_action,request_peer_evidence,send_targeted_summary,execute_autonomously,False,False,0.0,False,False,False,0.8699758237940247,0.10898247812918163,0.0,0.0,0.0,1.0,0.13002417620597523,0.03250604405149381,0.6699999999999999,0.2,0.85,0.35,0.9288815018358143,0.9402852183136601,0.016016319124144696,0.011925530752949665,0.012911379045445037,0.01553099542515557,0.006933433953562718,0.04097305414197794,0.9839836808758553,0.5666666666666667,0.07626863793715466,0.0026522506450582517,3,2,0.0313169964039115,0.3461917800899684,0.8699758237940247,0.602633551750366,0.6488625842395311,0.5410022216226302,0.36391706858462625
v7-pilots_iteration3-utility_restoration-medium-low-high-medium-modular-private_fragmented-776105-always_act-event_triggered,utility_restoration,medium,low,high,medium,modular,private_fragmented,event_triggered,776105,always_act,44,UTL-20-cyber_defense,U12,isolate_component,request_peer_evidence,send_targeted_summary,execute_autonomously,True,True,-0.01559144395169935,True,False,True,0.4264811004780755,0.43167781778954584,0.16971479838997844,0.0,0.0,1.0,0.5735188995219245,0.32717935935738884,0.6699999999999999,0.2,0.85,0.35,0.7510967306391058,0.8092748728845044,0.03635813195679094,0.028567873695765744,0.032836429178982995,0.03588175581661712,0.026004965547745895,0.0,0.9636418680432091,0.5666666666666667,-0.13406736604863334,0.02992748834898218,3,2,0.01908988076138196,0.1954035741625457,0.4264811004780755,0.40926800759051396,0.4403756070875089,0.29245539553412503,0.2519530971263909
v7-pilots_iteration3-utility_restoration-medium-low-high-medium-modular-private_fragmented-776105-always_act-event_triggered,utility_restoration,medium,low,high,medium,modular,private_fragmented,event_triggered,776105,always_act,44,UTL-21-communications,U13,no_operational_action,request_peer_evidence,send_targeted_summary,execute_autonomously,False,False,0.0,False,False,False,0.7166127212559683,0.06437080926570793,0.0,0.0,0.0,1.0,0.28338727874403163,0.07084681968600791,0.6699999999999999,0.2,0.85,0.35,0.9547993873849625,0.9542665323942711,0.00795753202502103,0.006401071346299414,0.005636552952481333,0.007201656926654643,0.002753688379402597,0.0,0.992042467974979,0.6666666666666666,0.07836026598304457,0.001084547096375954,3,3,0.03102572246414881,0.2940483252270293,0.7166127212559683,0.5364854801836574,0.586445808992273,0.43431067626083997,0.29529412430408053
v7-pilots_iteration3-utility_restoration-medium-low-high-medium-modular-private_fragmented-776105-always_act-event_triggered,utility_restoration,medium,low,high,medium,modular,private_fragmented,event_triggered,776105,always_act,44,UTL-22-resource_allocation,U14,no_operational_action,request_peer_evidence,send_targeted_summary,execute_autonomously,False,False,0.0,False,False,False,0.6062868189240063,0.13981868889650362,0.31742686207967735,0.46026895001553214,0.0,1.0,0.3937131810759937,0.9440314657075616,0.6699999999999999,0.2,0.85,0.35,0.8555744425242069,0.8555744425242069,0.0,0.0,0.0,0.0,0.0,0.0,1.0,0.8,-0.06493543605617691,0.0,1,4,0.06773008720550477,0.3670020664378899,0.6062868189240063,0.45640833820065424,0.5097644430948626,0.4146404639480826,0.3289925833005857
v7-pilots_iteration3-utility_restoration-medium-low-high-medium-modular-private_fragmented-776105-always_act-event_triggered,utility_restoration,medium,low,high,medium,modular,private_fragmented,event_triggered,776105,always_act,44,UTL-23-critical_load,U11,no_operational_action,request_peer_evidence,send_targeted_summary,execute_autonomously,False,False,0.0,False,False,False,0.7780355896117772,0.1086091880581736,0.06675478015022378,0.09679443121782448,0.0,1.0,0.22196441038822284,0.21431633981672304,0.6699999999999999,0.2,0.85,0.35,0.9094371154282622,0.9193173280623911,0.006775245807370656,0.005684457318792413,0.005356004688754079,0.00630466151425968,0.003367011349233784,0.011750901838523453,0.9932247541926293,0.3875,0.07924023194690877,0.0005449219441817643,4,1,0.06030206053359821,0.3381627639602822,0.7780355896117772,0.5480588588320954,0.6009746745843525,0.42213631843150207,0.2951265322591067
v7-pilots_iteration3-utility_restoration-medium-low-high-medium-modular-private_fragmented-776105-always_act-event_triggered,utility_restoration,medium,low,high,medium,modular,private_fragmented,event_triggered,776105,always_act,44,UTL-24-zone_operator,U12,isolate_component,request_peer_evidence,send_targeted_summary,execute_autonomously,True,True,-0.0405,True,False,True,0.8097306697761675,0.17363888869975164,1.0,0.6908522745143654,0.0,1.0,0.19026933022383252,1.5371339111900828,0.6699999999999999,0.2,0.85,0.35,0.9052422787110621,0.9330910984547462,0.024792562259079665,0.020764888213101074,0.017515928508294754,0.02213865073397725,0.009187473162731719,0.04378342164777648,0.9752074377409203,0.2,0.017951045928646492,0.00249952629818595,5,0,0.030655450459093236,0.4915129736073447,0.8097306697761675,0.5849124247509441,0.6334488677072156,0.4466376822106106,0.3917402959368053
v7-pilots_iteration3-utility_restoration-medium-low-high-medium-modular-private_fragmented-776105-always_act-event_triggered,utility_restoration,medium,low,high,medium,modular,private_fragmented,event_triggered,776105,always_act,44,UTL-25-crew_dispatch,U13,no_operational_action,request_peer_evidence,send_targeted_summary,execute_autonomously,False,False,0.0,False,False,False,0.6031420369684708,0.13939772099066755,0.0,0.0,0.0,1.0,0.3968579630315292,0.0992144907578823,0.6699999999999999,0.2,0.85,0.35,0.855045913993048,0.865001243298314,0.00866143631213101,0.008212809986369862,0.004651791389934323,0.006768048231408752,0.001817455131669532,0.0,0.991338563687869,0.6666666666666666,-0.06587897992025071,0.0013180172802822465,3,3,0.03032181817703883,0.25546829256928005,0.6031420369684708,0.46714430412263375,0.5202279850740913,0.38665298886009103,0.26399589602565987
v7-pilots_iteration3-utility_restoration-medium-low-high-medium-modular-private_fragmented-776105-always_act-event_triggered,utility_restoration,medium,low,high,medium,modular,private_fragmented,event_triggered,776105,always_act,44,UTL-26-cyber_defense,U10,restore_communication_relay,no_information_action,no_communication_action,execute_autonomously,True,True,-0.0331765295590371,True,False,True,0.8650153226342461,0.18256185483532927,0.7558843186345701,0.5460322620201266,0.0,1.0,0.13498467736575395,1.4508318413273742,0.6699999999999999,0.2,0.85,0.35,0.8594401440953794,0.8811400509236373,0.017333942535161406,0.012923212033932763,0.014028232905692106,0.016831821461058105,0.0076094397303110295,0.017925401850042766,0.9826660574648386,0.35,-0.03795731075680908,0.00771501375946515,4,1,0.040382430931792945,0.47555295258047403,0.8650153226342461,0.5851336846267693,0.6317584549864741,0.46055304631844834,0.3884106446503849
v7-pilots_iteration3-utility_restoration-medium-low-high-medium-modular-private_fragmented-776105-always_act-event_triggered,utility_restoration,medium,low,high,medium,modular,private_fragmented,event_triggered,776105,always_act,44,UTL-27-communications,U15,no_operational_action,request_peer_evidence,send_targeted_summary,execute_autonomously,False,False,0.0,False,False,False,0.6728153020864945,0.06451383909074715,0.0,0.0,0.0,1.0,0.32718469791350546,0.08179617447837637,0.6699999999999999,0.2,0.85,0.35,0.9182347205756564,0.9271914607256239,0.018661211594489746,0.014476133514866096,0.014795475443680095,0.017765638677452733,0.008332876859547644,0.03219652196698999,0.9813387884055103,0.2,-0.008058840097599274,0.006529556070499654,5,0,0.02867210393356645,0.27915720270940814,0.6728153020864945,0.5248104972107975,0.5719116764253439,0.37152114026615246,0.2601987699882159
v7-pilots_iteration3-utility_restoration-medium-low-high-medium-modular-private_fragmented-776105-always_act-event_triggered,utility_restoration,medium,low,high,medium,modular,private_fragmented,event_triggered,776105,always_act,48,UTL-00-zone_operator,U00,no_operational_action,no_information_action,no_communication_action,execute_autonomously,False,False,0.0,False,False,False,0.559381362985625,0.2855751503801036,0.0,0.0,0.0,1.0,0.440618637014375,0.01015465925359374,0.6699999999999999,0.2,0.85,0.35,0.8646831801737958,0.8691715853884253,0.0031922449509746986,0.002390242000331555,0.002899492386374325,0.0032215052692528,0.001983511710036856,0.11648421691611871,0.9968077550490253,0.2,-0.014803624270462001,-0.02587907352962726,5,0,0.03674009822425495,0.2405896634151125,0.559381362985625,0.44439248316906355,0.49217623470189775,0.451996182166463,0.2704014410517826
v7-pilots_iteration3-utility_restoration-medium-low-high-medium-modular-private_fragmented-776105-always_act-event_triggered,utility_restoration,medium,low,high,medium,modular,private_fragmented,event_triggered,776105,always_act,48,UTL-01-crew_dispatch,U05,no_operational_action,request_peer_evidence,send_targeted_summary,execute_autonomously,False,False,0.0,False,False,False,0.8327127761463372,0.04188393380050309,0.41269803959633944,0.37123881439282225,0.0,1.0,0.16728722385366282,0.6444182766867725,0.6699999999999999,0.2,0.85,0.35,0.9208487244902751,0.9216227826073883,0.0010058078606310916,0.0009165133772619516,0.00058348246135842,0.0008166265270530548,0.0002490291175779591,0.0,0.9989941921393689,0.5666666666666667,-0.0038101314893271843,-0.0009204848454741343,3,2,0.036891022927662775,0.422619659344032,0.8327127761463372,0.5647054225859872,0.6188254217158056,0.46307269931479494,0.35224326416029117
v7-pilots_iteration3-utility_restoration-medium-low-high-medium-modular-private_fragmented-776105-always_act-event_triggered,utility_restoration,medium,low,high,medium,modular,private_fragmented,event_triggered,776105,always_act,48,UTL-02-cyber_defense,U02,no_operational_action,no_information_action,no_communication_action,execute_autonomously,False,False,0.0,False,False,False,0.8236430536049454,0.19479627715779657,0.7926286744339633,0.5743115779292468,0.0,1.0,0.17635694639505461,1.574267510557235,0.6699999999999999,0.2,0.85,0.35,0.9193400991421367,0.9247328626265101,0.00937618043355759,0.0078640946146451,0.005985010964654425,0.008081329377608193,0.0025814533841312937,0.03790128189120412,0.9906238195664424,0.3666666666666667,-0.003867386444637688,-0.020234687776248483,5,1,0.023554671310484165,0.4682734169287006,0.8236430536049454,0.572418898834493,0.6210259218521978,0.47687336432204064,0.3829510905163993
v7-pilots_iteration3-utility_restoration-medium-low-high-medium-modular-private_fragmented-776105-always_act-event_triggered,utility_restoration,medium,low,high,medium,modular,private_fragmented,event_triggered,776105,always_act,48,UTL-03-communications,U03,restore_communication_relay,request_peer_evidence,negotiate_commitment,execute_autonomously,True,True,-0.01669170579320986,True,False,True,0.8023244450378579,0.004652718264405137,0.20639019310699536,0.2742657800051433,0.0,1.0,0.1976755549621421,0.4431529764513853,0.6699999999999999,0.2,0.85,0.35,0.9887194956310901,0.9891142766816894,0.01953859724010265,0.013665876446521619,0.01895593731908185,0.02059870444837464,0.013014103657910003,0.05752754540043514,0.9804614027598973,0.5666666666666667,0.05733985378969597,0.0054305996752304075,3,2,0.014293075567089475,0.3890140985141062,0.8023244450378579,0.5954636880590595,0.6390396659464874,0.5377514692578951,0.3964286864484287
v7-pilots_iteration3-utility_restoration-medium-low-high-medium-modular-private_fragmented-776105-always_act-event_triggered,utility_restoration,medium,low,high,medium,modular,private_fragmented,event_triggered,776105,always_act,48,UTL-04-resource_allocation,U04,no_operational_action,request_peer_evidence,send_targeted_summary,execute_autonomously,False,False,0.0,False,False,False,0.6704541122688306,0.09406130636592291,0.0,0.0,0.0,1.0,0.3295458877311695,-0.01761352806720763,0.6699999999999999,0.2,0.85,0.35,0.9054909716362691,0.9274139790315942,0.012816035355916244,0.010045691078858776,0.010302629048855927,0.012257785111172592,0.005836165564035989,0.022783049226420715,0.9871839646440838,0.19,0.02803548477158624,0.006911434331995814,5,0,0.0515446729771335,0.2783543981714024,0.6704541122688306,0.5124968373148823,0.5634585036701891,0.3542209619770683,0.24639748508463524
v7-pilots_iteration3-utility_restoration-medium-low-high-medium-modular-private_fragmented-776105-always_act-event_triggered,utility_restoration,medium,low,high,medium,modular,private_fragmented,event_triggered,776105,always_act,48,UTL-05-critical_load,U01,no_operational_action,no_information_action,no_communication_action,execute_autonomously,False,False,0.0,False,False,False,0.8698567441904155,0.15530534351178404,0.13236469831748862,0.19192881256035849,0.0,1.0,0.13014325580958447,0.397601949303918,0.6699999999999999,0.2,0.85,0.35,0.8904722879326812,0.9146698964388421,0.025681727776048158,0.02063788549207246,0.019058341490908348,0.023634839028507604,0.010171185892194123,0.0,0.9743182722239518,0.725,-0.05670143659203475,0.020168537441775714,2,3,0.04235586954943993,0.39221420803922735,0.8698567441904155,0.6065151885458039,0.6521346986376475,0.5103398325599745,0.400240883301177
v7-pilots_iteration3-utility_restoration-medium-low-high-medium-modular-private_fragmented-776105-always_act-event_triggered,utility_restoration,medium,low,high,medium,modular,private_fragmented,event_triggered,776105,always_act,48,UTL-06-zone_operator,U02,isolate_component,request_peer_evidence,negotiate_commitment,execute_autonomously,True,True,-0.032715858623606556,True,False,True,0.7461200818488347,0.06549163561831484,0.7405286207868852,0.4987665001409835,0.0,1.0,0.2538799181511653,1.1494095550261885,0.6699999999999999,0.2,0.85,0.35,0.8558161575996771,0.8791930691253557,0.014917053812562364,0.014135414262340551,0.008167616629734198,0.011733564606120628,0.003331545393948754,0.04019292492380666,0.9850829461874376,0.5208333333333333,-0.015950109295150172,-0.004850332894623555,4,2,0.01801379793147939,0.4237847878624399,0.7461200818488347,0.5332859474770405,0.5911351295478184,0.4786303469273634,0.37849985819145976
v7-pilots_iteration3-utility_restoration-medium-low-high-medium-modular-private_fragmented-776105-always_act-event_triggered,utility_restoration,medium,low,high,medium,modular,private_fragmented,event_triggered,776105,always_act,48,UTL-07-crew_dispatch,U03,no_operational_action,request_peer_evidence,send_targeted_summary,execute_autonomously,False,False,0.0,False,False,False,0.793099367929561,0.09384703027906338,0.0,0.0,0.0,1.0,0.2069006320704389,-0.04827484198239028,0.6699999999999999,0.2,0.85,0.35,0.9445747295333219,0.9445747295333219,0.0,0.0,0.0,0.0,0.0,0.0,1.0,0.8,0.025642607487720293,0.0,1,4,0.033831672807192126,0.32005378509605076,0.793099367929561,0.553383429555155,0.6049855678261069,0.49310173453041567,0.32606782302027715
v7-pilots_iteration3-utility_restoration-medium-low-high-medium-modular-private_fragmented-776105-always_act-event_triggered,utility_restoration,medium,low,high,medium,modular,private_fragmented,event_triggered,776105,always_act,48,UTL-08-cyber_defense,U00,no_operational_action,request_peer_evidence,send_targeted_summary,execute_autonomously,False,False,0.0,False,False,False,0.7419798811490123,0.012139375907808225,0.06805704077521156,0.06534937579072343,0.0,1.0,0.25802011885098775,0.20808674401036556,0.6699999999999999,0.2,0.85,0.35,0.9166219575559539,0.9201466091333437,0.00979689725145183,0.009259818891148686,0.005911413921374398,0.00799987248254408,0.0027903294168573067,0.06078089697229768,0.9902031027485482,0.2,-0.03371137835717253,-0.01191847298450166,5,0,0.030135445923777815,0.3183570097804379,0.7419798811490123,0.539663098000626,0.5959278448530603,0.4440185134804776,0.2944172175529397
v7-pilots_iteration3-utility_restoration-medium-low-high-medium-modular-private_fragmented-776105-always_act-event_triggered,utility_restoration,medium,low,high,medium,modular,private_fragmented,event_triggered,776105,always_act,48,UTL-09-communications,U01,no_operational_action,request_peer_evidence,send_targeted_summary,execute_autonomously,False,False,0.0,False,False,False,0.7260391173840142,0.03428001317457463,0.0,0.0,0.0,1.0,0.2739608826159859,-0.03150977934600353,0.6699999999999999,0.2,0.85,0.35,0.9087421125387224,0.9221461655662707,0.016495302437487425,0.01376758187852456,0.011750286144093902,0.01481032763766621,0.006096121824564982,0.0,0.9835046975625126,0.5666666666666667,-0.04694960804777171,-0.008190162429058345,3,2,0.05154229488800066,0.2972532999105648,0.7260391173840142,0.5406945985007687,0.5915101233108565,0.4182697626346193,0.29180921562792655
v7-pilots_iteration3-utility_restoration-medium-low-high-medium-modular-private_fragmented-776105-always_act-event_triggered,utility_restoration,medium,low,high,medium,modular,private_fragmented,event_triggered,776105,always_act,48,UTL-10-resource_allocation,U02,no_operational_action,request_peer_evidence,send_targeted_summary,execute_autonomously,False,False,0.0,False,False,False,0.7641802692676091,0.013339114334240704,0.7256911382022809,0.4772521503933073,0.0,1.0,0.23581973073239096,1.347747392695592,0.6699999999999999,0.2,0.85,0.35,0.9548664670588098,0.955625803191638,0.0014646995737871427,0.0011619504125520708,0.0011125665516645844,0.0013648399010453005,0.0005995445527283705,0.0,0.9985353004262129,0.5208333333333333,0.1233217945692685,-0.012796276832194753,4,2,0.03146615217025461,0.42476180764538085,0.7641802692676091,0.5464393038750481,0.5986512725877076,0.4251223797590624,0.3402830815265758
v7-pilots_iteration3-utility_restoration-medium-low-high-medium-modular-private_fragmented-776105-always_act-event_triggered,utility_restoration,medium,low,high,medium,modular,private_fragmented,event_triggered,776105,always_act,48,UTL-11-critical_load,U07,no_operational_action,no_information_action,no_communication_action,execute_autonomously,False,False,0.0,False,False,False,0.5953659696971606,0.21874054239576998,0.366554207102862,0.46483693363248324,0.0,1.0,0.4046340303028394,0.951679332100189,0.6699999999999999,0.2,0.85,0.35,0.8826588919894502,0.8833869389275247,0.0006434058281170607,0.0004571445832850518,0.000603355592155852,0.0006668785994926596,0.00039959356979391014,0.019114763092697662,0.9993565941718829,0.7916666666666666,0.014979747410669764,-0.014010052201405276,2,4,0.05095687241819791,0.36438529376883055,0.5953659696971606,0.45971187903559074,0.510183983014262,0.43744148050704124,0.33992085298825614
v7-pilots_iteration3-utility_restoration-medium-low-high-medium-modular-private_fragmented-776105-always_act-event_triggered,utility_restoration,medium,low,high,medium,modular,private_fragmented,event_triggered,776105,always_act,48,UTL-12-zone_operator,U00,no_operational_action,no_information_action,no_communication_action,execute_autonomously,False,False,0.0,False,False,False,0.6215125558387469,0.23416743667886974,0.2842346539105788,0.37880691483700585,0.0,1.0,0.37848744416125313,0.8268521269779561,0.6699999999999999,0.2,0.85,0.35,0.9237078390616117,0.9258407480505045,0.002159783251222014,0.0015018664312634877,0.0020451195940565103,0.0022636749931164157,0.0013029724657791508,0.060282373090076946,0.997840216748778,0.3875,0.0470178315996751,-0.022064250978159894,4,1,0.03777255992400763,0.3526279285460554,0.6215125558387469,0.48255567865261245,0.5307568924347315,0.43016448054919065,0.3157802555967338
v7-pilots_iteration3-utility_restoration-medium-low-high-medium-modular-private_fragmented-776105-always_act-event_triggered,utility_restoration,medium,low,high,medium,modular,private_fragmented,event_triggered,776105,always_act,48,UTL-13-crew_dispatch,U01,no_operational_action,no_information_action,no_communication_action,execute_autonomously,False,False,0.0,False,False,False,0.7898562668698987,0.1627413099266402,0.0,0.0,0.0,1.0,0.21014373313010132,0.05253593328252533,0.6699999999999999,0.2,0.85,0.35,0.9015357179647246,0.920673003017451,0.014759813841816793,0.01117603339028217,0.012137868036495858,0.014332142065269782,0.007034539622591374,0.0,0.9852401861581832,0.5666666666666667,0.016374069780212497,-0.006963451367352547,3,2,0.05327778348367129,0.31895113073576564,0.7898562668698987,0.5619901756176842,0.60930510130916,0.4450729654186908,0.30852340682977114
v7-pilots_iteration3-utility_restoration-medium-low-high-medium-modular-private_fragmented-776105-always_act-event_triggered,utility_restoration,medium,low,high,medium,modular,private_fragmented,event_triggered,776105,always_act,48,UTL-14-cyber_defense,U06,no_operational_action,no_information_action,no_communication_action,execute_autonomously,False,False,0.0,False,False,False,0.5749986812709824,0.23845517071706643,0.0,0.0,0.0,1.0,0.4250013187290176,0.1062503296822544,0.6699999999999999,0.2,0.85,0.35,0.8723099155307541,0.879320788946778,0.00548376967380293,0.004715588881039068,0.0038723600849782658,0.004843505763567069,0.0022278626555555237,0.0,0.9945162303261971,0.3875,-0.04814868406532735,0.005229700102671764,4,1,0.027926825453154946,0.24589955163213403,0.5749986812709824,0.4557542289344056,0.5046806037177902,0.3189994461338126,0.22050214267071602
v7-pilots_iteration3-utility_restoration-medium-low-high-medium-modular-private_fragmented-776105-always_act-event_triggered,utility_restoration,medium,low,high,medium,modular,private_fragmented,event_triggered,776105,always_act,48,UTL-15-communications,U03,reconfigure_service_edge,request_peer_evidence,send_targeted_summary,execute_autonomously,True,True,6.522874243892142,True,True,False,0.7038421371687265,0.06989429607623199,0.18712448900965342,0.24633050906399745,0.0,1.0,0.2961578628312736,0.4593547514881083,0.6699999999999999,0.2,0.85,0.35,0.9373775896448979,0.9426042672101038,0.02041270773580206,0.015515465955058039,0.018345108704960755,0.020449633677455226,0.012494638234168742,0.03826098316212079,0.9795872922641979,0.5666666666666667,-0.005425008274171694,0.0024953148526370983,3,2,0.013418965071390065,0.3488256488127264,0.7038421371687265,0.544459043108838,0.5919119964351277,0.467103725350622,0.34965440068075715
v7-pilots_iteration3-utility_restoration-medium-low-high-medium-modular-private_fragmented-776105-always_act-event_triggered,utility_restoration,medium,low,high,medium,modular,private_fragmented,event_triggered,776105,always_act,48,UTL-16-resource_allocation,U00,no_operational_action,request_peer_evidence,send_targeted_summary,execute_autonomously,False,False,0.0,False,False,False,0.6775338188384065,0.016716450846324393,0.0,0.0,0.0,1.0,0.32246618116159353,0.08061654529039838,0.6699999999999999,0.2,0.85,0.35,0.891265403355477,0.8948745656105775,0.00303990684127875,0.002284812984836404,0.002452151792418089,0.0029416334581428005,0.0013292950867360709,0.0,0.9969600931587213,0.5666666666666667,-0.0727206848976083,-0.009981966726740121,3,2,0.036892436333950895,0.28076149840505826,0.6775338188384065,0.4980857479520221,0.5500898679398681,0.39789753724546406,0.26617756340464266
v7-pilots_iteration3-utility_restoration-medium-low-high-medium-modular-private_fragmented-776105-always_act-event_triggered,utility_restoration,medium,low,high,medium,modular,private_fragmented,event_triggered,776105,always_act,48,UTL-17-critical_load,U05,no_operational_action,request_peer_evidence,send_targeted_summary,execute_autonomously,False,False,0.0,False,False,False,0.8001535064164649,0.13147195164026865,0.12432860535189261,0.1270257230510985,0.0,1.0,0.19984649358353507,0.3536500038343789,0.6699999999999999,0.2,0.85,0.35,0.9284395145474434,0.9284395145474434,0.0,0.0,0.0,0.0,0.0,0.0,1.0,0.8,-0.009244793402499507,0.0,1,4,0.03789683078829387,0.3529383657138617,0.8001535064164649,0.5521712812034468,0.6042048313102696,0.49606447269491527,0.343286068562742
v7-pilots_iteration3-utility_restoration-medium-low-high-medium-modular-private_fragmented-776105-always_act-event_triggered,utility_restoration,medium,low,high,medium,modular,private_fragmented,event_triggered,776105,always_act,48,UTL-18-zone_operator,U02,isolate_component,no_information_action,no_communication_action,execute_autonomously,True,True,-0.028574949202965785,True,False,True,0.7719826092427937,0.146871489999475,0.6024983067655263,0.298622544810013,0.0,1.0,0.2280173907572063,1.0084793372664331,0.6699999999999999,0.2,0.85,0.35,0.9010925422504826,0.9105931885653478,0.007588203840294128,0.006627487897559625,0.004776319345400015,0.0064041537679626614,0.0023105735162449736,0.015060273513517575,0.9924117961597059,0.3666666666666667,-0.010902788571737099,-0.01413114773833124,5,1,0.025342647903747628,0.38454349789695297,0.7719826092427937,0.54468966463615,0.5946644609597724,0.4204576449558534,0.31724706281870396
v7-pilots_iteration3-utility_restoration-medium-low-high-medium-modular-private_fragmented-776105-always_act-event_triggered,utility_restoration,medium,low,high,medium,modular,private_fragmented,event_triggered,776105,always_act,48,UTL-19-crew_dispatch,U03,no_operational_action,request_peer_evidence,send_targeted_summary,execute_autonomously,False,False,0.0,False,False,False,0.7096916709221042,0.002085696189434272,0.20646324417071846,0.27437170404754174,0.0,1.0,0.29030832907789583,0.6629673085407448,0.6699999999999999,0.2,0.85,0.35,0.8928724182380754,0.9020313801713274,0.006845505533957574,0.005383437221074705,0.005089987469251267,0.006355555474864771,0.002545199728695824,0.019027227046650275,0.9931544944660424,0.5666666666666667,0.07230211782752949,-0.054024363855693536,3,2,0.02698616727323455,0.3575443770849255,0.7096916709221042,0.5166784806759012,0.5706414172006014,0.4403252202315255,0.3253305719885839
v7-pilots_iteration3-utility_restoration-medium-low-high-medium-modular-private_fragmented-776105-always_act-event_triggered,utility_restoration,medium,low,high,medium,modular,private_fragmented,event_triggered,776105,always_act,48,UTL-20-cyber_defense,U04,no_operational_action,request_peer_evidence,send_targeted_summary,execute_autonomously,False,False,0.0,False,False,False,0.6772647643340396,0.1168302582700883,0.0,0.0,0.0,1.0,0.3227352356659604,0.0806838089164901,0.6699999999999999,0.2,0.85,0.35,0.9402670402165267,0.94021170357055,0.00020356047208613948,0.00017146697580994186,0.00015608740946870814,0.00018600554296488436,0.00010252074418282131,0.0,0.9997964395279139,0.5666666666666667,0.04087788650138502,-0.0013811006967515693,3,2,0.0641571478609636,0.28067001987357354,0.6772647643340396,0.5062576504486681,0.557260807490693,0.39778453435363,0.2634882298757385
v7-pilots_iteration3-utility_restoration-medium-low-high-medium-modular-private_fragmented-776105-always_act-event_triggered,utility_restoration,medium,low,high,medium,modular,private_fragmented,event_triggered,776105,always_act,48,UTL-21-communications,U01,reconfigure_service_edge,no_information_action,no_communication_action,execute_autonomously,True,True,8.157728428711385,True,True,False,0.520777559665603,0.32226290581004535,0.1835514830522809,0.2661496504258073,0.0,1.0,0.479222440334397,0.6755175582032086,0.6699999999999999,0.2,0.85,0.35,0.844206945366926,0.8466193961662503,0.001947984165662331,0.00140891437927404,0.001832676873101291,0.0020062866707862836,0.0013005763272347926,0.0,0.9980520158343377,0.5666666666666667,-0.07521514521236927,-0.009774435492229894,3,2,0.06608961315982576,0.29134028638849885,0.520777559665603,0.42208993803989997,0.46679427698251796,0.33205990839288657,0.25330307810643865
v7-pilots_iteration3-utility_restoration-medium-low-high-medium-modular-private_fragmented-776105-always_act-event_triggered,utility_restoration,medium,low,high,medium,modular,private_fragmented,event_triggered,776105,always_act,48,UTL-22-resource_allocation,U02,no_operational_action,request_peer_evidence,send_targeted_summary,execute_autonomously,False,False,0.0,False,False,False,0.7946187355839797,0.07894746540382447,0.5775921152122991,0.2625085670578337,0.0,1.0,0.20538126441602034,0.9629625754322836,0.6699999999999999,0.2,0.85,0.35,0.9522304986573529,0.9494220747367682,0.009090242394519943,0.006819000628056848,0.008150915464909647,0.009113955509870708,0.0055804452505496815,0.04019292492380666,0.9909097576054801,0.5208333333333333,0.006978347553522002,0.003937041035528832,4,2,0.023840609349521813,0.38357242619243326,0.7946187355839797,0.568631458250258,0.6178253415730639,0.49899978149612423,0.36275396536610666
v7-pilots_iteration3-utility_restoration-medium-low-high-medium-modular-private_fragmented-776105-always_act-event_triggered,utility_restoration,medium,low,high,medium,modular,private_fragmented,event_triggered,776105,always_act,48,UTL-23-critical_load,U03,no_operational_action,no_information_action,no_communication_action,execute_autonomously,False,False,0.0,False,False,False,0.7999384276797077,0.1897573909934324,0.12126426195698409,0.1508331798376269,0.0,1.0,0.20006157232029229,0.31487477625462484,0.6699999999999999,0.2,0.85,0.35,0.8892864899116494,0.9028812013818468,0.012175458417559848,0.009292826506477003,0.010837315279126791,0.012157631379179024,0.007155493752326603,0.043852799315358126,0.9878245415824402,0.2,-0.003953357424137494,-0.04088301044004017,5,0,0.021656214389632278,0.3585790285721311,0.7999384276797077,0.5593426353343792,0.6075996050811494,0.44263039458482156,0.3115967581782971
v7-pilots_iteration3-utility_restoration-medium-low-high-medium-modular-private_fragmented-776105-always_act-event_triggered,utility_restoration,medium,low,high,medium,modular,private_fragmented,event_triggered,776105,always_act,48,UTL-24-zone_operator,U00,no_operational_action,request_peer_evidence,send_targeted_summary,execute_autonomously,False,False,0.0,False,False,False,0.720983276403742,0.05235820599096569,0.19131391112600302,0.24407183779937103,0.0,1.0,0.27901672359625795,0.45504797866938085,0.6699999999999999,0.2,0.85,0.35,0.9531601720176704,0.9605838232317989,0.016949392637929384,0.013882670348243309,0.01141757809330246,0.014996651973272934,0.005195853012549434,0.037230461672115654,0.9830506073620706,0.3875,0.046267304734228465,-0.02338363137957722,4,1,0.022982950537300262,0.3541115550491214,0.720983276403742,0.5504125032590156,0.5990940328679317,0.43690327783118743,0.3235777366474792
v7-pilots_iteration3-utility_restoration-medium-low-high-medium-modular-private_fragmented-776105-always_act-event_triggered,utility_restoration,medium,low,high,medium,modular,private_fragmented,event_triggered,776105,always_act,48,UTL-25-crew_dispatch,U01,no_operational_action,request_peer_evidence,send_targeted_summary,execute_autonomously,False,False,0.0,False,False,False,0.7509153516051739,0.12969476511488007,0.024372500028723147,0.03534012504164856,0.0,1.0,0.24908464839482616,0.13042209546284997,0.6699999999999999,0.2,0.85,0.35,0.8846798334441485,0.8863248804840411,0.001568614393387957,0.0012767245346503309,0.0011049064591133195,0.0014105233054966249,0.0005533574890851378,0.0,0.998431385606612,0.725,-0.024552484181229017,-0.004883220625804485,2,3,0.06646898293210013,0.31419284955575477,0.7509153516051739,0.5237321591538499,0.5749523999773711,0.46038444767417297,0.31014822345366144
v7-pilots_iteration3-utility_restoration-medium-low-high-medium-modular-private_fragmented-776105-always_act-event_triggered,utility_restoration,medium,low,high,medium,modular,private_fragmented,event_triggered,776105,always_act,48,UTL-26-cyber_defense,U02,no_operational_action,request_peer_evidence,send_targeted_summary,execute_autonomously,False,False,0.0,False,False,False,0.7774141378725554,0.09844372756805575,0.8712767583221173,0.68835129956707,0.0,1.0,0.22258586212744463,1.7656481292241801,0.6699999999999999,0.2,0.85,0.35,0.9348612159961901,0.9366701651785496,0.007398060713172616,0.006078565188379681,0.005028905949932327,0.006564495644522439,0.0023182235895230496,0.015448426251795877,0.9926019392868274,0.20833333333333334,-0.027359491955256,-0.014119566026043584,6,0,0.02553279103086914,0.47992511877276567,0.7774141378725554,0.5550382441465114,0.6052814841222619,0.3916622124758697,0.34514906052800526
v7-pilots_iteration3-utility_restoration-medium-low-high-medium-modular-private_fragmented-776105-always_act-event_triggered,utility_restoration,medium,low,high,medium,modular,private_fragmented,event_triggered,776105,always_act,48,UTL-27-communications,U07,restore_communication_relay,request_peer_evidence,send_targeted_summary,execute_autonomously,True,True,-0.015901910630417695,True,False,True,0.6969518279531624,0.07058014870014628,0.18006368768058986,0.19442568047018863,0.0,1.0,0.3030481720468376,0.5067473619416742,0.6699999999999999,0.2,0.85,0.35,0.9274505005645545,0.9391833631158618,0.018580156088781496,0.015522220130828157,0.013284481918742541,0.016703161396536936,0.006923469602679311,0.054825356583495855,0.9814198439112185,0.6666666666666666,0.031172079506012973,0.01707272049243047,3,3,0.03302012215753347,0.33402578481692047,0.6969518279531624,0.5366555748466977,0.5873891699862681,0.5093876430805752,0.3754262237103531
v7-pilots_iteration3-utility_restoration-medium-low-high-medium-modular-private_fragmented-776105-always_act-event_triggered,utility_restoration,medium,low,high,medium,modular,private_fragmented,event_triggered,776105,always_act,52,UTL-00-zone_operator,U04,no_operational_action,no_information_action,no_communication_action,execute_autonomously,False,False,0.0,False,False,False,0.8546021861313013,0.29736124427174493,0.09281395872122315,0.13458024014577358,0.0,1.0,0.14539781386869863,0.14365259904951203,0.6699999999999999,0.2,0.85,0.35,0.8702527368150106,0.8705564661479315,0.00032250523834542744,0.0002304873508204297,0.00032096167000228437,0.0003415492969282008,0.00023355704558625234,0.08701494535889465,0.9996774947616546,0.2,-0.08959069610904902,-0.000887143306294913,5,0,0.07141844891132643,0.3732640009196282,0.8546021861313013,0.5598555659899568,0.6073735082489015,0.5311956351206665,0.34503952598834214
v7-pilots_iteration3-utility_restoration-medium-low-high-medium-modular-private_fragmented-776105-always_act-event_triggered,utility_restoration,medium,low,high,medium,modular,private_fragmented,event_triggered,776105,always_act,52,UTL-01-crew_dispatch,U09,dispatch_repair_crew,request_peer_evidence,negotiate_commitment,execute_autonomously,False,False,0.0,False,False,False,0.7567611872959761,0.016518839825032217,0.44287365326680367,0.025500130570198676,0.0,1.0,0.24323881270402398,0.3948881384849716,0.6699999999999999,0.2,0.85,0.35,0.9417819477481699,0.9415629156121892,0.0003845418406740464,0.000288875863427851,0.00033185234444133016,0.0003818949562747198,0.00019870161164214917,0.0,0.999615458159326,0.3875,0.029511276042886836,-0.011076067331782236,4,1,0.05214874042683182,0.31381883501747965,0.7567611872959761,0.5386883204323766,0.5913776837844613,0.39533969866430996,0.26569070260119276
v7-pilots_iteration3-utility_restoration-medium-low-high-medium-modular-private_fragmented-776105-always_act-event_triggered,utility_restoration,medium,low,high,medium,modular,private_fragmented,event_triggered,776105,always_act,52,UTL-02-cyber_defense,U10,isolate_component,request_peer_evidence,send_targeted_summary,execute_autonomously,True,False,0.0,False,False,False,0.8473799217044254,0.008682327151663505,0.6742288138282799,0.4276317800510059,0.0,1.0,0.15262007829557453,1.2682355299597925,0.6699999999999999,0.2,0.85,0.35,0.9104297955985521,0.9106311916953878,0.00014287257070277892,0.00011881048749307066,9.774446077603915e-05,0.00012651623729775796,4.699172020372622e-05,0.0,0.9998571274292972,0.5666666666666667,0.019025689729686546,-0.0007002400673786768,3,2,0.05391906882927844,0.4411408005917461,0.8473799217044254,0.5667594391803921,0.6196706589807602,0.469232900449192,0.36237586637723335
v7-pilots_iteration3-utility_restoration-medium-low-high-medium-modular-private_fragmented-776105-always_act-event_triggered,utility_restoration,medium,low,high,medium,modular,private_fragmented,event_triggered,776105,always_act,52,UTL-03-communications,U07,no_operational_action,request_peer_evidence,send_targeted_summary,execute_autonomously,False,False,0.0,False,False,False,0.7421428465114216,0.017636451856724356,0.28277262439616196,0.34335363870776814,0.0,1.0,0.2578571534885784,0.6109016069720304,0.6699999999999999,0.2,0.85,0.35,0.9309031984242093,0.9438344634260531,0.017114756542046305,0.014255341468713656,0.011172590261789184,0.014905793716121885,0.004906757424504082,0.052137071918696654,0.9828852434579537,0.6666666666666666,-0.02257738898366879,0.010447078122686637,3,3,0.026852158653023372,0.3851334411037477,0.7421428465114216,0.5535435973694858,0.603830295190755,0.5242816781845493,0.39695957747540095
v7-pilots_iteration3-utility_restoration-medium-low-high-medium-modular-private_fragmented-776105-always_act-event_triggered,utility_restoration,medium,low,high,medium,modular,private_fragmented,event_triggered,776105,always_act,52,UTL-04-resource_allocation,U08,no_operational_action,request_peer_evidence,send_targeted_summary,execute_autonomously,False,False,0.0,False,False,False,0.805800002902901,0.12097473133467948,0.9585322250457129,0.8895018245068904,0.0,1.0,0.19419999709709898,2.0091070124184816,0.6699999999999999,0.2,0.85,0.35,0.9424641662107393,0.9538774779441805,0.01587351885703614,0.01201450815036742,0.01272427288341016,0.015289601546043863,0.006941697743477193,0.027356915709849758,0.9841264811429639,0.20833333333333334,0.08925120270767029,0.009440445265278319,6,0,0.03346421984398307,0.5378524388686401,0.805800002902901,0.5801589691136958,0.6273241643888474,0.4216851797648567,0.4015065722364464
v7-pilots_iteration3-utility_restoration-medium-low-high-medium-modular-private_fragmented-776105-always_act-event_triggered,utility_restoration,medium,low,high,medium,modular,private_fragmented,event_triggered,776105,always_act,52,UTL-05-critical_load,U09,no_operational_action,no_information_action,no_communication_action,execute_autonomously,False,False,0.0,False,False,False,0.5736200688438472,0.16526798057413733,0.74539330197957,0.46415362120370984,0.0,1.0,0.4263799311561528,1.3336983486567233,0.6699999999999999,0.2,0.85,0.35,0.8156667519935069,0.8198677157863192,0.0029155313441875386,0.0029216296697374133,0.0015573734783684845,0.002226982613332873,0.0007171165407181546,0.0,0.9970844686558125,0.3875,0.00021109173621403077,-0.016399461091122114,4,1,0.04961775092331833,0.3568276924957985,0.5736200688438472,0.43744645941777816,0.49195516811522877,0.3184204289144158,0.26920176851878386
v7-pilots_iteration3-utility_restoration-medium-low-high-medium-modular-private_fragmented-776105-always_act-event_triggered,utility_restoration,medium,low,high,medium,modular,private_fragmented,event_triggered,776105,always_act,52,UTL-06-zone_operator,U06,no_operational_action,no_information_action,no_communication_action,execute_autonomously,False,False,0.0,False,False,False,0.6161266862720014,0.21412030649526695,0.0,0.0,0.0,1.0,0.3838733137279986,-0.004031671568000356,0.6699999999999999,0.2,0.85,0.35,0.9085422828810739,0.9168466724148278,0.007897683869359962,0.006554106116060776,0.005593647525586443,0.007068118474184204,0.00297657729372236,0.0,0.99210231613064,0.5666666666666667,-0.02518932476111302,-0.0009137465397206501,3,2,0.032573945241017754,0.2598830733324805,0.6161266862720014,0.48464300264617294,0.5332948818708614,0.37210654156757395,0.25326863640986574
v7-pilots_iteration3-utility_restoration-medium-low-high-medium-modular-private_fragmented-776105-always_act-event_triggered,utility_restoration,medium,low,high,medium,modular,private_fragmented,event_triggered,776105,always_act,52,UTL-07-crew_dispatch,U07,dispatch_repair_crew,request_peer_evidence,negotiate_commitment,execute_autonomously,False,True,0.0,False,False,False,0.736537481843974,0.0378011303858761,0.3508178952001287,0.4420192813735199,0.0,1.0,0.263462518156026,0.7680799841657989,0.6699999999999999,0.2,0.85,0.35,0.919781662702,0.9218465126156535,0.004874333291965072,0.003739320270184421,0.004006008369338843,0.004725386605802462,0.0022962434643691854,0.043932049954449326,0.9951256667080349,0.6666666666666666,0.06944185270622283,-0.006025995853525812,3,3,0.039092581903104606,0.40690737135659594,0.736537481843974,0.5313844750218407,0.5855813838163488,0.5094557916385654,0.382423422091466
v7-pilots_iteration3-utility_restoration-medium-low-high-medium-modular-private_fragmented-776105-always_act-event_triggered,utility_restoration,medium,low,high,medium,modular,private_fragmented,event_triggered,776105,always_act,52,UTL-08-cyber_defense,U08,isolate_component,no_information_action,no_communication_action,execute_autonomously,True,True,-0.014159842766058247,True,False,True,0.8348546452560387,0.2604735069604852,0.12199475886860828,0.0,0.0,1.0,0.1651453547439613,0.18632038541334586,0.6699999999999999,0.2,0.85,0.35,0.8606589745508268,0.8654616811290988,0.0034149087648405185,0.0033749036281577327,0.0018437954522677602,0.0026179936402306314,0.0009117847116147937,0.01661210412876942,0.9965850912351595,0.3666666666666667,-0.049932326150399886,-0.011381894047195695,5,1,0.04592282993617869,0.33425057938705316,0.8348546452560387,0.553887474010899,0.6052497908196424,0.4492226826165991,0.2964482570929901
v7-pilots_iteration3-utility_restoration-medium-low-high-medium-modular-private_fragmented-776105-always_act-event_triggered,utility_restoration,medium,low,high,medium,modular,private_fragmented,event_triggered,776105,always_act,52,UTL-09-communications,U05,restore_communication_relay,request_peer_evidence,negotiate_commitment,execute_autonomously,True,False,0.0,False,False,False,0.7407940629217298,0.11779510684715305,0.4129947134615904,0.3263790411687582,0.0,1.0,0.2592059370782703,0.7667243815896566,0.6699999999999999,0.2,0.85,0.35,0.8798979646251012,0.880172381248323,0.0002868302162156722,0.00023045827935697094,0.0001964678632326855,0.0002567612216027859,8.87683319144017e-05,0.0,0.9997131697837843,0.725,-0.051527646815360484,-0.01274912085570179,2,3,0.034364693072428065,0.38060095127389015,0.7407940629217298,0.5166936786276691,0.5686017441457795,0.45613350642712647,0.34109148056230565
v7-pilots_iteration3-utility_restoration-medium-low-high-medium-modular-private_fragmented-776105-always_act-event_triggered,utility_restoration,medium,low,high,medium,modular,private_fragmented,event_triggered,776105,always_act,52,UTL-10-resource_allocation,U06,no_operational_action,request_peer_evidence,send_targeted_summary,execute_autonomously,False,False,0.0,False,False,False,0.700043483027841,0.045862720143417746,0.0,0.0,0.0,1.0,0.299956516972159,-0.02501087075696025,0.6699999999999999,0.2,0.85,0.35,0.9265455207625979,0.9260461920963056,0.004640063035085129,0.003759111890474398,0.0035561021130515735,0.004304264570287097,0.0020654301980299605,0.0,0.9953599369649149,0.5666666666666667,-0.005322432571712166,-0.010068564076210151,3,2,0.03583156607529259,0.288414784229466,0.700043483027841,0.518149861650905,0.5702046197857972,0.4073515962050266,0.27392849483496967
v7-pilots_iteration3-utility_restoration-medium-low-high-medium-modular-private_fragmented-776105-always_act-event_triggered,utility_restoration,medium,low,high,medium,modular,private_fragmented,event_triggered,776105,always_act,52,UTL-11-critical_load,U11,no_operational_action,no_information_action,no_communication_action,execute_autonomously,False,False,0.0,False,False,False,0.8419503974788053,0.24263731751666712,0.07420104848905261,0.10759152030912628,0.0,1.0,0.15804960252119468,0.22685583716846067,0.6699999999999999,0.2,0.85,0.35,0.8577428263213489,0.8870690911850181,0.025742136663760906,0.01833323450091362,0.02488714404167658,0.027010719868284405,0.01703946615319263,0.030274532736082452,0.9742578633362391,0.2,-0.047838723919972015,-0.00024349028002867978,5,0,0.018529817657021996,0.3624851000169842,0.8419503974788053,0.5872548569011246,0.6284557937608712,0.43963645669994356,0.3217588494337277
v7-pilots_iteration3-utility_restoration-medium-low-high-medium-modular-private_fragmented-776105-always_act-event_triggered,utility_restoration,medium,low,high,medium,modular,private_fragmented,event_triggered,776105,always_act,52,UTL-12-zone_operator,U04,reconfigure_service_edge,request_peer_evidence,send_targeted_summary,execute_autonomously,True,False,0.0,False,False,False,0.7069036010405287,0.0388900674482624,0.0,0.0,0.0,1.0,0.29309639895947126,0.07327409973986782,0.6699999999999999,0.2,0.85,0.35,0.9237863411450192,0.9237863411450192,0.0,0.0,0.0,0.0,0.0,0.0,1.0,0.8,-0.03228510873567347,0.0,1,4,0.07174095414967185,0.29074722435377975,0.7069036010405287,0.5137080257024663,0.5675336810194478,0.4568995124370221,0.30193300829134806
v7-pilots_iteration3-utility_restoration-medium-low-high-medium-modular-private_fragmented-776105-always_act-event_triggered,utility_restoration,medium,low,high,medium,modular,private_fragmented,event_triggered,776105,always_act,52,UTL-13-crew_dispatch,U05,dispatch_repair_crew,request_peer_evidence,send_targeted_summary,execute_autonomously,False,False,0.0,False,False,False,0.8535639951555974,0.3539661246442204,0.5027102683513587,0.3232955412965341,0.0,1.0,0.14643600484440253,0.719206784609546,0.6699999999999999,0.2,0.85,0.35,0.8201310510845224,0.8203948654936688,0.00024264636425930242,0.00025332939935440724,0.00010217746778329317,0.00016876340315774563,3.302022074092026e-05,0.0,0.9997573536357407,0.725,-0.09462813162413686,-0.009109475719120574,2,3,0.034408876924384435,0.41820268826407136,0.8535639951555974,0.5467980657433327,0.5918136999845389,0.5034968779653509,0.3722438277195464
v7-pilots_iteration3-utility_restoration-medium-low-high-medium-modular-private_fragmented-776105-always_act-event_triggered,utility_restoration,medium,low,high,medium,modular,private_fragmented,event_triggered,776105,always_act,52,UTL-14-cyber_defense,U10,isolate_component,no_information_action,no_communication_action,execute_autonomously,True,True,-0.028498484051914182,True,False,True,0.7917898541947879,0.2093076944967035,0.5999494683971395,0.31992672917585213,0.0,1.0,0.20821014580521213,0.9260713799759558,0.6699999999999999,0.2,0.85,0.35,0.8309602366235455,0.8539577094939844,0.018164960268987174,0.020115389200011324,0.009476260451299456,0.013474011370034233,0.004398749141484637,0.03758701362026862,0.9818350397310128,0.3875,-0.08685389213977035,0.002046967036362757,4,1,0.03589698113099404,0.39639096542843244,0.7917898541947879,0.5498869452103835,0.6105066530800183,0.4671839994646192,0.3554444080476289
v7-pilots_iteration3-utility_restoration-medium-low-high-medium-modular-private_fragmented-776105-always_act-event_triggered,utility_restoration,medium,low,high,medium,modular,private_fragmented,event_triggered,776105,always_act,52,UTL-15-communications,U11,no_operational_action,request_peer_evidence,send_targeted_summary,execute_autonomously,False,False,0.0,False,False,False,0.6694015635077546,0.05239395093614818,0.0,0.0,0.0,1.0,0.3305984364922454,0.08264960912306135,0.6699999999999999,0.2,0.85,0.35,0.8152862513442709,0.8359883044624359,0.014948134616163622,0.01330356301213842,0.010006256509264011,0.012905114758543279,0.005094194352956993,0.035520061458959896,0.9850518653838364,0.3875,-0.072886173244604,-0.019685578772642653,4,1,0.02932381970461928,0.2779965315926366,0.6694015635077546,0.4925095767017987,0.5527171647303404,0.41263915009087593,0.27701237548653435
v7-pilots_iteration3-utility_restoration-medium-low-high-medium-modular-private_fragmented-776105-always_act-event_triggered,utility_restoration,medium,low,high,medium,modular,private_fragmented,event_triggered,776105,always_act,52,UTL-16-resource_allocation,U04,no_operational_action,request_peer_evidence,send_targeted_summary,execute_autonomously,False,False,0.0,False,False,False,0.7138493785232405,0.07489812355184977,0.0,0.0,0.0,1.0,0.2861506214767595,0.07153765536918988,0.6699999999999999,0.2,0.85,0.35,0.9377803722010426,0.9377803722010426,0.0,0.0,0.0,0.0,0.0,0.0,1.0,0.8,-0.020460277215502476,0.0,1,4,0.07174095414967185,0.2931087886979018,0.7138493785232405,0.5199848444595568,0.5728340649741676,0.459816738979761,0.30387782598650737
v7-pilots_iteration3-utility_restoration-medium-low-high-medium-modular-private_fragmented-776105-always_act-event_triggered,utility_restoration,medium,low,high,medium,modular,private_fragmented,event_triggered,776105,always_act,52,UTL-17-critical_load,U09,no_operational_action,no_information_action,no_communication_action,execute_autonomously,False,False,0.0,False,False,False,0.6311790677128042,0.17385680058446162,0.5473099196406143,0.176932716812224,0.0,1.0,0.3688209322871958,0.9515892349583023,0.6699999999999999,0.2,0.85,0.35,0.8998874425237092,0.8966151986272152,0.0062174808815052,0.004823378442722515,0.0055673477056285,0.00614579792703851,0.004216256368698268,0.0,0.9937825191184948,0.5666666666666667,0.034300845378601674,-0.012072642350416385,3,2,0.046315801386000666,0.3074647350572872,0.6311790677128042,0.4861479609501562,0.5363787640888349,0.37842854177271107,0.2775758011210889
v7-pilots_iteration3-utility_restoration-medium-low-high-medium-modular-private_fragmented-776105-always_act-event_triggered,utility_restoration,medium,low,high,medium,modular,private_fragmented,event_triggered,776105,always_act,52,UTL-18-zone_operator,U10,no_operational_action,no_information_action,no_communication_action,execute_autonomously,False,False,0.0,False,False,False,0.8183102357602361,0.15291113204277826,0.43607762298320796,0.08231255332565147,0.0,1.0,0.18168976423976388,0.5521591527093787,0.6699999999999999,0.2,0.85,0.35,0.937475965393428,0.940435330285404,0.004445875073113448,0.003641288566535117,0.0029859617065040034,0.003926018532773745,0.0013712361201472234,0.03537849838620288,0.9955541249268866,0.3875,0.03519951018482881,-0.02327125196412161,4,1,0.04961606632686777,0.34838049295663664,0.8183102357602361,0.5679173107548103,0.617890082449239,0.4749656165663275,0.3190294202066294
v7-pilots_iteration3-utility_restoration-medium-low-high-medium-modular-private_fragmented-776105-always_act-event_triggered,utility_restoration,medium,low,high,medium,modular,private_fragmented,event_triggered,776105,always_act,52,UTL-19-crew_dispatch,U07,dispatch_repair_crew,request_peer_evidence,send_targeted_summary,execute_autonomously,False,True,0.0,False,False,False,0.724272388062587,0.013919798364768698,0.1346806653390866,0.12862029807500888,0.0,1.0,0.275727611937413,0.3836844054848707,0.6699999999999999,0.2,0.85,0.35,0.9184649457554226,0.931605945343394,0.009386102391532591,0.0077346178185832,0.00636021258033459,0.008311791795209134,0.002926480237732343,0.02842188792076228,0.9906138976084674,0.6666666666666666,0.039703625866177594,0.0009309064495300889,3,3,0.034580812803537087,0.3275214834792818,0.724272388062587,0.5324657350120361,0.5842413843495304,0.48072900595917856,0.3346220223028043
v7-pilots_iteration3-utility_restoration-medium-low-high-medium-modular-private_fragmented-776105-always_act-event_triggered,utility_restoration,medium,low,high,medium,modular,private_fragmented,event_triggered,776105,always_act,52,UTL-20-cyber_defense,U08,restore_communication_relay,request_peer_evidence,send_targeted_summary,execute_autonomously,True,True,-0.03891802716429044,True,False,True,0.7216861628811326,0.11927092759805191,0.9472675721430149,0.7065655727066583,0.0,1.0,0.2783138371188673,1.747258388506265,0.6699999999999999,0.2,0.85,0.35,0.8463519205964403,0.8509883361002737,0.0028291210692561464,0.0025204351150963644,0.0019414962652162249,0.0024542718333873115,0.0010831842316352258,0.01661210412876942,0.9971708789307439,0.20833333333333334,-0.06681101242681597,-0.02274740827982591,6,0,0.04650861763176306,0.46534903282918316,0.7216861628811326,0.5042232147985217,0.5571524021147766,0.3700252533524719,0.3285719313324544
v7-pilots_iteration3-utility_restoration-medium-low-high-medium-modular-private_fragmented-776105-always_act-event_triggered,utility_restoration,medium,low,high,medium,modular,private_fragmented,event_triggered,776105,always_act,52,UTL-21-communications,U09,reconfigure_service_edge,request_peer_evidence,send_targeted_summary,execute_autonomously,True,True,-0.026780680701923486,True,False,True,0.671495838752898,0.0771717613852867,0.5426893567307829,0.17023290059296858,0.0,1.0,0.3285041612471021,0.8626130920307544,0.6699999999999999,0.2,0.85,0.35,0.9087812202126155,0.9101456904691257,0.0016810938904839867,0.0012200976697447352,0.0014242874515109083,0.0016727414136498142,0.000792297161054889,0.0,0.998318906109516,0.725,0.03033916423426397,-0.013620196131878481,2,3,0.05085218837702188,0.31956448131829784,0.671495838752898,0.4981471720009907,0.5506458066458366,0.4270282522762171,0.3042644996240581
v7-pilots_iteration3-utility_restoration-medium-low-high-medium-modular-private_fragmented-776105-always_act-event_triggered,utility_restoration,medium,low,high,medium,modular,private_fragmented,event_triggered,776105,always_act,52,UTL-22-resource_allocation,U06,no_operational_action,request_peer_evidence,send_targeted_summary,execute_autonomously,False,False,0.0,False,False,False,0.6600729227652153,0.06079929227473274,0.37816300194967883,0.47008024272500015,0.0,1.0,0.3399270772347847,1.0070420750693836,0.6699999999999999,0.2,0.85,0.35,0.8689567720583289,0.9001011376658914,0.025077950212492373,0.022895537744545225,0.014490118079906411,0.020328908234722443,0.0061137521702442355,0.0,0.9749220497875076,0.3875,0.009717071379309883,0.003132521138217381,4,1,0.015393678897885343,0.3876440519941733,0.6600729227652153,0.5163774924181577,0.571110680868967,0.35473062756139045,0.3157500170055652
v7-pilots_iteration3-utility_restoration-medium-low-high-medium-modular-private_fragmented-776105-always_act-event_triggered,utility_restoration,medium,low,high,medium,modular,private_fragmented,event_triggered,776105,always_act,52,UTL-23-critical_load,U07,no_operational_action,no_information_action,no_communication_action,execute_autonomously,False,False,0.0,False,False,False,0.6575847483482681,0.15551637946911637,0.28019765009974046,0.339619925977957,0.0,1.0,0.3424152516517319,0.6891751339383497,0.6699999999999999,0.2,0.85,0.35,0.9296197618668431,0.9304903581485688,0.001133933867680459,0.0009356810286470507,0.0007574099123058842,0.0009974466271126525,0.0003485968388317051,0.02014484298361885,0.9988660661323195,0.5208333333333333,-0.0021886761623101103,-0.009528572150795056,4,2,0.04283298132738922,0.3554875966731208,0.6575847483482681,0.4970263472207707,0.5478928853395661,0.4109724223080399,0.30823682664699603
v7-pilots_iteration3-utility_restoration-medium-low-high-medium-modular-private_fragmented-776105-always_act-event_triggered,utility_restoration,medium,low,high,medium,modular,private_fragmented,event_triggered,776105,always_act,52,UTL-24-zone_operator,U08,reconfigure_service_edge,request_peer_evidence,send_targeted_summary,execute_autonomously,True,False,0.0,False,False,False,0.771851809137041,0.013352437686325852,0.1568240298772582,0.048122452248826525,0.0,1.0,0.22814819086295898,0.2366505545753341,0.6699999999999999,0.2,0.85,0.35,0.9578516827306877,0.9578907388174307,0.0016109076339403394,0.0011695605920233332,0.0014800452413007426,0.0016487216450034037,0.0009650451364869861,0.01987066599778712,0.9983890923660597,0.3666666666666667,0.0038011445397626575,-0.008657326962622891,5,1,0.04772683106707887,0.32437900364631234,0.771851809137041,0.5504589150250049,0.6019889311296218,0.427714505487527,0.28555572012490343
v7-pilots_iteration3-utility_restoration-medium-low-high-medium-modular-private_fragmented-776105-always_act-event_triggered,utility_restoration,medium,low,high,medium,modular,private_fragmented,event_triggered,776105,always_act,52,UTL-25-crew_dispatch,U05,dispatch_repair_crew,request_peer_evidence,send_targeted_summary,execute_autonomously,False,False,0.0,False,False,False,0.7830499888043231,0.1681126610133833,1.0,0.6161687996832612,0.0,1.0,0.21695001119567692,1.8578818357183826,0.6699999999999999,0.2,0.85,0.35,0.8941652074855981,0.8941652074855981,0.0,0.0,0.0,0.0,0.0,0.0,1.0,0.8,-0.028776342080920614,0.0,1,4,0.03465152328864374,0.4645175081174525,0.7830499888043231,0.5367612973931288,0.5875721234214201,0.4888809952978157,0.3971942528272019
v7-pilots_iteration3-utility_restoration-medium-low-high-medium-modular-private_fragmented-776105-always_act-event_triggered,utility_restoration,medium,low,high,medium,modular,private_fragmented,event_triggered,776105,always_act,52,UTL-26-cyber_defense,U06,no_operational_action,no_information_action,no_communication_action,execute_autonomously,False,False,0.0,False,False,False,0.45973377746911404,0.405155782845414,0.0,0.0,0.0,1.0,0.540266222530886,0.1350665556327215,0.6699999999999999,0.2,0.85,0.35,0.78264100574087,0.7969320550535277,0.006459905071361738,0.006155931261055736,0.003988856213167802,0.005207172085560763,0.0026700532435793844,0.0,0.9935400949286383,0.3875,-0.12358077357858832,-0.015926507672466395,4,1,0.03401172403901598,0.2067094843394988,0.45973377746911404,0.38859762952276955,0.43105851700134484,0.2705881865370279,0.18480128594721965
v7-pilots_iteration3-utility_restoration-medium-low-high-medium-modular-private_fragmented-776105-always_act-event_triggered,utility_restoration,medium,low,high,medium,modular,private_fragmented,event_triggered,776105,always_act,52,UTL-27-communications,U11,reconfigure_service_edge,request_peer_evidence,send_targeted_summary,execute_autonomously,True,False,0.0,False,False,False,0.6977546931125942,0.0044122462741424395,0.0,0.0,0.0,1.0,0.3022453068874058,0.07556132672185145,0.6699999999999999,0.2,0.85,0.35,0.8877729743705112,0.8995863565868554,0.012197889168152787,0.009091866205481192,0.011082071027195717,0.012416737856556725,0.006918722558771351,0.03006507377814125,0.9878021108318472,0.2,0.005997720346100133,-0.0017229125079781804,5,0,0.032074065152630116,0.28763659565828203,0.6977546931125942,0.5181221656730794,0.5700221569966011,0.37875588325006426,0.25494292429562787
v7-pilots_iteration3-utility_restoration-medium-low-high-medium-modular-private_fragmented-776105-always_act-event_triggered,utility_restoration,medium,low,high,medium,modular,private_fragmented,event_triggered,776105,always_act,56,UTL-00-zone_operator,U08,isolate_component,request_peer_evidence,negotiate_commitment,execute_autonomously,True,False,0.0,False,False,False,0.7042021772915497,0.06477232005377848,0.4874188155469203,0.5490747451621233,0.0,1.0,0.2957978227084504,0.9221685644930239,0.6699999999999999,0.2,0.85,0.35,0.9417028986832344,0.9702985654719486,0.02949586024266937,0.02321052127842327,0.021688945394657377,0.027250776851742042,0.010714045248144344,0.030448520739644463,0.9705041397573306,0.18333333333333335,0.06042902502238956,0.0229104852819757,6,0,0.004906392129546799,0.4216066791180365,0.7042021772915497,0.5584007999271655,0.6040318521515136,0.3787133326533771,0.35393827464261135
v7-pilots_iteration3-utility_restoration-medium-low-high-medium-modular-private_fragmented-776105-always_act-event_triggered,utility_restoration,medium,low,high,medium,modular,private_fragmented,event_triggered,776105,always_act,56,UTL-01-crew_dispatch,U13,no_operational_action,no_information_action,no_communication_action,execute_autonomously,False,False,0.0,False,False,False,0.8128722243756716,0.36183402611412474,0.1861162969709253,0.2698686306078417,0.0,1.0,0.18712777562432834,0.3515247763291486,0.6699999999999999,0.2,0.85,0.35,0.7517332705838712,0.7520707969927383,0.0002607976206114859,0.00018398753150439262,0.0002904789817558262,0.0002886725968302972,0.0002526083547661484,0.0,0.9997392023793885,0.7916666666666666,-0.1284990499760893,8.119785156934789e-05,2,4,0.0770827941707174,0.39154502763361043,0.8128722243756716,0.5134473240650925,0.5573760608694069,0.4997396675711154,0.3632377032733938
v7-pilots_iteration3-utility_restoration-medium-low-high-medium-modular-private_fragmented-776105-always_act-event_triggered,utility_restoration,medium,low,high,medium,modular,private_fragmented,event_triggered,776105,always_act,56,UTL-02-cyber_defense,U14,restore_communication_relay,request_peer_evidence,send_targeted_summary,execute_autonomously,True,True,-0.010499999999999999,True,False,True,0.6866403966067193,0.10982216445946968,0.0,0.0,0.0,1.0,0.31335960339328073,0.07833990084832018,0.6699999999999999,0.2,0.85,0.35,0.9462174701227565,0.9463672005822034,0.00020592317998213705,0.00015440187263415783,0.00016673525272070666,0.00019946696926975704,9.208575538832697e-05,0.0,0.9997940768200179,0.725,0.08216001039990939,-0.0019330360400711122,2,3,0.04639705695013052,0.2838577348462846,0.6866403966067193,0.5114988186253518,0.5624128986371271,0.43338896657482207,0.28669919886029
v7-pilots_iteration3-utility_restoration-medium-low-high-medium-modular-private_fragmented-776105-always_act-event_triggered,utility_restoration,medium,low,high,medium,modular,private_fragmented,event_triggered,776105,always_act,56,UTL-03-communications,U15,no_operational_action,request_peer_evidence,send_targeted_summary,execute_autonomously,False,False,0.0,False,False,False,0.7590534471910504,0.013717186224846967,0.08289035276320272,0.12019101150664395,0.0,1.0,0.24094655280894955,0.16782922323897145,0.6699999999999999,0.2,0.85,0.35,0.9721100003707441,0.9725694859648879,0.002047716857045967,0.0015826149325923744,0.0015652210199484928,0.0019288125846946835,0.0008053720060366976,0.03589294360952455,0.997952283142954,0.5666666666666667,0.015161299555751184,-0.02293282216666037,3,2,0.03434776050138699,0.3373240148065517,0.7590534471910504,0.5495156825689705,0.6000833351220536,0.4866930554400518,0.32859056229593586
v7-pilots_iteration3-utility_restoration-medium-low-high-medium-modular-private_fragmented-776105-always_act-event_triggered,utility_restoration,medium,low,high,medium,modular,private_fragmented,event_triggered,776105,always_act,56,UTL-04-resource_allocation,U12,no_operational_action,request_peer_evidence,send_targeted_summary,execute_autonomously,False,False,0.0,False,False,False,0.8666135880780332,0.053586237258858915,0.0,0.0,0.0,1.0,0.13338641192196676,-0.06665339701950831,0.6699999999999999,0.2,0.85,0.35,0.941672605898733,0.9435155856229891,0.0024044431347900463,0.0019137934474714458,0.001756891828977425,0.0022087466121574195,0.0008793334803151032,0.04378342164777648,0.99759555686521,0.2,0.02660932528309501,-0.022478819490165725,5,0,0.06514342552143337,0.34504861994653135,0.8666135880780332,0.5854298070946026,0.6362452713500107,0.4705285078973942,0.3026593968322563
v7-pilots_iteration3-utility_restoration-medium-low-high-medium-modular-private_fragmented-776105-always_act-event_triggered,utility_restoration,medium,low,high,medium,modular,private_fragmented,event_triggered,776105,always_act,56,UTL-05-critical_load,U13,no_operational_action,no_information_action,no_communication_action,execute_autonomously,False,False,0.0,False,False,False,0.5019885879258996,0.3695753984723722,0.0,0.0,0.0,1.0,0.4980114120741004,0.1245028530185251,0.6699999999999999,0.2,0.85,0.35,0.824907707515783,0.8250592369900354,0.00010077520461626577,8.840427439471554e-05,7.104963594839475e-05,8.808116476333172e-05,4.576134889888728e-05,0.0,0.9998992247953837,0.6666666666666666,-0.10257310364152283,-0.0022268073620134166,3,3,0.07724281658671261,0.22107611989480588,0.5019885879258996,0.4071634473357684,0.45198938873867717,0.34416854026221116,0.22731450692720973
v7-pilots_iteration3-utility_restoration-medium-low-high-medium-modular-private_fragmented-776105-always_act-event_triggered,utility_restoration,medium,low,high,medium,modular,private_fragmented,event_triggered,776105,always_act,56,UTL-06-zone_operator,U14,no_operational_action,no_information_action,no_communication_action,execute_autonomously,False,False,0.0,False,False,False,0.6100245659893107,0.21649521903524038,0.1326766048437261,0.19238107702340285,0.0,1.0,0.38997543401068935,0.33383118557440017,0.6699999999999999,0.2,0.85,0.35,0.8973178093232973,0.8980777264230096,0.0007583448325468867,0.0007440096096993365,0.00037131468387907596,0.000566606296680483,0.00013718862663303355,0.0,0.9992416551674531,0.725,0.00287599711645814,-0.013098316081191608,2,3,0.04584463529756577,0.30397981092198234,0.6100245659893107,0.4694009614921142,0.5200357995168792,0.4012103177155104,0.2887804069780487
v7-pilots_iteration3-utility_restoration-medium-low-high-medium-modular-private_fragmented-776105-always_act-event_triggered,utility_restoration,medium,low,high,medium,modular,private_fragmented,event_triggered,776105,always_act,56,UTL-07-crew_dispatch,U11,no_operational_action,request_peer_evidence,send_targeted_summary,execute_autonomously,False,False,0.0,False,False,False,0.6871322397441239,0.022583273061372533,0.0,0.0,0.0,1.0,0.31286776025587615,-0.02178305993603097,0.6699999999999999,0.2,0.85,0.35,0.8861352764135507,0.8871126675617009,0.0015203775688690246,0.0011793540043462114,0.0013669421712820817,0.0015173435584692196,0.0009358420708728277,0.011750901838523453,0.998479622431131,0.3875,-0.048264921515042025,-0.010137916064516972,4,1,0.023961830872483825,0.28402496151300216,0.6871322397441239,0.4985152435974539,0.5529638282525443,0.38395691148708766,0.2527775966241925
v7-pilots_iteration3-utility_restoration-medium-low-high-medium-modular-private_fragmented-776105-always_act-event_triggered,utility_restoration,medium,low,high,medium,modular,private_fragmented,event_triggered,776105,always_act,56,UTL-08-cyber_defense,U12,restore_communication_relay,request_peer_evidence,send_targeted_summary,execute_autonomously,True,False,0.0,False,False,False,0.8480049138512247,0.22278991275481197,0.6243747456701212,0.5722418732206671,0.0,1.0,0.1519950861487753,1.3290847299697195,0.6699999999999999,0.2,0.85,0.35,0.8913948367728907,0.89627696870598,0.004503854543633445,0.0034034053118064955,0.003852946552629244,0.004437011715001771,0.0024003054262945467,0.0489017859658355,0.9954961454563666,0.2,0.0066566863175772095,-0.031046599498780747,5,0,0.06304401411258997,0.47605972028237653,0.8480049138512247,0.5683560710947994,0.6167852441405592,0.47049277848558435,0.37190869974032414
v7-pilots_iteration3-utility_restoration-medium-low-high-medium-modular-private_fragmented-776105-always_act-event_triggered,utility_restoration,medium,low,high,medium,modular,private_fragmented,event_triggered,776105,always_act,56,UTL-09-communications,U13,reconfigure_service_edge,request_peer_evidence,negotiate_commitment,execute_autonomously,True,True,-0.010499999999999999,True,False,True,0.6567389398159903,0.08708056467161435,0.0,0.0,0.0,1.0,0.3432610601840097,-0.01418473495399758,0.6699999999999999,0.2,0.85,0.35,0.8869327963363587,0.8872083262599121,0.00041399187477952903,0.0002690743083481051,0.00046508313631676845,0.0004725524719134677,0.00034133670299807406,0.0,0.9995860081252205,0.7916666666666666,-0.06550386006344588,-0.006751255118738531,2,4,0.07692959991654935,0.2736912395374367,0.6567389398159903,0.48500836363517713,0.5394743236496728,0.4341636880560492,0.2872271623287943
v7-pilots_iteration3-utility_restoration-medium-low-high-medium-modular-private_fragmented-776105-always_act-event_triggered,utility_restoration,medium,low,high,medium,modular,private_fragmented,event_triggered,776105,always_act,56,UTL-10-resource_allocation,U10,no_operational_action,no_information_action,no_communication_action,execute_autonomously,False,False,0.0,False,False,False,0.8603433805649525,0.30033464913150076,1.0,0.8280172743086329,0.0,1.0,0.13965661943504748,2.0325130330546597,0.6699999999999999,0.2,0.85,0.35,0.8190592559974184,0.8234053786935829,0.003634589953719014,0.0035744795319362366,0.002147535400924272,0.0028846380899122392,0.0011930050534024739,0.0,0.996365410046281,0.5666666666666667,-0.06520810634501473,-0.01726620625245623,3,2,0.08522386455178876,0.5416408952261558,0.8603433805649525,0.5539905921605423,0.6025361759092426,0.4746775531706134,0.417124301919836
v7-pilots_iteration3-utility_restoration-medium-low-high-medium-modular-private_fragmented-776105-always_act-event_triggered,utility_restoration,medium,low,high,medium,modular,private_fragmented,event_triggered,776105,always_act,56,UTL-11-critical_load,U15,no_operational_action,no_information_action,no_communication_action,execute_autonomously,False,False,0.0,False,False,False,0.6038401916984116,0.21106348113239964,0.0,0.0,0.0,1.0,0.39615980830158837,0.09903995207539709,0.6699999999999999,0.2,0.85,0.35,0.8979815588669018,0.8991746619463987,0.001033323126733654,0.0007124377881462252,0.0009848157841282346,0.0010870751328431183,0.000634714525639346,0.026305146426773153,0.9989666768732663,0.5666666666666667,-0.027474441192500865,-0.006397564241279241,3,2,0.035362154231699305,0.25570566517745996,0.6038401916984116,0.46747811877351725,0.5168897054584203,0.4069300364153614,0.2628707312904726
v7-pilots_iteration3-utility_restoration-medium-low-high-medium-modular-private_fragmented-776105-always_act-event_triggered,utility_restoration,medium,low,high,medium,modular,private_fragmented,event_triggered,776105,always_act,56,UTL-12-zone_operator,U12,isolate_component,request_peer_evidence,send_targeted_summary,execute_autonomously,True,False,0.0,False,False,False,0.6490565464026978,0.14548401278977227,0.45356280997820947,0.19869146130781865,0.0,1.0,0.3509434535973022,0.7634958462963942,0.6699999999999999,0.2,0.85,0.35,0.9270823374841327,0.9249641743923879,0.005561488592385033,0.004189233822180949,0.004821295667523429,0.0054945290761025944,0.0032039940344241735,0.011345072663749067,0.994438511407615,0.3875,0.06296670055418674,-0.018183197821541652,4,1,0.06198638006383839,0.31876517649079383,0.6490565464026978,0.49917928696145136,0.5481105050092789,0.36734825993803166,0.2694494360214932
v7-pilots_iteration3-utility_restoration-medium-low-high-medium-modular-private_fragmented-776105-always_act-event_triggered,utility_restoration,medium,low,high,medium,modular,private_fragmented,event_triggered,776105,always_act,56,UTL-13-crew_dispatch,U09,no_operational_action,request_peer_evidence,send_targeted_summary,execute_autonomously,False,False,0.0,False,False,False,0.8632008888702585,0.07398525552931831,0.7671656595265034,0.4957235396467633,0.0,1.0,0.13679911112974147,1.0780632462675248,0.6699999999999999,0.2,0.85,0.35,0.9710747779547535,0.9711529917866153,0.000268818351662925,0.00021263070130739248,0.00018473520414163946,0.00024223763307951174,8.032589813455893e-05,0.0,0.9997311816483371,0.5666666666666667,0.05115966396921612,-0.0038683488308320912,3,2,0.049781692495287855,0.4628619517311111,0.8632008888702585,0.58842539572912,0.6388271347546055,0.4758777066588419,0.3750871687565234
v7-pilots_iteration3-utility_restoration-medium-low-high-medium-modular-private_fragmented-776105-always_act-event_triggered,utility_restoration,medium,low,high,medium,modular,private_fragmented,event_triggered,776105,always_act,56,UTL-14-cyber_defense,U14,no_operational_action,request_peer_evidence,send_targeted_summary,execute_autonomously,False,False,0.0,False,False,False,0.6850026673440253,0.07134271273191367,0.0,0.0,0.0,1.0,0.3149973326559747,0.07874933316399367,0.6699999999999999,0.2,0.85,0.35,0.917943967642407,0.92707219371774,0.014458665158125772,0.012643818246196314,0.008646278382414274,0.012021719785524687,0.0035948965387715415,0.0,0.9855413348418742,0.2,-0.0058551961090741456,0.005651654639272863,5,0,0.03214431497198689,0.28330090689696863,0.6850026673440253,0.523729190069588,0.5754052693292104,0.3277011202844906,0.2348075373423136
v7-pilots_iteration3-utility_restoration-medium-low-high-medium-modular-private_fragmented-776105-always_act-event_triggered,utility_restoration,medium,low,high,medium,modular,private_fragmented,event_triggered,776105,always_act,56,UTL-15-communications,U15,no_operational_action,no_information_action,no_communication_action,execute_autonomously,False,False,0.0,False,False,False,0.6379600724311584,0.1489863511764137,0.0,0.0,0.0,1.0,0.3620399275688416,0.0905099818922104,0.6699999999999999,0.2,0.85,0.35,0.9146914035604827,0.9171900759630979,0.0034312793460800073,0.0027043135427750054,0.0026658230613069156,0.003225235989799402,0.0015043400827261522,0.0384316378726165,0.99656872065392,0.3875,-0.00128042857935462,-0.030427990746279443,4,1,0.03296419801235295,0.2673064246265939,0.6379600724311584,0.48866067094709603,0.5386257334919172,0.4038593199874636,0.2600974318542081
v7-pilots_iteration3-utility_restoration-medium-low-high-medium-modular-private_fragmented-776105-always_act-event_triggered,utility_restoration,medium,low,high,medium,modular,private_fragmented,event_triggered,776105,always_act,56,UTL-16-resource_allocation,U08,no_operational_action,request_peer_evidence,send_targeted_summary,execute_autonomously,False,False,0.0,False,False,False,0.6823570410732802,0.13722268530013898,1.0,0.7930022017696574,0.0,1.0,0.3176429589267198,2.1455831150040043,0.6699999999999999,0.2,0.85,0.35,0.9373060947937303,0.9381343363003748,0.0013881529086219313,0.0009542744434900552,0.0012963774756153956,0.0014516061757938736,0.0007952038212530876,0.009831971208188683,0.9986118470913781,0.5208333333333333,0.01914019333697503,-0.0023761922812718383,4,2,0.03301409946359424,0.47272192238963306,0.6823570410732802,0.5092127541998154,0.5608210209989153,0.4057012201538911,0.3624095418917228
v7-pilots_iteration3-utility_restoration-medium-low-high-medium-modular-private_fragmented-776105-always_act-event_triggered,utility_restoration,medium,low,high,medium,modular,private_fragmented,event_triggered,776105,always_act,56,UTL-17-critical_load,U13,no_operational_action,no_information_action,no_communication_action,execute_autonomously,False,False,0.0,False,False,False,0.6212040972005863,0.19793176447237648,0.1743530584764456,0.2528119347908461,0.0,1.0,0.37879590279941366,0.6138610272943239,0.6699999999999999,0.2,0.85,0.35,0.9163712100003165,0.9162004403929861,0.0002469632150491341,0.00024065108043402894,0.00011877037137331126,0.0001841908068483944,3.9990451814242434e-05,0.0,0.9997530367849509,0.6666666666666666,0.020006235862476074,-0.0027558387716940524,3,3,0.07709662857627975,0.3222842573980025,0.6212040972005863,0.47792018988138246,0.5274156063428382,0.39423905415757954,0.2911478737383598
v7-pilots_iteration3-utility_restoration-medium-low-high-medium-modular-private_fragmented-776105-always_act-event_triggered,utility_restoration,medium,low,high,medium,modular,private_fragmented,event_triggered,776105,always_act,56,UTL-18-zone_operator,U14,no_operational_action,request_peer_evidence,send_targeted_summary,execute_autonomously,False,False,0.0,False,False,False,0.7443317653548287,0.058610250674707653,0.263952106649225,0.3827305546413763,0.0,1.0,0.2556682346451713,0.8231984179283631,0.6699999999999999,0.2,0.85,0.35,0.9148752608425447,0.9275250331074285,0.01769953396303492,0.015017619118097958,0.012394031149895679,0.015711418346019967,0.006441332211440387,0.0,0.9823004660369651,0.2,0.04684111607957686,0.0011524441343668812,5,0,0.02890344616707774,0.39532813333457206,0.7443317653548287,0.5512308689008165,0.6024405515537523,0.35261934144902807,0.29715933274644846
v7-pilots_iteration3-utility_restoration-medium-low-high-medium-modular-private_fragmented-776105-always_act-event_triggered,utility_restoration,medium,low,high,medium,modular,private_fragmented,event_triggered,776105,always_act,56,UTL-19-crew_dispatch,U15,no_operational_action,request_peer_evidence,send_targeted_summary,execute_autonomously,False,False,0.0,False,False,False,0.6931546463083944,0.041531639461248604,0.0,0.0,0.0,1.0,0.30684535369160565,0.07671133842290141,0.6699999999999999,0.2,0.85,0.35,0.9200147758701891,0.9297962519379207,0.00789875039004062,0.006515029630295932,0.005330842484172038,0.006982673053964938,0.00243769105507885,0.02189160566428372,0.9921012496099594,0.5666666666666667,-0.010488966375739373,-0.008117568734104075,3,2,0.02849672696839234,0.2860725797448541,0.6931546463083944,0.518323803036962,0.5696188188216234,0.43773352539257027,0.29065667854618815
v7-pilots_iteration3-utility_restoration-medium-low-high-medium-modular-private_fragmented-776105-always_act-event_triggered,utility_restoration,medium,low,high,medium,modular,private_fragmented,event_triggered,776105,always_act,56,UTL-20-cyber_defense,U12,isolate_component,request_peer_evidence,send_targeted_summary,execute_autonomously,True,True,-0.031203137579436702,True,False,True,0.7457036132052072,0.06357286202200463,0.6901045859812234,0.847947738806428,0.0,1.0,0.25429638679479283,1.5931719675642786,0.6699999999999999,0.2,0.85,0.35,0.8983926803574034,0.9031365143205309,0.004828248355290388,0.004215920689158104,0.0031700808643371214,0.004156957629948055,0.001526796181268275,0.0,0.9951717516447096,0.5666666666666667,0.09386164143602649,-0.03152988360150055,3,2,0.06271962030093303,0.5074466858033132,0.7457036132052072,0.5296391630688402,0.583922071344189,0.42652885087952036,0.3884962453548833
v7-pilots_iteration3-utility_restoration-medium-low-high-medium-modular-private_fragmented-776105-always_act-event_triggered,utility_restoration,medium,low,high,medium,modular,private_fragmented,event_triggered,776105,always_act,56,UTL-21-communications,U13,no_operational_action,request_peer_evidence,send_targeted_summary,execute_autonomously,False,False,0.0,False,False,False,0.6754132215921138,0.1264260844233704,0.0,0.0,0.0,1.0,0.32458677840788625,0.08114669460197156,0.6699999999999999,0.2,0.85,0.35,0.9399328954048245,0.9402074865180565,0.000981244449873686,0.0008449023461826188,0.0005870424079722492,0.0008198432602603001,0.00023716092744707762,0.0,0.9990187555501263,0.6666666666666666,-0.014059045876214538,-0.006976287575147344,3,3,0.0763623473414552,0.2800404953413187,0.6754132215921138,0.5065222547178748,0.5574683553233613,0.4170068864020211,0.27662736583380676
v7-pilots_iteration3-utility_restoration-medium-low-high-medium-modular-private_fragmented-776105-always_act-event_triggered,utility_restoration,medium,low,high,medium,modular,private_fragmented,event_triggered,776105,always_act,56,UTL-22-resource_allocation,U14,no_operational_action,no_information_action,no_communication_action,execute_autonomously,False,False,0.0,False,False,False,0.5777955082003383,0.2180329272298749,0.0,0.0,0.0,1.0,0.42220449179966163,0.10555112294991541,0.6699999999999999,0.2,0.85,0.35,0.8713624740530173,0.8713624740530173,0.0,0.0,0.0,0.0,0.0,0.0,1.0,0.8,0.015788031528810365,0.0,1,4,0.04660298013011266,0.24685047278811503,0.5777955082003383,0.44895882179338964,0.4985679477630121,0.4026741134441421,0.2657827422960948
v7-pilots_iteration3-utility_restoration-medium-low-high-medium-modular-private_fragmented-776105-always_act-event_triggered,utility_restoration,medium,low,high,medium,modular,private_fragmented,event_triggered,776105,always_act,56,UTL-23-critical_load,U11,no_operational_action,request_peer_evidence,send_targeted_summary,execute_autonomously,False,False,0.0,False,False,False,0.7650858891776289,0.06380199358956357,0.0,0.0,0.0,1.0,0.23491411082237118,0.058728527705592795,0.6699999999999999,0.2,0.85,0.35,0.9220564308727496,0.9252393819464496,0.004599664592758401,0.003854694360003852,0.0031951289912239833,0.004094665759184712,0.0015669093467015616,0.03738445582474314,0.9954003354072416,0.3875,0.005922053884058531,-0.0021755812146122544,4,1,0.020882543848594448,0.3105292023203938,0.7650858891776289,0.5429879938191008,0.596650172059279,0.45566044630821373,0.29590269337833264
v7-pilots_iteration3-utility_restoration-medium-low-high-medium-modular-private_fragmented-776105-always_act-event_triggered,utility_restoration,medium,low,high,medium,modular,private_fragmented,event_triggered,776105,always_act,56,UTL-24-zone_operator,U12,isolate_component,request_peer_evidence,send_targeted_summary,execute_autonomously,True,True,-0.03580874680891781,True,False,True,0.5583967218147728,0.2784194256893887,0.8436248936305937,0.5522421980427392,0.0,1.0,0.44160327818522715,1.339623469210028,0.6699999999999999,0.2,0.85,0.35,0.8386937165042041,0.8398886931978617,0.008314692686339997,0.008293824001167849,0.004847272522879864,0.006510981066605748,0.0029990089545023357,0.04378342164777648,0.99168530731366,0.2,-0.0932024052568845,-0.016477869572739667,5,0,0.05923317596988342,0.3727930129472802,0.5583967218147728,0.4446726876128362,0.4975606925300087,0.34107742406682484,0.2877721311213168
v7-pilots_iteration3-utility_restoration-medium-low-high-medium-modular-private_fragmented-776105-always_act-event_triggered,utility_restoration,medium,low,high,medium,modular,private_fragmented,event_triggered,776105,always_act,56,UTL-25-crew_dispatch,U13,no_operational_action,no_information_action,no_communication_action,execute_autonomously,False,False,0.0,False,False,False,0.5391545307337766,0.2892263393449669,0.09268047764008316,0.13438669257812058,0.0,1.0,0.4608454692662234,0.3743666057353696,0.6699999999999999,0.2,0.85,0.35,0.8322253316907836,0.8333029723109323,0.0007467717284074249,0.0008073624518262212,0.0003331605829858253,0.0005233423788515434,0.0001318433609640568,0.0,0.9992532282715926,0.6666666666666666,-0.03169827098738165,-0.007914664583723585,3,3,0.07659682006292146,0.265965346668233,0.5391545307337766,0.4247636256359769,0.4748355999534288,0.3597782362415195,0.25438639127090357
v7-pilots_iteration3-utility_restoration-medium-low-high-medium-modular-private_fragmented-776105-always_act-event_triggered,utility_restoration,medium,low,high,medium,modular,private_fragmented,event_triggered,776105,always_act,56,UTL-26-cyber_defense,U10,restore_communication_relay,no_information_action,no_communication_action,execute_autonomously,True,True,-0.03769504690766976,True,False,True,0.8067231893955449,0.15662646160221116,0.906501563588992,0.6644272672040384,0.0,1.0,0.19327681060445517,1.760232817913066,0.6699999999999999,0.2,0.85,0.35,0.9157739692478241,0.9304121337692765,0.008151173824675895,0.0071441267852646595,0.004565317157593229,0.006628492065726355,0.0016317315687162104,0.008663457106912853,0.9918488261753241,0.35,0.04927208284563911,-0.009182768710485512,4,1,0.08070728068083188,0.4841484285234545,0.8067231893955449,0.5630444114247203,0.6142109500252657,0.4219921943486364,0.3643377512430486
v7-pilots_iteration3-utility_restoration-medium-low-high-medium-modular-private_fragmented-776105-always_act-event_triggered,utility_restoration,medium,low,high,medium,modular,private_fragmented,event_triggered,776105,always_act,56,UTL-27-communications,U15,reconfigure_service_edge,request_peer_evidence,send_targeted_summary,execute_autonomously,True,True,-0.010499999999999999,True,False,True,0.7462476803407889,0.07783948878219066,0.0,0.0,0.0,1.0,0.2537523196592111,0.06343807991480277,0.6699999999999999,0.2,0.85,0.35,0.9806379968254583,0.9806906203382358,0.0020957129112403328,0.001601979066216619,0.001660419758999443,0.0020042718855605157,0.0009058051952189894,0.0344505230065004,0.9979042870887597,0.2,0.05349915961261198,-0.016565498683249413,5,0,0.03429976444719263,0.3041242113158683,0.7462476803407889,0.5465925694184166,0.5965443130372885,0.4057888207130119,0.2619285356740847
