actionable_opportunities_baseline,agent_count_baseline,allocation_inequality_gini_baseline,application,autonomous_action_coverage_baseline,autonomous_beneficial_actions_baseline,autonomous_harmful_actions_baseline,autonomous_neutral_actions_baseline,baseline_calibration_sketch_messages_baseline,beneficial_actions_baseline,commitment_failures_baseline,completed_at_baseline,complexity,conservation_feasible_baseline,controller_baseline,coupling,critical_shortage_exposure_baseline,cross_community_messages_baseline,decision_epochs_baseline,delivery_completion_baseline,distributed_estimation_mae_baseline,dropped_messages_baseline,eligible_operational_proposals_baseline,environment_seed,event_count_baseline,fragmentation,harmful_actions_baseline,horizon_baseline,information_actions_baseline,information_condition,maximum_cascade_depth_baseline,maximum_conservation_residual_baseline,net_causal_utility_baseline,network_disruption,neutral_actions_baseline,operational_bytes_baseline,operational_communication_policy,operational_messages_baseline,operational_node_count_baseline,operator_escalations_baseline,operator_executed_actions_baseline,operator_minutes_baseline,physical_actions_baseline,post_disruption_sketch_messages_baseline,privacy_boundary_pass_baseline,resource_waste_baseline,run_id_baseline,service_loss_baseline,service_reaching_actions_baseline,sketch_bytes_baseline,sketch_messages_baseline,sketch_policy,started_at_baseline,stochastic_tape_digest_baseline,time_to_first_critical_delivery_baseline,topology_family,total_bytes_baseline,total_messages_baseline,weighted_unmet_critical_need_baseline,belief_consensus_recovery_baseline,cascaded_failures_baseline,crew_travel_baseline,crew_utilization_baseline,repeated_work_orders_baseline,restoration_time_mean_baseline,unsafe_switching_or_isolation_baseline,unserved_critical_load_auc_baseline,accepted_autonomous_actions_baseline,eligible_proposals_baseline,actual_autonomous_coverage_baseline,autonomous_completed_actions_baseline,autonomous_harm_rate_baseline,actionable_opportunities_entropic,agent_count_entropic,allocation_inequality_gini_entropic,autonomous_action_coverage_entropic,autonomous_beneficial_actions_entropic,autonomous_harmful_actions_entropic,autonomous_neutral_actions_entropic,baseline_calibration_sketch_messages_entropic,beneficial_actions_entropic,commitment_failures_entropic,completed_at_entropic,conservation_feasible_entropic,controller_entropic,critical_shortage_exposure_entropic,cross_community_messages_entropic,decision_epochs_entropic,delivery_completion_entropic,distributed_estimation_mae_entropic,dropped_messages_entropic,eligible_operational_proposals_entropic,event_count_entropic,harmful_actions_entropic,horizon_entropic,information_actions_entropic,maximum_cascade_depth_entropic,maximum_conservation_residual_entropic,net_causal_utility_entropic,neutral_actions_entropic,operational_bytes_entropic,operational_messages_entropic,operational_node_count_entropic,operator_escalations_entropic,operator_executed_actions_entropic,operator_minutes_entropic,physical_actions_entropic,post_disruption_sketch_messages_entropic,privacy_boundary_pass_entropic,resource_waste_entropic,run_id_entropic,service_loss_entropic,service_reaching_actions_entropic,sketch_bytes_entropic,sketch_messages_entropic,started_at_entropic,stochastic_tape_digest_entropic,time_to_first_critical_delivery_entropic,total_bytes_entropic,total_messages_entropic,weighted_unmet_critical_need_entropic,belief_consensus_recovery_entropic,cascaded_failures_entropic,crew_travel_entropic,crew_utilization_entropic,repeated_work_orders_entropic,restoration_time_mean_entropic,unsafe_switching_or_isolation_entropic,unserved_critical_load_auc_entropic,accepted_autonomous_actions_entropic,eligible_proposals_entropic,actual_autonomous_coverage_entropic,autonomous_completed_actions_entropic,autonomous_harm_rate_entropic,harm_reduction,service_loss_difference,relative_service_degradation,causal_utility_gain,coverage_difference
403,52,0.4158941962431666,humanitarian,0.3129890453834116,97,75,0,318,99,0.0,2026-08-16T22:16:30.811743+00:00,large,True,crossfit_strongest_nonentropic,high,95061.294488219,8168,20,209.7822141067209,0.0401614281821432,10443,639,787043,171654,high,92,100,1039,private_fragmented,3,8.242295734817162e-13,216.37687692537853,high,0,244337,agent_event_triggered,1039,30,19,19,82.0,200,36962,True,9.591887126051017,v7-development_formal_dynamic-humanitarian-large-high-high-high-modular-private_fragmented-787043-crossfit_strongest_nonentropic-event_triggered-agent_event_triggered,184899.47883909423,129,18425102,53472,event_triggered,2026-08-16T22:12:17.943472+00:00,5aa34b129c3c8f6d6d6f1c6b2f0f6e3c231073111ad6cc2e1f86acdba6c18c8a,12.0,modular,18669439,54511,4610.520340267176,nan,nan,nan,nan,nan,nan,nan,nan,181,639,0.28325508607198746,172,0.436046511627907,403,52,0.4162905786187691,0.3082942097026604,97,74,0,318,101,0.0,2026-08-16T22:27:32.554293+00:00,True,crossfit_generalized_entropic,94590.78055115989,8168,20,201.11043484434296,0.0401614281821432,10443,639,171650,89,100,1039,3,7.105427357601002e-13,236.81399149308973,0,244361,1039,30,19,19,82.0,197,36962,True,7.746772773307741,v7-development_formal_dynamic-humanitarian-large-high-high-high-modular-private_fragmented-787043-crossfit_generalized_entropic-event_triggered-agent_event_triggered,184163.10231757423,125,18425102,53472,2026-08-16T22:23:15.803415+00:00,5aa34b129c3c8f6d6d6f1c6b2f0f6e3c231073111ad6cc2e1f86acdba6c18c8a,12.0,18669463,54511,4595.700553865408,nan,nan,nan,nan,nan,nan,nan,nan,178,639,0.27856025039123633,171,0.4327485380116959,0.0032979736162110918,-736.3765215199965,-0.003982577593746579,20.437114567711205,-0.0046948356807511304
433,52,0.4148481073446712,humanitarian,0.2896652110625909,102,74,0,486,106,0.0,2026-08-16T21:02:55.820090+00:00,large,True,crossfit_strongest_nonentropic,high,97740.47533092884,70914,20,201.05036040595837,0.0393945776653472,17540,687,787041,286495,high,90,100,1040,private_fragmented,3,3.6415315207705135e-14,336.8432209418192,high,0,243877,agent_event_triggered,1040,30,20,20,89.0,199,76531,True,7.514630635859169,v7-development_formal_dynamic-humanitarian-large-high-high-high-random_geometric-private_fragmented-787041-crossfit_strongest_nonentropic-event_triggered-agent_event_triggered,183836.7045517472,120,32320486,94118,event_triggered,2026-08-16T20:56:11.565324+00:00,e2cec0e355039741be40a3a742770d94b73a6c7079396f44c26e39770c5bc7ed,12.0,random_geometric,32564363,95158,4662.086277624808,nan,nan,nan,nan,nan,nan,nan,nan,179,687,0.26055312954876275,176,0.42045454545454547,433,52,0.4159737813711873,0.2867540029112082,103,73,0,486,106,0.0,2026-08-16T21:20:29.167504+00:00,True,crossfit_generalized_entropic,98881.78594975232,70914,20,207.0280694274971,0.0393945776653472,17540,687,286493,90,100,1040,3,4.547473508864641e-13,328.3798931753975,0,243882,1040,30,20,20,90.0,197,76531,True,7.662192375969042,v7-development_formal_dynamic-humanitarian-large-high-high-high-random_geometric-private_fragmented-787041-crossfit_generalized_entropic-event_triggered-agent_event_triggered,186743.1838065136,124,32320486,94118,2026-08-16T21:13:43.105335+00:00,e2cec0e355039741be40a3a742770d94b73a6c7079396f44c26e39770c5bc7ed,12.0,32564368,95158,4732.76420564531,nan,nan,nan,nan,nan,nan,nan,nan,177,687,0.2576419213973799,176,0.4147727272727273,0.005681818181818177,2906.4792547663965,0.015810113991399727,-8.463327766421685,-0.002911208151382849
420,52,0.4155806063513791,humanitarian,0.2908545727136432,93,79,0,588,98,0.0,2026-08-16T21:42:43.700406+00:00,large,True,crossfit_strongest_nonentropic,high,84924.35832834382,133999,20,182.77425313345816,0.0358419765163639,33856,667,787044,517272,high,94,100,1040,private_fragmented,3,9.379164112033322e-13,258.79576061635464,high,0,244585,agent_event_triggered,1040,30,20,20,89.0,194,131675,True,9.12383920617654,v7-development_formal_dynamic-humanitarian-large-high-high-high-random_geometric-private_fragmented-787044-crossfit_strongest_nonentropic-event_triggered-agent_event_triggered,175280.8745713869,111,60543861,176485,event_triggered,2026-08-16T21:30:20.223175+00:00,2a01923c962b9d3eece9885fcee5bc0f196c73e33cdae569da8b3ca070857a04,12.0,random_geometric,60788446,177525,4471.863648333085,nan,nan,nan,nan,nan,nan,nan,nan,174,667,0.2608695652173913,172,0.45930232558139533,421,52,0.4145892731500795,0.2855007473841554,89,79,0,588,91,0.0,2026-08-16T22:05:05.945455+00:00,True,crossfit_generalized_entropic,88398.15412448235,133788,20,187.79338951184064,0.0359350859304629,33846,669,516443,97,100,1040,3,5.861977570020828e-14,200.11391319138315,0,244562,1040,30,20,20,85.0,191,131398,True,7.91832762044104,v7-development_formal_dynamic-humanitarian-large-high-high-high-random_geometric-private_fragmented-787044-crossfit_generalized_entropic-event_triggered-agent_event_triggered,174800.38429557745,116,60450161,176208,2026-08-16T21:52:33.191289+00:00,2a01923c962b9d3eece9885fcee5bc0f196c73e33cdae569da8b3ca070857a04,12.0,60694723,177248,4476.318611088026,nan,nan,nan,nan,nan,nan,nan,nan,171,669,0.2556053811659193,168,0.47023809523809523,-0.0109357696566999,-480.49027580945403,-0.002741259004922206,-58.681847424971494,-0.005264184051471998
426,52,0.4177002999730121,humanitarian,0.3092783505154639,107,78,0,312,111,0.0,2026-08-16T20:33:38.728433+00:00,large,True,crossfit_strongest_nonentropic,high,102841.99309876192,20593,20,194.0349243570151,0.0397942805871958,9429,679,787042,191910,high,94,100,1040,private_fragmented,3,3.410605131648481e-13,368.3070058249364,high,0,244537,agent_event_triggered,1040,30,20,20,89.0,210,44585,True,11.199888090628203,v7-development_formal_dynamic-humanitarian-large-high-high-high-small_world-private_fragmented-787042-crossfit_strongest_nonentropic-event_triggered-agent_event_triggered,180291.5800537853,123,20561057,59880,event_triggered,2026-08-16T20:28:35.230828+00:00,e45e8ab43a1f27d37ce7fb4b044e01e4476ebedb0e0a6c7d1db47a46028429e5,12.0,small_world,20805594,60920,4544.285694126933,nan,nan,nan,nan,nan,nan,nan,nan,190,679,0.27982326951399117,185,0.42162162162162165,426,52,0.416856925286021,0.3033873343151693,107,75,0,312,110,0.0,2026-08-16T20:46:29.244496+00:00,True,crossfit_generalized_entropic,100943.1554800742,20593,20,188.32580794297763,0.0397942805871958,9429,679,191903,92,100,1040,3,1.2789769243681806e-13,320.0175103625583,0,244551,1040,30,20,20,89.0,206,44585,True,7.553465058067862,v7-development_formal_dynamic-humanitarian-large-high-high-high-small_world-private_fragmented-787042-crossfit_generalized_entropic-event_triggered-agent_event_triggered,179850.73492923813,122,20561057,59880,2026-08-16T20:41:36.159271+00:00,e45e8ab43a1f27d37ce7fb4b044e01e4476ebedb0e0a6c7d1db47a46028429e5,12.0,20805608,60920,4530.407930914748,nan,nan,nan,nan,nan,nan,nan,nan,186,679,0.27393225331369664,182,0.41208791208791207,0.009533709533709578,-440.84512454716605,-0.0024451786623404786,-48.28949546237811,-0.00589101620029453
156,28,0.4554102071525922,humanitarian,0.3813559322033898,33,37,0,74,34,0.0,2026-08-16T22:10:32.642766+00:00,medium,True,crossfit_strongest_nonentropic,high,15305.856750558529,778,15,80.63046222136059,0.0411387229530153,752,236,787026,19150,high,51,60,420,private_fragmented,3,5.684341886080803e-14,76.9942001915657,high,0,98638,agent_event_triggered,420,16,15,15,66.0,90,2798,True,2.5,v7-development_formal_dynamic-humanitarian-medium-high-high-high-modular-private_fragmented-787026-crossfit_strongest_nonentropic-event_triggered-agent_event_triggered,29306.924827607894,48,1282283,3721,event_triggered,2026-08-16T22:10:04.192782+00:00,5ba2447bd338e685db34a45b0be5aeb98acffa6f15315ab2eafead92e078b31e,17.0,modular,1380921,4141,1326.1229961183642,nan,nan,nan,nan,nan,nan,nan,nan,75,236,0.3177966101694915,70,0.5285714285714286,156,28,0.4539955762429552,0.3771186440677966,32,35,0,74,33,0.0,2026-08-16T22:21:23.714381+00:00,True,crossfit_generalized_entropic,15804.671305362772,778,15,80.01862522569813,0.0411387229530153,752,236,19146,49,60,420,3,1.7763568394002505e-14,69.18015053864727,0,98642,420,16,15,15,66.0,89,2798,True,2.5,v7-development_formal_dynamic-humanitarian-medium-high-high-high-modular-private_fragmented-787026-crossfit_generalized_entropic-event_triggered-agent_event_triggered,29897.35717965685,47,1282283,3721,2026-08-16T22:20:55.169705+00:00,5ba2447bd338e685db34a45b0be5aeb98acffa6f15315ab2eafead92e078b31e,14.0,1380925,4141,1345.5906226323978,nan,nan,nan,nan,nan,nan,nan,nan,74,236,0.3135593220338983,67,0.5223880597014925,0.00618336886993609,590.4323520489561,0.02014651334188271,-7.814049652918428,-0.004237288135593209
174,28,0.4617912312668368,humanitarian,0.3533834586466165,47,29,0,80,50,0.0,2026-08-16T22:34:25.060245+00:00,medium,True,crossfit_strongest_nonentropic,high,14528.450817360545,1144,15,86.11529313150734,0.0456391911719509,885,266,787030,20390,high,40,60,420,private_fragmented,3,1.7763568394002505e-14,121.34570682258982,high,0,98818,agent_event_triggered,420,16,14,14,60.0,94,3105,True,3.837005906471132,v7-development_formal_dynamic-humanitarian-medium-high-high-high-modular-private_fragmented-787030-crossfit_strongest_nonentropic-event_triggered-agent_event_triggered,31062.067485342457,51,1441012,4174,event_triggered,2026-08-16T22:33:53.880316+00:00,8292838724ef87c2bc7b5e114f728733482233994bbe51b08c52af344885c83c,18.0,modular,1539830,4594,1419.8715730696697,nan,nan,nan,nan,nan,nan,nan,nan,80,266,0.3007518796992481,76,0.3815789473684211,174,28,0.4575572299116658,0.3421052631578947,44,30,0,80,47,0.0,2026-08-16T22:43:55.926865+00:00,True,crossfit_generalized_entropic,14987.881908791807,1144,15,78.07002969815976,0.0456391911719509,885,266,20385,41,60,420,3,4.263256414560601e-14,127.04059938137024,0,98830,420,16,14,14,60.0,91,3105,True,2.5,v7-development_formal_dynamic-humanitarian-medium-high-high-high-modular-private_fragmented-787030-crossfit_generalized_entropic-event_triggered-agent_event_triggered,31577.477107066818,45,1441012,4174,2026-08-16T22:43:24.630152+00:00,8292838724ef87c2bc7b5e114f728733482233994bbe51b08c52af344885c83c,18.0,1539842,4594,1448.5664565683596,nan,nan,nan,nan,nan,nan,nan,nan,77,266,0.2894736842105263,74,0.40540540540540543,-0.023826458036984355,515.4096217243605,0.01659289491813678,5.694892558780424,-0.011278195488721776
177,28,0.454563339603139,humanitarian,0.3984962406015037,45,42,0,88,46,0.0,2026-08-16T22:34:55.104317+00:00,medium,True,crossfit_strongest_nonentropic,high,14608.94756231954,1006,15,89.76265509459547,0.044801116484371,1123,266,787033,20367,high,56,60,419,private_fragmented,3,5.684341886080803e-14,166.10380699710134,high,0,98750,agent_event_triggered,419,16,15,15,65.0,106,3188,True,7.481445830066449,v7-development_formal_dynamic-humanitarian-medium-high-high-high-modular-private_fragmented-787033-crossfit_strongest_nonentropic-event_triggered-agent_event_triggered,31727.588870175987,54,1460079,4237,event_triggered,2026-08-16T22:34:27.340794+00:00,70c6ca78cc0ad0b331f1d3965a940f76ffcd5c1bd63bb492f9b344ace2250ef2,22.0,modular,1558829,4656,1483.4034128849885,nan,nan,nan,nan,nan,nan,nan,nan,91,266,0.34210526315789475,87,0.4827586206896552,177,28,0.4555604820694242,0.3984962406015037,43,43,0,88,45,0.0,2026-08-16T22:44:27.000946+00:00,True,crossfit_generalized_entropic,14648.284643440396,1006,15,87.76265509459547,0.044801116484371,1123,266,20366,56,60,419,3,4.263256414560601e-14,147.79405040863503,0,98749,419,16,15,15,65.0,106,3188,True,7.481445830066449,v7-development_formal_dynamic-humanitarian-medium-high-high-high-modular-private_fragmented-787033-crossfit_generalized_entropic-event_triggered-agent_event_triggered,31670.144826579846,53,1460079,4237,2026-08-16T22:43:58.211043+00:00,70c6ca78cc0ad0b331f1d3965a940f76ffcd5c1bd63bb492f9b344ace2250ef2,22.0,1558828,4656,1447.84157482234,nan,nan,nan,nan,nan,nan,nan,nan,91,266,0.34210526315789475,86,0.5,-0.017241379310344807,-57.444043596140546,-0.0018105392070980248,-18.309756588466314,0.0
169,28,0.4566669831017734,humanitarian,0.3463035019455253,36,32,0,86,38,0.0,2026-08-16T22:12:11.186945+00:00,medium,True,crossfit_strongest_nonentropic,high,16550.448780069124,1286,15,64.99707460652385,0.0400269622631251,1307,257,787036,22931,high,45,60,420,private_fragmented,3,2.8421709430404014e-14,95.62927336985288,high,0,98933,agent_event_triggered,420,16,15,15,62.0,89,3868,True,2.5,v7-development_formal_dynamic-humanitarian-medium-high-high-high-modular-private_fragmented-787036-crossfit_strongest_nonentropic-event_triggered-agent_event_triggered,31499.153915277137,41,1783537,5164,event_triggered,2026-08-16T22:11:36.496194+00:00,6bf644450937d9bcae07708aeb73372979d1d9ff6100f592ca1f110f445542ad,18.0,modular,1882470,5584,1425.9243233410975,nan,nan,nan,nan,nan,nan,nan,nan,74,257,0.28793774319066145,68,0.47058823529411764,170,28,0.4551162560080304,0.3513513513513513,34,35,0,86,36,0.0,2026-08-16T22:23:08.915570+00:00,True,crossfit_generalized_entropic,16568.33805422093,1286,15,64.51701619537909,0.0400269622631251,1307,259,22934,48,60,420,3,8.526512829121202e-14,82.82447188253245,0,98937,420,16,15,15,64.0,91,3868,True,3.5,v7-development_formal_dynamic-humanitarian-medium-high-high-high-modular-private_fragmented-787036-crossfit_generalized_entropic-event_triggered-agent_event_triggered,31207.0801759924,41,1783537,5164,2026-08-16T22:22:31.472121+00:00,6bf644450937d9bcae07708aeb73372979d1d9ff6100f592ca1f110f445542ad,21.0,1882474,5584,1406.0111594462842,nan,nan,nan,nan,nan,nan,nan,nan,76,259,0.29343629343629346,69,0.5072463768115942,-0.036658141517476595,-292.0737392847368,-0.009272431255465582,-12.804801487320432,0.005498550245632006
142,28,0.4601889385487325,humanitarian,0.2731481481481481,22,24,0,100,22,0.0,2026-08-16T20:34:25.116330+00:00,medium,True,crossfit_strongest_nonentropic,high,15376.473140224536,1771,15,46.675125347646784,0.0093450501501968,1562,216,787047,28845,high,36,60,69,public_shared,3,4.263256414560601e-14,37.32057694980777,high,0,28659,agent_event_triggered,121,16,12,12,51.0,59,6105,True,0.5,v7-development_formal_dynamic-humanitarian-medium-high-high-high-modular-public_shared-787047-crossfit_strongest_nonentropic-event_triggered-agent_event_triggered,31061.04490483315,30,2537789,7658,event_triggered,2026-08-16T20:33:53.707477+00:00,046fe7a41b91eb2aff2b4ef7a7c16b3d18c2489dd5ea3b76dd7da6a3babf0609,10.0,modular,2566448,7779,1374.8494712732922,nan,nan,nan,nan,nan,nan,nan,nan,47,216,0.2175925925925926,46,0.5217391304347826,142,28,0.4602297048028835,0.2777777777777778,22,25,0,100,22,0.0,2026-08-16T20:47:15.358611+00:00,True,crossfit_generalized_entropic,15376.473140224536,1771,15,48.175125347646784,0.0093450501501968,1562,216,28847,37,60,69,3,4.263256414560601e-14,37.20057694980777,0,28657,121,16,12,12,51.0,60,6105,True,1.0,v7-development_formal_dynamic-humanitarian-medium-high-high-high-modular-public_shared-787047-crossfit_generalized_entropic-event_triggered-agent_event_triggered,31062.149023488968,31,2537789,7658,2026-08-16T20:46:43.935976+00:00,046fe7a41b91eb2aff2b4ef7a7c16b3d18c2489dd5ea3b76dd7da6a3babf0609,10.0,2566446,7779,1374.849471273292,nan,nan,nan,nan,nan,nan,nan,nan,48,216,0.2222222222222222,47,0.5319148936170213,-0.010175763182238673,1.1041186558177287,3.554673254555986e-05,-0.12000000000000455,0.0046296296296296224
141,28,0.4536068041875326,humanitarian,0.2678571428571428,25,26,0,88,25,0.0,2026-08-16T22:38:11.196937+00:00,medium,True,crossfit_strongest_nonentropic,high,14995.96463296718,1427,15,46.01500642246069,0.0142644596409891,1443,224,787050,25025,high,34,60,51,public_shared,3,2.415845301584341e-13,41.67397594329265,high,0,26194,agent_event_triggered,111,16,8,8,33.0,60,5134,True,0.5,v7-development_formal_dynamic-humanitarian-medium-high-high-high-modular-public_shared-787050-crossfit_strongest_nonentropic-event_triggered-agent_event_triggered,30505.554284491664,32,2105039,6359,event_triggered,2026-08-16T22:37:37.123932+00:00,1934ac7be6210bab6eb4051bf2d19bef06e9329a5cebf69b7fc9e17354650b86,22.0,modular,2131233,6470,1369.3159746048668,nan,nan,nan,nan,nan,nan,nan,nan,52,224,0.23214285714285715,51,0.5098039215686274,142,28,0.4536068041875326,0.2723214285714285,24,27,0,88,24,0.0,2026-08-16T22:47:45.847206+00:00,True,crossfit_generalized_entropic,15131.714272402443,1427,15,50.01500642246069,0.0142644596409891,1443,224,25027,36,60,51,3,2.380318164796336e-13,38.25613255942737,0,26194,111,16,9,9,38.0,61,5134,True,0.5,v7-development_formal_dynamic-humanitarian-medium-high-high-high-modular-public_shared-787050-crossfit_generalized_entropic-event_triggered-agent_event_triggered,30385.80602218301,34,2105039,6359,2026-08-16T22:47:10.967618+00:00,1934ac7be6210bab6eb4051bf2d19bef06e9329a5cebf69b7fc9e17354650b86,22.0,2131233,6470,1363.591828571776,nan,nan,nan,nan,nan,nan,nan,nan,52,224,0.23214285714285715,51,0.5294117647058824,-0.019607843137254943,-119.74826230865438,-0.003925457678686786,-3.417843383865282,0.0
169,28,0.4626833097796258,humanitarian,0.3831417624521073,44,40,0,162,46,0.0,2026-08-16T20:27:10.755079+00:00,medium,True,crossfit_strongest_nonentropic,high,13939.219408674426,12403,15,89.1528523039187,0.0400790265020736,3457,261,787027,50923,high,52,60,420,private_fragmented,3,6.394884621840903e-14,112.6455575604528,high,0,98763,agent_event_triggered,420,16,14,14,65.0,100,11794,True,2.0,v7-development_formal_dynamic-humanitarian-medium-high-high-high-random_geometric-private_fragmented-787027-crossfit_strongest_nonentropic-event_triggered-agent_event_triggered,28765.74947719053,51,5223225,15206,event_triggered,2026-08-16T20:26:03.658302+00:00,dd280fde0502c43f203ed7c6011916427cd28a40078a12afc1d29c5a423aa76f,22.0,random_geometric,5321988,15626,1286.0487127360216,nan,nan,nan,nan,nan,nan,nan,nan,86,261,0.32950191570881227,84,0.47619047619047616,169,28,0.4637547909634077,0.3754789272030651,42,39,0,162,44,0.0,2026-08-16T20:40:13.710679+00:00,True,crossfit_generalized_entropic,14135.01821472344,12403,15,86.65285230391872,0.0400790265020736,3457,261,50918,51,60,420,3,1.2079226507921706e-13,103.72749131781258,0,98758,420,16,14,14,65.0,98,11794,True,2.5,v7-development_formal_dynamic-humanitarian-medium-high-high-high-random_geometric-private_fragmented-787027-crossfit_generalized_entropic-event_triggered-agent_event_triggered,28126.15424976175,50,5223225,15206,2026-08-16T20:39:09.058229+00:00,dd280fde0502c43f203ed7c6011916427cd28a40078a12afc1d29c5a423aa76f,22.0,5321983,15626,1260.7641990222585,nan,nan,nan,nan,nan,nan,nan,nan,84,261,0.3218390804597701,81,0.48148148148148145,-0.005291005291005291,-639.5952274287811,-0.022234610224077102,-8.918066242640222,-0.007662835249042155
170,28,0.4643291331717833,humanitarian,0.4015444015444015,49,38,0,172,50,0.0,2026-08-16T22:33:49.637272+00:00,medium,True,crossfit_strongest_nonentropic,high,14941.358480685978,11217,15,120.69364640902737,0.0406172528581553,4276,259,787028,48732,high,51,60,420,private_fragmented,3,2.8421709430404014e-14,117.65928871782062,high,0,98656,agent_event_triggered,420,16,14,14,59.0,104,13190,True,4.5,v7-development_formal_dynamic-humanitarian-medium-high-high-high-random_geometric-private_fragmented-787028-crossfit_strongest_nonentropic-event_triggered-agent_event_triggered,29970.228719673563,69,5049508,14746,event_triggered,2026-08-16T22:32:56.548560+00:00,c4d54cb3641d4d1693425daa2e2474d6a738e3e97cc054e628c80ee08992e778,9.0,random_geometric,5148164,15166,1374.8729013105628,nan,nan,nan,nan,nan,nan,nan,nan,90,259,0.3474903474903475,87,0.4367816091954023,171,28,0.462015097912706,0.4054054054054054,48,39,0,172,49,0.0,2026-08-16T22:43:20.350127+00:00,True,crossfit_generalized_entropic,15755.356991571824,11217,15,118.69364640902738,0.0406172528581553,4276,259,48734,53,60,420,3,2.8421709430404014e-14,108.33892003074,0,98653,420,16,15,15,65.0,105,13190,True,5.0,v7-development_formal_dynamic-humanitarian-medium-high-high-high-random_geometric-private_fragmented-787028-crossfit_generalized_entropic-event_triggered-agent_event_triggered,30212.428487197583,68,5049508,14746,2026-08-16T22:42:25.660506+00:00,c4d54cb3641d4d1693425daa2e2474d6a738e3e97cc054e628c80ee08992e778,9.0,5148161,15166,1378.84101451788,nan,nan,nan,nan,nan,nan,nan,nan,90,259,0.3474903474903475,87,0.4482758620689655,-0.011494252873563204,242.19976752402,0.008081345317362598,-9.320368687080617,0.0
166,28,0.4610856604969298,humanitarian,0.3694779116465863,41,31,0,188,43,0.0,2026-08-16T20:28:23.518772+00:00,medium,True,crossfit_strongest_nonentropic,high,13861.51176050465,13832,15,93.7664136099757,0.0377091442107321,6286,249,787031,55196,high,44,60,420,private_fragmented,3,7.105427357601003e-14,86.16750589198901,high,0,98504,agent_event_triggered,420,16,15,15,66.0,92,15646,True,3.5,v7-development_formal_dynamic-humanitarian-medium-high-high-high-random_geometric-private_fragmented-787031-crossfit_strongest_nonentropic-event_triggered-agent_event_triggered,29584.808307546715,54,6019354,17579,event_triggered,2026-08-16T20:27:15.042050+00:00,9f563b11d5d46bbc01e6c28d57a143956e17af6dec56310574b47842e86a9784,9.0,random_geometric,6117858,17999,1356.4765518337683,nan,nan,nan,nan,nan,nan,nan,nan,77,249,0.3092369477911647,72,0.4305555555555556,166,28,0.4595325818454521,0.3775100401606425,45,32,0,188,46,0.0,2026-08-16T20:41:24.469188+00:00,True,crossfit_generalized_entropic,13646.1122174182,13832,15,102.2245025109485,0.0377091442107321,6286,249,55203,46,60,420,3,5.684341886080803e-14,93.06995620144664,0,98501,420,16,15,15,64.0,94,15646,True,4.0,v7-development_formal_dynamic-humanitarian-medium-high-high-high-random_geometric-private_fragmented-787031-crossfit_generalized_entropic-event_triggered-agent_event_triggered,29846.31435810388,58,6019354,17579,2026-08-16T20:40:17.874809+00:00,9f563b11d5d46bbc01e6c28d57a143956e17af6dec56310574b47842e86a9784,9.0,6117855,17999,1363.962351152058,nan,nan,nan,nan,nan,nan,nan,nan,79,249,0.3172690763052209,77,0.4155844155844156,0.014971139971139968,261.5060505571637,0.008839200438234943,6.902450309457635,0.008032128514056214
170,28,0.4575205548902447,humanitarian,0.3396946564885496,36,34,0,176,38,0.0,2026-08-16T22:11:32.431558+00:00,medium,True,crossfit_strongest_nonentropic,high,15394.871731216028,11638,15,76.77626004224457,0.0362965273950198,6960,262,787034,47462,high,46,60,420,private_fragmented,3,5.684341886080803e-14,99.85499048708198,high,0,98938,agent_event_triggered,420,16,14,14,60.0,89,12649,True,2.0,v7-development_formal_dynamic-humanitarian-medium-high-high-high-random_geometric-private_fragmented-787034-crossfit_strongest_nonentropic-event_triggered-agent_event_triggered,30775.05789810897,44,5235774,15225,event_triggered,2026-08-16T22:10:34.787916+00:00,8ca1b2db570f58860b1bba693cdd92ee83e190030f38b8183e1e2ff195b72bb6,22.0,random_geometric,5334712,15645,1387.6742589120447,nan,nan,nan,nan,nan,nan,nan,nan,75,262,0.2862595419847328,70,0.4857142857142857,161,28,0.4577257767732908,0.3548387096774194,36,33,0,176,39,0.0,2026-08-16T22:22:27.074582+00:00,True,crossfit_generalized_entropic,15602.46895882417,11638,15,74.40364815713714,0.0362965273950198,6960,248,47460,44,60,420,3,4.263256414560601e-14,96.49138187595,0,98939,420,16,14,14,60.0,88,12649,True,2.0,v7-development_formal_dynamic-humanitarian-medium-high-high-high-random_geometric-private_fragmented-787034-crossfit_generalized_entropic-event_triggered-agent_event_triggered,31335.98881995336,42,5235774,15225,2026-08-16T22:21:25.944117+00:00,8ca1b2db570f58860b1bba693cdd92ee83e190030f38b8183e1e2ff195b72bb6,22.0,5334713,15645,1408.2162714964018,nan,nan,nan,nan,nan,nan,nan,nan,74,248,0.29838709677419356,69,0.4782608695652174,0.007453416149068304,560.9309218443886,0.018226803137187796,-3.36360861113198,0.01212755478946076
146,28,0.4544730213234162,humanitarian,0.3187772925764192,30,35,0,174,30,0.0,2026-08-16T22:37:31.421400+00:00,medium,True,crossfit_strongest_nonentropic,high,14797.09518645226,17693,15,78.3197510312703,0.0257606129868389,3529,229,787045,69948,high,42,60,62,public_shared,3,2.273736754432321e-13,57.61454986600064,high,0,27580,agent_event_triggered,117,16,7,7,30.0,73,18198,True,3.0,v7-development_formal_dynamic-humanitarian-medium-high-high-high-random_geometric-public_shared-787045-crossfit_strongest_nonentropic-event_triggered-agent_event_triggered,29347.51385047757,44,7292138,22011,event_triggered,2026-08-16T22:36:10.467653+00:00,c7f5fd9df178d2a65e629f67bb476ea0764e69618e7cd91b2fcb926d6a435b66,22.0,random_geometric,7319718,22128,1314.4907286134871,nan,nan,nan,nan,nan,nan,nan,nan,66,229,0.28820960698689957,65,0.5384615384615384,155,28,0.4541017750045131,0.2962962962962963,30,34,0,174,30,0.0,2026-08-16T22:47:05.279358+00:00,True,crossfit_generalized_entropic,14705.686686452267,17696,15,74.05985467705709,0.0257606129868389,3530,243,69957,41,60,62,3,1.1368683772161605e-13,56.113240456055145,0,28516,121,16,7,7,30.0,72,18198,True,3.5,v7-development_formal_dynamic-humanitarian-medium-high-high-high-random_geometric-public_shared-787045-crossfit_generalized_entropic-event_triggered-agent_event_triggered,29358.16576611344,43,7292138,22011,2026-08-16T22:45:44.403576+00:00,c7f5fd9df178d2a65e629f67bb476ea0764e69618e7cd91b2fcb926d6a435b66,22.0,7320654,22132,1316.3328297317696,nan,nan,nan,nan,nan,nan,nan,nan,65,243,0.2674897119341564,64,0.53125,0.007211538461538436,10.651915635869955,0.0003629580239791459,-1.5013094099454918,-0.020719895052743187
136,28,0.45782603831189,humanitarian,0.2654028436018957,24,23,0,144,25,0.0,2026-08-16T22:17:36.202311+00:00,medium,True,crossfit_strongest_nonentropic,high,15238.36535817217,9364,15,48.439605425332175,0.0182912642380923,1577,211,787048,41275,high,31,60,77,public_shared,3,2.131628207280301e-14,43.91353228106014,high,0,29186,agent_event_triggered,124,16,9,9,40.0,56,9611,True,5.0,v7-development_formal_dynamic-humanitarian-medium-high-high-high-random_geometric-public_shared-787048-crossfit_strongest_nonentropic-event_triggered-agent_event_triggered,30026.313626540952,31,3912630,11801,event_triggered,2026-08-16T22:16:44.433103+00:00,0a7aafad458acb78c9e4a9d69b5a30967d1563dba5042702aaa2169b739f69fb,25.0,random_geometric,3941816,11925,1358.2118841664667,nan,nan,nan,nan,nan,nan,nan,nan,47,211,0.22274881516587677,47,0.48936170212765956,136,28,0.4561461498398491,0.2701421800947867,23,25,0,144,23,0.0,2026-08-16T22:28:39.138101+00:00,True,crossfit_generalized_entropic,15145.18135817217,9364,15,52.939605425332175,0.0182912642380923,1577,211,41277,34,60,77,3,7.105427357601003e-14,40.88203480232957,0,29186,124,16,9,9,40.0,57,9611,True,4.0,v7-development_formal_dynamic-humanitarian-medium-high-high-high-random_geometric-public_shared-787048-crossfit_generalized_entropic-event_triggered-agent_event_triggered,30088.40456098795,33,3912630,11801,2026-08-16T22:27:46.284607+00:00,0a7aafad458acb78c9e4a9d69b5a30967d1563dba5042702aaa2169b739f69fb,24.0,3941816,11925,1360.7183816451975,nan,nan,nan,nan,nan,nan,nan,nan,48,211,0.22748815165876776,48,0.5208333333333334,-0.03147163120567381,62.09093444699829,0.0020678840306295435,-3.0314974787305715,0.004739336492890989
183,28,0.4599069217484945,humanitarian,0.4021352313167259,54,45,0,168,55,0.0,2026-08-16T20:54:32.305505+00:00,medium,True,crossfit_strongest_nonentropic,high,13584.079643382676,11360,15,104.16390276384182,0.0353375062406262,3918,281,787025,74518,high,58,60,420,private_fragmented,3,1.9895196601282805e-13,148.6297951645288,high,0,98826,agent_event_triggered,420,16,14,14,66.0,113,18770,True,3.5,v7-development_formal_dynamic-humanitarian-medium-high-high-high-small_world-private_fragmented-787025-crossfit_strongest_nonentropic-event_triggered-agent_event_triggered,28039.66271077349,59,7961719,23217,event_triggered,2026-08-16T20:53:04.464684+00:00,a26a3deed61515ace41205bea4b96c0341af5e8cf5d7d529644b071ed2558ee1,10.0,small_world,8060545,23637,1285.9074169460046,nan,nan,nan,nan,nan,nan,nan,nan,99,281,0.35231316725978645,99,0.45454545454545453,184,28,0.4576096456310136,0.3992932862190813,53,46,0,168,54,0.0,2026-08-16T21:12:03.695237+00:00,True,crossfit_generalized_entropic,13165.1481104693,11321,15,103.48473161276996,0.0354937428240462,3882,283,74323,59,60,420,3,1.4921397450962106e-13,137.7547189989873,0,98830,420,16,14,14,70.0,113,18693,True,3.0,v7-development_formal_dynamic-humanitarian-medium-high-high-high-small_world-private_fragmented-787025-crossfit_generalized_entropic-event_triggered-agent_event_triggered,27508.999776063865,59,7935337,23140,2026-08-16T21:10:35.700632+00:00,a26a3deed61515ace41205bea4b96c0341af5e8cf5d7d529644b071ed2558ee1,10.0,8034167,23560,1247.5990954033073,nan,nan,nan,nan,nan,nan,nan,nan,99,283,0.3498233215547703,99,0.46464646464646464,-0.01010101010101011,-530.6629347096241,-0.018925439303010272,-10.875076165541486,-0.002489845705016147
174,28,0.4562075564096958,humanitarian,0.3670411985018726,42,41,0,168,46,0.0,2026-08-16T20:55:55.958615+00:00,medium,True,crossfit_strongest_nonentropic,high,16896.901887530723,7724,15,92.21349589274335,0.0397662545049225,4882,267,787029,59930,high,51,60,419,private_fragmented,3,1.4210854715202006e-13,118.63115501251234,high,0,98421,agent_event_triggered,419,16,14,14,67.0,98,14270,True,2.5,v7-development_formal_dynamic-humanitarian-medium-high-high-high-small_world-private_fragmented-787029-crossfit_strongest_nonentropic-event_triggered-agent_event_triggered,31055.60640203029,51,6396293,18684,event_triggered,2026-08-16T20:54:38.025572+00:00,5f800b180050063a17437065cfe33c2b9861f1c6bde6443217a67332e347b2a1,12.0,small_world,6494714,19103,1438.5682780671991,nan,nan,nan,nan,nan,nan,nan,nan,84,267,0.3146067415730337,83,0.4939759036144578,174,28,0.454150998306173,0.352059925093633,41,37,0,168,44,0.0,2026-08-16T21:13:27.366389+00:00,True,crossfit_generalized_entropic,16070.000022891742,7724,15,89.71349589274337,0.0397662545049225,4882,267,59921,48,60,419,3,9.947598300641405e-14,116.13481508983207,0,98428,419,16,14,14,66.0,94,14270,True,1.5,v7-development_formal_dynamic-humanitarian-medium-high-high-high-small_world-private_fragmented-787029-crossfit_generalized_entropic-event_triggered-agent_event_triggered,31121.96160568259,49,6396293,18684,2026-08-16T21:12:09.521852+00:00,5f800b180050063a17437065cfe33c2b9861f1c6bde6443217a67332e347b2a1,12.0,6494721,19103,1444.229230687608,nan,nan,nan,nan,nan,nan,nan,nan,80,267,0.299625468164794,78,0.47435897435897434,0.019616929255483473,66.35520365229968,0.0021366577999894294,-2.4963399226802636,-0.014981273408239681
177,28,0.4750945616250129,humanitarian,0.3717472118959107,49,36,0,168,49,0.0,2026-08-16T21:30:09.211276+00:00,medium,True,crossfit_strongest_nonentropic,high,16473.518076762743,7168,15,98.56623047228292,0.0385648275524462,4007,269,787032,53678,high,49,60,420,private_fragmented,3,1.4210854715202004e-14,94.46294961657716,high,0,98518,agent_event_triggered,420,16,13,13,63.0,100,13917,True,7.0,v7-development_formal_dynamic-humanitarian-medium-high-high-high-small_world-private_fragmented-787032-crossfit_strongest_nonentropic-event_triggered-agent_event_triggered,30661.598568168825,58,5593683,16308,event_triggered,2026-08-16T21:29:13.753646+00:00,6d0822c8d1b0c36af1cbe50a2bfad26ba643b4dd8a94f3a88779aa31e983690d,22.0,small_world,5692201,16728,1375.4854054406685,nan,nan,nan,nan,nan,nan,nan,nan,87,269,0.32342007434944237,85,0.4235294117647059,177,28,0.4714922918125158,0.3717472118959107,49,36,0,168,50,0.0,2026-08-16T21:52:21.755547+00:00,True,crossfit_generalized_entropic,15595.044235589805,7168,15,99.01692545937,0.0385648275524462,4007,269,53678,48,60,420,3,1.4210854715202004e-14,98.12951806476076,0,98515,420,16,13,13,61.0,100,13917,True,6.0,v7-development_formal_dynamic-humanitarian-medium-high-high-high-small_world-private_fragmented-787032-crossfit_generalized_entropic-event_triggered-agent_event_triggered,29734.988442535505,58,5593683,16308,2026-08-16T21:51:24.661887+00:00,6d0822c8d1b0c36af1cbe50a2bfad26ba643b4dd8a94f3a88779aa31e983690d,22.0,5692198,16728,1329.3011150010757,nan,nan,nan,nan,nan,nan,nan,nan,87,269,0.32342007434944237,85,0.4235294117647059,0.0,-926.6101256333204,-0.0302205419451051,3.6665684481835967,0.0
175,28,0.4630909995104969,humanitarian,0.4548872180451128,63,42,0,168,64,0.0,2026-08-16T22:36:05.852215+00:00,medium,True,crossfit_strongest_nonentropic,high,14155.29756776417,6771,15,126.9008423927776,0.0369015831393576,4892,266,787035,55300,high,55,60,420,private_fragmented,3,2.486899575160351e-13,141.4141399073427,high,0,98711,agent_event_triggered,420,16,14,14,63.0,121,13084,True,3.5,v7-development_formal_dynamic-humanitarian-medium-high-high-high-small_world-private_fragmented-787035-crossfit_strongest_nonentropic-event_triggered-agent_event_triggered,28309.066766484,71,5869060,17127,event_triggered,2026-08-16T22:34:57.435972+00:00,df66f72806190f84ea3d2e0a01cb0d38484601a75b3d3100342d5601951db2d5,9.0,small_world,5967771,17547,1279.0239308753885,nan,nan,nan,nan,nan,nan,nan,nan,107,266,0.40225563909774437,105,0.4,176,28,0.4626244832275897,0.4511278195488721,61,43,0,168,62,0.0,2026-08-16T22:45:39.824762+00:00,True,crossfit_generalized_entropic,14264.125319659148,6771,15,124.4008423927776,0.0369015831393576,4892,266,55298,56,60,420,3,1.2789769243681806e-13,138.08666010119902,0,98714,420,16,15,14,67.0,120,13084,True,4.0,v7-development_formal_dynamic-humanitarian-medium-high-high-high-small_world-private_fragmented-787035-crossfit_generalized_entropic-event_triggered-agent_event_triggered,28258.78439366189,70,5869060,17127,2026-08-16T22:44:29.412737+00:00,df66f72806190f84ea3d2e0a01cb0d38484601a75b3d3100342d5601951db2d5,9.0,5967774,17547,1275.4110265751624,nan,nan,nan,nan,nan,nan,nan,nan,106,266,0.39849624060150374,104,0.41346153846153844,-0.013461538461538414,-50.28237282211194,-0.0017761932329624808,-3.3274798061436854,-0.003759398496240629
152,28,0.4594431923287291,humanitarian,0.2803347280334728,26,30,0,168,26,0.0,2026-08-16T21:44:15.445922+00:00,medium,True,crossfit_strongest_nonentropic,high,15294.848982410283,7591,15,67.15006619875561,0.0203167307043004,8012,239,787046,54358,high,39,60,58,public_shared,3,1.4210854715202004e-14,49.34099078757834,high,0,27823,agent_event_triggered,118,16,9,9,40.0,67,14770,True,2.5,v7-development_formal_dynamic-humanitarian-medium-high-high-high-small_world-public_shared-787046-crossfit_strongest_nonentropic-event_triggered-agent_event_triggered,29894.342205826368,38,6060208,18313,event_triggered,2026-08-16T21:43:19.903122+00:00,3b5cb33d580d1b9d94fde827c331816ebea84e1ad1976d27fe05405c84a3380e,27.0,small_world,6088031,18431,1339.5444879877032,nan,nan,nan,nan,nan,nan,nan,nan,58,239,0.24267782426778242,56,0.5357142857142857,152,28,0.4580422426393061,0.2803347280334728,26,30,0,168,26,0.0,2026-08-16T22:06:43.878624+00:00,True,crossfit_generalized_entropic,15294.848982410283,7591,15,67.15006619875561,0.0203167307043004,8012,239,54358,39,60,58,3,2.131628207280301e-14,48.5896132449307,0,27822,118,16,9,9,40.0,67,14770,True,4.5,v7-development_formal_dynamic-humanitarian-medium-high-high-high-small_world-public_shared-787046-crossfit_generalized_entropic-event_triggered-agent_event_triggered,29930.18527450866,39,6060208,18313,2026-08-16T22:05:44.027180+00:00,3b5cb33d580d1b9d94fde827c331816ebea84e1ad1976d27fe05405c84a3380e,27.0,6088030,18431,1341.2904879877033,nan,nan,nan,nan,nan,nan,nan,nan,58,239,0.24267782426778242,56,0.5357142857142857,0.0,35.84306868229396,0.0011989917167439194,-0.7513775426476386,0.0
135,28,0.4548816069426489,humanitarian,0.319047619047619,30,26,0,168,30,0.0,2026-08-16T21:04:44.044344+00:00,medium,True,crossfit_strongest_nonentropic,high,14747.540032042412,12315,15,66.61569624269978,0.0281192690165937,5429,210,787049,81925,high,35,60,75,public_shared,3,7.815970093361102e-14,65.90538437241649,high,0,29724,agent_event_triggered,126,16,9,9,41.0,67,21962,True,0.0,v7-development_formal_dynamic-humanitarian-medium-high-high-high-small_world-public_shared-787049-crossfit_strongest_nonentropic-event_triggered-agent_event_triggered,29614.570971327284,38,8811833,26628,event_triggered,2026-08-16T21:03:16.413506+00:00,b621c80e6bada02fbdb1ecbe1a3b22f6b03c0c23a60ff4aa59581f7dcf4b1753,23.0,small_world,8841557,26754,1333.738022892932,nan,nan,nan,nan,nan,nan,nan,nan,58,210,0.2761904761904762,56,0.4642857142857143,135,28,0.4548816069426489,0.319047619047619,30,26,0,168,30,0.0,2026-08-16T21:22:17.241376+00:00,True,crossfit_generalized_entropic,14747.540032042412,12315,15,66.61569624269978,0.0281192690165937,5429,210,81925,35,60,75,3,7.815970093361102e-14,65.90538437241649,0,29724,126,16,9,9,41.0,67,21962,True,0.0,v7-development_formal_dynamic-humanitarian-medium-high-high-high-small_world-public_shared-787049-crossfit_generalized_entropic-event_triggered-agent_event_triggered,29614.570971327284,38,8811833,26628,2026-08-16T21:20:50.029970+00:00,b621c80e6bada02fbdb1ecbe1a3b22f6b03c0c23a60ff4aa59581f7dcf4b1753,23.0,8841557,26754,1333.738022892932,nan,nan,nan,nan,nan,nan,nan,nan,58,210,0.2761904761904762,56,0.4642857142857143,0.0,0.0,0.0,0.0,0.0
140,28,0.453994282519116,humanitarian,0.2731481481481481,27,19,0,98,27,0.0,2026-08-16T22:32:53.684194+00:00,medium,True,crossfit_strongest_nonentropic,high,14738.649555919535,1772,15,63.58697197257502,0.0298764054727893,1938,216,787019,29177,low,30,60,95,private_fragmented,3,2.8421709430404014e-14,62.748237300530725,high,0,34238,agent_event_triggered,144,16,11,11,49.0,59,6318,True,2.0,v7-development_formal_dynamic-humanitarian-medium-high-low-high-modular-private_fragmented-787019-crossfit_strongest_nonentropic-event_triggered-agent_event_triggered,29188.916662557345,38,2713836,7865,event_triggered,2026-08-16T22:32:16.244870+00:00,bbd1298ff13c3d27012b630bb58f4233aa885b5e0f1b4c9279b885e02ec84bfb,22.0,modular,2748074,8009,1342.7207785669102,nan,nan,nan,nan,nan,nan,nan,nan,48,216,0.2222222222222222,46,0.41304347826086957,141,28,0.4512255891513229,0.2592592592592592,22,21,0,98,22,0.0,2026-08-16T22:42:22.825819+00:00,True,crossfit_generalized_entropic,14714.54051356282,1772,15,61.18922207248252,0.0298764054727893,1938,216,29172,33,60,95,3,9.237055564881302e-14,53.90973128117241,0,34237,144,16,12,12,53.0,56,6318,True,1.5,v7-development_formal_dynamic-humanitarian-medium-high-low-high-modular-private_fragmented-787019-crossfit_generalized_entropic-event_triggered-agent_event_triggered,29492.935451834102,35,2713836,7865,2026-08-16T22:41:45.067614+00:00,bbd1298ff13c3d27012b630bb58f4233aa885b5e0f1b4c9279b885e02ec84bfb,20.0,2748073,8009,1351.5263436072353,nan,nan,nan,nan,nan,nan,nan,nan,44,216,0.2037037037037037,43,0.4883720930232558,-0.07532861476238623,304.01878927675716,0.010415555766985461,-8.838506019358313,-0.018518518518518517
152,28,0.4651605611353553,humanitarian,0.3133047210300429,37,24,0,156,39,0.0,2026-08-16T20:52:28.416237+00:00,medium,True,crossfit_strongest_nonentropic,high,15243.527671111116,15792,15,78.44498762644825,0.0333422270322063,3683,233,787020,64400,low,33,60,162,private_fragmented,3,1.0658141036401505e-13,89.16950064165557,high,0,46892,agent_event_triggered,197,16,11,11,52.0,73,16635,True,3.5,v7-development_formal_dynamic-humanitarian-medium-high-low-high-random_geometric-private_fragmented-787020-crossfit_strongest_nonentropic-event_triggered-agent_event_triggered,29652.17475773627,46,6931058,20098,event_triggered,2026-08-16T20:51:20.390263+00:00,765c6cebe6f66660b34909fd223dbd669c05ed8c82fd127bbd15fee96930a7eb,23.0,random_geometric,6977950,20295,1347.7253935900385,nan,nan,nan,nan,nan,nan,nan,nan,62,233,0.26609442060085836,61,0.39344262295081966,152,28,0.4677473046094501,0.3218884120171674,38,25,0,156,40,0.0,2026-08-16T21:09:59.597047+00:00,True,crossfit_generalized_entropic,14985.88882185885,15792,15,84.94498762644825,0.0333422270322063,3683,233,64404,34,60,162,3,7.815970093361102e-14,82.26747645368648,0,46888,197,16,11,11,52.0,75,16635,True,3.0,v7-development_formal_dynamic-humanitarian-medium-high-low-high-random_geometric-private_fragmented-787020-crossfit_generalized_entropic-event_triggered-agent_event_triggered,29310.931808112487,49,6931058,20098,2026-08-16T21:08:51.861935+00:00,765c6cebe6f66660b34909fd223dbd669c05ed8c82fd127bbd15fee96930a7eb,23.0,6977946,20295,1323.9130217504928,nan,nan,nan,nan,nan,nan,nan,nan,64,233,0.27467811158798283,63,0.3968253968253968,-0.0033827738745771385,-341.2429496237819,-0.011508192987927518,-6.90202418796909,0.00858369098712447
147,28,0.4516165351698403,humanitarian,0.2652173913043478,26,24,0,168,27,0.0,2026-08-16T22:09:57.554951+00:00,medium,True,crossfit_strongest_nonentropic,high,14603.237744490769,11018,15,69.53365345175365,0.0354028386274173,5947,230,787021,86378,low,33,60,145,private_fragmented,3,8.881784197001252e-14,52.86665231388103,high,0,43720,agent_event_triggered,184,16,10,10,46.0,61,23696,True,3.0,v7-development_formal_dynamic-humanitarian-medium-high-low-high-small_world-private_fragmented-787021-crossfit_strongest_nonentropic-event_triggered-agent_event_triggered,29515.39016712003,39,9727377,28204,event_triggered,2026-08-16T22:08:35.202955+00:00,58f5e818a2eff2e085507053a4dd682fda508bd3f0bb7198bf8fa5c0fc8ebc92,13.0,small_world,9771097,28388,1328.7434337844516,nan,nan,nan,nan,nan,nan,nan,nan,51,230,0.2217391304347826,50,0.48,147,28,0.4504186356207834,0.2652173913043478,26,24,0,168,27,0.0,2026-08-16T22:20:48.503099+00:00,True,crossfit_generalized_entropic,14539.667744490767,11018,15,69.53365345175365,0.0354028386274173,5947,230,86378,33,60,145,3,1.2079226507921706e-13,52.95065231388104,0,43714,184,16,10,10,46.0,61,23696,True,3.0,v7-development_formal_dynamic-humanitarian-medium-high-low-high-small_world-private_fragmented-787021-crossfit_generalized_entropic-event_triggered-agent_event_triggered,29530.04813342473,39,9727377,28204,2026-08-16T22:19:23.635301+00:00,58f5e818a2eff2e085507053a4dd682fda508bd3f0bb7198bf8fa5c0fc8ebc92,13.0,9771091,28388,1327.8599337844514,nan,nan,nan,nan,nan,nan,nan,nan,51,230,0.2217391304347826,50,0.48,0.0,14.657966304701404,0.0004966211261889497,0.08400000000000318,0.0
147,28,0.4557472325285451,humanitarian,0.3423423423423423,30,29,0,88,31,0.0,2026-08-16T20:53:02.050516+00:00,medium,True,crossfit_strongest_nonentropic,high,14417.587316714442,1072,15,62.76366959730273,0.0381044196870815,1446,222,787024,22605,medium,41,60,180,private_fragmented,3,2.4868995751603507e-14,56.87085302388149,high,0,49674,agent_event_triggered,211,16,13,13,55.0,76,4087,True,1.054739359307869,v7-development_formal_dynamic-humanitarian-medium-high-medium-high-modular-private_fragmented-787024-crossfit_strongest_nonentropic-event_triggered-agent_event_triggered,29645.98862210666,40,1861633,5402,event_triggered,2026-08-16T20:52:33.586580+00:00,f943e70a717579a4faa67e0617c80d1d45d78e58e4a9823313772b585d92ee57,22.0,modular,1911307,5613,1320.2857947831471,nan,nan,nan,nan,nan,nan,nan,nan,63,222,0.28378378378378377,59,0.4915254237288136,147,28,0.4557472325285451,0.3423423423423423,30,29,0,88,31,0.0,2026-08-16T21:10:33.332542+00:00,True,crossfit_generalized_entropic,14417.587316714442,1072,15,62.76366959730273,0.0381044196870815,1446,222,22605,41,60,180,3,2.4868995751603507e-14,56.87085302388149,0,49674,211,16,13,13,55.0,76,4087,True,1.054739359307869,v7-development_formal_dynamic-humanitarian-medium-high-medium-high-modular-private_fragmented-787024-crossfit_generalized_entropic-event_triggered-agent_event_triggered,29645.98862210666,40,1861633,5402,2026-08-16T21:10:04.726973+00:00,f943e70a717579a4faa67e0617c80d1d45d78e58e4a9823313772b585d92ee57,22.0,1911307,5613,1320.2857947831471,nan,nan,nan,nan,nan,nan,nan,nan,63,222,0.28378378378378377,59,0.4915254237288136,0.0,0.0,0.0,0.0,0.0
164,28,0.4656634793061394,humanitarian,0.321285140562249,38,29,0,144,39,0.0,2026-08-16T21:29:10.204242+00:00,medium,True,crossfit_strongest_nonentropic,high,14955.483094450648,8269,15,85.68753119324487,0.0370904876908228,3171,249,787022,38950,medium,41,60,220,private_fragmented,3,3.5527136788005016e-14,86.86260977172053,high,0,58630,agent_event_triggered,248,16,13,13,60.0,80,8968,True,4.0,v7-development_formal_dynamic-humanitarian-medium-high-medium-high-random_geometric-private_fragmented-787022-crossfit_strongest_nonentropic-event_triggered-agent_event_triggered,29621.42524709855,50,3907011,11367,event_triggered,2026-08-16T21:28:22.215900+00:00,73f4f76146301d9ce7a054f540b9d13ae16bf663b2fa73a28fe711351f6455c9,13.0,random_geometric,3965641,11615,1358.201823342951,nan,nan,nan,nan,nan,nan,nan,nan,67,249,0.26907630522088355,67,0.43283582089552236,164,28,0.4637179744045812,0.3373493975903614,38,32,0,144,39,0.0,2026-08-16T21:51:20.848805+00:00,True,crossfit_generalized_entropic,14579.920055946332,8269,15,88.57883152939279,0.0370904876908228,3171,249,38957,44,60,220,3,5.684341886080803e-14,78.76755521684855,0,58628,248,16,13,13,60.0,84,8968,True,4.0,v7-development_formal_dynamic-humanitarian-medium-high-medium-high-random_geometric-private_fragmented-787022-crossfit_generalized_entropic-event_triggered-agent_event_triggered,29387.50201166377,52,3907011,11367,2026-08-16T21:50:29.975531+00:00,73f4f76146301d9ce7a054f540b9d13ae16bf663b2fa73a28fe711351f6455c9,13.0,3965639,11615,1329.2948972694662,nan,nan,nan,nan,nan,nan,nan,nan,71,249,0.285140562248996,70,0.45714285714285713,-0.024307036247334768,-233.92323543477687,-0.00789709588527277,-8.095054554871979,0.016064257028112428
168,28,0.44936890058444,humanitarian,0.3450980392156862,40,33,0,168,42,0.0,2026-08-16T20:25:58.058518+00:00,medium,True,crossfit_strongest_nonentropic,high,13467.685649276127,10724,15,98.76341161213452,0.0420986924863632,5113,255,787023,70145,medium,45,60,216,private_fragmented,3,3.5527136788005016e-14,86.70728806593887,high,0,58818,agent_event_triggered,249,16,14,14,67.0,88,18840,True,5.42568061810058,v7-development_formal_dynamic-humanitarian-medium-high-medium-high-small_world-private_fragmented-787023-crossfit_strongest_nonentropic-event_triggered-agent_event_triggered,29026.68084936457,57,7700380,22412,event_triggered,2026-08-16T20:24:36.905765+00:00,48592575bc9bc77c0137c1ec074f47c3cf06209f18067ee2bdc337d3c2421309,10.0,small_world,7759198,22661,1316.1576528901935,nan,nan,nan,nan,nan,nan,nan,nan,74,255,0.2901960784313726,73,0.4520547945205479,168,28,0.449785143339325,0.3372549019607843,37,33,0,168,39,0.0,2026-08-16T20:39:03.527647+00:00,True,crossfit_generalized_entropic,13308.663755209447,10724,15,90.64108056448924,0.0420986924863632,5113,255,70140,45,60,216,3,3.5527136788005016e-14,88.87822537971601,0,58816,249,16,14,14,68.0,86,18840,True,3.5,v7-development_formal_dynamic-humanitarian-medium-high-medium-high-small_world-private_fragmented-787023-crossfit_generalized_entropic-event_triggered-agent_event_triggered,29242.06469038805,51,7700380,22412,2026-08-16T20:37:44.190044+00:00,48592575bc9bc77c0137c1ec074f47c3cf06209f18067ee2bdc337d3c2421309,10.0,7759196,22661,1337.405829930362,nan,nan,nan,nan,nan,nan,nan,nan,72,255,0.2823529411764706,70,0.4714285714285714,-0.0193737769080235,215.3838410234821,0.007420202197461964,2.170937313777145,-0.007843137254901988
164,28,0.465114793708893,humanitarian,0.3846153846153846,43,34,0,88,44,0.0,2026-08-16T22:07:57.672373+00:00,medium,True,crossfit_strongest_nonentropic,low,9774.755901515491,1504,15,90.37403974674817,0.038894037088573,1209,247,787007,22508,high,47,60,420,private_fragmented,3,9.947598300641405e-14,86.65115356331235,high,0,98576,agent_event_triggered,420,16,14,14,59.0,95,3690,True,6.856549537859137,v7-development_formal_dynamic-humanitarian-medium-low-high-high-modular-private_fragmented-787007-crossfit_strongest_nonentropic-event_triggered-agent_event_triggered,20123.99592697406,61,1721010,4991,event_triggered,2026-08-16T22:07:23.015946+00:00,645637539fac5ffa6a81ce3f0a279dbd231f3dc2475f8db766b438c3b703b88b,22.0,modular,1819586,5411,861.7668195389947,nan,nan,nan,nan,nan,nan,nan,nan,81,247,0.32793522267206476,77,0.44155844155844154,164,28,0.4658415313056093,0.3846153846153846,42,35,0,88,44,0.0,2026-08-16T22:18:48.301777+00:00,True,crossfit_generalized_entropic,9787.561393454986,1504,15,90.15784368038446,0.038894037088573,1209,247,22508,47,60,420,3,8.526512829121202e-14,87.32175459608283,0,98571,420,16,14,14,59.0,95,3690,True,6.856549537859137,v7-development_formal_dynamic-humanitarian-medium-low-high-high-modular-private_fragmented-787007-crossfit_generalized_entropic-event_triggered-agent_event_triggered,20128.94596053896,60,1721010,4991,2026-08-16T22:18:14.655082+00:00,645637539fac5ffa6a81ce3f0a279dbd231f3dc2475f8db766b438c3b703b88b,22.0,1819581,5411,861.3120037713202,nan,nan,nan,nan,nan,nan,nan,nan,81,247,0.32793522267206476,77,0.45454545454545453,-0.012987012987012991,4.9500335648990585,0.000245976672966032,0.6706010327704774,0.0
166,28,0.4589258372169476,humanitarian,0.3858267716535433,43,39,0,192,45,0.0,2026-08-16T20:50:16.539972+00:00,medium,True,crossfit_strongest_nonentropic,low,9721.225640786011,16051,15,89.15525379935431,0.0400412163048454,5626,254,787008,60562,high,51,60,419,private_fragmented,3,1.4210854715202004e-14,103.86598730212114,high,0,98357,agent_event_triggered,419,16,14,14,68.0,98,14420,True,2.0,v7-development_formal_dynamic-humanitarian-medium-low-high-high-random_geometric-private_fragmented-787008-crossfit_strongest_nonentropic-event_triggered-agent_event_triggered,20730.732806588658,52,6552141,19149,event_triggered,2026-08-16T20:49:04.674665+00:00,c70f0804b48e7ab7f09412a27836c5d9d32fd8fb45ef3960bf4b84bb366b42b3,22.0,random_geometric,6650498,19568,893.9730250873874,nan,nan,nan,nan,nan,nan,nan,nan,84,254,0.33070866141732286,82,0.47560975609756095,176,28,0.4502632039109404,0.3529411764705882,40,42,0,192,42,0.0,2026-08-16T21:07:48.208266+00:00,True,crossfit_generalized_entropic,9722.481616234569,16051,15,84.65525379935431,0.0400412163048454,5626,272,60560,54,60,419,3,1.4210854715202004e-14,103.43366355324554,0,98363,419,16,14,14,65.0,96,14420,True,2.5,v7-development_formal_dynamic-humanitarian-medium-low-high-high-random_geometric-private_fragmented-787008-crossfit_generalized_entropic-event_triggered-agent_event_triggered,20889.503557719487,50,6552141,19149,2026-08-16T21:06:36.463673+00:00,c70f0804b48e7ab7f09412a27836c5d9d32fd8fb45ef3960bf4b84bb366b42b3,22.0,6650504,19568,915.2286391844572,nan,nan,nan,nan,nan,nan,nan,nan,82,272,0.3014705882352941,82,0.5121951219512195,-0.03658536585365857,158.770751130829,0.007658713882047062,-0.43232374887560354,-0.029238073182028756
174,28,0.4646176516595491,humanitarian,0.4144486692015209,52,42,0,168,53,0.0,2026-08-16T22:31:36.395934+00:00,medium,True,crossfit_strongest_nonentropic,low,10329.428198679712,9218,15,115.53730541363898,0.0389327913280671,3147,263,787009,67523,high,55,60,420,private_fragmented,3,1.2079226507921706e-13,126.25514490118032,high,0,98670,agent_event_triggered,420,16,14,14,64.0,109,16303,True,2.5,v7-development_formal_dynamic-humanitarian-medium-low-high-high-small_world-private_fragmented-787009-crossfit_strongest_nonentropic-event_triggered-agent_event_triggered,20758.59969782207,66,7079931,20633,event_triggered,2026-08-16T22:30:11.289626+00:00,93a9a93388d0a8a083ae537272d52b0cfd7020692df1b086f50d056d8f2ca65a,9.0,small_world,7178601,21053,901.8607096538426,nan,nan,nan,nan,nan,nan,nan,nan,95,263,0.3612167300380228,94,0.44680851063829785,174,28,0.4644372063743145,0.4106463878326996,52,41,0,168,54,0.0,2026-08-16T22:41:04.789711+00:00,True,crossfit_generalized_entropic,10910.827989390546,9218,15,119.53730541363898,0.0389327913280671,3147,263,67521,53,60,420,3,1.0658141036401505e-13,125.41064153354768,0,98672,420,16,14,14,63.0,108,16303,True,2.5,v7-development_formal_dynamic-humanitarian-medium-low-high-high-small_world-private_fragmented-787009-crossfit_generalized_entropic-event_triggered-agent_event_triggered,20632.18361668048,68,7079931,20633,2026-08-16T22:39:37.929094+00:00,93a9a93388d0a8a083ae537272d52b0cfd7020692df1b086f50d056d8f2ca65a,9.0,7178603,21053,891.7453021612238,nan,nan,nan,nan,nan,nan,nan,nan,94,263,0.3574144486692015,93,0.44086021505376344,0.005948295584534413,-126.41608114158953,-0.006089817376017552,-0.8445033676326403,-0.0038022813688212698
116,28,0.4524101935756407,humanitarian,0.3050847457627119,27,16,0,98,27,0.0,2026-08-16T22:07:20.326072+00:00,medium,True,crossfit_strongest_nonentropic,low,9170.220114184114,2513,15,52.56931153904215,0.033088315655778,2236,177,787003,27912,low,26,60,40,private_fragmented,3,1.1901590823981678e-13,71.08526886301695,low,0,19407,agent_event_triggered,82,16,10,10,41.0,54,5941,True,0.5,v7-development_formal_dynamic-humanitarian-medium-low-low-low-modular-private_fragmented-787003-crossfit_strongest_nonentropic-event_triggered-agent_event_triggered,18708.076449406988,32,2637408,7641,event_triggered,2026-08-16T22:06:48.670354+00:00,137fd74c3a93480d8f4511c562b09e620b4fb3200a4b507258ac957fc27959f2,22.0,modular,2656815,7723,836.379188786569,nan,nan,nan,nan,nan,nan,nan,nan,44,177,0.24858757062146894,43,0.37209302325581395,116,28,0.4524101935756407,0.3050847457627119,27,16,0,98,27,0.0,2026-08-16T22:18:11.847290+00:00,True,crossfit_generalized_entropic,9155.515077121216,2513,15,50.56931153904215,0.033088315655778,2236,177,27912,26,60,40,3,1.3677947663381929e-13,71.20126886301694,0,19407,82,16,10,10,41.0,54,5941,True,0.5,v7-development_formal_dynamic-humanitarian-medium-low-low-low-modular-private_fragmented-787003-crossfit_generalized_entropic-event_triggered-agent_event_triggered,18672.6626765708,31,2637408,7641,2026-08-16T22:17:39.844518+00:00,137fd74c3a93480d8f4511c562b09e620b4fb3200a4b507258ac957fc27959f2,22.0,2656815,7723,834.2905747703298,nan,nan,nan,nan,nan,nan,nan,nan,44,177,0.24858757062146894,43,0.37209302325581395,0.0,-35.41377283618931,-0.0018929670793232118,0.11599999999998545,0.0
129,28,0.4653106277293589,humanitarian,0.32,37,17,0,166,38,0.0,2026-08-16T20:22:35.577001+00:00,medium,True,crossfit_strongest_nonentropic,low,9999.357533142367,17562,15,67.36379013415605,0.0333262169143152,2173,200,787001,72180,low,25,60,74,private_fragmented,3,1.8829382497642652e-13,79.31971344368331,low,0,28083,agent_event_triggered,118,16,9,9,39.0,64,18740,True,1.5,v7-development_formal_dynamic-humanitarian-medium-low-low-low-random_geometric-private_fragmented-787001-crossfit_strongest_nonentropic-event_triggered-agent_event_triggered,19507.30783571429,39,7707598,22313,event_triggered,2026-08-16T20:21:14.963463+00:00,3cb92d03bb69349e544764c524e9ed8a674f0790d6e9ce869bdfa5aef80aaec8,22.0,random_geometric,7735681,22431,843.9798006409419,nan,nan,nan,nan,nan,nan,nan,nan,55,200,0.275,54,0.3148148148148148,129,28,0.4637715196029845,0.315,34,19,0,166,35,0.0,2026-08-16T20:35:47.106460+00:00,True,crossfit_generalized_entropic,10035.56206932948,17562,15,70.36379013415605,0.0333262169143152,2173,200,72178,27,60,74,3,1.2789769243681806e-13,73.34877994112546,0,28086,118,16,9,9,39.0,63,18740,True,2.5,v7-development_formal_dynamic-humanitarian-medium-low-low-low-random_geometric-private_fragmented-787001-crossfit_generalized_entropic-event_triggered-agent_event_triggered,19428.21171934088,41,7707598,22313,2026-08-16T20:34:27.910524+00:00,3cb92d03bb69349e544764c524e9ed8a674f0790d6e9ce869bdfa5aef80aaec8,22.0,7735684,22431,831.2576801025112,nan,nan,nan,nan,nan,nan,nan,nan,54,200,0.27,53,0.3584905660377358,-0.043675751222921,-79.09611637341004,-0.004054691556597041,-5.970933502557855,-0.0050000000000000044
120,28,0.4672530700054907,humanitarian,0.2894736842105263,29,19,0,168,29,0.0,2026-08-16T20:48:57.175081+00:00,medium,True,crossfit_strongest_nonentropic,low,9574.558676356002,13527,15,61.47380241443828,0.0264802100306339,2736,190,787002,100916,low,26,60,67,private_fragmented,3,4.263256414560601e-14,61.07360047482023,low,0,26312,agent_event_triggered,111,16,7,7,29.0,55,27513,True,0.5,v7-development_formal_dynamic-humanitarian-medium-low-low-low-small_world-private_fragmented-787002-crossfit_strongest_nonentropic-event_triggered-agent_event_triggered,18901.77592793785,37,11075536,32097,event_triggered,2026-08-16T20:47:18.240051+00:00,a9015ba9783f37ad567230645de72eb9d4404e673b6484874963ce89b7180f37,22.0,small_world,11101848,32208,805.8354761205653,nan,nan,nan,nan,nan,nan,nan,nan,48,190,0.25263157894736843,48,0.3958333333333333,121,28,0.4672109675258937,0.2947368421052631,29,19,0,168,29,0.0,2026-08-16T21:06:28.869346+00:00,True,crossfit_generalized_entropic,9600.482887594784,13527,15,63.47380241443828,0.0264802100306339,2736,190,100918,27,60,67,3,3.5527136788005016e-14,60.90760047482022,0,26314,111,16,8,8,34.0,56,27513,True,0.5,v7-development_formal_dynamic-humanitarian-medium-low-low-low-small_world-private_fragmented-787002-crossfit_generalized_entropic-event_triggered-agent_event_triggered,18927.700139176635,38,11075536,32097,2026-08-16T21:04:50.205967+00:00,a9015ba9783f37ad567230645de72eb9d4404e673b6484874963ce89b7180f37,22.0,11101850,32208,805.8354761205653,nan,nan,nan,nan,nan,nan,nan,nan,48,190,0.25263157894736843,48,0.3958333333333333,0.0,25.924211238783755,0.0013715225139488804,-0.16600000000001103,0.0
149,28,0.4653816421311545,humanitarian,0.3464912280701754,35,30,0,74,36,0.0,2026-08-16T20:23:09.252957+00:00,medium,True,crossfit_strongest_nonentropic,low,9495.779121039488,894,15,85.43064318975988,0.041362394692956,1260,228,787005,18285,medium,41,60,172,private_fragmented,3,2.8421709430404014e-14,79.5899188387446,medium,0,48140,agent_event_triggered,204,16,12,12,51.0,79,2992,True,2.5,v7-development_formal_dynamic-humanitarian-medium-low-medium-medium-modular-private_fragmented-787005-crossfit_strongest_nonentropic-event_triggered-agent_event_triggered,18682.931998302334,48,1350710,3914,event_triggered,2026-08-16T20:22:41.399356+00:00,440ac0270ac69ed64eb95ad495c83186950694e3e1e4399400d93018b5657f72,20.0,modular,1398850,4118,800.4050526654089,nan,nan,nan,nan,nan,nan,nan,nan,67,228,0.29385964912280704,65,0.46153846153846156,149,28,0.4800315134962776,0.3728070175438596,42,29,0,74,43,0.0,2026-08-16T20:36:19.977986+00:00,True,crossfit_generalized_entropic,9485.29712103949,898,15,97.4333260445158,0.0413924960558133,1264,228,18342,40,60,170,3,9.237055564881302e-14,98.12529542987716,0,48137,204,16,12,12,51.0,85,3009,True,1.5,v7-development_formal_dynamic-humanitarian-medium-low-medium-medium-modular-private_fragmented-787005-crossfit_generalized_entropic-event_triggered-agent_event_triggered,18411.860510026352,55,1356367,3931,2026-08-16T20:35:52.767200+00:00,440ac0270ac69ed64eb95ad495c83186950694e3e1e4399400d93018b5657f72,20.0,1404504,4135,778.8226919344536,nan,nan,nan,nan,nan,nan,nan,nan,73,228,0.3201754385964912,71,0.4084507042253521,0.05308775731310944,-271.0714882759821,-0.014509044313848257,18.53537659113256,0.02631578947368418
155,28,0.47873873018409,humanitarian,0.4201680672268907,60,27,0,158,61,0.0,2026-08-16T21:23:25.790159+00:00,medium,True,crossfit_strongest_nonentropic,low,8961.92453547464,10742,15,117.98817522116197,0.0324017700366959,1475,238,787006,51307,medium,39,60,200,private_fragmented,3,2.8421709430404014e-14,131.5863018491744,medium,0,54325,agent_event_triggered,230,16,13,13,60.0,100,11884,True,3.5,v7-development_formal_dynamic-humanitarian-medium-low-medium-medium-random_geometric-private_fragmented-787006-crossfit_strongest_nonentropic-event_triggered-agent_event_triggered,18459.301230065405,68,5153877,14942,event_triggered,2026-08-16T21:22:23.486339+00:00,4bfd5bdc98fe0614165908489c60c2577ce1b055ec50a5a72c8d6f0c932861f2,15.0,random_geometric,5208202,15172,789.0715047290072,nan,nan,nan,nan,nan,nan,nan,nan,87,238,0.36554621848739494,87,0.3103448275862069,155,28,0.4695398345608621,0.407563025210084,55,29,0,158,57,0.0,2026-08-16T21:45:23.227535+00:00,True,crossfit_generalized_entropic,8893.711700651142,10742,15,108.98817522116197,0.0324017700366959,1475,238,51301,40,60,200,3,2.4868995751603507e-14,121.95748041721124,0,54329,230,16,13,13,60.0,97,11884,True,2.5,v7-development_formal_dynamic-humanitarian-medium-low-medium-medium-random_geometric-private_fragmented-787006-crossfit_generalized_entropic-event_triggered-agent_event_triggered,18596.34931966453,63,5153877,14942,2026-08-16T21:44:19.888217+00:00,4bfd5bdc98fe0614165908489c60c2577ce1b055ec50a5a72c8d6f0c932861f2,15.0,5208206,15172,788.8730790386895,nan,nan,nan,nan,nan,nan,nan,nan,84,238,0.35294117647058826,84,0.34523809523809523,-0.03489326765188833,137.04808959912407,0.007424337892915921,-9.628821431963146,-0.012605042016806678
151,28,0.4627258523474418,humanitarian,0.3537117903930131,36,32,0,168,37,0.0,2026-08-16T22:30:05.472465+00:00,medium,True,crossfit_strongest_nonentropic,low,10142.629508071395,10232,15,92.54140372803518,0.0335087062163302,4260,229,787004,72832,medium,43,60,198,private_fragmented,3,9.947598300641405e-14,70.89929287079748,medium,0,53902,agent_event_triggered,229,16,12,12,53.0,81,18717,True,1.0,v7-development_formal_dynamic-humanitarian-medium-low-medium-medium-small_world-private_fragmented-787004-crossfit_strongest_nonentropic-event_triggered-agent_event_triggered,18669.4578877673,52,7948706,23060,event_triggered,2026-08-16T22:28:42.960873+00:00,de5521a4c3a6b18d3f729371407f9df013734d567e92a889985ffe48e1c10036,22.0,small_world,8002608,23289,807.4486526424145,nan,nan,nan,nan,nan,nan,nan,nan,69,229,0.30131004366812225,68,0.47058823529411764,155,28,0.4617636655178301,0.3474576271186441,39,30,0,168,39,0.0,2026-08-16T22:39:31.981565+00:00,True,crossfit_generalized_entropic,9400.516931358849,10232,15,98.54140372803518,0.0335087062163302,4260,236,72834,42,60,198,3,7.105427357601003e-14,80.27572749193372,0,53906,229,16,12,12,53.0,82,18717,True,1.0,v7-development_formal_dynamic-humanitarian-medium-low-medium-medium-small_world-private_fragmented-787004-crossfit_generalized_entropic-event_triggered-agent_event_triggered,18096.80215907952,55,7948706,23060,2026-08-16T22:38:13.648678+00:00,de5521a4c3a6b18d3f729371407f9df013734d567e92a889985ffe48e1c10036,22.0,8002612,23289,790.259090282715,nan,nan,nan,nan,nan,nan,nan,nan,70,236,0.2966101694915254,69,0.43478260869565216,0.03580562659846548,-572.6557286877796,-0.030673398881228258,9.37643462113624,-0.004699874176596841
147,28,0.4549768704028202,humanitarian,0.3612334801762114,42,24,0,88,42,0.0,2026-08-16T22:08:32.795911+00:00,medium,True,crossfit_strongest_nonentropic,medium,12318.151325493907,840,15,80.41815212918749,0.0421431174349265,837,227,787018,21744,high,37,60,420,private_fragmented,3,2.131628207280301e-14,89.68894334905613,high,0,98566,agent_event_triggered,420,16,13,13,53.0,82,3674,True,3.0,v7-development_formal_dynamic-humanitarian-medium-medium-high-high-modular-private_fragmented-787018-crossfit_strongest_nonentropic-event_triggered-agent_event_triggered,25865.378708028205,47,1591029,4618,event_triggered,2026-08-16T22:08:00.264758+00:00,09f3ce1cd6105609c2760b8853e0ebf6df1493aa436f57d91b437bc79044a2e9,22.0,modular,1689595,5038,1138.6455327546014,nan,nan,nan,nan,nan,nan,nan,nan,69,227,0.3039647577092511,66,0.36363636363636365,147,28,0.4577031265817761,0.3656387665198238,41,25,0,88,41,0.0,2026-08-16T22:19:21.278041+00:00,True,crossfit_generalized_entropic,12251.649266148834,840,15,79.02760559538206,0.0421431174349265,837,227,21745,38,60,420,3,2.131628207280301e-14,88.26301230446897,0,98574,420,16,13,13,53.0,83,3674,True,2.0,v7-development_formal_dynamic-humanitarian-medium-medium-high-high-modular-private_fragmented-787018-crossfit_generalized_entropic-event_triggered-agent_event_triggered,25624.528537280235,45,1591029,4618,2026-08-16T22:18:50.713711+00:00,09f3ce1cd6105609c2760b8853e0ebf6df1493aa436f57d91b437bc79044a2e9,22.0,1689603,5038,1131.126343406465,nan,nan,nan,nan,nan,nan,nan,nan,70,227,0.30837004405286345,66,0.3787878787878788,-0.015151515151515138,-240.85017074796997,-0.009311681590543033,-1.4259310445871591,0.004405286343612369
169,28,0.4487689442568511,humanitarian,0.3448275862068966,36,37,0,174,37,0.0,2026-08-16T20:51:16.427901+00:00,medium,True,crossfit_strongest_nonentropic,medium,12401.968223880236,10733,15,98.24821790906148,0.0414580745382743,4786,261,787016,45129,high,49,60,420,private_fragmented,3,5.684341886080803e-14,84.23995917696593,high,0,98574,agent_event_triggered,420,16,13,13,59.0,90,10445,True,2.0,v7-development_formal_dynamic-humanitarian-medium-medium-high-high-random_geometric-private_fragmented-787016-crossfit_strongest_nonentropic-event_triggered-agent_event_triggered,26686.059723695504,55,4701408,13723,event_triggered,2026-08-16T20:50:21.480327+00:00,4b130d5da8093a3e05ef47a2c935dccc7865db07523eef9e099631dd7cf6c250,11.0,random_geometric,4799982,14143,1167.381700847424,nan,nan,nan,nan,nan,nan,nan,nan,77,261,0.2950191570881226,73,0.5068493150684932,170,28,0.4535879578757532,0.3511450381679389,37,39,0,174,38,0.0,2026-08-16T21:08:47.942443+00:00,True,crossfit_generalized_entropic,12664.583330612271,10766,15,100.74821790906148,0.0415139798733374,4733,262,45310,51,60,420,3,7.815970093361102e-14,89.56778026928924,0,98565,420,16,13,13,59.0,92,10486,True,1.5,v7-development_formal_dynamic-humanitarian-medium-medium-high-high-random_geometric-private_fragmented-787016-crossfit_generalized_entropic-event_triggered-agent_event_triggered,26297.067061402817,56,4714960,13764,2026-08-16T21:07:52.983234+00:00,4b130d5da8093a3e05ef47a2c935dccc7865db07523eef9e099631dd7cf6c250,11.0,4813525,14184,1169.855352936606,nan,nan,nan,nan,nan,nan,nan,nan,79,262,0.3015267175572519,76,0.5131578947368421,-0.006308579668348968,-388.9926622926869,-0.014576624137106552,5.327821092323319,0.006507560469129314
160,28,0.4539689498508715,humanitarian,0.4244897959183673,53,33,0,168,54,0.0,2026-08-16T21:28:18.012876+00:00,medium,True,crossfit_strongest_nonentropic,medium,11480.499410796134,6196,15,113.73278545318117,0.0417841077443755,5071,245,787017,51243,high,45,60,420,private_fragmented,3,1.7763568394002505e-14,132.59962910325146,high,0,98479,agent_event_triggered,420,16,13,13,63.0,104,13470,True,2.429007940269742,v7-development_formal_dynamic-humanitarian-medium-medium-high-high-small_world-private_fragmented-787017-crossfit_strongest_nonentropic-event_triggered-agent_event_triggered,24116.828805371235,65,5440483,15856,event_triggered,2026-08-16T21:27:17.877846+00:00,a591725a292c3e8758dc9b639864c2b78857319fc2de5fb085a4f16944b781ab,10.0,small_world,5538962,16276,1090.909282462776,nan,nan,nan,nan,nan,nan,nan,nan,91,245,0.37142857142857144,86,0.38372093023255816,160,28,0.4548084725022489,0.4244897959183673,55,33,0,168,56,0.0,2026-08-16T21:50:25.694493+00:00,True,crossfit_generalized_entropic,12311.268337793485,6196,15,116.14352748241224,0.0417841077443755,5071,245,51245,45,60,420,3,4.263256414560601e-14,136.14372681913886,0,98482,420,16,13,13,61.0,104,13470,True,3.929007940269742,v7-development_formal_dynamic-humanitarian-medium-medium-high-high-small_world-private_fragmented-787017-crossfit_generalized_entropic-event_triggered-agent_event_triggered,24930.59423973861,67,5440483,15856,2026-08-16T21:49:24.453242+00:00,a591725a292c3e8758dc9b639864c2b78857319fc2de5fb085a4f16944b781ab,10.0,5538965,16276,1112.0911316543804,nan,nan,nan,nan,nan,nan,nan,nan,91,245,0.37142857142857144,88,0.375,0.008720930232558155,813.7654343673748,0.033742638426248445,3.5440977158874034,0.0
137,28,0.4481670131092224,humanitarian,0.2822966507177033,23,21,0,82,24,0.0,2026-08-16T20:23:41.963022+00:00,medium,True,crossfit_strongest_nonentropic,medium,12601.758538475053,710,15,63.74311046439548,0.0308610929803696,804,209,787011,23316,low,31,60,92,private_fragmented,3,2.5979218776228663e-14,46.47688485967666,medium,0,32005,agent_event_triggered,135,16,11,11,46.0,59,4558,True,3.403175570303671,v7-development_formal_dynamic-humanitarian-medium-medium-low-medium-modular-private_fragmented-787011-crossfit_strongest_nonentropic-event_triggered-agent_event_triggered,25211.32826031328,38,1911010,5539,event_triggered,2026-08-16T20:23:11.369682+00:00,8ddd1e8b7528271ee3ac5c3f071a67459be43487e39405359fd1b893cc1fc781,15.0,modular,1943015,5674,1096.24684636066,nan,nan,nan,nan,nan,nan,nan,nan,48,209,0.22966507177033493,44,0.4772727272727273,137,28,0.4491355914056914,0.2822966507177033,22,22,0,82,23,0.0,2026-08-16T20:36:51.524555+00:00,True,crossfit_generalized_entropic,12672.751186033953,710,15,63.533583753484464,0.0308610929803696,804,209,23316,32,60,92,3,2.8421709430404014e-14,43.96794470491989,0,32004,135,16,11,11,46.0,59,4558,True,2.5,v7-development_formal_dynamic-humanitarian-medium-medium-low-medium-modular-private_fragmented-787011-crossfit_generalized_entropic-event_triggered-agent_event_triggered,25308.445597633337,37,1911010,5539,2026-08-16T20:36:22.044053+00:00,8ddd1e8b7528271ee3ac5c3f071a67459be43487e39405359fd1b893cc1fc781,15.0,1943014,5674,1098.73754865229,nan,nan,nan,nan,nan,nan,nan,nan,48,209,0.22966507177033493,44,0.5,-0.022727272727272707,97.11733732005814,0.0038521309277042967,-2.508940154756772,0.0
130,28,0.4660004660966491,humanitarian,0.3232323232323232,35,17,0,158,36,0.0,2026-08-16T21:25:26.741611+00:00,medium,True,crossfit_strongest_nonentropic,medium,12524.945327794172,12974,15,71.0642542228232,0.0257143867424657,2672,198,787012,54155,low,26,60,96,private_fragmented,3,3.5527136788005016e-14,73.83962279247618,medium,0,32635,agent_event_triggered,137,16,10,10,45.0,64,13730,True,0.0,v7-development_formal_dynamic-humanitarian-medium-medium-low-medium-random_geometric-private_fragmented-787012-crossfit_strongest_nonentropic-event_triggered-agent_event_triggered,23904.46800035541,42,5662074,16446,event_triggered,2026-08-16T21:24:26.771075+00:00,ebe4a164fd52349c013dc26ba46809d5083ab5839bbbcab883d1cba7c70cd3fa,22.0,random_geometric,5694709,16583,1055.0928199467144,nan,nan,nan,nan,nan,nan,nan,nan,54,198,0.2727272727272727,52,0.3269230769230769,131,28,0.4679593818449372,0.3181818181818182,34,16,0,158,34,0.0,2026-08-16T21:47:28.594669+00:00,True,crossfit_generalized_entropic,12603.776135911789,12974,15,71.5642542228232,0.0257143867424657,2672,198,54153,27,60,96,3,6.394884621840903e-14,68.84906279719297,0,32630,137,16,11,11,49.0,63,13730,True,0.0,v7-development_formal_dynamic-humanitarian-medium-medium-low-medium-random_geometric-private_fragmented-787012-crossfit_generalized_entropic-event_triggered-agent_event_triggered,23915.831827008053,42,5662074,16446,2026-08-16T21:46:25.632042+00:00,ebe4a164fd52349c013dc26ba46809d5083ab5839bbbcab883d1cba7c70cd3fa,22.0,5694704,16583,1050.8069124057586,nan,nan,nan,nan,nan,nan,nan,nan,52,198,0.26262626262626265,50,0.32,0.006923076923076921,11.363826652643183,0.00047538504736747235,-4.990559995283206,-0.010101010101010055
141,28,0.4651798108574791,humanitarian,0.2916666666666667,29,23,0,168,29,0.0,2026-08-16T21:24:22.116688+00:00,medium,True,crossfit_strongest_nonentropic,medium,12970.635867889903,6422,15,71.08116652956178,0.0283290762544779,4555,216,787010,58690,low,34,60,125,private_fragmented,3,4.263256414560601e-14,63.876116259546464,medium,0,38656,agent_event_triggered,163,16,11,11,49.0,63,17672,True,3.0,v7-development_formal_dynamic-humanitarian-medium-medium-low-medium-small_world-private_fragmented-787010-crossfit_strongest_nonentropic-event_triggered-agent_event_triggered,24699.47934841784,41,6404139,18542,event_triggered,2026-08-16T21:23:30.140295+00:00,29bcac6f2c04800beccd151cc76e7ff2084c39eb313cd8225761bf8dbfe37d88,30.0,small_world,6442795,18705,1082.6310219938562,nan,nan,nan,nan,nan,nan,nan,nan,52,216,0.24074074074074073,52,0.4423076923076923,142,28,0.4662842374249672,0.2962962962962963,28,25,0,168,28,0.0,2026-08-16T21:46:20.836932+00:00,True,crossfit_generalized_entropic,12985.829367889904,6422,15,73.58116652956178,0.0283290762544779,4555,216,58692,36,60,125,3,7.815970093361102e-14,62.35311625954647,0,38654,163,16,12,11,54.0,64,17672,True,2.0,v7-development_formal_dynamic-humanitarian-medium-medium-low-medium-small_world-private_fragmented-787010-crossfit_generalized_entropic-event_triggered-agent_event_triggered,24716.998422152217,42,6404139,18542,2026-08-16T21:45:27.538591+00:00,29bcac6f2c04800beccd151cc76e7ff2084c39eb313cd8225761bf8dbfe37d88,27.0,6442793,18705,1083.9760219938562,nan,nan,nan,nan,nan,nan,nan,nan,53,216,0.24537037037037038,53,0.4716981132075472,-0.029390420899854885,17.519073734376434,0.0007092891913731227,-1.5229999999999961,0.00462962962962965
143,28,0.4532322693482935,humanitarian,0.3627906976744186,40,23,0,86,41,0.0,2026-08-16T22:32:13.874983+00:00,medium,True,crossfit_strongest_nonentropic,medium,11812.588101844289,712,15,87.71326346641399,0.0424236441399136,1052,215,787013,22336,medium,36,60,164,private_fragmented,3,4.263256414560601e-14,90.98525684798928,medium,0,48155,agent_event_triggered,204,16,14,14,60.0,78,4114,True,3.5,v7-development_formal_dynamic-humanitarian-medium-medium-medium-medium-modular-private_fragmented-787013-crossfit_strongest_nonentropic-event_triggered-agent_event_triggered,23354.93038428461,52,1791437,5197,event_triggered,2026-08-16T22:31:41.860398+00:00,fa46c07898222252413ed06576b9bbd1bd2ae31a59ed7f646c7fe4c623e7aa67,15.0,modular,1839592,5401,1047.42439225758,nan,nan,nan,nan,nan,nan,nan,nan,64,215,0.29767441860465116,63,0.36507936507936506,143,28,0.4553278424528468,0.3627906976744186,40,23,0,86,41,0.0,2026-08-16T22:41:42.668516+00:00,True,crossfit_generalized_entropic,11973.972101844289,712,15,86.71326346641399,0.0424236441399136,1052,215,22336,36,60,164,3,9.947598300641405e-14,88.44925684798928,0,48155,204,16,14,14,60.0,78,4114,True,4.5,v7-development_formal_dynamic-humanitarian-medium-medium-medium-medium-modular-private_fragmented-787013-crossfit_generalized_entropic-event_triggered-agent_event_triggered,23403.166262758416,52,1791437,5197,2026-08-16T22:41:10.177912+00:00,fa46c07898222252413ed06576b9bbd1bd2ae31a59ed7f646c7fe4c623e7aa67,15.0,1839592,5401,1050.80239225758,nan,nan,nan,nan,nan,nan,nan,nan,64,215,0.29767441860465116,63,0.36507936507936506,0.0,48.235878473806224,0.002065340280622881,-2.5360000000000014,0.0
154,28,0.4608468659762629,humanitarian,0.358974358974359,42,27,0,132,43,0.0,2026-08-16T20:24:33.493131+00:00,medium,True,crossfit_strongest_nonentropic,medium,12081.764560578426,8657,15,97.71888920746493,0.0382350351242733,2532,234,787014,36141,medium,39,60,188,private_fragmented,3,3.5527136788005016e-14,100.28091071805332,medium,0,51531,agent_event_triggered,219,16,13,13,57.0,84,8140,True,1.0,v7-development_formal_dynamic-humanitarian-medium-medium-medium-medium-random_geometric-private_fragmented-787014-crossfit_strongest_nonentropic-event_triggered-agent_event_triggered,23889.03784526721,55,3544473,10267,event_triggered,2026-08-16T20:23:44.455044+00:00,0e6547d0f53e31d12dda1a8507bda465be299020c1206fbd7cbcd25558369021,11.0,random_geometric,3596004,10486,1084.123700436466,nan,nan,nan,nan,nan,nan,nan,nan,71,234,0.3034188034188034,69,0.391304347826087,155,28,0.4607544876783718,0.3717948717948718,44,27,0,132,45,0.0,2026-08-16T20:37:40.866069+00:00,True,crossfit_generalized_entropic,11875.107570639946,8657,15,103.21888920746493,0.0382350351242733,2532,234,36147,40,60,188,3,8.526512829121202e-14,102.0527311555555,0,51529,219,16,14,14,61.0,87,8140,True,2.0,v7-development_formal_dynamic-humanitarian-medium-medium-medium-medium-random_geometric-private_fragmented-787014-crossfit_generalized_entropic-event_triggered-agent_event_triggered,23428.713171089963,58,3544473,10267,2026-08-16T20:36:53.935966+00:00,0e6547d0f53e31d12dda1a8507bda465be299020c1206fbd7cbcd25558369021,10.0,3596002,10486,1062.738615196415,nan,nan,nan,nan,nan,nan,nan,nan,73,234,0.31196581196581197,71,0.38028169014084506,0.01102265768524191,-460.32467417724547,-0.019269284814182795,1.7718204375021855,0.008547008547008572
159,28,0.4588538592711151,humanitarian,0.3625,43,29,0,168,45,0.0,2026-08-16T21:27:11.244257+00:00,medium,True,crossfit_strongest_nonentropic,medium,11918.64605629701,11827,15,98.04473770120758,0.0319835329162103,2622,240,787015,88556,medium,41,60,196,private_fragmented,3,1.3500311979441906e-13,90.98374856686765,medium,0,53337,agent_event_triggered,226,16,14,14,69.0,87,23452,True,2.0,v7-development_formal_dynamic-humanitarian-medium-medium-medium-medium-small_world-private_fragmented-787015-crossfit_strongest_nonentropic-event_triggered-agent_event_triggered,24471.29552362296,56,9550999,27747,event_triggered,2026-08-16T21:25:31.169146+00:00,c151455bc5d8f49a290f7031b281d6ddb86512c451bf0ee0c56d9634de0d208a,10.0,small_world,9604336,27973,1083.5963838758028,nan,nan,nan,nan,nan,nan,nan,nan,73,240,0.30416666666666664,72,0.4027777777777778,159,28,0.4497542869583358,0.3833333333333333,44,33,0,168,46,0.0,2026-08-16T21:49:17.552933+00:00,True,crossfit_generalized_entropic,12563.206681352083,11827,15,96.0447377012076,0.0319835329162103,2622,240,88566,45,60,196,3,1.3500311979441906e-13,100.93870912207107,0,53339,226,16,14,14,61.0,92,23452,True,2.0,v7-development_formal_dynamic-humanitarian-medium-medium-medium-medium-small_world-private_fragmented-787015-crossfit_generalized_entropic-event_triggered-agent_event_triggered,25933.584653177128,55,9550999,27747,2026-08-16T21:47:33.313155+00:00,c151455bc5d8f49a290f7031b281d6ddb86512c451bf0ee0c56d9634de0d208a,10.0,9604338,27973,1148.695489720631,nan,nan,nan,nan,nan,nan,nan,nan,78,240,0.325,77,0.42857142857142855,-0.025793650793650758,1462.2891295541667,0.05975528055482678,9.954960555203428,0.02083333333333337
54,12,0.4722059868522902,humanitarian,0.6351351351351351,23,12,0,22,23,0.0,2026-08-16T22:12:17.366875+00:00,small,True,crossfit_strongest_nonentropic,high,1009.6162768290548,308,10,34.550825234445654,0.034090346154986,99,74,787039,3144,high,21,30,120,private_fragmented,3,4.263256414560601e-14,39.03741125103618,high,0,28190,agent_event_triggered,120,8,9,9,38.0,47,249,True,1.5,v7-development_formal_dynamic-humanitarian-small-high-high-high-modular-private_fragmented-787039-crossfit_strongest_nonentropic-event_triggered-agent_event_triggered,2279.1222190523504,23,100980,293,event_triggered,2026-08-16T22:12:13.569840+00:00,65020be381a0bf02249975a1b296d5a6dbf10e33082bbd09ba308039a2d51752,17.0,modular,129170,413,224.4160623854712,nan,nan,nan,nan,nan,nan,nan,nan,38,74,0.5135135135135135,35,0.34285714285714286,54,12,0.4804140787230528,0.6351351351351351,25,10,0,22,25,0.0,2026-08-16T22:23:15.244978+00:00,True,crossfit_generalized_entropic,1001.8020486220208,308,10,34.550825234445654,0.034090346154986,99,74,3144,19,30,120,3,3.5527136788005016e-14,42.602107021471205,0,28188,120,8,9,9,38.0,47,249,True,1.5,v7-development_formal_dynamic-humanitarian-small-high-high-high-modular-private_fragmented-787039-crossfit_generalized_entropic-event_triggered-agent_event_triggered,2271.530426224045,23,100980,293,2026-08-16T22:23:11.298885+00:00,65020be381a0bf02249975a1b296d5a6dbf10e33082bbd09ba308039a2d51752,17.0,129168,413,224.0890300187001,nan,nan,nan,nan,nan,nan,nan,nan,38,74,0.5135135135135135,35,0.2857142857142857,0.05714285714285716,-7.591792828305188,-0.0033310161099924795,3.564695770435023,0.0
47,12,0.4461564248716389,humanitarian,0.625,12,16,0,46,13,0.0,2026-08-16T21:30:19.500051+00:00,small,True,crossfit_strongest_nonentropic,high,936.3774808991386,1326,10,26.0,0.0407921384924008,345,64,787037,6363,high,24,30,120,private_fragmented,3,1.0658141036401504e-14,18.859993379255663,high,0,28292,agent_event_triggered,120,8,9,9,41.0,40,1303,True,1.5,v7-development_formal_dynamic-humanitarian-small-high-high-high-random_geometric-private_fragmented-787037-crossfit_strongest_nonentropic-event_triggered-agent_event_triggered,2327.119784713881,16,502515,1458,event_triggered,2026-08-16T21:30:13.669303+00:00,ee274947e8e54b6ebcd6872452f315e410027b086cf634cb1fee516a98d21700,4.0,random_geometric,530807,1578,214.4714693560914,nan,nan,nan,nan,nan,nan,nan,nan,31,64,0.484375,28,0.5714285714285714,47,12,0.4537258474964842,0.625,13,15,0,46,14,0.0,2026-08-16T21:52:32.375061+00:00,True,crossfit_generalized_entropic,936.3774808991386,1326,10,28.0,0.0407921384924008,345,64,6363,23,30,120,3,1.0658141036401504e-14,21.161993379255662,0,28291,120,8,9,9,40.0,40,1303,True,1.5,v7-development_formal_dynamic-humanitarian-small-high-high-high-random_geometric-private_fragmented-787037-crossfit_generalized_entropic-event_triggered-agent_event_triggered,2312.947784713881,17,502515,1458,2026-08-16T21:52:26.264207+00:00,ee274947e8e54b6ebcd6872452f315e410027b086cf634cb1fee516a98d21700,4.0,530806,1578,212.10946935609135,nan,nan,nan,nan,nan,nan,nan,nan,31,64,0.484375,28,0.5357142857142857,0.0357142857142857,-14.172000000000025,-0.006089931465106112,2.3019999999999996,0.0
53,12,0.4815065267801665,humanitarian,0.6447368421052632,29,12,0,54,29,0.0,2026-08-16T20:28:34.449879+00:00,small,True,crossfit_strongest_nonentropic,high,756.8345545423531,1505,10,51.97264389760743,0.0299651797370544,749,76,787040,6918,high,19,30,120,private_fragmented,3,2.4868995751603507e-14,51.27499570609921,high,0,28140,agent_event_triggered,120,8,7,7,31.0,49,1414,True,1.0,v7-development_formal_dynamic-humanitarian-small-high-high-high-random_geometric-private_fragmented-787040-crossfit_strongest_nonentropic-event_triggered-agent_event_triggered,1892.012510698052,31,609513,1766,event_triggered,2026-08-16T20:28:28.008821+00:00,83cc9ec7b85d6a6bd5fea5124e81e0c916c8e720fa98aa0a83a0da762572150c,11.0,random_geometric,637653,1886,181.6953643563996,nan,nan,nan,nan,nan,nan,nan,nan,42,76,0.5526315789473685,41,0.2926829268292683,53,12,0.4815065267801665,0.6447368421052632,29,12,0,54,29,0.0,2026-08-16T20:41:35.339432+00:00,True,crossfit_generalized_entropic,756.8345545423531,1505,10,51.97264389760743,0.0299651797370544,749,76,6918,19,30,120,3,2.4868995751603507e-14,51.27499570609921,0,28140,120,8,7,7,31.0,49,1414,True,1.0,v7-development_formal_dynamic-humanitarian-small-high-high-high-random_geometric-private_fragmented-787040-crossfit_generalized_entropic-event_triggered-agent_event_triggered,1892.012510698052,31,609513,1766,2026-08-16T20:41:29.057155+00:00,83cc9ec7b85d6a6bd5fea5124e81e0c916c8e720fa98aa0a83a0da762572150c,11.0,637653,1886,181.6953643563996,nan,nan,nan,nan,nan,nan,nan,nan,42,76,0.5526315789473685,41,0.2926829268292683,0.0,0.0,0.0,0.0,0.0
47,12,0.513189197565055,humanitarian,0.6056338028169014,18,17,0,72,18,0.0,2026-08-16T20:56:10.564190+00:00,small,True,crossfit_strongest_nonentropic,high,914.5481961117822,2297,10,45.4413943465721,0.0333073417852848,595,71,787038,10822,high,23,30,120,private_fragmented,3,8.881784197001252e-15,33.04780392896068,high,0,28138,agent_event_triggered,120,8,6,6,34.0,43,2503,True,1.5,v7-development_formal_dynamic-humanitarian-small-high-high-high-small_world-private_fragmented-787038-crossfit_strongest_nonentropic-event_triggered-agent_event_triggered,2079.0045763638414,26,1040374,3031,event_triggered,2026-08-16T20:56:00.704692+00:00,4050eba7af697c8aaa1f05565b1388db0e13873b31e2944dc3b8b10422a8138b,6.0,small_world,1068512,3151,199.13306590517396,nan,nan,nan,nan,nan,nan,nan,nan,37,71,0.5211267605633803,35,0.4857142857142857,47,12,0.5400399744899232,0.6197183098591549,22,16,0,72,22,0.0,2026-08-16T21:13:42.076210+00:00,True,crossfit_generalized_entropic,917.1177443212488,2297,10,51.946049320001386,0.0333073417852848,595,71,10826,22,30,120,3,8.881784197001252e-15,43.45740978330086,0,28137,120,8,6,6,34.0,44,2503,True,1.0,v7-development_formal_dynamic-humanitarian-small-high-high-high-small_world-private_fragmented-787038-crossfit_generalized_entropic-event_triggered-agent_event_triggered,1990.279542216796,29,1040374,3031,2026-08-16T21:13:32.227603+00:00,4050eba7af697c8aaa1f05565b1388db0e13873b31e2944dc3b8b10422a8138b,6.0,1068511,3151,188.2127484582369,nan,nan,nan,nan,nan,nan,nan,nan,38,71,0.5352112676056338,38,0.42105263157894735,0.06466165413533836,-88.72503414704533,-0.04267669016016528,10.409605854340178,0.014084507042253502
220,52,nan,utility_restoration,0.5714285714285714,68,92,8,178,78,nan,2026-08-16T22:54:57.819411+00:00,large,True,crossfit_strongest_nonentropic,high,nan,4804,20,nan,0.0468024710583638,2686,329,787091,59796,high,94,100,644,private_fragmented,3,9.023892744153272e-13,0.1613784456087617,high,16,158155,agent_event_triggered,675,30,20,20,80.0,188,10519,True,nan,v7-development_formal_dynamic-utility_restoration-large-high-high-high-grid-private_fragmented-787091-crossfit_strongest_nonentropic-event_triggered-agent_event_triggered,2084.709981773813,35,5139868,14715,event_triggered,2026-08-16T22:53:03.597183+00:00,20442fa86fe8aea5c7c6ca24f1871039d2b5d08a73a54e00c74bc6d9e377512c,nan,grid,5298023,15390,nan,0.7820785650446748,42.0,24.0,0.0,5.0,29.5,89.0,901.0480582610336,168,329,0.5106382978723404,168,0.5476190476190477,220,52,nan,0.5714285714285714,65,93,10,178,77,nan,2026-08-16T23:02:37.398493+00:00,True,crossfit_generalized_entropic,nan,4802,20,nan,0.0467942287176137,2692,329,59785,98,100,644,3,9.023892744153272e-13,-3.919118032715162,13,158155,675,30,20,20,80.0,188,10518,True,nan,v7-development_formal_dynamic-utility_restoration-large-high-high-high-grid-private_fragmented-787091-crossfit_generalized_entropic-event_triggered-agent_event_triggered,1999.5847261870435,35,5145507,14714,2026-08-16T23:00:46.061201+00:00,20442fa86fe8aea5c7c6ca24f1871039d2b5d08a73a54e00c74bc6d9e377512c,nan,5303662,15389,nan,0.784399448515757,42.0,24.0,0.0,5.0,29.5,92.0,849.067688554039,168,329,0.5106382978723404,168,0.5535714285714286,-0.005952380952380931,-85.12525558676953,-0.040833140499638786,-4.080496478323924,0.0
262,52,nan,utility_restoration,0.4137931034482758,68,69,11,178,79,nan,2026-08-16T23:09:14.130607+00:00,large,True,crossfit_strongest_nonentropic,high,nan,4570,20,nan,0.0470714693476327,2618,406,787094,57227,high,69,100,675,private_fragmented,3,9.023892744153272e-13,10.833471765639764,high,20,166439,agent_event_triggered,712,30,20,20,80.33333333333334,168,10053,True,nan,v7-development_formal_dynamic-utility_restoration-large-high-high-high-grid-private_fragmented-787094-crossfit_strongest_nonentropic-event_triggered-agent_event_triggered,3219.644309660122,19,4824647,13805,event_triggered,2026-08-16T23:07:29.542390+00:00,d909e900adf639770aa36968335978557cdd3b46bd2032b000613023ba44661f,nan,grid,4991086,14517,nan,0.9087153774887092,38.0,29.0,0.0,3.0,30.33333333333333,62.0,1554.0897893372191,148,406,0.3645320197044335,148,0.46621621621621623,262,52,nan,0.4137931034482758,67,68,13,178,78,nan,2026-08-16T23:15:50.820365+00:00,True,crossfit_generalized_entropic,nan,4568,20,nan,0.0470942731025476,2635,406,57136,68,100,677,3,9.023892744153272e-13,10.893471765639768,22,166901,714,30,20,20,80.33333333333334,168,10027,True,nan,v7-development_formal_dynamic-utility_restoration-large-high-high-high-grid-private_fragmented-787094-crossfit_generalized_entropic-event_triggered-agent_event_triggered,3219.644309660122,19,4816107,13779,2026-08-16T23:14:06.802744+00:00,d909e900adf639770aa36968335978557cdd3b46bd2032b000613023ba44661f,nan,4983008,14493,nan,0.9087421393117288,38.0,29.0,0.0,3.0,30.33333333333333,61.0,1554.0897893372191,148,406,0.3645320197044335,148,0.4594594594594595,0.006756756756756743,0.0,0.0,0.06000000000000405,0.0
229,52,nan,utility_restoration,0.5358166189111748,47,112,8,332,54,nan,2026-08-16T23:54:38.516737+00:00,large,True,crossfit_strongest_nonentropic,high,nan,10814,20,nan,0.0399395376685633,8037,349,787093,191841,high,118,100,611,private_fragmented,3,1.3500311979441906e-12,-11.55459627367004,high,15,149393,agent_event_triggered,634,30,20,20,80.66666666666666,187,42884,True,nan,v7-development_formal_dynamic-utility_restoration-large-high-high-high-modular-private_fragmented-787093-crossfit_strongest_nonentropic-event_triggered-agent_event_triggered,3620.8135493315344,20,21112706,60574,event_triggered,2026-08-16T23:49:39.049003+00:00,6d58f9b2a5e79136186f2e1437971b01e1ce3a52d9f2098b55b42cc906203385,nan,modular,21262099,61208,nan,0.8835573562971589,25.0,35.0,0.0,4.0,30.33333333333333,108.0,1840.26202496225,167,349,0.4785100286532951,167,0.6706586826347305,229,52,nan,0.5358166189111748,46,114,7,332,55,nan,2026-08-17T00:07:00.893199+00:00,True,crossfit_generalized_entropic,nan,10841,20,nan,0.0399113096210198,8003,349,192528,119,100,611,3,1.3500311979441906e-12,-12.08384791127393,13,149393,634,30,20,20,80.66666666666666,187,43102,True,nan,v7-development_formal_dynamic-utility_restoration-large-high-high-high-modular-private_fragmented-787093-crossfit_generalized_entropic-event_triggered-agent_event_triggered,3620.8135493315344,20,21172682,60792,2026-08-17T00:02:11.415617+00:00,6d58f9b2a5e79136186f2e1437971b01e1ce3a52d9f2098b55b42cc906203385,nan,21322075,61426,nan,0.8820463883269831,25.0,35.0,0.0,4.0,30.33333333333333,109.0,1840.26202496225,167,349,0.4785100286532951,167,0.6826347305389222,-0.011976047904191711,0.0,0.0,-0.52925163760389,0.0
257,52,nan,utility_restoration,0.4267676767676767,65,69,15,294,77,nan,2026-08-16T23:28:00.533334+00:00,large,True,crossfit_strongest_nonentropic,high,nan,52584,20,nan,0.0387023822145495,13706,396,787092,241217,high,71,100,675,private_fragmented,3,1.3500311979441906e-12,14.113520517313468,high,21,167161,agent_event_triggered,712,30,20,20,80.5,169,56555,True,nan,v7-development_formal_dynamic-utility_restoration-large-high-high-high-scale_free-private_fragmented-787092-crossfit_strongest_nonentropic-event_triggered-agent_event_triggered,3230.216225266812,31,27531593,78827,event_triggered,2026-08-16T23:21:27.064236+00:00,924c6ef7f391ac578242c5914f1beee5989a80d626ee5e0732ecdf6dbd4dc401,nan,scale_free,27698754,79539,nan,0.895988984794137,46.0,34.0,0.0,5.0,25.33333333333333,64.0,1618.760721772618,149,396,0.37626262626262624,149,0.46308724832214765,257,52,nan,0.4267676767676767,65,69,15,294,78,nan,2026-08-16T23:41:24.040663+00:00,True,crossfit_generalized_entropic,nan,52828,20,nan,0.0388241895260938,13773,396,241915,72,100,679,3,1.3500311979441906e-12,13.731657235865606,19,168111,716,30,20,20,80.5,169,56805,True,nan,v7-development_formal_dynamic-utility_restoration-large-high-high-high-scale_free-private_fragmented-787092-crossfit_generalized_entropic-event_triggered-agent_event_triggered,3221.4364937509217,31,27636405,79077,2026-08-16T23:34:58.014756+00:00,924c6ef7f391ac578242c5914f1beee5989a80d626ee5e0732ecdf6dbd4dc401,nan,27804516,79793,nan,0.8923231137632359,46.0,34.0,0.0,5.0,25.33333333333333,65.0,1618.760721772618,149,396,0.37626262626262624,149,0.46308724832214765,0.0,-8.77973151589049,-0.00271800118122597,-0.3818632814478615,0.0
77,28,nan,utility_restoration,0.6732673267326733,24,23,6,90,31,nan,2026-08-16T23:06:02.325881+00:00,medium,True,crossfit_strongest_nonentropic,high,nan,2625,15,nan,0.0452157156216923,886,101,787077,22165,high,25,60,275,private_fragmented,3,1.536548666081217e-13,7.778727821648113,high,12,65705,agent_event_triggered,281,16,15,15,61.66666666666666,68,3977,True,nan,v7-development_formal_dynamic-utility_restoration-medium-high-high-high-grid-private_fragmented-787077-crossfit_strongest_nonentropic-event_triggered-agent_event_triggered,632.9636339229789,18,1792673,5159,event_triggered,2026-08-16T23:05:32.378474+00:00,2d8da995ea4dd315dd3fafd651b0b17da443dcff9dbf7b8817e770f651632e6d,nan,grid,1858378,5440,nan,0.8881110691545612,25.0,19.0,0.0,0.0,20.2,21.0,434.66567939700815,53,101,0.5247524752475248,53,0.4339622641509434,77,28,nan,0.6732673267326733,25,23,5,90,30,nan,2026-08-16T23:12:39.167813+00:00,True,crossfit_generalized_entropic,nan,2598,15,nan,0.0454251815923976,893,101,21983,27,60,275,3,1.536548666081217e-13,6.460810595815831,11,65705,281,16,15,15,61.66666666666666,68,3918,True,nan,v7-development_formal_dynamic-utility_restoration-medium-high-high-high-grid-private_fragmented-787077-crossfit_generalized_entropic-event_triggered-agent_event_triggered,632.9636339229789,18,1772289,5100,2026-08-16T23:12:09.269722+00:00,2d8da995ea4dd315dd3fafd651b0b17da443dcff9dbf7b8817e770f651632e6d,nan,1837994,5381,nan,0.8712360691545612,26.0,19.0,0.0,0.0,20.2,23.0,434.66567939700815,53,101,0.5247524752475248,53,0.4339622641509434,0.0,0.0,0.0,-1.3179172258322822,0.0
94,28,nan,utility_restoration,0.5833333333333334,27,28,7,90,35,nan,2026-08-16T23:20:56.895553+00:00,medium,True,crossfit_strongest_nonentropic,high,nan,2652,15,nan,0.0434286960785925,747,132,787078,22660,high,29,60,279,private_fragmented,3,9.769962616701379e-14,5.581911166393118,high,13,67354,agent_event_triggered,286,16,15,15,61.66666666666666,77,4119,True,nan,v7-development_formal_dynamic-utility_restoration-medium-high-high-high-grid-private_fragmented-787078-crossfit_strongest_nonentropic-event_triggered-agent_event_triggered,816.198307200737,17,1834332,5266,event_triggered,2026-08-16T23:20:26.148088+00:00,4e4a547e8eb863c60e1a5bde2ddf5f3e4213bf0bfc1c4715602c63744702aa45,nan,grid,1901686,5552,nan,0.8532084668465681,18.0,21.0,0.0,1.0,16.0,27.0,362.218467798298,62,132,0.4696969696969697,62,0.45161290322580644,94,28,nan,0.5833333333333334,29,28,5,90,37,nan,2026-08-16T23:34:29.453450+00:00,True,crossfit_generalized_entropic,nan,2620,15,nan,0.0436486141733137,810,132,22368,30,60,279,3,9.769962616701379e-14,5.688691394632259,10,67354,286,16,15,15,61.66666666666666,77,4042,True,nan,v7-development_formal_dynamic-utility_restoration-medium-high-high-high-grid-private_fragmented-787078-crossfit_generalized_entropic-event_triggered-agent_event_triggered,816.6233275000737,17,1811042,5189,2026-08-16T23:34:01.010385+00:00,4e4a547e8eb863c60e1a5bde2ddf5f3e4213bf0bfc1c4715602c63744702aa45,nan,1878396,5475,nan,0.8584211683869704,18.0,21.0,0.0,1.0,16.0,28.0,362.218467798298,62,132,0.4696969696969697,62,0.45161290322580644,0.0,0.4250202993367793,0.0005207316599252015,0.10678022823914102,0.0
88,28,nan,utility_restoration,0.552,21,30,3,90,29,nan,2026-08-16T22:51:13.972295+00:00,medium,True,crossfit_strongest_nonentropic,high,nan,2586,15,nan,0.0486918868893278,820,125,787081,22058,high,34,60,264,private_fragmented,3,1.0480505352461479e-13,3.2242936555141126,high,6,64772,agent_event_triggered,275,16,15,15,61.66666666666666,69,4354,True,nan,v7-development_formal_dynamic-utility_restoration-medium-high-high-high-grid-private_fragmented-787081-crossfit_strongest_nonentropic-event_triggered-agent_event_triggered,367.28287166937423,11,1772267,5114,event_triggered,2026-08-16T22:50:42.743603+00:00,c6f307c61d7e18837b609f8062a3761019f9672ea8b81f662a6174306840070b,nan,grid,1837039,5389,nan,0.8236928594266968,11.0,19.0,0.0,1.0,21.5,30.0,30.791751902447565,54,125,0.432,54,0.5555555555555556,89,28,nan,0.5555555555555556,21,31,3,90,27,nan,2026-08-16T22:59:00.040975+00:00,True,crossfit_generalized_entropic,nan,2548,15,nan,0.0482972961314543,908,126,21760,35,60,265,3,1.0480505352461479e-13,2.044840041383468,8,65006,276,16,15,15,61.66666666666666,70,4282,True,nan,v7-development_formal_dynamic-utility_restoration-medium-high-high-high-grid-private_fragmented-787081-crossfit_generalized_entropic-event_triggered-agent_event_triggered,454.0852310971168,12,1749882,5042,2026-08-16T22:58:30.025253+00:00,c6f307c61d7e18837b609f8062a3761019f9672ea8b81f662a6174306840070b,nan,1814888,5318,nan,0.8186511671147317,12.0,19.0,0.0,1.0,21.5,31.0,97.02412944745492,55,126,0.4365079365079365,55,0.5636363636363636,-0.008080808080808022,86.80235942774254,0.23633653002441532,-1.1794536141306446,0.004507936507936516
125,28,nan,utility_restoration,0.4486486486486487,36,29,4,90,46,nan,2026-08-16T22:52:57.325665+00:00,medium,True,crossfit_strongest_nonentropic,high,nan,2323,15,nan,0.0464422630091916,1403,185,787084,19759,high,30,60,274,private_fragmented,3,1.536548666081217e-13,12.212042033895573,high,7,67613,agent_event_triggered,288,16,14,14,57.66666666666666,83,4005,True,nan,v7-development_formal_dynamic-utility_restoration-medium-high-high-high-grid-private_fragmented-787084-crossfit_strongest_nonentropic-event_triggered-agent_event_triggered,1241.3615237651277,14,1572455,4512,event_triggered,2026-08-16T22:52:30.164546+00:00,0f377a0e9dcd75eaabce16f07e6e77b22bd95301cdd273b6d0440a504d376112,nan,grid,1640068,4800,nan,0.8422270301142234,21.0,21.0,0.0,0.0,22.0,28.0,536.7543788841613,69,185,0.372972972972973,69,0.42028985507246375,128,28,nan,0.4385026737967914,32,28,7,90,42,nan,2026-08-16T23:00:39.987850+00:00,True,crossfit_generalized_entropic,nan,2308,15,nan,0.0466437553302705,1394,187,19668,30,60,269,3,1.536548666081217e-13,10.167937850578914,10,66286,283,16,15,15,61.66666666666666,82,3979,True,nan,v7-development_formal_dynamic-utility_restoration-medium-high-high-high-grid-private_fragmented-787084-crossfit_generalized_entropic-event_triggered-agent_event_triggered,1230.3219072255831,13,1562244,4486,2026-08-16T23:00:13.748280+00:00,0f377a0e9dcd75eaabce16f07e6e77b22bd95301cdd273b6d0440a504d376112,nan,1628530,4769,nan,0.8619098316715991,21.0,19.0,0.0,0.0,19.0,27.0,536.7543788841613,67,187,0.3582887700534759,67,0.417910447761194,0.0023794073112697323,-11.039616539544568,-0.008893151856407404,-2.0441041833166587,-0.014684202919497069
98,28,nan,utility_restoration,0.4068965517241379,17,24,7,90,24,nan,2026-08-16T23:28:46.026311+00:00,medium,True,crossfit_strongest_nonentropic,high,nan,2952,15,nan,0.0111157338645457,928,145,787095,24183,high,24,60,28,public_shared,3,6.927791673660978e-14,8.810543317211673,high,11,16739,agent_event_triggered,71,16,11,11,45.66666666666666,59,4966,True,nan,v7-development_formal_dynamic-utility_restoration-medium-high-high-high-grid-public_shared-787095-crossfit_strongest_nonentropic-event_triggered-agent_event_triggered,930.3616170139568,13,2147477,6148,event_triggered,2026-08-16T23:28:17.453975+00:00,c3f5c5d4673b281c090bd400d993ff7f65cf6e960b45dd3f7bc7acdd421f98ae,nan,grid,2164216,6219,nan,0.8099148247092076,19.0,21.0,0.0,1.0,26.0,23.0,343.8240427411755,48,145,0.3310344827586207,48,0.5,98,28,nan,0.4068965517241379,17,24,7,90,25,nan,2026-08-16T23:42:10.115851+00:00,True,crossfit_generalized_entropic,nan,2952,15,nan,0.0111235743248474,928,145,24182,24,60,28,3,6.927791673660978e-14,9.048543317211672,10,16739,71,16,11,11,45.66666666666666,59,4966,True,nan,v7-development_formal_dynamic-utility_restoration-medium-high-high-high-grid-public_shared-787095-crossfit_generalized_entropic-event_triggered-agent_event_triggered,930.3616170139568,13,2149127,6148,2026-08-16T23:41:41.321956+00:00,c3f5c5d4673b281c090bd400d993ff7f65cf6e960b45dd3f7bc7acdd421f98ae,nan,2165866,6219,nan,0.8152603755167732,19.0,21.0,0.0,1.0,26.0,23.0,343.8240427411755,48,145,0.3310344827586207,48,0.5,0.0,0.0,0.0,0.23799999999999955,0.0
62,28,nan,utility_restoration,0.7228915662650602,39,9,0,90,49,nan,2026-08-17T00:16:08.712192+00:00,medium,True,crossfit_strongest_nonentropic,high,nan,2427,15,nan,0.005991673105542,1295,83,787098,20795,high,10,60,24,public_shared,3,2.664535259100376e-15,23.36429201334227,high,1,10767,agent_event_triggered,46,16,12,12,49.66666666666666,60,3986,True,nan,v7-development_formal_dynamic-utility_restoration-medium-high-high-high-grid-public_shared-787098-crossfit_strongest_nonentropic-event_triggered-agent_event_triggered,224.6262955756875,18,1809250,5168,event_triggered,2026-08-17T00:15:47.416390+00:00,cc7986bbb68848a1b18fa39bef9b58c6dba332fed1ff723cf7dc4e39567ac677,nan,grid,1820017,5214,nan,0.800669150355291,10.0,19.0,0.0,1.0,27.666666666666668,8.0,124.00120811767302,48,83,0.5783132530120482,48,0.1875,62,28,nan,0.7228915662650602,39,9,0,90,49,nan,2026-08-17T00:23:20.477010+00:00,True,crossfit_generalized_entropic,nan,2427,15,nan,0.0059995038154094,1295,83,20794,10,60,24,3,2.664535259100376e-15,23.36429201334227,1,10767,46,16,12,12,49.66666666666666,60,3986,True,nan,v7-development_formal_dynamic-utility_restoration-medium-high-high-high-grid-public_shared-787098-crossfit_generalized_entropic-event_triggered-agent_event_triggered,228.0596421053941,18,1808785,5168,2026-08-17T00:22:59.006829+00:00,cc7986bbb68848a1b18fa39bef9b58c6dba332fed1ff723cf7dc4e39567ac677,nan,1819552,5214,nan,0.7957710746427937,10.0,19.0,0.0,1.0,27.666666666666668,8.0,124.00120811767302,48,83,0.5783132530120482,48,0.1875,0.0,3.433346529706597,0.015284704406077588,0.0,0.0
99,28,nan,utility_restoration,0.5514705882352942,24,32,4,88,28,nan,2026-08-16T23:20:23.808221+00:00,medium,True,crossfit_strongest_nonentropic,high,nan,981,15,nan,0.0479910872859478,973,136,787076,21966,high,33,60,292,private_fragmented,3,7.993605777301127e-14,3.030351078500874,high,14,71623,agent_event_triggered,304,16,15,15,61.66666666666666,75,4052,True,nan,v7-development_formal_dynamic-utility_restoration-medium-high-high-high-modular-private_fragmented-787076-crossfit_strongest_nonentropic-event_triggered-agent_event_triggered,682.3084437446147,15,1773003,5090,event_triggered,2026-08-16T23:19:56.150227+00:00,2059e471918d7b244a7515a483c2ba04247c18c8cad6b10a253a3bb3ae1654df,nan,modular,1844626,5394,nan,0.7996007608322097,14.0,19.0,0.0,1.0,14.0,32.0,196.3708249843668,60,136,0.4411764705882353,60,0.5333333333333333,99,28,nan,0.5514705882352942,23,32,5,88,27,nan,2026-08-16T23:33:58.729713+00:00,True,crossfit_generalized_entropic,nan,962,15,nan,0.0484088200117727,1042,136,21428,34,60,293,3,7.993605777301127e-14,2.5965178295018245,14,71836,305,16,15,15,61.66666666666666,75,3894,True,nan,v7-development_formal_dynamic-utility_restoration-medium-high-high-high-modular-private_fragmented-787076-crossfit_generalized_entropic-event_triggered-agent_event_triggered,617.5665017903231,15,1719684,4932,2026-08-16T23:33:33.242299+00:00,2059e471918d7b244a7515a483c2ba04247c18c8cad6b10a253a3bb3ae1654df,nan,1791520,5237,nan,0.7996007608322097,14.0,19.0,0.0,1.0,14.0,32.0,159.43788211262373,60,136,0.4411764705882353,60,0.5333333333333333,0.0,-64.74194195429163,-0.09488661989726788,-0.4338332489990493,0.0
80,28,nan,utility_restoration,0.6272727272727273,23,30,2,76,29,nan,2026-08-16T23:48:56.532416+00:00,medium,True,crossfit_strongest_nonentropic,high,nan,794,15,nan,0.0498023104216529,1035,110,787080,16581,high,32,60,274,private_fragmented,3,7.993605777301127e-14,4.9644823446793005,high,8,65141,agent_event_triggered,279,16,14,14,57.66666666666666,69,2944,True,nan,v7-development_formal_dynamic-utility_restoration-medium-high-high-high-modular-private_fragmented-787080-crossfit_strongest_nonentropic-event_triggered-agent_event_triggered,596.370493977571,16,1169658,3353,event_triggered,2026-08-16T23:48:33.573304+00:00,329bc7b45af3a98301269c3f67647dffe5f5e0bc22d73fccbd6e46350940f430,nan,modular,1234799,3632,nan,0.8653481999380448,13.0,15.0,0.0,0.0,21.0,28.0,366.943806703522,55,110,0.5,55,0.5454545454545454,80,28,nan,0.6272727272727273,21,29,5,76,28,nan,2026-08-17T00:01:31.678388+00:00,True,crossfit_generalized_entropic,nan,766,15,nan,0.0499514992628262,1043,110,16394,31,60,274,3,7.993605777301127e-14,5.207674210993508,10,65138,279,16,14,14,57.66666666666666,69,2885,True,nan,v7-development_formal_dynamic-utility_restoration-medium-high-high-high-modular-private_fragmented-787080-crossfit_generalized_entropic-event_triggered-agent_event_triggered,596.271347675039,16,1150549,3294,2026-08-17T00:01:10.067890+00:00,329bc7b45af3a98301269c3f67647dffe5f5e0bc22d73fccbd6e46350940f430,nan,1215687,3573,nan,0.8610766884316444,13.0,15.0,0.0,0.0,21.0,27.0,366.943806703522,55,110,0.5,55,0.5272727272727272,0.018181818181818188,-0.099146302531949,-0.0001662495102175156,0.24319186631420742,0.0
78,28,nan,utility_restoration,0.6509433962264151,19,26,9,80,29,nan,2026-08-16T23:49:28.387400+00:00,medium,True,crossfit_strongest_nonentropic,high,nan,759,15,nan,0.0428700886230952,397,106,787083,21470,high,28,60,268,private_fragmented,3,7.283063041541028e-14,-0.6075569283569127,high,12,65624,agent_event_triggered,279,16,15,15,61.66666666666666,69,3785,True,nan,v7-development_formal_dynamic-utility_restoration-medium-high-high-high-modular-private_fragmented-787083-crossfit_strongest_nonentropic-event_triggered-agent_event_triggered,907.301547188944,11,1660752,4771,event_triggered,2026-08-16T23:48:58.499922+00:00,a1fc88a4362b68194583f2abcb521217d65e03658bcf4c22a18c432ba2cf5a18,nan,modular,1726376,5050,nan,0.8278080512579271,11.0,21.0,0.0,1.0,23.0,24.0,478.3065510843013,54,106,0.5094339622641509,54,0.48148148148148145,80,28,nan,0.6574074074074074,21,27,8,80,28,nan,2026-08-17T00:02:01.582905+00:00,True,crossfit_generalized_entropic,nan,752,15,nan,0.0433477405842555,432,108,21414,31,60,267,3,7.283063041541028e-14,-3.2612332257970387,12,65684,279,16,15,15,61.66666666666666,71,3776,True,nan,v7-development_formal_dynamic-utility_restoration-medium-high-high-high-modular-private_fragmented-787083-crossfit_generalized_entropic-event_triggered-agent_event_triggered,912.0467676383444,13,1660606,4762,2026-08-17T00:01:33.450677+00:00,a1fc88a4362b68194583f2abcb521217d65e03658bcf4c22a18c432ba2cf5a18,nan,1726290,5041,nan,0.8523505740354044,13.0,21.0,0.0,1.0,23.0,27.0,478.3065510843013,56,108,0.5185185185185185,56,0.48214285714285715,-0.000661375661375696,4.745220449400335,0.005230036765728287,-2.653676297440126,0.009084556254367548
89,28,nan,utility_restoration,0.5901639344262295,22,34,1,102,29,nan,2026-08-16T23:21:24.802813+00:00,medium,True,crossfit_strongest_nonentropic,high,nan,977,15,nan,0.046182228193847,1825,122,787086,19411,high,37,60,245,private_fragmented,3,8.704148513061227e-14,0.7680923537432975,high,6,60219,agent_event_triggered,257,16,15,15,61.66666666666666,72,3886,True,nan,v7-development_formal_dynamic-utility_restoration-medium-high-high-high-modular-private_fragmented-787086-crossfit_strongest_nonentropic-event_triggered-agent_event_triggered,851.6439003564477,10,1597006,4588,event_triggered,2026-08-16T23:20:59.249685+00:00,e7e4287bd050c5a6b8a903d554c14005dc5f24fcfc4299cbd3d484d89e2a960e,nan,modular,1657225,4845,nan,0.8623720280896532,9.0,19.0,0.0,1.0,16.333333333333332,32.0,513.3322581239141,57,122,0.4672131147540984,57,0.5964912280701754,89,28,nan,0.5901639344262295,23,32,2,102,31,nan,2026-08-16T23:34:55.927054+00:00,True,crossfit_generalized_entropic,nan,984,15,nan,0.0461675518275366,1815,122,19590,34,60,245,3,8.704148513061227e-14,2.409577500006021,7,60204,257,16,15,15,61.66666666666666,72,3943,True,nan,v7-development_formal_dynamic-utility_restoration-medium-high-high-high-modular-private_fragmented-787086-crossfit_generalized_entropic-event_triggered-agent_event_triggered,845.1587805786697,11,1613923,4645,2026-08-16T23:34:31.734305+00:00,e7e4287bd050c5a6b8a903d554c14005dc5f24fcfc4299cbd3d484d89e2a960e,nan,1674127,4902,nan,0.8582420970054445,10.0,19.0,0.0,1.0,16.333333333333332,29.0,513.3322581239141,57,122,0.4672131147540984,57,0.5614035087719298,0.03508771929824561,-6.485119777777982,-0.00761482560382772,1.6414851462627236,0.0
76,28,nan,utility_restoration,0.4864864864864865,26,16,0,78,33,nan,2026-08-16T22:55:32.744027+00:00,medium,True,crossfit_strongest_nonentropic,high,nan,1150,15,nan,0.0080740357920879,866,111,787097,20997,high,17,60,21,public_shared,3,5.861977570020828e-14,12.0161086947475,high,4,12998,agent_event_triggered,55,16,12,12,49.66666666666666,54,4183,True,nan,v7-development_formal_dynamic-utility_restoration-medium-high-high-high-modular-public_shared-787097-crossfit_strongest_nonentropic-event_triggered-agent_event_triggered,949.7144812793008,22,1776908,5086,event_triggered,2026-08-16T22:55:03.615491+00:00,f1c5f07dcf429560b21b8679faff0316bb866227a1f8657b61c07961e7398082,nan,modular,1789906,5141,nan,0.7880428331352833,22.0,19.0,0.0,1.0,23.0,15.0,463.5651611171803,42,111,0.3783783783783784,42,0.38095238095238093,75,28,nan,0.5045871559633027,26,17,0,78,33,nan,2026-08-16T23:03:11.340309+00:00,True,crossfit_generalized_entropic,nan,1150,15,nan,0.0080740357920879,866,109,20999,18,60,21,3,7.638334409421078e-14,11.796108694747502,4,12999,55,16,12,12,49.66666666666666,55,4183,True,nan,v7-development_formal_dynamic-utility_restoration-medium-high-high-high-modular-public_shared-787097-crossfit_generalized_entropic-event_triggered-agent_event_triggered,944.9144812793008,22,1776908,5086,2026-08-16T23:02:43.359158+00:00,f1c5f07dcf429560b21b8679faff0316bb866227a1f8657b61c07961e7398082,nan,1789907,5141,nan,0.7880428331352833,22.0,19.0,0.0,1.0,23.0,16.0,463.5651611171803,43,109,0.3944954128440367,43,0.3953488372093023,-0.014396456256921375,-4.7999999999999545,-0.005054150583798802,-0.2199999999999971,0.01611703446565832
91,28,nan,utility_restoration,0.4153846153846154,28,13,1,80,38,nan,2026-08-16T23:09:43.045189+00:00,medium,True,crossfit_strongest_nonentropic,high,nan,802,15,nan,0.0085227536157833,1103,130,787100,18028,high,13,60,48,public_shared,3,1.2168044349891718e-13,12.748551376054916,high,3,20904,agent_event_triggered,89,16,12,12,49.66666666666666,54,3517,True,nan,v7-development_formal_dynamic-utility_restoration-medium-high-high-high-modular-public_shared-787100-crossfit_strongest_nonentropic-event_triggered-agent_event_triggered,1261.899574416411,13,1438161,4133,event_triggered,2026-08-16T23:09:20.032061+00:00,323fb2d674e6e498191060be8e755f4a4b0beff0f416e1efbbdfccb28db0f7a1,nan,modular,1459065,4222,nan,0.8191941351427394,16.0,19.0,0.0,1.0,22.0,11.0,577.5032465957362,42,130,0.3230769230769231,42,0.30952380952380953,91,28,nan,0.4153846153846154,27,13,2,80,37,nan,2026-08-16T23:16:20.003323+00:00,True,crossfit_generalized_entropic,nan,802,15,nan,0.0085224285717629,1103,130,18027,13,60,48,3,1.2168044349891718e-13,12.713677997743744,4,20904,89,16,12,12,49.66666666666666,54,3517,True,nan,v7-development_formal_dynamic-utility_restoration-medium-high-high-high-modular-public_shared-787100-crossfit_generalized_entropic-event_triggered-agent_event_triggered,1261.899574416411,14,1438266,4133,2026-08-16T23:15:56.718286+00:00,323fb2d674e6e498191060be8e755f4a4b0beff0f416e1efbbdfccb28db0f7a1,nan,1459170,4222,nan,0.8236762772407463,16.0,19.0,0.0,1.0,22.0,11.0,577.5032465957362,42,130,0.3230769230769231,42,0.30952380952380953,0.0,0.0,0.0,-0.034873378311171876,0.0
125,28,nan,utility_restoration,0.4340659340659341,26,29,9,150,35,nan,2026-08-17T00:14:25.974840+00:00,medium,True,crossfit_strongest_nonentropic,high,nan,15048,15,nan,0.0408197061929374,5690,182,787075,60121,high,29,60,272,private_fragmented,3,1.536548666081217e-13,14.716842177883828,high,15,68728,agent_event_triggered,295,16,15,15,61.66666666666666,79,15350,True,nan,v7-development_formal_dynamic-utility_restoration-medium-high-high-high-scale_free-private_fragmented-787075-crossfit_strongest_nonentropic-event_triggered-agent_event_triggered,1176.3526423086432,15,6710023,19391,event_triggered,2026-08-17T00:13:29.386100+00:00,44f8b8c835cf06387f688e33d146b7996c73a2db15d4a0d6cd406843a56bfad9,nan,scale_free,6778751,19686,nan,0.8937044375604897,24.0,19.0,0.0,0.0,16.333333333333332,27.0,637.7873605429276,64,182,0.3516483516483517,64,0.453125,125,28,nan,0.4340659340659341,28,27,9,150,36,nan,2026-08-17T00:21:36.557521+00:00,True,crossfit_generalized_entropic,nan,14987,15,nan,0.0408278147667426,5710,182,59857,28,60,272,3,1.536548666081217e-13,15.574483401248072,15,68728,295,16,15,15,61.66666666666666,79,15269,True,nan,v7-development_formal_dynamic-utility_restoration-medium-high-high-high-scale_free-private_fragmented-787075-crossfit_generalized_entropic-event_triggered-agent_event_triggered,1176.3526423086432,15,6670580,19310,2026-08-17T00:20:39.904714+00:00,44f8b8c835cf06387f688e33d146b7996c73a2db15d4a0d6cd406843a56bfad9,nan,6739308,19605,nan,0.8887044375604897,24.0,19.0,0.0,0.0,16.333333333333332,26.0,637.7873605429276,64,182,0.3516483516483517,64,0.421875,0.03125,0.0,0.0,0.8576412233642436,0.0
98,28,nan,utility_restoration,0.4028776978417266,11,29,2,150,14,nan,2026-08-16T23:07:18.845259+00:00,medium,True,crossfit_strongest_nonentropic,high,nan,15370,15,nan,0.0359992544445465,5987,139,787079,63914,high,31,60,274,private_fragmented,3,9.059419880941277e-14,-1.2478273102001172,high,11,66309,agent_event_triggered,283,16,14,14,57.66666666666666,56,16074,True,nan,v7-development_formal_dynamic-utility_restoration-medium-high-high-high-scale_free-private_fragmented-787079-crossfit_strongest_nonentropic-event_triggered-agent_event_triggered,700.3740756195699,9,7256200,20785,event_triggered,2026-08-16T23:06:05.049016+00:00,743d38928b141a18595499e5c58bd686f33cd630d3c9900e15dabb670e2d886b,nan,scale_free,7322509,21068,nan,0.8733501100551366,15.0,19.0,0.0,0.0,13.0,28.0,256.5709871209364,42,139,0.302158273381295,42,0.6904761904761905,98,28,nan,0.4057971014492754,10,28,3,150,14,nan,2026-08-16T23:13:56.085094+00:00,True,crossfit_generalized_entropic,nan,15422,15,nan,0.0359886764921431,5985,138,64129,31,60,274,3,9.059419880941277e-14,-1.2021328699750935,11,66309,283,16,15,15,61.66666666666666,56,16145,True,nan,v7-development_formal_dynamic-utility_restoration-medium-high-high-high-scale_free-private_fragmented-787079-crossfit_generalized_entropic-event_triggered-agent_event_triggered,700.3740756195699,9,7289338,20856,2026-08-16T23:12:41.786590+00:00,743d38928b141a18595499e5c58bd686f33cd630d3c9900e15dabb670e2d886b,nan,7355647,21139,nan,0.8711330256809586,15.0,19.0,0.0,0.0,13.666666666666666,28.0,256.5709871209364,41,138,0.2971014492753623,41,0.6829268292682927,0.007549361207897731,0.0,0.0,0.04569444022502367,-0.005056824105932667
77,28,nan,utility_restoration,0.625,15,32,4,150,20,nan,2026-08-16T22:52:25.219150+00:00,medium,True,crossfit_strongest_nonentropic,high,nan,14492,15,nan,0.0392410381471939,4689,104,787082,61974,high,32,60,246,private_fragmented,3,1.4299672557172016e-13,4.792192789877716,high,13,58982,agent_event_triggered,251,16,14,14,57.66666666666666,65,17955,True,nan,v7-development_formal_dynamic-utility_restoration-medium-high-high-high-scale_free-private_fragmented-787082-crossfit_strongest_nonentropic-event_triggered-agent_event_triggered,749.9009173456271,13,6835570,19743,event_triggered,2026-08-16T22:51:16.395420+00:00,d8a9026c9a6f8aef4b60e2a6154d0aae3ad38f14cfb6a1aad7cae82a0a83d4bf,nan,scale_free,6894552,19994,nan,0.9025852491998948,11.0,21.0,0.0,0.0,19.8,32.0,377.5310184618448,51,104,0.49038461538461536,51,0.6274509803921569,77,28,nan,0.625,15,32,4,150,20,nan,2026-08-16T23:00:08.737112+00:00,True,crossfit_generalized_entropic,nan,14492,15,nan,0.0392410381471939,4689,104,61974,32,60,246,3,1.4299672557172016e-13,4.792192789877715,13,58982,251,16,14,14,57.66666666666666,65,17955,True,nan,v7-development_formal_dynamic-utility_restoration-medium-high-high-high-scale_free-private_fragmented-787082-crossfit_generalized_entropic-event_triggered-agent_event_triggered,749.9009173456271,13,6835570,19743,2026-08-16T22:59:02.374445+00:00,d8a9026c9a6f8aef4b60e2a6154d0aae3ad38f14cfb6a1aad7cae82a0a83d4bf,nan,6894552,19994,nan,0.9025852491998948,11.0,21.0,0.0,0.0,19.8,32.0,377.5310184618448,51,104,0.49038461538461536,51,0.6274509803921569,0.0,0.0,0.0,-8.881784197001252e-16,0.0
76,28,nan,utility_restoration,0.6761904761904762,31,22,3,150,36,nan,2026-08-17T00:15:42.411698+00:00,medium,True,crossfit_strongest_nonentropic,high,nan,17138,15,nan,0.037216664625428,3333,105,787085,74300,high,26,60,284,private_fragmented,3,1.3233858453531866e-13,6.718626278171515,high,9,68187,agent_event_triggered,291,16,15,15,61.66666666666666,71,18899,True,nan,v7-development_formal_dynamic-utility_restoration-medium-high-high-high-scale_free-private_fragmented-787085-crossfit_strongest_nonentropic-event_triggered-agent_event_triggered,343.0565601585372,16,8134750,23341,event_triggered,2026-08-17T00:14:30.167301+00:00,5b151623090c763d296f186541a10f9ebcfee05a97ce47fa027792b6bf630844,nan,scale_free,8202937,23632,nan,0.8461011170726269,12.0,17.0,0.0,0.0,22.5,23.0,147.05687213936477,56,105,0.5333333333333333,56,0.39285714285714285,76,28,nan,0.6761904761904762,31,21,4,150,37,nan,2026-08-17T00:22:53.914903+00:00,True,crossfit_generalized_entropic,nan,17247,15,nan,0.0371404691754453,3405,105,74686,25,60,284,3,1.3233858453531866e-13,7.459952292953908,9,68192,291,16,15,15,61.66666666666666,71,19052,True,nan,v7-development_formal_dynamic-utility_restoration-medium-high-high-high-scale_free-private_fragmented-787085-crossfit_generalized_entropic-event_triggered-agent_event_triggered,337.3042628467384,16,8191933,23494,2026-08-17T00:21:40.842963+00:00,5b151623090c763d296f186541a10f9ebcfee05a97ce47fa027792b6bf630844,nan,8260125,23785,nan,0.8461011170726269,12.0,17.0,0.0,0.0,22.5,22.0,147.05687213936477,56,105,0.5333333333333333,56,0.375,0.01785714285714285,-5.75229731179877,-0.016767781117902114,0.741326014782393,0.0
67,28,nan,utility_restoration,0.4946236559139785,25,9,2,150,33,nan,2026-08-16T23:30:07.106024+00:00,medium,True,crossfit_strongest_nonentropic,high,nan,17078,15,nan,0.0256165086040852,3583,93,787096,75185,high,10,60,43,public_shared,3,6.217248937900878e-14,12.72267772105188,high,3,15556,agent_event_triggered,66,16,10,10,41.66666666666666,46,19415,True,nan,v7-development_formal_dynamic-utility_restoration-medium-high-high-high-scale_free-public_shared-787096-crossfit_strongest_nonentropic-event_triggered-agent_event_triggered,729.4574765050774,15,8414493,24041,event_triggered,2026-08-16T23:28:48.428385+00:00,9e7ec0bfca47d41057c9e0b09ae0cff469490d4a623175611ad66749a83eff9a,nan,scale_free,8430049,24107,nan,0.8120039916645989,23.0,17.0,0.0,2.0,36.0,7.0,379.6091272870949,36,93,0.3870967741935484,36,0.25,66,28,nan,0.4946236559139785,27,8,2,150,34,nan,2026-08-16T23:43:31.351145+00:00,True,crossfit_generalized_entropic,nan,17139,15,nan,0.0257246675079471,3554,93,75549,8,60,43,3,6.217248937900878e-14,14.83495580471307,4,15587,66,16,9,9,37.66666666666666,46,19527,True,nan,v7-development_formal_dynamic-utility_restoration-medium-high-high-high-scale_free-public_shared-787096-crossfit_generalized_entropic-event_triggered-agent_event_triggered,724.9240239896851,16,8452491,24153,2026-08-16T23:42:12.562517+00:00,9e7ec0bfca47d41057c9e0b09ae0cff469490d4a623175611ad66749a83eff9a,nan,8468078,24219,nan,0.8052039274930161,24.0,17.0,0.0,1.0,42.0,6.0,379.6091272870949,37,93,0.3978494623655914,37,0.21621621621621623,0.03378378378378377,-4.533452515392241,-0.006214827678664127,2.11227808366119,0.010752688172043001
98,28,nan,utility_restoration,0.4154929577464789,21,20,6,150,28,nan,2026-08-16T23:56:13.260086+00:00,medium,True,crossfit_strongest_nonentropic,high,nan,17804,15,nan,0.0236468021247749,5919,142,787099,73235,high,20,60,42,public_shared,3,1.1102230246251565e-13,11.803541972262286,high,11,19705,agent_event_triggered,83,16,12,12,49.66666666666666,59,19598,True,nan,v7-development_formal_dynamic-utility_restoration-medium-high-high-high-scale_free-public_shared-787099-crossfit_strongest_nonentropic-event_triggered-agent_event_triggered,945.9754892249912,16,8431437,24145,event_triggered,2026-08-16T23:54:52.694454+00:00,9ef375dba7cf15515044cfe3445f243cf3962c4a11d91bbc41767318415c5525,nan,scale_free,8451142,24228,nan,0.8612897884343771,22.0,15.0,0.0,1.0,25.0,19.0,520.955816672468,47,142,0.33098591549295775,47,0.425531914893617,98,28,nan,0.4154929577464789,20,19,8,150,28,nan,2026-08-17T00:08:38.509856+00:00,True,crossfit_generalized_entropic,nan,17864,15,nan,0.0236887397508908,5853,142,73550,19,60,42,3,1.1102230246251565e-13,11.729882343485144,12,19705,83,16,12,12,49.66666666666666,59,19681,True,nan,v7-development_formal_dynamic-utility_restoration-medium-high-high-high-scale_free-public_shared-787099-crossfit_generalized_entropic-event_triggered-agent_event_triggered,948.2955109364868,16,8460212,24228,2026-08-17T00:07:15.093614+00:00,9ef375dba7cf15515044cfe3445f243cf3962c4a11d91bbc41767318415c5525,nan,8479917,24311,nan,0.8584950960339374,22.0,15.0,0.0,1.0,25.0,18.0,520.955816672468,47,142,0.33098591549295775,47,0.40425531914893614,0.021276595744680882,2.320021711495656,0.002452517784997134,-0.0736596287771416,0.0
45,28,nan,utility_restoration,0.7758620689655172,20,13,1,90,24,nan,2026-08-17T00:12:59.863922+00:00,medium,True,crossfit_strongest_nonentropic,high,nan,2724,15,nan,0.0321670247043015,1124,58,787070,22497,low,19,60,48,private_fragmented,3,6.572520305780928e-14,4.534689194104047,high,2,13984,agent_event_triggered,59,16,11,11,45.33333333333333,45,4775,True,nan,v7-development_formal_dynamic-utility_restoration-medium-high-low-high-grid-private_fragmented-787070-crossfit_strongest_nonentropic-event_triggered-agent_event_triggered,278.9850459819617,12,1988392,5671,event_triggered,2026-08-17T00:12:40.609225+00:00,1adbabca569e24290b003762d6cbae84a495e0e0bad3af30118affa61fb3a34b,nan,grid,2002376,5730,nan,0.8921707615241857,5.0,16.0,0.0,2.0,26.0,18.0,158.33554474882848,34,58,0.5862068965517241,34,0.38235294117647056,45,28,nan,0.7758620689655172,21,12,1,90,26,nan,2026-08-17T00:20:10.487217+00:00,True,crossfit_generalized_entropic,nan,2758,15,nan,0.0319839924723164,1107,58,22726,17,60,48,3,6.572520305780928e-14,5.954857809363384,2,13984,59,16,11,11,45.33333333333333,45,4846,True,nan,v7-development_formal_dynamic-utility_restoration-medium-high-low-high-grid-private_fragmented-787070-crossfit_generalized_entropic-event_triggered-agent_event_triggered,278.9850459819617,12,2012892,5742,2026-08-17T00:19:50.837301+00:00,1adbabca569e24290b003762d6cbae84a495e0e0bad3af30118affa61fb3a34b,nan,2026876,5801,nan,0.8921707615241857,5.0,16.0,0.0,2.0,26.0,16.0,158.33554474882848,34,58,0.5862068965517241,34,0.35294117647058826,0.029411764705882304,0.0,0.0,1.4201686152593371,0.0
47,28,nan,utility_restoration,0.6166666666666667,9,12,4,88,16,nan,2026-08-16T22:50:09.196644+00:00,medium,True,crossfit_strongest_nonentropic,high,nan,1353,15,nan,0.0314035611695837,1549,60,787069,21048,low,12,60,44,private_fragmented,3,6.927791673660978e-14,5.038980501154141,high,9,14195,agent_event_triggered,60,16,12,12,49.66666666666666,37,4321,True,nan,v7-development_formal_dynamic-utility_restoration-medium-high-low-high-modular-private_fragmented-787069-crossfit_strongest_nonentropic-event_triggered-agent_event_triggered,518.6006003731668,10,1866234,5335,event_triggered,2026-08-16T22:49:42.629321+00:00,7e932f2dd0376e0206899155d3e4677470e39c89d1e32e18e5ad06a1fc954b13,nan,modular,1880429,5395,nan,0.8822968383922883,6.0,15.0,0.0,1.0,26.33333333333333,9.0,304.1936941504393,25,60,0.4166666666666667,25,0.48,46,28,nan,0.6206896551724138,10,11,3,88,17,nan,2026-08-16T22:57:54.858130+00:00,True,crossfit_generalized_entropic,nan,1347,15,nan,0.0315743886334337,1544,58,20956,11,60,46,3,6.927791673660978e-14,5.496980501154141,8,14684,62,16,12,12,49.66666666666666,36,4287,True,nan,v7-development_formal_dynamic-utility_restoration-medium-high-low-high-modular-private_fragmented-787069-crossfit_generalized_entropic-event_triggered-agent_event_triggered,517.9435492226594,9,1855813,5301,2026-08-16T22:57:28.636068+00:00,7e932f2dd0376e0206899155d3e4677470e39c89d1e32e18e5ad06a1fc954b13,nan,1870497,5363,nan,0.8884061375141723,5.0,15.0,0.0,1.0,26.33333333333333,8.0,304.1936941504393,24,58,0.41379310344827586,24,0.4583333333333333,0.021666666666666667,-0.6570511505074137,-0.001266969513792739,0.4580000000000002,-0.002873563218390829
87,28,nan,utility_restoration,0.48,19,26,3,150,25,nan,2026-08-16T23:19:49.306582+00:00,medium,True,crossfit_strongest_nonentropic,high,nan,21956,15,nan,0.0327951784786161,4704,125,787071,90228,low,26,60,57,private_fragmented,3,1.3233858453531866e-13,6.744881592064824,high,9,20637,agent_event_triggered,87,16,12,12,49.66666666666666,60,24858,True,nan,v7-development_formal_dynamic-utility_restoration-medium-high-low-high-scale_free-private_fragmented-787071-crossfit_strongest_nonentropic-event_triggered-agent_event_triggered,911.6715795839332,10,10288601,29396,event_triggered,2026-08-16T23:18:11.696518+00:00,6ad96b40e04a90a56a3e2008a4306a8d64fb8fb92def4c5acb3dc36c95bce96f,nan,scale_free,10309238,29483,nan,0.9052703814280922,16.0,17.0,0.0,1.0,27.0,24.0,387.84450954308,48,125,0.384,48,0.5416666666666666,86,28,nan,0.472,20,23,5,150,26,nan,2026-08-16T23:33:26.683298+00:00,True,crossfit_generalized_entropic,nan,21956,15,nan,0.0327879408807316,4704,125,90227,23,60,57,3,1.3233858453531866e-13,7.383820307611465,10,20637,87,16,11,11,45.66666666666666,59,24858,True,nan,v7-development_formal_dynamic-utility_restoration-medium-high-low-high-scale_free-private_fragmented-787071-crossfit_generalized_entropic-event_triggered-agent_event_triggered,922.405062868005,10,10282796,29396,2026-08-16T23:31:55.061669+00:00,6ad96b40e04a90a56a3e2008a4306a8d64fb8fb92def4c5acb3dc36c95bce96f,nan,10303433,29483,nan,0.905957843253449,16.0,17.0,0.0,1.0,27.0,21.0,398.5779928271517,48,125,0.384,48,0.4791666666666667,0.062499999999999944,10.73348328407178,0.011773409991534787,0.6389387155466411,0.0
61,28,nan,utility_restoration,0.7272727272727273,18,21,5,90,25,nan,2026-08-17T00:13:27.168421+00:00,medium,True,crossfit_strongest_nonentropic,high,nan,2998,15,nan,0.0401478793270894,1083,77,787072,24421,medium,23,60,126,private_fragmented,3,7.993605777301127e-14,8.245991585319606,high,8,32904,agent_event_triggered,139,16,12,12,49.66666666666666,56,4999,True,nan,v7-development_formal_dynamic-utility_restoration-medium-high-medium-high-grid-private_fragmented-787072-crossfit_strongest_nonentropic-event_triggered-agent_event_triggered,392.7416343139104,17,2157705,6181,event_triggered,2026-08-17T00:13:01.944711+00:00,3d52737365e279e8533a50381f674de46e164fbe4582789b5419a33607f1b989,nan,grid,2190609,6320,nan,0.8354696022804035,14.0,17.0,0.0,1.0,23.5,22.0,113.04560806908576,44,77,0.5714285714285714,44,0.4772727272727273,61,28,nan,0.717948717948718,18,21,5,90,25,nan,2026-08-17T00:20:37.696190+00:00,True,crossfit_generalized_entropic,nan,3038,15,nan,0.0400041774820636,1076,78,24664,22,60,117,3,7.993605777301127e-14,8.676135308386968,9,30981,131,16,12,12,49.66666666666666,56,5089,True,nan,v7-development_formal_dynamic-utility_restoration-medium-high-medium-high-grid-private_fragmented-787072-crossfit_generalized_entropic-event_triggered-agent_event_triggered,392.7416343139104,17,2189142,6271,2026-08-17T00:20:12.603194+00:00,3d52737365e279e8533a50381f674de46e164fbe4582789b5419a33607f1b989,nan,2220123,6402,nan,0.8776967204026155,14.0,17.0,0.0,1.0,23.5,21.0,113.04560806908576,44,78,0.5641025641025641,44,0.4772727272727273,0.0,0.0,0.0,0.4301437230673617,-0.0073260073260073
106,28,nan,utility_restoration,0.4078947368421052,23,21,3,80,32,nan,2026-08-16T22:50:40.476969+00:00,medium,True,crossfit_strongest_nonentropic,high,nan,1031,15,nan,0.0419141568119076,558,152,787074,21097,medium,23,60,119,private_fragmented,3,9.769962616701379e-14,7.80353173268752,high,7,35804,agent_event_triggered,153,16,15,15,61.66666666666666,62,4046,True,nan,v7-development_formal_dynamic-utility_restoration-medium-high-medium-high-modular-private_fragmented-787074-crossfit_strongest_nonentropic-event_triggered-agent_event_triggered,1164.3369663322158,8,1695488,4881,event_triggered,2026-08-16T22:50:11.496124+00:00,2722c14034f7801c685af4fdda665a6b21114e676f74269051be83169050dc81,nan,modular,1731292,5034,nan,0.8255755340859575,15.0,19.0,0.0,1.0,23.666666666666668,21.0,539.5941866355834,47,152,0.3092105263157895,47,0.44680851063829785,106,28,nan,0.4078947368421052,24,19,4,80,33,nan,2026-08-16T22:58:27.802745+00:00,True,crossfit_generalized_entropic,nan,1043,15,nan,0.0417434718975024,542,152,21224,21,60,119,3,9.769962616701379e-14,8.403531732687517,8,35804,153,16,15,15,61.66666666666666,62,4082,True,nan,v7-development_formal_dynamic-utility_restoration-medium-high-medium-high-modular-private_fragmented-787074-crossfit_generalized_entropic-event_triggered-agent_event_triggered,1164.3369663322158,8,1710288,4917,2026-08-16T22:57:57.166573+00:00,2722c14034f7801c685af4fdda665a6b21114e676f74269051be83169050dc81,nan,1746092,5070,nan,0.8295623442346296,15.0,19.0,0.0,1.0,23.666666666666668,19.0,539.5941866355834,47,152,0.3092105263157895,47,0.40425531914893614,0.04255319148936171,0.0,0.0,0.599999999999997,0.0
79,28,nan,utility_restoration,0.6037735849056604,18,27,4,150,27,nan,2026-08-16T23:48:27.742966+00:00,medium,True,crossfit_strongest_nonentropic,high,nan,17776,15,nan,0.0384928137329668,3808,106,787073,77038,medium,30,60,109,private_fragmented,3,1.4299672557172016e-13,3.916770896228423,high,7,30743,agent_event_triggered,131,16,15,15,61.66666666666666,64,20539,True,nan,v7-development_formal_dynamic-utility_restoration-medium-high-medium-high-scale_free-private_fragmented-787073-crossfit_strongest_nonentropic-event_triggered-agent_event_triggered,431.4010990686015,8,8614221,24636,event_triggered,2026-08-16T23:47:06.768559+00:00,e812f0be60c3656081c82066227a3df2ac342618f7818f5be674ce7624065d51,nan,scale_free,8644964,24767,nan,0.9038391811542577,8.0,17.0,0.0,0.0,22.5,26.0,4.188293026766793,49,106,0.46226415094339623,49,0.5510204081632653,80,28,nan,0.5818181818181818,16,29,5,150,25,nan,2026-08-17T00:01:04.446758+00:00,True,crossfit_generalized_entropic,nan,17450,15,nan,0.0392309567384356,3834,110,75597,33,60,106,3,1.4299672557172016e-13,2.87540074576338,6,30023,128,16,14,14,57.66666666666666,64,20071,True,nan,v7-development_formal_dynamic-utility_restoration-medium-high-medium-high-scale_free-private_fragmented-787073-crossfit_generalized_entropic-event_triggered-agent_event_triggered,435.1082944314478,8,8473696,24168,2026-08-16T23:59:43.979185+00:00,e812f0be60c3656081c82066227a3df2ac342618f7818f5be674ce7624065d51,nan,8503719,24296,nan,0.8997403645744851,8.0,17.0,0.0,0.0,22.5,29.0,4.188293026766793,50,110,0.45454545454545453,50,0.58,-0.02897959183673471,3.707195362846278,0.008593384140305027,-1.0413701504650432,-0.0077186963979417045
80,28,nan,utility_restoration,0.6486486486486487,30,28,0,90,33,nan,2026-08-17T00:09:27.985098+00:00,medium,True,crossfit_strongest_nonentropic,low,nan,2483,15,nan,0.0464806508030726,1255,111,787058,20964,high,32,60,275,private_fragmented,3,1.536548666081217e-13,-1.0958261509195864,high,7,65186,agent_event_triggered,279,16,14,14,57.33333333333333,72,3701,True,nan,v7-development_formal_dynamic-utility_restoration-medium-low-high-high-grid-private_fragmented-787058-crossfit_strongest_nonentropic-event_triggered-agent_event_triggered,492.3795886198273,12,1705595,4883,event_triggered,2026-08-17T00:08:58.667738+00:00,1a2daab5f20cf98e6b8f69117e83285d9ee8f43ff55a2523842511a4d33176bf,nan,grid,1770781,5162,nan,0.8415008600498044,12.0,21.0,0.0,0.0,15.0,27.0,315.3172194182355,58,111,0.5225225225225225,58,0.4827586206896552,80,28,nan,0.6486486486486487,29,28,1,90,32,nan,2026-08-17T00:16:47.836599+00:00,True,crossfit_generalized_entropic,nan,2483,15,nan,0.0464445575862636,1255,111,20964,31,60,275,3,1.536548666081217e-13,-0.4799646706209018,9,65189,279,16,14,14,57.33333333333333,72,3701,True,nan,v7-development_formal_dynamic-utility_restoration-medium-low-high-high-grid-private_fragmented-787058-crossfit_generalized_entropic-event_triggered-agent_event_triggered,495.73905020541696,12,1707500,4883,2026-08-17T00:16:23.077706+00:00,1a2daab5f20cf98e6b8f69117e83285d9ee8f43ff55a2523842511a4d33176bf,nan,1772689,5162,nan,0.8362524760700139,12.0,21.0,0.0,0.0,15.0,26.0,315.3172194182355,58,111,0.5225225225225225,58,0.4827586206896552,0.0,3.3594615855896564,0.006822909932165244,0.6158614802986846,0.0
74,28,nan,utility_restoration,0.5882352941176471,11,28,7,114,13,nan,2026-08-16T23:17:35.347146+00:00,medium,True,crossfit_strongest_nonentropic,low,nan,2934,15,nan,0.0424016509845836,1492,102,787057,34971,high,33,60,265,private_fragmented,3,8.704148513061227e-14,-2.094551041008008,high,14,63439,agent_event_triggered,272,16,14,14,57.66666666666666,60,7471,True,nan,v7-development_formal_dynamic-utility_restoration-medium-low-high-high-modular-private_fragmented-787057-crossfit_strongest_nonentropic-event_triggered-agent_event_triggered,240.0915865186231,16,3371563,9652,event_triggered,2026-08-16T23:16:49.775429+00:00,10757a7d100319b7e2d336f8ff43286b5a986e43e424ff813814969400a30490,nan,modular,3435002,9924,nan,0.7910692625250548,14.0,21.0,0.0,1.0,15.0,30.0,43.42612328898036,46,102,0.45098039215686275,46,0.6086956521739131,74,28,nan,0.5882352941176471,11,28,7,114,14,nan,2026-08-16T23:31:20.950768+00:00,True,crossfit_generalized_entropic,nan,2938,15,nan,0.0423623262321631,1493,102,34979,33,60,265,3,8.704148513061227e-14,-2.038551041008008,13,63439,272,16,14,14,57.66666666666666,60,7474,True,nan,v7-development_formal_dynamic-utility_restoration-medium-low-high-high-modular-private_fragmented-787057-crossfit_generalized_entropic-event_triggered-agent_event_triggered,240.0915865186231,16,3374007,9655,2026-08-16T23:30:38.355883+00:00,10757a7d100319b7e2d336f8ff43286b5a986e43e424ff813814969400a30490,nan,3437446,9927,nan,0.7991439906573901,13.0,21.0,0.0,1.0,15.0,30.0,43.42612328898036,46,102,0.45098039215686275,46,0.6086956521739131,0.0,0.0,0.0,0.05600000000000005,0.0
77,28,nan,utility_restoration,0.6372549019607843,27,21,2,150,34,nan,2026-08-17T00:10:53.501937+00:00,medium,True,crossfit_strongest_nonentropic,low,nan,18441,15,nan,0.0363017775200635,3398,102,787059,77902,high,25,60,275,private_fragmented,3,7.993605777301127e-14,3.2058766992836984,high,6,66350,agent_event_triggered,285,16,15,15,61.66666666666666,65,20025,True,nan,v7-development_formal_dynamic-utility_restoration-medium-low-high-high-scale_free-private_fragmented-787059-crossfit_strongest_nonentropic-event_triggered-agent_event_triggered,103.27702852227212,17,8600626,24577,event_triggered,2026-08-17T00:09:30.079310+00:00,697f908a652ba93f9df6399d11adb1b79e7a58b18853aba21f1499ab57d615e4,nan,scale_free,8666976,24862,nan,0.8005280746285359,10.0,23.0,0.0,2.0,15.666666666666666,21.0,11.819643008397172,50,102,0.49019607843137253,50,0.42,76,28,nan,0.6534653465346535,27,21,3,150,33,nan,2026-08-17T00:18:03.992796+00:00,True,crossfit_generalized_entropic,nan,18333,15,nan,0.0360907670332762,3398,101,77457,26,60,272,3,7.993605777301127e-14,3.599662549115773,7,65861,283,16,15,15,61.66666666666666,66,19879,True,nan,v7-development_formal_dynamic-utility_restoration-medium-low-high-high-scale_free-private_fragmented-787059-crossfit_generalized_entropic-event_triggered-agent_event_triggered,91.45738551387495,17,8550551,24431,2026-08-17T00:16:49.825108+00:00,697f908a652ba93f9df6399d11adb1b79e7a58b18853aba21f1499ab57d615e4,nan,8616412,24714,nan,0.7952842318665501,10.0,23.0,0.0,2.0,15.666666666666666,22.0,0.0,51,101,0.504950495049505,51,0.4117647058823529,0.008235294117647063,-11.819643008397165,-0.11444600195723302,0.39378584983207476,0.014754416618132427
23,28,nan,utility_restoration,0.8518518518518519,6,9,0,90,8,nan,2026-08-16T23:16:46.889194+00:00,medium,True,crossfit_strongest_nonentropic,low,nan,3692,15,nan,0.0306844652331509,187,27,787051,29439,low,11,60,44,private_fragmented,3,1.4299672557172016e-13,5.989756492376612,low,4,11285,agent_event_triggered,48,16,8,8,33.33333333333333,23,6522,True,nan,v7-development_formal_dynamic-utility_restoration-medium-low-low-low-grid-private_fragmented-787051-crossfit_strongest_nonentropic-event_triggered-agent_event_triggered,95.2432410843012,6,2696277,7704,event_triggered,2026-08-16T23:16:22.056315+00:00,51db91f9a3f1c2d978c1192561ede9bde027e043ed6d517b58fdcdaebca1ad0b,nan,grid,2707562,7752,nan,0.9211768956802104,3.0,12.0,0.0,2.0,29.0,7.0,75.28966852450783,15,27,0.5555555555555556,15,0.6,23,28,nan,0.8518518518518519,6,9,0,90,8,nan,2026-08-16T23:30:35.641585+00:00,True,crossfit_generalized_entropic,nan,3692,15,nan,0.030683768214971,187,27,29439,11,60,44,3,1.4299672557172016e-13,5.959756492376612,4,11285,48,16,8,8,33.33333333333333,23,6522,True,nan,v7-development_formal_dynamic-utility_restoration-medium-low-low-low-grid-private_fragmented-787051-crossfit_generalized_entropic-event_triggered-agent_event_triggered,95.2432410843012,6,2697462,7704,2026-08-16T23:30:12.635853+00:00,51db91f9a3f1c2d978c1192561ede9bde027e043ed6d517b58fdcdaebca1ad0b,nan,2708747,7752,nan,0.9211768956802104,3.0,15.0,0.0,2.0,35.0,6.0,75.28966852450783,15,27,0.5555555555555556,15,0.6,0.0,0.0,0.0,-0.03000000000000025,0.0
16,28,nan,utility_restoration,0.8888888888888888,5,6,1,84,5,nan,2026-08-17T00:08:56.520431+00:00,medium,True,crossfit_strongest_nonentropic,low,nan,1207,15,nan,0.0364301001951542,1003,18,787053,21158,low,8,60,51,private_fragmented,3,5.1514348342607263e-14,2.802234881748049,low,3,12460,agent_event_triggered,53,16,4,4,16.0,16,4092,True,nan,v7-development_formal_dynamic-utility_restoration-medium-low-low-low-modular-private_fragmented-787053-crossfit_strongest_nonentropic-event_triggered-agent_event_triggered,130.6361380219347,5,1831789,5216,event_triggered,2026-08-17T00:08:44.018897+00:00,6bde10a7559e2d5495921cb2c48979c73ee360b47d92135af24ead44d7469e48,nan,modular,1844249,5269,nan,0.9204510785697791,1.0,13.0,0.0,1.0,26.0,7.0,38.74941880709989,12,18,0.6666666666666666,12,0.5,16,28,nan,0.8888888888888888,5,6,1,84,5,nan,2026-08-17T00:16:21.110881+00:00,True,crossfit_generalized_entropic,nan,1207,15,nan,0.0364301001951542,1003,18,21158,8,60,51,3,5.1514348342607263e-14,2.544463161960981,3,12460,53,16,4,4,16.0,16,4092,True,nan,v7-development_formal_dynamic-utility_restoration-medium-low-low-low-modular-private_fragmented-787053-crossfit_generalized_entropic-event_triggered-agent_event_triggered,130.6361380219347,5,1831789,5216,2026-08-17T00:16:10.686831+00:00,6bde10a7559e2d5495921cb2c48979c73ee360b47d92135af24ead44d7469e48,nan,1844249,5269,nan,0.9204510785697791,1.0,13.0,0.0,1.0,26.0,7.0,38.74941880709989,12,18,0.6666666666666666,12,0.5,0.0,0.0,0.0,-0.25777171978706814,0.0
38,28,nan,utility_restoration,0.8636363636363636,13,8,6,150,15,nan,2026-08-16T23:45:13.716486+00:00,medium,True,crossfit_strongest_nonentropic,low,nan,21266,15,nan,0.0272230560914594,4263,44,787052,85764,low,12,60,43,private_fragmented,3,1.536548666081217e-13,-0.8085708985631967,low,11,10882,agent_event_triggered,46,16,11,11,44.0,38,22949,True,nan,v7-development_formal_dynamic-utility_restoration-medium-low-low-low-scale_free-private_fragmented-787052-crossfit_strongest_nonentropic-event_triggered-agent_event_triggered,94.34613206595624,7,9778225,27826,event_triggered,2026-08-16T23:43:37.146887+00:00,513784123a4b9f12d8102c15387cbb96a577ef7ca9517c6e9c0b4c244fc4c07f,nan,scale_free,9789107,27872,nan,0.8771303180784921,5.0,0.0,0.0,0.0,60.0,12.0,0.0,27,44,0.6136363636363636,27,0.2962962962962963,37,28,nan,0.8409090909090909,13,8,6,150,15,nan,2026-08-16T23:57:51.085390+00:00,True,crossfit_generalized_entropic,nan,21266,15,nan,0.0272230560914594,4263,44,85762,11,60,43,3,1.536548666081217e-13,-0.588570898563197,11,10882,46,16,10,10,40.0,37,22949,True,nan,v7-development_formal_dynamic-utility_restoration-medium-low-low-low-scale_free-private_fragmented-787052-crossfit_generalized_entropic-event_triggered-agent_event_triggered,94.34613206595624,7,9778225,27826,2026-08-16T23:56:18.863019+00:00,513784123a4b9f12d8102c15387cbb96a577ef7ca9517c6e9c0b4c244fc4c07f,nan,9789107,27872,nan,0.8771303180784921,5.0,0.0,0.0,0.0,60.0,11.0,0.0,27,44,0.6136363636363636,27,0.2962962962962963,0.0,0.0,0.0,0.21999999999999975,0.0
44,28,nan,utility_restoration,0.8,14,14,2,90,17,nan,2026-08-16T22:49:40.288363+00:00,medium,True,crossfit_strongest_nonentropic,low,nan,2478,15,nan,0.0462702178309257,1057,55,787056,21006,medium,21,60,109,private_fragmented,3,4.085620730620576e-14,-0.5233166009558499,medium,6,26694,agent_event_triggered,114,16,14,14,56.33333333333333,44,4633,True,nan,v7-development_formal_dynamic-utility_restoration-medium-low-medium-medium-grid-private_fragmented-787056-crossfit_strongest_nonentropic-event_triggered-agent_event_triggered,92.36501937895744,7,1777027,5075,event_triggered,2026-08-16T22:49:13.994729+00:00,5864562aecd142157aafab33e42cf9f22971c18994c7a078c350079385fcfcb9,nan,grid,1803721,5189,nan,0.8922344405120253,4.0,5.0,0.0,0.0,27.0,20.0,0.0,30,55,0.5454545454545454,30,0.4666666666666667,41,28,nan,0.82,13,11,4,90,16,nan,2026-08-16T22:57:26.382039+00:00,True,crossfit_generalized_entropic,nan,2492,15,nan,0.0458807730496869,1050,50,21065,18,60,107,3,4.085620730620576e-14,-0.5917320742728891,7,25747,110,16,13,13,52.33333333333333,41,4658,True,nan,v7-development_formal_dynamic-utility_restoration-medium-low-medium-medium-grid-private_fragmented-787056-crossfit_generalized_entropic-event_triggered-agent_event_triggered,92.36501937895744,6,1784264,5100,2026-08-16T22:57:01.019357+00:00,5864562aecd142157aafab33e42cf9f22971c18994c7a078c350079385fcfcb9,nan,1810011,5210,nan,0.8871278783951463,2.0,5.0,0.0,0.0,27.0,17.0,0.0,28,50,0.56,28,0.39285714285714285,0.07380952380952382,0.0,0.0,-0.06841547331703923,0.014545454545454639
50,28,nan,utility_restoration,0.8620689655172413,14,20,2,88,23,nan,2026-08-16T23:45:46.732541+00:00,medium,True,crossfit_strongest_nonentropic,low,nan,991,15,nan,0.0414640357910397,1720,58,787055,21026,medium,23,60,85,private_fragmented,3,8.704148513061227e-14,-0.2761281683740517,medium,4,21246,agent_event_triggered,90,16,14,14,56.33333333333333,50,4048,True,nan,v7-development_formal_dynamic-utility_restoration-medium-low-medium-medium-modular-private_fragmented-787055-crossfit_strongest_nonentropic-event_triggered-agent_event_triggered,901.9685399541788,9,1860065,5331,event_triggered,2026-08-16T23:45:20.138795+00:00,1d2e94ac2353de9f33927d2111d77f846a9c2d03daa5d3047d21ecdaf3e0da5f,nan,modular,1881311,5421,nan,0.896192908131124,5.0,3.0,0.0,0.0,29.0,22.0,605.7576939679942,36,58,0.6206896551724138,36,0.5555555555555556,50,28,nan,0.8620689655172413,14,20,2,88,23,nan,2026-08-16T23:58:23.241648+00:00,True,crossfit_generalized_entropic,nan,991,15,nan,0.0414640357910397,1720,58,21026,23,60,85,3,8.704148513061227e-14,-0.2761281683740517,4,21246,90,16,14,14,56.33333333333333,50,4048,True,nan,v7-development_formal_dynamic-utility_restoration-medium-low-medium-medium-modular-private_fragmented-787055-crossfit_generalized_entropic-event_triggered-agent_event_triggered,901.9685399541788,9,1860065,5331,2026-08-16T23:57:57.404828+00:00,1d2e94ac2353de9f33927d2111d77f846a9c2d03daa5d3047d21ecdaf3e0da5f,nan,1881311,5421,nan,0.896192908131124,5.0,3.0,0.0,0.0,29.0,22.0,605.7576939679942,36,58,0.6206896551724138,36,0.5555555555555556,0.0,0.0,0.0,0.0,0.0
37,28,nan,utility_restoration,0.8372093023255814,4,13,7,150,7,nan,2026-08-16T22:49:08.009693+00:00,medium,True,crossfit_strongest_nonentropic,low,nan,17745,15,nan,0.0353358240731321,4008,43,787054,75056,medium,17,60,93,private_fragmented,3,1.4299672557172016e-13,-0.4451309824671968,medium,12,23262,agent_event_triggered,100,16,12,12,49.0,36,19934,True,nan,v7-development_formal_dynamic-utility_restoration-medium-low-medium-medium-scale_free-private_fragmented-787054-crossfit_strongest_nonentropic-event_triggered-agent_event_triggered,49.31484725601203,10,8392098,24102,event_triggered,2026-08-16T22:47:48.400314+00:00,10e4bd2c90e09386b7d619ef1a1d742c394f56a579b3c64d37854ca218cfd21c,nan,scale_free,8415360,24202,nan,0.9169051516035112,6.0,17.0,0.0,1.0,35.0,12.0,0.0,24,43,0.5581395348837209,24,0.5416666666666666,36,28,nan,0.8571428571428571,3,15,6,150,6,nan,2026-08-16T22:56:54.951187+00:00,True,crossfit_generalized_entropic,nan,18009,15,nan,0.0354556960778355,4013,42,76198,19,60,90,3,1.4299672557172016e-13,-1.3980271134429,11,22843,98,16,12,12,49.333333333333336,36,20320,True,nan,v7-development_formal_dynamic-utility_restoration-medium-low-medium-medium-scale_free-private_fragmented-787054-crossfit_generalized_entropic-event_triggered-agent_event_triggered,55.560104933733314,8,8522833,24488,2026-08-16T22:55:35.094519+00:00,10e4bd2c90e09386b7d619ef1a1d742c394f56a579b3c64d37854ca218cfd21c,nan,8545676,24586,nan,0.9131884173520062,4.0,17.0,0.0,0.0,39.5,14.0,0.0,24,42,0.5714285714285714,24,0.625,-0.08333333333333337,6.245257677721284,0.12664051548816097,-0.9528961309757034,0.013289036544850474
122,28,nan,utility_restoration,0.4277777777777777,29,32,1,90,35,nan,2026-08-16T23:05:04.989569+00:00,medium,True,crossfit_strongest_nonentropic,medium,nan,1876,15,nan,0.0513262604888683,871,180,787066,17495,high,34,60,296,private_fragmented,3,1.536548666081217e-13,5.530018567573082,high,8,72178,agent_event_triggered,308,16,15,15,61.66666666666666,77,3094,True,nan,v7-development_formal_dynamic-utility_restoration-medium-medium-high-high-grid-private_fragmented-787066-crossfit_strongest_nonentropic-event_triggered-agent_event_triggered,1189.8908219631464,16,1239414,3555,event_triggered,2026-08-16T23:04:43.097811+00:00,7bf706eab3316736a74632532da1d3aa312f9955abe46b6cc91a755b73a01264,nan,grid,1311592,3863,nan,0.8289998702919952,26.0,19.0,0.0,0.0,12.0,29.0,536.005226329759,62,180,0.34444444444444444,62,0.5161290322580645,122,28,nan,0.4277777777777777,25,32,5,90,32,nan,2026-08-16T23:11:41.763730+00:00,True,crossfit_generalized_entropic,nan,1853,15,nan,0.0513921041512986,886,180,17315,34,60,296,3,1.536548666081217e-13,5.062018567573082,11,72178,308,16,15,15,61.66666666666666,77,3039,True,nan,v7-development_formal_dynamic-utility_restoration-medium-medium-high-high-grid-private_fragmented-787066-crossfit_generalized_entropic-event_triggered-agent_event_triggered,1189.8908219631464,16,1219696,3500,2026-08-16T23:11:20.158480+00:00,7bf706eab3316736a74632532da1d3aa312f9955abe46b6cc91a755b73a01264,nan,1291874,3808,nan,0.8411597046845578,26.0,19.0,0.0,0.0,12.0,29.0,536.005226329759,62,180,0.34444444444444444,62,0.5161290322580645,0.0,0.0,0.0,-0.46799999999999997,0.0
72,28,nan,utility_restoration,0.6847826086956522,24,20,4,84,28,nan,2026-08-16T23:05:30.346811+00:00,medium,True,crossfit_strongest_nonentropic,medium,nan,507,15,nan,0.0503578399380272,817,92,787068,17551,high,23,60,280,private_fragmented,3,6.927791673660978e-14,7.403274797339183,high,12,66562,agent_event_triggered,284,16,15,15,61.66666666666666,63,3083,True,nan,v7-development_formal_dynamic-utility_restoration-medium-medium-high-high-modular-private_fragmented-787068-crossfit_strongest_nonentropic-event_triggered-agent_event_triggered,766.8545836187589,15,1252822,3601,event_triggered,2026-08-16T23:05:07.065257+00:00,fc8c3c1369ac1ea82b2b1b8e7a7b4a197f86b11cdf984e8c60238e94d93d6799,nan,modular,1319384,3885,nan,0.8372843552074416,13.0,17.0,0.0,0.0,25.666666666666668,21.0,290.08597664471495,48,92,0.5217391304347826,48,0.4166666666666667,72,28,nan,0.6847826086956522,22,21,5,84,26,nan,2026-08-16T23:12:07.273537+00:00,True,crossfit_generalized_entropic,nan,504,15,nan,0.050517136808854,830,92,17408,25,60,280,3,6.927791673660978e-14,6.020440676179543,12,66520,284,16,15,15,61.66666666666666,63,3040,True,nan,v7-development_formal_dynamic-utility_restoration-medium-medium-high-high-modular-private_fragmented-787068-crossfit_generalized_entropic-event_triggered-agent_event_triggered,687.2647443836295,14,1237519,3558,2026-08-16T23:11:43.832185+00:00,fc8c3c1369ac1ea82b2b1b8e7a7b4a197f86b11cdf984e8c60238e94d93d6799,nan,1304039,3842,nan,0.8369767212784078,12.0,17.0,0.0,0.0,25.666666666666668,22.0,253.9367367132305,48,92,0.5217391304347826,48,0.4375,-0.020833333333333315,-79.58983923512938,-0.1037873945534078,-1.3828341211596396,0.0
54,28,nan,utility_restoration,0.75,13,20,5,150,17,nan,2026-08-17T00:12:36.297725+00:00,medium,True,crossfit_strongest_nonentropic,medium,nan,14697,15,nan,0.0399774737561596,5074,68,787067,62831,high,25,60,269,private_fragmented,3,1.0480505352461479e-13,0.9526790746641473,high,9,64274,agent_event_triggered,274,16,13,13,53.66666666666666,51,15427,True,nan,v7-development_formal_dynamic-utility_restoration-medium-medium-high-high-scale_free-private_fragmented-787067-crossfit_strongest_nonentropic-event_triggered-agent_event_triggered,360.6389165374,9,6986747,20138,event_triggered,2026-08-17T00:11:41.676431+00:00,fbd6940334a0ba7b71a1c8e72a2ab08760055dacaedc64d144032c4cf70d3a42,nan,scale_free,7051021,20412,nan,0.8602537598248207,2.0,17.0,0.0,1.0,26.5,23.0,90.56290363901522,38,68,0.5588235294117647,38,0.5263157894736842,53,28,nan,0.7352941176470589,14,21,3,150,21,nan,2026-08-17T00:19:46.533010+00:00,True,crossfit_generalized_entropic,nan,14612,15,nan,0.040014611058582,4963,68,62571,22,60,270,3,1.0480505352461479e-13,2.7934770408079874,7,64427,275,16,12,12,49.0,50,15303,True,nan,v7-development_formal_dynamic-utility_restoration-medium-medium-high-high-scale_free-private_fragmented-787067-crossfit_generalized_entropic-event_triggered-agent_event_triggered,283.0911588866481,10,6946405,20014,2026-08-17T00:18:52.587457+00:00,fbd6940334a0ba7b71a1c8e72a2ab08760055dacaedc64d144032c4cf70d3a42,nan,7010832,20289,nan,0.8602537598248207,3.0,17.0,0.0,1.0,26.5,19.0,45.281451819507616,38,68,0.5588235294117647,38,0.5526315789473685,-0.026315789473684292,-77.54775765075192,-0.21502881163051032,1.8407979661438403,0.0
29,28,nan,utility_restoration,0.7714285714285715,8,10,2,90,10,nan,2026-08-16T23:03:32.921340+00:00,medium,True,crossfit_strongest_nonentropic,medium,nan,3082,15,nan,0.0330820037428855,994,35,787062,24799,low,13,60,34,private_fragmented,3,8.704148513061227e-14,2.567711304089971,medium,4,9850,agent_event_triggered,42,16,7,7,29.0,27,5251,True,nan,v7-development_formal_dynamic-utility_restoration-medium-medium-low-medium-grid-private_fragmented-787062-crossfit_strongest_nonentropic-event_triggered-agent_event_triggered,82.05190540949836,9,2254279,6433,event_triggered,2026-08-16T23:03:13.578180+00:00,9073db1fdbf1da5ef0837a3d6530c5e76f3b49020b0ee608d577d54567c4d987,nan,grid,2264129,6475,nan,0.920204028466497,3.0,19.0,0.0,2.0,23.0,10.0,58.98463418783014,20,35,0.5714285714285714,20,0.5,40,28,nan,0.7450980392156863,15,13,1,90,16,nan,2026-08-16T23:10:10.541726+00:00,True,crossfit_generalized_entropic,nan,2947,15,nan,0.0332696676887605,974,51,24004,18,60,53,3,8.704148513061227e-14,4.274267969049922,4,14381,61,16,9,9,37.33333333333333,38,4943,True,nan,v7-development_formal_dynamic-utility_restoration-medium-medium-low-medium-grid-private_fragmented-787062-crossfit_generalized_entropic-event_triggered-agent_event_triggered,105.65654866820822,15,2149922,6125,2026-08-16T23:09:45.069918+00:00,9073db1fdbf1da5ef0837a3d6530c5e76f3b49020b0ee608d577d54567c4d987,nan,2164303,6186,nan,0.8923845639200203,9.0,19.0,0.0,2.0,26.0,15.0,79.24108806866798,29,51,0.5686274509803921,29,0.4482758620689655,0.051724137931034475,23.604643258709856,0.2876794041638108,1.706556664959951,-0.0028011204481792618
35,28,nan,utility_restoration,0.8536585365853658,6,18,3,86,8,nan,2026-08-16T23:18:08.827484+00:00,medium,True,crossfit_strongest_nonentropic,medium,nan,2378,15,nan,0.0293675715797026,677,41,787061,28940,low,22,60,47,private_fragmented,3,5.506706202140776e-14,-0.5915403446743093,medium,5,12407,agent_event_triggered,53,16,8,8,32.0,35,6395,True,nan,v7-development_formal_dynamic-utility_restoration-medium-medium-low-medium-modular-private_fragmented-787061-crossfit_strongest_nonentropic-event_triggered-agent_event_triggered,599.3521293526985,8,2684800,7685,event_triggered,2026-08-16T23:17:38.546200+00:00,2213dc710f2b84f9e5264d1d3f299633afd1b43069f3bbe3f6b0094c15d1c612,nan,modular,2697207,7738,nan,0.9180237538002638,4.0,15.0,0.0,1.0,31.0,20.0,401.9168766300657,27,41,0.6585365853658537,27,0.6666666666666666,35,28,nan,0.8536585365853658,7,16,4,86,9,nan,2026-08-16T23:31:52.372563+00:00,True,crossfit_generalized_entropic,nan,2378,15,nan,0.0293671321928735,677,41,28940,21,60,47,3,5.506706202140776e-14,0.3581676406681743,5,12407,53,16,8,8,32.0,35,6395,True,nan,v7-development_formal_dynamic-utility_restoration-medium-medium-low-medium-modular-private_fragmented-787061-crossfit_generalized_entropic-event_triggered-agent_event_triggered,599.3521293526985,8,2684359,7685,2026-08-16T23:31:23.900448+00:00,2213dc710f2b84f9e5264d1d3f299633afd1b43069f3bbe3f6b0094c15d1c612,nan,2696766,7738,nan,0.9182745496710764,4.0,15.0,0.0,1.0,31.0,19.0,401.9168766300657,27,41,0.6585365853658537,27,0.5925925925925926,0.07407407407407407,0.0,0.0,0.9497079853424836,0.0
36,28,nan,utility_restoration,0.8780487804878049,18,6,2,150,20,nan,2026-08-17T00:11:37.719382+00:00,medium,True,crossfit_strongest_nonentropic,medium,nan,13227,15,nan,0.0314341762926126,7367,41,787060,56324,low,7,60,57,private_fragmented,3,2.3092638912203256e-14,8.80660026452187,medium,9,13745,agent_event_triggered,58,16,10,10,40.33333333333333,36,17111,True,nan,v7-development_formal_dynamic-utility_restoration-medium-medium-low-medium-scale_free-private_fragmented-787060-crossfit_strongest_nonentropic-event_triggered-agent_event_triggered,106.83270657082704,8,6640149,19034,event_triggered,2026-08-17T00:10:58.884684+00:00,1a72568335301419d7a456980d26ecb6126b1039ed0f19c6560afe06611c1a24,nan,scale_free,6653894,19092,nan,0.8808734378246252,2.0,8.0,0.0,0.0,22.0,7.0,68.9296508373895,26,41,0.6341463414634146,26,0.23076923076923078,36,28,nan,0.8780487804878049,17,5,4,150,21,nan,2026-08-17T00:18:48.671671+00:00,True,crossfit_generalized_entropic,nan,13227,15,nan,0.0314329705843765,7367,41,56324,8,60,57,3,2.3092638912203256e-14,8.740600264521872,7,13745,58,16,10,10,40.33333333333333,36,17111,True,nan,v7-development_formal_dynamic-utility_restoration-medium-medium-low-medium-scale_free-private_fragmented-787060-crossfit_generalized_entropic-event_triggered-agent_event_triggered,106.83270657082704,8,6655464,19034,2026-08-17T00:18:09.498267+00:00,1a72568335301419d7a456980d26ecb6126b1039ed0f19c6560afe06611c1a24,nan,6669209,19092,nan,0.88099896856161,2.0,8.0,0.0,0.0,22.0,8.0,68.9296508373895,26,41,0.6341463414634146,26,0.19230769230769232,0.038461538461538464,0.0,0.0,-0.06599999999999895,0.0
50,28,nan,utility_restoration,0.7241379310344828,15,9,3,90,19,nan,2026-08-16T23:04:40.557110+00:00,medium,True,crossfit_strongest_nonentropic,medium,nan,3204,15,nan,0.0388356089782482,881,58,787064,25779,medium,13,60,95,private_fragmented,3,1.0480505352461479e-13,8.227158981016835,medium,10,24543,agent_event_triggered,105,16,15,15,61.66666666666666,42,5440,True,nan,v7-development_formal_dynamic-utility_restoration-medium-medium-medium-medium-grid-private_fragmented-787064-crossfit_strongest_nonentropic-event_triggered-agent_event_triggered,112.14452930985271,15,2304911,6622,event_triggered,2026-08-16T23:04:05.931150+00:00,d4eb0dcf5bfe027301c65fb0ca81b0775ca2b5e61e09047bb33d09e6f0f2122e,nan,grid,2329454,6727,nan,0.8935393360656121,10.0,15.0,0.0,1.0,22.0,10.0,45.40778414257961,27,58,0.46551724137931033,27,0.3333333333333333,50,28,nan,0.7166666666666667,14,12,3,90,19,nan,2026-08-16T23:11:17.534576+00:00,True,crossfit_generalized_entropic,nan,3216,15,nan,0.0386333725217238,888,60,25855,15,60,95,3,1.536548666081217e-13,7.495254765194211,9,24794,106,16,14,14,57.66666666666666,43,5466,True,nan,v7-development_formal_dynamic-utility_restoration-medium-medium-medium-medium-grid-private_fragmented-787064-crossfit_generalized_entropic-event_triggered-agent_event_triggered,187.93343930495536,14,2313809,6648,2026-08-16T23:10:42.738994+00:00,d4eb0dcf5bfe027301c65fb0ca81b0775ca2b5e61e09047bb33d09e6f0f2122e,nan,2338603,6754,nan,0.8935393360656121,10.0,15.0,0.0,1.0,22.0,11.0,75.75264075118453,29,60,0.48333333333333334,29,0.41379310344827586,-0.08045977011494254,75.78890999510264,0.6758145980148497,-0.7319042158226239,0.017816091954023006
54,28,nan,utility_restoration,0.7794117647058824,20,18,2,78,25,nan,2026-08-16T23:04:03.637130+00:00,medium,True,crossfit_strongest_nonentropic,medium,nan,1238,15,nan,0.0456645210549643,810,68,787063,20623,medium,21,60,107,private_fragmented,3,4.440892098500626e-14,6.945020168971694,medium,7,28132,agent_event_triggered,119,16,13,13,53.66666666666666,53,3860,True,nan,v7-development_formal_dynamic-utility_restoration-medium-medium-medium-medium-modular-private_fragmented-787063-crossfit_strongest_nonentropic-event_triggered-agent_event_triggered,485.7565218740463,13,1693748,4853,event_triggered,2026-08-16T23:03:35.420130+00:00,72cd228b7d4f3fdcf76c55a75ed4c7646483f069406e1dcccdf5aa873fca9459,nan,modular,1721880,4972,nan,0.8833762527579099,9.0,21.0,0.0,0.0,31.5,18.0,141.1544003019968,40,68,0.5882352941176471,40,0.45,54,28,nan,0.7794117647058824,20,17,3,78,24,nan,2026-08-16T23:10:40.543717+00:00,True,crossfit_generalized_entropic,nan,1232,15,nan,0.0456681144810799,820,68,20569,23,60,107,3,4.440892098500626e-14,6.21216659214493,6,28132,119,16,13,13,53.66666666666666,53,3845,True,nan,v7-development_formal_dynamic-utility_restoration-medium-medium-medium-medium-modular-private_fragmented-787063-crossfit_generalized_entropic-event_triggered-agent_event_triggered,485.7565218740463,13,1687830,4838,2026-08-16T23:10:12.928897+00:00,72cd228b7d4f3fdcf76c55a75ed4c7646483f069406e1dcccdf5aa873fca9459,nan,1715962,4957,nan,0.8621858642556413,9.0,21.0,0.0,0.0,31.5,20.0,141.1544003019968,40,68,0.5882352941176471,40,0.425,0.025000000000000022,0.0,0.0,-0.7328535768267637,0.0
49,28,nan,utility_restoration,0.8305084745762712,9,23,3,150,11,nan,2026-08-16T23:47:01.562877+00:00,medium,True,crossfit_strongest_nonentropic,medium,nan,15769,15,nan,0.0399893920207291,5133,59,787065,70055,medium,31,60,118,private_fragmented,3,1.4299672557172016e-13,-3.4500729012806457,medium,6,28114,agent_event_triggered,120,16,13,13,52.99999999999999,49,18170,True,nan,v7-development_formal_dynamic-utility_restoration-medium-medium-medium-medium-scale_free-private_fragmented-787065-crossfit_strongest_nonentropic-event_triggered-agent_event_triggered,199.43811459099467,9,7959936,22771,event_triggered,2026-08-16T23:45:48.888014+00:00,0d367c309255be29d676c3d4f23140dde2b891a1610c1e644c252590f90f13f4,nan,scale_free,7988050,22891,nan,0.8902863772882051,8.0,14.0,0.3333333333333333,1.0,45.0,27.0,78.5874410857004,36,59,0.6101694915254238,35,0.6571428571428571,49,28,nan,0.8305084745762712,9,23,3,150,11,nan,2026-08-16T23:59:38.840190+00:00,True,crossfit_generalized_entropic,nan,15769,15,nan,0.0399893920207291,5133,59,70055,31,60,118,3,1.4299672557172016e-13,-3.4500729012806457,6,28114,120,16,13,13,52.99999999999999,49,18170,True,nan,v7-development_formal_dynamic-utility_restoration-medium-medium-medium-medium-scale_free-private_fragmented-787065-crossfit_generalized_entropic-event_triggered-agent_event_triggered,199.43811459099467,9,7959936,22771,2026-08-16T23:58:25.459149+00:00,0d367c309255be29d676c3d4f23140dde2b891a1610c1e644c252590f90f13f4,nan,7988050,22891,nan,0.8902863772882051,8.0,14.0,0.3333333333333333,1.0,45.0,27.0,78.5874410857004,36,59,0.6101694915254238,35,0.6571428571428571,0.0,0.0,0.0,0.0,0.0
22,12,nan,utility_restoration,0.88,8,5,2,34,11,nan,2026-08-16T22:53:03.045556+00:00,small,True,crossfit_strongest_nonentropic,high,nan,475,10,nan,0.0441435706904314,139,25,787087,3750,high,6,30,81,private_fragmented,3,4.796163466380676e-14,7.712869548316172,high,5,19518,agent_event_triggered,84,8,7,7,29.0,22,552,True,nan,v7-development_formal_dynamic-utility_restoration-small-high-high-high-grid-private_fragmented-787087-crossfit_strongest_nonentropic-event_triggered-agent_event_triggered,67.2670633212034,7,220725,632,event_triggered,2026-08-16T22:52:59.534691+00:00,43c4023e355438f9ec0eb34695be45dac7fae1dfd672bc35bec9329b27cd590a,nan,grid,240243,716,nan,0.8157236808415274,4.0,16.0,0.0,1.0,16.5,4.0,19.30018486321637,15,25,0.6,15,0.3333333333333333,22,12,nan,0.88,8,5,2,34,11,nan,2026-08-16T23:00:45.524817+00:00,True,crossfit_generalized_entropic,nan,475,10,nan,0.0441435706904314,139,25,3750,6,30,81,3,4.796163466380676e-14,7.712869548316172,5,19518,84,8,7,7,29.0,22,552,True,nan,v7-development_formal_dynamic-utility_restoration-small-high-high-high-grid-private_fragmented-787087-crossfit_generalized_entropic-event_triggered-agent_event_triggered,67.2670633212034,7,220725,632,2026-08-16T23:00:42.146074+00:00,43c4023e355438f9ec0eb34695be45dac7fae1dfd672bc35bec9329b27cd590a,nan,240243,716,nan,0.8157236808415274,4.0,16.0,0.0,1.0,16.5,4.0,19.30018486321637,15,25,0.6,15,0.3333333333333333,0.0,0.0,0.0,0.0,0.0
34,12,nan,utility_restoration,0.7560975609756098,5,13,3,34,11,nan,2026-08-16T23:07:28.910949+00:00,small,True,crossfit_strongest_nonentropic,high,nan,691,10,nan,0.0371479087796609,49,41,787090,4868,high,14,30,78,private_fragmented,3,4.796163466380676e-14,4.600226477353945,high,6,19322,agent_event_triggered,82,8,10,10,43.333333333333336,31,827,True,nan,v7-development_formal_dynamic-utility_restoration-small-high-high-high-grid-private_fragmented-787090-crossfit_strongest_nonentropic-event_triggered-agent_event_triggered,228.85484679051527,7,335314,963,event_triggered,2026-08-16T23:07:23.890258+00:00,af9395095b549eef02e8be28ee88ee116b3ab0e5b539999246d1bbbb440201fa,nan,grid,354636,1045,nan,0.8973345483850501,9.0,25.0,0.0,3.0,20.5,10.0,148.42391541046962,21,41,0.5121951219512195,21,0.6190476190476191,33,12,nan,0.7317073170731707,5,13,3,34,11,nan,2026-08-16T23:14:06.172955+00:00,True,crossfit_generalized_entropic,nan,690,10,nan,0.0380285393440204,52,41,4863,15,30,78,3,4.796163466380676e-14,4.538226477353946,4,19318,82,8,9,9,38.66666666666666,30,828,True,nan,v7-development_formal_dynamic-utility_restoration-small-high-high-high-grid-private_fragmented-787090-crossfit_generalized_entropic-event_triggered-agent_event_triggered,228.85484679051527,7,335605,964,2026-08-16T23:14:01.224941+00:00,af9395095b549eef02e8be28ee88ee116b3ab0e5b539999246d1bbbb440201fa,nan,354923,1046,nan,0.8098345483850501,8.0,25.0,0.0,3.0,20.5,11.0,148.42391541046962,21,41,0.5121951219512195,21,0.6190476190476191,0.0,0.0,0.0,-0.06199999999999939,0.0
29,12,nan,utility_restoration,0.7058823529411765,9,6,1,24,11,nan,2026-08-16T23:49:38.503588+00:00,small,True,crossfit_strongest_nonentropic,high,nan,351,10,nan,0.0345963011921228,96,34,787089,3418,high,8,30,82,private_fragmented,3,2.398081733190338e-14,9.356742779936113,high,5,19927,agent_event_triggered,85,8,8,8,34.0,24,409,True,nan,v7-development_formal_dynamic-utility_restoration-small-high-high-high-modular-private_fragmented-787089-crossfit_strongest_nonentropic-event_triggered-agent_event_triggered,154.9154180352307,9,172745,495,event_triggered,2026-08-16T23:49:34.829536+00:00,5bde099522fa5152ed842b88e624bdce8661aa670e6b590efd3a722a7de8e823,nan,modular,192672,580,nan,0.7621042168857302,9.0,19.0,0.0,3.0,18.0,6.0,89.09391278932509,16,34,0.47058823529411764,16,0.375,29,12,nan,0.7058823529411765,9,6,1,24,11,nan,2026-08-17T00:02:10.931112+00:00,True,crossfit_generalized_entropic,nan,351,10,nan,0.0345963011921228,96,34,3418,8,30,82,3,2.398081733190338e-14,9.356742779936113,5,19927,85,8,8,8,34.0,24,409,True,nan,v7-development_formal_dynamic-utility_restoration-small-high-high-high-modular-private_fragmented-787089-crossfit_generalized_entropic-event_triggered-agent_event_triggered,154.9154180352307,9,172745,495,2026-08-17T00:02:07.444771+00:00,5bde099522fa5152ed842b88e624bdce8661aa670e6b590efd3a722a7de8e823,nan,192672,580,nan,0.7621042168857302,9.0,19.0,0.0,3.0,18.0,6.0,89.09391278932509,16,34,0.47058823529411764,16,0.375,0.0,0.0,0.0,0.0,0.0
28,12,nan,utility_restoration,0.8181818181818182,8,8,2,22,10,nan,2026-08-16T23:49:34.361023+00:00,small,True,crossfit_strongest_nonentropic,high,nan,371,10,nan,0.0346686554267494,54,33,787088,3303,high,12,30,78,private_fragmented,3,1.5987211554602254e-14,1.5737990247586475,high,4,19474,agent_event_triggered,83,8,8,8,33.33333333333333,27,364,True,nan,v7-development_formal_dynamic-utility_restoration-small-high-high-high-scale_free-private_fragmented-787088-crossfit_strongest_nonentropic-event_triggered-agent_event_triggered,117.14609338678552,9,155001,444,event_triggered,2026-08-16T23:49:30.633271+00:00,9d1accb79b0e857592cf9c452b45c7038a0158032e49a8b91596beba4292da4d,nan,scale_free,174475,527,nan,0.8007831459922392,5.0,19.0,0.3333333333333333,2.0,19.5,11.0,47.46820300480107,19,33,0.5757575757575758,18,0.4444444444444444,28,12,nan,0.8181818181818182,7,8,3,22,9,nan,2026-08-17T00:02:07.007655+00:00,True,crossfit_generalized_entropic,nan,371,10,nan,0.0346686554267494,54,33,3303,12,30,78,3,1.5987211554602254e-14,1.0737998535816102,5,19474,83,8,8,8,33.33333333333333,27,364,True,nan,v7-development_formal_dynamic-utility_restoration-small-high-high-high-scale_free-private_fragmented-787088-crossfit_generalized_entropic-event_triggered-agent_event_triggered,117.14609338678552,9,155001,444,2026-08-17T00:02:03.680058+00:00,9d1accb79b0e857592cf9c452b45c7038a0158032e49a8b91596beba4292da4d,nan,174475,527,nan,0.8007831459922392,5.0,19.0,0.3333333333333333,2.0,19.5,11.0,47.46820300480107,19,33,0.5757575757575758,18,0.4444444444444444,0.0,0.0,0.0,-0.4999991711770373,0.0
