run_id,controller,coverage_target,sketch_policy,action_value,agent_id,consensus,delegation_action,incident_id,js_disagreement,proposed_action,step,value_margin
v6-pilot_sketch_cost-commercial-compound-private_fragmented-e60961-never_act-c050-always_on,never_act,0.5,always_on,0.6477471432801425,commercial_supplier_01_1,0.9533165084686683,abstain,commercial_incident_01,0.04668349153133167,deploy_repair_capacity,2,0.6524940363143311
v6-pilot_sketch_cost-commercial-compound-private_fragmented-e60961-never_act-c050-always_on,never_act,0.5,always_on,0.5025438240628022,commercial_warehouse_02_2,0.9027766420563141,abstain,commercial_incident_02,0.09722335794368586,deploy_repair_capacity,2,0.018115717917359442
v6-pilot_sketch_cost-commercial-compound-private_fragmented-e60961-never_act-c050-always_on,never_act,0.5,always_on,0.8333625375348758,commercial_warehouse_03_1,0.89640996713325,abstain,commercial_incident_03,0.10359003286674995,deploy_repair_capacity,2,0.43188971522631636
v6-pilot_sketch_cost-commercial-compound-private_fragmented-e60961-never_act-c050-always_on,never_act,0.5,always_on,0.8806317932754749,commercial_carrier_04_3,0.941783563410249,abstain,commercial_incident_04,0.05821643658975095,deploy_repair_capacity,2,0.26946157574294627
v6-pilot_sketch_cost-commercial-compound-private_fragmented-e60961-never_act-c050-always_on,never_act,0.5,always_on,0.6124539681976979,commercial_supplier_01_1,0.852309262728215,abstain,commercial_incident_01,0.14769073727178506,deploy_repair_capacity,4,0.368827744498231
v6-pilot_sketch_cost-commercial-compound-private_fragmented-e60961-never_act-c050-always_on,never_act,0.5,always_on,0.5034339955960225,commercial_warehouse_02_2,0.9467766548172376,abstain,commercial_incident_02,0.053223345182762394,authorize_emergency_resource,4,0.06680446282028074
v6-pilot_sketch_cost-commercial-compound-private_fragmented-e60961-never_act-c050-always_on,never_act,0.5,always_on,0.8670512660443124,commercial_warehouse_03_1,0.8616100829243544,abstain,commercial_incident_03,0.13838991707564563,deploy_repair_capacity,4,0.5736205796698075
v6-pilot_sketch_cost-commercial-compound-private_fragmented-e60961-never_act-c050-always_on,never_act,0.5,always_on,0.9717873060982269,commercial_carrier_04_3,0.8726969898832136,abstain,commercial_incident_04,0.12730301011678635,revise_commitment,4,0.49824693114693314
v6-pilot_sketch_cost-commercial-compound-private_fragmented-e60961-never_act-c050-always_on,never_act,0.5,always_on,0.6664062009377039,commercial_supplier_01_1,0.986530908225641,abstain,commercial_incident_01,0.013469091774358954,deploy_repair_capacity,6,0.48892703597990583
v6-pilot_sketch_cost-commercial-compound-private_fragmented-e60961-never_act-c050-always_on,never_act,0.5,always_on,0.5181682783402299,commercial_warehouse_02_2,0.8472815265779258,abstain,commercial_incident_02,0.15271847342207423,deploy_repair_capacity,6,0.39220691913419964
v6-pilot_sketch_cost-commercial-compound-private_fragmented-e60961-never_act-c050-always_on,never_act,0.5,always_on,0.8443755274778739,commercial_warehouse_03_1,0.9297434557314957,abstain,commercial_incident_03,0.07025654426850425,deploy_repair_capacity,6,0.2862889256227542
v6-pilot_sketch_cost-commercial-compound-private_fragmented-e60961-never_act-c050-always_on,never_act,0.5,always_on,0.9630383847042304,commercial_carrier_04_3,0.8611351632113176,abstain,commercial_incident_04,0.13886483678868244,deploy_repair_capacity,6,0.34359070878668274
v6-pilot_sketch_cost-commercial-compound-private_fragmented-e60961-never_act-c050-always_on,never_act,0.5,always_on,0.5720464207355888,commercial_supplier_01_1,0.9437835519000117,abstain,commercial_incident_01,0.05621644809998827,authorize_emergency_resource,8,0.06102665621583203
v6-pilot_sketch_cost-commercial-compound-private_fragmented-e60961-never_act-c050-always_on,never_act,0.5,always_on,0.6429941556154644,commercial_warehouse_02_2,0.7882254045706656,abstain,commercial_incident_02,0.2117745954293344,revise_commitment,8,0.580756852762987
v6-pilot_sketch_cost-commercial-compound-private_fragmented-e60961-never_act-c050-always_on,never_act,0.5,always_on,0.9322859310006584,commercial_warehouse_03_1,0.8823722364606936,abstain,commercial_incident_03,0.11762776353930637,deploy_repair_capacity,8,0.7057403191994785
v6-pilot_sketch_cost-commercial-compound-private_fragmented-e60961-never_act-c050-always_on,never_act,0.5,always_on,0.950962306770265,commercial_carrier_04_3,0.9366800919789838,abstain,commercial_incident_04,0.06331990802101617,reroute_or_reconfigure,8,0.4334097409554429
v6-pilot_sketch_cost-commercial-compound-private_fragmented-e60961-never_act-c050-always_on,never_act,0.5,always_on,0.7140145787662566,commercial_supplier_01_1,0.8542129040575961,abstain,commercial_incident_01,0.1457870959424039,deploy_repair_capacity,10,0.5299497283722691
v6-pilot_sketch_cost-commercial-compound-private_fragmented-e60961-never_act-c050-always_on,never_act,0.5,always_on,0.61724826313379,commercial_warehouse_02_2,0.8620685530117825,abstain,commercial_incident_02,0.13793144698821747,deploy_repair_capacity,10,0.389506688967782
v6-pilot_sketch_cost-commercial-compound-private_fragmented-e60961-never_act-c050-always_on,never_act,0.5,always_on,0.8106329989847344,commercial_warehouse_03_1,0.8839282354295835,abstain,commercial_incident_03,0.11607176457041646,deploy_repair_capacity,10,0.3628691719096917
v6-pilot_sketch_cost-commercial-compound-private_fragmented-e60961-never_act-c050-always_on,never_act,0.5,always_on,0.9611129839553876,commercial_carrier_04_3,0.9184178076473843,abstain,commercial_incident_04,0.08158219235261566,reroute_or_reconfigure,10,0.3012805390071727
v6-pilot_sketch_cost-commercial-compound-private_fragmented-e60961-never_act-c050-event_triggered,never_act,0.5,event_triggered,0.6477471432801425,commercial_supplier_01_1,0.9533165084686683,abstain,commercial_incident_01,0.04668349153133167,deploy_repair_capacity,2,0.6524940363143311
v6-pilot_sketch_cost-commercial-compound-private_fragmented-e60961-never_act-c050-event_triggered,never_act,0.5,event_triggered,0.5025438240628022,commercial_warehouse_02_2,0.9027766420563141,abstain,commercial_incident_02,0.09722335794368586,deploy_repair_capacity,2,0.018115717917359442
v6-pilot_sketch_cost-commercial-compound-private_fragmented-e60961-never_act-c050-event_triggered,never_act,0.5,event_triggered,0.8333625375348758,commercial_warehouse_03_1,0.89640996713325,abstain,commercial_incident_03,0.10359003286674995,deploy_repair_capacity,2,0.43188971522631636
v6-pilot_sketch_cost-commercial-compound-private_fragmented-e60961-never_act-c050-event_triggered,never_act,0.5,event_triggered,0.8806317932754749,commercial_carrier_04_3,0.941783563410249,abstain,commercial_incident_04,0.05821643658975095,deploy_repair_capacity,2,0.26946157574294627
v6-pilot_sketch_cost-commercial-compound-private_fragmented-e60961-never_act-c050-event_triggered,never_act,0.5,event_triggered,0.6124539681976979,commercial_supplier_01_1,0.852309262728215,abstain,commercial_incident_01,0.14769073727178506,deploy_repair_capacity,4,0.368827744498231
v6-pilot_sketch_cost-commercial-compound-private_fragmented-e60961-never_act-c050-event_triggered,never_act,0.5,event_triggered,0.5034339955960225,commercial_warehouse_02_2,0.9467766548172376,abstain,commercial_incident_02,0.053223345182762394,authorize_emergency_resource,4,0.06680446282028074
v6-pilot_sketch_cost-commercial-compound-private_fragmented-e60961-never_act-c050-event_triggered,never_act,0.5,event_triggered,0.8670512660443124,commercial_warehouse_03_1,0.8616100829243544,abstain,commercial_incident_03,0.13838991707564563,deploy_repair_capacity,4,0.5736205796698075
v6-pilot_sketch_cost-commercial-compound-private_fragmented-e60961-never_act-c050-event_triggered,never_act,0.5,event_triggered,0.9717873060982269,commercial_carrier_04_3,0.8726969898832136,abstain,commercial_incident_04,0.12730301011678635,revise_commitment,4,0.49824693114693314
v6-pilot_sketch_cost-commercial-compound-private_fragmented-e60961-never_act-c050-event_triggered,never_act,0.5,event_triggered,0.6664062009377039,commercial_supplier_01_1,0.986530908225641,abstain,commercial_incident_01,0.013469091774358954,deploy_repair_capacity,6,0.48892703597990583
v6-pilot_sketch_cost-commercial-compound-private_fragmented-e60961-never_act-c050-event_triggered,never_act,0.5,event_triggered,0.5181682783402299,commercial_warehouse_02_2,0.8472815265779258,abstain,commercial_incident_02,0.15271847342207423,deploy_repair_capacity,6,0.39220691913419964
v6-pilot_sketch_cost-commercial-compound-private_fragmented-e60961-never_act-c050-event_triggered,never_act,0.5,event_triggered,0.8443755274778739,commercial_warehouse_03_1,0.9297434557314957,abstain,commercial_incident_03,0.07025654426850425,deploy_repair_capacity,6,0.2862889256227542
v6-pilot_sketch_cost-commercial-compound-private_fragmented-e60961-never_act-c050-event_triggered,never_act,0.5,event_triggered,0.9630383847042304,commercial_carrier_04_3,0.8608587435306502,abstain,commercial_incident_04,0.13914125646934983,deploy_repair_capacity,6,0.34359070878668274
v6-pilot_sketch_cost-commercial-compound-private_fragmented-e60961-never_act-c050-event_triggered,never_act,0.5,event_triggered,0.5720464207355888,commercial_supplier_01_1,0.9437835519000117,abstain,commercial_incident_01,0.05621644809998827,authorize_emergency_resource,8,0.06102665621583203
v6-pilot_sketch_cost-commercial-compound-private_fragmented-e60961-never_act-c050-event_triggered,never_act,0.5,event_triggered,0.6429941556154644,commercial_warehouse_02_2,0.8098513311673066,abstain,commercial_incident_02,0.19014866883269343,revise_commitment,8,0.580756852762987
v6-pilot_sketch_cost-commercial-compound-private_fragmented-e60961-never_act-c050-event_triggered,never_act,0.5,event_triggered,0.9322859310006584,commercial_warehouse_03_1,0.8823722364606936,abstain,commercial_incident_03,0.11762776353930637,deploy_repair_capacity,8,0.7057403191994785
v6-pilot_sketch_cost-commercial-compound-private_fragmented-e60961-never_act-c050-event_triggered,never_act,0.5,event_triggered,0.950962306770265,commercial_carrier_04_3,0.9366800919789838,abstain,commercial_incident_04,0.06331990802101617,reroute_or_reconfigure,8,0.4334097409554429
v6-pilot_sketch_cost-commercial-compound-private_fragmented-e60961-never_act-c050-event_triggered,never_act,0.5,event_triggered,0.7140145787662566,commercial_supplier_01_1,0.857452949462498,abstain,commercial_incident_01,0.14254705053750205,deploy_repair_capacity,10,0.5299497283722691
v6-pilot_sketch_cost-commercial-compound-private_fragmented-e60961-never_act-c050-event_triggered,never_act,0.5,event_triggered,0.61724826313379,commercial_warehouse_02_2,0.8620685530117825,abstain,commercial_incident_02,0.13793144698821747,deploy_repair_capacity,10,0.389506688967782
v6-pilot_sketch_cost-commercial-compound-private_fragmented-e60961-never_act-c050-event_triggered,never_act,0.5,event_triggered,0.8106329989847344,commercial_warehouse_03_1,0.8839282354295835,abstain,commercial_incident_03,0.11607176457041646,deploy_repair_capacity,10,0.3628691719096917
v6-pilot_sketch_cost-commercial-compound-private_fragmented-e60961-never_act-c050-event_triggered,never_act,0.5,event_triggered,0.9611129839553876,commercial_carrier_04_3,0.9184178076473843,abstain,commercial_incident_04,0.08158219235261566,reroute_or_reconfigure,10,0.3012805390071727
v6-pilot_sketch_cost-commercial-compound-private_fragmented-e60961-never_act-c050-none,never_act,0.5,none,0.6477471432801425,commercial_supplier_01_1,1.0,abstain,commercial_incident_01,0.0,deploy_repair_capacity,2,0.6524940363143311
v6-pilot_sketch_cost-commercial-compound-private_fragmented-e60961-never_act-c050-none,never_act,0.5,none,0.5025438240628022,commercial_warehouse_02_2,1.0,abstain,commercial_incident_02,0.0,deploy_repair_capacity,2,0.018115717917359442
v6-pilot_sketch_cost-commercial-compound-private_fragmented-e60961-never_act-c050-none,never_act,0.5,none,0.8333625375348758,commercial_warehouse_03_1,1.0,abstain,commercial_incident_03,0.0,deploy_repair_capacity,2,0.43188971522631636
v6-pilot_sketch_cost-commercial-compound-private_fragmented-e60961-never_act-c050-none,never_act,0.5,none,0.8806317932754749,commercial_carrier_04_3,1.0,abstain,commercial_incident_04,0.0,deploy_repair_capacity,2,0.26946157574294627
v6-pilot_sketch_cost-commercial-compound-private_fragmented-e60961-never_act-c050-none,never_act,0.5,none,0.6124539681976979,commercial_supplier_01_1,1.0,abstain,commercial_incident_01,0.0,deploy_repair_capacity,4,0.368827744498231
v6-pilot_sketch_cost-commercial-compound-private_fragmented-e60961-never_act-c050-none,never_act,0.5,none,0.5034339955960225,commercial_warehouse_02_2,1.0,abstain,commercial_incident_02,0.0,authorize_emergency_resource,4,0.06680446282028074
v6-pilot_sketch_cost-commercial-compound-private_fragmented-e60961-never_act-c050-none,never_act,0.5,none,0.8670512660443124,commercial_warehouse_03_1,1.0,abstain,commercial_incident_03,0.0,deploy_repair_capacity,4,0.5736205796698075
v6-pilot_sketch_cost-commercial-compound-private_fragmented-e60961-never_act-c050-none,never_act,0.5,none,0.9717873060982269,commercial_carrier_04_3,1.0,abstain,commercial_incident_04,0.0,revise_commitment,4,0.49824693114693314
v6-pilot_sketch_cost-commercial-compound-private_fragmented-e60961-never_act-c050-none,never_act,0.5,none,0.6664062009377039,commercial_supplier_01_1,1.0,abstain,commercial_incident_01,0.0,deploy_repair_capacity,6,0.48892703597990583
v6-pilot_sketch_cost-commercial-compound-private_fragmented-e60961-never_act-c050-none,never_act,0.5,none,0.5181682783402299,commercial_warehouse_02_2,1.0,abstain,commercial_incident_02,0.0,deploy_repair_capacity,6,0.39220691913419964
v6-pilot_sketch_cost-commercial-compound-private_fragmented-e60961-never_act-c050-none,never_act,0.5,none,0.8443755274778739,commercial_warehouse_03_1,1.0,abstain,commercial_incident_03,0.0,deploy_repair_capacity,6,0.2862889256227542
v6-pilot_sketch_cost-commercial-compound-private_fragmented-e60961-never_act-c050-none,never_act,0.5,none,0.9630383847042304,commercial_carrier_04_3,1.0,abstain,commercial_incident_04,0.0,deploy_repair_capacity,6,0.34359070878668274
v6-pilot_sketch_cost-commercial-compound-private_fragmented-e60961-never_act-c050-none,never_act,0.5,none,0.5720464207355888,commercial_supplier_01_1,1.0,abstain,commercial_incident_01,0.0,authorize_emergency_resource,8,0.06102665621583203
v6-pilot_sketch_cost-commercial-compound-private_fragmented-e60961-never_act-c050-none,never_act,0.5,none,0.6429941556154644,commercial_warehouse_02_2,1.0,abstain,commercial_incident_02,0.0,revise_commitment,8,0.580756852762987
v6-pilot_sketch_cost-commercial-compound-private_fragmented-e60961-never_act-c050-none,never_act,0.5,none,0.9322859310006584,commercial_warehouse_03_1,1.0,abstain,commercial_incident_03,0.0,deploy_repair_capacity,8,0.7057403191994785
v6-pilot_sketch_cost-commercial-compound-private_fragmented-e60961-never_act-c050-none,never_act,0.5,none,0.950962306770265,commercial_carrier_04_3,1.0,abstain,commercial_incident_04,0.0,reroute_or_reconfigure,8,0.4334097409554429
v6-pilot_sketch_cost-commercial-compound-private_fragmented-e60961-never_act-c050-none,never_act,0.5,none,0.7140145787662566,commercial_supplier_01_1,1.0,abstain,commercial_incident_01,0.0,deploy_repair_capacity,10,0.5299497283722691
v6-pilot_sketch_cost-commercial-compound-private_fragmented-e60961-never_act-c050-none,never_act,0.5,none,0.61724826313379,commercial_warehouse_02_2,1.0,abstain,commercial_incident_02,0.0,deploy_repair_capacity,10,0.389506688967782
v6-pilot_sketch_cost-commercial-compound-private_fragmented-e60961-never_act-c050-none,never_act,0.5,none,0.8106329989847344,commercial_warehouse_03_1,1.0,abstain,commercial_incident_03,0.0,deploy_repair_capacity,10,0.3628691719096917
v6-pilot_sketch_cost-commercial-compound-private_fragmented-e60961-never_act-c050-none,never_act,0.5,none,0.9611129839553876,commercial_carrier_04_3,1.0,abstain,commercial_incident_04,0.0,reroute_or_reconfigure,10,0.3012805390071727
v6-pilot_sketch_cost-commercial-compound-private_fragmented-e60961-never_act-c050-periodic,never_act,0.5,periodic,0.6477471432801425,commercial_supplier_01_1,0.9878418561188572,abstain,commercial_incident_01,0.01215814388114278,deploy_repair_capacity,2,0.6524940363143311
v6-pilot_sketch_cost-commercial-compound-private_fragmented-e60961-never_act-c050-periodic,never_act,0.5,periodic,0.5025438240628022,commercial_warehouse_02_2,0.8911223968082729,abstain,commercial_incident_02,0.10887760319172712,deploy_repair_capacity,2,0.018115717917359442
v6-pilot_sketch_cost-commercial-compound-private_fragmented-e60961-never_act-c050-periodic,never_act,0.5,periodic,0.8333625375348758,commercial_warehouse_03_1,0.9246131887646224,abstain,commercial_incident_03,0.0753868112353776,deploy_repair_capacity,2,0.43188971522631636
v6-pilot_sketch_cost-commercial-compound-private_fragmented-e60961-never_act-c050-periodic,never_act,0.5,periodic,0.8806317932754749,commercial_carrier_04_3,0.8177766699730274,abstain,commercial_incident_04,0.18222333002697255,deploy_repair_capacity,2,0.26946157574294627
v6-pilot_sketch_cost-commercial-compound-private_fragmented-e60961-never_act-c050-periodic,never_act,0.5,periodic,0.6124539681976979,commercial_supplier_01_1,0.887361806751701,abstain,commercial_incident_01,0.11263819324829905,deploy_repair_capacity,4,0.368827744498231
v6-pilot_sketch_cost-commercial-compound-private_fragmented-e60961-never_act-c050-periodic,never_act,0.5,periodic,0.5034339955960225,commercial_warehouse_02_2,0.9913085760048791,abstain,commercial_incident_02,0.008691423995120906,authorize_emergency_resource,4,0.06680446282028074
v6-pilot_sketch_cost-commercial-compound-private_fragmented-e60961-never_act-c050-periodic,never_act,0.5,periodic,0.8670512660443124,commercial_warehouse_03_1,0.8639431115668937,abstain,commercial_incident_03,0.13605688843310626,deploy_repair_capacity,4,0.5736205796698075
v6-pilot_sketch_cost-commercial-compound-private_fragmented-e60961-never_act-c050-periodic,never_act,0.5,periodic,0.9717873060982269,commercial_carrier_04_3,0.8782284383820761,abstain,commercial_incident_04,0.1217715616179239,revise_commitment,4,0.49824693114693314
v6-pilot_sketch_cost-commercial-compound-private_fragmented-e60961-never_act-c050-periodic,never_act,0.5,periodic,0.6664062009377039,commercial_supplier_01_1,0.986530908225641,abstain,commercial_incident_01,0.013469091774358954,deploy_repair_capacity,6,0.48892703597990583
v6-pilot_sketch_cost-commercial-compound-private_fragmented-e60961-never_act-c050-periodic,never_act,0.5,periodic,0.5181682783402299,commercial_warehouse_02_2,0.8529300365721484,abstain,commercial_incident_02,0.1470699634278516,deploy_repair_capacity,6,0.39220691913419964
v6-pilot_sketch_cost-commercial-compound-private_fragmented-e60961-never_act-c050-periodic,never_act,0.5,periodic,0.8443755274778739,commercial_warehouse_03_1,0.9014050039663142,abstain,commercial_incident_03,0.09859499603368582,deploy_repair_capacity,6,0.2862889256227542
v6-pilot_sketch_cost-commercial-compound-private_fragmented-e60961-never_act-c050-periodic,never_act,0.5,periodic,0.9630383847042304,commercial_carrier_04_3,0.8611351632113176,abstain,commercial_incident_04,0.13886483678868244,deploy_repair_capacity,6,0.34359070878668274
v6-pilot_sketch_cost-commercial-compound-private_fragmented-e60961-never_act-c050-periodic,never_act,0.5,periodic,0.5720464207355888,commercial_supplier_01_1,0.947119901992877,abstain,commercial_incident_01,0.05288009800712301,authorize_emergency_resource,8,0.06102665621583203
v6-pilot_sketch_cost-commercial-compound-private_fragmented-e60961-never_act-c050-periodic,never_act,0.5,periodic,0.6429941556154644,commercial_warehouse_02_2,0.7981438272429692,abstain,commercial_incident_02,0.20185617275703083,revise_commitment,8,0.580756852762987
v6-pilot_sketch_cost-commercial-compound-private_fragmented-e60961-never_act-c050-periodic,never_act,0.5,periodic,0.9322859310006584,commercial_warehouse_03_1,0.9170620554329418,abstain,commercial_incident_03,0.08293794456705816,deploy_repair_capacity,8,0.7057403191994785
v6-pilot_sketch_cost-commercial-compound-private_fragmented-e60961-never_act-c050-periodic,never_act,0.5,periodic,0.950962306770265,commercial_carrier_04_3,0.8299611001207358,abstain,commercial_incident_04,0.17003889987926424,reroute_or_reconfigure,8,0.4334097409554429
v6-pilot_sketch_cost-commercial-compound-private_fragmented-e60961-never_act-c050-periodic,never_act,0.5,periodic,0.7140145787662566,commercial_supplier_01_1,0.9006612525260537,abstain,commercial_incident_01,0.09933874747394633,deploy_repair_capacity,10,0.5299497283722691
v6-pilot_sketch_cost-commercial-compound-private_fragmented-e60961-never_act-c050-periodic,never_act,0.5,periodic,0.61724826313379,commercial_warehouse_02_2,0.8887466989439601,abstain,commercial_incident_02,0.11125330105603992,deploy_repair_capacity,10,0.389506688967782
v6-pilot_sketch_cost-commercial-compound-private_fragmented-e60961-never_act-c050-periodic,never_act,0.5,periodic,0.8106329989847344,commercial_warehouse_03_1,0.9098744763816412,abstain,commercial_incident_03,0.0901255236183588,deploy_repair_capacity,10,0.3628691719096917
v6-pilot_sketch_cost-commercial-compound-private_fragmented-e60961-never_act-c050-periodic,never_act,0.5,periodic,0.9611129839553876,commercial_carrier_04_3,0.9337363035076075,abstain,commercial_incident_04,0.0662636964923925,reroute_or_reconfigure,10,0.3012805390071727
v6-pilot_sketch_cost-commercial-compound-private_fragmented-e60962-never_act-c050-always_on,never_act,0.5,always_on,0.7226693922872316,commercial_carrier_01_2,0.9589277374888204,abstain,commercial_incident_01,0.04107226251117957,revise_commitment,2,0.32434373617041456
v6-pilot_sketch_cost-commercial-compound-private_fragmented-e60962-never_act-c050-always_on,never_act,0.5,always_on,0.6398049420418432,commercial_retailer_02_3,0.9479028645755376,abstain,commercial_incident_02,0.05209713542446237,authorize_emergency_resource,2,0.4928047228175515
v6-pilot_sketch_cost-commercial-compound-private_fragmented-e60962-never_act-c050-always_on,never_act,0.5,always_on,0.765071831653291,commercial_retailer_03_2,0.9622842797592926,abstain,commercial_incident_03,0.03771572024070735,revise_commitment,2,0.436122058166601
v6-pilot_sketch_cost-commercial-compound-private_fragmented-e60962-never_act-c050-always_on,never_act,0.5,always_on,0.7451005064098118,commercial_carrier_04_3,0.9243664550977182,abstain,commercial_incident_04,0.0756335449022818,deploy_repair_capacity,2,0.4924332668250483
v6-pilot_sketch_cost-commercial-compound-private_fragmented-e60962-never_act-c050-always_on,never_act,0.5,always_on,0.7155603173940924,commercial_carrier_01_2,0.852088382606484,abstain,commercial_incident_01,0.147911617393516,deploy_repair_capacity,4,0.6188485529119122
v6-pilot_sketch_cost-commercial-compound-private_fragmented-e60962-never_act-c050-always_on,never_act,0.5,always_on,0.6081954655343637,commercial_retailer_02_3,0.9649264261435093,abstain,commercial_incident_02,0.03507357385649068,authorize_emergency_resource,4,0.16628750292699998
v6-pilot_sketch_cost-commercial-compound-private_fragmented-e60962-never_act-c050-always_on,never_act,0.5,always_on,0.827003344717817,commercial_supplier_03_3,0.9077048638818009,abstain,commercial_incident_03,0.09229513611819906,deploy_repair_capacity,4,0.32128720131159555
v6-pilot_sketch_cost-commercial-compound-private_fragmented-e60962-never_act-c050-always_on,never_act,0.5,always_on,0.7981780613527765,commercial_carrier_04_3,0.8723683158931217,abstain,commercial_incident_04,0.1276316841068783,deploy_repair_capacity,4,0.6670895860948902
v6-pilot_sketch_cost-commercial-compound-private_fragmented-e60962-never_act-c050-always_on,never_act,0.5,always_on,0.8482169982190263,commercial_carrier_01_2,0.8361105334769414,abstain,commercial_incident_01,0.16388946652305858,deploy_repair_capacity,6,0.34541299609883014
v6-pilot_sketch_cost-commercial-compound-private_fragmented-e60962-never_act-c050-always_on,never_act,0.5,always_on,0.5991397704832749,commercial_warehouse_02_2,0.9201678936230937,abstain,commercial_incident_02,0.0798321063769063,revise_commitment,6,0.4196684335983711
v6-pilot_sketch_cost-commercial-compound-private_fragmented-e60962-never_act-c050-always_on,never_act,0.5,always_on,0.3772604776089486,commercial_warehouse_03_1,0.903523399581438,abstain,commercial_incident_03,0.09647660041856199,deploy_repair_capacity,6,0.37225485556663973
v6-pilot_sketch_cost-commercial-compound-private_fragmented-e60962-never_act-c050-always_on,never_act,0.5,always_on,0.7981781577132776,commercial_carrier_04_3,0.9246468691475588,abstain,commercial_incident_04,0.07535313085244122,revise_commitment,6,0.2108912134569988
v6-pilot_sketch_cost-commercial-compound-private_fragmented-e60962-never_act-c050-always_on,never_act,0.5,always_on,0.8200000990186945,commercial_carrier_01_2,0.8717697828744545,abstain,commercial_incident_01,0.1282302171255455,reroute_or_reconfigure,8,0.35385973472166077
v6-pilot_sketch_cost-commercial-compound-private_fragmented-e60962-never_act-c050-always_on,never_act,0.5,always_on,0.557977075691903,commercial_warehouse_02_2,0.9873033023924963,abstain,commercial_incident_02,0.012696697607503693,authorize_emergency_resource,8,0.3557445181964642
v6-pilot_sketch_cost-commercial-compound-private_fragmented-e60962-never_act-c050-always_on,never_act,0.5,always_on,0.7989920203488494,commercial_retailer_03_2,0.9481307227849066,abstain,commercial_incident_03,0.05186927721509338,revise_commitment,8,0.24230554554677108
v6-pilot_sketch_cost-commercial-compound-private_fragmented-e60962-never_act-c050-always_on,never_act,0.5,always_on,0.832704230764628,commercial_supplier_04_2,0.8900359884465648,abstain,commercial_incident_04,0.10996401155343516,deploy_repair_capacity,8,0.2732226052803298
v6-pilot_sketch_cost-commercial-compound-private_fragmented-e60962-never_act-c050-always_on,never_act,0.5,always_on,0.8697752821380055,commercial_carrier_01_2,0.9157849678688018,abstain,commercial_incident_01,0.08421503213119819,reroute_or_reconfigure,10,0.3582120536011403
v6-pilot_sketch_cost-commercial-compound-private_fragmented-e60962-never_act-c050-always_on,never_act,0.5,always_on,0.7761423989836709,commercial_retailer_02_3,0.8268190969646112,abstain,commercial_incident_02,0.1731809030353888,revise_commitment,10,0.4149316790163607
v6-pilot_sketch_cost-commercial-compound-private_fragmented-e60962-never_act-c050-always_on,never_act,0.5,always_on,0.894531413420764,commercial_retailer_03_2,0.9182688155537145,abstain,commercial_incident_03,0.08173118444628547,revise_commitment,10,0.49403348763831767
v6-pilot_sketch_cost-commercial-compound-private_fragmented-e60962-never_act-c050-always_on,never_act,0.5,always_on,0.853631146768889,commercial_carrier_04_3,0.8696038709762881,abstain,commercial_incident_04,0.1303961290237119,deploy_repair_capacity,10,0.5820046866034124
v6-pilot_sketch_cost-commercial-compound-private_fragmented-e60962-never_act-c050-event_triggered,never_act,0.5,event_triggered,0.7226693922872316,commercial_carrier_01_2,0.9589277374888204,abstain,commercial_incident_01,0.04107226251117957,revise_commitment,2,0.32434373617041456
v6-pilot_sketch_cost-commercial-compound-private_fragmented-e60962-never_act-c050-event_triggered,never_act,0.5,event_triggered,0.6398049420418432,commercial_retailer_02_3,0.9479028645755376,abstain,commercial_incident_02,0.05209713542446237,authorize_emergency_resource,2,0.4928047228175515
v6-pilot_sketch_cost-commercial-compound-private_fragmented-e60962-never_act-c050-event_triggered,never_act,0.5,event_triggered,0.765071831653291,commercial_retailer_03_2,0.9622842797592926,abstain,commercial_incident_03,0.03771572024070735,revise_commitment,2,0.436122058166601
v6-pilot_sketch_cost-commercial-compound-private_fragmented-e60962-never_act-c050-event_triggered,never_act,0.5,event_triggered,0.7451005064098118,commercial_carrier_04_3,0.9243664550977182,abstain,commercial_incident_04,0.0756335449022818,deploy_repair_capacity,2,0.4924332668250483
v6-pilot_sketch_cost-commercial-compound-private_fragmented-e60962-never_act-c050-event_triggered,never_act,0.5,event_triggered,0.7155603173940924,commercial_carrier_01_2,0.852088382606484,abstain,commercial_incident_01,0.147911617393516,deploy_repair_capacity,4,0.6188485529119122
v6-pilot_sketch_cost-commercial-compound-private_fragmented-e60962-never_act-c050-event_triggered,never_act,0.5,event_triggered,0.6081954655343637,commercial_retailer_02_3,0.9649204288113248,abstain,commercial_incident_02,0.03507957118867522,authorize_emergency_resource,4,0.16628750292699998
v6-pilot_sketch_cost-commercial-compound-private_fragmented-e60962-never_act-c050-event_triggered,never_act,0.5,event_triggered,0.827003344717817,commercial_supplier_03_3,0.9077048638818009,abstain,commercial_incident_03,0.09229513611819906,deploy_repair_capacity,4,0.32128720131159555
v6-pilot_sketch_cost-commercial-compound-private_fragmented-e60962-never_act-c050-event_triggered,never_act,0.5,event_triggered,0.7981780613527765,commercial_carrier_04_3,0.8723683158931217,abstain,commercial_incident_04,0.1276316841068783,deploy_repair_capacity,4,0.6670895860948902
v6-pilot_sketch_cost-commercial-compound-private_fragmented-e60962-never_act-c050-event_triggered,never_act,0.5,event_triggered,0.8482169982190263,commercial_carrier_01_2,0.8361105334769414,abstain,commercial_incident_01,0.16388946652305858,deploy_repair_capacity,6,0.34541299609883014
v6-pilot_sketch_cost-commercial-compound-private_fragmented-e60962-never_act-c050-event_triggered,never_act,0.5,event_triggered,0.5991397704832749,commercial_warehouse_02_2,0.9201678936230937,abstain,commercial_incident_02,0.0798321063769063,revise_commitment,6,0.4196684335983711
v6-pilot_sketch_cost-commercial-compound-private_fragmented-e60962-never_act-c050-event_triggered,never_act,0.5,event_triggered,0.3772604776089486,commercial_warehouse_03_1,0.9177795414672932,abstain,commercial_incident_03,0.08222045853270676,deploy_repair_capacity,6,0.37225485556663973
v6-pilot_sketch_cost-commercial-compound-private_fragmented-e60962-never_act-c050-event_triggered,never_act,0.5,event_triggered,0.7981781577132776,commercial_carrier_04_3,0.9246468691475588,abstain,commercial_incident_04,0.07535313085244122,revise_commitment,6,0.2108912134569988
v6-pilot_sketch_cost-commercial-compound-private_fragmented-e60962-never_act-c050-event_triggered,never_act,0.5,event_triggered,0.8200000990186945,commercial_carrier_01_2,0.8717697828744545,abstain,commercial_incident_01,0.1282302171255455,reroute_or_reconfigure,8,0.35385973472166077
v6-pilot_sketch_cost-commercial-compound-private_fragmented-e60962-never_act-c050-event_triggered,never_act,0.5,event_triggered,0.557977075691903,commercial_warehouse_02_2,0.9906998281914399,abstain,commercial_incident_02,0.009300171808560131,authorize_emergency_resource,8,0.3557445181964642
v6-pilot_sketch_cost-commercial-compound-private_fragmented-e60962-never_act-c050-event_triggered,never_act,0.5,event_triggered,0.7989920203488494,commercial_retailer_03_2,0.9481307227849066,abstain,commercial_incident_03,0.05186927721509338,revise_commitment,8,0.24230554554677108
v6-pilot_sketch_cost-commercial-compound-private_fragmented-e60962-never_act-c050-event_triggered,never_act,0.5,event_triggered,0.832704230764628,commercial_supplier_04_2,0.8900359884465648,abstain,commercial_incident_04,0.10996401155343516,deploy_repair_capacity,8,0.2732226052803298
v6-pilot_sketch_cost-commercial-compound-private_fragmented-e60962-never_act-c050-event_triggered,never_act,0.5,event_triggered,0.8697752821380055,commercial_carrier_01_2,0.9157849678688018,abstain,commercial_incident_01,0.08421503213119819,reroute_or_reconfigure,10,0.3582120536011403
v6-pilot_sketch_cost-commercial-compound-private_fragmented-e60962-never_act-c050-event_triggered,never_act,0.5,event_triggered,0.7761423989836709,commercial_retailer_02_3,0.8217248447199849,abstain,commercial_incident_02,0.17827515528001514,revise_commitment,10,0.4149316790163607
v6-pilot_sketch_cost-commercial-compound-private_fragmented-e60962-never_act-c050-event_triggered,never_act,0.5,event_triggered,0.894531413420764,commercial_retailer_03_2,0.9182688155537145,abstain,commercial_incident_03,0.08173118444628547,revise_commitment,10,0.49403348763831767
v6-pilot_sketch_cost-commercial-compound-private_fragmented-e60962-never_act-c050-event_triggered,never_act,0.5,event_triggered,0.853631146768889,commercial_carrier_04_3,0.8696038709762881,abstain,commercial_incident_04,0.1303961290237119,deploy_repair_capacity,10,0.5820046866034124
v6-pilot_sketch_cost-commercial-compound-private_fragmented-e60962-never_act-c050-none,never_act,0.5,none,0.7226693922872316,commercial_carrier_01_2,1.0,abstain,commercial_incident_01,0.0,revise_commitment,2,0.32434373617041456
v6-pilot_sketch_cost-commercial-compound-private_fragmented-e60962-never_act-c050-none,never_act,0.5,none,0.6398049420418432,commercial_retailer_02_3,1.0,abstain,commercial_incident_02,0.0,authorize_emergency_resource,2,0.4928047228175515
v6-pilot_sketch_cost-commercial-compound-private_fragmented-e60962-never_act-c050-none,never_act,0.5,none,0.765071831653291,commercial_retailer_03_2,1.0,abstain,commercial_incident_03,0.0,revise_commitment,2,0.436122058166601
v6-pilot_sketch_cost-commercial-compound-private_fragmented-e60962-never_act-c050-none,never_act,0.5,none,0.7451005064098118,commercial_carrier_04_3,1.0,abstain,commercial_incident_04,0.0,deploy_repair_capacity,2,0.4924332668250483
v6-pilot_sketch_cost-commercial-compound-private_fragmented-e60962-never_act-c050-none,never_act,0.5,none,0.7155603173940924,commercial_carrier_01_2,1.0,abstain,commercial_incident_01,0.0,deploy_repair_capacity,4,0.6188485529119122
v6-pilot_sketch_cost-commercial-compound-private_fragmented-e60962-never_act-c050-none,never_act,0.5,none,0.6081954655343637,commercial_retailer_02_3,1.0,abstain,commercial_incident_02,0.0,authorize_emergency_resource,4,0.16628750292699998
v6-pilot_sketch_cost-commercial-compound-private_fragmented-e60962-never_act-c050-none,never_act,0.5,none,0.827003344717817,commercial_supplier_03_3,1.0,abstain,commercial_incident_03,0.0,deploy_repair_capacity,4,0.32128720131159555
v6-pilot_sketch_cost-commercial-compound-private_fragmented-e60962-never_act-c050-none,never_act,0.5,none,0.7981780613527765,commercial_carrier_04_3,1.0,abstain,commercial_incident_04,0.0,deploy_repair_capacity,4,0.6670895860948902
v6-pilot_sketch_cost-commercial-compound-private_fragmented-e60962-never_act-c050-none,never_act,0.5,none,0.8482169982190263,commercial_carrier_01_2,1.0,abstain,commercial_incident_01,0.0,deploy_repair_capacity,6,0.34541299609883014
v6-pilot_sketch_cost-commercial-compound-private_fragmented-e60962-never_act-c050-none,never_act,0.5,none,0.5991397704832749,commercial_warehouse_02_2,1.0,abstain,commercial_incident_02,0.0,revise_commitment,6,0.4196684335983711
v6-pilot_sketch_cost-commercial-compound-private_fragmented-e60962-never_act-c050-none,never_act,0.5,none,0.3772604776089486,commercial_warehouse_03_1,1.0,abstain,commercial_incident_03,0.0,deploy_repair_capacity,6,0.37225485556663973
v6-pilot_sketch_cost-commercial-compound-private_fragmented-e60962-never_act-c050-none,never_act,0.5,none,0.7981781577132776,commercial_carrier_04_3,1.0,abstain,commercial_incident_04,0.0,revise_commitment,6,0.2108912134569988
v6-pilot_sketch_cost-commercial-compound-private_fragmented-e60962-never_act-c050-none,never_act,0.5,none,0.8200000990186945,commercial_carrier_01_2,1.0,abstain,commercial_incident_01,0.0,reroute_or_reconfigure,8,0.35385973472166077
v6-pilot_sketch_cost-commercial-compound-private_fragmented-e60962-never_act-c050-none,never_act,0.5,none,0.557977075691903,commercial_warehouse_02_2,1.0,abstain,commercial_incident_02,0.0,authorize_emergency_resource,8,0.3557445181964642
v6-pilot_sketch_cost-commercial-compound-private_fragmented-e60962-never_act-c050-none,never_act,0.5,none,0.7989920203488494,commercial_retailer_03_2,1.0,abstain,commercial_incident_03,0.0,revise_commitment,8,0.24230554554677108
v6-pilot_sketch_cost-commercial-compound-private_fragmented-e60962-never_act-c050-none,never_act,0.5,none,0.832704230764628,commercial_supplier_04_2,1.0,abstain,commercial_incident_04,0.0,deploy_repair_capacity,8,0.2732226052803298
v6-pilot_sketch_cost-commercial-compound-private_fragmented-e60962-never_act-c050-none,never_act,0.5,none,0.8697752821380055,commercial_carrier_01_2,1.0,abstain,commercial_incident_01,0.0,reroute_or_reconfigure,10,0.3582120536011403
v6-pilot_sketch_cost-commercial-compound-private_fragmented-e60962-never_act-c050-none,never_act,0.5,none,0.7761423989836709,commercial_retailer_02_3,1.0,abstain,commercial_incident_02,0.0,revise_commitment,10,0.4149316790163607
v6-pilot_sketch_cost-commercial-compound-private_fragmented-e60962-never_act-c050-none,never_act,0.5,none,0.894531413420764,commercial_retailer_03_2,1.0,abstain,commercial_incident_03,0.0,revise_commitment,10,0.49403348763831767
v6-pilot_sketch_cost-commercial-compound-private_fragmented-e60962-never_act-c050-none,never_act,0.5,none,0.853631146768889,commercial_carrier_04_3,1.0,abstain,commercial_incident_04,0.0,deploy_repair_capacity,10,0.5820046866034124
v6-pilot_sketch_cost-commercial-compound-private_fragmented-e60962-never_act-c050-periodic,never_act,0.5,periodic,0.7226693922872316,commercial_carrier_01_2,0.9644672044162862,abstain,commercial_incident_01,0.035532795583713805,revise_commitment,2,0.32434373617041456
v6-pilot_sketch_cost-commercial-compound-private_fragmented-e60962-never_act-c050-periodic,never_act,0.5,periodic,0.6398049420418432,commercial_retailer_02_3,0.9679913155347123,abstain,commercial_incident_02,0.03200868446528771,authorize_emergency_resource,2,0.4928047228175515
v6-pilot_sketch_cost-commercial-compound-private_fragmented-e60962-never_act-c050-periodic,never_act,0.5,periodic,0.765071831653291,commercial_retailer_03_2,0.9804423829541544,abstain,commercial_incident_03,0.019557617045845577,revise_commitment,2,0.436122058166601
v6-pilot_sketch_cost-commercial-compound-private_fragmented-e60962-never_act-c050-periodic,never_act,0.5,periodic,0.7451005064098118,commercial_carrier_04_3,0.9160936262265245,abstain,commercial_incident_04,0.08390637377347554,deploy_repair_capacity,2,0.4924332668250483
v6-pilot_sketch_cost-commercial-compound-private_fragmented-e60962-never_act-c050-periodic,never_act,0.5,periodic,0.7155603173940924,commercial_carrier_01_2,0.8639549747047497,abstain,commercial_incident_01,0.1360450252952503,deploy_repair_capacity,4,0.6188485529119122
v6-pilot_sketch_cost-commercial-compound-private_fragmented-e60962-never_act-c050-periodic,never_act,0.5,periodic,0.6081954655343637,commercial_retailer_02_3,0.9672995931039616,abstain,commercial_incident_02,0.03270040689603837,authorize_emergency_resource,4,0.16628750292699998
v6-pilot_sketch_cost-commercial-compound-private_fragmented-e60962-never_act-c050-periodic,never_act,0.5,periodic,0.827003344717817,commercial_supplier_03_3,0.9035210454183834,abstain,commercial_incident_03,0.0964789545816166,deploy_repair_capacity,4,0.32128720131159555
v6-pilot_sketch_cost-commercial-compound-private_fragmented-e60962-never_act-c050-periodic,never_act,0.5,periodic,0.7981780613527765,commercial_carrier_04_3,0.9066951148890064,abstain,commercial_incident_04,0.09330488511099355,deploy_repair_capacity,4,0.6670895860948902
v6-pilot_sketch_cost-commercial-compound-private_fragmented-e60962-never_act-c050-periodic,never_act,0.5,periodic,0.8482169982190263,commercial_carrier_01_2,0.8361105334769414,abstain,commercial_incident_01,0.16388946652305858,deploy_repair_capacity,6,0.34541299609883014
v6-pilot_sketch_cost-commercial-compound-private_fragmented-e60962-never_act-c050-periodic,never_act,0.5,periodic,0.5991397704832749,commercial_warehouse_02_2,0.8975397154411313,abstain,commercial_incident_02,0.10246028455886869,revise_commitment,6,0.4196684335983711
v6-pilot_sketch_cost-commercial-compound-private_fragmented-e60962-never_act-c050-periodic,never_act,0.5,periodic,0.3772604776089486,commercial_warehouse_03_1,0.8894937039069722,abstain,commercial_incident_03,0.11050629609302776,deploy_repair_capacity,6,0.37225485556663973
v6-pilot_sketch_cost-commercial-compound-private_fragmented-e60962-never_act-c050-periodic,never_act,0.5,periodic,0.7981781577132776,commercial_carrier_04_3,0.9246468691475588,abstain,commercial_incident_04,0.07535313085244122,revise_commitment,6,0.2108912134569988
v6-pilot_sketch_cost-commercial-compound-private_fragmented-e60962-never_act-c050-periodic,never_act,0.5,periodic,0.8200000990186945,commercial_carrier_01_2,0.8592952302540473,abstain,commercial_incident_01,0.1407047697459527,reroute_or_reconfigure,8,0.35385973472166077
v6-pilot_sketch_cost-commercial-compound-private_fragmented-e60962-never_act-c050-periodic,never_act,0.5,periodic,0.557977075691903,commercial_warehouse_02_2,0.9648508281181866,abstain,commercial_incident_02,0.035149171881813435,authorize_emergency_resource,8,0.3557445181964642
v6-pilot_sketch_cost-commercial-compound-private_fragmented-e60962-never_act-c050-periodic,never_act,0.5,periodic,0.7989920203488494,commercial_retailer_03_2,0.8832787367348626,abstain,commercial_incident_03,0.11672126326513743,revise_commitment,8,0.24230554554677108
v6-pilot_sketch_cost-commercial-compound-private_fragmented-e60962-never_act-c050-periodic,never_act,0.5,periodic,0.832704230764628,commercial_supplier_04_2,0.9211919235787618,abstain,commercial_incident_04,0.07880807642123822,deploy_repair_capacity,8,0.2732226052803298
v6-pilot_sketch_cost-commercial-compound-private_fragmented-e60962-never_act-c050-periodic,never_act,0.5,periodic,0.8697752821380055,commercial_carrier_01_2,0.9848489625126401,abstain,commercial_incident_01,0.015151037487359909,reroute_or_reconfigure,10,0.3582120536011403
v6-pilot_sketch_cost-commercial-compound-private_fragmented-e60962-never_act-c050-periodic,never_act,0.5,periodic,0.7761423989836709,commercial_retailer_02_3,0.826632233963096,abstain,commercial_incident_02,0.17336776603690396,revise_commitment,10,0.4149316790163607
v6-pilot_sketch_cost-commercial-compound-private_fragmented-e60962-never_act-c050-periodic,never_act,0.5,periodic,0.894531413420764,commercial_retailer_03_2,0.935495745114598,abstain,commercial_incident_03,0.06450425488540201,revise_commitment,10,0.49403348763831767
v6-pilot_sketch_cost-commercial-compound-private_fragmented-e60962-never_act-c050-periodic,never_act,0.5,periodic,0.853631146768889,commercial_carrier_04_3,0.8976629984794007,abstain,commercial_incident_04,0.10233700152059932,deploy_repair_capacity,10,0.5820046866034124
v6-pilot_sketch_cost-commercial-compound-private_fragmented-e60963-never_act-c050-always_on,never_act,0.5,always_on,0.6364743391261815,commercial_carrier_01_2,0.9732710357157938,abstain,commercial_incident_01,0.026728964284206236,deploy_repair_capacity,2,0.4016185377466426
v6-pilot_sketch_cost-commercial-compound-private_fragmented-e60963-never_act-c050-always_on,never_act,0.5,always_on,1.0106563041657102,commercial_warehouse_02_2,0.9085644341605287,abstain,commercial_incident_02,0.09143556583947132,reroute_or_reconfigure,2,0.029100576141077195
v6-pilot_sketch_cost-commercial-compound-private_fragmented-e60963-never_act-c050-always_on,never_act,0.5,always_on,0.6258396748274346,commercial_retailer_03_2,0.8718122719873105,abstain,commercial_incident_03,0.12818772801268952,revise_commitment,2,0.3355644960489758
v6-pilot_sketch_cost-commercial-compound-private_fragmented-e60963-never_act-c050-always_on,never_act,0.5,always_on,0.5057235257914043,commercial_retailer_04_1,0.9639151561182113,abstain,commercial_incident_04,0.036084843881788675,authorize_emergency_resource,2,0.3544992749487697
v6-pilot_sketch_cost-commercial-compound-private_fragmented-e60963-never_act-c050-always_on,never_act,0.5,always_on,0.6091897082625399,commercial_carrier_01_2,0.9909745454901341,abstain,commercial_incident_01,0.009025454509865916,deploy_repair_capacity,4,0.3592443160247237
v6-pilot_sketch_cost-commercial-compound-private_fragmented-e60963-never_act-c050-always_on,never_act,0.5,always_on,1.0363867551145927,commercial_warehouse_02_2,0.9784630548836938,abstain,commercial_incident_02,0.021536945116306216,reroute_or_reconfigure,4,0.3217946431396428
v6-pilot_sketch_cost-commercial-compound-private_fragmented-e60963-never_act-c050-always_on,never_act,0.5,always_on,0.48039684450962905,commercial_warehouse_03_1,0.8617235107107031,abstain,commercial_incident_03,0.13827648928929692,reroute_or_reconfigure,4,0.46959360185525556
v6-pilot_sketch_cost-commercial-compound-private_fragmented-e60963-never_act-c050-always_on,never_act,0.5,always_on,0.49928612032934094,commercial_retailer_04_1,0.8382730861563631,abstain,commercial_incident_04,0.1617269138436369,authorize_emergency_resource,4,0.17716140308379147
v6-pilot_sketch_cost-commercial-compound-private_fragmented-e60963-never_act-c050-always_on,never_act,0.5,always_on,0.6255583108718793,commercial_carrier_01_2,0.9800673322137867,abstain,commercial_incident_01,0.019932667786213276,deploy_repair_capacity,6,0.3526705908053972
v6-pilot_sketch_cost-commercial-compound-private_fragmented-e60963-never_act-c050-always_on,never_act,0.5,always_on,0.8048413309067675,commercial_carrier_02_1,0.9661638789385818,abstain,commercial_incident_02,0.0338361210614182,deploy_repair_capacity,6,0.3996416627114985
v6-pilot_sketch_cost-commercial-compound-private_fragmented-e60963-never_act-c050-always_on,never_act,0.5,always_on,0.4993606327586069,commercial_warehouse_03_1,0.9537732027778097,abstain,commercial_incident_03,0.04622679722219025,deploy_repair_capacity,6,0.24526321843975432
v6-pilot_sketch_cost-commercial-compound-private_fragmented-e60963-never_act-c050-always_on,never_act,0.5,always_on,0.5683496527883765,commercial_supplier_04_2,0.9160198629071914,abstain,commercial_incident_04,0.0839801370928086,deploy_repair_capacity,6,0.5670890533265182
v6-pilot_sketch_cost-commercial-compound-private_fragmented-e60963-never_act-c050-always_on,never_act,0.5,always_on,0.6306578439941195,commercial_carrier_01_2,0.9561787874798398,abstain,commercial_incident_01,0.043821212520160246,deploy_repair_capacity,8,0.28402843812532685
v6-pilot_sketch_cost-commercial-compound-private_fragmented-e60963-never_act-c050-always_on,never_act,0.5,always_on,1.1404417820256252,commercial_warehouse_02_2,0.8865242303615528,abstain,commercial_incident_02,0.11347576963844719,reroute_or_reconfigure,8,0.3912263274962729
v6-pilot_sketch_cost-commercial-compound-private_fragmented-e60963-never_act-c050-always_on,never_act,0.5,always_on,0.5239396890093357,commercial_warehouse_03_1,0.9907425920759572,abstain,commercial_incident_03,0.009257407924042838,reroute_or_reconfigure,8,0.5117315817664768
v6-pilot_sketch_cost-commercial-compound-private_fragmented-e60963-never_act-c050-always_on,never_act,0.5,always_on,0.5247246990956884,commercial_supplier_04_2,0.9452072888730583,abstain,commercial_incident_04,0.05479271112694173,deploy_repair_capacity,8,0.240990887890031
v6-pilot_sketch_cost-commercial-compound-private_fragmented-e60963-never_act-c050-always_on,never_act,0.5,always_on,0.6218918162031356,commercial_carrier_01_2,0.8245545686059293,abstain,commercial_incident_01,0.17544543139407065,deploy_repair_capacity,10,0.14143951601378776
v6-pilot_sketch_cost-commercial-compound-private_fragmented-e60963-never_act-c050-always_on,never_act,0.5,always_on,0.5690030980787997,commercial_retailer_02_3,0.8994497137707098,abstain,commercial_incident_02,0.10055028622929019,authorize_emergency_resource,10,0.24116141299478994
v6-pilot_sketch_cost-commercial-compound-private_fragmented-e60963-never_act-c050-always_on,never_act,0.5,always_on,0.5760036439082086,commercial_warehouse_03_1,0.7223908004598548,abstain,commercial_incident_03,0.2776091995401452,deploy_repair_capacity,10,0.49794198508832865
v6-pilot_sketch_cost-commercial-compound-private_fragmented-e60963-never_act-c050-always_on,never_act,0.5,always_on,0.5892486442977007,commercial_retailer_04_1,0.982337250362522,abstain,commercial_incident_04,0.017662749637478048,authorize_emergency_resource,10,0.408881187536858
v6-pilot_sketch_cost-commercial-compound-private_fragmented-e60963-never_act-c050-event_triggered,never_act,0.5,event_triggered,0.6364743391261815,commercial_carrier_01_2,0.9732710357157938,abstain,commercial_incident_01,0.026728964284206236,deploy_repair_capacity,2,0.4016185377466426
v6-pilot_sketch_cost-commercial-compound-private_fragmented-e60963-never_act-c050-event_triggered,never_act,0.5,event_triggered,1.0106563041657102,commercial_warehouse_02_2,0.9214730822190857,abstain,commercial_incident_02,0.07852691778091425,reroute_or_reconfigure,2,0.029100576141077195
v6-pilot_sketch_cost-commercial-compound-private_fragmented-e60963-never_act-c050-event_triggered,never_act,0.5,event_triggered,0.6258396748274346,commercial_retailer_03_2,0.8718122719873105,abstain,commercial_incident_03,0.12818772801268952,revise_commitment,2,0.3355644960489758
v6-pilot_sketch_cost-commercial-compound-private_fragmented-e60963-never_act-c050-event_triggered,never_act,0.5,event_triggered,0.5057235257914043,commercial_retailer_04_1,0.9639151561182113,abstain,commercial_incident_04,0.036084843881788675,authorize_emergency_resource,2,0.3544992749487697
v6-pilot_sketch_cost-commercial-compound-private_fragmented-e60963-never_act-c050-event_triggered,never_act,0.5,event_triggered,0.6091897082625399,commercial_carrier_01_2,0.9909745454901341,abstain,commercial_incident_01,0.009025454509865916,deploy_repair_capacity,4,0.3592443160247237
v6-pilot_sketch_cost-commercial-compound-private_fragmented-e60963-never_act-c050-event_triggered,never_act,0.5,event_triggered,1.0363867551145927,commercial_warehouse_02_2,0.9784630548836938,abstain,commercial_incident_02,0.021536945116306216,reroute_or_reconfigure,4,0.3217946431396428
v6-pilot_sketch_cost-commercial-compound-private_fragmented-e60963-never_act-c050-event_triggered,never_act,0.5,event_triggered,0.48039684450962905,commercial_warehouse_03_1,0.8617235107107031,abstain,commercial_incident_03,0.13827648928929692,reroute_or_reconfigure,4,0.46959360185525556
v6-pilot_sketch_cost-commercial-compound-private_fragmented-e60963-never_act-c050-event_triggered,never_act,0.5,event_triggered,0.49928612032934094,commercial_retailer_04_1,0.8382730861563631,abstain,commercial_incident_04,0.1617269138436369,authorize_emergency_resource,4,0.17716140308379147
v6-pilot_sketch_cost-commercial-compound-private_fragmented-e60963-never_act-c050-event_triggered,never_act,0.5,event_triggered,0.6255583108718793,commercial_carrier_01_2,0.9800673322137867,abstain,commercial_incident_01,0.019932667786213276,deploy_repair_capacity,6,0.3526705908053972
v6-pilot_sketch_cost-commercial-compound-private_fragmented-e60963-never_act-c050-event_triggered,never_act,0.5,event_triggered,0.8048413309067675,commercial_carrier_02_1,0.9661638789385818,abstain,commercial_incident_02,0.0338361210614182,deploy_repair_capacity,6,0.3996416627114985
v6-pilot_sketch_cost-commercial-compound-private_fragmented-e60963-never_act-c050-event_triggered,never_act,0.5,event_triggered,0.4993606327586069,commercial_warehouse_03_1,0.9537732027778097,abstain,commercial_incident_03,0.04622679722219025,deploy_repair_capacity,6,0.24526321843975432
v6-pilot_sketch_cost-commercial-compound-private_fragmented-e60963-never_act-c050-event_triggered,never_act,0.5,event_triggered,0.5683496527883765,commercial_supplier_04_2,0.9160198629071914,abstain,commercial_incident_04,0.0839801370928086,deploy_repair_capacity,6,0.5670890533265182
v6-pilot_sketch_cost-commercial-compound-private_fragmented-e60963-never_act-c050-event_triggered,never_act,0.5,event_triggered,0.6306578439941195,commercial_carrier_01_2,0.9561787874798398,abstain,commercial_incident_01,0.043821212520160246,deploy_repair_capacity,8,0.28402843812532685
v6-pilot_sketch_cost-commercial-compound-private_fragmented-e60963-never_act-c050-event_triggered,never_act,0.5,event_triggered,1.1404417820256252,commercial_warehouse_02_2,0.9002977201679966,abstain,commercial_incident_02,0.09970227983200342,reroute_or_reconfigure,8,0.3912263274962729
v6-pilot_sketch_cost-commercial-compound-private_fragmented-e60963-never_act-c050-event_triggered,never_act,0.5,event_triggered,0.5239396890093357,commercial_warehouse_03_1,0.9907425920759572,abstain,commercial_incident_03,0.009257407924042838,reroute_or_reconfigure,8,0.5117315817664768
v6-pilot_sketch_cost-commercial-compound-private_fragmented-e60963-never_act-c050-event_triggered,never_act,0.5,event_triggered,0.5247246990956884,commercial_supplier_04_2,0.9452072888730583,abstain,commercial_incident_04,0.05479271112694173,deploy_repair_capacity,8,0.240990887890031
v6-pilot_sketch_cost-commercial-compound-private_fragmented-e60963-never_act-c050-event_triggered,never_act,0.5,event_triggered,0.6218918162031356,commercial_carrier_01_2,0.8571798010064501,abstain,commercial_incident_01,0.14282019899354992,deploy_repair_capacity,10,0.14143951601378776
v6-pilot_sketch_cost-commercial-compound-private_fragmented-e60963-never_act-c050-event_triggered,never_act,0.5,event_triggered,0.5690030980787997,commercial_retailer_02_3,0.9059932435030945,abstain,commercial_incident_02,0.09400675649690549,authorize_emergency_resource,10,0.24116141299478994
v6-pilot_sketch_cost-commercial-compound-private_fragmented-e60963-never_act-c050-event_triggered,never_act,0.5,event_triggered,0.5760036439082086,commercial_warehouse_03_1,0.7390275189923216,abstain,commercial_incident_03,0.26097248100767845,deploy_repair_capacity,10,0.49794198508832865
v6-pilot_sketch_cost-commercial-compound-private_fragmented-e60963-never_act-c050-event_triggered,never_act,0.5,event_triggered,0.5892486442977007,commercial_retailer_04_1,0.982337250362522,abstain,commercial_incident_04,0.017662749637478048,authorize_emergency_resource,10,0.408881187536858
v6-pilot_sketch_cost-commercial-compound-private_fragmented-e60963-never_act-c050-none,never_act,0.5,none,0.6364743391261815,commercial_carrier_01_2,1.0,abstain,commercial_incident_01,0.0,deploy_repair_capacity,2,0.4016185377466426
v6-pilot_sketch_cost-commercial-compound-private_fragmented-e60963-never_act-c050-none,never_act,0.5,none,1.0106563041657102,commercial_warehouse_02_2,1.0,abstain,commercial_incident_02,0.0,reroute_or_reconfigure,2,0.029100576141077195
v6-pilot_sketch_cost-commercial-compound-private_fragmented-e60963-never_act-c050-none,never_act,0.5,none,0.6258396748274346,commercial_retailer_03_2,1.0,abstain,commercial_incident_03,0.0,revise_commitment,2,0.3355644960489758
v6-pilot_sketch_cost-commercial-compound-private_fragmented-e60963-never_act-c050-none,never_act,0.5,none,0.5057235257914043,commercial_retailer_04_1,1.0,abstain,commercial_incident_04,0.0,authorize_emergency_resource,2,0.3544992749487697
v6-pilot_sketch_cost-commercial-compound-private_fragmented-e60963-never_act-c050-none,never_act,0.5,none,0.6091897082625399,commercial_carrier_01_2,1.0,abstain,commercial_incident_01,0.0,deploy_repair_capacity,4,0.3592443160247237
v6-pilot_sketch_cost-commercial-compound-private_fragmented-e60963-never_act-c050-none,never_act,0.5,none,1.0363867551145927,commercial_warehouse_02_2,1.0,abstain,commercial_incident_02,0.0,reroute_or_reconfigure,4,0.3217946431396428
v6-pilot_sketch_cost-commercial-compound-private_fragmented-e60963-never_act-c050-none,never_act,0.5,none,0.48039684450962905,commercial_warehouse_03_1,1.0,abstain,commercial_incident_03,0.0,reroute_or_reconfigure,4,0.46959360185525556
v6-pilot_sketch_cost-commercial-compound-private_fragmented-e60963-never_act-c050-none,never_act,0.5,none,0.49928612032934094,commercial_retailer_04_1,1.0,abstain,commercial_incident_04,0.0,authorize_emergency_resource,4,0.17716140308379147
v6-pilot_sketch_cost-commercial-compound-private_fragmented-e60963-never_act-c050-none,never_act,0.5,none,0.6255583108718793,commercial_carrier_01_2,1.0,abstain,commercial_incident_01,0.0,deploy_repair_capacity,6,0.3526705908053972
v6-pilot_sketch_cost-commercial-compound-private_fragmented-e60963-never_act-c050-none,never_act,0.5,none,0.8048413309067675,commercial_carrier_02_1,1.0,abstain,commercial_incident_02,0.0,deploy_repair_capacity,6,0.3996416627114985
v6-pilot_sketch_cost-commercial-compound-private_fragmented-e60963-never_act-c050-none,never_act,0.5,none,0.4993606327586069,commercial_warehouse_03_1,1.0,abstain,commercial_incident_03,0.0,deploy_repair_capacity,6,0.24526321843975432
v6-pilot_sketch_cost-commercial-compound-private_fragmented-e60963-never_act-c050-none,never_act,0.5,none,0.5683496527883765,commercial_supplier_04_2,1.0,abstain,commercial_incident_04,0.0,deploy_repair_capacity,6,0.5670890533265182
v6-pilot_sketch_cost-commercial-compound-private_fragmented-e60963-never_act-c050-none,never_act,0.5,none,0.6306578439941195,commercial_carrier_01_2,1.0,abstain,commercial_incident_01,0.0,deploy_repair_capacity,8,0.28402843812532685
v6-pilot_sketch_cost-commercial-compound-private_fragmented-e60963-never_act-c050-none,never_act,0.5,none,1.1404417820256252,commercial_warehouse_02_2,1.0,abstain,commercial_incident_02,0.0,reroute_or_reconfigure,8,0.3912263274962729
v6-pilot_sketch_cost-commercial-compound-private_fragmented-e60963-never_act-c050-none,never_act,0.5,none,0.5239396890093357,commercial_warehouse_03_1,1.0,abstain,commercial_incident_03,0.0,reroute_or_reconfigure,8,0.5117315817664768
v6-pilot_sketch_cost-commercial-compound-private_fragmented-e60963-never_act-c050-none,never_act,0.5,none,0.5247246990956884,commercial_supplier_04_2,1.0,abstain,commercial_incident_04,0.0,deploy_repair_capacity,8,0.240990887890031
v6-pilot_sketch_cost-commercial-compound-private_fragmented-e60963-never_act-c050-none,never_act,0.5,none,0.6218918162031356,commercial_carrier_01_2,1.0,abstain,commercial_incident_01,0.0,deploy_repair_capacity,10,0.14143951601378776
v6-pilot_sketch_cost-commercial-compound-private_fragmented-e60963-never_act-c050-none,never_act,0.5,none,0.5690030980787997,commercial_retailer_02_3,1.0,abstain,commercial_incident_02,0.0,authorize_emergency_resource,10,0.24116141299478994
v6-pilot_sketch_cost-commercial-compound-private_fragmented-e60963-never_act-c050-none,never_act,0.5,none,0.5760036439082086,commercial_warehouse_03_1,1.0,abstain,commercial_incident_03,0.0,deploy_repair_capacity,10,0.49794198508832865
v6-pilot_sketch_cost-commercial-compound-private_fragmented-e60963-never_act-c050-none,never_act,0.5,none,0.5892486442977007,commercial_retailer_04_1,1.0,abstain,commercial_incident_04,0.0,authorize_emergency_resource,10,0.408881187536858
v6-pilot_sketch_cost-commercial-compound-private_fragmented-e60963-never_act-c050-periodic,never_act,0.5,periodic,0.6364743391261815,commercial_carrier_01_2,0.9765441535068186,abstain,commercial_incident_01,0.023455846493181443,deploy_repair_capacity,2,0.4016185377466426
v6-pilot_sketch_cost-commercial-compound-private_fragmented-e60963-never_act-c050-periodic,never_act,0.5,periodic,1.0106563041657102,commercial_warehouse_02_2,0.9115653033029198,abstain,commercial_incident_02,0.08843469669708015,reroute_or_reconfigure,2,0.029100576141077195
v6-pilot_sketch_cost-commercial-compound-private_fragmented-e60963-never_act-c050-periodic,never_act,0.5,periodic,0.6258396748274346,commercial_retailer_03_2,0.9149259374958785,abstain,commercial_incident_03,0.08507406250412153,revise_commitment,2,0.3355644960489758
v6-pilot_sketch_cost-commercial-compound-private_fragmented-e60963-never_act-c050-periodic,never_act,0.5,periodic,0.5057235257914043,commercial_retailer_04_1,0.927274129534227,abstain,commercial_incident_04,0.07272587046577295,authorize_emergency_resource,2,0.3544992749487697
v6-pilot_sketch_cost-commercial-compound-private_fragmented-e60963-never_act-c050-periodic,never_act,0.5,periodic,0.6091897082625399,commercial_carrier_01_2,0.9865542091330343,abstain,commercial_incident_01,0.013445790866965734,deploy_repair_capacity,4,0.3592443160247237
v6-pilot_sketch_cost-commercial-compound-private_fragmented-e60963-never_act-c050-periodic,never_act,0.5,periodic,1.0363867551145927,commercial_warehouse_02_2,0.9874735110296466,abstain,commercial_incident_02,0.012526488970353356,reroute_or_reconfigure,4,0.3217946431396428
v6-pilot_sketch_cost-commercial-compound-private_fragmented-e60963-never_act-c050-periodic,never_act,0.5,periodic,0.48039684450962905,commercial_warehouse_03_1,0.8557851877398938,abstain,commercial_incident_03,0.14421481226010624,reroute_or_reconfigure,4,0.46959360185525556
v6-pilot_sketch_cost-commercial-compound-private_fragmented-e60963-never_act-c050-periodic,never_act,0.5,periodic,0.49928612032934094,commercial_retailer_04_1,0.8461190699851815,abstain,commercial_incident_04,0.1538809300148185,authorize_emergency_resource,4,0.17716140308379147
v6-pilot_sketch_cost-commercial-compound-private_fragmented-e60963-never_act-c050-periodic,never_act,0.5,periodic,0.6255583108718793,commercial_carrier_01_2,0.9800673322137867,abstain,commercial_incident_01,0.019932667786213276,deploy_repair_capacity,6,0.3526705908053972
v6-pilot_sketch_cost-commercial-compound-private_fragmented-e60963-never_act-c050-periodic,never_act,0.5,periodic,0.8048413309067675,commercial_carrier_02_1,0.9680343950348959,abstain,commercial_incident_02,0.031965604965104144,deploy_repair_capacity,6,0.3996416627114985
v6-pilot_sketch_cost-commercial-compound-private_fragmented-e60963-never_act-c050-periodic,never_act,0.5,periodic,0.4993606327586069,commercial_warehouse_03_1,0.9537732027778097,abstain,commercial_incident_03,0.04622679722219025,deploy_repair_capacity,6,0.24526321843975432
v6-pilot_sketch_cost-commercial-compound-private_fragmented-e60963-never_act-c050-periodic,never_act,0.5,periodic,0.5683496527883765,commercial_supplier_04_2,0.9160198629071914,abstain,commercial_incident_04,0.0839801370928086,deploy_repair_capacity,6,0.5670890533265182
v6-pilot_sketch_cost-commercial-compound-private_fragmented-e60963-never_act-c050-periodic,never_act,0.5,periodic,0.6306578439941195,commercial_carrier_01_2,0.9861863631402794,abstain,commercial_incident_01,0.01381363685972059,deploy_repair_capacity,8,0.28402843812532685
v6-pilot_sketch_cost-commercial-compound-private_fragmented-e60963-never_act-c050-periodic,never_act,0.5,periodic,1.1404417820256252,commercial_warehouse_02_2,0.9171039140330586,abstain,commercial_incident_02,0.08289608596694142,reroute_or_reconfigure,8,0.3912263274962729
v6-pilot_sketch_cost-commercial-compound-private_fragmented-e60963-never_act-c050-periodic,never_act,0.5,periodic,0.5239396890093357,commercial_warehouse_03_1,0.8987526229325358,abstain,commercial_incident_03,0.10124737706746423,reroute_or_reconfigure,8,0.5117315817664768
v6-pilot_sketch_cost-commercial-compound-private_fragmented-e60963-never_act-c050-periodic,never_act,0.5,periodic,0.5247246990956884,commercial_supplier_04_2,0.936457570224004,abstain,commercial_incident_04,0.063542429775996,deploy_repair_capacity,8,0.240990887890031
v6-pilot_sketch_cost-commercial-compound-private_fragmented-e60963-never_act-c050-periodic,never_act,0.5,periodic,0.6218918162031356,commercial_carrier_01_2,0.8677161844051293,abstain,commercial_incident_01,0.13228381559487068,deploy_repair_capacity,10,0.14143951601378776
v6-pilot_sketch_cost-commercial-compound-private_fragmented-e60963-never_act-c050-periodic,never_act,0.5,periodic,0.5690030980787997,commercial_retailer_02_3,0.9877288757565514,abstain,commercial_incident_02,0.012271124243448561,authorize_emergency_resource,10,0.24116141299478994
v6-pilot_sketch_cost-commercial-compound-private_fragmented-e60963-never_act-c050-periodic,never_act,0.5,periodic,0.5760036439082086,commercial_warehouse_03_1,0.7593110743642535,abstain,commercial_incident_03,0.2406889256357465,deploy_repair_capacity,10,0.49794198508832865
v6-pilot_sketch_cost-commercial-compound-private_fragmented-e60963-never_act-c050-periodic,never_act,0.5,periodic,0.5892486442977007,commercial_retailer_04_1,0.9285368923416039,abstain,commercial_incident_04,0.07146310765839614,authorize_emergency_resource,10,0.408881187536858
v6-pilot_sketch_cost-commercial-partition-private_fragmented-e60961-never_act-c050-always_on,never_act,0.5,always_on,0.7170749862023964,commercial_carrier_01_2,0.9432051418577495,abstain,commercial_incident_01,0.05679485814225049,revise_commitment,2,0.4251884908088581
v6-pilot_sketch_cost-commercial-partition-private_fragmented-e60961-never_act-c050-always_on,never_act,0.5,always_on,-0.017620147067413224,commercial_warehouse_02_2,0.9375299311956329,abstain,commercial_incident_02,0.06247006880436712,deploy_repair_capacity,2,0.2958769202133666
v6-pilot_sketch_cost-commercial-partition-private_fragmented-e60961-never_act-c050-always_on,never_act,0.5,always_on,-0.0709322754409971,commercial_retailer_03_2,0.9724701030376323,abstain,commercial_incident_03,0.02752989696236774,authorize_emergency_resource,2,0.5699707631221105
v6-pilot_sketch_cost-commercial-partition-private_fragmented-e60961-never_act-c050-always_on,never_act,0.5,always_on,0.31147129534651424,commercial_supplier_04_2,0.9494440750021569,abstain,commercial_incident_04,0.050555924997843116,deploy_repair_capacity,2,0.4400117688023935
v6-pilot_sketch_cost-commercial-partition-private_fragmented-e60961-never_act-c050-always_on,never_act,0.5,always_on,0.21357297658869584,commercial_warehouse_01_3,0.9275877865376644,abstain,commercial_incident_01,0.07241221346233562,reroute_or_reconfigure,4,0.2821238093750894
v6-pilot_sketch_cost-commercial-partition-private_fragmented-e60961-never_act-c050-always_on,never_act,0.5,always_on,0.21427634707685753,commercial_carrier_02_1,0.906069869165018,abstain,commercial_incident_02,0.09393013083498203,deploy_repair_capacity,4,0.3265052194644904
v6-pilot_sketch_cost-commercial-partition-private_fragmented-e60961-never_act-c050-always_on,never_act,0.5,always_on,0.26163410147591115,commercial_supplier_03_3,0.9674679459033884,abstain,commercial_incident_03,0.03253205409661164,deploy_repair_capacity,4,0.7666978887680374
v6-pilot_sketch_cost-commercial-partition-private_fragmented-e60961-never_act-c050-always_on,never_act,0.5,always_on,0.5100921632597387,commercial_retailer_04_1,0.9192653460962573,abstain,commercial_incident_04,0.08073465390374268,authorize_emergency_resource,4,0.22725321216018096
v6-pilot_sketch_cost-commercial-partition-private_fragmented-e60961-never_act-c050-always_on,never_act,0.5,always_on,0.2569439600169321,commercial_warehouse_01_3,0.9049843418658968,abstain,commercial_incident_01,0.09501565813410318,authorize_emergency_resource,6,0.02255988632425343
v6-pilot_sketch_cost-commercial-partition-private_fragmented-e60961-never_act-c050-always_on,never_act,0.5,always_on,0.24487982816241105,commercial_carrier_02_1,0.9849932890551235,abstain,commercial_incident_02,0.015006710944876489,deploy_repair_capacity,6,0.46479992411797955
v6-pilot_sketch_cost-commercial-partition-private_fragmented-e60961-never_act-c050-always_on,never_act,0.5,always_on,0.2599551864742882,commercial_supplier_03_3,0.9887003544741487,abstain,commercial_incident_03,0.011299645525851276,deploy_repair_capacity,6,0.7246570892101795
v6-pilot_sketch_cost-commercial-partition-private_fragmented-e60961-never_act-c050-always_on,never_act,0.5,always_on,0.6277930027219072,commercial_retailer_04_1,0.8704290587714236,abstain,commercial_incident_04,0.12957094122857638,authorize_emergency_resource,6,0.3415840154737245
v6-pilot_sketch_cost-commercial-partition-private_fragmented-e60961-never_act-c050-always_on,never_act,0.5,always_on,0.7722517132603712,commercial_carrier_01_2,0.9784325649298998,abstain,commercial_incident_01,0.02156743507010017,deploy_repair_capacity,8,0.6075426561595775
v6-pilot_sketch_cost-commercial-partition-private_fragmented-e60961-never_act-c050-always_on,never_act,0.5,always_on,0.054699815810878016,commercial_warehouse_02_2,0.9663849115756221,abstain,commercial_incident_02,0.03361508842437788,deploy_repair_capacity,8,0.2316139655107467
v6-pilot_sketch_cost-commercial-partition-private_fragmented-e60961-never_act-c050-always_on,never_act,0.5,always_on,-0.03125179451008725,commercial_retailer_03_2,0.9853508240303687,abstain,commercial_incident_03,0.014649175969631334,revise_commitment,8,0.24454795028015935
v6-pilot_sketch_cost-commercial-partition-private_fragmented-e60961-never_act-c050-always_on,never_act,0.5,always_on,0.29192883512159684,commercial_supplier_04_2,0.9793827575802398,abstain,commercial_incident_04,0.02061724241976015,deploy_repair_capacity,8,0.32932522826166155
v6-pilot_sketch_cost-commercial-partition-private_fragmented-e60961-never_act-c050-always_on,never_act,0.5,always_on,0.26889870675549477,commercial_warehouse_01_3,0.9742479407960625,abstain,commercial_incident_01,0.025752059203937527,reroute_or_reconfigure,10,0.3080725156586629
v6-pilot_sketch_cost-commercial-partition-private_fragmented-e60961-never_act-c050-always_on,never_act,0.5,always_on,0.2223240716073192,commercial_retailer_02_3,0.980473187733212,abstain,commercial_incident_02,0.019526812266787985,authorize_emergency_resource,10,0.2083974462244165
v6-pilot_sketch_cost-commercial-partition-private_fragmented-e60961-never_act-c050-always_on,never_act,0.5,always_on,0.3040850938073332,commercial_warehouse_03_1,0.9539521506274773,abstain,commercial_incident_03,0.04604784937252271,reroute_or_reconfigure,10,0.6875181405340712
v6-pilot_sketch_cost-commercial-partition-private_fragmented-e60961-never_act-c050-always_on,never_act,0.5,always_on,0.610188008808618,commercial_retailer_04_1,0.8435541303799898,abstain,commercial_incident_04,0.15644586962001017,revise_commitment,10,0.2919679610668889
v6-pilot_sketch_cost-commercial-partition-private_fragmented-e60961-never_act-c050-event_triggered,never_act,0.5,event_triggered,0.7170749862023964,commercial_carrier_01_2,0.9432051418577495,abstain,commercial_incident_01,0.05679485814225049,revise_commitment,2,0.4251884908088581
v6-pilot_sketch_cost-commercial-partition-private_fragmented-e60961-never_act-c050-event_triggered,never_act,0.5,event_triggered,-0.017620147067413224,commercial_warehouse_02_2,0.9375299311956329,abstain,commercial_incident_02,0.06247006880436712,deploy_repair_capacity,2,0.2958769202133666
v6-pilot_sketch_cost-commercial-partition-private_fragmented-e60961-never_act-c050-event_triggered,never_act,0.5,event_triggered,-0.0709322754409971,commercial_retailer_03_2,0.9724701030376323,abstain,commercial_incident_03,0.02752989696236774,authorize_emergency_resource,2,0.5699707631221105
v6-pilot_sketch_cost-commercial-partition-private_fragmented-e60961-never_act-c050-event_triggered,never_act,0.5,event_triggered,0.31147129534651424,commercial_supplier_04_2,0.9494440750021569,abstain,commercial_incident_04,0.050555924997843116,deploy_repair_capacity,2,0.4400117688023935
v6-pilot_sketch_cost-commercial-partition-private_fragmented-e60961-never_act-c050-event_triggered,never_act,0.5,event_triggered,0.21357297658869584,commercial_warehouse_01_3,0.9275877865376644,abstain,commercial_incident_01,0.07241221346233562,reroute_or_reconfigure,4,0.2821238093750894
v6-pilot_sketch_cost-commercial-partition-private_fragmented-e60961-never_act-c050-event_triggered,never_act,0.5,event_triggered,0.21427634707685753,commercial_carrier_02_1,0.906069869165018,abstain,commercial_incident_02,0.09393013083498203,deploy_repair_capacity,4,0.3265052194644904
v6-pilot_sketch_cost-commercial-partition-private_fragmented-e60961-never_act-c050-event_triggered,never_act,0.5,event_triggered,0.26163410147591115,commercial_supplier_03_3,0.9674679459033884,abstain,commercial_incident_03,0.03253205409661164,deploy_repair_capacity,4,0.7666978887680374
v6-pilot_sketch_cost-commercial-partition-private_fragmented-e60961-never_act-c050-event_triggered,never_act,0.5,event_triggered,0.5100921632597387,commercial_retailer_04_1,0.9192653460962573,abstain,commercial_incident_04,0.08073465390374268,authorize_emergency_resource,4,0.22725321216018096
v6-pilot_sketch_cost-commercial-partition-private_fragmented-e60961-never_act-c050-event_triggered,never_act,0.5,event_triggered,0.2569439600169321,commercial_warehouse_01_3,0.9049843418658968,abstain,commercial_incident_01,0.09501565813410318,authorize_emergency_resource,6,0.02255988632425343
v6-pilot_sketch_cost-commercial-partition-private_fragmented-e60961-never_act-c050-event_triggered,never_act,0.5,event_triggered,0.24487982816241105,commercial_carrier_02_1,0.9849932890551235,abstain,commercial_incident_02,0.015006710944876489,deploy_repair_capacity,6,0.46479992411797955
v6-pilot_sketch_cost-commercial-partition-private_fragmented-e60961-never_act-c050-event_triggered,never_act,0.5,event_triggered,0.2599551864742882,commercial_supplier_03_3,0.9892038865268797,abstain,commercial_incident_03,0.010796113473120261,deploy_repair_capacity,6,0.7246570892101795
v6-pilot_sketch_cost-commercial-partition-private_fragmented-e60961-never_act-c050-event_triggered,never_act,0.5,event_triggered,0.6277930027219072,commercial_retailer_04_1,0.8704290587714236,abstain,commercial_incident_04,0.12957094122857638,authorize_emergency_resource,6,0.3415840154737245
v6-pilot_sketch_cost-commercial-partition-private_fragmented-e60961-never_act-c050-event_triggered,never_act,0.5,event_triggered,0.7722517132603712,commercial_carrier_01_2,0.9784325649298998,abstain,commercial_incident_01,0.02156743507010017,deploy_repair_capacity,8,0.6075426561595775
v6-pilot_sketch_cost-commercial-partition-private_fragmented-e60961-never_act-c050-event_triggered,never_act,0.5,event_triggered,0.054699815810878016,commercial_warehouse_02_2,0.9663849115756221,abstain,commercial_incident_02,0.03361508842437788,deploy_repair_capacity,8,0.2316139655107467
v6-pilot_sketch_cost-commercial-partition-private_fragmented-e60961-never_act-c050-event_triggered,never_act,0.5,event_triggered,-0.03125179451008725,commercial_retailer_03_2,0.9853508240303687,abstain,commercial_incident_03,0.014649175969631334,revise_commitment,8,0.24454795028015935
v6-pilot_sketch_cost-commercial-partition-private_fragmented-e60961-never_act-c050-event_triggered,never_act,0.5,event_triggered,0.29192883512159684,commercial_supplier_04_2,0.9793827575802398,abstain,commercial_incident_04,0.02061724241976015,deploy_repair_capacity,8,0.32932522826166155
v6-pilot_sketch_cost-commercial-partition-private_fragmented-e60961-never_act-c050-event_triggered,never_act,0.5,event_triggered,0.26889870675549477,commercial_warehouse_01_3,0.9742479407960625,abstain,commercial_incident_01,0.025752059203937527,reroute_or_reconfigure,10,0.3080725156586629
v6-pilot_sketch_cost-commercial-partition-private_fragmented-e60961-never_act-c050-event_triggered,never_act,0.5,event_triggered,0.2223240716073192,commercial_retailer_02_3,0.980473187733212,abstain,commercial_incident_02,0.019526812266787985,authorize_emergency_resource,10,0.2083974462244165
v6-pilot_sketch_cost-commercial-partition-private_fragmented-e60961-never_act-c050-event_triggered,never_act,0.5,event_triggered,0.3040850938073332,commercial_warehouse_03_1,0.961824246329969,abstain,commercial_incident_03,0.03817575367003101,reroute_or_reconfigure,10,0.6875181405340712
v6-pilot_sketch_cost-commercial-partition-private_fragmented-e60961-never_act-c050-event_triggered,never_act,0.5,event_triggered,0.610188008808618,commercial_retailer_04_1,0.8435541303799898,abstain,commercial_incident_04,0.15644586962001017,revise_commitment,10,0.2919679610668889
v6-pilot_sketch_cost-commercial-partition-private_fragmented-e60961-never_act-c050-none,never_act,0.5,none,0.7170749862023964,commercial_carrier_01_2,1.0,abstain,commercial_incident_01,0.0,revise_commitment,2,0.4251884908088581
v6-pilot_sketch_cost-commercial-partition-private_fragmented-e60961-never_act-c050-none,never_act,0.5,none,-0.017620147067413224,commercial_warehouse_02_2,1.0,abstain,commercial_incident_02,0.0,deploy_repair_capacity,2,0.2958769202133666
v6-pilot_sketch_cost-commercial-partition-private_fragmented-e60961-never_act-c050-none,never_act,0.5,none,-0.0709322754409971,commercial_retailer_03_2,1.0,abstain,commercial_incident_03,0.0,authorize_emergency_resource,2,0.5699707631221105
v6-pilot_sketch_cost-commercial-partition-private_fragmented-e60961-never_act-c050-none,never_act,0.5,none,0.31147129534651424,commercial_supplier_04_2,1.0,abstain,commercial_incident_04,0.0,deploy_repair_capacity,2,0.4400117688023935
v6-pilot_sketch_cost-commercial-partition-private_fragmented-e60961-never_act-c050-none,never_act,0.5,none,0.21357297658869584,commercial_warehouse_01_3,1.0,abstain,commercial_incident_01,0.0,reroute_or_reconfigure,4,0.2821238093750894
v6-pilot_sketch_cost-commercial-partition-private_fragmented-e60961-never_act-c050-none,never_act,0.5,none,0.21427634707685753,commercial_carrier_02_1,1.0,abstain,commercial_incident_02,0.0,deploy_repair_capacity,4,0.3265052194644904
v6-pilot_sketch_cost-commercial-partition-private_fragmented-e60961-never_act-c050-none,never_act,0.5,none,0.26163410147591115,commercial_supplier_03_3,1.0,abstain,commercial_incident_03,0.0,deploy_repair_capacity,4,0.7666978887680374
v6-pilot_sketch_cost-commercial-partition-private_fragmented-e60961-never_act-c050-none,never_act,0.5,none,0.5100921632597387,commercial_retailer_04_1,1.0,abstain,commercial_incident_04,0.0,authorize_emergency_resource,4,0.22725321216018096
v6-pilot_sketch_cost-commercial-partition-private_fragmented-e60961-never_act-c050-none,never_act,0.5,none,0.2569439600169321,commercial_warehouse_01_3,1.0,abstain,commercial_incident_01,0.0,authorize_emergency_resource,6,0.02255988632425343
v6-pilot_sketch_cost-commercial-partition-private_fragmented-e60961-never_act-c050-none,never_act,0.5,none,0.24487982816241105,commercial_carrier_02_1,1.0,abstain,commercial_incident_02,0.0,deploy_repair_capacity,6,0.46479992411797955
v6-pilot_sketch_cost-commercial-partition-private_fragmented-e60961-never_act-c050-none,never_act,0.5,none,0.2599551864742882,commercial_supplier_03_3,1.0,abstain,commercial_incident_03,0.0,deploy_repair_capacity,6,0.7246570892101795
v6-pilot_sketch_cost-commercial-partition-private_fragmented-e60961-never_act-c050-none,never_act,0.5,none,0.6277930027219072,commercial_retailer_04_1,1.0,abstain,commercial_incident_04,0.0,authorize_emergency_resource,6,0.3415840154737245
v6-pilot_sketch_cost-commercial-partition-private_fragmented-e60961-never_act-c050-none,never_act,0.5,none,0.7722517132603712,commercial_carrier_01_2,1.0,abstain,commercial_incident_01,0.0,deploy_repair_capacity,8,0.6075426561595775
v6-pilot_sketch_cost-commercial-partition-private_fragmented-e60961-never_act-c050-none,never_act,0.5,none,0.054699815810878016,commercial_warehouse_02_2,1.0,abstain,commercial_incident_02,0.0,deploy_repair_capacity,8,0.2316139655107467
v6-pilot_sketch_cost-commercial-partition-private_fragmented-e60961-never_act-c050-none,never_act,0.5,none,-0.03125179451008725,commercial_retailer_03_2,1.0,abstain,commercial_incident_03,0.0,revise_commitment,8,0.24454795028015935
v6-pilot_sketch_cost-commercial-partition-private_fragmented-e60961-never_act-c050-none,never_act,0.5,none,0.29192883512159684,commercial_supplier_04_2,1.0,abstain,commercial_incident_04,0.0,deploy_repair_capacity,8,0.32932522826166155
v6-pilot_sketch_cost-commercial-partition-private_fragmented-e60961-never_act-c050-none,never_act,0.5,none,0.26889870675549477,commercial_warehouse_01_3,1.0,abstain,commercial_incident_01,0.0,reroute_or_reconfigure,10,0.3080725156586629
v6-pilot_sketch_cost-commercial-partition-private_fragmented-e60961-never_act-c050-none,never_act,0.5,none,0.2223240716073192,commercial_retailer_02_3,1.0,abstain,commercial_incident_02,0.0,authorize_emergency_resource,10,0.2083974462244165
v6-pilot_sketch_cost-commercial-partition-private_fragmented-e60961-never_act-c050-none,never_act,0.5,none,0.3040850938073332,commercial_warehouse_03_1,1.0,abstain,commercial_incident_03,0.0,reroute_or_reconfigure,10,0.6875181405340712
v6-pilot_sketch_cost-commercial-partition-private_fragmented-e60961-never_act-c050-none,never_act,0.5,none,0.610188008808618,commercial_retailer_04_1,1.0,abstain,commercial_incident_04,0.0,revise_commitment,10,0.2919679610668889
v6-pilot_sketch_cost-commercial-partition-private_fragmented-e60961-never_act-c050-periodic,never_act,0.5,periodic,0.7170749862023964,commercial_carrier_01_2,0.974437945605467,abstain,commercial_incident_01,0.025562054394532963,revise_commitment,2,0.4251884908088581
v6-pilot_sketch_cost-commercial-partition-private_fragmented-e60961-never_act-c050-periodic,never_act,0.5,periodic,-0.017620147067413224,commercial_warehouse_02_2,0.9688595038183503,abstain,commercial_incident_02,0.031140496181649713,deploy_repair_capacity,2,0.2958769202133666
v6-pilot_sketch_cost-commercial-partition-private_fragmented-e60961-never_act-c050-periodic,never_act,0.5,periodic,-0.0709322754409971,commercial_retailer_03_2,0.9718451557468045,abstain,commercial_incident_03,0.028154844253195477,authorize_emergency_resource,2,0.5699707631221105
v6-pilot_sketch_cost-commercial-partition-private_fragmented-e60961-never_act-c050-periodic,never_act,0.5,periodic,0.31147129534651424,commercial_supplier_04_2,0.8901290229445725,abstain,commercial_incident_04,0.10987097705542748,deploy_repair_capacity,2,0.4400117688023935
v6-pilot_sketch_cost-commercial-partition-private_fragmented-e60961-never_act-c050-periodic,never_act,0.5,periodic,0.21357297658869584,commercial_warehouse_01_3,0.9692201671087957,abstain,commercial_incident_01,0.03077983289120434,reroute_or_reconfigure,4,0.2821238093750894
v6-pilot_sketch_cost-commercial-partition-private_fragmented-e60961-never_act-c050-periodic,never_act,0.5,periodic,0.21427634707685753,commercial_carrier_02_1,0.785309567703058,abstain,commercial_incident_02,0.21469043229694196,deploy_repair_capacity,4,0.3265052194644904
v6-pilot_sketch_cost-commercial-partition-private_fragmented-e60961-never_act-c050-periodic,never_act,0.5,periodic,0.26163410147591115,commercial_supplier_03_3,0.9864545801612408,abstain,commercial_incident_03,0.013545419838759232,deploy_repair_capacity,4,0.7666978887680374
v6-pilot_sketch_cost-commercial-partition-private_fragmented-e60961-never_act-c050-periodic,never_act,0.5,periodic,0.5100921632597387,commercial_retailer_04_1,0.9501363349987547,abstain,commercial_incident_04,0.04986366500124528,authorize_emergency_resource,4,0.22725321216018096
v6-pilot_sketch_cost-commercial-partition-private_fragmented-e60961-never_act-c050-periodic,never_act,0.5,periodic,0.2569439600169321,commercial_warehouse_01_3,0.9247669204125204,abstain,commercial_incident_01,0.0752330795874796,authorize_emergency_resource,6,0.02255988632425343
v6-pilot_sketch_cost-commercial-partition-private_fragmented-e60961-never_act-c050-periodic,never_act,0.5,periodic,0.24487982816241105,commercial_carrier_02_1,0.9303258967454652,abstain,commercial_incident_02,0.06967410325453482,deploy_repair_capacity,6,0.46479992411797955
v6-pilot_sketch_cost-commercial-partition-private_fragmented-e60961-never_act-c050-periodic,never_act,0.5,periodic,0.2599551864742882,commercial_supplier_03_3,0.9906685398060234,abstain,commercial_incident_03,0.00933146019397657,deploy_repair_capacity,6,0.7246570892101795
v6-pilot_sketch_cost-commercial-partition-private_fragmented-e60961-never_act-c050-periodic,never_act,0.5,periodic,0.6277930027219072,commercial_retailer_04_1,0.8666489439828942,abstain,commercial_incident_04,0.13335105601710584,authorize_emergency_resource,6,0.3415840154737245
v6-pilot_sketch_cost-commercial-partition-private_fragmented-e60961-never_act-c050-periodic,never_act,0.5,periodic,0.7722517132603712,commercial_carrier_01_2,0.9914524614353032,abstain,commercial_incident_01,0.00854753856469681,deploy_repair_capacity,8,0.6075426561595775
v6-pilot_sketch_cost-commercial-partition-private_fragmented-e60961-never_act-c050-periodic,never_act,0.5,periodic,0.054699815810878016,commercial_warehouse_02_2,0.9492220507442025,abstain,commercial_incident_02,0.05077794925579748,deploy_repair_capacity,8,0.2316139655107467
v6-pilot_sketch_cost-commercial-partition-private_fragmented-e60961-never_act-c050-periodic,never_act,0.5,periodic,-0.03125179451008725,commercial_retailer_03_2,0.9891594952776144,abstain,commercial_incident_03,0.010840504722385624,revise_commitment,8,0.24454795028015935
v6-pilot_sketch_cost-commercial-partition-private_fragmented-e60961-never_act-c050-periodic,never_act,0.5,periodic,0.29192883512159684,commercial_supplier_04_2,0.9562452594015567,abstain,commercial_incident_04,0.04375474059844331,deploy_repair_capacity,8,0.32932522826166155
v6-pilot_sketch_cost-commercial-partition-private_fragmented-e60961-never_act-c050-periodic,never_act,0.5,periodic,0.26889870675549477,commercial_warehouse_01_3,0.9787008106790979,abstain,commercial_incident_01,0.021299189320902134,reroute_or_reconfigure,10,0.3080725156586629
v6-pilot_sketch_cost-commercial-partition-private_fragmented-e60961-never_act-c050-periodic,never_act,0.5,periodic,0.2223240716073192,commercial_retailer_02_3,0.8871079773635405,abstain,commercial_incident_02,0.11289202263645948,authorize_emergency_resource,10,0.2083974462244165
v6-pilot_sketch_cost-commercial-partition-private_fragmented-e60961-never_act-c050-periodic,never_act,0.5,periodic,0.3040850938073332,commercial_warehouse_03_1,0.9649188629914738,abstain,commercial_incident_03,0.03508113700852622,reroute_or_reconfigure,10,0.6875181405340712
v6-pilot_sketch_cost-commercial-partition-private_fragmented-e60961-never_act-c050-periodic,never_act,0.5,periodic,0.610188008808618,commercial_retailer_04_1,0.8668243961445984,abstain,commercial_incident_04,0.13317560385540161,revise_commitment,10,0.2919679610668889
v6-pilot_sketch_cost-commercial-partition-private_fragmented-e60962-never_act-c050-always_on,never_act,0.5,always_on,0.7421093913567484,commercial_carrier_01_2,0.9097212937936232,abstain,commercial_incident_01,0.09027870620637679,revise_commitment,2,0.19646797990017206
v6-pilot_sketch_cost-commercial-partition-private_fragmented-e60962-never_act-c050-always_on,never_act,0.5,always_on,0.29147635583779474,commercial_warehouse_02_2,0.8557209161962546,abstain,commercial_incident_02,0.14427908380374543,deploy_repair_capacity,2,0.3777945298257317
v6-pilot_sketch_cost-commercial-partition-private_fragmented-e60962-never_act-c050-always_on,never_act,0.5,always_on,0.020452512867699613,commercial_retailer_03_2,0.9730019953786129,abstain,commercial_incident_03,0.02699800462138713,authorize_emergency_resource,2,0.3758011858569151
v6-pilot_sketch_cost-commercial-partition-private_fragmented-e60962-never_act-c050-always_on,never_act,0.5,always_on,0.35364774958026385,commercial_supplier_04_2,0.8908271359101385,abstain,commercial_incident_04,0.10917286408986149,deploy_repair_capacity,2,0.2796475433181126
v6-pilot_sketch_cost-commercial-partition-private_fragmented-e60962-never_act-c050-always_on,never_act,0.5,always_on,0.6766499801337499,commercial_warehouse_01_3,0.9435733863326835,abstain,commercial_incident_01,0.056426613667316494,reroute_or_reconfigure,4,0.43174931435396724
v6-pilot_sketch_cost-commercial-partition-private_fragmented-e60962-never_act-c050-always_on,never_act,0.5,always_on,0.40368802427209083,commercial_carrier_02_1,0.9184613042308515,abstain,commercial_incident_02,0.08153869576914852,deploy_repair_capacity,4,0.3256519790764437
v6-pilot_sketch_cost-commercial-partition-private_fragmented-e60962-never_act-c050-always_on,never_act,0.5,always_on,0.4017661859659899,commercial_warehouse_03_1,0.9725921095453864,abstain,commercial_incident_03,0.02740789045461356,reroute_or_reconfigure,4,0.40855748413046905
v6-pilot_sketch_cost-commercial-partition-private_fragmented-e60962-never_act-c050-always_on,never_act,0.5,always_on,0.4893556093377849,commercial_carrier_04_3,0.9715296138028456,abstain,commercial_incident_04,0.028470386197154363,deploy_repair_capacity,4,0.37502403726030786
v6-pilot_sketch_cost-commercial-partition-private_fragmented-e60962-never_act-c050-always_on,never_act,0.5,always_on,0.7072372580972549,commercial_warehouse_01_3,0.9374993441815389,abstain,commercial_incident_01,0.06250065581846109,revise_commitment,6,0.0555722149452742
v6-pilot_sketch_cost-commercial-partition-private_fragmented-e60962-never_act-c050-always_on,never_act,0.5,always_on,0.3523661962777885,commercial_retailer_02_3,0.926135414643417,abstain,commercial_incident_02,0.07386458535658302,authorize_emergency_resource,6,0.03298897313898741
v6-pilot_sketch_cost-commercial-partition-private_fragmented-e60962-never_act-c050-always_on,never_act,0.5,always_on,0.39712602972863037,commercial_warehouse_03_1,0.9293063762794624,abstain,commercial_incident_03,0.07069362372053756,revise_commitment,6,0.30620834581191275
v6-pilot_sketch_cost-commercial-partition-private_fragmented-e60962-never_act-c050-always_on,never_act,0.5,always_on,0.5449337289268417,commercial_carrier_04_3,0.8862058898652303,abstain,commercial_incident_04,0.1137941101347697,deploy_repair_capacity,6,0.34389703747158024
v6-pilot_sketch_cost-commercial-partition-private_fragmented-e60962-never_act-c050-always_on,never_act,0.5,always_on,0.7407634279802673,commercial_carrier_01_2,0.9870348930211306,abstain,commercial_incident_01,0.012965106978869434,deploy_repair_capacity,8,0.3114907398415388
v6-pilot_sketch_cost-commercial-partition-private_fragmented-e60962-never_act-c050-always_on,never_act,0.5,always_on,0.22351844625252726,commercial_warehouse_02_2,0.9668133899551669,abstain,commercial_incident_02,0.03318661004483314,deploy_repair_capacity,8,0.5437761634840705
v6-pilot_sketch_cost-commercial-partition-private_fragmented-e60962-never_act-c050-always_on,never_act,0.5,always_on,0.18886445390275755,commercial_retailer_03_2,0.949853460382922,abstain,commercial_incident_03,0.050146539617078045,revise_commitment,8,0.39110588552681086
v6-pilot_sketch_cost-commercial-partition-private_fragmented-e60962-never_act-c050-always_on,never_act,0.5,always_on,0.5462039396758741,commercial_supplier_04_2,0.9709456541749166,abstain,commercial_incident_04,0.029054345825083372,deploy_repair_capacity,8,0.5523809153994659
v6-pilot_sketch_cost-commercial-partition-private_fragmented-e60962-never_act-c050-always_on,never_act,0.5,always_on,0.7686916077845901,commercial_warehouse_01_3,0.9190963109891954,abstain,commercial_incident_01,0.08090368901080458,revise_commitment,10,0.2829631697951287
v6-pilot_sketch_cost-commercial-partition-private_fragmented-e60962-never_act-c050-always_on,never_act,0.5,always_on,0.36213475822446733,commercial_retailer_02_3,0.9718805928984058,abstain,commercial_incident_02,0.028119407101594218,revise_commitment,10,0.302907212124231
v6-pilot_sketch_cost-commercial-partition-private_fragmented-e60962-never_act-c050-always_on,never_act,0.5,always_on,0.4593488846526439,commercial_warehouse_03_1,0.977656146135669,abstain,commercial_incident_03,0.02234385386433102,reroute_or_reconfigure,10,0.353206630445109
v6-pilot_sketch_cost-commercial-partition-private_fragmented-e60962-never_act-c050-always_on,never_act,0.5,always_on,0.6209151415759562,commercial_carrier_04_3,0.8860171143659874,abstain,commercial_incident_04,0.1139828856340126,revise_commitment,10,0.46385187882543866
v6-pilot_sketch_cost-commercial-partition-private_fragmented-e60962-never_act-c050-event_triggered,never_act,0.5,event_triggered,0.7421093913567484,commercial_carrier_01_2,0.9097212937936232,abstain,commercial_incident_01,0.09027870620637679,revise_commitment,2,0.19646797990017206
v6-pilot_sketch_cost-commercial-partition-private_fragmented-e60962-never_act-c050-event_triggered,never_act,0.5,event_triggered,0.29147635583779474,commercial_warehouse_02_2,0.8557209161962546,abstain,commercial_incident_02,0.14427908380374543,deploy_repair_capacity,2,0.3777945298257317
v6-pilot_sketch_cost-commercial-partition-private_fragmented-e60962-never_act-c050-event_triggered,never_act,0.5,event_triggered,0.020452512867699613,commercial_retailer_03_2,0.9730019953786129,abstain,commercial_incident_03,0.02699800462138713,authorize_emergency_resource,2,0.3758011858569151
v6-pilot_sketch_cost-commercial-partition-private_fragmented-e60962-never_act-c050-event_triggered,never_act,0.5,event_triggered,0.35364774958026385,commercial_supplier_04_2,0.8908271359101385,abstain,commercial_incident_04,0.10917286408986149,deploy_repair_capacity,2,0.2796475433181126
v6-pilot_sketch_cost-commercial-partition-private_fragmented-e60962-never_act-c050-event_triggered,never_act,0.5,event_triggered,0.6766499801337499,commercial_warehouse_01_3,0.9435733863326835,abstain,commercial_incident_01,0.056426613667316494,reroute_or_reconfigure,4,0.43174931435396724
v6-pilot_sketch_cost-commercial-partition-private_fragmented-e60962-never_act-c050-event_triggered,never_act,0.5,event_triggered,0.40368802427209083,commercial_carrier_02_1,0.9184613042308515,abstain,commercial_incident_02,0.08153869576914852,deploy_repair_capacity,4,0.3256519790764437
v6-pilot_sketch_cost-commercial-partition-private_fragmented-e60962-never_act-c050-event_triggered,never_act,0.5,event_triggered,0.4017661859659899,commercial_warehouse_03_1,0.9737846692313028,abstain,commercial_incident_03,0.026215330768697198,reroute_or_reconfigure,4,0.40855748413046905
v6-pilot_sketch_cost-commercial-partition-private_fragmented-e60962-never_act-c050-event_triggered,never_act,0.5,event_triggered,0.4893556093377849,commercial_carrier_04_3,0.9715296138028456,abstain,commercial_incident_04,0.028470386197154363,deploy_repair_capacity,4,0.37502403726030786
v6-pilot_sketch_cost-commercial-partition-private_fragmented-e60962-never_act-c050-event_triggered,never_act,0.5,event_triggered,0.7072372580972549,commercial_warehouse_01_3,0.9374993441815389,abstain,commercial_incident_01,0.06250065581846109,revise_commitment,6,0.0555722149452742
v6-pilot_sketch_cost-commercial-partition-private_fragmented-e60962-never_act-c050-event_triggered,never_act,0.5,event_triggered,0.3523661962777885,commercial_retailer_02_3,0.926135414643417,abstain,commercial_incident_02,0.07386458535658302,authorize_emergency_resource,6,0.03298897313898741
v6-pilot_sketch_cost-commercial-partition-private_fragmented-e60962-never_act-c050-event_triggered,never_act,0.5,event_triggered,0.39712602972863037,commercial_warehouse_03_1,0.9304187172640949,abstain,commercial_incident_03,0.06958128273590514,revise_commitment,6,0.30620834581191275
v6-pilot_sketch_cost-commercial-partition-private_fragmented-e60962-never_act-c050-event_triggered,never_act,0.5,event_triggered,0.5449337289268417,commercial_carrier_04_3,0.8862058898652303,abstain,commercial_incident_04,0.1137941101347697,deploy_repair_capacity,6,0.34389703747158024
v6-pilot_sketch_cost-commercial-partition-private_fragmented-e60962-never_act-c050-event_triggered,never_act,0.5,event_triggered,0.7407634279802673,commercial_carrier_01_2,0.9870348930211306,abstain,commercial_incident_01,0.012965106978869434,deploy_repair_capacity,8,0.3114907398415388
v6-pilot_sketch_cost-commercial-partition-private_fragmented-e60962-never_act-c050-event_triggered,never_act,0.5,event_triggered,0.22351844625252726,commercial_warehouse_02_2,0.9668133899551669,abstain,commercial_incident_02,0.03318661004483314,deploy_repair_capacity,8,0.5437761634840705
v6-pilot_sketch_cost-commercial-partition-private_fragmented-e60962-never_act-c050-event_triggered,never_act,0.5,event_triggered,0.18886445390275755,commercial_retailer_03_2,0.949853460382922,abstain,commercial_incident_03,0.050146539617078045,revise_commitment,8,0.39110588552681086
v6-pilot_sketch_cost-commercial-partition-private_fragmented-e60962-never_act-c050-event_triggered,never_act,0.5,event_triggered,0.5462039396758741,commercial_supplier_04_2,0.9709456541749166,abstain,commercial_incident_04,0.029054345825083372,deploy_repair_capacity,8,0.5523809153994659
v6-pilot_sketch_cost-commercial-partition-private_fragmented-e60962-never_act-c050-event_triggered,never_act,0.5,event_triggered,0.7686916077845901,commercial_warehouse_01_3,0.9190963109891954,abstain,commercial_incident_01,0.08090368901080458,revise_commitment,10,0.2829631697951287
v6-pilot_sketch_cost-commercial-partition-private_fragmented-e60962-never_act-c050-event_triggered,never_act,0.5,event_triggered,0.36213475822446733,commercial_retailer_02_3,0.9718805928984058,abstain,commercial_incident_02,0.028119407101594218,revise_commitment,10,0.302907212124231
v6-pilot_sketch_cost-commercial-partition-private_fragmented-e60962-never_act-c050-event_triggered,never_act,0.5,event_triggered,0.4593488846526439,commercial_warehouse_03_1,0.9779174771210198,abstain,commercial_incident_03,0.02208252287898016,reroute_or_reconfigure,10,0.353206630445109
v6-pilot_sketch_cost-commercial-partition-private_fragmented-e60962-never_act-c050-event_triggered,never_act,0.5,event_triggered,0.6209151415759562,commercial_carrier_04_3,0.8860171143659874,abstain,commercial_incident_04,0.1139828856340126,revise_commitment,10,0.46385187882543866
v6-pilot_sketch_cost-commercial-partition-private_fragmented-e60962-never_act-c050-none,never_act,0.5,none,0.7421093913567484,commercial_carrier_01_2,1.0,abstain,commercial_incident_01,0.0,revise_commitment,2,0.19646797990017206
v6-pilot_sketch_cost-commercial-partition-private_fragmented-e60962-never_act-c050-none,never_act,0.5,none,0.29147635583779474,commercial_warehouse_02_2,1.0,abstain,commercial_incident_02,0.0,deploy_repair_capacity,2,0.3777945298257317
v6-pilot_sketch_cost-commercial-partition-private_fragmented-e60962-never_act-c050-none,never_act,0.5,none,0.020452512867699613,commercial_retailer_03_2,1.0,abstain,commercial_incident_03,0.0,authorize_emergency_resource,2,0.3758011858569151
v6-pilot_sketch_cost-commercial-partition-private_fragmented-e60962-never_act-c050-none,never_act,0.5,none,0.35364774958026385,commercial_supplier_04_2,1.0,abstain,commercial_incident_04,0.0,deploy_repair_capacity,2,0.2796475433181126
v6-pilot_sketch_cost-commercial-partition-private_fragmented-e60962-never_act-c050-none,never_act,0.5,none,0.6766499801337499,commercial_warehouse_01_3,1.0,abstain,commercial_incident_01,0.0,reroute_or_reconfigure,4,0.43174931435396724
v6-pilot_sketch_cost-commercial-partition-private_fragmented-e60962-never_act-c050-none,never_act,0.5,none,0.40368802427209083,commercial_carrier_02_1,1.0,abstain,commercial_incident_02,0.0,deploy_repair_capacity,4,0.3256519790764437
v6-pilot_sketch_cost-commercial-partition-private_fragmented-e60962-never_act-c050-none,never_act,0.5,none,0.4017661859659899,commercial_warehouse_03_1,1.0,abstain,commercial_incident_03,0.0,reroute_or_reconfigure,4,0.40855748413046905
v6-pilot_sketch_cost-commercial-partition-private_fragmented-e60962-never_act-c050-none,never_act,0.5,none,0.4893556093377849,commercial_carrier_04_3,1.0,abstain,commercial_incident_04,0.0,deploy_repair_capacity,4,0.37502403726030786
v6-pilot_sketch_cost-commercial-partition-private_fragmented-e60962-never_act-c050-none,never_act,0.5,none,0.7072372580972549,commercial_warehouse_01_3,1.0,abstain,commercial_incident_01,0.0,revise_commitment,6,0.0555722149452742
v6-pilot_sketch_cost-commercial-partition-private_fragmented-e60962-never_act-c050-none,never_act,0.5,none,0.3523661962777885,commercial_retailer_02_3,1.0,abstain,commercial_incident_02,0.0,authorize_emergency_resource,6,0.03298897313898741
v6-pilot_sketch_cost-commercial-partition-private_fragmented-e60962-never_act-c050-none,never_act,0.5,none,0.39712602972863037,commercial_warehouse_03_1,1.0,abstain,commercial_incident_03,0.0,revise_commitment,6,0.30620834581191275
v6-pilot_sketch_cost-commercial-partition-private_fragmented-e60962-never_act-c050-none,never_act,0.5,none,0.5449337289268417,commercial_carrier_04_3,1.0,abstain,commercial_incident_04,0.0,deploy_repair_capacity,6,0.34389703747158024
v6-pilot_sketch_cost-commercial-partition-private_fragmented-e60962-never_act-c050-none,never_act,0.5,none,0.7407634279802673,commercial_carrier_01_2,1.0,abstain,commercial_incident_01,0.0,deploy_repair_capacity,8,0.3114907398415388
v6-pilot_sketch_cost-commercial-partition-private_fragmented-e60962-never_act-c050-none,never_act,0.5,none,0.22351844625252726,commercial_warehouse_02_2,1.0,abstain,commercial_incident_02,0.0,deploy_repair_capacity,8,0.5437761634840705
v6-pilot_sketch_cost-commercial-partition-private_fragmented-e60962-never_act-c050-none,never_act,0.5,none,0.18886445390275755,commercial_retailer_03_2,1.0,abstain,commercial_incident_03,0.0,revise_commitment,8,0.39110588552681086
v6-pilot_sketch_cost-commercial-partition-private_fragmented-e60962-never_act-c050-none,never_act,0.5,none,0.5462039396758741,commercial_supplier_04_2,1.0,abstain,commercial_incident_04,0.0,deploy_repair_capacity,8,0.5523809153994659
v6-pilot_sketch_cost-commercial-partition-private_fragmented-e60962-never_act-c050-none,never_act,0.5,none,0.7686916077845901,commercial_warehouse_01_3,1.0,abstain,commercial_incident_01,0.0,revise_commitment,10,0.2829631697951287
v6-pilot_sketch_cost-commercial-partition-private_fragmented-e60962-never_act-c050-none,never_act,0.5,none,0.36213475822446733,commercial_retailer_02_3,1.0,abstain,commercial_incident_02,0.0,revise_commitment,10,0.302907212124231
v6-pilot_sketch_cost-commercial-partition-private_fragmented-e60962-never_act-c050-none,never_act,0.5,none,0.4593488846526439,commercial_warehouse_03_1,1.0,abstain,commercial_incident_03,0.0,reroute_or_reconfigure,10,0.353206630445109
v6-pilot_sketch_cost-commercial-partition-private_fragmented-e60962-never_act-c050-none,never_act,0.5,none,0.6209151415759562,commercial_carrier_04_3,1.0,abstain,commercial_incident_04,0.0,revise_commitment,10,0.46385187882543866
v6-pilot_sketch_cost-commercial-partition-private_fragmented-e60962-never_act-c050-periodic,never_act,0.5,periodic,0.7421093913567484,commercial_carrier_01_2,0.8497324843319474,abstain,commercial_incident_01,0.15026751566805263,revise_commitment,2,0.19646797990017206
v6-pilot_sketch_cost-commercial-partition-private_fragmented-e60962-never_act-c050-periodic,never_act,0.5,periodic,0.29147635583779474,commercial_warehouse_02_2,0.800257886417634,abstain,commercial_incident_02,0.19974211358236604,deploy_repair_capacity,2,0.3777945298257317
v6-pilot_sketch_cost-commercial-partition-private_fragmented-e60962-never_act-c050-periodic,never_act,0.5,periodic,0.020452512867699613,commercial_retailer_03_2,0.8241047706527028,abstain,commercial_incident_03,0.17589522934729718,authorize_emergency_resource,2,0.3758011858569151
v6-pilot_sketch_cost-commercial-partition-private_fragmented-e60962-never_act-c050-periodic,never_act,0.5,periodic,0.35364774958026385,commercial_supplier_04_2,0.8662110337601435,abstain,commercial_incident_04,0.13378896623985648,deploy_repair_capacity,2,0.2796475433181126
v6-pilot_sketch_cost-commercial-partition-private_fragmented-e60962-never_act-c050-periodic,never_act,0.5,periodic,0.6766499801337499,commercial_warehouse_01_3,0.8721238480791226,abstain,commercial_incident_01,0.12787615192087742,reroute_or_reconfigure,4,0.43174931435396724
v6-pilot_sketch_cost-commercial-partition-private_fragmented-e60962-never_act-c050-periodic,never_act,0.5,periodic,0.40368802427209083,commercial_carrier_02_1,0.8630512317014231,abstain,commercial_incident_02,0.13694876829857694,deploy_repair_capacity,4,0.3256519790764437
v6-pilot_sketch_cost-commercial-partition-private_fragmented-e60962-never_act-c050-periodic,never_act,0.5,periodic,0.4017661859659899,commercial_warehouse_03_1,0.8803683130928224,abstain,commercial_incident_03,0.11963168690717763,reroute_or_reconfigure,4,0.40855748413046905
v6-pilot_sketch_cost-commercial-partition-private_fragmented-e60962-never_act-c050-periodic,never_act,0.5,periodic,0.4893556093377849,commercial_carrier_04_3,0.8498396936715003,abstain,commercial_incident_04,0.15016030632849975,deploy_repair_capacity,4,0.37502403726030786
v6-pilot_sketch_cost-commercial-partition-private_fragmented-e60962-never_act-c050-periodic,never_act,0.5,periodic,0.7072372580972549,commercial_warehouse_01_3,0.9471069465755497,abstain,commercial_incident_01,0.052893053424450276,revise_commitment,6,0.0555722149452742
v6-pilot_sketch_cost-commercial-partition-private_fragmented-e60962-never_act-c050-periodic,never_act,0.5,periodic,0.3523661962777885,commercial_retailer_02_3,0.9074723311796041,abstain,commercial_incident_02,0.09252766882039587,authorize_emergency_resource,6,0.03298897313898741
v6-pilot_sketch_cost-commercial-partition-private_fragmented-e60962-never_act-c050-periodic,never_act,0.5,periodic,0.39712602972863037,commercial_warehouse_03_1,0.9304187172640949,abstain,commercial_incident_03,0.06958128273590514,revise_commitment,6,0.30620834581191275
v6-pilot_sketch_cost-commercial-partition-private_fragmented-e60962-never_act-c050-periodic,never_act,0.5,periodic,0.5449337289268417,commercial_carrier_04_3,0.855907196757492,abstain,commercial_incident_04,0.14409280324250795,deploy_repair_capacity,6,0.34389703747158024
v6-pilot_sketch_cost-commercial-partition-private_fragmented-e60962-never_act-c050-periodic,never_act,0.5,periodic,0.7407634279802673,commercial_carrier_01_2,0.994851957589264,abstain,commercial_incident_01,0.005148042410735965,deploy_repair_capacity,8,0.3114907398415388
v6-pilot_sketch_cost-commercial-partition-private_fragmented-e60962-never_act-c050-periodic,never_act,0.5,periodic,0.22351844625252726,commercial_warehouse_02_2,0.930573938913685,abstain,commercial_incident_02,0.069426061086315,deploy_repair_capacity,8,0.5437761634840705
v6-pilot_sketch_cost-commercial-partition-private_fragmented-e60962-never_act-c050-periodic,never_act,0.5,periodic,0.18886445390275755,commercial_retailer_03_2,0.955004718515921,abstain,commercial_incident_03,0.04499528148407905,revise_commitment,8,0.39110588552681086
v6-pilot_sketch_cost-commercial-partition-private_fragmented-e60962-never_act-c050-periodic,never_act,0.5,periodic,0.5462039396758741,commercial_supplier_04_2,0.9483799063872317,abstain,commercial_incident_04,0.051620093612768314,deploy_repair_capacity,8,0.5523809153994659
v6-pilot_sketch_cost-commercial-partition-private_fragmented-e60962-never_act-c050-periodic,never_act,0.5,periodic,0.7686916077845901,commercial_warehouse_01_3,0.9612546646862876,abstain,commercial_incident_01,0.03874533531371238,revise_commitment,10,0.2829631697951287
v6-pilot_sketch_cost-commercial-partition-private_fragmented-e60962-never_act-c050-periodic,never_act,0.5,periodic,0.36213475822446733,commercial_retailer_02_3,0.9749440220745694,abstain,commercial_incident_02,0.025055977925430573,revise_commitment,10,0.302907212124231
v6-pilot_sketch_cost-commercial-partition-private_fragmented-e60962-never_act-c050-periodic,never_act,0.5,periodic,0.4593488846526439,commercial_warehouse_03_1,0.9732486061728493,abstain,commercial_incident_03,0.02675139382715075,reroute_or_reconfigure,10,0.353206630445109
v6-pilot_sketch_cost-commercial-partition-private_fragmented-e60962-never_act-c050-periodic,never_act,0.5,periodic,0.6209151415759562,commercial_carrier_04_3,0.8949655183192994,abstain,commercial_incident_04,0.10503448168070062,revise_commitment,10,0.46385187882543866
v6-pilot_sketch_cost-commercial-partition-private_fragmented-e60963-never_act-c050-always_on,never_act,0.5,always_on,-0.05368635404740893,commercial_carrier_01_2,0.9239127565122807,abstain,commercial_incident_01,0.07608724348771934,revise_commitment,2,0.1797885535659287
v6-pilot_sketch_cost-commercial-partition-private_fragmented-e60963-never_act-c050-always_on,never_act,0.5,always_on,0.03689826449907832,commercial_warehouse_02_2,0.8772470191155491,abstain,commercial_incident_02,0.12275298088445086,revise_commitment,2,0.44469030900744344
v6-pilot_sketch_cost-commercial-partition-private_fragmented-e60963-never_act-c050-always_on,never_act,0.5,always_on,0.45639899648239596,commercial_retailer_03_2,0.9551185165054576,abstain,commercial_incident_03,0.04488148349454235,authorize_emergency_resource,2,0.3408135215345732
v6-pilot_sketch_cost-commercial-partition-private_fragmented-e60963-never_act-c050-always_on,never_act,0.5,always_on,0.6305502731864827,commercial_supplier_04_2,0.9082038648621598,abstain,commercial_incident_04,0.09179613513784024,deploy_repair_capacity,2,0.18816543805055902
v6-pilot_sketch_cost-commercial-partition-private_fragmented-e60963-never_act-c050-always_on,never_act,0.5,always_on,-0.03199855894399144,commercial_supplier_01_1,0.9860622259591044,abstain,commercial_incident_01,0.013937774040895579,revise_commitment,4,0.5715435137246315
v6-pilot_sketch_cost-commercial-partition-private_fragmented-e60963-never_act-c050-always_on,never_act,0.5,always_on,0.30793130838151517,commercial_carrier_02_1,0.9261455542180416,abstain,commercial_incident_02,0.07385444578195843,deploy_repair_capacity,4,0.37981819607749884
v6-pilot_sketch_cost-commercial-partition-private_fragmented-e60963-never_act-c050-always_on,never_act,0.5,always_on,0.4316633601378235,commercial_warehouse_03_1,0.951822583517908,abstain,commercial_incident_03,0.04817741648209195,reroute_or_reconfigure,4,0.003523505421955564
v6-pilot_sketch_cost-commercial-partition-private_fragmented-e60963-never_act-c050-always_on,never_act,0.5,always_on,0.8605638112374309,commercial_carrier_04_3,0.8697973967014039,abstain,commercial_incident_04,0.13020260329859612,deploy_repair_capacity,4,0.3673378749814729
v6-pilot_sketch_cost-commercial-partition-private_fragmented-e60963-never_act-c050-always_on,never_act,0.5,always_on,-0.03723533864429249,commercial_supplier_01_1,0.9819246781977359,abstain,commercial_incident_01,0.01807532180226412,deploy_repair_capacity,6,0.38447013454471535
v6-pilot_sketch_cost-commercial-partition-private_fragmented-e60963-never_act-c050-always_on,never_act,0.5,always_on,0.35010098819025215,commercial_retailer_02_3,0.8948767810223891,abstain,commercial_incident_02,0.1051232189776109,revise_commitment,6,0.2882942648951574
v6-pilot_sketch_cost-commercial-partition-private_fragmented-e60963-never_act-c050-always_on,never_act,0.5,always_on,0.5104877851451011,commercial_warehouse_03_1,0.8905659450724193,abstain,commercial_incident_03,0.10943405492758074,authorize_emergency_resource,6,0.2535260217847416
v6-pilot_sketch_cost-commercial-partition-private_fragmented-e60963-never_act-c050-always_on,never_act,0.5,always_on,0.8440420339308838,commercial_retailer_04_1,0.8689941418310823,abstain,commercial_incident_04,0.13100585816891774,authorize_emergency_resource,6,0.4694470472489818
v6-pilot_sketch_cost-commercial-partition-private_fragmented-e60963-never_act-c050-always_on,never_act,0.5,always_on,-0.05612920687666023,commercial_carrier_01_2,0.9750400222756802,abstain,commercial_incident_01,0.024959977724319793,revise_commitment,8,0.5806339489220022
v6-pilot_sketch_cost-commercial-partition-private_fragmented-e60963-never_act-c050-always_on,never_act,0.5,always_on,0.011306531824541416,commercial_warehouse_02_2,0.9275876999044445,abstain,commercial_incident_02,0.07241230009555555,authorize_emergency_resource,8,0.2846392845516581
v6-pilot_sketch_cost-commercial-partition-private_fragmented-e60963-never_act-c050-always_on,never_act,0.5,always_on,0.4871758426100518,commercial_retailer_03_2,0.9868809864805096,abstain,commercial_incident_03,0.013119013519490408,authorize_emergency_resource,8,0.33620376680376873
v6-pilot_sketch_cost-commercial-partition-private_fragmented-e60963-never_act-c050-always_on,never_act,0.5,always_on,0.7578160467748554,commercial_supplier_04_2,0.962550009091327,abstain,commercial_incident_04,0.03744999090867296,deploy_repair_capacity,8,0.3871139747680883
v6-pilot_sketch_cost-commercial-partition-private_fragmented-e60963-never_act-c050-always_on,never_act,0.5,always_on,-0.007365813379889452,commercial_supplier_01_1,0.9906101566244262,abstain,commercial_incident_01,0.009389843375573803,authorize_emergency_resource,10,0.3117765615128515
v6-pilot_sketch_cost-commercial-partition-private_fragmented-e60963-never_act-c050-always_on,never_act,0.5,always_on,0.29340896088292767,commercial_retailer_02_3,0.9870077074832823,abstain,commercial_incident_02,0.01299229251671774,authorize_emergency_resource,10,0.34835478401253095
v6-pilot_sketch_cost-commercial-partition-private_fragmented-e60963-never_act-c050-always_on,never_act,0.5,always_on,0.5793953389467866,commercial_warehouse_03_1,0.8854898687353834,abstain,commercial_incident_03,0.11451013126461662,authorize_emergency_resource,10,0.4075519270742376
v6-pilot_sketch_cost-commercial-partition-private_fragmented-e60963-never_act-c050-always_on,never_act,0.5,always_on,0.9458089655748856,commercial_retailer_04_1,0.9583138684722948,abstain,commercial_incident_04,0.04168613152770517,authorize_emergency_resource,10,0.383027126593419
v6-pilot_sketch_cost-commercial-partition-private_fragmented-e60963-never_act-c050-event_triggered,never_act,0.5,event_triggered,-0.05368635404740893,commercial_carrier_01_2,0.9239127565122807,abstain,commercial_incident_01,0.07608724348771934,revise_commitment,2,0.1797885535659287
v6-pilot_sketch_cost-commercial-partition-private_fragmented-e60963-never_act-c050-event_triggered,never_act,0.5,event_triggered,0.03689826449907832,commercial_warehouse_02_2,0.8772470191155491,abstain,commercial_incident_02,0.12275298088445086,revise_commitment,2,0.44469030900744344
v6-pilot_sketch_cost-commercial-partition-private_fragmented-e60963-never_act-c050-event_triggered,never_act,0.5,event_triggered,0.45639899648239596,commercial_retailer_03_2,0.9551185165054576,abstain,commercial_incident_03,0.04488148349454235,authorize_emergency_resource,2,0.3408135215345732
v6-pilot_sketch_cost-commercial-partition-private_fragmented-e60963-never_act-c050-event_triggered,never_act,0.5,event_triggered,0.6305502731864827,commercial_supplier_04_2,0.9082038648621598,abstain,commercial_incident_04,0.09179613513784024,deploy_repair_capacity,2,0.18816543805055902
v6-pilot_sketch_cost-commercial-partition-private_fragmented-e60963-never_act-c050-event_triggered,never_act,0.5,event_triggered,-0.03199855894399144,commercial_supplier_01_1,0.9860622259591044,abstain,commercial_incident_01,0.013937774040895579,revise_commitment,4,0.5715435137246315
v6-pilot_sketch_cost-commercial-partition-private_fragmented-e60963-never_act-c050-event_triggered,never_act,0.5,event_triggered,0.30793130838151517,commercial_carrier_02_1,0.9261455542180416,abstain,commercial_incident_02,0.07385444578195843,deploy_repair_capacity,4,0.37981819607749884
v6-pilot_sketch_cost-commercial-partition-private_fragmented-e60963-never_act-c050-event_triggered,never_act,0.5,event_triggered,0.4316633601378235,commercial_warehouse_03_1,0.963147572148778,abstain,commercial_incident_03,0.036852427851222,reroute_or_reconfigure,4,0.003523505421955564
v6-pilot_sketch_cost-commercial-partition-private_fragmented-e60963-never_act-c050-event_triggered,never_act,0.5,event_triggered,0.8605638112374309,commercial_carrier_04_3,0.8697973967014039,abstain,commercial_incident_04,0.13020260329859612,deploy_repair_capacity,4,0.3673378749814729
v6-pilot_sketch_cost-commercial-partition-private_fragmented-e60963-never_act-c050-event_triggered,never_act,0.5,event_triggered,-0.03723533864429249,commercial_supplier_01_1,0.9819246781977359,abstain,commercial_incident_01,0.01807532180226412,deploy_repair_capacity,6,0.38447013454471535
v6-pilot_sketch_cost-commercial-partition-private_fragmented-e60963-never_act-c050-event_triggered,never_act,0.5,event_triggered,0.35010098819025215,commercial_retailer_02_3,0.8948767810223891,abstain,commercial_incident_02,0.1051232189776109,revise_commitment,6,0.2882942648951574
v6-pilot_sketch_cost-commercial-partition-private_fragmented-e60963-never_act-c050-event_triggered,never_act,0.5,event_triggered,0.5104877851451011,commercial_warehouse_03_1,0.9018503940253445,abstain,commercial_incident_03,0.0981496059746555,authorize_emergency_resource,6,0.2535260217847416
v6-pilot_sketch_cost-commercial-partition-private_fragmented-e60963-never_act-c050-event_triggered,never_act,0.5,event_triggered,0.8440420339308838,commercial_retailer_04_1,0.8689941418310823,abstain,commercial_incident_04,0.13100585816891774,authorize_emergency_resource,6,0.4694470472489818
v6-pilot_sketch_cost-commercial-partition-private_fragmented-e60963-never_act-c050-event_triggered,never_act,0.5,event_triggered,-0.05612920687666023,commercial_carrier_01_2,0.9750400222756802,abstain,commercial_incident_01,0.024959977724319793,revise_commitment,8,0.5806339489220022
v6-pilot_sketch_cost-commercial-partition-private_fragmented-e60963-never_act-c050-event_triggered,never_act,0.5,event_triggered,0.011306531824541416,commercial_warehouse_02_2,0.9275876999044445,abstain,commercial_incident_02,0.07241230009555555,authorize_emergency_resource,8,0.2846392845516581
v6-pilot_sketch_cost-commercial-partition-private_fragmented-e60963-never_act-c050-event_triggered,never_act,0.5,event_triggered,0.4871758426100518,commercial_retailer_03_2,0.9868809864805096,abstain,commercial_incident_03,0.013119013519490408,authorize_emergency_resource,8,0.33620376680376873
v6-pilot_sketch_cost-commercial-partition-private_fragmented-e60963-never_act-c050-event_triggered,never_act,0.5,event_triggered,0.7578160467748554,commercial_supplier_04_2,0.962550009091327,abstain,commercial_incident_04,0.03744999090867296,deploy_repair_capacity,8,0.3871139747680883
v6-pilot_sketch_cost-commercial-partition-private_fragmented-e60963-never_act-c050-event_triggered,never_act,0.5,event_triggered,-0.007365813379889452,commercial_supplier_01_1,0.9906101566244262,abstain,commercial_incident_01,0.009389843375573803,authorize_emergency_resource,10,0.3117765615128515
v6-pilot_sketch_cost-commercial-partition-private_fragmented-e60963-never_act-c050-event_triggered,never_act,0.5,event_triggered,0.29340896088292767,commercial_retailer_02_3,0.9870077074832823,abstain,commercial_incident_02,0.01299229251671774,authorize_emergency_resource,10,0.34835478401253095
v6-pilot_sketch_cost-commercial-partition-private_fragmented-e60963-never_act-c050-event_triggered,never_act,0.5,event_triggered,0.5793953389467866,commercial_warehouse_03_1,0.8882204932680556,abstain,commercial_incident_03,0.11177950673194437,authorize_emergency_resource,10,0.4075519270742376
v6-pilot_sketch_cost-commercial-partition-private_fragmented-e60963-never_act-c050-event_triggered,never_act,0.5,event_triggered,0.9458089655748856,commercial_retailer_04_1,0.9583138684722948,abstain,commercial_incident_04,0.04168613152770517,authorize_emergency_resource,10,0.383027126593419
v6-pilot_sketch_cost-commercial-partition-private_fragmented-e60963-never_act-c050-none,never_act,0.5,none,-0.05368635404740893,commercial_carrier_01_2,1.0,abstain,commercial_incident_01,0.0,revise_commitment,2,0.1797885535659287
v6-pilot_sketch_cost-commercial-partition-private_fragmented-e60963-never_act-c050-none,never_act,0.5,none,0.03689826449907832,commercial_warehouse_02_2,1.0,abstain,commercial_incident_02,0.0,revise_commitment,2,0.44469030900744344
v6-pilot_sketch_cost-commercial-partition-private_fragmented-e60963-never_act-c050-none,never_act,0.5,none,0.45639899648239596,commercial_retailer_03_2,1.0,abstain,commercial_incident_03,0.0,authorize_emergency_resource,2,0.3408135215345732
v6-pilot_sketch_cost-commercial-partition-private_fragmented-e60963-never_act-c050-none,never_act,0.5,none,0.6305502731864827,commercial_supplier_04_2,1.0,abstain,commercial_incident_04,0.0,deploy_repair_capacity,2,0.18816543805055902
v6-pilot_sketch_cost-commercial-partition-private_fragmented-e60963-never_act-c050-none,never_act,0.5,none,-0.03199855894399144,commercial_supplier_01_1,1.0,abstain,commercial_incident_01,0.0,revise_commitment,4,0.5715435137246315
v6-pilot_sketch_cost-commercial-partition-private_fragmented-e60963-never_act-c050-none,never_act,0.5,none,0.30793130838151517,commercial_carrier_02_1,1.0,abstain,commercial_incident_02,0.0,deploy_repair_capacity,4,0.37981819607749884
v6-pilot_sketch_cost-commercial-partition-private_fragmented-e60963-never_act-c050-none,never_act,0.5,none,0.4316633601378235,commercial_warehouse_03_1,1.0,abstain,commercial_incident_03,0.0,reroute_or_reconfigure,4,0.003523505421955564
v6-pilot_sketch_cost-commercial-partition-private_fragmented-e60963-never_act-c050-none,never_act,0.5,none,0.8605638112374309,commercial_carrier_04_3,1.0,abstain,commercial_incident_04,0.0,deploy_repair_capacity,4,0.3673378749814729
v6-pilot_sketch_cost-commercial-partition-private_fragmented-e60963-never_act-c050-none,never_act,0.5,none,-0.03723533864429249,commercial_supplier_01_1,1.0,abstain,commercial_incident_01,0.0,deploy_repair_capacity,6,0.38447013454471535
v6-pilot_sketch_cost-commercial-partition-private_fragmented-e60963-never_act-c050-none,never_act,0.5,none,0.35010098819025215,commercial_retailer_02_3,1.0,abstain,commercial_incident_02,0.0,revise_commitment,6,0.2882942648951574
v6-pilot_sketch_cost-commercial-partition-private_fragmented-e60963-never_act-c050-none,never_act,0.5,none,0.5104877851451011,commercial_warehouse_03_1,1.0,abstain,commercial_incident_03,0.0,authorize_emergency_resource,6,0.2535260217847416
v6-pilot_sketch_cost-commercial-partition-private_fragmented-e60963-never_act-c050-none,never_act,0.5,none,0.8440420339308838,commercial_retailer_04_1,1.0,abstain,commercial_incident_04,0.0,authorize_emergency_resource,6,0.4694470472489818
v6-pilot_sketch_cost-commercial-partition-private_fragmented-e60963-never_act-c050-none,never_act,0.5,none,-0.05612920687666023,commercial_carrier_01_2,1.0,abstain,commercial_incident_01,0.0,revise_commitment,8,0.5806339489220022
v6-pilot_sketch_cost-commercial-partition-private_fragmented-e60963-never_act-c050-none,never_act,0.5,none,0.011306531824541416,commercial_warehouse_02_2,1.0,abstain,commercial_incident_02,0.0,authorize_emergency_resource,8,0.2846392845516581
v6-pilot_sketch_cost-commercial-partition-private_fragmented-e60963-never_act-c050-none,never_act,0.5,none,0.4871758426100518,commercial_retailer_03_2,1.0,abstain,commercial_incident_03,0.0,authorize_emergency_resource,8,0.33620376680376873
v6-pilot_sketch_cost-commercial-partition-private_fragmented-e60963-never_act-c050-none,never_act,0.5,none,0.7578160467748554,commercial_supplier_04_2,1.0,abstain,commercial_incident_04,0.0,deploy_repair_capacity,8,0.3871139747680883
v6-pilot_sketch_cost-commercial-partition-private_fragmented-e60963-never_act-c050-none,never_act,0.5,none,-0.007365813379889452,commercial_supplier_01_1,1.0,abstain,commercial_incident_01,0.0,authorize_emergency_resource,10,0.3117765615128515
v6-pilot_sketch_cost-commercial-partition-private_fragmented-e60963-never_act-c050-none,never_act,0.5,none,0.29340896088292767,commercial_retailer_02_3,1.0,abstain,commercial_incident_02,0.0,authorize_emergency_resource,10,0.34835478401253095
v6-pilot_sketch_cost-commercial-partition-private_fragmented-e60963-never_act-c050-none,never_act,0.5,none,0.5793953389467866,commercial_warehouse_03_1,1.0,abstain,commercial_incident_03,0.0,authorize_emergency_resource,10,0.4075519270742376
v6-pilot_sketch_cost-commercial-partition-private_fragmented-e60963-never_act-c050-none,never_act,0.5,none,0.9458089655748856,commercial_retailer_04_1,1.0,abstain,commercial_incident_04,0.0,authorize_emergency_resource,10,0.383027126593419
v6-pilot_sketch_cost-commercial-partition-private_fragmented-e60963-never_act-c050-periodic,never_act,0.5,periodic,-0.05368635404740893,commercial_carrier_01_2,0.9380067547576971,abstain,commercial_incident_01,0.061993245242302875,revise_commitment,2,0.1797885535659287
v6-pilot_sketch_cost-commercial-partition-private_fragmented-e60963-never_act-c050-periodic,never_act,0.5,periodic,0.03689826449907832,commercial_warehouse_02_2,0.9333148863023274,abstain,commercial_incident_02,0.0666851136976726,revise_commitment,2,0.44469030900744344
v6-pilot_sketch_cost-commercial-partition-private_fragmented-e60963-never_act-c050-periodic,never_act,0.5,periodic,0.45639899648239596,commercial_retailer_03_2,0.8379559185621014,abstain,commercial_incident_03,0.1620440814378986,authorize_emergency_resource,2,0.3408135215345732
v6-pilot_sketch_cost-commercial-partition-private_fragmented-e60963-never_act-c050-periodic,never_act,0.5,periodic,0.6305502731864827,commercial_supplier_04_2,0.9437358479838104,abstain,commercial_incident_04,0.05626415201618962,deploy_repair_capacity,2,0.18816543805055902
v6-pilot_sketch_cost-commercial-partition-private_fragmented-e60963-never_act-c050-periodic,never_act,0.5,periodic,-0.03199855894399144,commercial_supplier_01_1,0.9753882144353649,abstain,commercial_incident_01,0.024611785564635058,revise_commitment,4,0.5715435137246315
v6-pilot_sketch_cost-commercial-partition-private_fragmented-e60963-never_act-c050-periodic,never_act,0.5,periodic,0.30793130838151517,commercial_carrier_02_1,0.9522519613207057,abstain,commercial_incident_02,0.047748038679294336,deploy_repair_capacity,4,0.37981819607749884
v6-pilot_sketch_cost-commercial-partition-private_fragmented-e60963-never_act-c050-periodic,never_act,0.5,periodic,0.4316633601378235,commercial_warehouse_03_1,0.905131556860067,abstain,commercial_incident_03,0.09486844313993303,reroute_or_reconfigure,4,0.003523505421955564
v6-pilot_sketch_cost-commercial-partition-private_fragmented-e60963-never_act-c050-periodic,never_act,0.5,periodic,0.8605638112374309,commercial_carrier_04_3,0.8935384763281736,abstain,commercial_incident_04,0.10646152367182637,deploy_repair_capacity,4,0.3673378749814729
v6-pilot_sketch_cost-commercial-partition-private_fragmented-e60963-never_act-c050-periodic,never_act,0.5,periodic,-0.03723533864429249,commercial_supplier_01_1,0.979837629807923,abstain,commercial_incident_01,0.020162370192077006,deploy_repair_capacity,6,0.38447013454471535
v6-pilot_sketch_cost-commercial-partition-private_fragmented-e60963-never_act-c050-periodic,never_act,0.5,periodic,0.35010098819025215,commercial_retailer_02_3,0.9026863783391383,abstain,commercial_incident_02,0.09731362166086166,revise_commitment,6,0.2882942648951574
v6-pilot_sketch_cost-commercial-partition-private_fragmented-e60963-never_act-c050-periodic,never_act,0.5,periodic,0.5104877851451011,commercial_warehouse_03_1,0.9018503940253445,abstain,commercial_incident_03,0.0981496059746555,authorize_emergency_resource,6,0.2535260217847416
v6-pilot_sketch_cost-commercial-partition-private_fragmented-e60963-never_act-c050-periodic,never_act,0.5,periodic,0.8440420339308838,commercial_retailer_04_1,0.8841713824866873,abstain,commercial_incident_04,0.11582861751331275,authorize_emergency_resource,6,0.4694470472489818
v6-pilot_sketch_cost-commercial-partition-private_fragmented-e60963-never_act-c050-periodic,never_act,0.5,periodic,-0.05612920687666023,commercial_carrier_01_2,0.9933412474350907,abstain,commercial_incident_01,0.0066587525649093315,revise_commitment,8,0.5806339489220022
v6-pilot_sketch_cost-commercial-partition-private_fragmented-e60963-never_act-c050-periodic,never_act,0.5,periodic,0.011306531824541416,commercial_warehouse_02_2,0.9311184915408236,abstain,commercial_incident_02,0.0688815084591764,authorize_emergency_resource,8,0.2846392845516581
v6-pilot_sketch_cost-commercial-partition-private_fragmented-e60963-never_act-c050-periodic,never_act,0.5,periodic,0.4871758426100518,commercial_retailer_03_2,0.9528447357301573,abstain,commercial_incident_03,0.047155264269842734,authorize_emergency_resource,8,0.33620376680376873
v6-pilot_sketch_cost-commercial-partition-private_fragmented-e60963-never_act-c050-periodic,never_act,0.5,periodic,0.7578160467748554,commercial_supplier_04_2,0.9779929148997645,abstain,commercial_incident_04,0.022007085100235524,deploy_repair_capacity,8,0.3871139747680883
v6-pilot_sketch_cost-commercial-partition-private_fragmented-e60963-never_act-c050-periodic,never_act,0.5,periodic,-0.007365813379889452,commercial_supplier_01_1,0.9883164696001072,abstain,commercial_incident_01,0.011683530399892783,authorize_emergency_resource,10,0.3117765615128515
v6-pilot_sketch_cost-commercial-partition-private_fragmented-e60963-never_act-c050-periodic,never_act,0.5,periodic,0.29340896088292767,commercial_retailer_02_3,0.8962308255611009,abstain,commercial_incident_02,0.1037691744388991,authorize_emergency_resource,10,0.34835478401253095
v6-pilot_sketch_cost-commercial-partition-private_fragmented-e60963-never_act-c050-periodic,never_act,0.5,periodic,0.5793953389467866,commercial_warehouse_03_1,0.93532362946916,abstain,commercial_incident_03,0.06467637053083997,authorize_emergency_resource,10,0.4075519270742376
v6-pilot_sketch_cost-commercial-partition-private_fragmented-e60963-never_act-c050-periodic,never_act,0.5,periodic,0.9458089655748856,commercial_retailer_04_1,0.8702853269924061,abstain,commercial_incident_04,0.12971467300759387,authorize_emergency_resource,10,0.383027126593419
v6-pilot_sketch_cost-commercial-telemetry_integrity-private_fragmented-e60961-never_act-c050-always_on,never_act,0.5,always_on,0.3457916811460602,commercial_supplier_01_1,0.9086813174028524,abstain,commercial_incident_01,0.0913186825971476,deploy_repair_capacity,2,0.29784645611868715
v6-pilot_sketch_cost-commercial-telemetry_integrity-private_fragmented-e60961-never_act-c050-always_on,never_act,0.5,always_on,0.38009327534200155,commercial_retailer_02_3,0.8498203456044983,abstain,commercial_incident_02,0.15017965439550174,revise_commitment,2,0.5343089078012626
v6-pilot_sketch_cost-commercial-telemetry_integrity-private_fragmented-e60961-never_act-c050-always_on,never_act,0.5,always_on,0.7613779891394054,commercial_supplier_03_3,0.9686661138223588,abstain,commercial_incident_03,0.03133388617764121,deploy_repair_capacity,2,0.0941209315722685
v6-pilot_sketch_cost-commercial-telemetry_integrity-private_fragmented-e60961-never_act-c050-always_on,never_act,0.5,always_on,0.4871396657119874,commercial_retailer_04_1,0.8339798231908788,abstain,commercial_incident_04,0.16602017680912118,revise_commitment,2,0.6539824346428187
v6-pilot_sketch_cost-commercial-telemetry_integrity-private_fragmented-e60961-never_act-c050-always_on,never_act,0.5,always_on,0.340447268039616,commercial_warehouse_01_3,0.9322738412177038,abstain,commercial_incident_01,0.06772615878229615,authorize_emergency_resource,4,0.0815162178038717
v6-pilot_sketch_cost-commercial-telemetry_integrity-private_fragmented-e60961-never_act-c050-always_on,never_act,0.5,always_on,0.38423344318269675,commercial_carrier_02_1,0.9199301711870495,abstain,commercial_incident_02,0.08006982881295055,deploy_repair_capacity,4,0.2768383015849399
v6-pilot_sketch_cost-commercial-telemetry_integrity-private_fragmented-e60961-never_act-c050-always_on,never_act,0.5,always_on,0.8266607877055916,commercial_supplier_03_3,0.8334954859619244,abstain,commercial_incident_03,0.16650451403807565,authorize_emergency_resource,4,0.31454165096321307
v6-pilot_sketch_cost-commercial-telemetry_integrity-private_fragmented-e60961-never_act-c050-always_on,never_act,0.5,always_on,0.47865589010637305,commercial_retailer_04_1,0.8457371665355069,abstain,commercial_incident_04,0.1542628334644931,revise_commitment,4,0.5114730896491305
v6-pilot_sketch_cost-commercial-telemetry_integrity-private_fragmented-e60961-never_act-c050-always_on,never_act,0.5,always_on,0.45167387929464503,commercial_warehouse_01_3,0.8774525142377455,abstain,commercial_incident_01,0.1225474857622545,revise_commitment,6,0.384902941495897
v6-pilot_sketch_cost-commercial-telemetry_integrity-private_fragmented-e60961-never_act-c050-always_on,never_act,0.5,always_on,0.4096457522245871,commercial_retailer_02_3,0.9781462688513068,abstain,commercial_incident_02,0.021853731148693156,authorize_emergency_resource,6,0.6907746465416772
v6-pilot_sketch_cost-commercial-telemetry_integrity-private_fragmented-e60961-never_act-c050-always_on,never_act,0.5,always_on,0.8922288560046074,commercial_supplier_03_3,0.8513908150489601,abstain,commercial_incident_03,0.14860918495103992,authorize_emergency_resource,6,0.37899572930048603
v6-pilot_sketch_cost-commercial-telemetry_integrity-private_fragmented-e60961-never_act-c050-always_on,never_act,0.5,always_on,0.46119407930312817,commercial_retailer_04_1,0.9119199577355156,abstain,commercial_incident_04,0.0880800422644844,revise_commitment,6,0.36768173583142005
v6-pilot_sketch_cost-commercial-telemetry_integrity-private_fragmented-e60961-never_act-c050-always_on,never_act,0.5,always_on,0.46886273197312944,commercial_warehouse_01_3,0.8716875272040474,abstain,commercial_incident_01,0.1283124727959526,authorize_emergency_resource,8,0.5029969135713548
v6-pilot_sketch_cost-commercial-telemetry_integrity-private_fragmented-e60961-never_act-c050-always_on,never_act,0.5,always_on,0.38342302296775554,commercial_carrier_02_1,0.8084769854964085,abstain,commercial_incident_02,0.19152301450359155,deploy_repair_capacity,8,0.461207513699687
v6-pilot_sketch_cost-commercial-telemetry_integrity-private_fragmented-e60961-never_act-c050-always_on,never_act,0.5,always_on,0.9815533624216503,commercial_supplier_03_3,0.9104839525770528,abstain,commercial_incident_03,0.08951604742294716,revise_commitment,8,0.561424686544627
v6-pilot_sketch_cost-commercial-telemetry_integrity-private_fragmented-e60961-never_act-c050-always_on,never_act,0.5,always_on,0.3756900382997098,commercial_retailer_04_1,0.9114578707092071,abstain,commercial_incident_04,0.08854212929079286,revise_commitment,8,0.3770735227308921
v6-pilot_sketch_cost-commercial-telemetry_integrity-private_fragmented-e60961-never_act-c050-always_on,never_act,0.5,always_on,0.43173970682381,commercial_warehouse_01_3,0.9365472003445386,abstain,commercial_incident_01,0.06345279965546136,deploy_repair_capacity,10,0.15349178285598178
v6-pilot_sketch_cost-commercial-telemetry_integrity-private_fragmented-e60961-never_act-c050-always_on,never_act,0.5,always_on,0.394406763245171,commercial_carrier_02_1,0.88876385868687,abstain,commercial_incident_02,0.11123614131312998,deploy_repair_capacity,10,0.46091954419892445
v6-pilot_sketch_cost-commercial-telemetry_integrity-private_fragmented-e60961-never_act-c050-always_on,never_act,0.5,always_on,0.883816935168193,commercial_supplier_03_3,0.8644784148801994,abstain,commercial_incident_03,0.1355215851198006,deploy_repair_capacity,10,0.4275807261881882
v6-pilot_sketch_cost-commercial-telemetry_integrity-private_fragmented-e60961-never_act-c050-always_on,never_act,0.5,always_on,0.39901752863660156,commercial_retailer_04_1,0.7756920708656274,abstain,commercial_incident_04,0.22430792913437259,authorize_emergency_resource,10,0.40273627420429303
v6-pilot_sketch_cost-commercial-telemetry_integrity-private_fragmented-e60961-never_act-c050-event_triggered,never_act,0.5,event_triggered,0.3457916811460602,commercial_supplier_01_1,0.9086813174028524,abstain,commercial_incident_01,0.0913186825971476,deploy_repair_capacity,2,0.29784645611868715
v6-pilot_sketch_cost-commercial-telemetry_integrity-private_fragmented-e60961-never_act-c050-event_triggered,never_act,0.5,event_triggered,0.38009327534200155,commercial_retailer_02_3,0.8498203456044983,abstain,commercial_incident_02,0.15017965439550174,revise_commitment,2,0.5343089078012626
v6-pilot_sketch_cost-commercial-telemetry_integrity-private_fragmented-e60961-never_act-c050-event_triggered,never_act,0.5,event_triggered,0.7613779891394054,commercial_supplier_03_3,0.9686661138223588,abstain,commercial_incident_03,0.03133388617764121,deploy_repair_capacity,2,0.0941209315722685
v6-pilot_sketch_cost-commercial-telemetry_integrity-private_fragmented-e60961-never_act-c050-event_triggered,never_act,0.5,event_triggered,0.4871396657119874,commercial_retailer_04_1,0.8339798231908788,abstain,commercial_incident_04,0.16602017680912118,revise_commitment,2,0.6539824346428187
v6-pilot_sketch_cost-commercial-telemetry_integrity-private_fragmented-e60961-never_act-c050-event_triggered,never_act,0.5,event_triggered,0.340447268039616,commercial_warehouse_01_3,0.9322738412177038,abstain,commercial_incident_01,0.06772615878229615,authorize_emergency_resource,4,0.0815162178038717
v6-pilot_sketch_cost-commercial-telemetry_integrity-private_fragmented-e60961-never_act-c050-event_triggered,never_act,0.5,event_triggered,0.38423344318269675,commercial_carrier_02_1,0.9199301711870495,abstain,commercial_incident_02,0.08006982881295055,deploy_repair_capacity,4,0.2768383015849399
v6-pilot_sketch_cost-commercial-telemetry_integrity-private_fragmented-e60961-never_act-c050-event_triggered,never_act,0.5,event_triggered,0.8266607877055916,commercial_supplier_03_3,0.8334954859619244,abstain,commercial_incident_03,0.16650451403807565,authorize_emergency_resource,4,0.31454165096321307
v6-pilot_sketch_cost-commercial-telemetry_integrity-private_fragmented-e60961-never_act-c050-event_triggered,never_act,0.5,event_triggered,0.47865589010637305,commercial_retailer_04_1,0.8457371665355069,abstain,commercial_incident_04,0.1542628334644931,revise_commitment,4,0.5114730896491305
v6-pilot_sketch_cost-commercial-telemetry_integrity-private_fragmented-e60961-never_act-c050-event_triggered,never_act,0.5,event_triggered,0.45167387929464503,commercial_warehouse_01_3,0.8774525142377455,abstain,commercial_incident_01,0.1225474857622545,revise_commitment,6,0.384902941495897
v6-pilot_sketch_cost-commercial-telemetry_integrity-private_fragmented-e60961-never_act-c050-event_triggered,never_act,0.5,event_triggered,0.4096457522245871,commercial_retailer_02_3,0.9834361710286857,abstain,commercial_incident_02,0.016563828971314254,authorize_emergency_resource,6,0.6907746465416772
v6-pilot_sketch_cost-commercial-telemetry_integrity-private_fragmented-e60961-never_act-c050-event_triggered,never_act,0.5,event_triggered,0.8922288560046074,commercial_supplier_03_3,0.8513908150489601,abstain,commercial_incident_03,0.14860918495103992,authorize_emergency_resource,6,0.37899572930048603
v6-pilot_sketch_cost-commercial-telemetry_integrity-private_fragmented-e60961-never_act-c050-event_triggered,never_act,0.5,event_triggered,0.46119407930312817,commercial_retailer_04_1,0.9119199577355156,abstain,commercial_incident_04,0.0880800422644844,revise_commitment,6,0.36768173583142005
v6-pilot_sketch_cost-commercial-telemetry_integrity-private_fragmented-e60961-never_act-c050-event_triggered,never_act,0.5,event_triggered,0.46886273197312944,commercial_warehouse_01_3,0.8716875272040474,abstain,commercial_incident_01,0.1283124727959526,authorize_emergency_resource,8,0.5029969135713548
v6-pilot_sketch_cost-commercial-telemetry_integrity-private_fragmented-e60961-never_act-c050-event_triggered,never_act,0.5,event_triggered,0.38342302296775554,commercial_carrier_02_1,0.8084769854964085,abstain,commercial_incident_02,0.19152301450359155,deploy_repair_capacity,8,0.461207513699687
v6-pilot_sketch_cost-commercial-telemetry_integrity-private_fragmented-e60961-never_act-c050-event_triggered,never_act,0.5,event_triggered,0.9815533624216503,commercial_supplier_03_3,0.9104839525770528,abstain,commercial_incident_03,0.08951604742294716,revise_commitment,8,0.561424686544627
v6-pilot_sketch_cost-commercial-telemetry_integrity-private_fragmented-e60961-never_act-c050-event_triggered,never_act,0.5,event_triggered,0.3756900382997098,commercial_retailer_04_1,0.9114578707092071,abstain,commercial_incident_04,0.08854212929079286,revise_commitment,8,0.3770735227308921
v6-pilot_sketch_cost-commercial-telemetry_integrity-private_fragmented-e60961-never_act-c050-event_triggered,never_act,0.5,event_triggered,0.43173970682381,commercial_warehouse_01_3,0.9365472003445386,abstain,commercial_incident_01,0.06345279965546136,deploy_repair_capacity,10,0.15349178285598178
v6-pilot_sketch_cost-commercial-telemetry_integrity-private_fragmented-e60961-never_act-c050-event_triggered,never_act,0.5,event_triggered,0.394406763245171,commercial_carrier_02_1,0.88876385868687,abstain,commercial_incident_02,0.11123614131312998,deploy_repair_capacity,10,0.46091954419892445
v6-pilot_sketch_cost-commercial-telemetry_integrity-private_fragmented-e60961-never_act-c050-event_triggered,never_act,0.5,event_triggered,0.883816935168193,commercial_supplier_03_3,0.8644784148801994,abstain,commercial_incident_03,0.1355215851198006,deploy_repair_capacity,10,0.4275807261881882
v6-pilot_sketch_cost-commercial-telemetry_integrity-private_fragmented-e60961-never_act-c050-event_triggered,never_act,0.5,event_triggered,0.39901752863660156,commercial_retailer_04_1,0.7756920708656274,abstain,commercial_incident_04,0.22430792913437259,authorize_emergency_resource,10,0.40273627420429303
v6-pilot_sketch_cost-commercial-telemetry_integrity-private_fragmented-e60961-never_act-c050-none,never_act,0.5,none,0.3457916811460602,commercial_supplier_01_1,1.0,abstain,commercial_incident_01,0.0,deploy_repair_capacity,2,0.29784645611868715
v6-pilot_sketch_cost-commercial-telemetry_integrity-private_fragmented-e60961-never_act-c050-none,never_act,0.5,none,0.38009327534200155,commercial_retailer_02_3,1.0,abstain,commercial_incident_02,0.0,revise_commitment,2,0.5343089078012626
v6-pilot_sketch_cost-commercial-telemetry_integrity-private_fragmented-e60961-never_act-c050-none,never_act,0.5,none,0.7613779891394054,commercial_supplier_03_3,1.0,abstain,commercial_incident_03,0.0,deploy_repair_capacity,2,0.0941209315722685
v6-pilot_sketch_cost-commercial-telemetry_integrity-private_fragmented-e60961-never_act-c050-none,never_act,0.5,none,0.4871396657119874,commercial_retailer_04_1,1.0,abstain,commercial_incident_04,0.0,revise_commitment,2,0.6539824346428187
v6-pilot_sketch_cost-commercial-telemetry_integrity-private_fragmented-e60961-never_act-c050-none,never_act,0.5,none,0.340447268039616,commercial_warehouse_01_3,1.0,abstain,commercial_incident_01,0.0,authorize_emergency_resource,4,0.0815162178038717
v6-pilot_sketch_cost-commercial-telemetry_integrity-private_fragmented-e60961-never_act-c050-none,never_act,0.5,none,0.38423344318269675,commercial_carrier_02_1,1.0,abstain,commercial_incident_02,0.0,deploy_repair_capacity,4,0.2768383015849399
v6-pilot_sketch_cost-commercial-telemetry_integrity-private_fragmented-e60961-never_act-c050-none,never_act,0.5,none,0.8266607877055916,commercial_supplier_03_3,1.0,abstain,commercial_incident_03,0.0,authorize_emergency_resource,4,0.31454165096321307
v6-pilot_sketch_cost-commercial-telemetry_integrity-private_fragmented-e60961-never_act-c050-none,never_act,0.5,none,0.47865589010637305,commercial_retailer_04_1,1.0,abstain,commercial_incident_04,0.0,revise_commitment,4,0.5114730896491305
v6-pilot_sketch_cost-commercial-telemetry_integrity-private_fragmented-e60961-never_act-c050-none,never_act,0.5,none,0.45167387929464503,commercial_warehouse_01_3,1.0,abstain,commercial_incident_01,0.0,revise_commitment,6,0.384902941495897
v6-pilot_sketch_cost-commercial-telemetry_integrity-private_fragmented-e60961-never_act-c050-none,never_act,0.5,none,0.4096457522245871,commercial_retailer_02_3,1.0,abstain,commercial_incident_02,0.0,authorize_emergency_resource,6,0.6907746465416772
v6-pilot_sketch_cost-commercial-telemetry_integrity-private_fragmented-e60961-never_act-c050-none,never_act,0.5,none,0.8922288560046074,commercial_supplier_03_3,1.0,abstain,commercial_incident_03,0.0,authorize_emergency_resource,6,0.37899572930048603
v6-pilot_sketch_cost-commercial-telemetry_integrity-private_fragmented-e60961-never_act-c050-none,never_act,0.5,none,0.46119407930312817,commercial_retailer_04_1,1.0,abstain,commercial_incident_04,0.0,revise_commitment,6,0.36768173583142005
v6-pilot_sketch_cost-commercial-telemetry_integrity-private_fragmented-e60961-never_act-c050-none,never_act,0.5,none,0.46886273197312944,commercial_warehouse_01_3,1.0,abstain,commercial_incident_01,0.0,authorize_emergency_resource,8,0.5029969135713548
v6-pilot_sketch_cost-commercial-telemetry_integrity-private_fragmented-e60961-never_act-c050-none,never_act,0.5,none,0.38342302296775554,commercial_carrier_02_1,1.0,abstain,commercial_incident_02,0.0,deploy_repair_capacity,8,0.461207513699687
v6-pilot_sketch_cost-commercial-telemetry_integrity-private_fragmented-e60961-never_act-c050-none,never_act,0.5,none,0.9815533624216503,commercial_supplier_03_3,1.0,abstain,commercial_incident_03,0.0,revise_commitment,8,0.561424686544627
v6-pilot_sketch_cost-commercial-telemetry_integrity-private_fragmented-e60961-never_act-c050-none,never_act,0.5,none,0.3756900382997098,commercial_retailer_04_1,1.0,abstain,commercial_incident_04,0.0,revise_commitment,8,0.3770735227308921
v6-pilot_sketch_cost-commercial-telemetry_integrity-private_fragmented-e60961-never_act-c050-none,never_act,0.5,none,0.43173970682381,commercial_warehouse_01_3,1.0,abstain,commercial_incident_01,0.0,deploy_repair_capacity,10,0.15349178285598178
v6-pilot_sketch_cost-commercial-telemetry_integrity-private_fragmented-e60961-never_act-c050-none,never_act,0.5,none,0.394406763245171,commercial_carrier_02_1,1.0,abstain,commercial_incident_02,0.0,deploy_repair_capacity,10,0.46091954419892445
v6-pilot_sketch_cost-commercial-telemetry_integrity-private_fragmented-e60961-never_act-c050-none,never_act,0.5,none,0.883816935168193,commercial_supplier_03_3,1.0,abstain,commercial_incident_03,0.0,deploy_repair_capacity,10,0.4275807261881882
v6-pilot_sketch_cost-commercial-telemetry_integrity-private_fragmented-e60961-never_act-c050-none,never_act,0.5,none,0.39901752863660156,commercial_retailer_04_1,1.0,abstain,commercial_incident_04,0.0,authorize_emergency_resource,10,0.40273627420429303
v6-pilot_sketch_cost-commercial-telemetry_integrity-private_fragmented-e60961-never_act-c050-periodic,never_act,0.5,periodic,0.3457916811460602,commercial_supplier_01_1,0.9033122163181556,abstain,commercial_incident_01,0.09668778368184439,deploy_repair_capacity,2,0.29784645611868715
v6-pilot_sketch_cost-commercial-telemetry_integrity-private_fragmented-e60961-never_act-c050-periodic,never_act,0.5,periodic,0.38009327534200155,commercial_retailer_02_3,0.8258363888480719,abstain,commercial_incident_02,0.17416361115192813,revise_commitment,2,0.5343089078012626
v6-pilot_sketch_cost-commercial-telemetry_integrity-private_fragmented-e60961-never_act-c050-periodic,never_act,0.5,periodic,0.7613779891394054,commercial_supplier_03_3,0.858191294963919,abstain,commercial_incident_03,0.141808705036081,deploy_repair_capacity,2,0.0941209315722685
v6-pilot_sketch_cost-commercial-telemetry_integrity-private_fragmented-e60961-never_act-c050-periodic,never_act,0.5,periodic,0.4871396657119874,commercial_retailer_04_1,0.9111512317349979,abstain,commercial_incident_04,0.0888487682650021,revise_commitment,2,0.6539824346428187
v6-pilot_sketch_cost-commercial-telemetry_integrity-private_fragmented-e60961-never_act-c050-periodic,never_act,0.5,periodic,0.340447268039616,commercial_warehouse_01_3,0.9389669164506206,abstain,commercial_incident_01,0.06103308354937942,authorize_emergency_resource,4,0.0815162178038717
v6-pilot_sketch_cost-commercial-telemetry_integrity-private_fragmented-e60961-never_act-c050-periodic,never_act,0.5,periodic,0.38423344318269675,commercial_carrier_02_1,0.8627070633024665,abstain,commercial_incident_02,0.1372929366975335,deploy_repair_capacity,4,0.2768383015849399
v6-pilot_sketch_cost-commercial-telemetry_integrity-private_fragmented-e60961-never_act-c050-periodic,never_act,0.5,periodic,0.8266607877055916,commercial_supplier_03_3,0.818891243375116,abstain,commercial_incident_03,0.18110875662488402,authorize_emergency_resource,4,0.31454165096321307
v6-pilot_sketch_cost-commercial-telemetry_integrity-private_fragmented-e60961-never_act-c050-periodic,never_act,0.5,periodic,0.47865589010637305,commercial_retailer_04_1,0.8435530541762372,abstain,commercial_incident_04,0.15644694582376284,revise_commitment,4,0.5114730896491305
v6-pilot_sketch_cost-commercial-telemetry_integrity-private_fragmented-e60961-never_act-c050-periodic,never_act,0.5,periodic,0.45167387929464503,commercial_warehouse_01_3,0.8774525142377455,abstain,commercial_incident_01,0.1225474857622545,revise_commitment,6,0.384902941495897
v6-pilot_sketch_cost-commercial-telemetry_integrity-private_fragmented-e60961-never_act-c050-periodic,never_act,0.5,periodic,0.4096457522245871,commercial_retailer_02_3,0.9781462688513068,abstain,commercial_incident_02,0.021853731148693156,authorize_emergency_resource,6,0.6907746465416772
v6-pilot_sketch_cost-commercial-telemetry_integrity-private_fragmented-e60961-never_act-c050-periodic,never_act,0.5,periodic,0.8922288560046074,commercial_supplier_03_3,0.8513908150489601,abstain,commercial_incident_03,0.14860918495103992,authorize_emergency_resource,6,0.37899572930048603
v6-pilot_sketch_cost-commercial-telemetry_integrity-private_fragmented-e60961-never_act-c050-periodic,never_act,0.5,periodic,0.46119407930312817,commercial_retailer_04_1,0.9119199577355156,abstain,commercial_incident_04,0.0880800422644844,revise_commitment,6,0.36768173583142005
v6-pilot_sketch_cost-commercial-telemetry_integrity-private_fragmented-e60961-never_act-c050-periodic,never_act,0.5,periodic,0.46886273197312944,commercial_warehouse_01_3,0.8822888126389457,abstain,commercial_incident_01,0.11771118736105435,authorize_emergency_resource,8,0.5029969135713548
v6-pilot_sketch_cost-commercial-telemetry_integrity-private_fragmented-e60961-never_act-c050-periodic,never_act,0.5,periodic,0.38342302296775554,commercial_carrier_02_1,0.8370034769781474,abstain,commercial_incident_02,0.16299652302185264,deploy_repair_capacity,8,0.461207513699687
v6-pilot_sketch_cost-commercial-telemetry_integrity-private_fragmented-e60961-never_act-c050-periodic,never_act,0.5,periodic,0.9815533624216503,commercial_supplier_03_3,0.8999111463335877,abstain,commercial_incident_03,0.10008885366641229,revise_commitment,8,0.561424686544627
v6-pilot_sketch_cost-commercial-telemetry_integrity-private_fragmented-e60961-never_act-c050-periodic,never_act,0.5,periodic,0.3756900382997098,commercial_retailer_04_1,0.9193210513949531,abstain,commercial_incident_04,0.08067894860504687,revise_commitment,8,0.3770735227308921
v6-pilot_sketch_cost-commercial-telemetry_integrity-private_fragmented-e60961-never_act-c050-periodic,never_act,0.5,periodic,0.43173970682381,commercial_warehouse_01_3,0.9127819121449574,abstain,commercial_incident_01,0.08721808785504259,deploy_repair_capacity,10,0.15349178285598178
v6-pilot_sketch_cost-commercial-telemetry_integrity-private_fragmented-e60961-never_act-c050-periodic,never_act,0.5,periodic,0.394406763245171,commercial_carrier_02_1,0.9209312818363914,abstain,commercial_incident_02,0.07906871816360861,deploy_repair_capacity,10,0.46091954419892445
v6-pilot_sketch_cost-commercial-telemetry_integrity-private_fragmented-e60961-never_act-c050-periodic,never_act,0.5,periodic,0.883816935168193,commercial_supplier_03_3,0.8247045207090828,abstain,commercial_incident_03,0.17529547929091716,deploy_repair_capacity,10,0.4275807261881882
v6-pilot_sketch_cost-commercial-telemetry_integrity-private_fragmented-e60961-never_act-c050-periodic,never_act,0.5,periodic,0.39901752863660156,commercial_retailer_04_1,0.8518424118392622,abstain,commercial_incident_04,0.14815758816073776,authorize_emergency_resource,10,0.40273627420429303
v6-pilot_sketch_cost-commercial-telemetry_integrity-private_fragmented-e60962-never_act-c050-always_on,never_act,0.5,always_on,0.4679638753196488,commercial_supplier_01_1,0.9881895018775052,abstain,commercial_incident_01,0.011810498122494795,revise_commitment,2,0.5529009438896298
v6-pilot_sketch_cost-commercial-telemetry_integrity-private_fragmented-e60962-never_act-c050-always_on,never_act,0.5,always_on,0.5978271028829689,commercial_warehouse_02_2,0.9278347312857897,abstain,commercial_incident_02,0.07216526871421025,reroute_or_reconfigure,2,0.48136356627503224
v6-pilot_sketch_cost-commercial-telemetry_integrity-private_fragmented-e60962-never_act-c050-always_on,never_act,0.5,always_on,0.29911941207527576,commercial_retailer_03_2,0.9901352011151403,abstain,commercial_incident_03,0.009864798884859693,authorize_emergency_resource,2,0.6573013133252985
v6-pilot_sketch_cost-commercial-telemetry_integrity-private_fragmented-e60962-never_act-c050-always_on,never_act,0.5,always_on,0.5446237872266133,commercial_retailer_04_1,0.8941879032503254,abstain,commercial_incident_04,0.10581209674967462,authorize_emergency_resource,2,0.40044614038829185
v6-pilot_sketch_cost-commercial-telemetry_integrity-private_fragmented-e60962-never_act-c050-always_on,never_act,0.5,always_on,0.478458561694554,commercial_supplier_01_1,0.9186536479109673,abstain,commercial_incident_01,0.08134635208903274,authorize_emergency_resource,4,0.20790012218425222
v6-pilot_sketch_cost-commercial-telemetry_integrity-private_fragmented-e60962-never_act-c050-always_on,never_act,0.5,always_on,0.6299791519321973,commercial_warehouse_02_2,0.8410529859004022,abstain,commercial_incident_02,0.15894701409959777,reroute_or_reconfigure,4,0.5358680029974466
v6-pilot_sketch_cost-commercial-telemetry_integrity-private_fragmented-e60962-never_act-c050-always_on,never_act,0.5,always_on,0.29684433405422644,commercial_retailer_03_2,0.9928693938962653,abstain,commercial_incident_03,0.007130606103734727,authorize_emergency_resource,4,0.5971283600825821
v6-pilot_sketch_cost-commercial-telemetry_integrity-private_fragmented-e60962-never_act-c050-always_on,never_act,0.5,always_on,0.544744561871231,commercial_retailer_04_1,0.9864956792995851,abstain,commercial_incident_04,0.013504320700414851,revise_commitment,4,0.5685542610899224
v6-pilot_sketch_cost-commercial-telemetry_integrity-private_fragmented-e60962-never_act-c050-always_on,never_act,0.5,always_on,0.4994831774532723,commercial_supplier_01_1,0.9689485858184362,abstain,commercial_incident_01,0.031051414181563763,deploy_repair_capacity,6,0.7057462461142011
v6-pilot_sketch_cost-commercial-telemetry_integrity-private_fragmented-e60962-never_act-c050-always_on,never_act,0.5,always_on,0.5730972457261978,commercial_warehouse_02_2,0.8931087463964823,abstain,commercial_incident_02,0.1068912536035177,revise_commitment,6,0.0731188675833982
v6-pilot_sketch_cost-commercial-telemetry_integrity-private_fragmented-e60962-never_act-c050-always_on,never_act,0.5,always_on,0.2707526277437201,commercial_supplier_03_3,0.9536483574015914,abstain,commercial_incident_03,0.04635164259840863,authorize_emergency_resource,6,0.569103435857872
v6-pilot_sketch_cost-commercial-telemetry_integrity-private_fragmented-e60962-never_act-c050-always_on,never_act,0.5,always_on,0.6192658018675689,commercial_retailer_04_1,0.930973390190243,abstain,commercial_incident_04,0.06902660980975694,revise_commitment,6,0.0053795038251095995
v6-pilot_sketch_cost-commercial-telemetry_integrity-private_fragmented-e60962-never_act-c050-always_on,never_act,0.5,always_on,0.5194735533818827,commercial_supplier_01_1,0.8928883442233121,abstain,commercial_incident_01,0.10711165577668791,revise_commitment,8,0.6030165123596166
v6-pilot_sketch_cost-commercial-telemetry_integrity-private_fragmented-e60962-never_act-c050-always_on,never_act,0.5,always_on,0.6862320268134992,commercial_warehouse_02_2,0.8805193302573415,abstain,commercial_incident_02,0.11948066974265847,reroute_or_reconfigure,8,0.6870456956497719
v6-pilot_sketch_cost-commercial-telemetry_integrity-private_fragmented-e60962-never_act-c050-always_on,never_act,0.5,always_on,0.3346032758864411,commercial_retailer_03_2,0.9875475635165443,abstain,commercial_incident_03,0.012452436483455731,authorize_emergency_resource,8,0.7017445553621616
v6-pilot_sketch_cost-commercial-telemetry_integrity-private_fragmented-e60962-never_act-c050-always_on,never_act,0.5,always_on,0.6281838288337145,commercial_retailer_04_1,0.9579976588108025,abstain,commercial_incident_04,0.042002341189197545,authorize_emergency_resource,8,0.12072587944038632
v6-pilot_sketch_cost-commercial-telemetry_integrity-private_fragmented-e60962-never_act-c050-always_on,never_act,0.5,always_on,0.5138163690918846,commercial_supplier_01_1,0.9632963781674363,abstain,commercial_incident_01,0.036703621832563704,authorize_emergency_resource,10,0.32967710789411925
v6-pilot_sketch_cost-commercial-telemetry_integrity-private_fragmented-e60962-never_act-c050-always_on,never_act,0.5,always_on,0.6705454502302163,commercial_warehouse_02_2,0.9629426334076789,abstain,commercial_incident_02,0.03705736659232106,reroute_or_reconfigure,10,0.46281568398978323
v6-pilot_sketch_cost-commercial-telemetry_integrity-private_fragmented-e60962-never_act-c050-always_on,never_act,0.5,always_on,0.3286872845072032,commercial_retailer_03_2,0.9651752461041763,abstain,commercial_incident_03,0.034824753895823735,authorize_emergency_resource,10,0.5797145661933928
v6-pilot_sketch_cost-commercial-telemetry_integrity-private_fragmented-e60962-never_act-c050-always_on,never_act,0.5,always_on,0.6554069843821911,commercial_retailer_04_1,0.9720304653118583,abstain,commercial_incident_04,0.027969534688141673,revise_commitment,10,0.2512623743087101
v6-pilot_sketch_cost-commercial-telemetry_integrity-private_fragmented-e60962-never_act-c050-event_triggered,never_act,0.5,event_triggered,0.4679638753196488,commercial_supplier_01_1,0.9881895018775052,abstain,commercial_incident_01,0.011810498122494795,revise_commitment,2,0.5529009438896298
v6-pilot_sketch_cost-commercial-telemetry_integrity-private_fragmented-e60962-never_act-c050-event_triggered,never_act,0.5,event_triggered,0.5978271028829689,commercial_warehouse_02_2,0.9278347312857897,abstain,commercial_incident_02,0.07216526871421025,reroute_or_reconfigure,2,0.48136356627503224
v6-pilot_sketch_cost-commercial-telemetry_integrity-private_fragmented-e60962-never_act-c050-event_triggered,never_act,0.5,event_triggered,0.29911941207527576,commercial_retailer_03_2,0.9901352011151403,abstain,commercial_incident_03,0.009864798884859693,authorize_emergency_resource,2,0.6573013133252985
v6-pilot_sketch_cost-commercial-telemetry_integrity-private_fragmented-e60962-never_act-c050-event_triggered,never_act,0.5,event_triggered,0.5446237872266133,commercial_retailer_04_1,0.8941879032503254,abstain,commercial_incident_04,0.10581209674967462,authorize_emergency_resource,2,0.40044614038829185
v6-pilot_sketch_cost-commercial-telemetry_integrity-private_fragmented-e60962-never_act-c050-event_triggered,never_act,0.5,event_triggered,0.478458561694554,commercial_supplier_01_1,0.9115421193377582,abstain,commercial_incident_01,0.0884578806622418,authorize_emergency_resource,4,0.20790012218425222
v6-pilot_sketch_cost-commercial-telemetry_integrity-private_fragmented-e60962-never_act-c050-event_triggered,never_act,0.5,event_triggered,0.6299791519321973,commercial_warehouse_02_2,0.8410529859004022,abstain,commercial_incident_02,0.15894701409959777,reroute_or_reconfigure,4,0.5358680029974466
v6-pilot_sketch_cost-commercial-telemetry_integrity-private_fragmented-e60962-never_act-c050-event_triggered,never_act,0.5,event_triggered,0.29684433405422644,commercial_retailer_03_2,0.9973248058218942,abstain,commercial_incident_03,0.0026751941781057997,authorize_emergency_resource,4,0.5971283600825821
v6-pilot_sketch_cost-commercial-telemetry_integrity-private_fragmented-e60962-never_act-c050-event_triggered,never_act,0.5,event_triggered,0.544744561871231,commercial_retailer_04_1,0.9864956792995851,abstain,commercial_incident_04,0.013504320700414851,revise_commitment,4,0.5685542610899224
v6-pilot_sketch_cost-commercial-telemetry_integrity-private_fragmented-e60962-never_act-c050-event_triggered,never_act,0.5,event_triggered,0.4994831774532723,commercial_supplier_01_1,0.9689485858184362,abstain,commercial_incident_01,0.031051414181563763,deploy_repair_capacity,6,0.7057462461142011
v6-pilot_sketch_cost-commercial-telemetry_integrity-private_fragmented-e60962-never_act-c050-event_triggered,never_act,0.5,event_triggered,0.5730972457261978,commercial_warehouse_02_2,0.8931087463964823,abstain,commercial_incident_02,0.1068912536035177,revise_commitment,6,0.0731188675833982
v6-pilot_sketch_cost-commercial-telemetry_integrity-private_fragmented-e60962-never_act-c050-event_triggered,never_act,0.5,event_triggered,0.2707526277437201,commercial_supplier_03_3,0.9536483574015914,abstain,commercial_incident_03,0.04635164259840863,authorize_emergency_resource,6,0.569103435857872
v6-pilot_sketch_cost-commercial-telemetry_integrity-private_fragmented-e60962-never_act-c050-event_triggered,never_act,0.5,event_triggered,0.6192658018675689,commercial_retailer_04_1,0.9161625951269727,abstain,commercial_incident_04,0.08383740487302727,revise_commitment,6,0.0053795038251095995
v6-pilot_sketch_cost-commercial-telemetry_integrity-private_fragmented-e60962-never_act-c050-event_triggered,never_act,0.5,event_triggered,0.5194735533818827,commercial_supplier_01_1,0.8928883442233121,abstain,commercial_incident_01,0.10711165577668791,revise_commitment,8,0.6030165123596166
v6-pilot_sketch_cost-commercial-telemetry_integrity-private_fragmented-e60962-never_act-c050-event_triggered,never_act,0.5,event_triggered,0.6862320268134992,commercial_warehouse_02_2,0.8805193302573415,abstain,commercial_incident_02,0.11948066974265847,reroute_or_reconfigure,8,0.6870456956497719
v6-pilot_sketch_cost-commercial-telemetry_integrity-private_fragmented-e60962-never_act-c050-event_triggered,never_act,0.5,event_triggered,0.3346032758864411,commercial_retailer_03_2,0.9865578006207486,abstain,commercial_incident_03,0.013442199379251396,authorize_emergency_resource,8,0.7017445553621616
v6-pilot_sketch_cost-commercial-telemetry_integrity-private_fragmented-e60962-never_act-c050-event_triggered,never_act,0.5,event_triggered,0.6281838288337145,commercial_retailer_04_1,0.9579976588108025,abstain,commercial_incident_04,0.042002341189197545,authorize_emergency_resource,8,0.12072587944038632
v6-pilot_sketch_cost-commercial-telemetry_integrity-private_fragmented-e60962-never_act-c050-event_triggered,never_act,0.5,event_triggered,0.5138163690918846,commercial_supplier_01_1,0.9659326288825214,abstain,commercial_incident_01,0.034067371117478595,authorize_emergency_resource,10,0.32967710789411925
v6-pilot_sketch_cost-commercial-telemetry_integrity-private_fragmented-e60962-never_act-c050-event_triggered,never_act,0.5,event_triggered,0.6705454502302163,commercial_warehouse_02_2,0.9654661684745243,abstain,commercial_incident_02,0.03453383152547573,reroute_or_reconfigure,10,0.46281568398978323
v6-pilot_sketch_cost-commercial-telemetry_integrity-private_fragmented-e60962-never_act-c050-event_triggered,never_act,0.5,event_triggered,0.3286872845072032,commercial_retailer_03_2,0.9568950277792492,abstain,commercial_incident_03,0.043104972220750826,authorize_emergency_resource,10,0.5797145661933928
v6-pilot_sketch_cost-commercial-telemetry_integrity-private_fragmented-e60962-never_act-c050-event_triggered,never_act,0.5,event_triggered,0.6554069843821911,commercial_retailer_04_1,0.9720304653118583,abstain,commercial_incident_04,0.027969534688141673,revise_commitment,10,0.2512623743087101
v6-pilot_sketch_cost-commercial-telemetry_integrity-private_fragmented-e60962-never_act-c050-none,never_act,0.5,none,0.4679638753196488,commercial_supplier_01_1,1.0,abstain,commercial_incident_01,0.0,revise_commitment,2,0.5529009438896298
v6-pilot_sketch_cost-commercial-telemetry_integrity-private_fragmented-e60962-never_act-c050-none,never_act,0.5,none,0.5978271028829689,commercial_warehouse_02_2,1.0,abstain,commercial_incident_02,0.0,reroute_or_reconfigure,2,0.48136356627503224
v6-pilot_sketch_cost-commercial-telemetry_integrity-private_fragmented-e60962-never_act-c050-none,never_act,0.5,none,0.29911941207527576,commercial_retailer_03_2,1.0,abstain,commercial_incident_03,0.0,authorize_emergency_resource,2,0.6573013133252985
v6-pilot_sketch_cost-commercial-telemetry_integrity-private_fragmented-e60962-never_act-c050-none,never_act,0.5,none,0.5446237872266133,commercial_retailer_04_1,1.0,abstain,commercial_incident_04,0.0,authorize_emergency_resource,2,0.40044614038829185
v6-pilot_sketch_cost-commercial-telemetry_integrity-private_fragmented-e60962-never_act-c050-none,never_act,0.5,none,0.478458561694554,commercial_supplier_01_1,1.0,abstain,commercial_incident_01,0.0,authorize_emergency_resource,4,0.20790012218425222
v6-pilot_sketch_cost-commercial-telemetry_integrity-private_fragmented-e60962-never_act-c050-none,never_act,0.5,none,0.6299791519321973,commercial_warehouse_02_2,1.0,abstain,commercial_incident_02,0.0,reroute_or_reconfigure,4,0.5358680029974466
v6-pilot_sketch_cost-commercial-telemetry_integrity-private_fragmented-e60962-never_act-c050-none,never_act,0.5,none,0.29684433405422644,commercial_retailer_03_2,1.0,abstain,commercial_incident_03,0.0,authorize_emergency_resource,4,0.5971283600825821
v6-pilot_sketch_cost-commercial-telemetry_integrity-private_fragmented-e60962-never_act-c050-none,never_act,0.5,none,0.544744561871231,commercial_retailer_04_1,1.0,abstain,commercial_incident_04,0.0,revise_commitment,4,0.5685542610899224
v6-pilot_sketch_cost-commercial-telemetry_integrity-private_fragmented-e60962-never_act-c050-none,never_act,0.5,none,0.4994831774532723,commercial_supplier_01_1,1.0,abstain,commercial_incident_01,0.0,deploy_repair_capacity,6,0.7057462461142011
v6-pilot_sketch_cost-commercial-telemetry_integrity-private_fragmented-e60962-never_act-c050-none,never_act,0.5,none,0.5730972457261978,commercial_warehouse_02_2,1.0,abstain,commercial_incident_02,0.0,revise_commitment,6,0.0731188675833982
v6-pilot_sketch_cost-commercial-telemetry_integrity-private_fragmented-e60962-never_act-c050-none,never_act,0.5,none,0.2707526277437201,commercial_supplier_03_3,1.0,abstain,commercial_incident_03,0.0,authorize_emergency_resource,6,0.569103435857872
v6-pilot_sketch_cost-commercial-telemetry_integrity-private_fragmented-e60962-never_act-c050-none,never_act,0.5,none,0.6192658018675689,commercial_retailer_04_1,1.0,abstain,commercial_incident_04,0.0,revise_commitment,6,0.0053795038251095995
v6-pilot_sketch_cost-commercial-telemetry_integrity-private_fragmented-e60962-never_act-c050-none,never_act,0.5,none,0.5194735533818827,commercial_supplier_01_1,1.0,abstain,commercial_incident_01,0.0,revise_commitment,8,0.6030165123596166
v6-pilot_sketch_cost-commercial-telemetry_integrity-private_fragmented-e60962-never_act-c050-none,never_act,0.5,none,0.6862320268134992,commercial_warehouse_02_2,1.0,abstain,commercial_incident_02,0.0,reroute_or_reconfigure,8,0.6870456956497719
v6-pilot_sketch_cost-commercial-telemetry_integrity-private_fragmented-e60962-never_act-c050-none,never_act,0.5,none,0.3346032758864411,commercial_retailer_03_2,1.0,abstain,commercial_incident_03,0.0,authorize_emergency_resource,8,0.7017445553621616
v6-pilot_sketch_cost-commercial-telemetry_integrity-private_fragmented-e60962-never_act-c050-none,never_act,0.5,none,0.6281838288337145,commercial_retailer_04_1,1.0,abstain,commercial_incident_04,0.0,authorize_emergency_resource,8,0.12072587944038632
v6-pilot_sketch_cost-commercial-telemetry_integrity-private_fragmented-e60962-never_act-c050-none,never_act,0.5,none,0.5138163690918846,commercial_supplier_01_1,1.0,abstain,commercial_incident_01,0.0,authorize_emergency_resource,10,0.32967710789411925
v6-pilot_sketch_cost-commercial-telemetry_integrity-private_fragmented-e60962-never_act-c050-none,never_act,0.5,none,0.6705454502302163,commercial_warehouse_02_2,1.0,abstain,commercial_incident_02,0.0,reroute_or_reconfigure,10,0.46281568398978323
v6-pilot_sketch_cost-commercial-telemetry_integrity-private_fragmented-e60962-never_act-c050-none,never_act,0.5,none,0.3286872845072032,commercial_retailer_03_2,1.0,abstain,commercial_incident_03,0.0,authorize_emergency_resource,10,0.5797145661933928
v6-pilot_sketch_cost-commercial-telemetry_integrity-private_fragmented-e60962-never_act-c050-none,never_act,0.5,none,0.6554069843821911,commercial_retailer_04_1,1.0,abstain,commercial_incident_04,0.0,revise_commitment,10,0.2512623743087101
v6-pilot_sketch_cost-commercial-telemetry_integrity-private_fragmented-e60962-never_act-c050-periodic,never_act,0.5,periodic,0.4679638753196488,commercial_supplier_01_1,0.9852453535141797,abstain,commercial_incident_01,0.014754646485820255,revise_commitment,2,0.5529009438896298
v6-pilot_sketch_cost-commercial-telemetry_integrity-private_fragmented-e60962-never_act-c050-periodic,never_act,0.5,periodic,0.5978271028829689,commercial_warehouse_02_2,0.8103161829934356,abstain,commercial_incident_02,0.18968381700656445,reroute_or_reconfigure,2,0.48136356627503224
v6-pilot_sketch_cost-commercial-telemetry_integrity-private_fragmented-e60962-never_act-c050-periodic,never_act,0.5,periodic,0.29911941207527576,commercial_retailer_03_2,0.9818674556285454,abstain,commercial_incident_03,0.018132544371454618,authorize_emergency_resource,2,0.6573013133252985
v6-pilot_sketch_cost-commercial-telemetry_integrity-private_fragmented-e60962-never_act-c050-periodic,never_act,0.5,periodic,0.5446237872266133,commercial_retailer_04_1,0.9025999553554837,abstain,commercial_incident_04,0.09740004464451635,authorize_emergency_resource,2,0.40044614038829185
v6-pilot_sketch_cost-commercial-telemetry_integrity-private_fragmented-e60962-never_act-c050-periodic,never_act,0.5,periodic,0.478458561694554,commercial_supplier_01_1,0.9458560309474413,abstain,commercial_incident_01,0.054143969052558694,authorize_emergency_resource,4,0.20790012218425222
v6-pilot_sketch_cost-commercial-telemetry_integrity-private_fragmented-e60962-never_act-c050-periodic,never_act,0.5,periodic,0.6299791519321973,commercial_warehouse_02_2,0.9095910448927716,abstain,commercial_incident_02,0.09040895510722835,reroute_or_reconfigure,4,0.5358680029974466
v6-pilot_sketch_cost-commercial-telemetry_integrity-private_fragmented-e60962-never_act-c050-periodic,never_act,0.5,periodic,0.29684433405422644,commercial_retailer_03_2,0.9970503627613047,abstain,commercial_incident_03,0.0029496372386953462,authorize_emergency_resource,4,0.5971283600825821
v6-pilot_sketch_cost-commercial-telemetry_integrity-private_fragmented-e60962-never_act-c050-periodic,never_act,0.5,periodic,0.544744561871231,commercial_retailer_04_1,0.8888799172437553,abstain,commercial_incident_04,0.11112008275624474,revise_commitment,4,0.5685542610899224
v6-pilot_sketch_cost-commercial-telemetry_integrity-private_fragmented-e60962-never_act-c050-periodic,never_act,0.5,periodic,0.4994831774532723,commercial_supplier_01_1,0.9689485858184362,abstain,commercial_incident_01,0.031051414181563763,deploy_repair_capacity,6,0.7057462461142011
v6-pilot_sketch_cost-commercial-telemetry_integrity-private_fragmented-e60962-never_act-c050-periodic,never_act,0.5,periodic,0.5730972457261978,commercial_warehouse_02_2,0.8931087463964823,abstain,commercial_incident_02,0.1068912536035177,revise_commitment,6,0.0731188675833982
v6-pilot_sketch_cost-commercial-telemetry_integrity-private_fragmented-e60962-never_act-c050-periodic,never_act,0.5,periodic,0.2707526277437201,commercial_supplier_03_3,0.9536483574015914,abstain,commercial_incident_03,0.04635164259840863,authorize_emergency_resource,6,0.569103435857872
v6-pilot_sketch_cost-commercial-telemetry_integrity-private_fragmented-e60962-never_act-c050-periodic,never_act,0.5,periodic,0.6192658018675689,commercial_retailer_04_1,0.930973390190243,abstain,commercial_incident_04,0.06902660980975694,revise_commitment,6,0.0053795038251095995
v6-pilot_sketch_cost-commercial-telemetry_integrity-private_fragmented-e60962-never_act-c050-periodic,never_act,0.5,periodic,0.5194735533818827,commercial_supplier_01_1,0.979368084091017,abstain,commercial_incident_01,0.020631915908982945,revise_commitment,8,0.6030165123596166
v6-pilot_sketch_cost-commercial-telemetry_integrity-private_fragmented-e60962-never_act-c050-periodic,never_act,0.5,periodic,0.6862320268134992,commercial_warehouse_02_2,0.8508298009761106,abstain,commercial_incident_02,0.1491701990238894,reroute_or_reconfigure,8,0.6870456956497719
v6-pilot_sketch_cost-commercial-telemetry_integrity-private_fragmented-e60962-never_act-c050-periodic,never_act,0.5,periodic,0.3346032758864411,commercial_retailer_03_2,0.9664686799533665,abstain,commercial_incident_03,0.033531320046633506,authorize_emergency_resource,8,0.7017445553621616
v6-pilot_sketch_cost-commercial-telemetry_integrity-private_fragmented-e60962-never_act-c050-periodic,never_act,0.5,periodic,0.6281838288337145,commercial_retailer_04_1,0.9377083451333869,abstain,commercial_incident_04,0.062291654866613144,authorize_emergency_resource,8,0.12072587944038632
v6-pilot_sketch_cost-commercial-telemetry_integrity-private_fragmented-e60962-never_act-c050-periodic,never_act,0.5,periodic,0.5138163690918846,commercial_supplier_01_1,0.9688085953114756,abstain,commercial_incident_01,0.031191404688524438,authorize_emergency_resource,10,0.32967710789411925
v6-pilot_sketch_cost-commercial-telemetry_integrity-private_fragmented-e60962-never_act-c050-periodic,never_act,0.5,periodic,0.6705454502302163,commercial_warehouse_02_2,0.9271201690157381,abstain,commercial_incident_02,0.07287983098426187,reroute_or_reconfigure,10,0.46281568398978323
v6-pilot_sketch_cost-commercial-telemetry_integrity-private_fragmented-e60962-never_act-c050-periodic,never_act,0.5,periodic,0.3286872845072032,commercial_retailer_03_2,0.9524228310043545,abstain,commercial_incident_03,0.04757716899564546,authorize_emergency_resource,10,0.5797145661933928
v6-pilot_sketch_cost-commercial-telemetry_integrity-private_fragmented-e60962-never_act-c050-periodic,never_act,0.5,periodic,0.6554069843821911,commercial_retailer_04_1,0.8948749032793737,abstain,commercial_incident_04,0.10512509672062631,revise_commitment,10,0.2512623743087101
v6-pilot_sketch_cost-commercial-telemetry_integrity-private_fragmented-e60963-never_act-c050-always_on,never_act,0.5,always_on,0.5863375765241812,commercial_carrier_01_2,0.9686438487662797,abstain,commercial_incident_01,0.031356151233720264,deploy_repair_capacity,2,0.2640645497507935
v6-pilot_sketch_cost-commercial-telemetry_integrity-private_fragmented-e60963-never_act-c050-always_on,never_act,0.5,always_on,0.5594158337140694,commercial_retailer_02_3,0.845901259609789,abstain,commercial_incident_02,0.154098740390211,authorize_emergency_resource,2,0.22450341404614918
v6-pilot_sketch_cost-commercial-telemetry_integrity-private_fragmented-e60963-never_act-c050-always_on,never_act,0.5,always_on,0.4600877348358894,commercial_supplier_03_3,0.8981052366766887,abstain,commercial_incident_03,0.10189476332331127,deploy_repair_capacity,2,0.3426394525077995
v6-pilot_sketch_cost-commercial-telemetry_integrity-private_fragmented-e60963-never_act-c050-always_on,never_act,0.5,always_on,0.688538020972336,commercial_supplier_04_2,0.7880823566389918,abstain,commercial_incident_04,0.21191764336100816,deploy_repair_capacity,2,0.5900517274405497
v6-pilot_sketch_cost-commercial-telemetry_integrity-private_fragmented-e60963-never_act-c050-always_on,never_act,0.5,always_on,0.6068277325539312,commercial_carrier_01_2,0.9476848042635693,abstain,commercial_incident_01,0.05231519573643073,deploy_repair_capacity,4,0.09002948875386729
v6-pilot_sketch_cost-commercial-telemetry_integrity-private_fragmented-e60963-never_act-c050-always_on,never_act,0.5,always_on,0.6662936236808534,commercial_retailer_02_3,0.8901313781976025,abstain,commercial_incident_02,0.10986862180239754,authorize_emergency_resource,4,0.4117160764981558
v6-pilot_sketch_cost-commercial-telemetry_integrity-private_fragmented-e60963-never_act-c050-always_on,never_act,0.5,always_on,0.47719555108737444,commercial_supplier_03_3,0.8604268575596908,abstain,commercial_incident_03,0.13957314244030916,deploy_repair_capacity,4,0.04612516347719048
v6-pilot_sketch_cost-commercial-telemetry_integrity-private_fragmented-e60963-never_act-c050-always_on,never_act,0.5,always_on,0.6929000372507037,commercial_supplier_04_2,0.8623104875741766,abstain,commercial_incident_04,0.1376895124258234,deploy_repair_capacity,4,0.44786662378458236
v6-pilot_sketch_cost-commercial-telemetry_integrity-private_fragmented-e60963-never_act-c050-always_on,never_act,0.5,always_on,0.6917234833148109,commercial_carrier_01_2,0.9105959138895791,abstain,commercial_incident_01,0.08940408611042094,deploy_repair_capacity,6,0.5869858126954549
v6-pilot_sketch_cost-commercial-telemetry_integrity-private_fragmented-e60963-never_act-c050-always_on,never_act,0.5,always_on,0.6033096156355089,commercial_retailer_02_3,0.9670982734908257,abstain,commercial_incident_02,0.032901726509174334,authorize_emergency_resource,6,0.17368634663978366
v6-pilot_sketch_cost-commercial-telemetry_integrity-private_fragmented-e60963-never_act-c050-always_on,never_act,0.5,always_on,0.5442074898465687,commercial_supplier_03_3,0.9182740810162493,abstain,commercial_incident_03,0.0817259189837507,authorize_emergency_resource,6,0.24383161520386296
v6-pilot_sketch_cost-commercial-telemetry_integrity-private_fragmented-e60963-never_act-c050-always_on,never_act,0.5,always_on,0.6403141873678893,commercial_supplier_04_2,0.899142295189128,abstain,commercial_incident_04,0.10085770481087197,revise_commitment,6,0.20728851387275865
v6-pilot_sketch_cost-commercial-telemetry_integrity-private_fragmented-e60963-never_act-c050-always_on,never_act,0.5,always_on,0.6523850488696326,commercial_carrier_01_2,0.9006718463536548,abstain,commercial_incident_01,0.09932815364634517,deploy_repair_capacity,8,0.32794799965227356
v6-pilot_sketch_cost-commercial-telemetry_integrity-private_fragmented-e60963-never_act-c050-always_on,never_act,0.5,always_on,0.6166431961870055,commercial_retailer_02_3,0.9314824538398638,abstain,commercial_incident_02,0.06851754616013617,authorize_emergency_resource,8,0.1369242399150664
v6-pilot_sketch_cost-commercial-telemetry_integrity-private_fragmented-e60963-never_act-c050-always_on,never_act,0.5,always_on,0.4961334608810058,commercial_supplier_03_3,0.9769780824324019,abstain,commercial_incident_03,0.023021917567598082,authorize_emergency_resource,8,0.5736518631322427
v6-pilot_sketch_cost-commercial-telemetry_integrity-private_fragmented-e60963-never_act-c050-always_on,never_act,0.5,always_on,0.6177491725415749,commercial_supplier_04_2,0.880883287333985,abstain,commercial_incident_04,0.11911671266601498,revise_commitment,8,0.43024663934562846
v6-pilot_sketch_cost-commercial-telemetry_integrity-private_fragmented-e60963-never_act-c050-always_on,never_act,0.5,always_on,0.6677124973629517,commercial_carrier_01_2,0.869121535502777,abstain,commercial_incident_01,0.13087846449722296,deploy_repair_capacity,10,0.25411679912427476
v6-pilot_sketch_cost-commercial-telemetry_integrity-private_fragmented-e60963-never_act-c050-always_on,never_act,0.5,always_on,0.7358747787663327,commercial_retailer_02_3,0.9728092126859345,abstain,commercial_incident_02,0.027190787314065545,authorize_emergency_resource,10,0.5862174722777767
v6-pilot_sketch_cost-commercial-telemetry_integrity-private_fragmented-e60963-never_act-c050-always_on,never_act,0.5,always_on,0.6156943049664605,commercial_supplier_03_3,0.9018113546030591,abstain,commercial_incident_03,0.09818864539694094,authorize_emergency_resource,10,0.33081846705710194
v6-pilot_sketch_cost-commercial-telemetry_integrity-private_fragmented-e60963-never_act-c050-always_on,never_act,0.5,always_on,0.7309790124753692,commercial_supplier_04_2,0.9132587578273911,abstain,commercial_incident_04,0.08674124217260892,revise_commitment,10,0.2798740880185532
v6-pilot_sketch_cost-commercial-telemetry_integrity-private_fragmented-e60963-never_act-c050-event_triggered,never_act,0.5,event_triggered,0.5863375765241812,commercial_carrier_01_2,0.9686438487662797,abstain,commercial_incident_01,0.031356151233720264,deploy_repair_capacity,2,0.2640645497507935
v6-pilot_sketch_cost-commercial-telemetry_integrity-private_fragmented-e60963-never_act-c050-event_triggered,never_act,0.5,event_triggered,0.5594158337140694,commercial_retailer_02_3,0.845901259609789,abstain,commercial_incident_02,0.154098740390211,authorize_emergency_resource,2,0.22450341404614918
v6-pilot_sketch_cost-commercial-telemetry_integrity-private_fragmented-e60963-never_act-c050-event_triggered,never_act,0.5,event_triggered,0.4600877348358894,commercial_supplier_03_3,0.8981052366766887,abstain,commercial_incident_03,0.10189476332331127,deploy_repair_capacity,2,0.3426394525077995
v6-pilot_sketch_cost-commercial-telemetry_integrity-private_fragmented-e60963-never_act-c050-event_triggered,never_act,0.5,event_triggered,0.688538020972336,commercial_supplier_04_2,0.7880823566389918,abstain,commercial_incident_04,0.21191764336100816,deploy_repair_capacity,2,0.5900517274405497
v6-pilot_sketch_cost-commercial-telemetry_integrity-private_fragmented-e60963-never_act-c050-event_triggered,never_act,0.5,event_triggered,0.6068277325539312,commercial_carrier_01_2,0.9476848042635693,abstain,commercial_incident_01,0.05231519573643073,deploy_repair_capacity,4,0.09002948875386729
v6-pilot_sketch_cost-commercial-telemetry_integrity-private_fragmented-e60963-never_act-c050-event_triggered,never_act,0.5,event_triggered,0.6662936236808534,commercial_retailer_02_3,0.8901313781976025,abstain,commercial_incident_02,0.10986862180239754,authorize_emergency_resource,4,0.4117160764981558
v6-pilot_sketch_cost-commercial-telemetry_integrity-private_fragmented-e60963-never_act-c050-event_triggered,never_act,0.5,event_triggered,0.47719555108737444,commercial_supplier_03_3,0.8604268575596908,abstain,commercial_incident_03,0.13957314244030916,deploy_repair_capacity,4,0.04612516347719048
v6-pilot_sketch_cost-commercial-telemetry_integrity-private_fragmented-e60963-never_act-c050-event_triggered,never_act,0.5,event_triggered,0.6929000372507037,commercial_supplier_04_2,0.8623104875741766,abstain,commercial_incident_04,0.1376895124258234,deploy_repair_capacity,4,0.44786662378458236
v6-pilot_sketch_cost-commercial-telemetry_integrity-private_fragmented-e60963-never_act-c050-event_triggered,never_act,0.5,event_triggered,0.6917234833148109,commercial_carrier_01_2,0.9105959138895791,abstain,commercial_incident_01,0.08940408611042094,deploy_repair_capacity,6,0.5869858126954549
v6-pilot_sketch_cost-commercial-telemetry_integrity-private_fragmented-e60963-never_act-c050-event_triggered,never_act,0.5,event_triggered,0.6033096156355089,commercial_retailer_02_3,0.9670982734908257,abstain,commercial_incident_02,0.032901726509174334,authorize_emergency_resource,6,0.17368634663978366
v6-pilot_sketch_cost-commercial-telemetry_integrity-private_fragmented-e60963-never_act-c050-event_triggered,never_act,0.5,event_triggered,0.5442074898465687,commercial_supplier_03_3,0.9182740810162493,abstain,commercial_incident_03,0.0817259189837507,authorize_emergency_resource,6,0.24383161520386296
v6-pilot_sketch_cost-commercial-telemetry_integrity-private_fragmented-e60963-never_act-c050-event_triggered,never_act,0.5,event_triggered,0.6403141873678893,commercial_supplier_04_2,0.899142295189128,abstain,commercial_incident_04,0.10085770481087197,revise_commitment,6,0.20728851387275865
v6-pilot_sketch_cost-commercial-telemetry_integrity-private_fragmented-e60963-never_act-c050-event_triggered,never_act,0.5,event_triggered,0.6523850488696326,commercial_carrier_01_2,0.9006718463536548,abstain,commercial_incident_01,0.09932815364634517,deploy_repair_capacity,8,0.32794799965227356
v6-pilot_sketch_cost-commercial-telemetry_integrity-private_fragmented-e60963-never_act-c050-event_triggered,never_act,0.5,event_triggered,0.6166431961870055,commercial_retailer_02_3,0.9314824538398638,abstain,commercial_incident_02,0.06851754616013617,authorize_emergency_resource,8,0.1369242399150664
v6-pilot_sketch_cost-commercial-telemetry_integrity-private_fragmented-e60963-never_act-c050-event_triggered,never_act,0.5,event_triggered,0.4961334608810058,commercial_supplier_03_3,0.9769780824324019,abstain,commercial_incident_03,0.023021917567598082,authorize_emergency_resource,8,0.5736518631322427
v6-pilot_sketch_cost-commercial-telemetry_integrity-private_fragmented-e60963-never_act-c050-event_triggered,never_act,0.5,event_triggered,0.6177491725415749,commercial_supplier_04_2,0.880883287333985,abstain,commercial_incident_04,0.11911671266601498,revise_commitment,8,0.43024663934562846
v6-pilot_sketch_cost-commercial-telemetry_integrity-private_fragmented-e60963-never_act-c050-event_triggered,never_act,0.5,event_triggered,0.6677124973629517,commercial_carrier_01_2,0.869121535502777,abstain,commercial_incident_01,0.13087846449722296,deploy_repair_capacity,10,0.25411679912427476
v6-pilot_sketch_cost-commercial-telemetry_integrity-private_fragmented-e60963-never_act-c050-event_triggered,never_act,0.5,event_triggered,0.7358747787663327,commercial_retailer_02_3,0.9728092126859345,abstain,commercial_incident_02,0.027190787314065545,authorize_emergency_resource,10,0.5862174722777767
v6-pilot_sketch_cost-commercial-telemetry_integrity-private_fragmented-e60963-never_act-c050-event_triggered,never_act,0.5,event_triggered,0.6156943049664605,commercial_supplier_03_3,0.9018113546030591,abstain,commercial_incident_03,0.09818864539694094,authorize_emergency_resource,10,0.33081846705710194
v6-pilot_sketch_cost-commercial-telemetry_integrity-private_fragmented-e60963-never_act-c050-event_triggered,never_act,0.5,event_triggered,0.7309790124753692,commercial_supplier_04_2,0.9132587578273911,abstain,commercial_incident_04,0.08674124217260892,revise_commitment,10,0.2798740880185532
v6-pilot_sketch_cost-commercial-telemetry_integrity-private_fragmented-e60963-never_act-c050-none,never_act,0.5,none,0.5863375765241812,commercial_carrier_01_2,1.0,abstain,commercial_incident_01,0.0,deploy_repair_capacity,2,0.2640645497507935
v6-pilot_sketch_cost-commercial-telemetry_integrity-private_fragmented-e60963-never_act-c050-none,never_act,0.5,none,0.5594158337140694,commercial_retailer_02_3,1.0,abstain,commercial_incident_02,0.0,authorize_emergency_resource,2,0.22450341404614918
v6-pilot_sketch_cost-commercial-telemetry_integrity-private_fragmented-e60963-never_act-c050-none,never_act,0.5,none,0.4600877348358894,commercial_supplier_03_3,1.0,abstain,commercial_incident_03,0.0,deploy_repair_capacity,2,0.3426394525077995
v6-pilot_sketch_cost-commercial-telemetry_integrity-private_fragmented-e60963-never_act-c050-none,never_act,0.5,none,0.688538020972336,commercial_supplier_04_2,1.0,abstain,commercial_incident_04,0.0,deploy_repair_capacity,2,0.5900517274405497
v6-pilot_sketch_cost-commercial-telemetry_integrity-private_fragmented-e60963-never_act-c050-none,never_act,0.5,none,0.6068277325539312,commercial_carrier_01_2,1.0,abstain,commercial_incident_01,0.0,deploy_repair_capacity,4,0.09002948875386729
v6-pilot_sketch_cost-commercial-telemetry_integrity-private_fragmented-e60963-never_act-c050-none,never_act,0.5,none,0.6662936236808534,commercial_retailer_02_3,1.0,abstain,commercial_incident_02,0.0,authorize_emergency_resource,4,0.4117160764981558
v6-pilot_sketch_cost-commercial-telemetry_integrity-private_fragmented-e60963-never_act-c050-none,never_act,0.5,none,0.47719555108737444,commercial_supplier_03_3,1.0,abstain,commercial_incident_03,0.0,deploy_repair_capacity,4,0.04612516347719048
v6-pilot_sketch_cost-commercial-telemetry_integrity-private_fragmented-e60963-never_act-c050-none,never_act,0.5,none,0.6929000372507037,commercial_supplier_04_2,1.0,abstain,commercial_incident_04,0.0,deploy_repair_capacity,4,0.44786662378458236
v6-pilot_sketch_cost-commercial-telemetry_integrity-private_fragmented-e60963-never_act-c050-none,never_act,0.5,none,0.6917234833148109,commercial_carrier_01_2,1.0,abstain,commercial_incident_01,0.0,deploy_repair_capacity,6,0.5869858126954549
v6-pilot_sketch_cost-commercial-telemetry_integrity-private_fragmented-e60963-never_act-c050-none,never_act,0.5,none,0.6033096156355089,commercial_retailer_02_3,1.0,abstain,commercial_incident_02,0.0,authorize_emergency_resource,6,0.17368634663978366
v6-pilot_sketch_cost-commercial-telemetry_integrity-private_fragmented-e60963-never_act-c050-none,never_act,0.5,none,0.5442074898465687,commercial_supplier_03_3,1.0,abstain,commercial_incident_03,0.0,authorize_emergency_resource,6,0.24383161520386296
v6-pilot_sketch_cost-commercial-telemetry_integrity-private_fragmented-e60963-never_act-c050-none,never_act,0.5,none,0.6403141873678893,commercial_supplier_04_2,1.0,abstain,commercial_incident_04,0.0,revise_commitment,6,0.20728851387275865
v6-pilot_sketch_cost-commercial-telemetry_integrity-private_fragmented-e60963-never_act-c050-none,never_act,0.5,none,0.6523850488696326,commercial_carrier_01_2,1.0,abstain,commercial_incident_01,0.0,deploy_repair_capacity,8,0.32794799965227356
v6-pilot_sketch_cost-commercial-telemetry_integrity-private_fragmented-e60963-never_act-c050-none,never_act,0.5,none,0.6166431961870055,commercial_retailer_02_3,1.0,abstain,commercial_incident_02,0.0,authorize_emergency_resource,8,0.1369242399150664
v6-pilot_sketch_cost-commercial-telemetry_integrity-private_fragmented-e60963-never_act-c050-none,never_act,0.5,none,0.4961334608810058,commercial_supplier_03_3,1.0,abstain,commercial_incident_03,0.0,authorize_emergency_resource,8,0.5736518631322427
v6-pilot_sketch_cost-commercial-telemetry_integrity-private_fragmented-e60963-never_act-c050-none,never_act,0.5,none,0.6177491725415749,commercial_supplier_04_2,1.0,abstain,commercial_incident_04,0.0,revise_commitment,8,0.43024663934562846
v6-pilot_sketch_cost-commercial-telemetry_integrity-private_fragmented-e60963-never_act-c050-none,never_act,0.5,none,0.6677124973629517,commercial_carrier_01_2,1.0,abstain,commercial_incident_01,0.0,deploy_repair_capacity,10,0.25411679912427476
v6-pilot_sketch_cost-commercial-telemetry_integrity-private_fragmented-e60963-never_act-c050-none,never_act,0.5,none,0.7358747787663327,commercial_retailer_02_3,1.0,abstain,commercial_incident_02,0.0,authorize_emergency_resource,10,0.5862174722777767
v6-pilot_sketch_cost-commercial-telemetry_integrity-private_fragmented-e60963-never_act-c050-none,never_act,0.5,none,0.6156943049664605,commercial_supplier_03_3,1.0,abstain,commercial_incident_03,0.0,authorize_emergency_resource,10,0.33081846705710194
v6-pilot_sketch_cost-commercial-telemetry_integrity-private_fragmented-e60963-never_act-c050-none,never_act,0.5,none,0.7309790124753692,commercial_supplier_04_2,1.0,abstain,commercial_incident_04,0.0,revise_commitment,10,0.2798740880185532
v6-pilot_sketch_cost-commercial-telemetry_integrity-private_fragmented-e60963-never_act-c050-periodic,never_act,0.5,periodic,0.5863375765241812,commercial_carrier_01_2,0.9572001809473619,abstain,commercial_incident_01,0.04279981905263808,deploy_repair_capacity,2,0.2640645497507935
v6-pilot_sketch_cost-commercial-telemetry_integrity-private_fragmented-e60963-never_act-c050-periodic,never_act,0.5,periodic,0.5594158337140694,commercial_retailer_02_3,0.8041709636783873,abstain,commercial_incident_02,0.19582903632161275,authorize_emergency_resource,2,0.22450341404614918
v6-pilot_sketch_cost-commercial-telemetry_integrity-private_fragmented-e60963-never_act-c050-periodic,never_act,0.5,periodic,0.4600877348358894,commercial_supplier_03_3,0.8709399738051479,abstain,commercial_incident_03,0.12906002619485213,deploy_repair_capacity,2,0.3426394525077995
v6-pilot_sketch_cost-commercial-telemetry_integrity-private_fragmented-e60963-never_act-c050-periodic,never_act,0.5,periodic,0.688538020972336,commercial_supplier_04_2,0.8681746571166259,abstain,commercial_incident_04,0.1318253428833741,deploy_repair_capacity,2,0.5900517274405497
v6-pilot_sketch_cost-commercial-telemetry_integrity-private_fragmented-e60963-never_act-c050-periodic,never_act,0.5,periodic,0.6068277325539312,commercial_carrier_01_2,0.9825907373212946,abstain,commercial_incident_01,0.01740926267870535,deploy_repair_capacity,4,0.09002948875386729
v6-pilot_sketch_cost-commercial-telemetry_integrity-private_fragmented-e60963-never_act-c050-periodic,never_act,0.5,periodic,0.6662936236808534,commercial_retailer_02_3,0.892994194499239,abstain,commercial_incident_02,0.107005805500761,authorize_emergency_resource,4,0.4117160764981558
v6-pilot_sketch_cost-commercial-telemetry_integrity-private_fragmented-e60963-never_act-c050-periodic,never_act,0.5,periodic,0.47719555108737444,commercial_supplier_03_3,0.925178551283711,abstain,commercial_incident_03,0.07482144871628904,deploy_repair_capacity,4,0.04612516347719048
v6-pilot_sketch_cost-commercial-telemetry_integrity-private_fragmented-e60963-never_act-c050-periodic,never_act,0.5,periodic,0.6929000372507037,commercial_supplier_04_2,0.8837221345645702,abstain,commercial_incident_04,0.11627786543542984,deploy_repair_capacity,4,0.44786662378458236
v6-pilot_sketch_cost-commercial-telemetry_integrity-private_fragmented-e60963-never_act-c050-periodic,never_act,0.5,periodic,0.6917234833148109,commercial_carrier_01_2,0.9105959138895791,abstain,commercial_incident_01,0.08940408611042094,deploy_repair_capacity,6,0.5869858126954549
v6-pilot_sketch_cost-commercial-telemetry_integrity-private_fragmented-e60963-never_act-c050-periodic,never_act,0.5,periodic,0.6033096156355089,commercial_retailer_02_3,0.9670982734908257,abstain,commercial_incident_02,0.032901726509174334,authorize_emergency_resource,6,0.17368634663978366
v6-pilot_sketch_cost-commercial-telemetry_integrity-private_fragmented-e60963-never_act-c050-periodic,never_act,0.5,periodic,0.5442074898465687,commercial_supplier_03_3,0.9182740810162493,abstain,commercial_incident_03,0.0817259189837507,authorize_emergency_resource,6,0.24383161520386296
v6-pilot_sketch_cost-commercial-telemetry_integrity-private_fragmented-e60963-never_act-c050-periodic,never_act,0.5,periodic,0.6403141873678893,commercial_supplier_04_2,0.899142295189128,abstain,commercial_incident_04,0.10085770481087197,revise_commitment,6,0.20728851387275865
v6-pilot_sketch_cost-commercial-telemetry_integrity-private_fragmented-e60963-never_act-c050-periodic,never_act,0.5,periodic,0.6523850488696326,commercial_carrier_01_2,0.9210736310954104,abstain,commercial_incident_01,0.0789263689045896,deploy_repair_capacity,8,0.32794799965227356
v6-pilot_sketch_cost-commercial-telemetry_integrity-private_fragmented-e60963-never_act-c050-periodic,never_act,0.5,periodic,0.6166431961870055,commercial_retailer_02_3,0.973487144349756,abstain,commercial_incident_02,0.02651285565024397,authorize_emergency_resource,8,0.1369242399150664
v6-pilot_sketch_cost-commercial-telemetry_integrity-private_fragmented-e60963-never_act-c050-periodic,never_act,0.5,periodic,0.4961334608810058,commercial_supplier_03_3,0.9329929388692212,abstain,commercial_incident_03,0.06700706113077881,authorize_emergency_resource,8,0.5736518631322427
v6-pilot_sketch_cost-commercial-telemetry_integrity-private_fragmented-e60963-never_act-c050-periodic,never_act,0.5,periodic,0.6177491725415749,commercial_supplier_04_2,0.8643025424216834,abstain,commercial_incident_04,0.13569745757831664,revise_commitment,8,0.43024663934562846
v6-pilot_sketch_cost-commercial-telemetry_integrity-private_fragmented-e60963-never_act-c050-periodic,never_act,0.5,periodic,0.6677124973629517,commercial_carrier_01_2,0.8540382908613926,abstain,commercial_incident_01,0.1459617091386074,deploy_repair_capacity,10,0.25411679912427476
v6-pilot_sketch_cost-commercial-telemetry_integrity-private_fragmented-e60963-never_act-c050-periodic,never_act,0.5,periodic,0.7358747787663327,commercial_retailer_02_3,0.8893508793596923,abstain,commercial_incident_02,0.11064912064030774,authorize_emergency_resource,10,0.5862174722777767
v6-pilot_sketch_cost-commercial-telemetry_integrity-private_fragmented-e60963-never_act-c050-periodic,never_act,0.5,periodic,0.6156943049664605,commercial_supplier_03_3,0.8995004597075358,abstain,commercial_incident_03,0.10049954029246422,authorize_emergency_resource,10,0.33081846705710194
v6-pilot_sketch_cost-commercial-telemetry_integrity-private_fragmented-e60963-never_act-c050-periodic,never_act,0.5,periodic,0.7309790124753692,commercial_supplier_04_2,0.8992806123602322,abstain,commercial_incident_04,0.10071938763976784,revise_commitment,10,0.2798740880185532
v6-pilot_sketch_cost-humanitarian-compound-private_fragmented-e60961-never_act-c050-always_on,never_act,0.5,always_on,0.7990593060490502,humanitarian_regional_hub_01_2,0.8653095551972727,abstain,humanitarian_incident_01,0.1346904448027273,authorize_emergency_resource,2,0.37710168279404954
v6-pilot_sketch_cost-humanitarian-compound-private_fragmented-e60961-never_act-c050-always_on,never_act,0.5,always_on,0.2734355746518957,humanitarian_regional_hub_02_1,0.9113641087537365,abstain,humanitarian_incident_02,0.08863589124626348,reroute_or_reconfigure,2,0.1811333052569734
v6-pilot_sketch_cost-humanitarian-compound-private_fragmented-e60961-never_act-c050-always_on,never_act,0.5,always_on,0.7070833876777978,humanitarian_regional_hub_03_3,0.8602570537239432,abstain,humanitarian_incident_03,0.13974294627605677,deploy_repair_capacity,2,0.38619291821899887
v6-pilot_sketch_cost-humanitarian-compound-private_fragmented-e60961-never_act-c050-always_on,never_act,0.5,always_on,0.8307552091736687,humanitarian_ngo_04_1,0.9759914155241153,abstain,humanitarian_incident_04,0.02400858447588472,authorize_emergency_resource,2,0.5702534130017582
v6-pilot_sketch_cost-humanitarian-compound-private_fragmented-e60961-never_act-c050-always_on,never_act,0.5,always_on,0.7084996315189436,humanitarian_ngo_01_1,0.9143057078451844,abstain,humanitarian_incident_01,0.08569429215481561,reroute_or_reconfigure,4,0.0630967449461553
v6-pilot_sketch_cost-humanitarian-compound-private_fragmented-e60961-never_act-c050-always_on,never_act,0.5,always_on,0.6460099096148559,humanitarian_ngo_02_3,0.8828406264910091,abstain,humanitarian_incident_02,0.11715937350899086,reroute_or_reconfigure,4,0.2283475131978836
v6-pilot_sketch_cost-humanitarian-compound-private_fragmented-e60961-never_act-c050-always_on,never_act,0.5,always_on,0.6720919079296774,humanitarian_regional_hub_03_3,0.9439522095365268,abstain,humanitarian_incident_03,0.05604779046347319,deploy_repair_capacity,4,0.37697823382754936
v6-pilot_sketch_cost-humanitarian-compound-private_fragmented-e60961-never_act-c050-always_on,never_act,0.5,always_on,1.0208152719534977,humanitarian_clinic_04_3,0.9780294217281457,abstain,humanitarian_incident_04,0.021970578271854335,authorize_emergency_resource,4,0.26839205151596734
v6-pilot_sketch_cost-humanitarian-compound-private_fragmented-e60961-never_act-c050-always_on,never_act,0.5,always_on,0.8633015049521542,humanitarian_regional_hub_01_2,0.9784205823254912,abstain,humanitarian_incident_01,0.021579417674508772,authorize_emergency_resource,6,0.4131242686104233
v6-pilot_sketch_cost-humanitarian-compound-private_fragmented-e60961-never_act-c050-always_on,never_act,0.5,always_on,0.6946196591357403,humanitarian_ngo_02_3,0.8202381355815126,abstain,humanitarian_incident_02,0.1797618644184874,revise_commitment,6,0.2587326486612821
v6-pilot_sketch_cost-humanitarian-compound-private_fragmented-e60961-never_act-c050-always_on,never_act,0.5,always_on,0.7358060345850616,humanitarian_clinic_03_1,0.9059472399823743,abstain,humanitarian_incident_03,0.09405276001762575,authorize_emergency_resource,6,0.410741110964988
v6-pilot_sketch_cost-humanitarian-compound-private_fragmented-e60961-never_act-c050-always_on,never_act,0.5,always_on,0.8261253074311625,humanitarian_ngo_04_1,0.9614801457282053,abstain,humanitarian_incident_04,0.03851985427179472,authorize_emergency_resource,6,0.23679971433852962
v6-pilot_sketch_cost-humanitarian-compound-private_fragmented-e60961-never_act-c050-always_on,never_act,0.5,always_on,0.8764030602889905,humanitarian_regional_hub_01_2,0.9863538783201894,abstain,humanitarian_incident_01,0.013646121679810608,deploy_repair_capacity,8,0.36087046110229415
v6-pilot_sketch_cost-humanitarian-compound-private_fragmented-e60961-never_act-c050-always_on,never_act,0.5,always_on,0.7377799812689929,humanitarian_ngo_02_3,0.8356443296944654,abstain,humanitarian_incident_02,0.16435567030553455,reroute_or_reconfigure,8,0.5087238960158355
v6-pilot_sketch_cost-humanitarian-compound-private_fragmented-e60961-never_act-c050-always_on,never_act,0.5,always_on,0.7862985205435342,humanitarian_clinic_03_1,0.9105242011291633,abstain,humanitarian_incident_03,0.08947579887083668,revise_commitment,8,0.2730089996389331
v6-pilot_sketch_cost-humanitarian-compound-private_fragmented-e60961-never_act-c050-always_on,never_act,0.5,always_on,1.1222270940674426,humanitarian_clinic_04_3,0.9004767777605402,abstain,humanitarian_incident_04,0.09952322223945975,authorize_emergency_resource,8,0.31575388977182
v6-pilot_sketch_cost-humanitarian-compound-private_fragmented-e60961-never_act-c050-always_on,never_act,0.5,always_on,0.8645846848313838,humanitarian_regional_hub_01_2,0.9307021137930919,abstain,humanitarian_incident_01,0.06929788620690813,deploy_repair_capacity,10,0.06227257249010398
v6-pilot_sketch_cost-humanitarian-compound-private_fragmented-e60961-never_act-c050-always_on,never_act,0.5,always_on,0.780335319111023,humanitarian_ngo_02_3,0.7903663042808661,abstain,humanitarian_incident_02,0.20963369571913393,reroute_or_reconfigure,10,0.6086172213846401
v6-pilot_sketch_cost-humanitarian-compound-private_fragmented-e60961-never_act-c050-always_on,never_act,0.5,always_on,0.8039605444797111,humanitarian_clinic_03_1,0.9048447817275571,abstain,humanitarian_incident_03,0.09515521827244289,revise_commitment,10,0.5338589528002334
v6-pilot_sketch_cost-humanitarian-compound-private_fragmented-e60961-never_act-c050-always_on,never_act,0.5,always_on,1.259741076884218,humanitarian_clinic_04_3,0.9921113425877434,abstain,humanitarian_incident_04,0.007888657412256639,authorize_emergency_resource,10,0.619435050908076
v6-pilot_sketch_cost-humanitarian-compound-private_fragmented-e60961-never_act-c050-event_triggered,never_act,0.5,event_triggered,0.7990593060490502,humanitarian_regional_hub_01_2,0.8653095551972727,abstain,humanitarian_incident_01,0.1346904448027273,authorize_emergency_resource,2,0.37710168279404954
v6-pilot_sketch_cost-humanitarian-compound-private_fragmented-e60961-never_act-c050-event_triggered,never_act,0.5,event_triggered,0.2734355746518957,humanitarian_regional_hub_02_1,0.9113641087537365,abstain,humanitarian_incident_02,0.08863589124626348,reroute_or_reconfigure,2,0.1811333052569734
v6-pilot_sketch_cost-humanitarian-compound-private_fragmented-e60961-never_act-c050-event_triggered,never_act,0.5,event_triggered,0.7070833876777978,humanitarian_regional_hub_03_3,0.8602570537239432,abstain,humanitarian_incident_03,0.13974294627605677,deploy_repair_capacity,2,0.38619291821899887
v6-pilot_sketch_cost-humanitarian-compound-private_fragmented-e60961-never_act-c050-event_triggered,never_act,0.5,event_triggered,0.8307552091736687,humanitarian_ngo_04_1,0.9744220064744507,abstain,humanitarian_incident_04,0.025577993525549347,authorize_emergency_resource,2,0.5702534130017582
v6-pilot_sketch_cost-humanitarian-compound-private_fragmented-e60961-never_act-c050-event_triggered,never_act,0.5,event_triggered,0.7084996315189436,humanitarian_ngo_01_1,0.9143057078451844,abstain,humanitarian_incident_01,0.08569429215481561,reroute_or_reconfigure,4,0.0630967449461553
v6-pilot_sketch_cost-humanitarian-compound-private_fragmented-e60961-never_act-c050-event_triggered,never_act,0.5,event_triggered,0.6460099096148559,humanitarian_ngo_02_3,0.8828406264910091,abstain,humanitarian_incident_02,0.11715937350899086,reroute_or_reconfigure,4,0.2283475131978836
v6-pilot_sketch_cost-humanitarian-compound-private_fragmented-e60961-never_act-c050-event_triggered,never_act,0.5,event_triggered,0.6720919079296774,humanitarian_regional_hub_03_3,0.9439522095365268,abstain,humanitarian_incident_03,0.05604779046347319,deploy_repair_capacity,4,0.37697823382754936
v6-pilot_sketch_cost-humanitarian-compound-private_fragmented-e60961-never_act-c050-event_triggered,never_act,0.5,event_triggered,1.0208152719534977,humanitarian_clinic_04_3,0.9780294217281457,abstain,humanitarian_incident_04,0.021970578271854335,authorize_emergency_resource,4,0.26839205151596734
v6-pilot_sketch_cost-humanitarian-compound-private_fragmented-e60961-never_act-c050-event_triggered,never_act,0.5,event_triggered,0.8633015049521542,humanitarian_regional_hub_01_2,0.9784205823254912,abstain,humanitarian_incident_01,0.021579417674508772,authorize_emergency_resource,6,0.4131242686104233
v6-pilot_sketch_cost-humanitarian-compound-private_fragmented-e60961-never_act-c050-event_triggered,never_act,0.5,event_triggered,0.6946196591357403,humanitarian_ngo_02_3,0.8202381355815126,abstain,humanitarian_incident_02,0.1797618644184874,revise_commitment,6,0.2587326486612821
v6-pilot_sketch_cost-humanitarian-compound-private_fragmented-e60961-never_act-c050-event_triggered,never_act,0.5,event_triggered,0.7358060345850616,humanitarian_clinic_03_1,0.9059472399823743,abstain,humanitarian_incident_03,0.09405276001762575,authorize_emergency_resource,6,0.410741110964988
v6-pilot_sketch_cost-humanitarian-compound-private_fragmented-e60961-never_act-c050-event_triggered,never_act,0.5,event_triggered,0.8261253074311625,humanitarian_ngo_04_1,0.9614801457282053,abstain,humanitarian_incident_04,0.03851985427179472,authorize_emergency_resource,6,0.23679971433852962
v6-pilot_sketch_cost-humanitarian-compound-private_fragmented-e60961-never_act-c050-event_triggered,never_act,0.5,event_triggered,0.8764030602889905,humanitarian_regional_hub_01_2,0.9863538783201894,abstain,humanitarian_incident_01,0.013646121679810608,deploy_repair_capacity,8,0.36087046110229415
v6-pilot_sketch_cost-humanitarian-compound-private_fragmented-e60961-never_act-c050-event_triggered,never_act,0.5,event_triggered,0.7377799812689929,humanitarian_ngo_02_3,0.8356443296944654,abstain,humanitarian_incident_02,0.16435567030553455,reroute_or_reconfigure,8,0.5087238960158355
v6-pilot_sketch_cost-humanitarian-compound-private_fragmented-e60961-never_act-c050-event_triggered,never_act,0.5,event_triggered,0.7862985205435342,humanitarian_clinic_03_1,0.9105242011291633,abstain,humanitarian_incident_03,0.08947579887083668,revise_commitment,8,0.2730089996389331
v6-pilot_sketch_cost-humanitarian-compound-private_fragmented-e60961-never_act-c050-event_triggered,never_act,0.5,event_triggered,1.1222270940674426,humanitarian_clinic_04_3,0.9004767777605402,abstain,humanitarian_incident_04,0.09952322223945975,authorize_emergency_resource,8,0.31575388977182
v6-pilot_sketch_cost-humanitarian-compound-private_fragmented-e60961-never_act-c050-event_triggered,never_act,0.5,event_triggered,0.8645846848313838,humanitarian_regional_hub_01_2,0.9307021137930919,abstain,humanitarian_incident_01,0.06929788620690813,deploy_repair_capacity,10,0.06227257249010398
v6-pilot_sketch_cost-humanitarian-compound-private_fragmented-e60961-never_act-c050-event_triggered,never_act,0.5,event_triggered,0.780335319111023,humanitarian_ngo_02_3,0.7903663042808661,abstain,humanitarian_incident_02,0.20963369571913393,reroute_or_reconfigure,10,0.6086172213846401
v6-pilot_sketch_cost-humanitarian-compound-private_fragmented-e60961-never_act-c050-event_triggered,never_act,0.5,event_triggered,0.8039605444797111,humanitarian_clinic_03_1,0.9048447817275571,abstain,humanitarian_incident_03,0.09515521827244289,revise_commitment,10,0.5338589528002334
v6-pilot_sketch_cost-humanitarian-compound-private_fragmented-e60961-never_act-c050-event_triggered,never_act,0.5,event_triggered,1.259741076884218,humanitarian_clinic_04_3,0.9921113425877434,abstain,humanitarian_incident_04,0.007888657412256639,authorize_emergency_resource,10,0.619435050908076
v6-pilot_sketch_cost-humanitarian-compound-private_fragmented-e60961-never_act-c050-none,never_act,0.5,none,0.7990593060490502,humanitarian_regional_hub_01_2,1.0,abstain,humanitarian_incident_01,0.0,authorize_emergency_resource,2,0.37710168279404954
v6-pilot_sketch_cost-humanitarian-compound-private_fragmented-e60961-never_act-c050-none,never_act,0.5,none,0.2734355746518957,humanitarian_regional_hub_02_1,1.0,abstain,humanitarian_incident_02,0.0,reroute_or_reconfigure,2,0.1811333052569734
v6-pilot_sketch_cost-humanitarian-compound-private_fragmented-e60961-never_act-c050-none,never_act,0.5,none,0.7070833876777978,humanitarian_regional_hub_03_3,1.0,abstain,humanitarian_incident_03,0.0,deploy_repair_capacity,2,0.38619291821899887
v6-pilot_sketch_cost-humanitarian-compound-private_fragmented-e60961-never_act-c050-none,never_act,0.5,none,0.8307552091736687,humanitarian_ngo_04_1,1.0,abstain,humanitarian_incident_04,0.0,authorize_emergency_resource,2,0.5702534130017582
v6-pilot_sketch_cost-humanitarian-compound-private_fragmented-e60961-never_act-c050-none,never_act,0.5,none,0.7084996315189436,humanitarian_ngo_01_1,1.0,abstain,humanitarian_incident_01,0.0,reroute_or_reconfigure,4,0.0630967449461553
v6-pilot_sketch_cost-humanitarian-compound-private_fragmented-e60961-never_act-c050-none,never_act,0.5,none,0.6460099096148559,humanitarian_ngo_02_3,1.0,abstain,humanitarian_incident_02,0.0,reroute_or_reconfigure,4,0.2283475131978836
v6-pilot_sketch_cost-humanitarian-compound-private_fragmented-e60961-never_act-c050-none,never_act,0.5,none,0.6720919079296774,humanitarian_regional_hub_03_3,1.0,abstain,humanitarian_incident_03,0.0,deploy_repair_capacity,4,0.37697823382754936
v6-pilot_sketch_cost-humanitarian-compound-private_fragmented-e60961-never_act-c050-none,never_act,0.5,none,1.0208152719534977,humanitarian_clinic_04_3,1.0,abstain,humanitarian_incident_04,0.0,authorize_emergency_resource,4,0.26839205151596734
v6-pilot_sketch_cost-humanitarian-compound-private_fragmented-e60961-never_act-c050-none,never_act,0.5,none,0.8633015049521542,humanitarian_regional_hub_01_2,1.0,abstain,humanitarian_incident_01,0.0,authorize_emergency_resource,6,0.4131242686104233
v6-pilot_sketch_cost-humanitarian-compound-private_fragmented-e60961-never_act-c050-none,never_act,0.5,none,0.6946196591357403,humanitarian_ngo_02_3,1.0,abstain,humanitarian_incident_02,0.0,revise_commitment,6,0.2587326486612821
v6-pilot_sketch_cost-humanitarian-compound-private_fragmented-e60961-never_act-c050-none,never_act,0.5,none,0.7358060345850616,humanitarian_clinic_03_1,1.0,abstain,humanitarian_incident_03,0.0,authorize_emergency_resource,6,0.410741110964988
v6-pilot_sketch_cost-humanitarian-compound-private_fragmented-e60961-never_act-c050-none,never_act,0.5,none,0.8261253074311625,humanitarian_ngo_04_1,1.0,abstain,humanitarian_incident_04,0.0,authorize_emergency_resource,6,0.23679971433852962
v6-pilot_sketch_cost-humanitarian-compound-private_fragmented-e60961-never_act-c050-none,never_act,0.5,none,0.8764030602889905,humanitarian_regional_hub_01_2,1.0,abstain,humanitarian_incident_01,0.0,deploy_repair_capacity,8,0.36087046110229415
v6-pilot_sketch_cost-humanitarian-compound-private_fragmented-e60961-never_act-c050-none,never_act,0.5,none,0.7377799812689929,humanitarian_ngo_02_3,1.0,abstain,humanitarian_incident_02,0.0,reroute_or_reconfigure,8,0.5087238960158355
v6-pilot_sketch_cost-humanitarian-compound-private_fragmented-e60961-never_act-c050-none,never_act,0.5,none,0.7862985205435342,humanitarian_clinic_03_1,1.0,abstain,humanitarian_incident_03,0.0,revise_commitment,8,0.2730089996389331
v6-pilot_sketch_cost-humanitarian-compound-private_fragmented-e60961-never_act-c050-none,never_act,0.5,none,1.1222270940674426,humanitarian_clinic_04_3,1.0,abstain,humanitarian_incident_04,0.0,authorize_emergency_resource,8,0.31575388977182
v6-pilot_sketch_cost-humanitarian-compound-private_fragmented-e60961-never_act-c050-none,never_act,0.5,none,0.8645846848313838,humanitarian_regional_hub_01_2,1.0,abstain,humanitarian_incident_01,0.0,deploy_repair_capacity,10,0.06227257249010398
v6-pilot_sketch_cost-humanitarian-compound-private_fragmented-e60961-never_act-c050-none,never_act,0.5,none,0.780335319111023,humanitarian_ngo_02_3,1.0,abstain,humanitarian_incident_02,0.0,reroute_or_reconfigure,10,0.6086172213846401
v6-pilot_sketch_cost-humanitarian-compound-private_fragmented-e60961-never_act-c050-none,never_act,0.5,none,0.8039605444797111,humanitarian_clinic_03_1,1.0,abstain,humanitarian_incident_03,0.0,revise_commitment,10,0.5338589528002334
v6-pilot_sketch_cost-humanitarian-compound-private_fragmented-e60961-never_act-c050-none,never_act,0.5,none,1.259741076884218,humanitarian_clinic_04_3,1.0,abstain,humanitarian_incident_04,0.0,authorize_emergency_resource,10,0.619435050908076
v6-pilot_sketch_cost-humanitarian-compound-private_fragmented-e60961-never_act-c050-periodic,never_act,0.5,periodic,0.7990593060490502,humanitarian_regional_hub_01_2,0.7981190045474655,abstain,humanitarian_incident_01,0.20188099545253446,authorize_emergency_resource,2,0.37710168279404954
v6-pilot_sketch_cost-humanitarian-compound-private_fragmented-e60961-never_act-c050-periodic,never_act,0.5,periodic,0.2734355746518957,humanitarian_regional_hub_02_1,0.9481148214473514,abstain,humanitarian_incident_02,0.051885178552648625,reroute_or_reconfigure,2,0.1811333052569734
v6-pilot_sketch_cost-humanitarian-compound-private_fragmented-e60961-never_act-c050-periodic,never_act,0.5,periodic,0.7070833876777978,humanitarian_regional_hub_03_3,0.8715774145734116,abstain,humanitarian_incident_03,0.12842258542658835,deploy_repair_capacity,2,0.38619291821899887
v6-pilot_sketch_cost-humanitarian-compound-private_fragmented-e60961-never_act-c050-periodic,never_act,0.5,periodic,0.8307552091736687,humanitarian_ngo_04_1,0.9618216763119255,abstain,humanitarian_incident_04,0.0381783236880745,authorize_emergency_resource,2,0.5702534130017582
v6-pilot_sketch_cost-humanitarian-compound-private_fragmented-e60961-never_act-c050-periodic,never_act,0.5,periodic,0.7084996315189436,humanitarian_ngo_01_1,0.7978400807056939,abstain,humanitarian_incident_01,0.2021599192943061,reroute_or_reconfigure,4,0.0630967449461553
v6-pilot_sketch_cost-humanitarian-compound-private_fragmented-e60961-never_act-c050-periodic,never_act,0.5,periodic,0.6460099096148559,humanitarian_ngo_02_3,0.9342865154446527,abstain,humanitarian_incident_02,0.06571348455534731,reroute_or_reconfigure,4,0.2283475131978836
v6-pilot_sketch_cost-humanitarian-compound-private_fragmented-e60961-never_act-c050-periodic,never_act,0.5,periodic,0.6720919079296774,humanitarian_regional_hub_03_3,0.9224021591617386,abstain,humanitarian_incident_03,0.07759784083826138,deploy_repair_capacity,4,0.37697823382754936
v6-pilot_sketch_cost-humanitarian-compound-private_fragmented-e60961-never_act-c050-periodic,never_act,0.5,periodic,1.0208152719534977,humanitarian_clinic_04_3,0.9495451656158688,abstain,humanitarian_incident_04,0.05045483438413123,authorize_emergency_resource,4,0.26839205151596734
v6-pilot_sketch_cost-humanitarian-compound-private_fragmented-e60961-never_act-c050-periodic,never_act,0.5,periodic,0.8633015049521542,humanitarian_regional_hub_01_2,0.9784205823254912,abstain,humanitarian_incident_01,0.021579417674508772,authorize_emergency_resource,6,0.4131242686104233
v6-pilot_sketch_cost-humanitarian-compound-private_fragmented-e60961-never_act-c050-periodic,never_act,0.5,periodic,0.6946196591357403,humanitarian_ngo_02_3,0.8847514644020739,abstain,humanitarian_incident_02,0.11524853559792614,revise_commitment,6,0.2587326486612821
v6-pilot_sketch_cost-humanitarian-compound-private_fragmented-e60961-never_act-c050-periodic,never_act,0.5,periodic,0.7358060345850616,humanitarian_clinic_03_1,0.9059472399823743,abstain,humanitarian_incident_03,0.09405276001762575,authorize_emergency_resource,6,0.410741110964988
v6-pilot_sketch_cost-humanitarian-compound-private_fragmented-e60961-never_act-c050-periodic,never_act,0.5,periodic,0.8261253074311625,humanitarian_ngo_04_1,0.9577489100428848,abstain,humanitarian_incident_04,0.04225108995711524,authorize_emergency_resource,6,0.23679971433852962
v6-pilot_sketch_cost-humanitarian-compound-private_fragmented-e60961-never_act-c050-periodic,never_act,0.5,periodic,0.8764030602889905,humanitarian_regional_hub_01_2,0.9843359586935612,abstain,humanitarian_incident_01,0.015664041306438836,deploy_repair_capacity,8,0.36087046110229415
v6-pilot_sketch_cost-humanitarian-compound-private_fragmented-e60961-never_act-c050-periodic,never_act,0.5,periodic,0.7377799812689929,humanitarian_ngo_02_3,0.8900686783722026,abstain,humanitarian_incident_02,0.1099313216277974,reroute_or_reconfigure,8,0.5087238960158355
v6-pilot_sketch_cost-humanitarian-compound-private_fragmented-e60961-never_act-c050-periodic,never_act,0.5,periodic,0.7862985205435342,humanitarian_clinic_03_1,0.9042647947306572,abstain,humanitarian_incident_03,0.09573520526934276,revise_commitment,8,0.2730089996389331
v6-pilot_sketch_cost-humanitarian-compound-private_fragmented-e60961-never_act-c050-periodic,never_act,0.5,periodic,1.1222270940674426,humanitarian_clinic_04_3,0.8991374248769277,abstain,humanitarian_incident_04,0.10086257512307228,authorize_emergency_resource,8,0.31575388977182
v6-pilot_sketch_cost-humanitarian-compound-private_fragmented-e60961-never_act-c050-periodic,never_act,0.5,periodic,0.8645846848313838,humanitarian_regional_hub_01_2,0.9302300998249704,abstain,humanitarian_incident_01,0.0697699001750296,deploy_repair_capacity,10,0.06227257249010398
v6-pilot_sketch_cost-humanitarian-compound-private_fragmented-e60961-never_act-c050-periodic,never_act,0.5,periodic,0.780335319111023,humanitarian_ngo_02_3,0.8975301270949546,abstain,humanitarian_incident_02,0.10246987290504539,reroute_or_reconfigure,10,0.6086172213846401
v6-pilot_sketch_cost-humanitarian-compound-private_fragmented-e60961-never_act-c050-periodic,never_act,0.5,periodic,0.8039605444797111,humanitarian_clinic_03_1,0.9397768137564358,abstain,humanitarian_incident_03,0.06022318624356415,revise_commitment,10,0.5338589528002334
v6-pilot_sketch_cost-humanitarian-compound-private_fragmented-e60961-never_act-c050-periodic,never_act,0.5,periodic,1.259741076884218,humanitarian_clinic_04_3,0.9583874375332911,abstain,humanitarian_incident_04,0.04161256246670886,authorize_emergency_resource,10,0.619435050908076
v6-pilot_sketch_cost-humanitarian-compound-private_fragmented-e60962-never_act-c050-always_on,never_act,0.5,always_on,0.7797410601670702,humanitarian_regional_hub_01_2,0.9143490112153716,abstain,humanitarian_incident_01,0.0856509887846284,reroute_or_reconfigure,2,0.28470659908115464
v6-pilot_sketch_cost-humanitarian-compound-private_fragmented-e60962-never_act-c050-always_on,never_act,0.5,always_on,0.34455285474621805,humanitarian_ngo_02_3,0.7936891681890507,abstain,humanitarian_incident_02,0.20631083181094934,authorize_emergency_resource,2,0.30983225401663694
v6-pilot_sketch_cost-humanitarian-compound-private_fragmented-e60962-never_act-c050-always_on,never_act,0.5,always_on,0.5218624316265544,humanitarian_ngo_03_2,0.9610706391420759,abstain,humanitarian_incident_03,0.03892936085792409,authorize_emergency_resource,2,0.40615139689107965
v6-pilot_sketch_cost-humanitarian-compound-private_fragmented-e60962-never_act-c050-always_on,never_act,0.5,always_on,0.5914268865912813,humanitarian_regional_hub_04_2,0.8189549048892639,abstain,humanitarian_incident_04,0.18104509511073608,authorize_emergency_resource,2,0.2793457732187469
v6-pilot_sketch_cost-humanitarian-compound-private_fragmented-e60962-never_act-c050-always_on,never_act,0.5,always_on,0.7834148585687566,humanitarian_regional_hub_01_2,0.9844484743508763,abstain,humanitarian_incident_01,0.015551525649123654,deploy_repair_capacity,4,0.1434751664767904
v6-pilot_sketch_cost-humanitarian-compound-private_fragmented-e60962-never_act-c050-always_on,never_act,0.5,always_on,0.2693262952024149,humanitarian_ngo_02_3,0.9493485729258964,abstain,humanitarian_incident_02,0.05065142707410364,authorize_emergency_resource,4,0.24542896746299298
v6-pilot_sketch_cost-humanitarian-compound-private_fragmented-e60962-never_act-c050-always_on,never_act,0.5,always_on,0.520861414090455,humanitarian_clinic_03_1,0.9687547428156646,abstain,humanitarian_incident_03,0.03124525718433535,authorize_emergency_resource,4,0.3631451799120258
v6-pilot_sketch_cost-humanitarian-compound-private_fragmented-e60962-never_act-c050-always_on,never_act,0.5,always_on,0.2913271756530611,humanitarian_ngo_04_1,0.9623082404862504,abstain,humanitarian_incident_04,0.03769175951374959,authorize_emergency_resource,4,0.32989330705258235
v6-pilot_sketch_cost-humanitarian-compound-private_fragmented-e60962-never_act-c050-always_on,never_act,0.5,always_on,0.8767994667374439,humanitarian_regional_hub_01_2,0.8686594309660448,abstain,humanitarian_incident_01,0.1313405690339552,authorize_emergency_resource,6,0.36719119055604016
v6-pilot_sketch_cost-humanitarian-compound-private_fragmented-e60962-never_act-c050-always_on,never_act,0.5,always_on,0.28777066460489453,humanitarian_ngo_02_3,0.9609110827597037,abstain,humanitarian_incident_02,0.039088917240296284,revise_commitment,6,0.05007877484609813
v6-pilot_sketch_cost-humanitarian-compound-private_fragmented-e60962-never_act-c050-always_on,never_act,0.5,always_on,0.5998262684480792,humanitarian_clinic_03_1,0.8746852163414776,abstain,humanitarian_incident_03,0.12531478365852244,authorize_emergency_resource,6,0.3968744430339036
v6-pilot_sketch_cost-humanitarian-compound-private_fragmented-e60962-never_act-c050-always_on,never_act,0.5,always_on,0.6994756656030577,humanitarian_regional_hub_04_2,0.7691070632998273,abstain,humanitarian_incident_04,0.23089293670017275,authorize_emergency_resource,6,0.5444115398514536
v6-pilot_sketch_cost-humanitarian-compound-private_fragmented-e60962-never_act-c050-always_on,never_act,0.5,always_on,0.9326695392222579,humanitarian_regional_hub_01_2,0.8273108802289397,abstain,humanitarian_incident_01,0.17268911977106027,reroute_or_reconfigure,8,0.34123692544840145
v6-pilot_sketch_cost-humanitarian-compound-private_fragmented-e60962-never_act-c050-always_on,never_act,0.5,always_on,0.3717433306777874,humanitarian_ngo_02_3,0.922433432836434,abstain,humanitarian_incident_02,0.07756656716356602,revise_commitment,8,0.6511256380967619
v6-pilot_sketch_cost-humanitarian-compound-private_fragmented-e60962-never_act-c050-always_on,never_act,0.5,always_on,0.574334888790398,humanitarian_clinic_03_1,0.894320847863375,abstain,humanitarian_incident_03,0.10567915213662504,authorize_emergency_resource,8,0.18612836914503889
v6-pilot_sketch_cost-humanitarian-compound-private_fragmented-e60962-never_act-c050-always_on,never_act,0.5,always_on,0.6118204911696117,humanitarian_regional_hub_04_2,0.874081046433965,abstain,humanitarian_incident_04,0.125918953566035,authorize_emergency_resource,8,0.3988513426476674
v6-pilot_sketch_cost-humanitarian-compound-private_fragmented-e60962-never_act-c050-always_on,never_act,0.5,always_on,0.9595968106993853,humanitarian_regional_hub_01_2,0.8719658292477347,abstain,humanitarian_incident_01,0.1280341707522653,authorize_emergency_resource,10,0.42460905491597056
v6-pilot_sketch_cost-humanitarian-compound-private_fragmented-e60962-never_act-c050-always_on,never_act,0.5,always_on,0.3249360862012229,humanitarian_ngo_02_3,0.9595638035178184,abstain,humanitarian_incident_02,0.04043619648218155,reroute_or_reconfigure,10,0.031192481923298154
v6-pilot_sketch_cost-humanitarian-compound-private_fragmented-e60962-never_act-c050-always_on,never_act,0.5,always_on,0.6303157565591349,humanitarian_clinic_03_1,0.9699356309148328,abstain,humanitarian_incident_03,0.030064369085167186,authorize_emergency_resource,10,0.21411217195622592
v6-pilot_sketch_cost-humanitarian-compound-private_fragmented-e60962-never_act-c050-always_on,never_act,0.5,always_on,0.2670995239218157,humanitarian_clinic_04_3,0.927392499962154,abstain,humanitarian_incident_04,0.072607500037846,revise_commitment,10,0.2994949173076861
v6-pilot_sketch_cost-humanitarian-compound-private_fragmented-e60962-never_act-c050-event_triggered,never_act,0.5,event_triggered,0.7797410601670702,humanitarian_regional_hub_01_2,0.9143490112153716,abstain,humanitarian_incident_01,0.0856509887846284,reroute_or_reconfigure,2,0.28470659908115464
v6-pilot_sketch_cost-humanitarian-compound-private_fragmented-e60962-never_act-c050-event_triggered,never_act,0.5,event_triggered,0.34455285474621805,humanitarian_ngo_02_3,0.7936891681890507,abstain,humanitarian_incident_02,0.20631083181094934,authorize_emergency_resource,2,0.30983225401663694
v6-pilot_sketch_cost-humanitarian-compound-private_fragmented-e60962-never_act-c050-event_triggered,never_act,0.5,event_triggered,0.5218624316265544,humanitarian_ngo_03_2,0.9610706391420759,abstain,humanitarian_incident_03,0.03892936085792409,authorize_emergency_resource,2,0.40615139689107965
v6-pilot_sketch_cost-humanitarian-compound-private_fragmented-e60962-never_act-c050-event_triggered,never_act,0.5,event_triggered,0.5914268865912813,humanitarian_regional_hub_04_2,0.8189549048892639,abstain,humanitarian_incident_04,0.18104509511073608,authorize_emergency_resource,2,0.2793457732187469
v6-pilot_sketch_cost-humanitarian-compound-private_fragmented-e60962-never_act-c050-event_triggered,never_act,0.5,event_triggered,0.7834148585687566,humanitarian_regional_hub_01_2,0.9844484743508763,abstain,humanitarian_incident_01,0.015551525649123654,deploy_repair_capacity,4,0.1434751664767904
v6-pilot_sketch_cost-humanitarian-compound-private_fragmented-e60962-never_act-c050-event_triggered,never_act,0.5,event_triggered,0.2693262952024149,humanitarian_ngo_02_3,0.9493485729258964,abstain,humanitarian_incident_02,0.05065142707410364,authorize_emergency_resource,4,0.24542896746299298
v6-pilot_sketch_cost-humanitarian-compound-private_fragmented-e60962-never_act-c050-event_triggered,never_act,0.5,event_triggered,0.520861414090455,humanitarian_clinic_03_1,0.9687547428156646,abstain,humanitarian_incident_03,0.03124525718433535,authorize_emergency_resource,4,0.3631451799120258
v6-pilot_sketch_cost-humanitarian-compound-private_fragmented-e60962-never_act-c050-event_triggered,never_act,0.5,event_triggered,0.2913271756530611,humanitarian_ngo_04_1,0.9623082404862504,abstain,humanitarian_incident_04,0.03769175951374959,authorize_emergency_resource,4,0.32989330705258235
v6-pilot_sketch_cost-humanitarian-compound-private_fragmented-e60962-never_act-c050-event_triggered,never_act,0.5,event_triggered,0.8767994667374439,humanitarian_regional_hub_01_2,0.8686594309660448,abstain,humanitarian_incident_01,0.1313405690339552,authorize_emergency_resource,6,0.36719119055604016
v6-pilot_sketch_cost-humanitarian-compound-private_fragmented-e60962-never_act-c050-event_triggered,never_act,0.5,event_triggered,0.28777066460489453,humanitarian_ngo_02_3,0.9609110827597037,abstain,humanitarian_incident_02,0.039088917240296284,revise_commitment,6,0.05007877484609813
v6-pilot_sketch_cost-humanitarian-compound-private_fragmented-e60962-never_act-c050-event_triggered,never_act,0.5,event_triggered,0.5998262684480792,humanitarian_clinic_03_1,0.8746852163414776,abstain,humanitarian_incident_03,0.12531478365852244,authorize_emergency_resource,6,0.3968744430339036
v6-pilot_sketch_cost-humanitarian-compound-private_fragmented-e60962-never_act-c050-event_triggered,never_act,0.5,event_triggered,0.6994756656030577,humanitarian_regional_hub_04_2,0.7691070632998273,abstain,humanitarian_incident_04,0.23089293670017275,authorize_emergency_resource,6,0.5444115398514536
v6-pilot_sketch_cost-humanitarian-compound-private_fragmented-e60962-never_act-c050-event_triggered,never_act,0.5,event_triggered,0.9326695392222579,humanitarian_regional_hub_01_2,0.8273108802289397,abstain,humanitarian_incident_01,0.17268911977106027,reroute_or_reconfigure,8,0.34123692544840145
v6-pilot_sketch_cost-humanitarian-compound-private_fragmented-e60962-never_act-c050-event_triggered,never_act,0.5,event_triggered,0.3717433306777874,humanitarian_ngo_02_3,0.922433432836434,abstain,humanitarian_incident_02,0.07756656716356602,revise_commitment,8,0.6511256380967619
v6-pilot_sketch_cost-humanitarian-compound-private_fragmented-e60962-never_act-c050-event_triggered,never_act,0.5,event_triggered,0.574334888790398,humanitarian_clinic_03_1,0.894320847863375,abstain,humanitarian_incident_03,0.10567915213662504,authorize_emergency_resource,8,0.18612836914503889
v6-pilot_sketch_cost-humanitarian-compound-private_fragmented-e60962-never_act-c050-event_triggered,never_act,0.5,event_triggered,0.6118204911696117,humanitarian_regional_hub_04_2,0.874081046433965,abstain,humanitarian_incident_04,0.125918953566035,authorize_emergency_resource,8,0.3988513426476674
v6-pilot_sketch_cost-humanitarian-compound-private_fragmented-e60962-never_act-c050-event_triggered,never_act,0.5,event_triggered,0.9595968106993853,humanitarian_regional_hub_01_2,0.8719658292477347,abstain,humanitarian_incident_01,0.1280341707522653,authorize_emergency_resource,10,0.42460905491597056
v6-pilot_sketch_cost-humanitarian-compound-private_fragmented-e60962-never_act-c050-event_triggered,never_act,0.5,event_triggered,0.3249360862012229,humanitarian_ngo_02_3,0.9595638035178184,abstain,humanitarian_incident_02,0.04043619648218155,reroute_or_reconfigure,10,0.031192481923298154
v6-pilot_sketch_cost-humanitarian-compound-private_fragmented-e60962-never_act-c050-event_triggered,never_act,0.5,event_triggered,0.6303157565591349,humanitarian_clinic_03_1,0.9699356309148328,abstain,humanitarian_incident_03,0.030064369085167186,authorize_emergency_resource,10,0.21411217195622592
v6-pilot_sketch_cost-humanitarian-compound-private_fragmented-e60962-never_act-c050-event_triggered,never_act,0.5,event_triggered,0.2670995239218157,humanitarian_clinic_04_3,0.927392499962154,abstain,humanitarian_incident_04,0.072607500037846,revise_commitment,10,0.2994949173076861
v6-pilot_sketch_cost-humanitarian-compound-private_fragmented-e60962-never_act-c050-none,never_act,0.5,none,0.7797410601670702,humanitarian_regional_hub_01_2,1.0,abstain,humanitarian_incident_01,0.0,reroute_or_reconfigure,2,0.28470659908115464
v6-pilot_sketch_cost-humanitarian-compound-private_fragmented-e60962-never_act-c050-none,never_act,0.5,none,0.34455285474621805,humanitarian_ngo_02_3,1.0,abstain,humanitarian_incident_02,0.0,authorize_emergency_resource,2,0.30983225401663694
v6-pilot_sketch_cost-humanitarian-compound-private_fragmented-e60962-never_act-c050-none,never_act,0.5,none,0.5218624316265544,humanitarian_ngo_03_2,1.0,abstain,humanitarian_incident_03,0.0,authorize_emergency_resource,2,0.40615139689107965
v6-pilot_sketch_cost-humanitarian-compound-private_fragmented-e60962-never_act-c050-none,never_act,0.5,none,0.5914268865912813,humanitarian_regional_hub_04_2,1.0,abstain,humanitarian_incident_04,0.0,authorize_emergency_resource,2,0.2793457732187469
v6-pilot_sketch_cost-humanitarian-compound-private_fragmented-e60962-never_act-c050-none,never_act,0.5,none,0.7834148585687566,humanitarian_regional_hub_01_2,1.0,abstain,humanitarian_incident_01,0.0,deploy_repair_capacity,4,0.1434751664767904
v6-pilot_sketch_cost-humanitarian-compound-private_fragmented-e60962-never_act-c050-none,never_act,0.5,none,0.2693262952024149,humanitarian_ngo_02_3,1.0,abstain,humanitarian_incident_02,0.0,authorize_emergency_resource,4,0.24542896746299298
v6-pilot_sketch_cost-humanitarian-compound-private_fragmented-e60962-never_act-c050-none,never_act,0.5,none,0.520861414090455,humanitarian_clinic_03_1,1.0,abstain,humanitarian_incident_03,0.0,authorize_emergency_resource,4,0.3631451799120258
v6-pilot_sketch_cost-humanitarian-compound-private_fragmented-e60962-never_act-c050-none,never_act,0.5,none,0.2913271756530611,humanitarian_ngo_04_1,1.0,abstain,humanitarian_incident_04,0.0,authorize_emergency_resource,4,0.32989330705258235
v6-pilot_sketch_cost-humanitarian-compound-private_fragmented-e60962-never_act-c050-none,never_act,0.5,none,0.8767994667374439,humanitarian_regional_hub_01_2,1.0,abstain,humanitarian_incident_01,0.0,authorize_emergency_resource,6,0.36719119055604016
v6-pilot_sketch_cost-humanitarian-compound-private_fragmented-e60962-never_act-c050-none,never_act,0.5,none,0.28777066460489453,humanitarian_ngo_02_3,1.0,abstain,humanitarian_incident_02,0.0,revise_commitment,6,0.05007877484609813
v6-pilot_sketch_cost-humanitarian-compound-private_fragmented-e60962-never_act-c050-none,never_act,0.5,none,0.5998262684480792,humanitarian_clinic_03_1,1.0,abstain,humanitarian_incident_03,0.0,authorize_emergency_resource,6,0.3968744430339036
v6-pilot_sketch_cost-humanitarian-compound-private_fragmented-e60962-never_act-c050-none,never_act,0.5,none,0.6994756656030577,humanitarian_regional_hub_04_2,1.0,abstain,humanitarian_incident_04,0.0,authorize_emergency_resource,6,0.5444115398514536
v6-pilot_sketch_cost-humanitarian-compound-private_fragmented-e60962-never_act-c050-none,never_act,0.5,none,0.9326695392222579,humanitarian_regional_hub_01_2,1.0,abstain,humanitarian_incident_01,0.0,reroute_or_reconfigure,8,0.34123692544840145
v6-pilot_sketch_cost-humanitarian-compound-private_fragmented-e60962-never_act-c050-none,never_act,0.5,none,0.3717433306777874,humanitarian_ngo_02_3,1.0,abstain,humanitarian_incident_02,0.0,revise_commitment,8,0.6511256380967619
v6-pilot_sketch_cost-humanitarian-compound-private_fragmented-e60962-never_act-c050-none,never_act,0.5,none,0.574334888790398,humanitarian_clinic_03_1,1.0,abstain,humanitarian_incident_03,0.0,authorize_emergency_resource,8,0.18612836914503889
v6-pilot_sketch_cost-humanitarian-compound-private_fragmented-e60962-never_act-c050-none,never_act,0.5,none,0.6118204911696117,humanitarian_regional_hub_04_2,1.0,abstain,humanitarian_incident_04,0.0,authorize_emergency_resource,8,0.3988513426476674
v6-pilot_sketch_cost-humanitarian-compound-private_fragmented-e60962-never_act-c050-none,never_act,0.5,none,0.9595968106993853,humanitarian_regional_hub_01_2,1.0,abstain,humanitarian_incident_01,0.0,authorize_emergency_resource,10,0.42460905491597056
v6-pilot_sketch_cost-humanitarian-compound-private_fragmented-e60962-never_act-c050-none,never_act,0.5,none,0.3249360862012229,humanitarian_ngo_02_3,1.0,abstain,humanitarian_incident_02,0.0,reroute_or_reconfigure,10,0.031192481923298154
v6-pilot_sketch_cost-humanitarian-compound-private_fragmented-e60962-never_act-c050-none,never_act,0.5,none,0.6303157565591349,humanitarian_clinic_03_1,1.0,abstain,humanitarian_incident_03,0.0,authorize_emergency_resource,10,0.21411217195622592
v6-pilot_sketch_cost-humanitarian-compound-private_fragmented-e60962-never_act-c050-none,never_act,0.5,none,0.2670995239218157,humanitarian_clinic_04_3,1.0,abstain,humanitarian_incident_04,0.0,revise_commitment,10,0.2994949173076861
v6-pilot_sketch_cost-humanitarian-compound-private_fragmented-e60962-never_act-c050-periodic,never_act,0.5,periodic,0.7797410601670702,humanitarian_regional_hub_01_2,0.9002486490819787,abstain,humanitarian_incident_01,0.09975135091802134,reroute_or_reconfigure,2,0.28470659908115464
v6-pilot_sketch_cost-humanitarian-compound-private_fragmented-e60962-never_act-c050-periodic,never_act,0.5,periodic,0.34455285474621805,humanitarian_ngo_02_3,0.913412161479506,abstain,humanitarian_incident_02,0.08658783852049401,authorize_emergency_resource,2,0.30983225401663694
v6-pilot_sketch_cost-humanitarian-compound-private_fragmented-e60962-never_act-c050-periodic,never_act,0.5,periodic,0.5218624316265544,humanitarian_ngo_03_2,0.8731284264586308,abstain,humanitarian_incident_03,0.12687157354136924,authorize_emergency_resource,2,0.40615139689107965
v6-pilot_sketch_cost-humanitarian-compound-private_fragmented-e60962-never_act-c050-periodic,never_act,0.5,periodic,0.5914268865912813,humanitarian_regional_hub_04_2,0.8408549195979077,abstain,humanitarian_incident_04,0.1591450804020923,authorize_emergency_resource,2,0.2793457732187469
v6-pilot_sketch_cost-humanitarian-compound-private_fragmented-e60962-never_act-c050-periodic,never_act,0.5,periodic,0.7834148585687566,humanitarian_regional_hub_01_2,0.8983366471636469,abstain,humanitarian_incident_01,0.10166335283635308,deploy_repair_capacity,4,0.1434751664767904
v6-pilot_sketch_cost-humanitarian-compound-private_fragmented-e60962-never_act-c050-periodic,never_act,0.5,periodic,0.2693262952024149,humanitarian_ngo_02_3,0.950964772971684,abstain,humanitarian_incident_02,0.049035227028315975,authorize_emergency_resource,4,0.24542896746299298
v6-pilot_sketch_cost-humanitarian-compound-private_fragmented-e60962-never_act-c050-periodic,never_act,0.5,periodic,0.520861414090455,humanitarian_clinic_03_1,0.9442975043912872,abstain,humanitarian_incident_03,0.055702495608712765,authorize_emergency_resource,4,0.3631451799120258
v6-pilot_sketch_cost-humanitarian-compound-private_fragmented-e60962-never_act-c050-periodic,never_act,0.5,periodic,0.2913271756530611,humanitarian_ngo_04_1,0.880751943128841,abstain,humanitarian_incident_04,0.11924805687115902,authorize_emergency_resource,4,0.32989330705258235
v6-pilot_sketch_cost-humanitarian-compound-private_fragmented-e60962-never_act-c050-periodic,never_act,0.5,periodic,0.8767994667374439,humanitarian_regional_hub_01_2,0.8686594309660448,abstain,humanitarian_incident_01,0.1313405690339552,authorize_emergency_resource,6,0.36719119055604016
v6-pilot_sketch_cost-humanitarian-compound-private_fragmented-e60962-never_act-c050-periodic,never_act,0.5,periodic,0.28777066460489453,humanitarian_ngo_02_3,0.9609110827597037,abstain,humanitarian_incident_02,0.039088917240296284,revise_commitment,6,0.05007877484609813
v6-pilot_sketch_cost-humanitarian-compound-private_fragmented-e60962-never_act-c050-periodic,never_act,0.5,periodic,0.5998262684480792,humanitarian_clinic_03_1,0.8746852163414776,abstain,humanitarian_incident_03,0.12531478365852244,authorize_emergency_resource,6,0.3968744430339036
v6-pilot_sketch_cost-humanitarian-compound-private_fragmented-e60962-never_act-c050-periodic,never_act,0.5,periodic,0.6994756656030577,humanitarian_regional_hub_04_2,0.7691070632998273,abstain,humanitarian_incident_04,0.23089293670017275,authorize_emergency_resource,6,0.5444115398514536
v6-pilot_sketch_cost-humanitarian-compound-private_fragmented-e60962-never_act-c050-periodic,never_act,0.5,periodic,0.9326695392222579,humanitarian_regional_hub_01_2,0.8465061487467006,abstain,humanitarian_incident_01,0.1534938512532994,reroute_or_reconfigure,8,0.34123692544840145
v6-pilot_sketch_cost-humanitarian-compound-private_fragmented-e60962-never_act-c050-periodic,never_act,0.5,periodic,0.3717433306777874,humanitarian_ngo_02_3,0.9624325771373773,abstain,humanitarian_incident_02,0.03756742286262271,revise_commitment,8,0.6511256380967619
v6-pilot_sketch_cost-humanitarian-compound-private_fragmented-e60962-never_act-c050-periodic,never_act,0.5,periodic,0.574334888790398,humanitarian_clinic_03_1,0.8913630281811336,abstain,humanitarian_incident_03,0.10863697181886645,authorize_emergency_resource,8,0.18612836914503889
v6-pilot_sketch_cost-humanitarian-compound-private_fragmented-e60962-never_act-c050-periodic,never_act,0.5,periodic,0.6118204911696117,humanitarian_regional_hub_04_2,0.9684740670169755,abstain,humanitarian_incident_04,0.03152593298302453,authorize_emergency_resource,8,0.3988513426476674
v6-pilot_sketch_cost-humanitarian-compound-private_fragmented-e60962-never_act-c050-periodic,never_act,0.5,periodic,0.9595968106993853,humanitarian_regional_hub_01_2,0.9717940236518883,abstain,humanitarian_incident_01,0.028205976348111728,authorize_emergency_resource,10,0.42460905491597056
v6-pilot_sketch_cost-humanitarian-compound-private_fragmented-e60962-never_act-c050-periodic,never_act,0.5,periodic,0.3249360862012229,humanitarian_ngo_02_3,0.9313283977751141,abstain,humanitarian_incident_02,0.06867160222488589,reroute_or_reconfigure,10,0.031192481923298154
v6-pilot_sketch_cost-humanitarian-compound-private_fragmented-e60962-never_act-c050-periodic,never_act,0.5,periodic,0.6303157565591349,humanitarian_clinic_03_1,0.9389562745006035,abstain,humanitarian_incident_03,0.06104372549939652,authorize_emergency_resource,10,0.21411217195622592
v6-pilot_sketch_cost-humanitarian-compound-private_fragmented-e60962-never_act-c050-periodic,never_act,0.5,periodic,0.2670995239218157,humanitarian_clinic_04_3,0.8896722442378895,abstain,humanitarian_incident_04,0.11032775576211051,revise_commitment,10,0.2994949173076861
v6-pilot_sketch_cost-humanitarian-compound-private_fragmented-e60963-never_act-c050-always_on,never_act,0.5,always_on,0.45795042395607716,humanitarian_ngo_01_1,0.983176927024637,abstain,humanitarian_incident_01,0.016823072975363007,revise_commitment,2,0.5218216396195533
v6-pilot_sketch_cost-humanitarian-compound-private_fragmented-e60963-never_act-c050-always_on,never_act,0.5,always_on,0.6264429486178238,humanitarian_ngo_02_3,0.9022518455959337,abstain,humanitarian_incident_02,0.09774815440406626,authorize_emergency_resource,2,0.076892837906411
v6-pilot_sketch_cost-humanitarian-compound-private_fragmented-e60963-never_act-c050-always_on,never_act,0.5,always_on,0.7697757078276092,humanitarian_ngo_03_2,0.9079357221187264,abstain,humanitarian_incident_03,0.09206427788127358,revise_commitment,2,0.5043748933343857
v6-pilot_sketch_cost-humanitarian-compound-private_fragmented-e60963-never_act-c050-always_on,never_act,0.5,always_on,0.5343840462133197,humanitarian_clinic_04_3,0.8413000910272843,abstain,humanitarian_incident_04,0.1586999089727157,authorize_emergency_resource,2,0.27041882712421317
v6-pilot_sketch_cost-humanitarian-compound-private_fragmented-e60963-never_act-c050-always_on,never_act,0.5,always_on,0.4196985899082377,humanitarian_ngo_01_1,0.9003928809659492,abstain,humanitarian_incident_01,0.09960711903405084,revise_commitment,4,0.3075878036207944
v6-pilot_sketch_cost-humanitarian-compound-private_fragmented-e60963-never_act-c050-always_on,never_act,0.5,always_on,0.6661598560925572,humanitarian_ngo_02_3,0.8832663607906074,abstain,humanitarian_incident_02,0.11673363920939261,authorize_emergency_resource,4,0.36699762540758174
v6-pilot_sketch_cost-humanitarian-compound-private_fragmented-e60963-never_act-c050-always_on,never_act,0.5,always_on,0.9816666553339128,humanitarian_regional_hub_03_3,0.9817486915354345,abstain,humanitarian_incident_03,0.018251308464565463,deploy_repair_capacity,4,0.6889112889552393
v6-pilot_sketch_cost-humanitarian-compound-private_fragmented-e60963-never_act-c050-always_on,never_act,0.5,always_on,0.6013719731598318,humanitarian_clinic_04_3,0.8707674470121661,abstain,humanitarian_incident_04,0.12923255298783387,authorize_emergency_resource,4,0.3176820244926185
v6-pilot_sketch_cost-humanitarian-compound-private_fragmented-e60963-never_act-c050-always_on,never_act,0.5,always_on,0.4857409249559146,humanitarian_ngo_01_1,0.9905268838607004,abstain,humanitarian_incident_01,0.009473116139299576,revise_commitment,6,0.5311188121794655
v6-pilot_sketch_cost-humanitarian-compound-private_fragmented-e60963-never_act-c050-always_on,never_act,0.5,always_on,0.744260862310741,humanitarian_ngo_02_3,0.9499570781892968,abstain,humanitarian_incident_02,0.050042921810703245,authorize_emergency_resource,6,0.4427702860246739
v6-pilot_sketch_cost-humanitarian-compound-private_fragmented-e60963-never_act-c050-always_on,never_act,0.5,always_on,1.0153618749868125,humanitarian_regional_hub_03_3,0.9886407537948866,abstain,humanitarian_incident_03,0.011359246205113416,deploy_repair_capacity,6,0.5256539346678285
v6-pilot_sketch_cost-humanitarian-compound-private_fragmented-e60963-never_act-c050-always_on,never_act,0.5,always_on,0.48863109495704415,humanitarian_regional_hub_04_2,0.8402545202122864,abstain,humanitarian_incident_04,0.15974547978771358,reroute_or_reconfigure,6,0.32184054729882566
v6-pilot_sketch_cost-humanitarian-compound-private_fragmented-e60963-never_act-c050-always_on,never_act,0.5,always_on,0.4026805317435469,humanitarian_clinic_01_3,0.9707067965910645,abstain,humanitarian_incident_01,0.029293203408935486,revise_commitment,8,0.26341450322005644
v6-pilot_sketch_cost-humanitarian-compound-private_fragmented-e60963-never_act-c050-always_on,never_act,0.5,always_on,0.7493679987270316,humanitarian_clinic_02_2,0.8977382286286492,abstain,humanitarian_incident_02,0.10226177137135084,authorize_emergency_resource,8,0.5254066341163577
v6-pilot_sketch_cost-humanitarian-compound-private_fragmented-e60963-never_act-c050-always_on,never_act,0.5,always_on,1.0595021824928015,humanitarian_regional_hub_03_3,0.9622861294562839,abstain,humanitarian_incident_03,0.03771387054371611,reroute_or_reconfigure,8,0.34133118852966726
v6-pilot_sketch_cost-humanitarian-compound-private_fragmented-e60963-never_act-c050-always_on,never_act,0.5,always_on,0.6226365284520435,humanitarian_regional_hub_04_2,0.9156975402267477,abstain,humanitarian_incident_04,0.08430245977325235,deploy_repair_capacity,8,0.39715684967655607
v6-pilot_sketch_cost-humanitarian-compound-private_fragmented-e60963-never_act-c050-always_on,never_act,0.5,always_on,0.5061094797714794,humanitarian_ngo_01_1,0.9793974694878178,abstain,humanitarian_incident_01,0.020602530512182193,revise_commitment,10,0.5465496751686408
v6-pilot_sketch_cost-humanitarian-compound-private_fragmented-e60963-never_act-c050-always_on,never_act,0.5,always_on,0.7080587960185549,humanitarian_ngo_02_3,0.923380239760911,abstain,humanitarian_incident_02,0.07661976023908901,authorize_emergency_resource,10,0.10989744576443974
v6-pilot_sketch_cost-humanitarian-compound-private_fragmented-e60963-never_act-c050-always_on,never_act,0.5,always_on,1.0948686741945444,humanitarian_regional_hub_03_3,0.8836734235787186,abstain,humanitarian_incident_03,0.11632657642128141,deploy_repair_capacity,10,0.5276755987251469
v6-pilot_sketch_cost-humanitarian-compound-private_fragmented-e60963-never_act-c050-always_on,never_act,0.5,always_on,0.6359418971036612,humanitarian_clinic_04_3,0.897994788919241,abstain,humanitarian_incident_04,0.102005211080759,revise_commitment,10,0.33115375940703295
v6-pilot_sketch_cost-humanitarian-compound-private_fragmented-e60963-never_act-c050-event_triggered,never_act,0.5,event_triggered,0.45795042395607716,humanitarian_ngo_01_1,0.983176927024637,abstain,humanitarian_incident_01,0.016823072975363007,revise_commitment,2,0.5218216396195533
v6-pilot_sketch_cost-humanitarian-compound-private_fragmented-e60963-never_act-c050-event_triggered,never_act,0.5,event_triggered,0.6264429486178238,humanitarian_ngo_02_3,0.9022518455959337,abstain,humanitarian_incident_02,0.09774815440406626,authorize_emergency_resource,2,0.076892837906411
v6-pilot_sketch_cost-humanitarian-compound-private_fragmented-e60963-never_act-c050-event_triggered,never_act,0.5,event_triggered,0.7697757078276092,humanitarian_ngo_03_2,0.9043955944292097,abstain,humanitarian_incident_03,0.09560440557079031,revise_commitment,2,0.5043748933343857
v6-pilot_sketch_cost-humanitarian-compound-private_fragmented-e60963-never_act-c050-event_triggered,never_act,0.5,event_triggered,0.5343840462133197,humanitarian_clinic_04_3,0.8413000910272843,abstain,humanitarian_incident_04,0.1586999089727157,authorize_emergency_resource,2,0.27041882712421317
v6-pilot_sketch_cost-humanitarian-compound-private_fragmented-e60963-never_act-c050-event_triggered,never_act,0.5,event_triggered,0.4196985899082377,humanitarian_ngo_01_1,0.9063475768450366,abstain,humanitarian_incident_01,0.09365242315496336,revise_commitment,4,0.3075878036207944
v6-pilot_sketch_cost-humanitarian-compound-private_fragmented-e60963-never_act-c050-event_triggered,never_act,0.5,event_triggered,0.6661598560925572,humanitarian_ngo_02_3,0.8807010852675768,abstain,humanitarian_incident_02,0.11929891473242316,authorize_emergency_resource,4,0.36699762540758174
v6-pilot_sketch_cost-humanitarian-compound-private_fragmented-e60963-never_act-c050-event_triggered,never_act,0.5,event_triggered,0.9816666553339128,humanitarian_regional_hub_03_3,0.9817486915354345,abstain,humanitarian_incident_03,0.018251308464565463,deploy_repair_capacity,4,0.6889112889552393
v6-pilot_sketch_cost-humanitarian-compound-private_fragmented-e60963-never_act-c050-event_triggered,never_act,0.5,event_triggered,0.6013719731598318,humanitarian_clinic_04_3,0.8707674470121661,abstain,humanitarian_incident_04,0.12923255298783387,authorize_emergency_resource,4,0.3176820244926185
v6-pilot_sketch_cost-humanitarian-compound-private_fragmented-e60963-never_act-c050-event_triggered,never_act,0.5,event_triggered,0.4857409249559146,humanitarian_ngo_01_1,0.9866922396713967,abstain,humanitarian_incident_01,0.013307760328603258,revise_commitment,6,0.5311188121794655
v6-pilot_sketch_cost-humanitarian-compound-private_fragmented-e60963-never_act-c050-event_triggered,never_act,0.5,event_triggered,0.744260862310741,humanitarian_ngo_02_3,0.9499570781892968,abstain,humanitarian_incident_02,0.050042921810703245,authorize_emergency_resource,6,0.4427702860246739
v6-pilot_sketch_cost-humanitarian-compound-private_fragmented-e60963-never_act-c050-event_triggered,never_act,0.5,event_triggered,1.0153618749868125,humanitarian_regional_hub_03_3,0.9944259579594095,abstain,humanitarian_incident_03,0.005574042040590532,deploy_repair_capacity,6,0.5256539346678285
v6-pilot_sketch_cost-humanitarian-compound-private_fragmented-e60963-never_act-c050-event_triggered,never_act,0.5,event_triggered,0.48863109495704415,humanitarian_regional_hub_04_2,0.8402545202122864,abstain,humanitarian_incident_04,0.15974547978771358,reroute_or_reconfigure,6,0.32184054729882566
v6-pilot_sketch_cost-humanitarian-compound-private_fragmented-e60963-never_act-c050-event_triggered,never_act,0.5,event_triggered,0.4026805317435469,humanitarian_clinic_01_3,0.9707067965910645,abstain,humanitarian_incident_01,0.029293203408935486,revise_commitment,8,0.26341450322005644
v6-pilot_sketch_cost-humanitarian-compound-private_fragmented-e60963-never_act-c050-event_triggered,never_act,0.5,event_triggered,0.7493679987270316,humanitarian_clinic_02_2,0.8977382286286492,abstain,humanitarian_incident_02,0.10226177137135084,authorize_emergency_resource,8,0.5254066341163577
v6-pilot_sketch_cost-humanitarian-compound-private_fragmented-e60963-never_act-c050-event_triggered,never_act,0.5,event_triggered,1.0595021824928015,humanitarian_regional_hub_03_3,0.9622861294562839,abstain,humanitarian_incident_03,0.03771387054371611,reroute_or_reconfigure,8,0.34133118852966726
v6-pilot_sketch_cost-humanitarian-compound-private_fragmented-e60963-never_act-c050-event_triggered,never_act,0.5,event_triggered,0.6226365284520435,humanitarian_regional_hub_04_2,0.9156975402267477,abstain,humanitarian_incident_04,0.08430245977325235,deploy_repair_capacity,8,0.39715684967655607
v6-pilot_sketch_cost-humanitarian-compound-private_fragmented-e60963-never_act-c050-event_triggered,never_act,0.5,event_triggered,0.5061094797714794,humanitarian_ngo_01_1,0.9776955913690722,abstain,humanitarian_incident_01,0.022304408630927752,revise_commitment,10,0.5465496751686408
v6-pilot_sketch_cost-humanitarian-compound-private_fragmented-e60963-never_act-c050-event_triggered,never_act,0.5,event_triggered,0.7080587960185549,humanitarian_ngo_02_3,0.923380239760911,abstain,humanitarian_incident_02,0.07661976023908901,authorize_emergency_resource,10,0.10989744576443974
v6-pilot_sketch_cost-humanitarian-compound-private_fragmented-e60963-never_act-c050-event_triggered,never_act,0.5,event_triggered,1.0948686741945444,humanitarian_regional_hub_03_3,0.8836734235787186,abstain,humanitarian_incident_03,0.11632657642128141,deploy_repair_capacity,10,0.5276755987251469
v6-pilot_sketch_cost-humanitarian-compound-private_fragmented-e60963-never_act-c050-event_triggered,never_act,0.5,event_triggered,0.6359418971036612,humanitarian_clinic_04_3,0.897994788919241,abstain,humanitarian_incident_04,0.102005211080759,revise_commitment,10,0.33115375940703295
v6-pilot_sketch_cost-humanitarian-compound-private_fragmented-e60963-never_act-c050-none,never_act,0.5,none,0.45795042395607716,humanitarian_ngo_01_1,1.0,abstain,humanitarian_incident_01,0.0,revise_commitment,2,0.5218216396195533
v6-pilot_sketch_cost-humanitarian-compound-private_fragmented-e60963-never_act-c050-none,never_act,0.5,none,0.6264429486178238,humanitarian_ngo_02_3,1.0,abstain,humanitarian_incident_02,0.0,authorize_emergency_resource,2,0.076892837906411
v6-pilot_sketch_cost-humanitarian-compound-private_fragmented-e60963-never_act-c050-none,never_act,0.5,none,0.7697757078276092,humanitarian_ngo_03_2,1.0,abstain,humanitarian_incident_03,0.0,revise_commitment,2,0.5043748933343857
v6-pilot_sketch_cost-humanitarian-compound-private_fragmented-e60963-never_act-c050-none,never_act,0.5,none,0.5343840462133197,humanitarian_clinic_04_3,1.0,abstain,humanitarian_incident_04,0.0,authorize_emergency_resource,2,0.27041882712421317
v6-pilot_sketch_cost-humanitarian-compound-private_fragmented-e60963-never_act-c050-none,never_act,0.5,none,0.4196985899082377,humanitarian_ngo_01_1,1.0,abstain,humanitarian_incident_01,0.0,revise_commitment,4,0.3075878036207944
v6-pilot_sketch_cost-humanitarian-compound-private_fragmented-e60963-never_act-c050-none,never_act,0.5,none,0.6661598560925572,humanitarian_ngo_02_3,1.0,abstain,humanitarian_incident_02,0.0,authorize_emergency_resource,4,0.36699762540758174
v6-pilot_sketch_cost-humanitarian-compound-private_fragmented-e60963-never_act-c050-none,never_act,0.5,none,0.9816666553339128,humanitarian_regional_hub_03_3,1.0,abstain,humanitarian_incident_03,0.0,deploy_repair_capacity,4,0.6889112889552393
v6-pilot_sketch_cost-humanitarian-compound-private_fragmented-e60963-never_act-c050-none,never_act,0.5,none,0.6013719731598318,humanitarian_clinic_04_3,1.0,abstain,humanitarian_incident_04,0.0,authorize_emergency_resource,4,0.3176820244926185
v6-pilot_sketch_cost-humanitarian-compound-private_fragmented-e60963-never_act-c050-none,never_act,0.5,none,0.4857409249559146,humanitarian_ngo_01_1,1.0,abstain,humanitarian_incident_01,0.0,revise_commitment,6,0.5311188121794655
v6-pilot_sketch_cost-humanitarian-compound-private_fragmented-e60963-never_act-c050-none,never_act,0.5,none,0.744260862310741,humanitarian_ngo_02_3,1.0,abstain,humanitarian_incident_02,0.0,authorize_emergency_resource,6,0.4427702860246739
v6-pilot_sketch_cost-humanitarian-compound-private_fragmented-e60963-never_act-c050-none,never_act,0.5,none,1.0153618749868125,humanitarian_regional_hub_03_3,1.0,abstain,humanitarian_incident_03,0.0,deploy_repair_capacity,6,0.5256539346678285
v6-pilot_sketch_cost-humanitarian-compound-private_fragmented-e60963-never_act-c050-none,never_act,0.5,none,0.48863109495704415,humanitarian_regional_hub_04_2,1.0,abstain,humanitarian_incident_04,0.0,reroute_or_reconfigure,6,0.32184054729882566
v6-pilot_sketch_cost-humanitarian-compound-private_fragmented-e60963-never_act-c050-none,never_act,0.5,none,0.4026805317435469,humanitarian_clinic_01_3,1.0,abstain,humanitarian_incident_01,0.0,revise_commitment,8,0.26341450322005644
v6-pilot_sketch_cost-humanitarian-compound-private_fragmented-e60963-never_act-c050-none,never_act,0.5,none,0.7493679987270316,humanitarian_clinic_02_2,1.0,abstain,humanitarian_incident_02,0.0,authorize_emergency_resource,8,0.5254066341163577
v6-pilot_sketch_cost-humanitarian-compound-private_fragmented-e60963-never_act-c050-none,never_act,0.5,none,1.0595021824928015,humanitarian_regional_hub_03_3,1.0,abstain,humanitarian_incident_03,0.0,reroute_or_reconfigure,8,0.34133118852966726
v6-pilot_sketch_cost-humanitarian-compound-private_fragmented-e60963-never_act-c050-none,never_act,0.5,none,0.6226365284520435,humanitarian_regional_hub_04_2,1.0,abstain,humanitarian_incident_04,0.0,deploy_repair_capacity,8,0.39715684967655607
v6-pilot_sketch_cost-humanitarian-compound-private_fragmented-e60963-never_act-c050-none,never_act,0.5,none,0.5061094797714794,humanitarian_ngo_01_1,1.0,abstain,humanitarian_incident_01,0.0,revise_commitment,10,0.5465496751686408
v6-pilot_sketch_cost-humanitarian-compound-private_fragmented-e60963-never_act-c050-none,never_act,0.5,none,0.7080587960185549,humanitarian_ngo_02_3,1.0,abstain,humanitarian_incident_02,0.0,authorize_emergency_resource,10,0.10989744576443974
v6-pilot_sketch_cost-humanitarian-compound-private_fragmented-e60963-never_act-c050-none,never_act,0.5,none,1.0948686741945444,humanitarian_regional_hub_03_3,1.0,abstain,humanitarian_incident_03,0.0,deploy_repair_capacity,10,0.5276755987251469
v6-pilot_sketch_cost-humanitarian-compound-private_fragmented-e60963-never_act-c050-none,never_act,0.5,none,0.6359418971036612,humanitarian_clinic_04_3,1.0,abstain,humanitarian_incident_04,0.0,revise_commitment,10,0.33115375940703295
v6-pilot_sketch_cost-humanitarian-compound-private_fragmented-e60963-never_act-c050-periodic,never_act,0.5,periodic,0.45795042395607716,humanitarian_ngo_01_1,0.9779145554341165,abstain,humanitarian_incident_01,0.02208544456588346,revise_commitment,2,0.5218216396195533
v6-pilot_sketch_cost-humanitarian-compound-private_fragmented-e60963-never_act-c050-periodic,never_act,0.5,periodic,0.6264429486178238,humanitarian_ngo_02_3,0.8700566004409273,abstain,humanitarian_incident_02,0.12994339955907275,authorize_emergency_resource,2,0.076892837906411
v6-pilot_sketch_cost-humanitarian-compound-private_fragmented-e60963-never_act-c050-periodic,never_act,0.5,periodic,0.7697757078276092,humanitarian_ngo_03_2,0.9793068205956122,abstain,humanitarian_incident_03,0.02069317940438775,revise_commitment,2,0.5043748933343857
v6-pilot_sketch_cost-humanitarian-compound-private_fragmented-e60963-never_act-c050-periodic,never_act,0.5,periodic,0.5343840462133197,humanitarian_clinic_04_3,0.8536946508686832,abstain,humanitarian_incident_04,0.14630534913131676,authorize_emergency_resource,2,0.27041882712421317
v6-pilot_sketch_cost-humanitarian-compound-private_fragmented-e60963-never_act-c050-periodic,never_act,0.5,periodic,0.4196985899082377,humanitarian_ngo_01_1,0.8531518220973,abstain,humanitarian_incident_01,0.1468481779027,revise_commitment,4,0.3075878036207944
v6-pilot_sketch_cost-humanitarian-compound-private_fragmented-e60963-never_act-c050-periodic,never_act,0.5,periodic,0.6661598560925572,humanitarian_ngo_02_3,0.9363468240987335,abstain,humanitarian_incident_02,0.06365317590126651,authorize_emergency_resource,4,0.36699762540758174
v6-pilot_sketch_cost-humanitarian-compound-private_fragmented-e60963-never_act-c050-periodic,never_act,0.5,periodic,0.9816666553339128,humanitarian_regional_hub_03_3,0.9603784382398798,abstain,humanitarian_incident_03,0.039621561760120216,deploy_repair_capacity,4,0.6889112889552393
v6-pilot_sketch_cost-humanitarian-compound-private_fragmented-e60963-never_act-c050-periodic,never_act,0.5,periodic,0.6013719731598318,humanitarian_clinic_04_3,0.8197092080702751,abstain,humanitarian_incident_04,0.18029079192972486,authorize_emergency_resource,4,0.3176820244926185
v6-pilot_sketch_cost-humanitarian-compound-private_fragmented-e60963-never_act-c050-periodic,never_act,0.5,periodic,0.4857409249559146,humanitarian_ngo_01_1,0.9905268838607004,abstain,humanitarian_incident_01,0.009473116139299576,revise_commitment,6,0.5311188121794655
v6-pilot_sketch_cost-humanitarian-compound-private_fragmented-e60963-never_act-c050-periodic,never_act,0.5,periodic,0.744260862310741,humanitarian_ngo_02_3,0.9499570781892968,abstain,humanitarian_incident_02,0.050042921810703245,authorize_emergency_resource,6,0.4427702860246739
v6-pilot_sketch_cost-humanitarian-compound-private_fragmented-e60963-never_act-c050-periodic,never_act,0.5,periodic,1.0153618749868125,humanitarian_regional_hub_03_3,0.9886407537948866,abstain,humanitarian_incident_03,0.011359246205113416,deploy_repair_capacity,6,0.5256539346678285
v6-pilot_sketch_cost-humanitarian-compound-private_fragmented-e60963-never_act-c050-periodic,never_act,0.5,periodic,0.48863109495704415,humanitarian_regional_hub_04_2,0.8367809573693187,abstain,humanitarian_incident_04,0.16321904263068132,reroute_or_reconfigure,6,0.32184054729882566
v6-pilot_sketch_cost-humanitarian-compound-private_fragmented-e60963-never_act-c050-periodic,never_act,0.5,periodic,0.4026805317435469,humanitarian_clinic_01_3,0.9759380889799887,abstain,humanitarian_incident_01,0.024061911020011317,revise_commitment,8,0.26341450322005644
v6-pilot_sketch_cost-humanitarian-compound-private_fragmented-e60963-never_act-c050-periodic,never_act,0.5,periodic,0.7493679987270316,humanitarian_clinic_02_2,0.9838021070447982,abstain,humanitarian_incident_02,0.016197892955201798,authorize_emergency_resource,8,0.5254066341163577
v6-pilot_sketch_cost-humanitarian-compound-private_fragmented-e60963-never_act-c050-periodic,never_act,0.5,periodic,1.0595021824928015,humanitarian_regional_hub_03_3,0.9623360500304484,abstain,humanitarian_incident_03,0.03766394996955158,reroute_or_reconfigure,8,0.34133118852966726
v6-pilot_sketch_cost-humanitarian-compound-private_fragmented-e60963-never_act-c050-periodic,never_act,0.5,periodic,0.6226365284520435,humanitarian_regional_hub_04_2,0.8742283620187825,abstain,humanitarian_incident_04,0.1257716379812175,deploy_repair_capacity,8,0.39715684967655607
v6-pilot_sketch_cost-humanitarian-compound-private_fragmented-e60963-never_act-c050-periodic,never_act,0.5,periodic,0.5061094797714794,humanitarian_ngo_01_1,0.966178295535282,abstain,humanitarian_incident_01,0.033821704464717994,revise_commitment,10,0.5465496751686408
v6-pilot_sketch_cost-humanitarian-compound-private_fragmented-e60963-never_act-c050-periodic,never_act,0.5,periodic,0.7080587960185549,humanitarian_ngo_02_3,0.9043415799981454,abstain,humanitarian_incident_02,0.09565842000185465,authorize_emergency_resource,10,0.10989744576443974
v6-pilot_sketch_cost-humanitarian-compound-private_fragmented-e60963-never_act-c050-periodic,never_act,0.5,periodic,1.0948686741945444,humanitarian_regional_hub_03_3,0.9918580519259932,abstain,humanitarian_incident_03,0.00814194807400681,deploy_repair_capacity,10,0.5276755987251469
v6-pilot_sketch_cost-humanitarian-compound-private_fragmented-e60963-never_act-c050-periodic,never_act,0.5,periodic,0.6359418971036612,humanitarian_clinic_04_3,0.9287060446972497,abstain,humanitarian_incident_04,0.07129395530275029,revise_commitment,10,0.33115375940703295
v6-pilot_sketch_cost-humanitarian-partition-private_fragmented-e60961-never_act-c050-always_on,never_act,0.5,always_on,0.11651190713837534,humanitarian_regional_hub_01_2,0.958989499854578,abstain,humanitarian_incident_01,0.04101050014542196,deploy_repair_capacity,2,0.5318395865673072
v6-pilot_sketch_cost-humanitarian-partition-private_fragmented-e60961-never_act-c050-always_on,never_act,0.5,always_on,0.08324608260586885,humanitarian_clinic_02_2,0.9344184087612132,abstain,humanitarian_incident_02,0.06558159123878682,authorize_emergency_resource,2,0.2852056367935709
v6-pilot_sketch_cost-humanitarian-partition-private_fragmented-e60961-never_act-c050-always_on,never_act,0.5,always_on,0.12798371403517986,humanitarian_ngo_03_2,0.9036159478587488,abstain,humanitarian_incident_03,0.09638405214125123,authorize_emergency_resource,2,0.10188340365679438
v6-pilot_sketch_cost-humanitarian-partition-private_fragmented-e60961-never_act-c050-always_on,never_act,0.5,always_on,-0.13487709142069604,humanitarian_regional_hub_04_2,0.9859397387533643,abstain,humanitarian_incident_04,0.01406026124663573,authorize_emergency_resource,2,0.46731095956432217
v6-pilot_sketch_cost-humanitarian-partition-private_fragmented-e60961-never_act-c050-always_on,never_act,0.5,always_on,0.36450565232376625,humanitarian_clinic_01_3,0.8933880465225634,abstain,humanitarian_incident_01,0.10661195347743657,revise_commitment,4,0.2878501058119067
v6-pilot_sketch_cost-humanitarian-partition-private_fragmented-e60961-never_act-c050-always_on,never_act,0.5,always_on,-0.18755297245992614,humanitarian_regional_hub_02_1,0.981616184961633,abstain,humanitarian_incident_02,0.018383815038366946,reroute_or_reconfigure,4,0.5193964034607407
v6-pilot_sketch_cost-humanitarian-partition-private_fragmented-e60961-never_act-c050-always_on,never_act,0.5,always_on,0.6040579730779313,humanitarian_regional_hub_03_3,0.9565178049435269,abstain,humanitarian_incident_03,0.043482195056473105,authorize_emergency_resource,4,0.45954943258929826
v6-pilot_sketch_cost-humanitarian-partition-private_fragmented-e60961-never_act-c050-always_on,never_act,0.5,always_on,0.23678320188296587,humanitarian_ngo_04_1,0.9718376700585073,abstain,humanitarian_incident_04,0.028162329941492703,authorize_emergency_resource,4,0.29483946202905464
v6-pilot_sketch_cost-humanitarian-partition-private_fragmented-e60961-never_act-c050-always_on,never_act,0.5,always_on,0.4314137983802645,humanitarian_ngo_01_1,0.8790267232591698,abstain,humanitarian_incident_01,0.12097327674083025,revise_commitment,6,0.4390078167689258
v6-pilot_sketch_cost-humanitarian-partition-private_fragmented-e60961-never_act-c050-always_on,never_act,0.5,always_on,-0.17643101287797539,humanitarian_regional_hub_02_1,0.9562214401219965,abstain,humanitarian_incident_02,0.0437785598780035,reroute_or_reconfigure,6,0.2800620409621767
v6-pilot_sketch_cost-humanitarian-partition-private_fragmented-e60961-never_act-c050-always_on,never_act,0.5,always_on,0.625130511769408,humanitarian_regional_hub_03_3,0.943575706004547,abstain,humanitarian_incident_03,0.05642429399545301,authorize_emergency_resource,6,0.5045866891653655
v6-pilot_sketch_cost-humanitarian-partition-private_fragmented-e60961-never_act-c050-always_on,never_act,0.5,always_on,0.2658424178484135,humanitarian_ngo_04_1,0.9889776738213625,abstain,humanitarian_incident_04,0.01102232617863752,authorize_emergency_resource,6,0.5123597129901791
v6-pilot_sketch_cost-humanitarian-partition-private_fragmented-e60961-never_act-c050-always_on,never_act,0.5,always_on,0.14695000461809402,humanitarian_regional_hub_01_2,0.9867119338337308,abstain,humanitarian_incident_01,0.013288066166269208,reroute_or_reconfigure,8,0.619818586426673
v6-pilot_sketch_cost-humanitarian-partition-private_fragmented-e60961-never_act-c050-always_on,never_act,0.5,always_on,0.12845871201528677,humanitarian_clinic_02_2,0.9333335055217671,abstain,humanitarian_incident_02,0.06666649447823292,authorize_emergency_resource,8,0.3918849295512179
v6-pilot_sketch_cost-humanitarian-partition-private_fragmented-e60961-never_act-c050-always_on,never_act,0.5,always_on,0.17166069534562828,humanitarian_ngo_03_2,0.9403090790610027,abstain,humanitarian_incident_03,0.059690920938997305,authorize_emergency_resource,8,0.2556405483122237
v6-pilot_sketch_cost-humanitarian-partition-private_fragmented-e60961-never_act-c050-always_on,never_act,0.5,always_on,-0.08332682496618252,humanitarian_regional_hub_04_2,0.9780150907558267,abstain,humanitarian_incident_04,0.02198490924417329,authorize_emergency_resource,8,0.09583741070531654
v6-pilot_sketch_cost-humanitarian-partition-private_fragmented-e60961-never_act-c050-always_on,never_act,0.5,always_on,0.42561510565645905,humanitarian_ngo_01_1,0.9718009993198988,abstain,humanitarian_incident_01,0.02819900068010117,reroute_or_reconfigure,10,0.3144726591779414
v6-pilot_sketch_cost-humanitarian-partition-private_fragmented-e60961-never_act-c050-always_on,never_act,0.5,always_on,-0.181076923976915,humanitarian_regional_hub_02_1,0.9572503667455959,abstain,humanitarian_incident_02,0.04274963325440406,deploy_repair_capacity,10,0.6394030683901472
v6-pilot_sketch_cost-humanitarian-partition-private_fragmented-e60961-never_act-c050-always_on,never_act,0.5,always_on,0.6657172247624128,humanitarian_regional_hub_03_3,0.9188056228405822,abstain,humanitarian_incident_03,0.0811943771594178,reroute_or_reconfigure,10,0.36115483697181316
v6-pilot_sketch_cost-humanitarian-partition-private_fragmented-e60961-never_act-c050-always_on,never_act,0.5,always_on,0.304929620319714,humanitarian_ngo_04_1,0.9963536158674976,abstain,humanitarian_incident_04,0.0036463841325024005,reroute_or_reconfigure,10,0.6247638488878005
v6-pilot_sketch_cost-humanitarian-partition-private_fragmented-e60961-never_act-c050-event_triggered,never_act,0.5,event_triggered,0.11651190713837534,humanitarian_regional_hub_01_2,0.958989499854578,abstain,humanitarian_incident_01,0.04101050014542196,deploy_repair_capacity,2,0.5318395865673072
v6-pilot_sketch_cost-humanitarian-partition-private_fragmented-e60961-never_act-c050-event_triggered,never_act,0.5,event_triggered,0.08324608260586885,humanitarian_clinic_02_2,0.9344184087612132,abstain,humanitarian_incident_02,0.06558159123878682,authorize_emergency_resource,2,0.2852056367935709
v6-pilot_sketch_cost-humanitarian-partition-private_fragmented-e60961-never_act-c050-event_triggered,never_act,0.5,event_triggered,0.12798371403517986,humanitarian_ngo_03_2,0.9036159478587488,abstain,humanitarian_incident_03,0.09638405214125123,authorize_emergency_resource,2,0.10188340365679438
v6-pilot_sketch_cost-humanitarian-partition-private_fragmented-e60961-never_act-c050-event_triggered,never_act,0.5,event_triggered,-0.13487709142069604,humanitarian_regional_hub_04_2,0.9859397387533643,abstain,humanitarian_incident_04,0.01406026124663573,authorize_emergency_resource,2,0.46731095956432217
v6-pilot_sketch_cost-humanitarian-partition-private_fragmented-e60961-never_act-c050-event_triggered,never_act,0.5,event_triggered,0.36450565232376625,humanitarian_clinic_01_3,0.8933880465225634,abstain,humanitarian_incident_01,0.10661195347743657,revise_commitment,4,0.2878501058119067
v6-pilot_sketch_cost-humanitarian-partition-private_fragmented-e60961-never_act-c050-event_triggered,never_act,0.5,event_triggered,-0.18755297245992614,humanitarian_regional_hub_02_1,0.981616184961633,abstain,humanitarian_incident_02,0.018383815038366946,reroute_or_reconfigure,4,0.5193964034607407
v6-pilot_sketch_cost-humanitarian-partition-private_fragmented-e60961-never_act-c050-event_triggered,never_act,0.5,event_triggered,0.6040579730779313,humanitarian_regional_hub_03_3,0.9565178049435269,abstain,humanitarian_incident_03,0.043482195056473105,authorize_emergency_resource,4,0.45954943258929826
v6-pilot_sketch_cost-humanitarian-partition-private_fragmented-e60961-never_act-c050-event_triggered,never_act,0.5,event_triggered,0.23678320188296587,humanitarian_ngo_04_1,0.9718376700585073,abstain,humanitarian_incident_04,0.028162329941492703,authorize_emergency_resource,4,0.29483946202905464
v6-pilot_sketch_cost-humanitarian-partition-private_fragmented-e60961-never_act-c050-event_triggered,never_act,0.5,event_triggered,0.4314137983802645,humanitarian_ngo_01_1,0.8790267232591698,abstain,humanitarian_incident_01,0.12097327674083025,revise_commitment,6,0.4390078167689258
v6-pilot_sketch_cost-humanitarian-partition-private_fragmented-e60961-never_act-c050-event_triggered,never_act,0.5,event_triggered,-0.17643101287797539,humanitarian_regional_hub_02_1,0.9634109790043428,abstain,humanitarian_incident_02,0.036589020995657195,reroute_or_reconfigure,6,0.2800620409621767
v6-pilot_sketch_cost-humanitarian-partition-private_fragmented-e60961-never_act-c050-event_triggered,never_act,0.5,event_triggered,0.625130511769408,humanitarian_regional_hub_03_3,0.943575706004547,abstain,humanitarian_incident_03,0.05642429399545301,authorize_emergency_resource,6,0.5045866891653655
v6-pilot_sketch_cost-humanitarian-partition-private_fragmented-e60961-never_act-c050-event_triggered,never_act,0.5,event_triggered,0.2658424178484135,humanitarian_ngo_04_1,0.989574903156482,abstain,humanitarian_incident_04,0.010425096843518,authorize_emergency_resource,6,0.5123597129901791
v6-pilot_sketch_cost-humanitarian-partition-private_fragmented-e60961-never_act-c050-event_triggered,never_act,0.5,event_triggered,0.14695000461809402,humanitarian_regional_hub_01_2,0.9867119338337308,abstain,humanitarian_incident_01,0.013288066166269208,reroute_or_reconfigure,8,0.619818586426673
v6-pilot_sketch_cost-humanitarian-partition-private_fragmented-e60961-never_act-c050-event_triggered,never_act,0.5,event_triggered,0.12845871201528677,humanitarian_clinic_02_2,0.9333335055217671,abstain,humanitarian_incident_02,0.06666649447823292,authorize_emergency_resource,8,0.3918849295512179
v6-pilot_sketch_cost-humanitarian-partition-private_fragmented-e60961-never_act-c050-event_triggered,never_act,0.5,event_triggered,0.17166069534562828,humanitarian_ngo_03_2,0.9403090790610027,abstain,humanitarian_incident_03,0.059690920938997305,authorize_emergency_resource,8,0.2556405483122237
v6-pilot_sketch_cost-humanitarian-partition-private_fragmented-e60961-never_act-c050-event_triggered,never_act,0.5,event_triggered,-0.08332682496618252,humanitarian_regional_hub_04_2,0.9780150907558267,abstain,humanitarian_incident_04,0.02198490924417329,authorize_emergency_resource,8,0.09583741070531654
v6-pilot_sketch_cost-humanitarian-partition-private_fragmented-e60961-never_act-c050-event_triggered,never_act,0.5,event_triggered,0.42561510565645905,humanitarian_ngo_01_1,0.9718009993198988,abstain,humanitarian_incident_01,0.02819900068010117,reroute_or_reconfigure,10,0.3144726591779414
v6-pilot_sketch_cost-humanitarian-partition-private_fragmented-e60961-never_act-c050-event_triggered,never_act,0.5,event_triggered,-0.181076923976915,humanitarian_regional_hub_02_1,0.9616561118470163,abstain,humanitarian_incident_02,0.03834388815298373,deploy_repair_capacity,10,0.6394030683901472
v6-pilot_sketch_cost-humanitarian-partition-private_fragmented-e60961-never_act-c050-event_triggered,never_act,0.5,event_triggered,0.6657172247624128,humanitarian_regional_hub_03_3,0.9188056228405822,abstain,humanitarian_incident_03,0.0811943771594178,reroute_or_reconfigure,10,0.36115483697181316
v6-pilot_sketch_cost-humanitarian-partition-private_fragmented-e60961-never_act-c050-event_triggered,never_act,0.5,event_triggered,0.304929620319714,humanitarian_ngo_04_1,0.9963536158674976,abstain,humanitarian_incident_04,0.0036463841325024005,reroute_or_reconfigure,10,0.6247638488878005
v6-pilot_sketch_cost-humanitarian-partition-private_fragmented-e60961-never_act-c050-none,never_act,0.5,none,0.11651190713837534,humanitarian_regional_hub_01_2,1.0,abstain,humanitarian_incident_01,0.0,deploy_repair_capacity,2,0.5318395865673072
v6-pilot_sketch_cost-humanitarian-partition-private_fragmented-e60961-never_act-c050-none,never_act,0.5,none,0.08324608260586885,humanitarian_clinic_02_2,1.0,abstain,humanitarian_incident_02,0.0,authorize_emergency_resource,2,0.2852056367935709
v6-pilot_sketch_cost-humanitarian-partition-private_fragmented-e60961-never_act-c050-none,never_act,0.5,none,0.12798371403517986,humanitarian_ngo_03_2,1.0,abstain,humanitarian_incident_03,0.0,authorize_emergency_resource,2,0.10188340365679438
v6-pilot_sketch_cost-humanitarian-partition-private_fragmented-e60961-never_act-c050-none,never_act,0.5,none,-0.13487709142069604,humanitarian_regional_hub_04_2,0.9999999999999999,abstain,humanitarian_incident_04,1.1102230246251565e-16,authorize_emergency_resource,2,0.46731095956432217
v6-pilot_sketch_cost-humanitarian-partition-private_fragmented-e60961-never_act-c050-none,never_act,0.5,none,0.36450565232376625,humanitarian_clinic_01_3,1.0,abstain,humanitarian_incident_01,0.0,revise_commitment,4,0.2878501058119067
v6-pilot_sketch_cost-humanitarian-partition-private_fragmented-e60961-never_act-c050-none,never_act,0.5,none,-0.18755297245992614,humanitarian_regional_hub_02_1,1.0,abstain,humanitarian_incident_02,0.0,reroute_or_reconfigure,4,0.5193964034607407
v6-pilot_sketch_cost-humanitarian-partition-private_fragmented-e60961-never_act-c050-none,never_act,0.5,none,0.6040579730779313,humanitarian_regional_hub_03_3,1.0,abstain,humanitarian_incident_03,0.0,authorize_emergency_resource,4,0.45954943258929826
v6-pilot_sketch_cost-humanitarian-partition-private_fragmented-e60961-never_act-c050-none,never_act,0.5,none,0.23678320188296587,humanitarian_ngo_04_1,1.0,abstain,humanitarian_incident_04,0.0,authorize_emergency_resource,4,0.29483946202905464
v6-pilot_sketch_cost-humanitarian-partition-private_fragmented-e60961-never_act-c050-none,never_act,0.5,none,0.4314137983802645,humanitarian_ngo_01_1,1.0,abstain,humanitarian_incident_01,0.0,revise_commitment,6,0.4390078167689258
v6-pilot_sketch_cost-humanitarian-partition-private_fragmented-e60961-never_act-c050-none,never_act,0.5,none,-0.17643101287797539,humanitarian_regional_hub_02_1,1.0,abstain,humanitarian_incident_02,0.0,reroute_or_reconfigure,6,0.2800620409621767
v6-pilot_sketch_cost-humanitarian-partition-private_fragmented-e60961-never_act-c050-none,never_act,0.5,none,0.625130511769408,humanitarian_regional_hub_03_3,1.0,abstain,humanitarian_incident_03,0.0,authorize_emergency_resource,6,0.5045866891653655
v6-pilot_sketch_cost-humanitarian-partition-private_fragmented-e60961-never_act-c050-none,never_act,0.5,none,0.2658424178484135,humanitarian_ngo_04_1,1.0,abstain,humanitarian_incident_04,0.0,authorize_emergency_resource,6,0.5123597129901791
v6-pilot_sketch_cost-humanitarian-partition-private_fragmented-e60961-never_act-c050-none,never_act,0.5,none,0.14695000461809402,humanitarian_regional_hub_01_2,1.0,abstain,humanitarian_incident_01,0.0,reroute_or_reconfigure,8,0.619818586426673
v6-pilot_sketch_cost-humanitarian-partition-private_fragmented-e60961-never_act-c050-none,never_act,0.5,none,0.12845871201528677,humanitarian_clinic_02_2,1.0,abstain,humanitarian_incident_02,0.0,authorize_emergency_resource,8,0.3918849295512179
v6-pilot_sketch_cost-humanitarian-partition-private_fragmented-e60961-never_act-c050-none,never_act,0.5,none,0.17166069534562828,humanitarian_ngo_03_2,1.0,abstain,humanitarian_incident_03,0.0,authorize_emergency_resource,8,0.2556405483122237
v6-pilot_sketch_cost-humanitarian-partition-private_fragmented-e60961-never_act-c050-none,never_act,0.5,none,-0.08332682496618252,humanitarian_regional_hub_04_2,1.0,abstain,humanitarian_incident_04,0.0,authorize_emergency_resource,8,0.09583741070531654
v6-pilot_sketch_cost-humanitarian-partition-private_fragmented-e60961-never_act-c050-none,never_act,0.5,none,0.42561510565645905,humanitarian_ngo_01_1,1.0,abstain,humanitarian_incident_01,0.0,reroute_or_reconfigure,10,0.3144726591779414
v6-pilot_sketch_cost-humanitarian-partition-private_fragmented-e60961-never_act-c050-none,never_act,0.5,none,-0.181076923976915,humanitarian_regional_hub_02_1,1.0,abstain,humanitarian_incident_02,0.0,deploy_repair_capacity,10,0.6394030683901472
v6-pilot_sketch_cost-humanitarian-partition-private_fragmented-e60961-never_act-c050-none,never_act,0.5,none,0.6657172247624128,humanitarian_regional_hub_03_3,1.0,abstain,humanitarian_incident_03,0.0,reroute_or_reconfigure,10,0.36115483697181316
v6-pilot_sketch_cost-humanitarian-partition-private_fragmented-e60961-never_act-c050-none,never_act,0.5,none,0.304929620319714,humanitarian_ngo_04_1,1.0,abstain,humanitarian_incident_04,0.0,reroute_or_reconfigure,10,0.6247638488878005
v6-pilot_sketch_cost-humanitarian-partition-private_fragmented-e60961-never_act-c050-periodic,never_act,0.5,periodic,0.11651190713837534,humanitarian_regional_hub_01_2,0.8608905934693395,abstain,humanitarian_incident_01,0.1391094065306605,deploy_repair_capacity,2,0.5318395865673072
v6-pilot_sketch_cost-humanitarian-partition-private_fragmented-e60961-never_act-c050-periodic,never_act,0.5,periodic,0.08324608260586885,humanitarian_clinic_02_2,0.9610475372739972,abstain,humanitarian_incident_02,0.038952462726002834,authorize_emergency_resource,2,0.2852056367935709
v6-pilot_sketch_cost-humanitarian-partition-private_fragmented-e60961-never_act-c050-periodic,never_act,0.5,periodic,0.12798371403517986,humanitarian_ngo_03_2,0.8583259830373952,abstain,humanitarian_incident_03,0.14167401696260484,authorize_emergency_resource,2,0.10188340365679438
v6-pilot_sketch_cost-humanitarian-partition-private_fragmented-e60961-never_act-c050-periodic,never_act,0.5,periodic,-0.13487709142069604,humanitarian_regional_hub_04_2,0.8896522476779736,abstain,humanitarian_incident_04,0.11034775232202643,authorize_emergency_resource,2,0.46731095956432217
v6-pilot_sketch_cost-humanitarian-partition-private_fragmented-e60961-never_act-c050-periodic,never_act,0.5,periodic,0.36450565232376625,humanitarian_clinic_01_3,0.9062550312196009,abstain,humanitarian_incident_01,0.09374496878039906,revise_commitment,4,0.2878501058119067
v6-pilot_sketch_cost-humanitarian-partition-private_fragmented-e60961-never_act-c050-periodic,never_act,0.5,periodic,-0.18755297245992614,humanitarian_regional_hub_02_1,0.8711729965662893,abstain,humanitarian_incident_02,0.12882700343371067,reroute_or_reconfigure,4,0.5193964034607407
v6-pilot_sketch_cost-humanitarian-partition-private_fragmented-e60961-never_act-c050-periodic,never_act,0.5,periodic,0.6040579730779313,humanitarian_regional_hub_03_3,0.9896808509468659,abstain,humanitarian_incident_03,0.010319149053134136,authorize_emergency_resource,4,0.45954943258929826
v6-pilot_sketch_cost-humanitarian-partition-private_fragmented-e60961-never_act-c050-periodic,never_act,0.5,periodic,0.23678320188296587,humanitarian_ngo_04_1,0.941887547000978,abstain,humanitarian_incident_04,0.05811245299902201,authorize_emergency_resource,4,0.29483946202905464
v6-pilot_sketch_cost-humanitarian-partition-private_fragmented-e60961-never_act-c050-periodic,never_act,0.5,periodic,0.4314137983802645,humanitarian_ngo_01_1,0.8745771746051149,abstain,humanitarian_incident_01,0.12542282539488514,revise_commitment,6,0.4390078167689258
v6-pilot_sketch_cost-humanitarian-partition-private_fragmented-e60961-never_act-c050-periodic,never_act,0.5,periodic,-0.17643101287797539,humanitarian_regional_hub_02_1,0.9036238157258583,abstain,humanitarian_incident_02,0.09637618427414174,reroute_or_reconfigure,6,0.2800620409621767
v6-pilot_sketch_cost-humanitarian-partition-private_fragmented-e60961-never_act-c050-periodic,never_act,0.5,periodic,0.625130511769408,humanitarian_regional_hub_03_3,0.9726233332588161,abstain,humanitarian_incident_03,0.027376666741183886,authorize_emergency_resource,6,0.5045866891653655
v6-pilot_sketch_cost-humanitarian-partition-private_fragmented-e60961-never_act-c050-periodic,never_act,0.5,periodic,0.2658424178484135,humanitarian_ngo_04_1,0.9614189750937062,abstain,humanitarian_incident_04,0.03858102490629378,authorize_emergency_resource,6,0.5123597129901791
v6-pilot_sketch_cost-humanitarian-partition-private_fragmented-e60961-never_act-c050-periodic,never_act,0.5,periodic,0.14695000461809402,humanitarian_regional_hub_01_2,0.9501266886076637,abstain,humanitarian_incident_01,0.049873311392336306,reroute_or_reconfigure,8,0.619818586426673
v6-pilot_sketch_cost-humanitarian-partition-private_fragmented-e60961-never_act-c050-periodic,never_act,0.5,periodic,0.12845871201528677,humanitarian_clinic_02_2,0.9927400233398773,abstain,humanitarian_incident_02,0.00725997666012268,authorize_emergency_resource,8,0.3918849295512179
v6-pilot_sketch_cost-humanitarian-partition-private_fragmented-e60961-never_act-c050-periodic,never_act,0.5,periodic,0.17166069534562828,humanitarian_ngo_03_2,0.9171412983588473,abstain,humanitarian_incident_03,0.08285870164115272,authorize_emergency_resource,8,0.2556405483122237
v6-pilot_sketch_cost-humanitarian-partition-private_fragmented-e60961-never_act-c050-periodic,never_act,0.5,periodic,-0.08332682496618252,humanitarian_regional_hub_04_2,0.9523060492247327,abstain,humanitarian_incident_04,0.04769395077526728,authorize_emergency_resource,8,0.09583741070531654
v6-pilot_sketch_cost-humanitarian-partition-private_fragmented-e60961-never_act-c050-periodic,never_act,0.5,periodic,0.42561510565645905,humanitarian_ngo_01_1,0.9828446333666265,abstain,humanitarian_incident_01,0.01715536663337347,reroute_or_reconfigure,10,0.3144726591779414
v6-pilot_sketch_cost-humanitarian-partition-private_fragmented-e60961-never_act-c050-periodic,never_act,0.5,periodic,-0.181076923976915,humanitarian_regional_hub_02_1,0.9491778395780762,abstain,humanitarian_incident_02,0.05082216042192378,deploy_repair_capacity,10,0.6394030683901472
v6-pilot_sketch_cost-humanitarian-partition-private_fragmented-e60961-never_act-c050-periodic,never_act,0.5,periodic,0.6657172247624128,humanitarian_regional_hub_03_3,0.9075124984431704,abstain,humanitarian_incident_03,0.09248750155682961,reroute_or_reconfigure,10,0.36115483697181316
v6-pilot_sketch_cost-humanitarian-partition-private_fragmented-e60961-never_act-c050-periodic,never_act,0.5,periodic,0.304929620319714,humanitarian_ngo_04_1,0.9785565288701211,abstain,humanitarian_incident_04,0.021443471129878877,reroute_or_reconfigure,10,0.6247638488878005
v6-pilot_sketch_cost-humanitarian-partition-private_fragmented-e60962-never_act-c050-always_on,never_act,0.5,always_on,-0.12159293957373526,humanitarian_regional_hub_01_2,0.8545753679861848,abstain,humanitarian_incident_01,0.14542463201381517,deploy_repair_capacity,2,0.37948552715478373
v6-pilot_sketch_cost-humanitarian-partition-private_fragmented-e60962-never_act-c050-always_on,never_act,0.5,always_on,0.07337865327448204,humanitarian_clinic_02_2,0.9100997489704761,abstain,humanitarian_incident_02,0.08990025102952393,revise_commitment,2,0.29707709865616827
v6-pilot_sketch_cost-humanitarian-partition-private_fragmented-e60962-never_act-c050-always_on,never_act,0.5,always_on,0.5442137175368421,humanitarian_ngo_03_2,0.9736366646308576,abstain,humanitarian_incident_03,0.02636333536914237,authorize_emergency_resource,2,0.3947762477827982
v6-pilot_sketch_cost-humanitarian-partition-private_fragmented-e60962-never_act-c050-always_on,never_act,0.5,always_on,0.4191249840186918,humanitarian_regional_hub_04_2,0.9314334900946513,abstain,humanitarian_incident_04,0.06856650990534874,authorize_emergency_resource,2,0.0757746829297036
v6-pilot_sketch_cost-humanitarian-partition-private_fragmented-e60962-never_act-c050-always_on,never_act,0.5,always_on,0.24894488628950667,humanitarian_clinic_01_3,0.910220566450858,abstain,humanitarian_incident_01,0.08977943354914197,authorize_emergency_resource,4,0.26013731108234694
v6-pilot_sketch_cost-humanitarian-partition-private_fragmented-e60962-never_act-c050-always_on,never_act,0.5,always_on,0.403956332661325,humanitarian_ngo_02_3,0.8424736590132526,abstain,humanitarian_incident_02,0.15752634098674745,authorize_emergency_resource,4,0.46485118692302524
v6-pilot_sketch_cost-humanitarian-partition-private_fragmented-e60962-never_act-c050-always_on,never_act,0.5,always_on,0.5314440637417797,humanitarian_regional_hub_03_3,0.9259065659832268,abstain,humanitarian_incident_03,0.07409343401677315,deploy_repair_capacity,4,0.5266755121195715
v6-pilot_sketch_cost-humanitarian-partition-private_fragmented-e60962-never_act-c050-always_on,never_act,0.5,always_on,0.6743968323298664,humanitarian_ngo_04_1,0.9440375063785712,abstain,humanitarian_incident_04,0.0559624936214288,authorize_emergency_resource,4,0.18539593876007826
v6-pilot_sketch_cost-humanitarian-partition-private_fragmented-e60962-never_act-c050-always_on,never_act,0.5,always_on,0.19180878742234084,humanitarian_clinic_01_3,0.9065756484747569,abstain,humanitarian_incident_01,0.09342435152524309,revise_commitment,6,0.3447783095333322
v6-pilot_sketch_cost-humanitarian-partition-private_fragmented-e60962-never_act-c050-always_on,never_act,0.5,always_on,0.3982182529282375,humanitarian_regional_hub_02_1,0.959603251537187,abstain,humanitarian_incident_02,0.04039674846281305,authorize_emergency_resource,6,0.3168541039644646
v6-pilot_sketch_cost-humanitarian-partition-private_fragmented-e60962-never_act-c050-always_on,never_act,0.5,always_on,0.5415539316032254,humanitarian_regional_hub_03_3,0.9531918081329614,abstain,humanitarian_incident_03,0.04680819186703855,reroute_or_reconfigure,6,0.36349474901693096
v6-pilot_sketch_cost-humanitarian-partition-private_fragmented-e60962-never_act-c050-always_on,never_act,0.5,always_on,0.7334304316217541,humanitarian_ngo_04_1,0.9224066568735935,abstain,humanitarian_incident_04,0.07759334312640653,revise_commitment,6,0.3760082928409163
v6-pilot_sketch_cost-humanitarian-partition-private_fragmented-e60962-never_act-c050-always_on,never_act,0.5,always_on,-0.22187153301952148,humanitarian_regional_hub_01_2,0.952054009609487,abstain,humanitarian_incident_01,0.04794599039051295,reroute_or_reconfigure,8,0.07782089372459361
v6-pilot_sketch_cost-humanitarian-partition-private_fragmented-e60962-never_act-c050-always_on,never_act,0.5,always_on,0.08955992447793626,humanitarian_clinic_02_2,0.9633764524919249,abstain,humanitarian_incident_02,0.03662354750807506,authorize_emergency_resource,8,0.1936520268409661
v6-pilot_sketch_cost-humanitarian-partition-private_fragmented-e60962-never_act-c050-always_on,never_act,0.5,always_on,0.6140715670462318,humanitarian_ngo_03_2,0.993416093013783,abstain,humanitarian_incident_03,0.006583906986217025,authorize_emergency_resource,8,0.6899269493521033
v6-pilot_sketch_cost-humanitarian-partition-private_fragmented-e60962-never_act-c050-always_on,never_act,0.5,always_on,0.503749001332415,humanitarian_regional_hub_04_2,0.9695560563308981,abstain,humanitarian_incident_04,0.03044394366910186,reroute_or_reconfigure,8,0.04011335464808252
v6-pilot_sketch_cost-humanitarian-partition-private_fragmented-e60962-never_act-c050-always_on,never_act,0.5,always_on,0.33000605295372315,humanitarian_clinic_01_3,0.8168079950674243,abstain,humanitarian_incident_01,0.1831920049325757,revise_commitment,10,0.6306413783170898
v6-pilot_sketch_cost-humanitarian-partition-private_fragmented-e60962-never_act-c050-always_on,never_act,0.5,always_on,0.47562241292621155,humanitarian_ngo_02_3,0.965212863714252,abstain,humanitarian_incident_02,0.03478713628574803,revise_commitment,10,0.33986980235999076
v6-pilot_sketch_cost-humanitarian-partition-private_fragmented-e60962-never_act-c050-always_on,never_act,0.5,always_on,0.598445713260939,humanitarian_regional_hub_03_3,0.9694759284845432,abstain,humanitarian_incident_03,0.030524071515456774,reroute_or_reconfigure,10,0.69328101084819
v6-pilot_sketch_cost-humanitarian-partition-private_fragmented-e60962-never_act-c050-always_on,never_act,0.5,always_on,0.7301421561584446,humanitarian_clinic_04_3,0.9452392995667153,abstain,humanitarian_incident_04,0.05476070043328474,authorize_emergency_resource,10,0.10762302898587861
v6-pilot_sketch_cost-humanitarian-partition-private_fragmented-e60962-never_act-c050-event_triggered,never_act,0.5,event_triggered,-0.12159293957373526,humanitarian_regional_hub_01_2,0.8545753679861848,abstain,humanitarian_incident_01,0.14542463201381517,deploy_repair_capacity,2,0.37948552715478373
v6-pilot_sketch_cost-humanitarian-partition-private_fragmented-e60962-never_act-c050-event_triggered,never_act,0.5,event_triggered,0.07337865327448204,humanitarian_clinic_02_2,0.9100997489704761,abstain,humanitarian_incident_02,0.08990025102952393,revise_commitment,2,0.29707709865616827
v6-pilot_sketch_cost-humanitarian-partition-private_fragmented-e60962-never_act-c050-event_triggered,never_act,0.5,event_triggered,0.5442137175368421,humanitarian_ngo_03_2,0.9770641705420707,abstain,humanitarian_incident_03,0.02293582945792927,authorize_emergency_resource,2,0.3947762477827982
v6-pilot_sketch_cost-humanitarian-partition-private_fragmented-e60962-never_act-c050-event_triggered,never_act,0.5,event_triggered,0.4191249840186918,humanitarian_regional_hub_04_2,0.9314334900946513,abstain,humanitarian_incident_04,0.06856650990534874,authorize_emergency_resource,2,0.0757746829297036
v6-pilot_sketch_cost-humanitarian-partition-private_fragmented-e60962-never_act-c050-event_triggered,never_act,0.5,event_triggered,0.24894488628950667,humanitarian_clinic_01_3,0.910220566450858,abstain,humanitarian_incident_01,0.08977943354914197,authorize_emergency_resource,4,0.26013731108234694
v6-pilot_sketch_cost-humanitarian-partition-private_fragmented-e60962-never_act-c050-event_triggered,never_act,0.5,event_triggered,0.403956332661325,humanitarian_ngo_02_3,0.8486965308735014,abstain,humanitarian_incident_02,0.1513034691264986,authorize_emergency_resource,4,0.46485118692302524
v6-pilot_sketch_cost-humanitarian-partition-private_fragmented-e60962-never_act-c050-event_triggered,never_act,0.5,event_triggered,0.5314440637417797,humanitarian_regional_hub_03_3,0.9259065659832268,abstain,humanitarian_incident_03,0.07409343401677315,deploy_repair_capacity,4,0.5266755121195715
v6-pilot_sketch_cost-humanitarian-partition-private_fragmented-e60962-never_act-c050-event_triggered,never_act,0.5,event_triggered,0.6743968323298664,humanitarian_ngo_04_1,0.9440375063785712,abstain,humanitarian_incident_04,0.0559624936214288,authorize_emergency_resource,4,0.18539593876007826
v6-pilot_sketch_cost-humanitarian-partition-private_fragmented-e60962-never_act-c050-event_triggered,never_act,0.5,event_triggered,0.19180878742234084,humanitarian_clinic_01_3,0.9065756484747569,abstain,humanitarian_incident_01,0.09342435152524309,revise_commitment,6,0.3447783095333322
v6-pilot_sketch_cost-humanitarian-partition-private_fragmented-e60962-never_act-c050-event_triggered,never_act,0.5,event_triggered,0.3982182529282375,humanitarian_regional_hub_02_1,0.9607964601925103,abstain,humanitarian_incident_02,0.039203539807489696,authorize_emergency_resource,6,0.3168541039644646
v6-pilot_sketch_cost-humanitarian-partition-private_fragmented-e60962-never_act-c050-event_triggered,never_act,0.5,event_triggered,0.5415539316032254,humanitarian_regional_hub_03_3,0.9531918081329614,abstain,humanitarian_incident_03,0.04680819186703855,reroute_or_reconfigure,6,0.36349474901693096
v6-pilot_sketch_cost-humanitarian-partition-private_fragmented-e60962-never_act-c050-event_triggered,never_act,0.5,event_triggered,0.7334304316217541,humanitarian_ngo_04_1,0.9224066568735935,abstain,humanitarian_incident_04,0.07759334312640653,revise_commitment,6,0.3760082928409163
v6-pilot_sketch_cost-humanitarian-partition-private_fragmented-e60962-never_act-c050-event_triggered,never_act,0.5,event_triggered,-0.22187153301952148,humanitarian_regional_hub_01_2,0.952054009609487,abstain,humanitarian_incident_01,0.04794599039051295,reroute_or_reconfigure,8,0.07782089372459361
v6-pilot_sketch_cost-humanitarian-partition-private_fragmented-e60962-never_act-c050-event_triggered,never_act,0.5,event_triggered,0.08955992447793626,humanitarian_clinic_02_2,0.9633764524919249,abstain,humanitarian_incident_02,0.03662354750807506,authorize_emergency_resource,8,0.1936520268409661
v6-pilot_sketch_cost-humanitarian-partition-private_fragmented-e60962-never_act-c050-event_triggered,never_act,0.5,event_triggered,0.6140715670462318,humanitarian_ngo_03_2,0.9938756771885943,abstain,humanitarian_incident_03,0.006124322811405736,authorize_emergency_resource,8,0.6899269493521033
v6-pilot_sketch_cost-humanitarian-partition-private_fragmented-e60962-never_act-c050-event_triggered,never_act,0.5,event_triggered,0.503749001332415,humanitarian_regional_hub_04_2,0.9695560563308981,abstain,humanitarian_incident_04,0.03044394366910186,reroute_or_reconfigure,8,0.04011335464808252
v6-pilot_sketch_cost-humanitarian-partition-private_fragmented-e60962-never_act-c050-event_triggered,never_act,0.5,event_triggered,0.33000605295372315,humanitarian_clinic_01_3,0.8168079950674243,abstain,humanitarian_incident_01,0.1831920049325757,revise_commitment,10,0.6306413783170898
v6-pilot_sketch_cost-humanitarian-partition-private_fragmented-e60962-never_act-c050-event_triggered,never_act,0.5,event_triggered,0.47562241292621155,humanitarian_ngo_02_3,0.965594548801393,abstain,humanitarian_incident_02,0.03440545119860705,revise_commitment,10,0.33986980235999076
v6-pilot_sketch_cost-humanitarian-partition-private_fragmented-e60962-never_act-c050-event_triggered,never_act,0.5,event_triggered,0.598445713260939,humanitarian_regional_hub_03_3,0.9694759284845432,abstain,humanitarian_incident_03,0.030524071515456774,reroute_or_reconfigure,10,0.69328101084819
v6-pilot_sketch_cost-humanitarian-partition-private_fragmented-e60962-never_act-c050-event_triggered,never_act,0.5,event_triggered,0.7301421561584446,humanitarian_clinic_04_3,0.9452392995667153,abstain,humanitarian_incident_04,0.05476070043328474,authorize_emergency_resource,10,0.10762302898587861
v6-pilot_sketch_cost-humanitarian-partition-private_fragmented-e60962-never_act-c050-none,never_act,0.5,none,-0.12159293957373526,humanitarian_regional_hub_01_2,1.0,abstain,humanitarian_incident_01,0.0,deploy_repair_capacity,2,0.37948552715478373
v6-pilot_sketch_cost-humanitarian-partition-private_fragmented-e60962-never_act-c050-none,never_act,0.5,none,0.07337865327448204,humanitarian_clinic_02_2,1.0,abstain,humanitarian_incident_02,0.0,revise_commitment,2,0.29707709865616827
v6-pilot_sketch_cost-humanitarian-partition-private_fragmented-e60962-never_act-c050-none,never_act,0.5,none,0.5442137175368421,humanitarian_ngo_03_2,1.0,abstain,humanitarian_incident_03,0.0,authorize_emergency_resource,2,0.3947762477827982
v6-pilot_sketch_cost-humanitarian-partition-private_fragmented-e60962-never_act-c050-none,never_act,0.5,none,0.4191249840186918,humanitarian_regional_hub_04_2,1.0,abstain,humanitarian_incident_04,0.0,authorize_emergency_resource,2,0.0757746829297036
v6-pilot_sketch_cost-humanitarian-partition-private_fragmented-e60962-never_act-c050-none,never_act,0.5,none,0.24894488628950667,humanitarian_clinic_01_3,1.0,abstain,humanitarian_incident_01,0.0,authorize_emergency_resource,4,0.26013731108234694
v6-pilot_sketch_cost-humanitarian-partition-private_fragmented-e60962-never_act-c050-none,never_act,0.5,none,0.403956332661325,humanitarian_ngo_02_3,1.0,abstain,humanitarian_incident_02,0.0,authorize_emergency_resource,4,0.46485118692302524
v6-pilot_sketch_cost-humanitarian-partition-private_fragmented-e60962-never_act-c050-none,never_act,0.5,none,0.5314440637417797,humanitarian_regional_hub_03_3,1.0,abstain,humanitarian_incident_03,0.0,deploy_repair_capacity,4,0.5266755121195715
v6-pilot_sketch_cost-humanitarian-partition-private_fragmented-e60962-never_act-c050-none,never_act,0.5,none,0.6743968323298664,humanitarian_ngo_04_1,1.0,abstain,humanitarian_incident_04,0.0,authorize_emergency_resource,4,0.18539593876007826
v6-pilot_sketch_cost-humanitarian-partition-private_fragmented-e60962-never_act-c050-none,never_act,0.5,none,0.19180878742234084,humanitarian_clinic_01_3,1.0,abstain,humanitarian_incident_01,0.0,revise_commitment,6,0.3447783095333322
v6-pilot_sketch_cost-humanitarian-partition-private_fragmented-e60962-never_act-c050-none,never_act,0.5,none,0.3982182529282375,humanitarian_regional_hub_02_1,1.0,abstain,humanitarian_incident_02,0.0,authorize_emergency_resource,6,0.3168541039644646
v6-pilot_sketch_cost-humanitarian-partition-private_fragmented-e60962-never_act-c050-none,never_act,0.5,none,0.5415539316032254,humanitarian_regional_hub_03_3,1.0,abstain,humanitarian_incident_03,0.0,reroute_or_reconfigure,6,0.36349474901693096
v6-pilot_sketch_cost-humanitarian-partition-private_fragmented-e60962-never_act-c050-none,never_act,0.5,none,0.7334304316217541,humanitarian_ngo_04_1,1.0,abstain,humanitarian_incident_04,0.0,revise_commitment,6,0.3760082928409163
v6-pilot_sketch_cost-humanitarian-partition-private_fragmented-e60962-never_act-c050-none,never_act,0.5,none,-0.22187153301952148,humanitarian_regional_hub_01_2,1.0,abstain,humanitarian_incident_01,0.0,reroute_or_reconfigure,8,0.07782089372459361
v6-pilot_sketch_cost-humanitarian-partition-private_fragmented-e60962-never_act-c050-none,never_act,0.5,none,0.08955992447793626,humanitarian_clinic_02_2,1.0,abstain,humanitarian_incident_02,0.0,authorize_emergency_resource,8,0.1936520268409661
v6-pilot_sketch_cost-humanitarian-partition-private_fragmented-e60962-never_act-c050-none,never_act,0.5,none,0.6140715670462318,humanitarian_ngo_03_2,1.0,abstain,humanitarian_incident_03,0.0,authorize_emergency_resource,8,0.6899269493521033
v6-pilot_sketch_cost-humanitarian-partition-private_fragmented-e60962-never_act-c050-none,never_act,0.5,none,0.503749001332415,humanitarian_regional_hub_04_2,1.0,abstain,humanitarian_incident_04,0.0,reroute_or_reconfigure,8,0.04011335464808252
v6-pilot_sketch_cost-humanitarian-partition-private_fragmented-e60962-never_act-c050-none,never_act,0.5,none,0.33000605295372315,humanitarian_clinic_01_3,1.0,abstain,humanitarian_incident_01,0.0,revise_commitment,10,0.6306413783170898
v6-pilot_sketch_cost-humanitarian-partition-private_fragmented-e60962-never_act-c050-none,never_act,0.5,none,0.47562241292621155,humanitarian_ngo_02_3,1.0,abstain,humanitarian_incident_02,0.0,revise_commitment,10,0.33986980235999076
v6-pilot_sketch_cost-humanitarian-partition-private_fragmented-e60962-never_act-c050-none,never_act,0.5,none,0.598445713260939,humanitarian_regional_hub_03_3,1.0,abstain,humanitarian_incident_03,0.0,reroute_or_reconfigure,10,0.69328101084819
v6-pilot_sketch_cost-humanitarian-partition-private_fragmented-e60962-never_act-c050-none,never_act,0.5,none,0.7301421561584446,humanitarian_clinic_04_3,1.0,abstain,humanitarian_incident_04,0.0,authorize_emergency_resource,10,0.10762302898587861
v6-pilot_sketch_cost-humanitarian-partition-private_fragmented-e60962-never_act-c050-periodic,never_act,0.5,periodic,-0.12159293957373526,humanitarian_regional_hub_01_2,0.8184565529799797,abstain,humanitarian_incident_01,0.18154344702002034,deploy_repair_capacity,2,0.37948552715478373
v6-pilot_sketch_cost-humanitarian-partition-private_fragmented-e60962-never_act-c050-periodic,never_act,0.5,periodic,0.07337865327448204,humanitarian_clinic_02_2,0.8877134654626638,abstain,humanitarian_incident_02,0.11228653453733617,revise_commitment,2,0.29707709865616827
v6-pilot_sketch_cost-humanitarian-partition-private_fragmented-e60962-never_act-c050-periodic,never_act,0.5,periodic,0.5442137175368421,humanitarian_ngo_03_2,0.9046725284569914,abstain,humanitarian_incident_03,0.09532747154300858,authorize_emergency_resource,2,0.3947762477827982
v6-pilot_sketch_cost-humanitarian-partition-private_fragmented-e60962-never_act-c050-periodic,never_act,0.5,periodic,0.4191249840186918,humanitarian_regional_hub_04_2,0.817154532241294,abstain,humanitarian_incident_04,0.18284546775870603,authorize_emergency_resource,2,0.0757746829297036
v6-pilot_sketch_cost-humanitarian-partition-private_fragmented-e60962-never_act-c050-periodic,never_act,0.5,periodic,0.24894488628950667,humanitarian_clinic_01_3,0.897146298632733,abstain,humanitarian_incident_01,0.10285370136726701,authorize_emergency_resource,4,0.26013731108234694
v6-pilot_sketch_cost-humanitarian-partition-private_fragmented-e60962-never_act-c050-periodic,never_act,0.5,periodic,0.403956332661325,humanitarian_ngo_02_3,0.821604116760391,abstain,humanitarian_incident_02,0.17839588323960898,authorize_emergency_resource,4,0.46485118692302524
v6-pilot_sketch_cost-humanitarian-partition-private_fragmented-e60962-never_act-c050-periodic,never_act,0.5,periodic,0.5314440637417797,humanitarian_regional_hub_03_3,0.9512022481842255,abstain,humanitarian_incident_03,0.048797751815774504,deploy_repair_capacity,4,0.5266755121195715
v6-pilot_sketch_cost-humanitarian-partition-private_fragmented-e60962-never_act-c050-periodic,never_act,0.5,periodic,0.6743968323298664,humanitarian_ngo_04_1,0.9575199744079632,abstain,humanitarian_incident_04,0.042480025592036785,authorize_emergency_resource,4,0.18539593876007826
v6-pilot_sketch_cost-humanitarian-partition-private_fragmented-e60962-never_act-c050-periodic,never_act,0.5,periodic,0.19180878742234084,humanitarian_clinic_01_3,0.9026337964472703,abstain,humanitarian_incident_01,0.09736620355272974,revise_commitment,6,0.3447783095333322
v6-pilot_sketch_cost-humanitarian-partition-private_fragmented-e60962-never_act-c050-periodic,never_act,0.5,periodic,0.3982182529282375,humanitarian_regional_hub_02_1,0.9607964601925103,abstain,humanitarian_incident_02,0.039203539807489696,authorize_emergency_resource,6,0.3168541039644646
v6-pilot_sketch_cost-humanitarian-partition-private_fragmented-e60962-never_act-c050-periodic,never_act,0.5,periodic,0.5415539316032254,humanitarian_regional_hub_03_3,0.9852818573769857,abstain,humanitarian_incident_03,0.014718142623014296,reroute_or_reconfigure,6,0.36349474901693096
v6-pilot_sketch_cost-humanitarian-partition-private_fragmented-e60962-never_act-c050-periodic,never_act,0.5,periodic,0.7334304316217541,humanitarian_ngo_04_1,0.9295181523897423,abstain,humanitarian_incident_04,0.07048184761025766,revise_commitment,6,0.3760082928409163
v6-pilot_sketch_cost-humanitarian-partition-private_fragmented-e60962-never_act-c050-periodic,never_act,0.5,periodic,-0.22187153301952148,humanitarian_regional_hub_01_2,0.9557681838729241,abstain,humanitarian_incident_01,0.04423181612707594,reroute_or_reconfigure,8,0.07782089372459361
v6-pilot_sketch_cost-humanitarian-partition-private_fragmented-e60962-never_act-c050-periodic,never_act,0.5,periodic,0.08955992447793626,humanitarian_clinic_02_2,0.965500851470039,abstain,humanitarian_incident_02,0.034499148529961055,authorize_emergency_resource,8,0.1936520268409661
v6-pilot_sketch_cost-humanitarian-partition-private_fragmented-e60962-never_act-c050-periodic,never_act,0.5,periodic,0.6140715670462318,humanitarian_ngo_03_2,0.9732289703617871,abstain,humanitarian_incident_03,0.026771029638212873,authorize_emergency_resource,8,0.6899269493521033
v6-pilot_sketch_cost-humanitarian-partition-private_fragmented-e60962-never_act-c050-periodic,never_act,0.5,periodic,0.503749001332415,humanitarian_regional_hub_04_2,0.9287625916733087,abstain,humanitarian_incident_04,0.07123740832669134,reroute_or_reconfigure,8,0.04011335464808252
v6-pilot_sketch_cost-humanitarian-partition-private_fragmented-e60962-never_act-c050-periodic,never_act,0.5,periodic,0.33000605295372315,humanitarian_clinic_01_3,0.8817904852128464,abstain,humanitarian_incident_01,0.11820951478715358,revise_commitment,10,0.6306413783170898
v6-pilot_sketch_cost-humanitarian-partition-private_fragmented-e60962-never_act-c050-periodic,never_act,0.5,periodic,0.47562241292621155,humanitarian_ngo_02_3,0.893813792964998,abstain,humanitarian_incident_02,0.10618620703500203,revise_commitment,10,0.33986980235999076
v6-pilot_sketch_cost-humanitarian-partition-private_fragmented-e60962-never_act-c050-periodic,never_act,0.5,periodic,0.598445713260939,humanitarian_regional_hub_03_3,0.936494464962166,abstain,humanitarian_incident_03,0.06350553503783396,reroute_or_reconfigure,10,0.69328101084819
v6-pilot_sketch_cost-humanitarian-partition-private_fragmented-e60962-never_act-c050-periodic,never_act,0.5,periodic,0.7301421561584446,humanitarian_clinic_04_3,0.9003038107479333,abstain,humanitarian_incident_04,0.09969618925206669,authorize_emergency_resource,10,0.10762302898587861
v6-pilot_sketch_cost-humanitarian-partition-private_fragmented-e60963-never_act-c050-always_on,never_act,0.5,always_on,0.10509691610614275,humanitarian_regional_hub_01_2,0.9095137645794128,abstain,humanitarian_incident_01,0.0904862354205872,authorize_emergency_resource,2,0.1925000756802821
v6-pilot_sketch_cost-humanitarian-partition-private_fragmented-e60963-never_act-c050-always_on,never_act,0.5,always_on,0.014317104526945082,humanitarian_clinic_02_2,0.9831416886732182,abstain,humanitarian_incident_02,0.01685831132678184,authorize_emergency_resource,2,0.26608844774964524
v6-pilot_sketch_cost-humanitarian-partition-private_fragmented-e60963-never_act-c050-always_on,never_act,0.5,always_on,0.22661828696338482,humanitarian_ngo_03_2,0.9704249978984307,abstain,humanitarian_incident_03,0.02957500210156927,authorize_emergency_resource,2,0.2722187531631744
v6-pilot_sketch_cost-humanitarian-partition-private_fragmented-e60963-never_act-c050-always_on,never_act,0.5,always_on,-0.11090872625991953,humanitarian_regional_hub_04_2,0.8554429385664382,abstain,humanitarian_incident_04,0.14455706143356184,authorize_emergency_resource,2,0.27290194686488084
v6-pilot_sketch_cost-humanitarian-partition-private_fragmented-e60963-never_act-c050-always_on,never_act,0.5,always_on,0.6888771563993342,humanitarian_ngo_01_1,0.9915539255878535,abstain,humanitarian_incident_01,0.00844607441214651,revise_commitment,4,0.6136150428169385
v6-pilot_sketch_cost-humanitarian-partition-private_fragmented-e60963-never_act-c050-always_on,never_act,0.5,always_on,0.6129720213904489,humanitarian_ngo_02_3,0.8894565809379161,abstain,humanitarian_incident_02,0.11054341906208387,reroute_or_reconfigure,4,0.5788449474263528
v6-pilot_sketch_cost-humanitarian-partition-private_fragmented-e60963-never_act-c050-always_on,never_act,0.5,always_on,0.4551712498002447,humanitarian_clinic_03_1,0.9148447451415561,abstain,humanitarian_incident_03,0.08515525485844389,revise_commitment,4,0.18456655241464162
v6-pilot_sketch_cost-humanitarian-partition-private_fragmented-e60963-never_act-c050-always_on,never_act,0.5,always_on,0.15006721691881095,humanitarian_ngo_04_1,0.9336922832252555,abstain,humanitarian_incident_04,0.06630771677474445,authorize_emergency_resource,4,0.11211411772966529
v6-pilot_sketch_cost-humanitarian-partition-private_fragmented-e60963-never_act-c050-always_on,never_act,0.5,always_on,0.6280745764927359,humanitarian_ngo_01_1,0.987821348420929,abstain,humanitarian_incident_01,0.012178651579071054,revise_commitment,6,0.2999056718553916
v6-pilot_sketch_cost-humanitarian-partition-private_fragmented-e60963-never_act-c050-always_on,never_act,0.5,always_on,0.6577905045867101,humanitarian_ngo_02_3,0.927777079991005,abstain,humanitarian_incident_02,0.072222920008995,reroute_or_reconfigure,6,0.7213482366558243
v6-pilot_sketch_cost-humanitarian-partition-private_fragmented-e60963-never_act-c050-always_on,never_act,0.5,always_on,0.4774191885883049,humanitarian_clinic_03_1,0.845449006199775,abstain,humanitarian_incident_03,0.15455099380022497,authorize_emergency_resource,6,0.4399549633517311
v6-pilot_sketch_cost-humanitarian-partition-private_fragmented-e60963-never_act-c050-always_on,never_act,0.5,always_on,0.22444655337833008,humanitarian_ngo_04_1,0.8780094342424607,abstain,humanitarian_incident_04,0.1219905657575393,revise_commitment,6,0.3701869457948419
v6-pilot_sketch_cost-humanitarian-partition-private_fragmented-e60963-never_act-c050-always_on,never_act,0.5,always_on,0.1741057969891191,humanitarian_regional_hub_01_2,0.9684217901594214,abstain,humanitarian_incident_01,0.031578209840578575,authorize_emergency_resource,8,0.6223209845488584
v6-pilot_sketch_cost-humanitarian-partition-private_fragmented-e60963-never_act-c050-always_on,never_act,0.5,always_on,0.08918745400728345,humanitarian_clinic_02_2,0.9925117579529146,abstain,humanitarian_incident_02,0.007488242047085425,revise_commitment,8,0.5058757896686708
v6-pilot_sketch_cost-humanitarian-partition-private_fragmented-e60963-never_act-c050-always_on,never_act,0.5,always_on,0.31707642550457704,humanitarian_ngo_03_2,0.9965890217344341,abstain,humanitarian_incident_03,0.0034109782655659115,authorize_emergency_resource,8,0.4805651669380094
v6-pilot_sketch_cost-humanitarian-partition-private_fragmented-e60963-never_act-c050-always_on,never_act,0.5,always_on,-0.051282940861313825,humanitarian_regional_hub_04_2,0.9654480173419894,abstain,humanitarian_incident_04,0.03455198265801063,deploy_repair_capacity,8,0.2120648690626562
v6-pilot_sketch_cost-humanitarian-partition-private_fragmented-e60963-never_act-c050-always_on,never_act,0.5,always_on,0.7529956107237464,humanitarian_ngo_01_1,0.9907200007860855,abstain,humanitarian_incident_01,0.009279999213914536,revise_commitment,10,0.6062348345191622
v6-pilot_sketch_cost-humanitarian-partition-private_fragmented-e60963-never_act-c050-always_on,never_act,0.5,always_on,0.6489884576186242,humanitarian_ngo_02_3,0.9612931025562267,abstain,humanitarian_incident_02,0.038706897443773314,reroute_or_reconfigure,10,0.5619921917391695
v6-pilot_sketch_cost-humanitarian-partition-private_fragmented-e60963-never_act-c050-always_on,never_act,0.5,always_on,0.46950365331265287,humanitarian_clinic_03_1,0.951028142770194,abstain,humanitarian_incident_03,0.048971857229806015,authorize_emergency_resource,10,0.19646669173953696
v6-pilot_sketch_cost-humanitarian-partition-private_fragmented-e60963-never_act-c050-always_on,never_act,0.5,always_on,0.1776738160662628,humanitarian_ngo_04_1,0.8915561379297464,abstain,humanitarian_incident_04,0.10844386207025358,authorize_emergency_resource,10,0.04614731195946792
v6-pilot_sketch_cost-humanitarian-partition-private_fragmented-e60963-never_act-c050-event_triggered,never_act,0.5,event_triggered,0.10509691610614275,humanitarian_regional_hub_01_2,0.9095137645794128,abstain,humanitarian_incident_01,0.0904862354205872,authorize_emergency_resource,2,0.1925000756802821
v6-pilot_sketch_cost-humanitarian-partition-private_fragmented-e60963-never_act-c050-event_triggered,never_act,0.5,event_triggered,0.014317104526945082,humanitarian_clinic_02_2,0.9831416886732182,abstain,humanitarian_incident_02,0.01685831132678184,authorize_emergency_resource,2,0.26608844774964524
v6-pilot_sketch_cost-humanitarian-partition-private_fragmented-e60963-never_act-c050-event_triggered,never_act,0.5,event_triggered,0.22661828696338482,humanitarian_ngo_03_2,0.9704249978984307,abstain,humanitarian_incident_03,0.02957500210156927,authorize_emergency_resource,2,0.2722187531631744
v6-pilot_sketch_cost-humanitarian-partition-private_fragmented-e60963-never_act-c050-event_triggered,never_act,0.5,event_triggered,-0.11090872625991953,humanitarian_regional_hub_04_2,0.85141633293874,abstain,humanitarian_incident_04,0.14858366706126003,authorize_emergency_resource,2,0.27290194686488084
v6-pilot_sketch_cost-humanitarian-partition-private_fragmented-e60963-never_act-c050-event_triggered,never_act,0.5,event_triggered,0.6888771563993342,humanitarian_ngo_01_1,0.9915539255878535,abstain,humanitarian_incident_01,0.00844607441214651,revise_commitment,4,0.6136150428169385
v6-pilot_sketch_cost-humanitarian-partition-private_fragmented-e60963-never_act-c050-event_triggered,never_act,0.5,event_triggered,0.6129720213904489,humanitarian_ngo_02_3,0.8894565809379161,abstain,humanitarian_incident_02,0.11054341906208387,reroute_or_reconfigure,4,0.5788449474263528
v6-pilot_sketch_cost-humanitarian-partition-private_fragmented-e60963-never_act-c050-event_triggered,never_act,0.5,event_triggered,0.4551712498002447,humanitarian_clinic_03_1,0.9148447451415561,abstain,humanitarian_incident_03,0.08515525485844389,revise_commitment,4,0.18456655241464162
v6-pilot_sketch_cost-humanitarian-partition-private_fragmented-e60963-never_act-c050-event_triggered,never_act,0.5,event_triggered,0.15006721691881095,humanitarian_ngo_04_1,0.9336922832252555,abstain,humanitarian_incident_04,0.06630771677474445,authorize_emergency_resource,4,0.11211411772966529
v6-pilot_sketch_cost-humanitarian-partition-private_fragmented-e60963-never_act-c050-event_triggered,never_act,0.5,event_triggered,0.6280745764927359,humanitarian_ngo_01_1,0.987821348420929,abstain,humanitarian_incident_01,0.012178651579071054,revise_commitment,6,0.2999056718553916
v6-pilot_sketch_cost-humanitarian-partition-private_fragmented-e60963-never_act-c050-event_triggered,never_act,0.5,event_triggered,0.6577905045867101,humanitarian_ngo_02_3,0.927777079991005,abstain,humanitarian_incident_02,0.072222920008995,reroute_or_reconfigure,6,0.7213482366558243
v6-pilot_sketch_cost-humanitarian-partition-private_fragmented-e60963-never_act-c050-event_triggered,never_act,0.5,event_triggered,0.4774191885883049,humanitarian_clinic_03_1,0.845449006199775,abstain,humanitarian_incident_03,0.15455099380022497,authorize_emergency_resource,6,0.4399549633517311
v6-pilot_sketch_cost-humanitarian-partition-private_fragmented-e60963-never_act-c050-event_triggered,never_act,0.5,event_triggered,0.22444655337833008,humanitarian_ngo_04_1,0.8780094342424607,abstain,humanitarian_incident_04,0.1219905657575393,revise_commitment,6,0.3701869457948419
v6-pilot_sketch_cost-humanitarian-partition-private_fragmented-e60963-never_act-c050-event_triggered,never_act,0.5,event_triggered,0.1741057969891191,humanitarian_regional_hub_01_2,0.9684217901594214,abstain,humanitarian_incident_01,0.031578209840578575,authorize_emergency_resource,8,0.6223209845488584
v6-pilot_sketch_cost-humanitarian-partition-private_fragmented-e60963-never_act-c050-event_triggered,never_act,0.5,event_triggered,0.08918745400728345,humanitarian_clinic_02_2,0.9925117579529146,abstain,humanitarian_incident_02,0.007488242047085425,revise_commitment,8,0.5058757896686708
v6-pilot_sketch_cost-humanitarian-partition-private_fragmented-e60963-never_act-c050-event_triggered,never_act,0.5,event_triggered,0.31707642550457704,humanitarian_ngo_03_2,0.9965890217344341,abstain,humanitarian_incident_03,0.0034109782655659115,authorize_emergency_resource,8,0.4805651669380094
v6-pilot_sketch_cost-humanitarian-partition-private_fragmented-e60963-never_act-c050-event_triggered,never_act,0.5,event_triggered,-0.051282940861313825,humanitarian_regional_hub_04_2,0.9713058042418646,abstain,humanitarian_incident_04,0.028694195758135366,deploy_repair_capacity,8,0.2120648690626562
v6-pilot_sketch_cost-humanitarian-partition-private_fragmented-e60963-never_act-c050-event_triggered,never_act,0.5,event_triggered,0.7529956107237464,humanitarian_ngo_01_1,0.9907200007860855,abstain,humanitarian_incident_01,0.009279999213914536,revise_commitment,10,0.6062348345191622
v6-pilot_sketch_cost-humanitarian-partition-private_fragmented-e60963-never_act-c050-event_triggered,never_act,0.5,event_triggered,0.6489884576186242,humanitarian_ngo_02_3,0.9612931025562267,abstain,humanitarian_incident_02,0.038706897443773314,reroute_or_reconfigure,10,0.5619921917391695
v6-pilot_sketch_cost-humanitarian-partition-private_fragmented-e60963-never_act-c050-event_triggered,never_act,0.5,event_triggered,0.46950365331265287,humanitarian_clinic_03_1,0.951028142770194,abstain,humanitarian_incident_03,0.048971857229806015,authorize_emergency_resource,10,0.19646669173953696
v6-pilot_sketch_cost-humanitarian-partition-private_fragmented-e60963-never_act-c050-event_triggered,never_act,0.5,event_triggered,0.1776738160662628,humanitarian_ngo_04_1,0.8915561379297464,abstain,humanitarian_incident_04,0.10844386207025358,authorize_emergency_resource,10,0.04614731195946792
v6-pilot_sketch_cost-humanitarian-partition-private_fragmented-e60963-never_act-c050-none,never_act,0.5,none,0.10509691610614275,humanitarian_regional_hub_01_2,1.0,abstain,humanitarian_incident_01,0.0,authorize_emergency_resource,2,0.1925000756802821
v6-pilot_sketch_cost-humanitarian-partition-private_fragmented-e60963-never_act-c050-none,never_act,0.5,none,0.014317104526945082,humanitarian_clinic_02_2,1.0,abstain,humanitarian_incident_02,0.0,authorize_emergency_resource,2,0.26608844774964524
v6-pilot_sketch_cost-humanitarian-partition-private_fragmented-e60963-never_act-c050-none,never_act,0.5,none,0.22661828696338482,humanitarian_ngo_03_2,1.0,abstain,humanitarian_incident_03,0.0,authorize_emergency_resource,2,0.2722187531631744
v6-pilot_sketch_cost-humanitarian-partition-private_fragmented-e60963-never_act-c050-none,never_act,0.5,none,-0.11090872625991953,humanitarian_regional_hub_04_2,1.0,abstain,humanitarian_incident_04,0.0,authorize_emergency_resource,2,0.27290194686488084
v6-pilot_sketch_cost-humanitarian-partition-private_fragmented-e60963-never_act-c050-none,never_act,0.5,none,0.6888771563993342,humanitarian_ngo_01_1,1.0,abstain,humanitarian_incident_01,0.0,revise_commitment,4,0.6136150428169385
v6-pilot_sketch_cost-humanitarian-partition-private_fragmented-e60963-never_act-c050-none,never_act,0.5,none,0.6129720213904489,humanitarian_ngo_02_3,1.0,abstain,humanitarian_incident_02,0.0,reroute_or_reconfigure,4,0.5788449474263528
v6-pilot_sketch_cost-humanitarian-partition-private_fragmented-e60963-never_act-c050-none,never_act,0.5,none,0.4551712498002447,humanitarian_clinic_03_1,1.0,abstain,humanitarian_incident_03,0.0,revise_commitment,4,0.18456655241464162
v6-pilot_sketch_cost-humanitarian-partition-private_fragmented-e60963-never_act-c050-none,never_act,0.5,none,0.15006721691881095,humanitarian_ngo_04_1,1.0,abstain,humanitarian_incident_04,0.0,authorize_emergency_resource,4,0.11211411772966529
v6-pilot_sketch_cost-humanitarian-partition-private_fragmented-e60963-never_act-c050-none,never_act,0.5,none,0.6280745764927359,humanitarian_ngo_01_1,1.0,abstain,humanitarian_incident_01,0.0,revise_commitment,6,0.2999056718553916
v6-pilot_sketch_cost-humanitarian-partition-private_fragmented-e60963-never_act-c050-none,never_act,0.5,none,0.6577905045867101,humanitarian_ngo_02_3,1.0,abstain,humanitarian_incident_02,0.0,reroute_or_reconfigure,6,0.7213482366558243
v6-pilot_sketch_cost-humanitarian-partition-private_fragmented-e60963-never_act-c050-none,never_act,0.5,none,0.4774191885883049,humanitarian_clinic_03_1,1.0,abstain,humanitarian_incident_03,0.0,authorize_emergency_resource,6,0.4399549633517311
v6-pilot_sketch_cost-humanitarian-partition-private_fragmented-e60963-never_act-c050-none,never_act,0.5,none,0.22444655337833008,humanitarian_ngo_04_1,1.0,abstain,humanitarian_incident_04,0.0,revise_commitment,6,0.3701869457948419
v6-pilot_sketch_cost-humanitarian-partition-private_fragmented-e60963-never_act-c050-none,never_act,0.5,none,0.1741057969891191,humanitarian_regional_hub_01_2,1.0,abstain,humanitarian_incident_01,0.0,authorize_emergency_resource,8,0.6223209845488584
v6-pilot_sketch_cost-humanitarian-partition-private_fragmented-e60963-never_act-c050-none,never_act,0.5,none,0.08918745400728345,humanitarian_clinic_02_2,1.0,abstain,humanitarian_incident_02,0.0,revise_commitment,8,0.5058757896686708
v6-pilot_sketch_cost-humanitarian-partition-private_fragmented-e60963-never_act-c050-none,never_act,0.5,none,0.31707642550457704,humanitarian_ngo_03_2,1.0,abstain,humanitarian_incident_03,0.0,authorize_emergency_resource,8,0.4805651669380094
v6-pilot_sketch_cost-humanitarian-partition-private_fragmented-e60963-never_act-c050-none,never_act,0.5,none,-0.051282940861313825,humanitarian_regional_hub_04_2,1.0,abstain,humanitarian_incident_04,0.0,deploy_repair_capacity,8,0.2120648690626562
v6-pilot_sketch_cost-humanitarian-partition-private_fragmented-e60963-never_act-c050-none,never_act,0.5,none,0.7529956107237464,humanitarian_ngo_01_1,1.0,abstain,humanitarian_incident_01,0.0,revise_commitment,10,0.6062348345191622
v6-pilot_sketch_cost-humanitarian-partition-private_fragmented-e60963-never_act-c050-none,never_act,0.5,none,0.6489884576186242,humanitarian_ngo_02_3,1.0,abstain,humanitarian_incident_02,0.0,reroute_or_reconfigure,10,0.5619921917391695
v6-pilot_sketch_cost-humanitarian-partition-private_fragmented-e60963-never_act-c050-none,never_act,0.5,none,0.46950365331265287,humanitarian_clinic_03_1,1.0,abstain,humanitarian_incident_03,0.0,authorize_emergency_resource,10,0.19646669173953696
v6-pilot_sketch_cost-humanitarian-partition-private_fragmented-e60963-never_act-c050-none,never_act,0.5,none,0.1776738160662628,humanitarian_ngo_04_1,1.0,abstain,humanitarian_incident_04,0.0,authorize_emergency_resource,10,0.04614731195946792
v6-pilot_sketch_cost-humanitarian-partition-private_fragmented-e60963-never_act-c050-periodic,never_act,0.5,periodic,0.10509691610614275,humanitarian_regional_hub_01_2,0.9597784115319938,abstain,humanitarian_incident_01,0.040221588468006164,authorize_emergency_resource,2,0.1925000756802821
v6-pilot_sketch_cost-humanitarian-partition-private_fragmented-e60963-never_act-c050-periodic,never_act,0.5,periodic,0.014317104526945082,humanitarian_clinic_02_2,0.9717277565218508,abstain,humanitarian_incident_02,0.02827224347814916,authorize_emergency_resource,2,0.26608844774964524
v6-pilot_sketch_cost-humanitarian-partition-private_fragmented-e60963-never_act-c050-periodic,never_act,0.5,periodic,0.22661828696338482,humanitarian_ngo_03_2,0.9564950253255131,abstain,humanitarian_incident_03,0.043504974674486885,authorize_emergency_resource,2,0.2722187531631744
v6-pilot_sketch_cost-humanitarian-partition-private_fragmented-e60963-never_act-c050-periodic,never_act,0.5,periodic,-0.11090872625991953,humanitarian_regional_hub_04_2,0.9042042519584308,abstain,humanitarian_incident_04,0.0957957480415692,authorize_emergency_resource,2,0.27290194686488084
v6-pilot_sketch_cost-humanitarian-partition-private_fragmented-e60963-never_act-c050-periodic,never_act,0.5,periodic,0.6888771563993342,humanitarian_ngo_01_1,0.9850253654969641,abstain,humanitarian_incident_01,0.014974634503035933,revise_commitment,4,0.6136150428169385
v6-pilot_sketch_cost-humanitarian-partition-private_fragmented-e60963-never_act-c050-periodic,never_act,0.5,periodic,0.6129720213904489,humanitarian_ngo_02_3,0.8964437704269904,abstain,humanitarian_incident_02,0.10355622957300958,reroute_or_reconfigure,4,0.5788449474263528
v6-pilot_sketch_cost-humanitarian-partition-private_fragmented-e60963-never_act-c050-periodic,never_act,0.5,periodic,0.4551712498002447,humanitarian_clinic_03_1,0.8987323314870717,abstain,humanitarian_incident_03,0.10126766851292834,revise_commitment,4,0.18456655241464162
v6-pilot_sketch_cost-humanitarian-partition-private_fragmented-e60963-never_act-c050-periodic,never_act,0.5,periodic,0.15006721691881095,humanitarian_ngo_04_1,0.8576276573464957,abstain,humanitarian_incident_04,0.1423723426535043,authorize_emergency_resource,4,0.11211411772966529
v6-pilot_sketch_cost-humanitarian-partition-private_fragmented-e60963-never_act-c050-periodic,never_act,0.5,periodic,0.6280745764927359,humanitarian_ngo_01_1,0.9820601486808186,abstain,humanitarian_incident_01,0.01793985131918141,revise_commitment,6,0.2999056718553916
v6-pilot_sketch_cost-humanitarian-partition-private_fragmented-e60963-never_act-c050-periodic,never_act,0.5,periodic,0.6577905045867101,humanitarian_ngo_02_3,0.8782253786713834,abstain,humanitarian_incident_02,0.1217746213286166,reroute_or_reconfigure,6,0.7213482366558243
v6-pilot_sketch_cost-humanitarian-partition-private_fragmented-e60963-never_act-c050-periodic,never_act,0.5,periodic,0.4774191885883049,humanitarian_clinic_03_1,0.8395414492363735,abstain,humanitarian_incident_03,0.16045855076362647,authorize_emergency_resource,6,0.4399549633517311
v6-pilot_sketch_cost-humanitarian-partition-private_fragmented-e60963-never_act-c050-periodic,never_act,0.5,periodic,0.22444655337833008,humanitarian_ngo_04_1,0.849631282927934,abstain,humanitarian_incident_04,0.150368717072066,revise_commitment,6,0.3701869457948419
v6-pilot_sketch_cost-humanitarian-partition-private_fragmented-e60963-never_act-c050-periodic,never_act,0.5,periodic,0.1741057969891191,humanitarian_regional_hub_01_2,0.9940118826444857,abstain,humanitarian_incident_01,0.0059881173555143,authorize_emergency_resource,8,0.6223209845488584
v6-pilot_sketch_cost-humanitarian-partition-private_fragmented-e60963-never_act-c050-periodic,never_act,0.5,periodic,0.08918745400728345,humanitarian_clinic_02_2,0.9964485037530822,abstain,humanitarian_incident_02,0.0035514962469177513,revise_commitment,8,0.5058757896686708
v6-pilot_sketch_cost-humanitarian-partition-private_fragmented-e60963-never_act-c050-periodic,never_act,0.5,periodic,0.31707642550457704,humanitarian_ngo_03_2,0.9946026911460233,abstain,humanitarian_incident_03,0.005397308853976712,authorize_emergency_resource,8,0.4805651669380094
v6-pilot_sketch_cost-humanitarian-partition-private_fragmented-e60963-never_act-c050-periodic,never_act,0.5,periodic,-0.051282940861313825,humanitarian_regional_hub_04_2,0.971797420010899,abstain,humanitarian_incident_04,0.02820257998910103,deploy_repair_capacity,8,0.2120648690626562
v6-pilot_sketch_cost-humanitarian-partition-private_fragmented-e60963-never_act-c050-periodic,never_act,0.5,periodic,0.7529956107237464,humanitarian_ngo_01_1,0.9879221715753432,abstain,humanitarian_incident_01,0.012077828424656767,revise_commitment,10,0.6062348345191622
v6-pilot_sketch_cost-humanitarian-partition-private_fragmented-e60963-never_act-c050-periodic,never_act,0.5,periodic,0.6489884576186242,humanitarian_ngo_02_3,0.9794572546857487,abstain,humanitarian_incident_02,0.020542745314251265,reroute_or_reconfigure,10,0.5619921917391695
v6-pilot_sketch_cost-humanitarian-partition-private_fragmented-e60963-never_act-c050-periodic,never_act,0.5,periodic,0.46950365331265287,humanitarian_clinic_03_1,0.9284613047919832,abstain,humanitarian_incident_03,0.07153869520801681,authorize_emergency_resource,10,0.19646669173953696
v6-pilot_sketch_cost-humanitarian-partition-private_fragmented-e60963-never_act-c050-periodic,never_act,0.5,periodic,0.1776738160662628,humanitarian_ngo_04_1,0.8828192013963516,abstain,humanitarian_incident_04,0.11718079860364838,authorize_emergency_resource,10,0.04614731195946792
v6-pilot_sketch_cost-humanitarian-telemetry_integrity-private_fragmented-e60961-never_act-c050-always_on,never_act,0.5,always_on,0.23962068619463012,humanitarian_ngo_01_1,0.8994439200720167,abstain,humanitarian_incident_01,0.10055607992798332,authorize_emergency_resource,2,0.4098095908724417
v6-pilot_sketch_cost-humanitarian-telemetry_integrity-private_fragmented-e60961-never_act-c050-always_on,never_act,0.5,always_on,0.597778004231922,humanitarian_regional_hub_02_1,0.9566914093066302,abstain,humanitarian_incident_02,0.043308590693369786,reroute_or_reconfigure,2,0.16505432010943472
v6-pilot_sketch_cost-humanitarian-telemetry_integrity-private_fragmented-e60961-never_act-c050-always_on,never_act,0.5,always_on,0.7109965596881456,humanitarian_regional_hub_03_3,0.8679733191740145,abstain,humanitarian_incident_03,0.13202668082598545,deploy_repair_capacity,2,0.25561525159426335
v6-pilot_sketch_cost-humanitarian-telemetry_integrity-private_fragmented-e60961-never_act-c050-always_on,never_act,0.5,always_on,0.21415925843054587,humanitarian_clinic_04_3,0.9643967182348144,abstain,humanitarian_incident_04,0.03560328176518557,revise_commitment,2,0.18323831551505557
v6-pilot_sketch_cost-humanitarian-telemetry_integrity-private_fragmented-e60961-never_act-c050-always_on,never_act,0.5,always_on,0.20629465777927758,humanitarian_ngo_01_1,0.9813823704710856,abstain,humanitarian_incident_01,0.018617629528914437,authorize_emergency_resource,4,0.3373086174757712
v6-pilot_sketch_cost-humanitarian-telemetry_integrity-private_fragmented-e60961-never_act-c050-always_on,never_act,0.5,always_on,0.6227688667416754,humanitarian_regional_hub_02_1,0.9312777396022085,abstain,humanitarian_incident_02,0.0687222603977915,reroute_or_reconfigure,4,0.1794524291009938
v6-pilot_sketch_cost-humanitarian-telemetry_integrity-private_fragmented-e60961-never_act-c050-always_on,never_act,0.5,always_on,0.6755606856140024,humanitarian_regional_hub_03_3,0.9690154625287448,abstain,humanitarian_incident_03,0.03098453747125518,authorize_emergency_resource,4,0.2488017512288155
v6-pilot_sketch_cost-humanitarian-telemetry_integrity-private_fragmented-e60961-never_act-c050-always_on,never_act,0.5,always_on,0.29654537065990505,humanitarian_clinic_04_3,0.8833035510048369,abstain,humanitarian_incident_04,0.11669644899516307,revise_commitment,4,0.3373154260047075
v6-pilot_sketch_cost-humanitarian-telemetry_integrity-private_fragmented-e60961-never_act-c050-always_on,never_act,0.5,always_on,0.2850341933223147,humanitarian_ngo_01_1,0.9048633724273172,abstain,humanitarian_incident_01,0.09513662757268282,authorize_emergency_resource,6,0.5925125638084215
v6-pilot_sketch_cost-humanitarian-telemetry_integrity-private_fragmented-e60961-never_act-c050-always_on,never_act,0.5,always_on,0.726397256377685,humanitarian_regional_hub_02_1,0.8778349676259193,abstain,humanitarian_incident_02,0.12216503237408072,reroute_or_reconfigure,6,0.64011756141398
v6-pilot_sketch_cost-humanitarian-telemetry_integrity-private_fragmented-e60961-never_act-c050-always_on,never_act,0.5,always_on,0.7583998097068477,humanitarian_regional_hub_03_3,0.9565980717184251,abstain,humanitarian_incident_03,0.04340192828157485,authorize_emergency_resource,6,0.4965877125065812
v6-pilot_sketch_cost-humanitarian-telemetry_integrity-private_fragmented-e60961-never_act-c050-always_on,never_act,0.5,always_on,0.3309939705823589,humanitarian_clinic_04_3,0.8599472461155874,abstain,humanitarian_incident_04,0.14005275388441263,revise_commitment,6,0.5170191070692413
v6-pilot_sketch_cost-humanitarian-telemetry_integrity-private_fragmented-e60961-never_act-c050-always_on,never_act,0.5,always_on,0.3029325673611716,humanitarian_ngo_01_1,0.9216247853721927,abstain,humanitarian_incident_01,0.07837521462780728,authorize_emergency_resource,8,0.6556832693937611
v6-pilot_sketch_cost-humanitarian-telemetry_integrity-private_fragmented-e60961-never_act-c050-always_on,never_act,0.5,always_on,0.6874398216793807,humanitarian_regional_hub_02_1,0.90559909455712,abstain,humanitarian_incident_02,0.09440090544288005,authorize_emergency_resource,8,0.22673984844214895
v6-pilot_sketch_cost-humanitarian-telemetry_integrity-private_fragmented-e60961-never_act-c050-always_on,never_act,0.5,always_on,0.7147243010141964,humanitarian_regional_hub_03_3,0.8968611517630605,abstain,humanitarian_incident_03,0.10313884823693953,authorize_emergency_resource,8,0.28568789080776535
v6-pilot_sketch_cost-humanitarian-telemetry_integrity-private_fragmented-e60961-never_act-c050-always_on,never_act,0.5,always_on,0.2839104936081158,humanitarian_clinic_04_3,0.8550123965848505,abstain,humanitarian_incident_04,0.1449876034151495,revise_commitment,8,0.32545598371320505
v6-pilot_sketch_cost-humanitarian-telemetry_integrity-private_fragmented-e60961-never_act-c050-always_on,never_act,0.5,always_on,0.20313232934100078,humanitarian_ngo_01_1,0.8476320264463265,abstain,humanitarian_incident_01,0.15236797355367349,authorize_emergency_resource,10,0.346994254736248
v6-pilot_sketch_cost-humanitarian-telemetry_integrity-private_fragmented-e60961-never_act-c050-always_on,never_act,0.5,always_on,0.7298553066663751,humanitarian_regional_hub_02_1,0.9616294948104305,abstain,humanitarian_incident_02,0.038370505189569526,reroute_or_reconfigure,10,0.5233052890185853
v6-pilot_sketch_cost-humanitarian-telemetry_integrity-private_fragmented-e60961-never_act-c050-always_on,never_act,0.5,always_on,0.8303926207602367,humanitarian_regional_hub_03_3,0.8710861170311858,abstain,humanitarian_incident_03,0.12891388296881423,authorize_emergency_resource,10,0.4334320320340871
v6-pilot_sketch_cost-humanitarian-telemetry_integrity-private_fragmented-e60961-never_act-c050-always_on,never_act,0.5,always_on,0.251032022205751,humanitarian_clinic_04_3,0.895901806614823,abstain,humanitarian_incident_04,0.104098193385177,revise_commitment,10,0.1595720810785058
v6-pilot_sketch_cost-humanitarian-telemetry_integrity-private_fragmented-e60961-never_act-c050-event_triggered,never_act,0.5,event_triggered,0.23962068619463012,humanitarian_ngo_01_1,0.8994439200720167,abstain,humanitarian_incident_01,0.10055607992798332,authorize_emergency_resource,2,0.4098095908724417
v6-pilot_sketch_cost-humanitarian-telemetry_integrity-private_fragmented-e60961-never_act-c050-event_triggered,never_act,0.5,event_triggered,0.597778004231922,humanitarian_regional_hub_02_1,0.9566914093066302,abstain,humanitarian_incident_02,0.043308590693369786,reroute_or_reconfigure,2,0.16505432010943472
v6-pilot_sketch_cost-humanitarian-telemetry_integrity-private_fragmented-e60961-never_act-c050-event_triggered,never_act,0.5,event_triggered,0.7109965596881456,humanitarian_regional_hub_03_3,0.8679733191740145,abstain,humanitarian_incident_03,0.13202668082598545,deploy_repair_capacity,2,0.25561525159426335
v6-pilot_sketch_cost-humanitarian-telemetry_integrity-private_fragmented-e60961-never_act-c050-event_triggered,never_act,0.5,event_triggered,0.21415925843054587,humanitarian_clinic_04_3,0.9643967182348144,abstain,humanitarian_incident_04,0.03560328176518557,revise_commitment,2,0.18323831551505557
v6-pilot_sketch_cost-humanitarian-telemetry_integrity-private_fragmented-e60961-never_act-c050-event_triggered,never_act,0.5,event_triggered,0.20629465777927758,humanitarian_ngo_01_1,0.9813823704710856,abstain,humanitarian_incident_01,0.018617629528914437,authorize_emergency_resource,4,0.3373086174757712
v6-pilot_sketch_cost-humanitarian-telemetry_integrity-private_fragmented-e60961-never_act-c050-event_triggered,never_act,0.5,event_triggered,0.6227688667416754,humanitarian_regional_hub_02_1,0.9391796201719153,abstain,humanitarian_incident_02,0.06082037982808475,reroute_or_reconfigure,4,0.1794524291009938
v6-pilot_sketch_cost-humanitarian-telemetry_integrity-private_fragmented-e60961-never_act-c050-event_triggered,never_act,0.5,event_triggered,0.6755606856140024,humanitarian_regional_hub_03_3,0.9690154625287448,abstain,humanitarian_incident_03,0.03098453747125518,authorize_emergency_resource,4,0.2488017512288155
v6-pilot_sketch_cost-humanitarian-telemetry_integrity-private_fragmented-e60961-never_act-c050-event_triggered,never_act,0.5,event_triggered,0.29654537065990505,humanitarian_clinic_04_3,0.8833035510048369,abstain,humanitarian_incident_04,0.11669644899516307,revise_commitment,4,0.3373154260047075
v6-pilot_sketch_cost-humanitarian-telemetry_integrity-private_fragmented-e60961-never_act-c050-event_triggered,never_act,0.5,event_triggered,0.2850341933223147,humanitarian_ngo_01_1,0.9048633724273172,abstain,humanitarian_incident_01,0.09513662757268282,authorize_emergency_resource,6,0.5925125638084215
v6-pilot_sketch_cost-humanitarian-telemetry_integrity-private_fragmented-e60961-never_act-c050-event_triggered,never_act,0.5,event_triggered,0.726397256377685,humanitarian_regional_hub_02_1,0.8778349676259193,abstain,humanitarian_incident_02,0.12216503237408072,reroute_or_reconfigure,6,0.64011756141398
v6-pilot_sketch_cost-humanitarian-telemetry_integrity-private_fragmented-e60961-never_act-c050-event_triggered,never_act,0.5,event_triggered,0.7583998097068477,humanitarian_regional_hub_03_3,0.9598822876067492,abstain,humanitarian_incident_03,0.04011771239325079,authorize_emergency_resource,6,0.4965877125065812
v6-pilot_sketch_cost-humanitarian-telemetry_integrity-private_fragmented-e60961-never_act-c050-event_triggered,never_act,0.5,event_triggered,0.3309939705823589,humanitarian_clinic_04_3,0.8599472461155874,abstain,humanitarian_incident_04,0.14005275388441263,revise_commitment,6,0.5170191070692413
v6-pilot_sketch_cost-humanitarian-telemetry_integrity-private_fragmented-e60961-never_act-c050-event_triggered,never_act,0.5,event_triggered,0.3029325673611716,humanitarian_ngo_01_1,0.942446960505269,abstain,humanitarian_incident_01,0.057553039494731006,authorize_emergency_resource,8,0.6556832693937611
v6-pilot_sketch_cost-humanitarian-telemetry_integrity-private_fragmented-e60961-never_act-c050-event_triggered,never_act,0.5,event_triggered,0.6874398216793807,humanitarian_regional_hub_02_1,0.90559909455712,abstain,humanitarian_incident_02,0.09440090544288005,authorize_emergency_resource,8,0.22673984844214895
v6-pilot_sketch_cost-humanitarian-telemetry_integrity-private_fragmented-e60961-never_act-c050-event_triggered,never_act,0.5,event_triggered,0.7147243010141964,humanitarian_regional_hub_03_3,0.8968611517630605,abstain,humanitarian_incident_03,0.10313884823693953,authorize_emergency_resource,8,0.28568789080776535
v6-pilot_sketch_cost-humanitarian-telemetry_integrity-private_fragmented-e60961-never_act-c050-event_triggered,never_act,0.5,event_triggered,0.2839104936081158,humanitarian_clinic_04_3,0.8550123965848505,abstain,humanitarian_incident_04,0.1449876034151495,revise_commitment,8,0.32545598371320505
v6-pilot_sketch_cost-humanitarian-telemetry_integrity-private_fragmented-e60961-never_act-c050-event_triggered,never_act,0.5,event_triggered,0.20313232934100078,humanitarian_ngo_01_1,0.8476320264463265,abstain,humanitarian_incident_01,0.15236797355367349,authorize_emergency_resource,10,0.346994254736248
v6-pilot_sketch_cost-humanitarian-telemetry_integrity-private_fragmented-e60961-never_act-c050-event_triggered,never_act,0.5,event_triggered,0.7298553066663751,humanitarian_regional_hub_02_1,0.9616294948104305,abstain,humanitarian_incident_02,0.038370505189569526,reroute_or_reconfigure,10,0.5233052890185853
v6-pilot_sketch_cost-humanitarian-telemetry_integrity-private_fragmented-e60961-never_act-c050-event_triggered,never_act,0.5,event_triggered,0.8303926207602367,humanitarian_regional_hub_03_3,0.8710861170311858,abstain,humanitarian_incident_03,0.12891388296881423,authorize_emergency_resource,10,0.4334320320340871
v6-pilot_sketch_cost-humanitarian-telemetry_integrity-private_fragmented-e60961-never_act-c050-event_triggered,never_act,0.5,event_triggered,0.251032022205751,humanitarian_clinic_04_3,0.895901806614823,abstain,humanitarian_incident_04,0.104098193385177,revise_commitment,10,0.1595720810785058
v6-pilot_sketch_cost-humanitarian-telemetry_integrity-private_fragmented-e60961-never_act-c050-none,never_act,0.5,none,0.23962068619463012,humanitarian_ngo_01_1,1.0,abstain,humanitarian_incident_01,0.0,authorize_emergency_resource,2,0.4098095908724417
v6-pilot_sketch_cost-humanitarian-telemetry_integrity-private_fragmented-e60961-never_act-c050-none,never_act,0.5,none,0.597778004231922,humanitarian_regional_hub_02_1,1.0,abstain,humanitarian_incident_02,0.0,reroute_or_reconfigure,2,0.16505432010943472
v6-pilot_sketch_cost-humanitarian-telemetry_integrity-private_fragmented-e60961-never_act-c050-none,never_act,0.5,none,0.7109965596881456,humanitarian_regional_hub_03_3,1.0,abstain,humanitarian_incident_03,0.0,deploy_repair_capacity,2,0.25561525159426335
v6-pilot_sketch_cost-humanitarian-telemetry_integrity-private_fragmented-e60961-never_act-c050-none,never_act,0.5,none,0.21415925843054587,humanitarian_clinic_04_3,1.0,abstain,humanitarian_incident_04,0.0,revise_commitment,2,0.18323831551505557
v6-pilot_sketch_cost-humanitarian-telemetry_integrity-private_fragmented-e60961-never_act-c050-none,never_act,0.5,none,0.20629465777927758,humanitarian_ngo_01_1,1.0,abstain,humanitarian_incident_01,0.0,authorize_emergency_resource,4,0.3373086174757712
v6-pilot_sketch_cost-humanitarian-telemetry_integrity-private_fragmented-e60961-never_act-c050-none,never_act,0.5,none,0.6227688667416754,humanitarian_regional_hub_02_1,1.0,abstain,humanitarian_incident_02,0.0,reroute_or_reconfigure,4,0.1794524291009938
v6-pilot_sketch_cost-humanitarian-telemetry_integrity-private_fragmented-e60961-never_act-c050-none,never_act,0.5,none,0.6755606856140024,humanitarian_regional_hub_03_3,1.0,abstain,humanitarian_incident_03,0.0,authorize_emergency_resource,4,0.2488017512288155
v6-pilot_sketch_cost-humanitarian-telemetry_integrity-private_fragmented-e60961-never_act-c050-none,never_act,0.5,none,0.29654537065990505,humanitarian_clinic_04_3,1.0,abstain,humanitarian_incident_04,0.0,revise_commitment,4,0.3373154260047075
v6-pilot_sketch_cost-humanitarian-telemetry_integrity-private_fragmented-e60961-never_act-c050-none,never_act,0.5,none,0.2850341933223147,humanitarian_ngo_01_1,1.0,abstain,humanitarian_incident_01,0.0,authorize_emergency_resource,6,0.5925125638084215
v6-pilot_sketch_cost-humanitarian-telemetry_integrity-private_fragmented-e60961-never_act-c050-none,never_act,0.5,none,0.726397256377685,humanitarian_regional_hub_02_1,1.0,abstain,humanitarian_incident_02,0.0,reroute_or_reconfigure,6,0.64011756141398
v6-pilot_sketch_cost-humanitarian-telemetry_integrity-private_fragmented-e60961-never_act-c050-none,never_act,0.5,none,0.7583998097068477,humanitarian_regional_hub_03_3,1.0,abstain,humanitarian_incident_03,0.0,authorize_emergency_resource,6,0.4965877125065812
v6-pilot_sketch_cost-humanitarian-telemetry_integrity-private_fragmented-e60961-never_act-c050-none,never_act,0.5,none,0.3309939705823589,humanitarian_clinic_04_3,1.0,abstain,humanitarian_incident_04,0.0,revise_commitment,6,0.5170191070692413
v6-pilot_sketch_cost-humanitarian-telemetry_integrity-private_fragmented-e60961-never_act-c050-none,never_act,0.5,none,0.3029325673611716,humanitarian_ngo_01_1,1.0,abstain,humanitarian_incident_01,0.0,authorize_emergency_resource,8,0.6556832693937611
v6-pilot_sketch_cost-humanitarian-telemetry_integrity-private_fragmented-e60961-never_act-c050-none,never_act,0.5,none,0.6874398216793807,humanitarian_regional_hub_02_1,1.0,abstain,humanitarian_incident_02,0.0,authorize_emergency_resource,8,0.22673984844214895
v6-pilot_sketch_cost-humanitarian-telemetry_integrity-private_fragmented-e60961-never_act-c050-none,never_act,0.5,none,0.7147243010141964,humanitarian_regional_hub_03_3,1.0,abstain,humanitarian_incident_03,0.0,authorize_emergency_resource,8,0.28568789080776535
v6-pilot_sketch_cost-humanitarian-telemetry_integrity-private_fragmented-e60961-never_act-c050-none,never_act,0.5,none,0.2839104936081158,humanitarian_clinic_04_3,1.0,abstain,humanitarian_incident_04,0.0,revise_commitment,8,0.32545598371320505
v6-pilot_sketch_cost-humanitarian-telemetry_integrity-private_fragmented-e60961-never_act-c050-none,never_act,0.5,none,0.20313232934100078,humanitarian_ngo_01_1,1.0,abstain,humanitarian_incident_01,0.0,authorize_emergency_resource,10,0.346994254736248
v6-pilot_sketch_cost-humanitarian-telemetry_integrity-private_fragmented-e60961-never_act-c050-none,never_act,0.5,none,0.7298553066663751,humanitarian_regional_hub_02_1,1.0,abstain,humanitarian_incident_02,0.0,reroute_or_reconfigure,10,0.5233052890185853
v6-pilot_sketch_cost-humanitarian-telemetry_integrity-private_fragmented-e60961-never_act-c050-none,never_act,0.5,none,0.8303926207602367,humanitarian_regional_hub_03_3,1.0,abstain,humanitarian_incident_03,0.0,authorize_emergency_resource,10,0.4334320320340871
v6-pilot_sketch_cost-humanitarian-telemetry_integrity-private_fragmented-e60961-never_act-c050-none,never_act,0.5,none,0.251032022205751,humanitarian_clinic_04_3,1.0,abstain,humanitarian_incident_04,0.0,revise_commitment,10,0.1595720810785058
v6-pilot_sketch_cost-humanitarian-telemetry_integrity-private_fragmented-e60961-never_act-c050-periodic,never_act,0.5,periodic,0.23962068619463012,humanitarian_ngo_01_1,0.9377239103771384,abstain,humanitarian_incident_01,0.062276089622861575,authorize_emergency_resource,2,0.4098095908724417
v6-pilot_sketch_cost-humanitarian-telemetry_integrity-private_fragmented-e60961-never_act-c050-periodic,never_act,0.5,periodic,0.597778004231922,humanitarian_regional_hub_02_1,0.8662291895386015,abstain,humanitarian_incident_02,0.1337708104613985,reroute_or_reconfigure,2,0.16505432010943472
v6-pilot_sketch_cost-humanitarian-telemetry_integrity-private_fragmented-e60961-never_act-c050-periodic,never_act,0.5,periodic,0.7109965596881456,humanitarian_regional_hub_03_3,0.8241382075130746,abstain,humanitarian_incident_03,0.17586179248692535,deploy_repair_capacity,2,0.25561525159426335
v6-pilot_sketch_cost-humanitarian-telemetry_integrity-private_fragmented-e60961-never_act-c050-periodic,never_act,0.5,periodic,0.21415925843054587,humanitarian_clinic_04_3,0.9037138610213089,abstain,humanitarian_incident_04,0.0962861389786911,revise_commitment,2,0.18323831551505557
v6-pilot_sketch_cost-humanitarian-telemetry_integrity-private_fragmented-e60961-never_act-c050-periodic,never_act,0.5,periodic,0.20629465777927758,humanitarian_ngo_01_1,0.9775975175359457,abstain,humanitarian_incident_01,0.022402482464054296,authorize_emergency_resource,4,0.3373086174757712
v6-pilot_sketch_cost-humanitarian-telemetry_integrity-private_fragmented-e60961-never_act-c050-periodic,never_act,0.5,periodic,0.6227688667416754,humanitarian_regional_hub_02_1,0.9437501551689558,abstain,humanitarian_incident_02,0.05624984483104423,reroute_or_reconfigure,4,0.1794524291009938
v6-pilot_sketch_cost-humanitarian-telemetry_integrity-private_fragmented-e60961-never_act-c050-periodic,never_act,0.5,periodic,0.6755606856140024,humanitarian_regional_hub_03_3,0.9111734931061444,abstain,humanitarian_incident_03,0.08882650689385563,authorize_emergency_resource,4,0.2488017512288155
v6-pilot_sketch_cost-humanitarian-telemetry_integrity-private_fragmented-e60961-never_act-c050-periodic,never_act,0.5,periodic,0.29654537065990505,humanitarian_clinic_04_3,0.8791300716971245,abstain,humanitarian_incident_04,0.12086992830287546,revise_commitment,4,0.3373154260047075
v6-pilot_sketch_cost-humanitarian-telemetry_integrity-private_fragmented-e60961-never_act-c050-periodic,never_act,0.5,periodic,0.2850341933223147,humanitarian_ngo_01_1,0.9048633724273172,abstain,humanitarian_incident_01,0.09513662757268282,authorize_emergency_resource,6,0.5925125638084215
v6-pilot_sketch_cost-humanitarian-telemetry_integrity-private_fragmented-e60961-never_act-c050-periodic,never_act,0.5,periodic,0.726397256377685,humanitarian_regional_hub_02_1,0.8778349676259193,abstain,humanitarian_incident_02,0.12216503237408072,reroute_or_reconfigure,6,0.64011756141398
v6-pilot_sketch_cost-humanitarian-telemetry_integrity-private_fragmented-e60961-never_act-c050-periodic,never_act,0.5,periodic,0.7583998097068477,humanitarian_regional_hub_03_3,0.9565980717184251,abstain,humanitarian_incident_03,0.04340192828157485,authorize_emergency_resource,6,0.4965877125065812
v6-pilot_sketch_cost-humanitarian-telemetry_integrity-private_fragmented-e60961-never_act-c050-periodic,never_act,0.5,periodic,0.3309939705823589,humanitarian_clinic_04_3,0.8599472461155874,abstain,humanitarian_incident_04,0.14005275388441263,revise_commitment,6,0.5170191070692413
v6-pilot_sketch_cost-humanitarian-telemetry_integrity-private_fragmented-e60961-never_act-c050-periodic,never_act,0.5,periodic,0.3029325673611716,humanitarian_ngo_01_1,0.9015626108896055,abstain,humanitarian_incident_01,0.09843738911039446,authorize_emergency_resource,8,0.6556832693937611
v6-pilot_sketch_cost-humanitarian-telemetry_integrity-private_fragmented-e60961-never_act-c050-periodic,never_act,0.5,periodic,0.6874398216793807,humanitarian_regional_hub_02_1,0.8901854660074952,abstain,humanitarian_incident_02,0.10981453399250485,authorize_emergency_resource,8,0.22673984844214895
v6-pilot_sketch_cost-humanitarian-telemetry_integrity-private_fragmented-e60961-never_act-c050-periodic,never_act,0.5,periodic,0.7147243010141964,humanitarian_regional_hub_03_3,0.9935010610048802,abstain,humanitarian_incident_03,0.006498938995119774,authorize_emergency_resource,8,0.28568789080776535
v6-pilot_sketch_cost-humanitarian-telemetry_integrity-private_fragmented-e60961-never_act-c050-periodic,never_act,0.5,periodic,0.2839104936081158,humanitarian_clinic_04_3,0.8307566766050477,abstain,humanitarian_incident_04,0.1692433233949523,revise_commitment,8,0.32545598371320505
v6-pilot_sketch_cost-humanitarian-telemetry_integrity-private_fragmented-e60961-never_act-c050-periodic,never_act,0.5,periodic,0.20313232934100078,humanitarian_ngo_01_1,0.9273291264086533,abstain,humanitarian_incident_01,0.07267087359134672,authorize_emergency_resource,10,0.346994254736248
v6-pilot_sketch_cost-humanitarian-telemetry_integrity-private_fragmented-e60961-never_act-c050-periodic,never_act,0.5,periodic,0.7298553066663751,humanitarian_regional_hub_02_1,0.9785656459318681,abstain,humanitarian_incident_02,0.021434354068131878,reroute_or_reconfigure,10,0.5233052890185853
v6-pilot_sketch_cost-humanitarian-telemetry_integrity-private_fragmented-e60961-never_act-c050-periodic,never_act,0.5,periodic,0.8303926207602367,humanitarian_regional_hub_03_3,0.9125716151223644,abstain,humanitarian_incident_03,0.0874283848776356,authorize_emergency_resource,10,0.4334320320340871
v6-pilot_sketch_cost-humanitarian-telemetry_integrity-private_fragmented-e60961-never_act-c050-periodic,never_act,0.5,periodic,0.251032022205751,humanitarian_clinic_04_3,0.8963414403824886,abstain,humanitarian_incident_04,0.10365855961751136,revise_commitment,10,0.1595720810785058
v6-pilot_sketch_cost-humanitarian-telemetry_integrity-private_fragmented-e60962-never_act-c050-always_on,never_act,0.5,always_on,0.5656427789584728,humanitarian_ngo_01_1,0.8714678562226041,abstain,humanitarian_incident_01,0.12853214377739586,revise_commitment,2,0.3358011565889707
v6-pilot_sketch_cost-humanitarian-telemetry_integrity-private_fragmented-e60962-never_act-c050-always_on,never_act,0.5,always_on,0.4359132446922767,humanitarian_ngo_02_3,0.8594633667387046,abstain,humanitarian_incident_02,0.1405366332612954,authorize_emergency_resource,2,0.46200918939645275
v6-pilot_sketch_cost-humanitarian-telemetry_integrity-private_fragmented-e60962-never_act-c050-always_on,never_act,0.5,always_on,0.3305537145697058,humanitarian_clinic_03_1,0.7792268803154256,abstain,humanitarian_incident_03,0.22077311968457436,authorize_emergency_resource,2,0.22132436153101132
v6-pilot_sketch_cost-humanitarian-telemetry_integrity-private_fragmented-e60962-never_act-c050-always_on,never_act,0.5,always_on,0.5680662263716398,humanitarian_ngo_04_1,0.9619681215381658,abstain,humanitarian_incident_04,0.0380318784618342,reroute_or_reconfigure,2,0.719524229977921
v6-pilot_sketch_cost-humanitarian-telemetry_integrity-private_fragmented-e60962-never_act-c050-always_on,never_act,0.5,always_on,0.6446551717437784,humanitarian_ngo_01_1,0.9509276957205293,abstain,humanitarian_incident_01,0.049072304279470735,revise_commitment,4,0.28352833072607453
v6-pilot_sketch_cost-humanitarian-telemetry_integrity-private_fragmented-e60962-never_act-c050-always_on,never_act,0.5,always_on,0.4098083576791742,humanitarian_regional_hub_02_1,0.8827799525929416,abstain,humanitarian_incident_02,0.11722004740705838,deploy_repair_capacity,4,0.5286275418099926
v6-pilot_sketch_cost-humanitarian-telemetry_integrity-private_fragmented-e60962-never_act-c050-always_on,never_act,0.5,always_on,0.2899681001435034,humanitarian_ngo_03_2,0.9466392517843069,abstain,humanitarian_incident_03,0.05336074821569314,reroute_or_reconfigure,4,0.34680532448070517
v6-pilot_sketch_cost-humanitarian-telemetry_integrity-private_fragmented-e60962-never_act-c050-always_on,never_act,0.5,always_on,0.5220360635611971,humanitarian_ngo_04_1,0.8726240402649686,abstain,humanitarian_incident_04,0.12737595973503135,authorize_emergency_resource,4,0.2189144528713692
v6-pilot_sketch_cost-humanitarian-telemetry_integrity-private_fragmented-e60962-never_act-c050-always_on,never_act,0.5,always_on,0.5979012783800307,humanitarian_ngo_01_1,0.9359583814502834,abstain,humanitarian_incident_01,0.06404161854971657,authorize_emergency_resource,6,0.03203887017400531
v6-pilot_sketch_cost-humanitarian-telemetry_integrity-private_fragmented-e60962-never_act-c050-always_on,never_act,0.5,always_on,0.43304556600426813,humanitarian_clinic_02_2,0.7986357138825463,abstain,humanitarian_incident_02,0.20136428611745372,revise_commitment,6,0.34718692191980616
v6-pilot_sketch_cost-humanitarian-telemetry_integrity-private_fragmented-e60962-never_act-c050-always_on,never_act,0.5,always_on,0.2714950491104571,humanitarian_regional_hub_03_3,0.8800160683727836,abstain,humanitarian_incident_03,0.11998393162721643,reroute_or_reconfigure,6,0.2703935345197188
v6-pilot_sketch_cost-humanitarian-telemetry_integrity-private_fragmented-e60962-never_act-c050-always_on,never_act,0.5,always_on,0.5854577502724616,humanitarian_ngo_04_1,0.9139953019148769,abstain,humanitarian_incident_04,0.08600469808512312,reroute_or_reconfigure,6,0.5792342225613059
v6-pilot_sketch_cost-humanitarian-telemetry_integrity-private_fragmented-e60962-never_act-c050-always_on,never_act,0.5,always_on,0.748684254331105,humanitarian_ngo_01_1,0.9923044691117251,abstain,humanitarian_incident_01,0.007695530888274904,revise_commitment,8,0.5443453820369974
v6-pilot_sketch_cost-humanitarian-telemetry_integrity-private_fragmented-e60962-never_act-c050-always_on,never_act,0.5,always_on,0.5036035918267382,humanitarian_ngo_02_3,0.8707057121906637,abstain,humanitarian_incident_02,0.12929428780933627,revise_commitment,8,0.5240748994860848
v6-pilot_sketch_cost-humanitarian-telemetry_integrity-private_fragmented-e60962-never_act-c050-always_on,never_act,0.5,always_on,0.2971231182463198,humanitarian_ngo_03_2,0.972490610996298,abstain,humanitarian_incident_03,0.027509389003702034,reroute_or_reconfigure,8,0.2525740364169204
v6-pilot_sketch_cost-humanitarian-telemetry_integrity-private_fragmented-e60962-never_act-c050-always_on,never_act,0.5,always_on,0.616318596718491,humanitarian_ngo_04_1,0.9673511242879959,abstain,humanitarian_incident_04,0.032648875712004144,reroute_or_reconfigure,8,0.5496679541294263
v6-pilot_sketch_cost-humanitarian-telemetry_integrity-private_fragmented-e60962-never_act-c050-always_on,never_act,0.5,always_on,0.7523842104570817,humanitarian_ngo_01_1,0.8886205404921814,abstain,humanitarian_incident_01,0.11137945950781858,revise_commitment,10,0.2831717084420509
v6-pilot_sketch_cost-humanitarian-telemetry_integrity-private_fragmented-e60962-never_act-c050-always_on,never_act,0.5,always_on,0.4744768139988319,humanitarian_ngo_02_3,0.8883300551800223,abstain,humanitarian_incident_02,0.11166994481997772,authorize_emergency_resource,10,0.4109902061787978
v6-pilot_sketch_cost-humanitarian-telemetry_integrity-private_fragmented-e60962-never_act-c050-always_on,never_act,0.5,always_on,0.34125784972455986,humanitarian_ngo_03_2,0.9280486912445034,abstain,humanitarian_incident_03,0.0719513087554966,reroute_or_reconfigure,10,0.2757615828486991
v6-pilot_sketch_cost-humanitarian-telemetry_integrity-private_fragmented-e60962-never_act-c050-always_on,never_act,0.5,always_on,0.6265582932511548,humanitarian_ngo_04_1,0.9114229879466715,abstain,humanitarian_incident_04,0.08857701205332846,reroute_or_reconfigure,10,0.4969149789776087
v6-pilot_sketch_cost-humanitarian-telemetry_integrity-private_fragmented-e60962-never_act-c050-event_triggered,never_act,0.5,event_triggered,0.5656427789584728,humanitarian_ngo_01_1,0.8714678562226041,abstain,humanitarian_incident_01,0.12853214377739586,revise_commitment,2,0.3358011565889707
v6-pilot_sketch_cost-humanitarian-telemetry_integrity-private_fragmented-e60962-never_act-c050-event_triggered,never_act,0.5,event_triggered,0.4359132446922767,humanitarian_ngo_02_3,0.8594633667387046,abstain,humanitarian_incident_02,0.1405366332612954,authorize_emergency_resource,2,0.46200918939645275
v6-pilot_sketch_cost-humanitarian-telemetry_integrity-private_fragmented-e60962-never_act-c050-event_triggered,never_act,0.5,event_triggered,0.3305537145697058,humanitarian_clinic_03_1,0.7792268803154256,abstain,humanitarian_incident_03,0.22077311968457436,authorize_emergency_resource,2,0.22132436153101132
v6-pilot_sketch_cost-humanitarian-telemetry_integrity-private_fragmented-e60962-never_act-c050-event_triggered,never_act,0.5,event_triggered,0.5680662263716398,humanitarian_ngo_04_1,0.9619681215381658,abstain,humanitarian_incident_04,0.0380318784618342,reroute_or_reconfigure,2,0.719524229977921
v6-pilot_sketch_cost-humanitarian-telemetry_integrity-private_fragmented-e60962-never_act-c050-event_triggered,never_act,0.5,event_triggered,0.6446551717437784,humanitarian_ngo_01_1,0.9509276957205293,abstain,humanitarian_incident_01,0.049072304279470735,revise_commitment,4,0.28352833072607453
v6-pilot_sketch_cost-humanitarian-telemetry_integrity-private_fragmented-e60962-never_act-c050-event_triggered,never_act,0.5,event_triggered,0.4098083576791742,humanitarian_regional_hub_02_1,0.8827799525929416,abstain,humanitarian_incident_02,0.11722004740705838,deploy_repair_capacity,4,0.5286275418099926
v6-pilot_sketch_cost-humanitarian-telemetry_integrity-private_fragmented-e60962-never_act-c050-event_triggered,never_act,0.5,event_triggered,0.2899681001435034,humanitarian_ngo_03_2,0.9466392517843069,abstain,humanitarian_incident_03,0.05336074821569314,reroute_or_reconfigure,4,0.34680532448070517
v6-pilot_sketch_cost-humanitarian-telemetry_integrity-private_fragmented-e60962-never_act-c050-event_triggered,never_act,0.5,event_triggered,0.5220360635611971,humanitarian_ngo_04_1,0.8726240402649686,abstain,humanitarian_incident_04,0.12737595973503135,authorize_emergency_resource,4,0.2189144528713692
v6-pilot_sketch_cost-humanitarian-telemetry_integrity-private_fragmented-e60962-never_act-c050-event_triggered,never_act,0.5,event_triggered,0.5979012783800307,humanitarian_ngo_01_1,0.9359583814502834,abstain,humanitarian_incident_01,0.06404161854971657,authorize_emergency_resource,6,0.03203887017400531
v6-pilot_sketch_cost-humanitarian-telemetry_integrity-private_fragmented-e60962-never_act-c050-event_triggered,never_act,0.5,event_triggered,0.43304556600426813,humanitarian_clinic_02_2,0.8141199654763105,abstain,humanitarian_incident_02,0.1858800345236895,revise_commitment,6,0.34718692191980616
v6-pilot_sketch_cost-humanitarian-telemetry_integrity-private_fragmented-e60962-never_act-c050-event_triggered,never_act,0.5,event_triggered,0.2714950491104571,humanitarian_regional_hub_03_3,0.8800160683727836,abstain,humanitarian_incident_03,0.11998393162721643,reroute_or_reconfigure,6,0.2703935345197188
v6-pilot_sketch_cost-humanitarian-telemetry_integrity-private_fragmented-e60962-never_act-c050-event_triggered,never_act,0.5,event_triggered,0.5854577502724616,humanitarian_ngo_04_1,0.9139953019148769,abstain,humanitarian_incident_04,0.08600469808512312,reroute_or_reconfigure,6,0.5792342225613059
v6-pilot_sketch_cost-humanitarian-telemetry_integrity-private_fragmented-e60962-never_act-c050-event_triggered,never_act,0.5,event_triggered,0.748684254331105,humanitarian_ngo_01_1,0.9923044691117251,abstain,humanitarian_incident_01,0.007695530888274904,revise_commitment,8,0.5443453820369974
v6-pilot_sketch_cost-humanitarian-telemetry_integrity-private_fragmented-e60962-never_act-c050-event_triggered,never_act,0.5,event_triggered,0.5036035918267382,humanitarian_ngo_02_3,0.8707057121906637,abstain,humanitarian_incident_02,0.12929428780933627,revise_commitment,8,0.5240748994860848
v6-pilot_sketch_cost-humanitarian-telemetry_integrity-private_fragmented-e60962-never_act-c050-event_triggered,never_act,0.5,event_triggered,0.2971231182463198,humanitarian_ngo_03_2,0.9726312953264526,abstain,humanitarian_incident_03,0.02736870467354735,reroute_or_reconfigure,8,0.2525740364169204
v6-pilot_sketch_cost-humanitarian-telemetry_integrity-private_fragmented-e60962-never_act-c050-event_triggered,never_act,0.5,event_triggered,0.616318596718491,humanitarian_ngo_04_1,0.9673511242879959,abstain,humanitarian_incident_04,0.032648875712004144,reroute_or_reconfigure,8,0.5496679541294263
v6-pilot_sketch_cost-humanitarian-telemetry_integrity-private_fragmented-e60962-never_act-c050-event_triggered,never_act,0.5,event_triggered,0.7523842104570817,humanitarian_ngo_01_1,0.8886205404921814,abstain,humanitarian_incident_01,0.11137945950781858,revise_commitment,10,0.2831717084420509
v6-pilot_sketch_cost-humanitarian-telemetry_integrity-private_fragmented-e60962-never_act-c050-event_triggered,never_act,0.5,event_triggered,0.4744768139988319,humanitarian_ngo_02_3,0.8883300551800223,abstain,humanitarian_incident_02,0.11166994481997772,authorize_emergency_resource,10,0.4109902061787978
v6-pilot_sketch_cost-humanitarian-telemetry_integrity-private_fragmented-e60962-never_act-c050-event_triggered,never_act,0.5,event_triggered,0.34125784972455986,humanitarian_ngo_03_2,0.9280486912445034,abstain,humanitarian_incident_03,0.0719513087554966,reroute_or_reconfigure,10,0.2757615828486991
v6-pilot_sketch_cost-humanitarian-telemetry_integrity-private_fragmented-e60962-never_act-c050-event_triggered,never_act,0.5,event_triggered,0.6265582932511548,humanitarian_ngo_04_1,0.9114229879466715,abstain,humanitarian_incident_04,0.08857701205332846,reroute_or_reconfigure,10,0.4969149789776087
v6-pilot_sketch_cost-humanitarian-telemetry_integrity-private_fragmented-e60962-never_act-c050-none,never_act,0.5,none,0.5656427789584728,humanitarian_ngo_01_1,1.0,abstain,humanitarian_incident_01,0.0,revise_commitment,2,0.3358011565889707
v6-pilot_sketch_cost-humanitarian-telemetry_integrity-private_fragmented-e60962-never_act-c050-none,never_act,0.5,none,0.4359132446922767,humanitarian_ngo_02_3,1.0,abstain,humanitarian_incident_02,0.0,authorize_emergency_resource,2,0.46200918939645275
v6-pilot_sketch_cost-humanitarian-telemetry_integrity-private_fragmented-e60962-never_act-c050-none,never_act,0.5,none,0.3305537145697058,humanitarian_clinic_03_1,1.0,abstain,humanitarian_incident_03,0.0,authorize_emergency_resource,2,0.22132436153101132
v6-pilot_sketch_cost-humanitarian-telemetry_integrity-private_fragmented-e60962-never_act-c050-none,never_act,0.5,none,0.5680662263716398,humanitarian_ngo_04_1,1.0,abstain,humanitarian_incident_04,0.0,reroute_or_reconfigure,2,0.719524229977921
v6-pilot_sketch_cost-humanitarian-telemetry_integrity-private_fragmented-e60962-never_act-c050-none,never_act,0.5,none,0.6446551717437784,humanitarian_ngo_01_1,1.0,abstain,humanitarian_incident_01,0.0,revise_commitment,4,0.28352833072607453
v6-pilot_sketch_cost-humanitarian-telemetry_integrity-private_fragmented-e60962-never_act-c050-none,never_act,0.5,none,0.4098083576791742,humanitarian_regional_hub_02_1,1.0,abstain,humanitarian_incident_02,0.0,deploy_repair_capacity,4,0.5286275418099926
v6-pilot_sketch_cost-humanitarian-telemetry_integrity-private_fragmented-e60962-never_act-c050-none,never_act,0.5,none,0.2899681001435034,humanitarian_ngo_03_2,1.0,abstain,humanitarian_incident_03,0.0,reroute_or_reconfigure,4,0.34680532448070517
v6-pilot_sketch_cost-humanitarian-telemetry_integrity-private_fragmented-e60962-never_act-c050-none,never_act,0.5,none,0.5220360635611971,humanitarian_ngo_04_1,1.0,abstain,humanitarian_incident_04,0.0,authorize_emergency_resource,4,0.2189144528713692
v6-pilot_sketch_cost-humanitarian-telemetry_integrity-private_fragmented-e60962-never_act-c050-none,never_act,0.5,none,0.5979012783800307,humanitarian_ngo_01_1,1.0,abstain,humanitarian_incident_01,0.0,authorize_emergency_resource,6,0.03203887017400531
v6-pilot_sketch_cost-humanitarian-telemetry_integrity-private_fragmented-e60962-never_act-c050-none,never_act,0.5,none,0.43304556600426813,humanitarian_clinic_02_2,1.0,abstain,humanitarian_incident_02,0.0,revise_commitment,6,0.34718692191980616
v6-pilot_sketch_cost-humanitarian-telemetry_integrity-private_fragmented-e60962-never_act-c050-none,never_act,0.5,none,0.2714950491104571,humanitarian_regional_hub_03_3,1.0,abstain,humanitarian_incident_03,0.0,reroute_or_reconfigure,6,0.2703935345197188
v6-pilot_sketch_cost-humanitarian-telemetry_integrity-private_fragmented-e60962-never_act-c050-none,never_act,0.5,none,0.5854577502724616,humanitarian_ngo_04_1,1.0,abstain,humanitarian_incident_04,0.0,reroute_or_reconfigure,6,0.5792342225613059
v6-pilot_sketch_cost-humanitarian-telemetry_integrity-private_fragmented-e60962-never_act-c050-none,never_act,0.5,none,0.748684254331105,humanitarian_ngo_01_1,1.0,abstain,humanitarian_incident_01,0.0,revise_commitment,8,0.5443453820369974
v6-pilot_sketch_cost-humanitarian-telemetry_integrity-private_fragmented-e60962-never_act-c050-none,never_act,0.5,none,0.5036035918267382,humanitarian_ngo_02_3,1.0,abstain,humanitarian_incident_02,0.0,revise_commitment,8,0.5240748994860848
v6-pilot_sketch_cost-humanitarian-telemetry_integrity-private_fragmented-e60962-never_act-c050-none,never_act,0.5,none,0.2971231182463198,humanitarian_ngo_03_2,1.0,abstain,humanitarian_incident_03,0.0,reroute_or_reconfigure,8,0.2525740364169204
v6-pilot_sketch_cost-humanitarian-telemetry_integrity-private_fragmented-e60962-never_act-c050-none,never_act,0.5,none,0.616318596718491,humanitarian_ngo_04_1,1.0,abstain,humanitarian_incident_04,0.0,reroute_or_reconfigure,8,0.5496679541294263
v6-pilot_sketch_cost-humanitarian-telemetry_integrity-private_fragmented-e60962-never_act-c050-none,never_act,0.5,none,0.7523842104570817,humanitarian_ngo_01_1,1.0,abstain,humanitarian_incident_01,0.0,revise_commitment,10,0.2831717084420509
v6-pilot_sketch_cost-humanitarian-telemetry_integrity-private_fragmented-e60962-never_act-c050-none,never_act,0.5,none,0.4744768139988319,humanitarian_ngo_02_3,1.0,abstain,humanitarian_incident_02,0.0,authorize_emergency_resource,10,0.4109902061787978
v6-pilot_sketch_cost-humanitarian-telemetry_integrity-private_fragmented-e60962-never_act-c050-none,never_act,0.5,none,0.34125784972455986,humanitarian_ngo_03_2,1.0,abstain,humanitarian_incident_03,0.0,reroute_or_reconfigure,10,0.2757615828486991
v6-pilot_sketch_cost-humanitarian-telemetry_integrity-private_fragmented-e60962-never_act-c050-none,never_act,0.5,none,0.6265582932511548,humanitarian_ngo_04_1,1.0,abstain,humanitarian_incident_04,0.0,reroute_or_reconfigure,10,0.4969149789776087
v6-pilot_sketch_cost-humanitarian-telemetry_integrity-private_fragmented-e60962-never_act-c050-periodic,never_act,0.5,periodic,0.5656427789584728,humanitarian_ngo_01_1,0.7126677378228408,abstain,humanitarian_incident_01,0.28733226217715924,revise_commitment,2,0.3358011565889707
v6-pilot_sketch_cost-humanitarian-telemetry_integrity-private_fragmented-e60962-never_act-c050-periodic,never_act,0.5,periodic,0.4359132446922767,humanitarian_ngo_02_3,0.9493354275826221,abstain,humanitarian_incident_02,0.05066457241737787,authorize_emergency_resource,2,0.46200918939645275
v6-pilot_sketch_cost-humanitarian-telemetry_integrity-private_fragmented-e60962-never_act-c050-periodic,never_act,0.5,periodic,0.3305537145697058,humanitarian_clinic_03_1,0.7878785360862209,abstain,humanitarian_incident_03,0.21212146391377906,authorize_emergency_resource,2,0.22132436153101132
v6-pilot_sketch_cost-humanitarian-telemetry_integrity-private_fragmented-e60962-never_act-c050-periodic,never_act,0.5,periodic,0.5680662263716398,humanitarian_ngo_04_1,0.9940273677909245,abstain,humanitarian_incident_04,0.005972632209075512,reroute_or_reconfigure,2,0.719524229977921
v6-pilot_sketch_cost-humanitarian-telemetry_integrity-private_fragmented-e60962-never_act-c050-periodic,never_act,0.5,periodic,0.6446551717437784,humanitarian_ngo_01_1,0.9001187584258452,abstain,humanitarian_incident_01,0.09988124157415479,revise_commitment,4,0.28352833072607453
v6-pilot_sketch_cost-humanitarian-telemetry_integrity-private_fragmented-e60962-never_act-c050-periodic,never_act,0.5,periodic,0.4098083576791742,humanitarian_regional_hub_02_1,0.8779134829160092,abstain,humanitarian_incident_02,0.12208651708399076,deploy_repair_capacity,4,0.5286275418099926
v6-pilot_sketch_cost-humanitarian-telemetry_integrity-private_fragmented-e60962-never_act-c050-periodic,never_act,0.5,periodic,0.2899681001435034,humanitarian_ngo_03_2,0.9510199092761119,abstain,humanitarian_incident_03,0.04898009072388809,reroute_or_reconfigure,4,0.34680532448070517
v6-pilot_sketch_cost-humanitarian-telemetry_integrity-private_fragmented-e60962-never_act-c050-periodic,never_act,0.5,periodic,0.5220360635611971,humanitarian_ngo_04_1,0.8339472812568154,abstain,humanitarian_incident_04,0.1660527187431846,authorize_emergency_resource,4,0.2189144528713692
v6-pilot_sketch_cost-humanitarian-telemetry_integrity-private_fragmented-e60962-never_act-c050-periodic,never_act,0.5,periodic,0.5979012783800307,humanitarian_ngo_01_1,0.9359583814502834,abstain,humanitarian_incident_01,0.06404161854971657,authorize_emergency_resource,6,0.03203887017400531
v6-pilot_sketch_cost-humanitarian-telemetry_integrity-private_fragmented-e60962-never_act-c050-periodic,never_act,0.5,periodic,0.43304556600426813,humanitarian_clinic_02_2,0.7986357138825463,abstain,humanitarian_incident_02,0.20136428611745372,revise_commitment,6,0.34718692191980616
v6-pilot_sketch_cost-humanitarian-telemetry_integrity-private_fragmented-e60962-never_act-c050-periodic,never_act,0.5,periodic,0.2714950491104571,humanitarian_regional_hub_03_3,0.8800160683727836,abstain,humanitarian_incident_03,0.11998393162721643,reroute_or_reconfigure,6,0.2703935345197188
v6-pilot_sketch_cost-humanitarian-telemetry_integrity-private_fragmented-e60962-never_act-c050-periodic,never_act,0.5,periodic,0.5854577502724616,humanitarian_ngo_04_1,0.9139953019148769,abstain,humanitarian_incident_04,0.08600469808512312,reroute_or_reconfigure,6,0.5792342225613059
v6-pilot_sketch_cost-humanitarian-telemetry_integrity-private_fragmented-e60962-never_act-c050-periodic,never_act,0.5,periodic,0.748684254331105,humanitarian_ngo_01_1,0.9345089930575364,abstain,humanitarian_incident_01,0.06549100694246357,revise_commitment,8,0.5443453820369974
v6-pilot_sketch_cost-humanitarian-telemetry_integrity-private_fragmented-e60962-never_act-c050-periodic,never_act,0.5,periodic,0.5036035918267382,humanitarian_ngo_02_3,0.8115170260896144,abstain,humanitarian_incident_02,0.1884829739103856,revise_commitment,8,0.5240748994860848
v6-pilot_sketch_cost-humanitarian-telemetry_integrity-private_fragmented-e60962-never_act-c050-periodic,never_act,0.5,periodic,0.2971231182463198,humanitarian_ngo_03_2,0.977164074638629,abstain,humanitarian_incident_03,0.022835925361371023,reroute_or_reconfigure,8,0.2525740364169204
v6-pilot_sketch_cost-humanitarian-telemetry_integrity-private_fragmented-e60962-never_act-c050-periodic,never_act,0.5,periodic,0.616318596718491,humanitarian_ngo_04_1,0.8982052039245395,abstain,humanitarian_incident_04,0.10179479607546049,reroute_or_reconfigure,8,0.5496679541294263
v6-pilot_sketch_cost-humanitarian-telemetry_integrity-private_fragmented-e60962-never_act-c050-periodic,never_act,0.5,periodic,0.7523842104570817,humanitarian_ngo_01_1,0.8347710412100492,abstain,humanitarian_incident_01,0.1652289587899508,revise_commitment,10,0.2831717084420509
v6-pilot_sketch_cost-humanitarian-telemetry_integrity-private_fragmented-e60962-never_act-c050-periodic,never_act,0.5,periodic,0.4744768139988319,humanitarian_ngo_02_3,0.8738923564132954,abstain,humanitarian_incident_02,0.12610764358670457,authorize_emergency_resource,10,0.4109902061787978
v6-pilot_sketch_cost-humanitarian-telemetry_integrity-private_fragmented-e60962-never_act-c050-periodic,never_act,0.5,periodic,0.34125784972455986,humanitarian_ngo_03_2,0.9302832927222549,abstain,humanitarian_incident_03,0.06971670727774515,reroute_or_reconfigure,10,0.2757615828486991
v6-pilot_sketch_cost-humanitarian-telemetry_integrity-private_fragmented-e60962-never_act-c050-periodic,never_act,0.5,periodic,0.6265582932511548,humanitarian_ngo_04_1,0.9334807636550684,abstain,humanitarian_incident_04,0.06651923634493162,reroute_or_reconfigure,10,0.4969149789776087
v6-pilot_sketch_cost-humanitarian-telemetry_integrity-private_fragmented-e60963-never_act-c050-always_on,never_act,0.5,always_on,0.5756995997929255,humanitarian_regional_hub_01_2,0.9941660117494432,abstain,humanitarian_incident_01,0.00583398825055681,reroute_or_reconfigure,2,0.5791350426360343
v6-pilot_sketch_cost-humanitarian-telemetry_integrity-private_fragmented-e60963-never_act-c050-always_on,never_act,0.5,always_on,0.42677927981328756,humanitarian_clinic_02_2,0.7824743281079475,abstain,humanitarian_incident_02,0.21752567189205252,revise_commitment,2,0.3083368313478583
v6-pilot_sketch_cost-humanitarian-telemetry_integrity-private_fragmented-e60963-never_act-c050-always_on,never_act,0.5,always_on,0.7726745439850339,humanitarian_regional_hub_03_3,0.9242859540783522,abstain,humanitarian_incident_03,0.07571404592164777,authorize_emergency_resource,2,0.4857097883528972
v6-pilot_sketch_cost-humanitarian-telemetry_integrity-private_fragmented-e60963-never_act-c050-always_on,never_act,0.5,always_on,0.4985067261159492,humanitarian_ngo_04_1,0.9120363480945727,abstain,humanitarian_incident_04,0.08796365190542732,revise_commitment,2,0.04737523944585442
v6-pilot_sketch_cost-humanitarian-telemetry_integrity-private_fragmented-e60963-never_act-c050-always_on,never_act,0.5,always_on,0.6253280931661275,humanitarian_clinic_01_3,0.8920921389698622,abstain,humanitarian_incident_01,0.10790786103013783,authorize_emergency_resource,4,0.41988912653753996
v6-pilot_sketch_cost-humanitarian-telemetry_integrity-private_fragmented-e60963-never_act-c050-always_on,never_act,0.5,always_on,0.5251620156795126,humanitarian_clinic_02_2,0.8533233799449429,abstain,humanitarian_incident_02,0.1466766200550571,revise_commitment,4,0.31598450187404836
v6-pilot_sketch_cost-humanitarian-telemetry_integrity-private_fragmented-e60963-never_act-c050-always_on,never_act,0.5,always_on,0.7866457711544212,humanitarian_regional_hub_03_3,0.9630168010772145,abstain,humanitarian_incident_03,0.036983198922785454,authorize_emergency_resource,4,0.34678862345274714
v6-pilot_sketch_cost-humanitarian-telemetry_integrity-private_fragmented-e60963-never_act-c050-always_on,never_act,0.5,always_on,0.6450375745356397,humanitarian_ngo_04_1,0.9647026723391069,abstain,humanitarian_incident_04,0.03529732766089311,revise_commitment,4,0.6184854138857833
v6-pilot_sketch_cost-humanitarian-telemetry_integrity-private_fragmented-e60963-never_act-c050-always_on,never_act,0.5,always_on,0.7537675510758974,humanitarian_clinic_01_3,0.8860440862096252,abstain,humanitarian_incident_01,0.11395591379037484,authorize_emergency_resource,6,0.3580764536881488
v6-pilot_sketch_cost-humanitarian-telemetry_integrity-private_fragmented-e60963-never_act-c050-always_on,never_act,0.5,always_on,0.43205793374229073,humanitarian_clinic_02_2,0.9333913466632837,abstain,humanitarian_incident_02,0.06660865333671628,revise_commitment,6,0.15701617896376374
v6-pilot_sketch_cost-humanitarian-telemetry_integrity-private_fragmented-e60963-never_act-c050-always_on,never_act,0.5,always_on,0.7575867977062284,humanitarian_regional_hub_03_3,0.8897706429009791,abstain,humanitarian_incident_03,0.11022935709902093,authorize_emergency_resource,6,0.37015481458111243
v6-pilot_sketch_cost-humanitarian-telemetry_integrity-private_fragmented-e60963-never_act-c050-always_on,never_act,0.5,always_on,0.6045018934073465,humanitarian_ngo_04_1,0.8586616482702157,abstain,humanitarian_incident_04,0.14133835172978426,reroute_or_reconfigure,6,0.32190184582346215
v6-pilot_sketch_cost-humanitarian-telemetry_integrity-private_fragmented-e60963-never_act-c050-always_on,never_act,0.5,always_on,0.6541408029358085,humanitarian_regional_hub_01_2,0.9480436148329219,abstain,humanitarian_incident_01,0.05195638516707812,reroute_or_reconfigure,8,0.36463280861761793
v6-pilot_sketch_cost-humanitarian-telemetry_integrity-private_fragmented-e60963-never_act-c050-always_on,never_act,0.5,always_on,0.5235894216720973,humanitarian_ngo_02_3,0.8576746141819829,abstain,humanitarian_incident_02,0.14232538581801712,authorize_emergency_resource,8,0.39073433016183845
v6-pilot_sketch_cost-humanitarian-telemetry_integrity-private_fragmented-e60963-never_act-c050-always_on,never_act,0.5,always_on,0.8585969970266606,humanitarian_regional_hub_03_3,0.9277726742775442,abstain,humanitarian_incident_03,0.07222732572245583,authorize_emergency_resource,8,0.45409083524688687
v6-pilot_sketch_cost-humanitarian-telemetry_integrity-private_fragmented-e60963-never_act-c050-always_on,never_act,0.5,always_on,0.6659201990607323,humanitarian_ngo_04_1,0.909364774185871,abstain,humanitarian_incident_04,0.09063522581412897,revise_commitment,8,0.47186025804238857
v6-pilot_sketch_cost-humanitarian-telemetry_integrity-private_fragmented-e60963-never_act-c050-always_on,never_act,0.5,always_on,0.7007053778104253,humanitarian_regional_hub_01_2,0.9890208140201745,abstain,humanitarian_incident_01,0.010979185979825501,reroute_or_reconfigure,10,0.5165900426769016
v6-pilot_sketch_cost-humanitarian-telemetry_integrity-private_fragmented-e60963-never_act-c050-always_on,never_act,0.5,always_on,0.5379423763689297,humanitarian_ngo_02_3,0.8517402900626787,abstain,humanitarian_incident_02,0.1482597099373213,authorize_emergency_resource,10,0.3957863542289868
v6-pilot_sketch_cost-humanitarian-telemetry_integrity-private_fragmented-e60963-never_act-c050-always_on,never_act,0.5,always_on,0.8783518904562687,humanitarian_regional_hub_03_3,0.888676576945222,abstain,humanitarian_incident_03,0.11132342305477805,authorize_emergency_resource,10,0.35561678407825764
v6-pilot_sketch_cost-humanitarian-telemetry_integrity-private_fragmented-e60963-never_act-c050-always_on,never_act,0.5,always_on,0.6483981613580022,humanitarian_ngo_04_1,0.9352326820267304,abstain,humanitarian_incident_04,0.06476731797326962,authorize_emergency_resource,10,0.20859986392273439
v6-pilot_sketch_cost-humanitarian-telemetry_integrity-private_fragmented-e60963-never_act-c050-event_triggered,never_act,0.5,event_triggered,0.5756995997929255,humanitarian_regional_hub_01_2,0.9941660117494432,abstain,humanitarian_incident_01,0.00583398825055681,reroute_or_reconfigure,2,0.5791350426360343
v6-pilot_sketch_cost-humanitarian-telemetry_integrity-private_fragmented-e60963-never_act-c050-event_triggered,never_act,0.5,event_triggered,0.42677927981328756,humanitarian_clinic_02_2,0.7824743281079475,abstain,humanitarian_incident_02,0.21752567189205252,revise_commitment,2,0.3083368313478583
v6-pilot_sketch_cost-humanitarian-telemetry_integrity-private_fragmented-e60963-never_act-c050-event_triggered,never_act,0.5,event_triggered,0.7726745439850339,humanitarian_regional_hub_03_3,0.9242859540783522,abstain,humanitarian_incident_03,0.07571404592164777,authorize_emergency_resource,2,0.4857097883528972
v6-pilot_sketch_cost-humanitarian-telemetry_integrity-private_fragmented-e60963-never_act-c050-event_triggered,never_act,0.5,event_triggered,0.4985067261159492,humanitarian_ngo_04_1,0.9120363480945727,abstain,humanitarian_incident_04,0.08796365190542732,revise_commitment,2,0.04737523944585442
v6-pilot_sketch_cost-humanitarian-telemetry_integrity-private_fragmented-e60963-never_act-c050-event_triggered,never_act,0.5,event_triggered,0.6253280931661275,humanitarian_clinic_01_3,0.8964234966713096,abstain,humanitarian_incident_01,0.1035765033286904,authorize_emergency_resource,4,0.41988912653753996
v6-pilot_sketch_cost-humanitarian-telemetry_integrity-private_fragmented-e60963-never_act-c050-event_triggered,never_act,0.5,event_triggered,0.5251620156795126,humanitarian_clinic_02_2,0.8533233799449429,abstain,humanitarian_incident_02,0.1466766200550571,revise_commitment,4,0.31598450187404836
v6-pilot_sketch_cost-humanitarian-telemetry_integrity-private_fragmented-e60963-never_act-c050-event_triggered,never_act,0.5,event_triggered,0.7866457711544212,humanitarian_regional_hub_03_3,0.9630168010772145,abstain,humanitarian_incident_03,0.036983198922785454,authorize_emergency_resource,4,0.34678862345274714
v6-pilot_sketch_cost-humanitarian-telemetry_integrity-private_fragmented-e60963-never_act-c050-event_triggered,never_act,0.5,event_triggered,0.6450375745356397,humanitarian_ngo_04_1,0.9647026723391069,abstain,humanitarian_incident_04,0.03529732766089311,revise_commitment,4,0.6184854138857833
v6-pilot_sketch_cost-humanitarian-telemetry_integrity-private_fragmented-e60963-never_act-c050-event_triggered,never_act,0.5,event_triggered,0.7537675510758974,humanitarian_clinic_01_3,0.8860440862096252,abstain,humanitarian_incident_01,0.11395591379037484,authorize_emergency_resource,6,0.3580764536881488
v6-pilot_sketch_cost-humanitarian-telemetry_integrity-private_fragmented-e60963-never_act-c050-event_triggered,never_act,0.5,event_triggered,0.43205793374229073,humanitarian_clinic_02_2,0.9333913466632837,abstain,humanitarian_incident_02,0.06660865333671628,revise_commitment,6,0.15701617896376374
v6-pilot_sketch_cost-humanitarian-telemetry_integrity-private_fragmented-e60963-never_act-c050-event_triggered,never_act,0.5,event_triggered,0.7575867977062284,humanitarian_regional_hub_03_3,0.887716372200822,abstain,humanitarian_incident_03,0.112283627799178,authorize_emergency_resource,6,0.37015481458111243
v6-pilot_sketch_cost-humanitarian-telemetry_integrity-private_fragmented-e60963-never_act-c050-event_triggered,never_act,0.5,event_triggered,0.6045018934073465,humanitarian_ngo_04_1,0.8532145332798504,abstain,humanitarian_incident_04,0.14678546672014958,reroute_or_reconfigure,6,0.32190184582346215
v6-pilot_sketch_cost-humanitarian-telemetry_integrity-private_fragmented-e60963-never_act-c050-event_triggered,never_act,0.5,event_triggered,0.6541408029358085,humanitarian_regional_hub_01_2,0.9480436148329219,abstain,humanitarian_incident_01,0.05195638516707812,reroute_or_reconfigure,8,0.36463280861761793
v6-pilot_sketch_cost-humanitarian-telemetry_integrity-private_fragmented-e60963-never_act-c050-event_triggered,never_act,0.5,event_triggered,0.5235894216720973,humanitarian_ngo_02_3,0.8576746141819829,abstain,humanitarian_incident_02,0.14232538581801712,authorize_emergency_resource,8,0.39073433016183845
v6-pilot_sketch_cost-humanitarian-telemetry_integrity-private_fragmented-e60963-never_act-c050-event_triggered,never_act,0.5,event_triggered,0.8585969970266606,humanitarian_regional_hub_03_3,0.9277726742775442,abstain,humanitarian_incident_03,0.07222732572245583,authorize_emergency_resource,8,0.45409083524688687
v6-pilot_sketch_cost-humanitarian-telemetry_integrity-private_fragmented-e60963-never_act-c050-event_triggered,never_act,0.5,event_triggered,0.6659201990607323,humanitarian_ngo_04_1,0.909364774185871,abstain,humanitarian_incident_04,0.09063522581412897,revise_commitment,8,0.47186025804238857
v6-pilot_sketch_cost-humanitarian-telemetry_integrity-private_fragmented-e60963-never_act-c050-event_triggered,never_act,0.5,event_triggered,0.7007053778104253,humanitarian_regional_hub_01_2,0.9890208140201745,abstain,humanitarian_incident_01,0.010979185979825501,reroute_or_reconfigure,10,0.5165900426769016
v6-pilot_sketch_cost-humanitarian-telemetry_integrity-private_fragmented-e60963-never_act-c050-event_triggered,never_act,0.5,event_triggered,0.5379423763689297,humanitarian_ngo_02_3,0.8517402900626787,abstain,humanitarian_incident_02,0.1482597099373213,authorize_emergency_resource,10,0.3957863542289868
v6-pilot_sketch_cost-humanitarian-telemetry_integrity-private_fragmented-e60963-never_act-c050-event_triggered,never_act,0.5,event_triggered,0.8783518904562687,humanitarian_regional_hub_03_3,0.888676576945222,abstain,humanitarian_incident_03,0.11132342305477805,authorize_emergency_resource,10,0.35561678407825764
v6-pilot_sketch_cost-humanitarian-telemetry_integrity-private_fragmented-e60963-never_act-c050-event_triggered,never_act,0.5,event_triggered,0.6483981613580022,humanitarian_ngo_04_1,0.9248059123607488,abstain,humanitarian_incident_04,0.07519408763925117,authorize_emergency_resource,10,0.20859986392273439
v6-pilot_sketch_cost-humanitarian-telemetry_integrity-private_fragmented-e60963-never_act-c050-none,never_act,0.5,none,0.5756995997929255,humanitarian_regional_hub_01_2,1.0,abstain,humanitarian_incident_01,0.0,reroute_or_reconfigure,2,0.5791350426360343
v6-pilot_sketch_cost-humanitarian-telemetry_integrity-private_fragmented-e60963-never_act-c050-none,never_act,0.5,none,0.42677927981328756,humanitarian_clinic_02_2,1.0,abstain,humanitarian_incident_02,0.0,revise_commitment,2,0.3083368313478583
v6-pilot_sketch_cost-humanitarian-telemetry_integrity-private_fragmented-e60963-never_act-c050-none,never_act,0.5,none,0.7726745439850339,humanitarian_regional_hub_03_3,1.0,abstain,humanitarian_incident_03,0.0,authorize_emergency_resource,2,0.4857097883528972
v6-pilot_sketch_cost-humanitarian-telemetry_integrity-private_fragmented-e60963-never_act-c050-none,never_act,0.5,none,0.4985067261159492,humanitarian_ngo_04_1,1.0,abstain,humanitarian_incident_04,0.0,revise_commitment,2,0.04737523944585442
v6-pilot_sketch_cost-humanitarian-telemetry_integrity-private_fragmented-e60963-never_act-c050-none,never_act,0.5,none,0.6253280931661275,humanitarian_clinic_01_3,1.0,abstain,humanitarian_incident_01,0.0,authorize_emergency_resource,4,0.41988912653753996
v6-pilot_sketch_cost-humanitarian-telemetry_integrity-private_fragmented-e60963-never_act-c050-none,never_act,0.5,none,0.5251620156795126,humanitarian_clinic_02_2,1.0,abstain,humanitarian_incident_02,0.0,revise_commitment,4,0.31598450187404836
v6-pilot_sketch_cost-humanitarian-telemetry_integrity-private_fragmented-e60963-never_act-c050-none,never_act,0.5,none,0.7866457711544212,humanitarian_regional_hub_03_3,1.0,abstain,humanitarian_incident_03,0.0,authorize_emergency_resource,4,0.34678862345274714
v6-pilot_sketch_cost-humanitarian-telemetry_integrity-private_fragmented-e60963-never_act-c050-none,never_act,0.5,none,0.6450375745356397,humanitarian_ngo_04_1,1.0,abstain,humanitarian_incident_04,0.0,revise_commitment,4,0.6184854138857833
v6-pilot_sketch_cost-humanitarian-telemetry_integrity-private_fragmented-e60963-never_act-c050-none,never_act,0.5,none,0.7537675510758974,humanitarian_clinic_01_3,1.0,abstain,humanitarian_incident_01,0.0,authorize_emergency_resource,6,0.3580764536881488
v6-pilot_sketch_cost-humanitarian-telemetry_integrity-private_fragmented-e60963-never_act-c050-none,never_act,0.5,none,0.43205793374229073,humanitarian_clinic_02_2,1.0,abstain,humanitarian_incident_02,0.0,revise_commitment,6,0.15701617896376374
v6-pilot_sketch_cost-humanitarian-telemetry_integrity-private_fragmented-e60963-never_act-c050-none,never_act,0.5,none,0.7575867977062284,humanitarian_regional_hub_03_3,1.0,abstain,humanitarian_incident_03,0.0,authorize_emergency_resource,6,0.37015481458111243
v6-pilot_sketch_cost-humanitarian-telemetry_integrity-private_fragmented-e60963-never_act-c050-none,never_act,0.5,none,0.6045018934073465,humanitarian_ngo_04_1,1.0,abstain,humanitarian_incident_04,0.0,reroute_or_reconfigure,6,0.32190184582346215
v6-pilot_sketch_cost-humanitarian-telemetry_integrity-private_fragmented-e60963-never_act-c050-none,never_act,0.5,none,0.6541408029358085,humanitarian_regional_hub_01_2,1.0,abstain,humanitarian_incident_01,0.0,reroute_or_reconfigure,8,0.36463280861761793
v6-pilot_sketch_cost-humanitarian-telemetry_integrity-private_fragmented-e60963-never_act-c050-none,never_act,0.5,none,0.5235894216720973,humanitarian_ngo_02_3,1.0,abstain,humanitarian_incident_02,0.0,authorize_emergency_resource,8,0.39073433016183845
v6-pilot_sketch_cost-humanitarian-telemetry_integrity-private_fragmented-e60963-never_act-c050-none,never_act,0.5,none,0.8585969970266606,humanitarian_regional_hub_03_3,1.0,abstain,humanitarian_incident_03,0.0,authorize_emergency_resource,8,0.45409083524688687
v6-pilot_sketch_cost-humanitarian-telemetry_integrity-private_fragmented-e60963-never_act-c050-none,never_act,0.5,none,0.6659201990607323,humanitarian_ngo_04_1,1.0,abstain,humanitarian_incident_04,0.0,revise_commitment,8,0.47186025804238857
v6-pilot_sketch_cost-humanitarian-telemetry_integrity-private_fragmented-e60963-never_act-c050-none,never_act,0.5,none,0.7007053778104253,humanitarian_regional_hub_01_2,1.0,abstain,humanitarian_incident_01,0.0,reroute_or_reconfigure,10,0.5165900426769016
v6-pilot_sketch_cost-humanitarian-telemetry_integrity-private_fragmented-e60963-never_act-c050-none,never_act,0.5,none,0.5379423763689297,humanitarian_ngo_02_3,1.0,abstain,humanitarian_incident_02,0.0,authorize_emergency_resource,10,0.3957863542289868
v6-pilot_sketch_cost-humanitarian-telemetry_integrity-private_fragmented-e60963-never_act-c050-none,never_act,0.5,none,0.8783518904562687,humanitarian_regional_hub_03_3,1.0,abstain,humanitarian_incident_03,0.0,authorize_emergency_resource,10,0.35561678407825764
v6-pilot_sketch_cost-humanitarian-telemetry_integrity-private_fragmented-e60963-never_act-c050-none,never_act,0.5,none,0.6483981613580022,humanitarian_ngo_04_1,1.0,abstain,humanitarian_incident_04,0.0,authorize_emergency_resource,10,0.20859986392273439
v6-pilot_sketch_cost-humanitarian-telemetry_integrity-private_fragmented-e60963-never_act-c050-periodic,never_act,0.5,periodic,0.5756995997929255,humanitarian_regional_hub_01_2,0.976860224910532,abstain,humanitarian_incident_01,0.023139775089467962,reroute_or_reconfigure,2,0.5791350426360343
v6-pilot_sketch_cost-humanitarian-telemetry_integrity-private_fragmented-e60963-never_act-c050-periodic,never_act,0.5,periodic,0.42677927981328756,humanitarian_clinic_02_2,0.9398865548469763,abstain,humanitarian_incident_02,0.06011344515302375,revise_commitment,2,0.3083368313478583
v6-pilot_sketch_cost-humanitarian-telemetry_integrity-private_fragmented-e60963-never_act-c050-periodic,never_act,0.5,periodic,0.7726745439850339,humanitarian_regional_hub_03_3,0.8321176668610111,abstain,humanitarian_incident_03,0.16788233313898893,authorize_emergency_resource,2,0.4857097883528972
v6-pilot_sketch_cost-humanitarian-telemetry_integrity-private_fragmented-e60963-never_act-c050-periodic,never_act,0.5,periodic,0.4985067261159492,humanitarian_ngo_04_1,0.8997068519252751,abstain,humanitarian_incident_04,0.10029314807472489,revise_commitment,2,0.04737523944585442
v6-pilot_sketch_cost-humanitarian-telemetry_integrity-private_fragmented-e60963-never_act-c050-periodic,never_act,0.5,periodic,0.6253280931661275,humanitarian_clinic_01_3,0.8919588731275594,abstain,humanitarian_incident_01,0.10804112687244061,authorize_emergency_resource,4,0.41988912653753996
v6-pilot_sketch_cost-humanitarian-telemetry_integrity-private_fragmented-e60963-never_act-c050-periodic,never_act,0.5,periodic,0.5251620156795126,humanitarian_clinic_02_2,0.8367312053903794,abstain,humanitarian_incident_02,0.16326879460962063,revise_commitment,4,0.31598450187404836
v6-pilot_sketch_cost-humanitarian-telemetry_integrity-private_fragmented-e60963-never_act-c050-periodic,never_act,0.5,periodic,0.7866457711544212,humanitarian_regional_hub_03_3,0.8978120242185503,abstain,humanitarian_incident_03,0.10218797578144967,authorize_emergency_resource,4,0.34678862345274714
v6-pilot_sketch_cost-humanitarian-telemetry_integrity-private_fragmented-e60963-never_act-c050-periodic,never_act,0.5,periodic,0.6450375745356397,humanitarian_ngo_04_1,0.9728938627592133,abstain,humanitarian_incident_04,0.0271061372407867,revise_commitment,4,0.6184854138857833
v6-pilot_sketch_cost-humanitarian-telemetry_integrity-private_fragmented-e60963-never_act-c050-periodic,never_act,0.5,periodic,0.7537675510758974,humanitarian_clinic_01_3,0.8860440862096252,abstain,humanitarian_incident_01,0.11395591379037484,authorize_emergency_resource,6,0.3580764536881488
v6-pilot_sketch_cost-humanitarian-telemetry_integrity-private_fragmented-e60963-never_act-c050-periodic,never_act,0.5,periodic,0.43205793374229073,humanitarian_clinic_02_2,0.9333913466632837,abstain,humanitarian_incident_02,0.06660865333671628,revise_commitment,6,0.15701617896376374
v6-pilot_sketch_cost-humanitarian-telemetry_integrity-private_fragmented-e60963-never_act-c050-periodic,never_act,0.5,periodic,0.7575867977062284,humanitarian_regional_hub_03_3,0.8897706429009791,abstain,humanitarian_incident_03,0.11022935709902093,authorize_emergency_resource,6,0.37015481458111243
v6-pilot_sketch_cost-humanitarian-telemetry_integrity-private_fragmented-e60963-never_act-c050-periodic,never_act,0.5,periodic,0.6045018934073465,humanitarian_ngo_04_1,0.8586616482702157,abstain,humanitarian_incident_04,0.14133835172978426,reroute_or_reconfigure,6,0.32190184582346215
v6-pilot_sketch_cost-humanitarian-telemetry_integrity-private_fragmented-e60963-never_act-c050-periodic,never_act,0.5,periodic,0.6541408029358085,humanitarian_regional_hub_01_2,0.9408733100156912,abstain,humanitarian_incident_01,0.05912668998430881,reroute_or_reconfigure,8,0.36463280861761793
v6-pilot_sketch_cost-humanitarian-telemetry_integrity-private_fragmented-e60963-never_act-c050-periodic,never_act,0.5,periodic,0.5235894216720973,humanitarian_ngo_02_3,0.9395156059909138,abstain,humanitarian_incident_02,0.06048439400908623,authorize_emergency_resource,8,0.39073433016183845
v6-pilot_sketch_cost-humanitarian-telemetry_integrity-private_fragmented-e60963-never_act-c050-periodic,never_act,0.5,periodic,0.8585969970266606,humanitarian_regional_hub_03_3,0.9015332198453682,abstain,humanitarian_incident_03,0.09846678015463184,authorize_emergency_resource,8,0.45409083524688687
v6-pilot_sketch_cost-humanitarian-telemetry_integrity-private_fragmented-e60963-never_act-c050-periodic,never_act,0.5,periodic,0.6659201990607323,humanitarian_ngo_04_1,0.9062714322976089,abstain,humanitarian_incident_04,0.09372856770239113,revise_commitment,8,0.47186025804238857
v6-pilot_sketch_cost-humanitarian-telemetry_integrity-private_fragmented-e60963-never_act-c050-periodic,never_act,0.5,periodic,0.7007053778104253,humanitarian_regional_hub_01_2,0.9382714291427714,abstain,humanitarian_incident_01,0.061728570857228604,reroute_or_reconfigure,10,0.5165900426769016
v6-pilot_sketch_cost-humanitarian-telemetry_integrity-private_fragmented-e60963-never_act-c050-periodic,never_act,0.5,periodic,0.5379423763689297,humanitarian_ngo_02_3,0.8598280129691995,abstain,humanitarian_incident_02,0.14017198703080047,authorize_emergency_resource,10,0.3957863542289868
v6-pilot_sketch_cost-humanitarian-telemetry_integrity-private_fragmented-e60963-never_act-c050-periodic,never_act,0.5,periodic,0.8783518904562687,humanitarian_regional_hub_03_3,0.9734405642877924,abstain,humanitarian_incident_03,0.026559435712207646,authorize_emergency_resource,10,0.35561678407825764
v6-pilot_sketch_cost-humanitarian-telemetry_integrity-private_fragmented-e60963-never_act-c050-periodic,never_act,0.5,periodic,0.6483981613580022,humanitarian_ngo_04_1,0.9919132373900441,abstain,humanitarian_incident_04,0.008086762609955889,authorize_emergency_resource,10,0.20859986392273439
v6-pilot_sketch_cost-utility_restoration-compound-private_fragmented-e60961-never_act-c050-always_on,never_act,0.5,always_on,0.1485368647503412,utility_restoration_field_crew_01_2,0.917890249331487,abstain,utility_restoration_incident_01,0.082109750668513,isolate_or_quarantine,2,0.6578036323385528
v6-pilot_sketch_cost-utility_restoration-compound-private_fragmented-e60961-never_act-c050-always_on,never_act,0.5,always_on,0.5195211815047285,utility_restoration_cyber_defense_02_3,0.9634863022993102,abstain,utility_restoration_incident_02,0.036513697700689796,reroute_or_reconfigure,2,0.5854848738703899
v6-pilot_sketch_cost-utility_restoration-compound-private_fragmented-e60961-never_act-c050-always_on,never_act,0.5,always_on,0.7984207165577282,utility_restoration_resource_allocation_03_3,0.857654951980692,abstain,utility_restoration_incident_03,0.14234504801930803,deploy_repair_capacity,2,0.39240667755368214
v6-pilot_sketch_cost-utility_restoration-compound-private_fragmented-e60961-never_act-c050-always_on,never_act,0.5,always_on,0.6776668526436211,utility_restoration_resource_allocation_04_2,0.9713178803213257,abstain,utility_restoration_incident_04,0.02868211967867429,authorize_emergency_resource,2,0.11773157618390157
v6-pilot_sketch_cost-utility_restoration-compound-private_fragmented-e60961-never_act-c050-always_on,never_act,0.5,always_on,0.3621617705842326,utility_restoration_communications_01_3,0.9086273374172817,abstain,utility_restoration_incident_01,0.09137266258271826,isolate_or_quarantine,4,0.4721334843247079
v6-pilot_sketch_cost-utility_restoration-compound-private_fragmented-e60961-never_act-c050-always_on,never_act,0.5,always_on,0.5500994929383053,utility_restoration_cyber_defense_02_3,0.9724834944306896,abstain,utility_restoration_incident_02,0.0275165055693104,isolate_or_quarantine,4,0.49679917924906014
v6-pilot_sketch_cost-utility_restoration-compound-private_fragmented-e60961-never_act-c050-always_on,never_act,0.5,always_on,0.6832994990776939,utility_restoration_resource_allocation_03_3,0.9741113362280386,abstain,utility_restoration_incident_03,0.025888663771961418,revise_commitment,4,0.24725856170175292
v6-pilot_sketch_cost-utility_restoration-compound-private_fragmented-e60961-never_act-c050-always_on,never_act,0.5,always_on,0.7818300399776341,utility_restoration_resource_allocation_04_2,0.9060124814971093,abstain,utility_restoration_incident_04,0.09398751850289067,deploy_repair_capacity,4,0.35111774664379836
v6-pilot_sketch_cost-utility_restoration-compound-private_fragmented-e60961-never_act-c050-always_on,never_act,0.5,always_on,0.28475297561652213,utility_restoration_distribution_node_01_1,0.8406320034715388,abstain,utility_restoration_incident_01,0.15936799652846123,isolate_or_quarantine,6,0.6108699111581415
v6-pilot_sketch_cost-utility_restoration-compound-private_fragmented-e60961-never_act-c050-always_on,never_act,0.5,always_on,0.5733900551859663,utility_restoration_cyber_defense_02_3,0.8812692187007755,abstain,utility_restoration_incident_02,0.11873078129922454,isolate_or_quarantine,6,0.422612685029091
v6-pilot_sketch_cost-utility_restoration-compound-private_fragmented-e60961-never_act-c050-always_on,never_act,0.5,always_on,0.7029869061987248,utility_restoration_resource_allocation_03_3,0.9868554106550519,abstain,utility_restoration_incident_03,0.01314458934494811,deploy_repair_capacity,6,0.6076171422374395
v6-pilot_sketch_cost-utility_restoration-compound-private_fragmented-e60961-never_act-c050-always_on,never_act,0.5,always_on,0.7397624994297408,utility_restoration_resource_allocation_04_2,0.9880942165587294,abstain,utility_restoration_incident_04,0.011905783441270579,deploy_repair_capacity,6,0.589777571225162
v6-pilot_sketch_cost-utility_restoration-compound-private_fragmented-e60961-never_act-c050-always_on,never_act,0.5,always_on,0.2695127097711437,utility_restoration_communications_01_3,0.9443705179610357,abstain,utility_restoration_incident_01,0.05562948203896434,isolate_or_quarantine,8,0.011714937292977456
v6-pilot_sketch_cost-utility_restoration-compound-private_fragmented-e60961-never_act-c050-always_on,never_act,0.5,always_on,0.5943028192625393,utility_restoration_cyber_defense_02_3,0.9620752689444039,abstain,utility_restoration_incident_02,0.03792473105559613,reroute_or_reconfigure,8,0.5704048995542633
v6-pilot_sketch_cost-utility_restoration-compound-private_fragmented-e60961-never_act-c050-always_on,never_act,0.5,always_on,0.7239803989295854,utility_restoration_resource_allocation_03_3,0.9845610420095727,abstain,utility_restoration_incident_03,0.015438957990427271,revise_commitment,8,0.4567735168220857
v6-pilot_sketch_cost-utility_restoration-compound-private_fragmented-e60961-never_act-c050-always_on,never_act,0.5,always_on,0.7694675329434593,utility_restoration_resource_allocation_04_2,0.8869587934392865,abstain,utility_restoration_incident_04,0.11304120656071348,deploy_repair_capacity,8,0.6782291726158542
v6-pilot_sketch_cost-utility_restoration-compound-private_fragmented-e60961-never_act-c050-always_on,never_act,0.5,always_on,0.3376096880830145,utility_restoration_communications_01_3,0.9708922444385663,abstain,utility_restoration_incident_01,0.029107755561433746,isolate_or_quarantine,10,0.2369335537606687
v6-pilot_sketch_cost-utility_restoration-compound-private_fragmented-e60961-never_act-c050-always_on,never_act,0.5,always_on,0.5695911866889649,utility_restoration_cyber_defense_02_3,0.9530070645414358,abstain,utility_restoration_incident_02,0.0469929354585642,reroute_or_reconfigure,10,0.32239462318784273
v6-pilot_sketch_cost-utility_restoration-compound-private_fragmented-e60961-never_act-c050-always_on,never_act,0.5,always_on,0.7381537898327112,utility_restoration_communications_03_1,0.902203130021112,abstain,utility_restoration_incident_03,0.09779686997888803,isolate_or_quarantine,10,0.5796901516469704
v6-pilot_sketch_cost-utility_restoration-compound-private_fragmented-e60961-never_act-c050-always_on,never_act,0.5,always_on,0.8123844294668287,utility_restoration_resource_allocation_04_2,0.9843825512048248,abstain,utility_restoration_incident_04,0.015617448795175237,authorize_emergency_resource,10,0.37916282047455063
v6-pilot_sketch_cost-utility_restoration-compound-private_fragmented-e60961-never_act-c050-event_triggered,never_act,0.5,event_triggered,0.1485368647503412,utility_restoration_field_crew_01_2,0.917890249331487,abstain,utility_restoration_incident_01,0.082109750668513,isolate_or_quarantine,2,0.6578036323385528
v6-pilot_sketch_cost-utility_restoration-compound-private_fragmented-e60961-never_act-c050-event_triggered,never_act,0.5,event_triggered,0.5195211815047285,utility_restoration_cyber_defense_02_3,0.9634863022993102,abstain,utility_restoration_incident_02,0.036513697700689796,reroute_or_reconfigure,2,0.5854848738703899
v6-pilot_sketch_cost-utility_restoration-compound-private_fragmented-e60961-never_act-c050-event_triggered,never_act,0.5,event_triggered,0.7984207165577282,utility_restoration_resource_allocation_03_3,0.857654951980692,abstain,utility_restoration_incident_03,0.14234504801930803,deploy_repair_capacity,2,0.39240667755368214
v6-pilot_sketch_cost-utility_restoration-compound-private_fragmented-e60961-never_act-c050-event_triggered,never_act,0.5,event_triggered,0.6776668526436211,utility_restoration_resource_allocation_04_2,0.9713178803213257,abstain,utility_restoration_incident_04,0.02868211967867429,authorize_emergency_resource,2,0.11773157618390157
v6-pilot_sketch_cost-utility_restoration-compound-private_fragmented-e60961-never_act-c050-event_triggered,never_act,0.5,event_triggered,0.3621617705842326,utility_restoration_communications_01_3,0.9086273374172817,abstain,utility_restoration_incident_01,0.09137266258271826,isolate_or_quarantine,4,0.4721334843247079
v6-pilot_sketch_cost-utility_restoration-compound-private_fragmented-e60961-never_act-c050-event_triggered,never_act,0.5,event_triggered,0.5500994929383053,utility_restoration_cyber_defense_02_3,0.9724834944306896,abstain,utility_restoration_incident_02,0.0275165055693104,isolate_or_quarantine,4,0.49679917924906014
v6-pilot_sketch_cost-utility_restoration-compound-private_fragmented-e60961-never_act-c050-event_triggered,never_act,0.5,event_triggered,0.6832994990776939,utility_restoration_resource_allocation_03_3,0.9741113362280386,abstain,utility_restoration_incident_03,0.025888663771961418,revise_commitment,4,0.24725856170175292
v6-pilot_sketch_cost-utility_restoration-compound-private_fragmented-e60961-never_act-c050-event_triggered,never_act,0.5,event_triggered,0.7818300399776341,utility_restoration_resource_allocation_04_2,0.9060124814971093,abstain,utility_restoration_incident_04,0.09398751850289067,deploy_repair_capacity,4,0.35111774664379836
v6-pilot_sketch_cost-utility_restoration-compound-private_fragmented-e60961-never_act-c050-event_triggered,never_act,0.5,event_triggered,0.28475297561652213,utility_restoration_distribution_node_01_1,0.8406320034715388,abstain,utility_restoration_incident_01,0.15936799652846123,isolate_or_quarantine,6,0.6108699111581415
v6-pilot_sketch_cost-utility_restoration-compound-private_fragmented-e60961-never_act-c050-event_triggered,never_act,0.5,event_triggered,0.5733900551859663,utility_restoration_cyber_defense_02_3,0.8812692187007755,abstain,utility_restoration_incident_02,0.11873078129922454,isolate_or_quarantine,6,0.422612685029091
v6-pilot_sketch_cost-utility_restoration-compound-private_fragmented-e60961-never_act-c050-event_triggered,never_act,0.5,event_triggered,0.7029869061987248,utility_restoration_resource_allocation_03_3,0.9898140136186646,abstain,utility_restoration_incident_03,0.010185986381335388,deploy_repair_capacity,6,0.6076171422374395
v6-pilot_sketch_cost-utility_restoration-compound-private_fragmented-e60961-never_act-c050-event_triggered,never_act,0.5,event_triggered,0.7397624994297408,utility_restoration_resource_allocation_04_2,0.9880942165587294,abstain,utility_restoration_incident_04,0.011905783441270579,deploy_repair_capacity,6,0.589777571225162
v6-pilot_sketch_cost-utility_restoration-compound-private_fragmented-e60961-never_act-c050-event_triggered,never_act,0.5,event_triggered,0.2695127097711437,utility_restoration_communications_01_3,0.9443705179610357,abstain,utility_restoration_incident_01,0.05562948203896434,isolate_or_quarantine,8,0.011714937292977456
v6-pilot_sketch_cost-utility_restoration-compound-private_fragmented-e60961-never_act-c050-event_triggered,never_act,0.5,event_triggered,0.5943028192625393,utility_restoration_cyber_defense_02_3,0.9620752689444039,abstain,utility_restoration_incident_02,0.03792473105559613,reroute_or_reconfigure,8,0.5704048995542633
v6-pilot_sketch_cost-utility_restoration-compound-private_fragmented-e60961-never_act-c050-event_triggered,never_act,0.5,event_triggered,0.7239803989295854,utility_restoration_resource_allocation_03_3,0.990682922840418,abstain,utility_restoration_incident_03,0.009317077159581966,revise_commitment,8,0.4567735168220857
v6-pilot_sketch_cost-utility_restoration-compound-private_fragmented-e60961-never_act-c050-event_triggered,never_act,0.5,event_triggered,0.7694675329434593,utility_restoration_resource_allocation_04_2,0.8869587934392865,abstain,utility_restoration_incident_04,0.11304120656071348,deploy_repair_capacity,8,0.6782291726158542
v6-pilot_sketch_cost-utility_restoration-compound-private_fragmented-e60961-never_act-c050-event_triggered,never_act,0.5,event_triggered,0.3376096880830145,utility_restoration_communications_01_3,0.9708922444385663,abstain,utility_restoration_incident_01,0.029107755561433746,isolate_or_quarantine,10,0.2369335537606687
v6-pilot_sketch_cost-utility_restoration-compound-private_fragmented-e60961-never_act-c050-event_triggered,never_act,0.5,event_triggered,0.5695911866889649,utility_restoration_cyber_defense_02_3,0.953613867327501,abstain,utility_restoration_incident_02,0.046386132672499025,reroute_or_reconfigure,10,0.32239462318784273
v6-pilot_sketch_cost-utility_restoration-compound-private_fragmented-e60961-never_act-c050-event_triggered,never_act,0.5,event_triggered,0.7381537898327112,utility_restoration_communications_03_1,0.902203130021112,abstain,utility_restoration_incident_03,0.09779686997888803,isolate_or_quarantine,10,0.5796901516469704
v6-pilot_sketch_cost-utility_restoration-compound-private_fragmented-e60961-never_act-c050-event_triggered,never_act,0.5,event_triggered,0.8123844294668287,utility_restoration_resource_allocation_04_2,0.9882152572444559,abstain,utility_restoration_incident_04,0.011784742755544086,authorize_emergency_resource,10,0.37916282047455063
v6-pilot_sketch_cost-utility_restoration-compound-private_fragmented-e60961-never_act-c050-none,never_act,0.5,none,0.1485368647503412,utility_restoration_field_crew_01_2,1.0,abstain,utility_restoration_incident_01,0.0,isolate_or_quarantine,2,0.6578036323385528
v6-pilot_sketch_cost-utility_restoration-compound-private_fragmented-e60961-never_act-c050-none,never_act,0.5,none,0.5195211815047285,utility_restoration_cyber_defense_02_3,1.0,abstain,utility_restoration_incident_02,0.0,reroute_or_reconfigure,2,0.5854848738703899
v6-pilot_sketch_cost-utility_restoration-compound-private_fragmented-e60961-never_act-c050-none,never_act,0.5,none,0.7984207165577282,utility_restoration_resource_allocation_03_3,1.0,abstain,utility_restoration_incident_03,0.0,deploy_repair_capacity,2,0.39240667755368214
v6-pilot_sketch_cost-utility_restoration-compound-private_fragmented-e60961-never_act-c050-none,never_act,0.5,none,0.6776668526436211,utility_restoration_resource_allocation_04_2,1.0,abstain,utility_restoration_incident_04,0.0,authorize_emergency_resource,2,0.11773157618390157
v6-pilot_sketch_cost-utility_restoration-compound-private_fragmented-e60961-never_act-c050-none,never_act,0.5,none,0.3621617705842326,utility_restoration_communications_01_3,1.0,abstain,utility_restoration_incident_01,0.0,isolate_or_quarantine,4,0.4721334843247079
v6-pilot_sketch_cost-utility_restoration-compound-private_fragmented-e60961-never_act-c050-none,never_act,0.5,none,0.5500994929383053,utility_restoration_cyber_defense_02_3,1.0,abstain,utility_restoration_incident_02,0.0,isolate_or_quarantine,4,0.49679917924906014
v6-pilot_sketch_cost-utility_restoration-compound-private_fragmented-e60961-never_act-c050-none,never_act,0.5,none,0.6832994990776939,utility_restoration_resource_allocation_03_3,1.0,abstain,utility_restoration_incident_03,0.0,revise_commitment,4,0.24725856170175292
v6-pilot_sketch_cost-utility_restoration-compound-private_fragmented-e60961-never_act-c050-none,never_act,0.5,none,0.7818300399776341,utility_restoration_resource_allocation_04_2,1.0,abstain,utility_restoration_incident_04,0.0,deploy_repair_capacity,4,0.35111774664379836
v6-pilot_sketch_cost-utility_restoration-compound-private_fragmented-e60961-never_act-c050-none,never_act,0.5,none,0.28475297561652213,utility_restoration_distribution_node_01_1,1.0,abstain,utility_restoration_incident_01,0.0,isolate_or_quarantine,6,0.6108699111581415
v6-pilot_sketch_cost-utility_restoration-compound-private_fragmented-e60961-never_act-c050-none,never_act,0.5,none,0.5733900551859663,utility_restoration_cyber_defense_02_3,1.0,abstain,utility_restoration_incident_02,0.0,isolate_or_quarantine,6,0.422612685029091
v6-pilot_sketch_cost-utility_restoration-compound-private_fragmented-e60961-never_act-c050-none,never_act,0.5,none,0.7029869061987248,utility_restoration_resource_allocation_03_3,1.0,abstain,utility_restoration_incident_03,0.0,deploy_repair_capacity,6,0.6076171422374395
v6-pilot_sketch_cost-utility_restoration-compound-private_fragmented-e60961-never_act-c050-none,never_act,0.5,none,0.7397624994297408,utility_restoration_resource_allocation_04_2,1.0,abstain,utility_restoration_incident_04,0.0,deploy_repair_capacity,6,0.589777571225162
v6-pilot_sketch_cost-utility_restoration-compound-private_fragmented-e60961-never_act-c050-none,never_act,0.5,none,0.2695127097711437,utility_restoration_communications_01_3,1.0,abstain,utility_restoration_incident_01,0.0,isolate_or_quarantine,8,0.011714937292977456
v6-pilot_sketch_cost-utility_restoration-compound-private_fragmented-e60961-never_act-c050-none,never_act,0.5,none,0.5943028192625393,utility_restoration_cyber_defense_02_3,1.0,abstain,utility_restoration_incident_02,0.0,reroute_or_reconfigure,8,0.5704048995542633
v6-pilot_sketch_cost-utility_restoration-compound-private_fragmented-e60961-never_act-c050-none,never_act,0.5,none,0.7239803989295854,utility_restoration_resource_allocation_03_3,1.0,abstain,utility_restoration_incident_03,0.0,revise_commitment,8,0.4567735168220857
v6-pilot_sketch_cost-utility_restoration-compound-private_fragmented-e60961-never_act-c050-none,never_act,0.5,none,0.7694675329434593,utility_restoration_resource_allocation_04_2,1.0,abstain,utility_restoration_incident_04,0.0,deploy_repair_capacity,8,0.6782291726158542
v6-pilot_sketch_cost-utility_restoration-compound-private_fragmented-e60961-never_act-c050-none,never_act,0.5,none,0.3376096880830145,utility_restoration_communications_01_3,1.0,abstain,utility_restoration_incident_01,0.0,isolate_or_quarantine,10,0.2369335537606687
v6-pilot_sketch_cost-utility_restoration-compound-private_fragmented-e60961-never_act-c050-none,never_act,0.5,none,0.5695911866889649,utility_restoration_cyber_defense_02_3,1.0,abstain,utility_restoration_incident_02,0.0,reroute_or_reconfigure,10,0.32239462318784273
v6-pilot_sketch_cost-utility_restoration-compound-private_fragmented-e60961-never_act-c050-none,never_act,0.5,none,0.7381537898327112,utility_restoration_communications_03_1,1.0,abstain,utility_restoration_incident_03,0.0,isolate_or_quarantine,10,0.5796901516469704
v6-pilot_sketch_cost-utility_restoration-compound-private_fragmented-e60961-never_act-c050-none,never_act,0.5,none,0.8123844294668287,utility_restoration_resource_allocation_04_2,1.0,abstain,utility_restoration_incident_04,0.0,authorize_emergency_resource,10,0.37916282047455063
v6-pilot_sketch_cost-utility_restoration-compound-private_fragmented-e60961-never_act-c050-periodic,never_act,0.5,periodic,0.1485368647503412,utility_restoration_field_crew_01_2,0.9333024977964828,abstain,utility_restoration_incident_01,0.06669750220351722,isolate_or_quarantine,2,0.6578036323385528
v6-pilot_sketch_cost-utility_restoration-compound-private_fragmented-e60961-never_act-c050-periodic,never_act,0.5,periodic,0.5195211815047285,utility_restoration_cyber_defense_02_3,0.9473797606458984,abstain,utility_restoration_incident_02,0.05262023935410165,reroute_or_reconfigure,2,0.5854848738703899
v6-pilot_sketch_cost-utility_restoration-compound-private_fragmented-e60961-never_act-c050-periodic,never_act,0.5,periodic,0.7984207165577282,utility_restoration_resource_allocation_03_3,0.7461995724358291,abstain,utility_restoration_incident_03,0.25380042756417087,deploy_repair_capacity,2,0.39240667755368214
v6-pilot_sketch_cost-utility_restoration-compound-private_fragmented-e60961-never_act-c050-periodic,never_act,0.5,periodic,0.6776668526436211,utility_restoration_resource_allocation_04_2,0.9500641792019329,abstain,utility_restoration_incident_04,0.04993582079806713,authorize_emergency_resource,2,0.11773157618390157
v6-pilot_sketch_cost-utility_restoration-compound-private_fragmented-e60961-never_act-c050-periodic,never_act,0.5,periodic,0.3621617705842326,utility_restoration_communications_01_3,0.9075976453896816,abstain,utility_restoration_incident_01,0.09240235461031843,isolate_or_quarantine,4,0.4721334843247079
v6-pilot_sketch_cost-utility_restoration-compound-private_fragmented-e60961-never_act-c050-periodic,never_act,0.5,periodic,0.5500994929383053,utility_restoration_cyber_defense_02_3,0.9756073374378006,abstain,utility_restoration_incident_02,0.024392662562199408,isolate_or_quarantine,4,0.49679917924906014
v6-pilot_sketch_cost-utility_restoration-compound-private_fragmented-e60961-never_act-c050-periodic,never_act,0.5,periodic,0.6832994990776939,utility_restoration_resource_allocation_03_3,0.9859497962062687,abstain,utility_restoration_incident_03,0.014050203793731342,revise_commitment,4,0.24725856170175292
v6-pilot_sketch_cost-utility_restoration-compound-private_fragmented-e60961-never_act-c050-periodic,never_act,0.5,periodic,0.7818300399776341,utility_restoration_resource_allocation_04_2,0.9665480919305274,abstain,utility_restoration_incident_04,0.033451908069472625,deploy_repair_capacity,4,0.35111774664379836
v6-pilot_sketch_cost-utility_restoration-compound-private_fragmented-e60961-never_act-c050-periodic,never_act,0.5,periodic,0.28475297561652213,utility_restoration_distribution_node_01_1,0.8406320034715388,abstain,utility_restoration_incident_01,0.15936799652846123,isolate_or_quarantine,6,0.6108699111581415
v6-pilot_sketch_cost-utility_restoration-compound-private_fragmented-e60961-never_act-c050-periodic,never_act,0.5,periodic,0.5733900551859663,utility_restoration_cyber_defense_02_3,0.8812692187007755,abstain,utility_restoration_incident_02,0.11873078129922454,isolate_or_quarantine,6,0.422612685029091
v6-pilot_sketch_cost-utility_restoration-compound-private_fragmented-e60961-never_act-c050-periodic,never_act,0.5,periodic,0.7029869061987248,utility_restoration_resource_allocation_03_3,0.9845642514744904,abstain,utility_restoration_incident_03,0.015435748525509552,deploy_repair_capacity,6,0.6076171422374395
v6-pilot_sketch_cost-utility_restoration-compound-private_fragmented-e60961-never_act-c050-periodic,never_act,0.5,periodic,0.7397624994297408,utility_restoration_resource_allocation_04_2,0.9880942165587294,abstain,utility_restoration_incident_04,0.011905783441270579,deploy_repair_capacity,6,0.589777571225162
v6-pilot_sketch_cost-utility_restoration-compound-private_fragmented-e60961-never_act-c050-periodic,never_act,0.5,periodic,0.2695127097711437,utility_restoration_communications_01_3,0.9145298368319007,abstain,utility_restoration_incident_01,0.0854701631680993,isolate_or_quarantine,8,0.011714937292977456
v6-pilot_sketch_cost-utility_restoration-compound-private_fragmented-e60961-never_act-c050-periodic,never_act,0.5,periodic,0.5943028192625393,utility_restoration_cyber_defense_02_3,0.8988523826520077,abstain,utility_restoration_incident_02,0.10114761734799227,reroute_or_reconfigure,8,0.5704048995542633
v6-pilot_sketch_cost-utility_restoration-compound-private_fragmented-e60961-never_act-c050-periodic,never_act,0.5,periodic,0.7239803989295854,utility_restoration_resource_allocation_03_3,0.9917892195021785,abstain,utility_restoration_incident_03,0.008210780497821535,revise_commitment,8,0.4567735168220857
v6-pilot_sketch_cost-utility_restoration-compound-private_fragmented-e60961-never_act-c050-periodic,never_act,0.5,periodic,0.7694675329434593,utility_restoration_resource_allocation_04_2,0.9911334039401838,abstain,utility_restoration_incident_04,0.008866596059816212,deploy_repair_capacity,8,0.6782291726158542
v6-pilot_sketch_cost-utility_restoration-compound-private_fragmented-e60961-never_act-c050-periodic,never_act,0.5,periodic,0.3376096880830145,utility_restoration_communications_01_3,0.9664443006035082,abstain,utility_restoration_incident_01,0.033555699396491834,isolate_or_quarantine,10,0.2369335537606687
v6-pilot_sketch_cost-utility_restoration-compound-private_fragmented-e60961-never_act-c050-periodic,never_act,0.5,periodic,0.5695911866889649,utility_restoration_cyber_defense_02_3,0.8791088613991731,abstain,utility_restoration_incident_02,0.1208911386008269,reroute_or_reconfigure,10,0.32239462318784273
v6-pilot_sketch_cost-utility_restoration-compound-private_fragmented-e60961-never_act-c050-periodic,never_act,0.5,periodic,0.7381537898327112,utility_restoration_communications_03_1,0.9667057695406103,abstain,utility_restoration_incident_03,0.03329423045938973,isolate_or_quarantine,10,0.5796901516469704
v6-pilot_sketch_cost-utility_restoration-compound-private_fragmented-e60961-never_act-c050-periodic,never_act,0.5,periodic,0.8123844294668287,utility_restoration_resource_allocation_04_2,0.9201902727349512,abstain,utility_restoration_incident_04,0.07980972726504876,authorize_emergency_resource,10,0.37916282047455063
v6-pilot_sketch_cost-utility_restoration-compound-private_fragmented-e60962-never_act-c050-always_on,never_act,0.5,always_on,0.4500350950528337,utility_restoration_distribution_node_01_1,0.9467582890243628,abstain,utility_restoration_incident_01,0.053241710975637235,reroute_or_reconfigure,2,0.009781608310760526
v6-pilot_sketch_cost-utility_restoration-compound-private_fragmented-e60962-never_act-c050-always_on,never_act,0.5,always_on,0.5698063135928279,utility_restoration_field_crew_02_1,0.9581540601918861,abstain,utility_restoration_incident_02,0.04184593980811391,isolate_or_quarantine,2,0.5448541542861148
v6-pilot_sketch_cost-utility_restoration-compound-private_fragmented-e60962-never_act-c050-always_on,never_act,0.5,always_on,0.8960077889706929,utility_restoration_resource_allocation_03_3,0.9667701548146389,abstain,utility_restoration_incident_03,0.033229845185361095,authorize_emergency_resource,2,0.27629362381895406
v6-pilot_sketch_cost-utility_restoration-compound-private_fragmented-e60962-never_act-c050-always_on,never_act,0.5,always_on,0.84180442563794,utility_restoration_cyber_defense_04_1,0.911477507516265,abstain,utility_restoration_incident_04,0.088522492483735,isolate_or_quarantine,2,0.5493688807801375
v6-pilot_sketch_cost-utility_restoration-compound-private_fragmented-e60962-never_act-c050-always_on,never_act,0.5,always_on,0.5125916742326773,utility_restoration_distribution_node_01_1,0.8892990881202832,abstain,utility_restoration_incident_01,0.11070091187971676,reroute_or_reconfigure,4,0.10256886503898521
v6-pilot_sketch_cost-utility_restoration-compound-private_fragmented-e60962-never_act-c050-always_on,never_act,0.5,always_on,0.6074239347040956,utility_restoration_field_crew_02_1,0.9557882827916704,abstain,utility_restoration_incident_02,0.044211717208329615,isolate_or_quarantine,4,0.3549663045349507
v6-pilot_sketch_cost-utility_restoration-compound-private_fragmented-e60962-never_act-c050-always_on,never_act,0.5,always_on,0.8926324149576824,utility_restoration_resource_allocation_03_3,0.9833937836310194,abstain,utility_restoration_incident_03,0.01660621636898063,authorize_emergency_resource,4,0.20275657777350947
v6-pilot_sketch_cost-utility_restoration-compound-private_fragmented-e60962-never_act-c050-always_on,never_act,0.5,always_on,0.738273920633348,utility_restoration_cyber_defense_04_1,0.9779897426334203,abstain,utility_restoration_incident_04,0.02201025736657969,reroute_or_reconfigure,4,0.36735822829506093
v6-pilot_sketch_cost-utility_restoration-compound-private_fragmented-e60962-never_act-c050-always_on,never_act,0.5,always_on,0.5262543553541678,utility_restoration_distribution_node_01_1,0.9573694252220685,abstain,utility_restoration_incident_01,0.04263057477793153,reroute_or_reconfigure,6,0.06696543697537471
v6-pilot_sketch_cost-utility_restoration-compound-private_fragmented-e60962-never_act-c050-always_on,never_act,0.5,always_on,0.6497794025615982,utility_restoration_field_crew_02_1,0.9020039771672941,abstain,utility_restoration_incident_02,0.09799602283270592,deploy_repair_capacity,6,0.06134034965238022
v6-pilot_sketch_cost-utility_restoration-compound-private_fragmented-e60962-never_act-c050-always_on,never_act,0.5,always_on,0.6199621891662204,utility_restoration_communications_03_1,0.9805334927913495,abstain,utility_restoration_incident_03,0.019466507208650508,isolate_or_quarantine,6,0.2951410511354232
v6-pilot_sketch_cost-utility_restoration-compound-private_fragmented-e60962-never_act-c050-always_on,never_act,0.5,always_on,0.7519391679126463,utility_restoration_cyber_defense_04_1,0.9123363817750288,abstain,utility_restoration_incident_04,0.08766361822497115,isolate_or_quarantine,6,0.24039695056680516
v6-pilot_sketch_cost-utility_restoration-compound-private_fragmented-e60962-never_act-c050-always_on,never_act,0.5,always_on,0.5754293771881647,utility_restoration_distribution_node_01_1,0.9732386341960788,abstain,utility_restoration_incident_01,0.02676136580392119,reroute_or_reconfigure,8,0.2303179278173277
v6-pilot_sketch_cost-utility_restoration-compound-private_fragmented-e60962-never_act-c050-always_on,never_act,0.5,always_on,0.6721629902100525,utility_restoration_field_crew_02_1,0.9046603588830424,abstain,utility_restoration_incident_02,0.09533964111695759,isolate_or_quarantine,8,0.10764482189120875
v6-pilot_sketch_cost-utility_restoration-compound-private_fragmented-e60962-never_act-c050-always_on,never_act,0.5,always_on,0.6174267347476206,utility_restoration_communications_03_1,0.9596330696049443,abstain,utility_restoration_incident_03,0.04036693039505568,isolate_or_quarantine,8,0.6300373017203651
v6-pilot_sketch_cost-utility_restoration-compound-private_fragmented-e60962-never_act-c050-always_on,never_act,0.5,always_on,0.7922068211829154,utility_restoration_resource_allocation_04_2,0.9330689569861422,abstain,utility_restoration_incident_04,0.06693104301385777,authorize_emergency_resource,8,0.23368488174933738
v6-pilot_sketch_cost-utility_restoration-compound-private_fragmented-e60962-never_act-c050-always_on,never_act,0.5,always_on,0.608461769240228,utility_restoration_distribution_node_01_1,0.8996456911129109,abstain,utility_restoration_incident_01,0.10035430888708907,reroute_or_reconfigure,10,0.25490560555542796
v6-pilot_sketch_cost-utility_restoration-compound-private_fragmented-e60962-never_act-c050-always_on,never_act,0.5,always_on,0.6760093391465453,utility_restoration_communications_02_2,0.8912703927277337,abstain,utility_restoration_incident_02,0.10872960727226633,isolate_or_quarantine,10,0.33608913659841816
v6-pilot_sketch_cost-utility_restoration-compound-private_fragmented-e60962-never_act-c050-always_on,never_act,0.5,always_on,1.0273611209980567,utility_restoration_resource_allocation_03_3,0.9684039932764611,abstain,utility_restoration_incident_03,0.031596006723538905,authorize_emergency_resource,10,0.199193614189622
v6-pilot_sketch_cost-utility_restoration-compound-private_fragmented-e60962-never_act-c050-always_on,never_act,0.5,always_on,0.7478568706427007,utility_restoration_cyber_defense_04_1,0.8486208325603344,abstain,utility_restoration_incident_04,0.15137916743966562,isolate_or_quarantine,10,0.3963305010257736
v6-pilot_sketch_cost-utility_restoration-compound-private_fragmented-e60962-never_act-c050-event_triggered,never_act,0.5,event_triggered,0.4500350950528337,utility_restoration_distribution_node_01_1,0.9467582890243628,abstain,utility_restoration_incident_01,0.053241710975637235,reroute_or_reconfigure,2,0.009781608310760526
v6-pilot_sketch_cost-utility_restoration-compound-private_fragmented-e60962-never_act-c050-event_triggered,never_act,0.5,event_triggered,0.5698063135928279,utility_restoration_field_crew_02_1,0.9581540601918861,abstain,utility_restoration_incident_02,0.04184593980811391,isolate_or_quarantine,2,0.5448541542861148
v6-pilot_sketch_cost-utility_restoration-compound-private_fragmented-e60962-never_act-c050-event_triggered,never_act,0.5,event_triggered,0.8960077889706929,utility_restoration_resource_allocation_03_3,0.9667701548146389,abstain,utility_restoration_incident_03,0.033229845185361095,authorize_emergency_resource,2,0.27629362381895406
v6-pilot_sketch_cost-utility_restoration-compound-private_fragmented-e60962-never_act-c050-event_triggered,never_act,0.5,event_triggered,0.84180442563794,utility_restoration_cyber_defense_04_1,0.9100593509922194,abstain,utility_restoration_incident_04,0.08994064900778065,isolate_or_quarantine,2,0.5493688807801375
v6-pilot_sketch_cost-utility_restoration-compound-private_fragmented-e60962-never_act-c050-event_triggered,never_act,0.5,event_triggered,0.5125916742326773,utility_restoration_distribution_node_01_1,0.8892990881202832,abstain,utility_restoration_incident_01,0.11070091187971676,reroute_or_reconfigure,4,0.10256886503898521
v6-pilot_sketch_cost-utility_restoration-compound-private_fragmented-e60962-never_act-c050-event_triggered,never_act,0.5,event_triggered,0.6074239347040956,utility_restoration_field_crew_02_1,0.9557882827916704,abstain,utility_restoration_incident_02,0.044211717208329615,isolate_or_quarantine,4,0.3549663045349507
v6-pilot_sketch_cost-utility_restoration-compound-private_fragmented-e60962-never_act-c050-event_triggered,never_act,0.5,event_triggered,0.8926324149576824,utility_restoration_resource_allocation_03_3,0.9833937836310194,abstain,utility_restoration_incident_03,0.01660621636898063,authorize_emergency_resource,4,0.20275657777350947
v6-pilot_sketch_cost-utility_restoration-compound-private_fragmented-e60962-never_act-c050-event_triggered,never_act,0.5,event_triggered,0.738273920633348,utility_restoration_cyber_defense_04_1,0.9779897426334203,abstain,utility_restoration_incident_04,0.02201025736657969,reroute_or_reconfigure,4,0.36735822829506093
v6-pilot_sketch_cost-utility_restoration-compound-private_fragmented-e60962-never_act-c050-event_triggered,never_act,0.5,event_triggered,0.5262543553541678,utility_restoration_distribution_node_01_1,0.9573694252220685,abstain,utility_restoration_incident_01,0.04263057477793153,reroute_or_reconfigure,6,0.06696543697537471
v6-pilot_sketch_cost-utility_restoration-compound-private_fragmented-e60962-never_act-c050-event_triggered,never_act,0.5,event_triggered,0.6497794025615982,utility_restoration_field_crew_02_1,0.9020039771672941,abstain,utility_restoration_incident_02,0.09799602283270592,deploy_repair_capacity,6,0.06134034965238022
v6-pilot_sketch_cost-utility_restoration-compound-private_fragmented-e60962-never_act-c050-event_triggered,never_act,0.5,event_triggered,0.6199621891662204,utility_restoration_communications_03_1,0.9805334927913495,abstain,utility_restoration_incident_03,0.019466507208650508,isolate_or_quarantine,6,0.2951410511354232
v6-pilot_sketch_cost-utility_restoration-compound-private_fragmented-e60962-never_act-c050-event_triggered,never_act,0.5,event_triggered,0.7519391679126463,utility_restoration_cyber_defense_04_1,0.9123363817750288,abstain,utility_restoration_incident_04,0.08766361822497115,isolate_or_quarantine,6,0.24039695056680516
v6-pilot_sketch_cost-utility_restoration-compound-private_fragmented-e60962-never_act-c050-event_triggered,never_act,0.5,event_triggered,0.5754293771881647,utility_restoration_distribution_node_01_1,0.9732386341960788,abstain,utility_restoration_incident_01,0.02676136580392119,reroute_or_reconfigure,8,0.2303179278173277
v6-pilot_sketch_cost-utility_restoration-compound-private_fragmented-e60962-never_act-c050-event_triggered,never_act,0.5,event_triggered,0.6721629902100525,utility_restoration_field_crew_02_1,0.9046603588830424,abstain,utility_restoration_incident_02,0.09533964111695759,isolate_or_quarantine,8,0.10764482189120875
v6-pilot_sketch_cost-utility_restoration-compound-private_fragmented-e60962-never_act-c050-event_triggered,never_act,0.5,event_triggered,0.6174267347476206,utility_restoration_communications_03_1,0.9596330696049443,abstain,utility_restoration_incident_03,0.04036693039505568,isolate_or_quarantine,8,0.6300373017203651
v6-pilot_sketch_cost-utility_restoration-compound-private_fragmented-e60962-never_act-c050-event_triggered,never_act,0.5,event_triggered,0.7922068211829154,utility_restoration_resource_allocation_04_2,0.9330689569861422,abstain,utility_restoration_incident_04,0.06693104301385777,authorize_emergency_resource,8,0.23368488174933738
v6-pilot_sketch_cost-utility_restoration-compound-private_fragmented-e60962-never_act-c050-event_triggered,never_act,0.5,event_triggered,0.608461769240228,utility_restoration_distribution_node_01_1,0.8996456911129109,abstain,utility_restoration_incident_01,0.10035430888708907,reroute_or_reconfigure,10,0.25490560555542796
v6-pilot_sketch_cost-utility_restoration-compound-private_fragmented-e60962-never_act-c050-event_triggered,never_act,0.5,event_triggered,0.6760093391465453,utility_restoration_communications_02_2,0.8916125795583332,abstain,utility_restoration_incident_02,0.10838742044166683,isolate_or_quarantine,10,0.33608913659841816
v6-pilot_sketch_cost-utility_restoration-compound-private_fragmented-e60962-never_act-c050-event_triggered,never_act,0.5,event_triggered,1.0273611209980567,utility_restoration_resource_allocation_03_3,0.9684039932764611,abstain,utility_restoration_incident_03,0.031596006723538905,authorize_emergency_resource,10,0.199193614189622
v6-pilot_sketch_cost-utility_restoration-compound-private_fragmented-e60962-never_act-c050-event_triggered,never_act,0.5,event_triggered,0.7478568706427007,utility_restoration_cyber_defense_04_1,0.8486208325603344,abstain,utility_restoration_incident_04,0.15137916743966562,isolate_or_quarantine,10,0.3963305010257736
v6-pilot_sketch_cost-utility_restoration-compound-private_fragmented-e60962-never_act-c050-none,never_act,0.5,none,0.4500350950528337,utility_restoration_distribution_node_01_1,1.0,abstain,utility_restoration_incident_01,0.0,reroute_or_reconfigure,2,0.009781608310760526
v6-pilot_sketch_cost-utility_restoration-compound-private_fragmented-e60962-never_act-c050-none,never_act,0.5,none,0.5698063135928279,utility_restoration_field_crew_02_1,1.0,abstain,utility_restoration_incident_02,0.0,isolate_or_quarantine,2,0.5448541542861148
v6-pilot_sketch_cost-utility_restoration-compound-private_fragmented-e60962-never_act-c050-none,never_act,0.5,none,0.8960077889706929,utility_restoration_resource_allocation_03_3,1.0,abstain,utility_restoration_incident_03,0.0,authorize_emergency_resource,2,0.27629362381895406
v6-pilot_sketch_cost-utility_restoration-compound-private_fragmented-e60962-never_act-c050-none,never_act,0.5,none,0.84180442563794,utility_restoration_cyber_defense_04_1,1.0,abstain,utility_restoration_incident_04,0.0,isolate_or_quarantine,2,0.5493688807801375
v6-pilot_sketch_cost-utility_restoration-compound-private_fragmented-e60962-never_act-c050-none,never_act,0.5,none,0.5125916742326773,utility_restoration_distribution_node_01_1,1.0,abstain,utility_restoration_incident_01,0.0,reroute_or_reconfigure,4,0.10256886503898521
v6-pilot_sketch_cost-utility_restoration-compound-private_fragmented-e60962-never_act-c050-none,never_act,0.5,none,0.6074239347040956,utility_restoration_field_crew_02_1,1.0,abstain,utility_restoration_incident_02,0.0,isolate_or_quarantine,4,0.3549663045349507
v6-pilot_sketch_cost-utility_restoration-compound-private_fragmented-e60962-never_act-c050-none,never_act,0.5,none,0.8926324149576824,utility_restoration_resource_allocation_03_3,1.0,abstain,utility_restoration_incident_03,0.0,authorize_emergency_resource,4,0.20275657777350947
v6-pilot_sketch_cost-utility_restoration-compound-private_fragmented-e60962-never_act-c050-none,never_act,0.5,none,0.738273920633348,utility_restoration_cyber_defense_04_1,1.0,abstain,utility_restoration_incident_04,0.0,reroute_or_reconfigure,4,0.36735822829506093
v6-pilot_sketch_cost-utility_restoration-compound-private_fragmented-e60962-never_act-c050-none,never_act,0.5,none,0.5262543553541678,utility_restoration_distribution_node_01_1,1.0,abstain,utility_restoration_incident_01,0.0,reroute_or_reconfigure,6,0.06696543697537471
v6-pilot_sketch_cost-utility_restoration-compound-private_fragmented-e60962-never_act-c050-none,never_act,0.5,none,0.6497794025615982,utility_restoration_field_crew_02_1,1.0,abstain,utility_restoration_incident_02,0.0,deploy_repair_capacity,6,0.06134034965238022
v6-pilot_sketch_cost-utility_restoration-compound-private_fragmented-e60962-never_act-c050-none,never_act,0.5,none,0.6199621891662204,utility_restoration_communications_03_1,1.0,abstain,utility_restoration_incident_03,0.0,isolate_or_quarantine,6,0.2951410511354232
v6-pilot_sketch_cost-utility_restoration-compound-private_fragmented-e60962-never_act-c050-none,never_act,0.5,none,0.7519391679126463,utility_restoration_cyber_defense_04_1,1.0,abstain,utility_restoration_incident_04,0.0,isolate_or_quarantine,6,0.24039695056680516
v6-pilot_sketch_cost-utility_restoration-compound-private_fragmented-e60962-never_act-c050-none,never_act,0.5,none,0.5754293771881647,utility_restoration_distribution_node_01_1,1.0,abstain,utility_restoration_incident_01,0.0,reroute_or_reconfigure,8,0.2303179278173277
v6-pilot_sketch_cost-utility_restoration-compound-private_fragmented-e60962-never_act-c050-none,never_act,0.5,none,0.6721629902100525,utility_restoration_field_crew_02_1,1.0,abstain,utility_restoration_incident_02,0.0,isolate_or_quarantine,8,0.10764482189120875
v6-pilot_sketch_cost-utility_restoration-compound-private_fragmented-e60962-never_act-c050-none,never_act,0.5,none,0.6174267347476206,utility_restoration_communications_03_1,1.0,abstain,utility_restoration_incident_03,0.0,isolate_or_quarantine,8,0.6300373017203651
v6-pilot_sketch_cost-utility_restoration-compound-private_fragmented-e60962-never_act-c050-none,never_act,0.5,none,0.7922068211829154,utility_restoration_resource_allocation_04_2,1.0,abstain,utility_restoration_incident_04,0.0,authorize_emergency_resource,8,0.23368488174933738
v6-pilot_sketch_cost-utility_restoration-compound-private_fragmented-e60962-never_act-c050-none,never_act,0.5,none,0.608461769240228,utility_restoration_distribution_node_01_1,1.0,abstain,utility_restoration_incident_01,0.0,reroute_or_reconfigure,10,0.25490560555542796
v6-pilot_sketch_cost-utility_restoration-compound-private_fragmented-e60962-never_act-c050-none,never_act,0.5,none,0.6760093391465453,utility_restoration_communications_02_2,1.0,abstain,utility_restoration_incident_02,0.0,isolate_or_quarantine,10,0.33608913659841816
v6-pilot_sketch_cost-utility_restoration-compound-private_fragmented-e60962-never_act-c050-none,never_act,0.5,none,1.0273611209980567,utility_restoration_resource_allocation_03_3,1.0,abstain,utility_restoration_incident_03,0.0,authorize_emergency_resource,10,0.199193614189622
v6-pilot_sketch_cost-utility_restoration-compound-private_fragmented-e60962-never_act-c050-none,never_act,0.5,none,0.7478568706427007,utility_restoration_cyber_defense_04_1,1.0,abstain,utility_restoration_incident_04,0.0,isolate_or_quarantine,10,0.3963305010257736
v6-pilot_sketch_cost-utility_restoration-compound-private_fragmented-e60962-never_act-c050-periodic,never_act,0.5,periodic,0.4500350950528337,utility_restoration_distribution_node_01_1,0.8335430857118891,abstain,utility_restoration_incident_01,0.16645691428811094,reroute_or_reconfigure,2,0.009781608310760526
v6-pilot_sketch_cost-utility_restoration-compound-private_fragmented-e60962-never_act-c050-periodic,never_act,0.5,periodic,0.5698063135928279,utility_restoration_field_crew_02_1,0.9010233668154275,abstain,utility_restoration_incident_02,0.0989766331845725,isolate_or_quarantine,2,0.5448541542861148
v6-pilot_sketch_cost-utility_restoration-compound-private_fragmented-e60962-never_act-c050-periodic,never_act,0.5,periodic,0.8960077889706929,utility_restoration_resource_allocation_03_3,0.9814587478440387,abstain,utility_restoration_incident_03,0.018541252155961252,authorize_emergency_resource,2,0.27629362381895406
v6-pilot_sketch_cost-utility_restoration-compound-private_fragmented-e60962-never_act-c050-periodic,never_act,0.5,periodic,0.84180442563794,utility_restoration_cyber_defense_04_1,0.9062824414437333,abstain,utility_restoration_incident_04,0.09371755855626673,isolate_or_quarantine,2,0.5493688807801375
v6-pilot_sketch_cost-utility_restoration-compound-private_fragmented-e60962-never_act-c050-periodic,never_act,0.5,periodic,0.5125916742326773,utility_restoration_distribution_node_01_1,0.8907616561328542,abstain,utility_restoration_incident_01,0.10923834386714582,reroute_or_reconfigure,4,0.10256886503898521
v6-pilot_sketch_cost-utility_restoration-compound-private_fragmented-e60962-never_act-c050-periodic,never_act,0.5,periodic,0.6074239347040956,utility_restoration_field_crew_02_1,0.9257943990105274,abstain,utility_restoration_incident_02,0.0742056009894726,isolate_or_quarantine,4,0.3549663045349507
v6-pilot_sketch_cost-utility_restoration-compound-private_fragmented-e60962-never_act-c050-periodic,never_act,0.5,periodic,0.8926324149576824,utility_restoration_resource_allocation_03_3,0.9650451310499389,abstain,utility_restoration_incident_03,0.03495486895006106,authorize_emergency_resource,4,0.20275657777350947
v6-pilot_sketch_cost-utility_restoration-compound-private_fragmented-e60962-never_act-c050-periodic,never_act,0.5,periodic,0.738273920633348,utility_restoration_cyber_defense_04_1,0.941443118988766,abstain,utility_restoration_incident_04,0.05855688101123402,reroute_or_reconfigure,4,0.36735822829506093
v6-pilot_sketch_cost-utility_restoration-compound-private_fragmented-e60962-never_act-c050-periodic,never_act,0.5,periodic,0.5262543553541678,utility_restoration_distribution_node_01_1,0.9711586746050774,abstain,utility_restoration_incident_01,0.028841325394922568,reroute_or_reconfigure,6,0.06696543697537471
v6-pilot_sketch_cost-utility_restoration-compound-private_fragmented-e60962-never_act-c050-periodic,never_act,0.5,periodic,0.6497794025615982,utility_restoration_field_crew_02_1,0.9020039771672941,abstain,utility_restoration_incident_02,0.09799602283270592,deploy_repair_capacity,6,0.06134034965238022
v6-pilot_sketch_cost-utility_restoration-compound-private_fragmented-e60962-never_act-c050-periodic,never_act,0.5,periodic,0.6199621891662204,utility_restoration_communications_03_1,0.9810258115963705,abstain,utility_restoration_incident_03,0.01897418840362952,isolate_or_quarantine,6,0.2951410511354232
v6-pilot_sketch_cost-utility_restoration-compound-private_fragmented-e60962-never_act-c050-periodic,never_act,0.5,periodic,0.7519391679126463,utility_restoration_cyber_defense_04_1,0.9123363817750288,abstain,utility_restoration_incident_04,0.08766361822497115,isolate_or_quarantine,6,0.24039695056680516
v6-pilot_sketch_cost-utility_restoration-compound-private_fragmented-e60962-never_act-c050-periodic,never_act,0.5,periodic,0.5754293771881647,utility_restoration_distribution_node_01_1,0.9652607202695367,abstain,utility_restoration_incident_01,0.03473927973046331,reroute_or_reconfigure,8,0.2303179278173277
v6-pilot_sketch_cost-utility_restoration-compound-private_fragmented-e60962-never_act-c050-periodic,never_act,0.5,periodic,0.6721629902100525,utility_restoration_field_crew_02_1,0.9473151464745767,abstain,utility_restoration_incident_02,0.05268485352542329,isolate_or_quarantine,8,0.10764482189120875
v6-pilot_sketch_cost-utility_restoration-compound-private_fragmented-e60962-never_act-c050-periodic,never_act,0.5,periodic,0.6174267347476206,utility_restoration_communications_03_1,0.9685371030392861,abstain,utility_restoration_incident_03,0.031462896960713915,isolate_or_quarantine,8,0.6300373017203651
v6-pilot_sketch_cost-utility_restoration-compound-private_fragmented-e60962-never_act-c050-periodic,never_act,0.5,periodic,0.7922068211829154,utility_restoration_resource_allocation_04_2,0.9717519262407778,abstain,utility_restoration_incident_04,0.028248073759222225,authorize_emergency_resource,8,0.23368488174933738
v6-pilot_sketch_cost-utility_restoration-compound-private_fragmented-e60962-never_act-c050-periodic,never_act,0.5,periodic,0.608461769240228,utility_restoration_distribution_node_01_1,0.9048012631572646,abstain,utility_restoration_incident_01,0.09519873684273539,reroute_or_reconfigure,10,0.25490560555542796
v6-pilot_sketch_cost-utility_restoration-compound-private_fragmented-e60962-never_act-c050-periodic,never_act,0.5,periodic,0.6760093391465453,utility_restoration_communications_02_2,0.865500245447806,abstain,utility_restoration_incident_02,0.13449975455219398,isolate_or_quarantine,10,0.33608913659841816
v6-pilot_sketch_cost-utility_restoration-compound-private_fragmented-e60962-never_act-c050-periodic,never_act,0.5,periodic,1.0273611209980567,utility_restoration_resource_allocation_03_3,0.8926348566860028,abstain,utility_restoration_incident_03,0.10736514331399716,authorize_emergency_resource,10,0.199193614189622
v6-pilot_sketch_cost-utility_restoration-compound-private_fragmented-e60962-never_act-c050-periodic,never_act,0.5,periodic,0.7478568706427007,utility_restoration_cyber_defense_04_1,0.9069261929342084,abstain,utility_restoration_incident_04,0.0930738070657916,isolate_or_quarantine,10,0.3963305010257736
v6-pilot_sketch_cost-utility_restoration-compound-private_fragmented-e60963-never_act-c050-always_on,never_act,0.5,always_on,0.4054819228273549,utility_restoration_field_crew_01_2,0.9226011321740546,abstain,utility_restoration_incident_01,0.0773988678259454,deploy_repair_capacity,2,0.07553362163477906
v6-pilot_sketch_cost-utility_restoration-compound-private_fragmented-e60963-never_act-c050-always_on,never_act,0.5,always_on,0.6481560214819484,utility_restoration_cyber_defense_02_3,0.8599618758969534,abstain,utility_restoration_incident_02,0.1400381241030466,isolate_or_quarantine,2,0.0036606277919243313
v6-pilot_sketch_cost-utility_restoration-compound-private_fragmented-e60963-never_act-c050-always_on,never_act,0.5,always_on,0.9019253077934453,utility_restoration_communications_03_1,0.8609771864822398,abstain,utility_restoration_incident_03,0.13902281351776025,isolate_or_quarantine,2,0.3789912012430768
v6-pilot_sketch_cost-utility_restoration-compound-private_fragmented-e60963-never_act-c050-always_on,never_act,0.5,always_on,0.4148496174801684,utility_restoration_resource_allocation_04_2,0.8982580530624724,abstain,utility_restoration_incident_04,0.10174194693752758,deploy_repair_capacity,2,0.10564121112763028
v6-pilot_sketch_cost-utility_restoration-compound-private_fragmented-e60963-never_act-c050-always_on,never_act,0.5,always_on,0.5521184097592481,utility_restoration_field_crew_01_2,0.8913857621556115,abstain,utility_restoration_incident_01,0.1086142378443885,isolate_or_quarantine,4,0.2650873346005339
v6-pilot_sketch_cost-utility_restoration-compound-private_fragmented-e60963-never_act-c050-always_on,never_act,0.5,always_on,0.6343838593725324,utility_restoration_cyber_defense_02_3,0.8687485848692681,abstain,utility_restoration_incident_02,0.1312514151307319,isolate_or_quarantine,4,0.31093143409212426
v6-pilot_sketch_cost-utility_restoration-compound-private_fragmented-e60963-never_act-c050-always_on,never_act,0.5,always_on,0.7522761203721933,utility_restoration_communications_03_1,0.96673850549596,abstain,utility_restoration_incident_03,0.033261494504040034,isolate_or_quarantine,4,0.49800590595875305
v6-pilot_sketch_cost-utility_restoration-compound-private_fragmented-e60963-never_act-c050-always_on,never_act,0.5,always_on,0.37011355949165525,utility_restoration_critical_load_04_3,0.9585024290728704,abstain,utility_restoration_incident_04,0.04149757092712958,authorize_emergency_resource,4,0.25520099161383625
v6-pilot_sketch_cost-utility_restoration-compound-private_fragmented-e60963-never_act-c050-always_on,never_act,0.5,always_on,0.30878591062484406,utility_restoration_distribution_node_01_1,0.8473926894793863,abstain,utility_restoration_incident_01,0.15260731052061371,deploy_repair_capacity,6,0.4607937457196357
v6-pilot_sketch_cost-utility_restoration-compound-private_fragmented-e60963-never_act-c050-always_on,never_act,0.5,always_on,0.6543210726996572,utility_restoration_cyber_defense_02_3,0.9459621893109501,abstain,utility_restoration_incident_02,0.05403781068904989,isolate_or_quarantine,6,0.01755184636340923
v6-pilot_sketch_cost-utility_restoration-compound-private_fragmented-e60963-never_act-c050-always_on,never_act,0.5,always_on,0.7874534085744146,utility_restoration_cyber_defense_03_2,0.9844253224444499,abstain,utility_restoration_incident_03,0.015574677555550087,reroute_or_reconfigure,6,0.3847609016977981
v6-pilot_sketch_cost-utility_restoration-compound-private_fragmented-e60963-never_act-c050-always_on,never_act,0.5,always_on,0.4600182618120069,utility_restoration_resource_allocation_04_2,0.9086560487019658,abstain,utility_restoration_incident_04,0.09134395129803419,authorize_emergency_resource,6,0.026939888285773206
v6-pilot_sketch_cost-utility_restoration-compound-private_fragmented-e60963-never_act-c050-always_on,never_act,0.5,always_on,0.4328612921369278,utility_restoration_field_crew_01_2,0.9148027953634875,abstain,utility_restoration_incident_01,0.08519720463651248,isolate_or_quarantine,8,0.44328052320141975
v6-pilot_sketch_cost-utility_restoration-compound-private_fragmented-e60963-never_act-c050-always_on,never_act,0.5,always_on,0.7684186431567515,utility_restoration_cyber_defense_02_3,0.9721911223703892,abstain,utility_restoration_incident_02,0.027808877629610818,reroute_or_reconfigure,8,0.3697583467634364
v6-pilot_sketch_cost-utility_restoration-compound-private_fragmented-e60963-never_act-c050-always_on,never_act,0.5,always_on,0.8154777796122326,utility_restoration_cyber_defense_03_2,0.9709875849860077,abstain,utility_restoration_incident_03,0.02901241501399232,reroute_or_reconfigure,8,0.7051820047894343
v6-pilot_sketch_cost-utility_restoration-compound-private_fragmented-e60963-never_act-c050-always_on,never_act,0.5,always_on,0.5278307691958243,utility_restoration_critical_load_04_3,0.8947192611492295,abstain,utility_restoration_incident_04,0.1052807388507705,revise_commitment,8,0.6632871289524019
v6-pilot_sketch_cost-utility_restoration-compound-private_fragmented-e60963-never_act-c050-always_on,never_act,0.5,always_on,0.45931689121653807,utility_restoration_field_crew_01_2,0.8812324693495887,abstain,utility_restoration_incident_01,0.11876753065041135,reroute_or_reconfigure,10,0.029064207689260213
v6-pilot_sketch_cost-utility_restoration-compound-private_fragmented-e60963-never_act-c050-always_on,never_act,0.5,always_on,0.8472270801913486,utility_restoration_cyber_defense_02_3,0.8653092092129248,abstain,utility_restoration_incident_02,0.13469079078707524,reroute_or_reconfigure,10,0.6648768413290558
v6-pilot_sketch_cost-utility_restoration-compound-private_fragmented-e60963-never_act-c050-always_on,never_act,0.5,always_on,0.8549502867230632,utility_restoration_cyber_defense_03_2,0.9816215763247679,abstain,utility_restoration_incident_03,0.018378423675232125,isolate_or_quarantine,10,0.5991130153205398
v6-pilot_sketch_cost-utility_restoration-compound-private_fragmented-e60963-never_act-c050-always_on,never_act,0.5,always_on,0.5654858700549512,utility_restoration_resource_allocation_04_2,0.9166442180229579,abstain,utility_restoration_incident_04,0.08335578197704208,revise_commitment,10,0.24681964336028323
v6-pilot_sketch_cost-utility_restoration-compound-private_fragmented-e60963-never_act-c050-event_triggered,never_act,0.5,event_triggered,0.4054819228273549,utility_restoration_field_crew_01_2,0.9226011321740546,abstain,utility_restoration_incident_01,0.0773988678259454,deploy_repair_capacity,2,0.07553362163477906
v6-pilot_sketch_cost-utility_restoration-compound-private_fragmented-e60963-never_act-c050-event_triggered,never_act,0.5,event_triggered,0.6481560214819484,utility_restoration_cyber_defense_02_3,0.8599618758969534,abstain,utility_restoration_incident_02,0.1400381241030466,isolate_or_quarantine,2,0.0036606277919243313
v6-pilot_sketch_cost-utility_restoration-compound-private_fragmented-e60963-never_act-c050-event_triggered,never_act,0.5,event_triggered,0.9019253077934453,utility_restoration_communications_03_1,0.8609771864822398,abstain,utility_restoration_incident_03,0.13902281351776025,isolate_or_quarantine,2,0.3789912012430768
v6-pilot_sketch_cost-utility_restoration-compound-private_fragmented-e60963-never_act-c050-event_triggered,never_act,0.5,event_triggered,0.4148496174801684,utility_restoration_resource_allocation_04_2,0.8982580530624724,abstain,utility_restoration_incident_04,0.10174194693752758,deploy_repair_capacity,2,0.10564121112763028
v6-pilot_sketch_cost-utility_restoration-compound-private_fragmented-e60963-never_act-c050-event_triggered,never_act,0.5,event_triggered,0.5521184097592481,utility_restoration_field_crew_01_2,0.8913857621556115,abstain,utility_restoration_incident_01,0.1086142378443885,isolate_or_quarantine,4,0.2650873346005339
v6-pilot_sketch_cost-utility_restoration-compound-private_fragmented-e60963-never_act-c050-event_triggered,never_act,0.5,event_triggered,0.6343838593725324,utility_restoration_cyber_defense_02_3,0.8687485848692681,abstain,utility_restoration_incident_02,0.1312514151307319,isolate_or_quarantine,4,0.31093143409212426
v6-pilot_sketch_cost-utility_restoration-compound-private_fragmented-e60963-never_act-c050-event_triggered,never_act,0.5,event_triggered,0.7522761203721933,utility_restoration_communications_03_1,0.96673850549596,abstain,utility_restoration_incident_03,0.033261494504040034,isolate_or_quarantine,4,0.49800590595875305
v6-pilot_sketch_cost-utility_restoration-compound-private_fragmented-e60963-never_act-c050-event_triggered,never_act,0.5,event_triggered,0.37011355949165525,utility_restoration_critical_load_04_3,0.9585024290728704,abstain,utility_restoration_incident_04,0.04149757092712958,authorize_emergency_resource,4,0.25520099161383625
v6-pilot_sketch_cost-utility_restoration-compound-private_fragmented-e60963-never_act-c050-event_triggered,never_act,0.5,event_triggered,0.30878591062484406,utility_restoration_distribution_node_01_1,0.8473926894793863,abstain,utility_restoration_incident_01,0.15260731052061371,deploy_repair_capacity,6,0.4607937457196357
v6-pilot_sketch_cost-utility_restoration-compound-private_fragmented-e60963-never_act-c050-event_triggered,never_act,0.5,event_triggered,0.6543210726996572,utility_restoration_cyber_defense_02_3,0.9459621893109501,abstain,utility_restoration_incident_02,0.05403781068904989,isolate_or_quarantine,6,0.01755184636340923
v6-pilot_sketch_cost-utility_restoration-compound-private_fragmented-e60963-never_act-c050-event_triggered,never_act,0.5,event_triggered,0.7874534085744146,utility_restoration_cyber_defense_03_2,0.9844253224444499,abstain,utility_restoration_incident_03,0.015574677555550087,reroute_or_reconfigure,6,0.3847609016977981
v6-pilot_sketch_cost-utility_restoration-compound-private_fragmented-e60963-never_act-c050-event_triggered,never_act,0.5,event_triggered,0.4600182618120069,utility_restoration_resource_allocation_04_2,0.9086560487019658,abstain,utility_restoration_incident_04,0.09134395129803419,authorize_emergency_resource,6,0.026939888285773206
v6-pilot_sketch_cost-utility_restoration-compound-private_fragmented-e60963-never_act-c050-event_triggered,never_act,0.5,event_triggered,0.4328612921369278,utility_restoration_field_crew_01_2,0.9148027953634875,abstain,utility_restoration_incident_01,0.08519720463651248,isolate_or_quarantine,8,0.44328052320141975
v6-pilot_sketch_cost-utility_restoration-compound-private_fragmented-e60963-never_act-c050-event_triggered,never_act,0.5,event_triggered,0.7684186431567515,utility_restoration_cyber_defense_02_3,0.9721911223703892,abstain,utility_restoration_incident_02,0.027808877629610818,reroute_or_reconfigure,8,0.3697583467634364
v6-pilot_sketch_cost-utility_restoration-compound-private_fragmented-e60963-never_act-c050-event_triggered,never_act,0.5,event_triggered,0.8154777796122326,utility_restoration_cyber_defense_03_2,0.9709875849860077,abstain,utility_restoration_incident_03,0.02901241501399232,reroute_or_reconfigure,8,0.7051820047894343
v6-pilot_sketch_cost-utility_restoration-compound-private_fragmented-e60963-never_act-c050-event_triggered,never_act,0.5,event_triggered,0.5278307691958243,utility_restoration_critical_load_04_3,0.8947192611492295,abstain,utility_restoration_incident_04,0.1052807388507705,revise_commitment,8,0.6632871289524019
v6-pilot_sketch_cost-utility_restoration-compound-private_fragmented-e60963-never_act-c050-event_triggered,never_act,0.5,event_triggered,0.45931689121653807,utility_restoration_field_crew_01_2,0.8812324693495887,abstain,utility_restoration_incident_01,0.11876753065041135,reroute_or_reconfigure,10,0.029064207689260213
v6-pilot_sketch_cost-utility_restoration-compound-private_fragmented-e60963-never_act-c050-event_triggered,never_act,0.5,event_triggered,0.8472270801913486,utility_restoration_cyber_defense_02_3,0.8653092092129248,abstain,utility_restoration_incident_02,0.13469079078707524,reroute_or_reconfigure,10,0.6648768413290558
v6-pilot_sketch_cost-utility_restoration-compound-private_fragmented-e60963-never_act-c050-event_triggered,never_act,0.5,event_triggered,0.8549502867230632,utility_restoration_cyber_defense_03_2,0.9816215763247679,abstain,utility_restoration_incident_03,0.018378423675232125,isolate_or_quarantine,10,0.5991130153205398
v6-pilot_sketch_cost-utility_restoration-compound-private_fragmented-e60963-never_act-c050-event_triggered,never_act,0.5,event_triggered,0.5654858700549512,utility_restoration_resource_allocation_04_2,0.9166442180229579,abstain,utility_restoration_incident_04,0.08335578197704208,revise_commitment,10,0.24681964336028323
v6-pilot_sketch_cost-utility_restoration-compound-private_fragmented-e60963-never_act-c050-none,never_act,0.5,none,0.4054819228273549,utility_restoration_field_crew_01_2,1.0,abstain,utility_restoration_incident_01,0.0,deploy_repair_capacity,2,0.07553362163477906
v6-pilot_sketch_cost-utility_restoration-compound-private_fragmented-e60963-never_act-c050-none,never_act,0.5,none,0.6481560214819484,utility_restoration_cyber_defense_02_3,1.0,abstain,utility_restoration_incident_02,0.0,isolate_or_quarantine,2,0.0036606277919243313
v6-pilot_sketch_cost-utility_restoration-compound-private_fragmented-e60963-never_act-c050-none,never_act,0.5,none,0.9019253077934453,utility_restoration_communications_03_1,1.0,abstain,utility_restoration_incident_03,0.0,isolate_or_quarantine,2,0.3789912012430768
v6-pilot_sketch_cost-utility_restoration-compound-private_fragmented-e60963-never_act-c050-none,never_act,0.5,none,0.4148496174801684,utility_restoration_resource_allocation_04_2,1.0,abstain,utility_restoration_incident_04,0.0,deploy_repair_capacity,2,0.10564121112763028
v6-pilot_sketch_cost-utility_restoration-compound-private_fragmented-e60963-never_act-c050-none,never_act,0.5,none,0.5521184097592481,utility_restoration_field_crew_01_2,1.0,abstain,utility_restoration_incident_01,0.0,isolate_or_quarantine,4,0.2650873346005339
v6-pilot_sketch_cost-utility_restoration-compound-private_fragmented-e60963-never_act-c050-none,never_act,0.5,none,0.6343838593725324,utility_restoration_cyber_defense_02_3,1.0,abstain,utility_restoration_incident_02,0.0,isolate_or_quarantine,4,0.31093143409212426
v6-pilot_sketch_cost-utility_restoration-compound-private_fragmented-e60963-never_act-c050-none,never_act,0.5,none,0.7522761203721933,utility_restoration_communications_03_1,1.0,abstain,utility_restoration_incident_03,0.0,isolate_or_quarantine,4,0.49800590595875305
v6-pilot_sketch_cost-utility_restoration-compound-private_fragmented-e60963-never_act-c050-none,never_act,0.5,none,0.37011355949165525,utility_restoration_critical_load_04_3,1.0,abstain,utility_restoration_incident_04,0.0,authorize_emergency_resource,4,0.25520099161383625
v6-pilot_sketch_cost-utility_restoration-compound-private_fragmented-e60963-never_act-c050-none,never_act,0.5,none,0.30878591062484406,utility_restoration_distribution_node_01_1,1.0,abstain,utility_restoration_incident_01,0.0,deploy_repair_capacity,6,0.4607937457196357
v6-pilot_sketch_cost-utility_restoration-compound-private_fragmented-e60963-never_act-c050-none,never_act,0.5,none,0.6543210726996572,utility_restoration_cyber_defense_02_3,1.0,abstain,utility_restoration_incident_02,0.0,isolate_or_quarantine,6,0.01755184636340923
v6-pilot_sketch_cost-utility_restoration-compound-private_fragmented-e60963-never_act-c050-none,never_act,0.5,none,0.7874534085744146,utility_restoration_cyber_defense_03_2,1.0,abstain,utility_restoration_incident_03,0.0,reroute_or_reconfigure,6,0.3847609016977981
v6-pilot_sketch_cost-utility_restoration-compound-private_fragmented-e60963-never_act-c050-none,never_act,0.5,none,0.4600182618120069,utility_restoration_resource_allocation_04_2,1.0,abstain,utility_restoration_incident_04,0.0,authorize_emergency_resource,6,0.026939888285773206
v6-pilot_sketch_cost-utility_restoration-compound-private_fragmented-e60963-never_act-c050-none,never_act,0.5,none,0.4328612921369278,utility_restoration_field_crew_01_2,1.0,abstain,utility_restoration_incident_01,0.0,isolate_or_quarantine,8,0.44328052320141975
v6-pilot_sketch_cost-utility_restoration-compound-private_fragmented-e60963-never_act-c050-none,never_act,0.5,none,0.7684186431567515,utility_restoration_cyber_defense_02_3,1.0,abstain,utility_restoration_incident_02,0.0,reroute_or_reconfigure,8,0.3697583467634364
v6-pilot_sketch_cost-utility_restoration-compound-private_fragmented-e60963-never_act-c050-none,never_act,0.5,none,0.8154777796122326,utility_restoration_cyber_defense_03_2,1.0,abstain,utility_restoration_incident_03,0.0,reroute_or_reconfigure,8,0.7051820047894343
v6-pilot_sketch_cost-utility_restoration-compound-private_fragmented-e60963-never_act-c050-none,never_act,0.5,none,0.5278307691958243,utility_restoration_critical_load_04_3,1.0,abstain,utility_restoration_incident_04,0.0,revise_commitment,8,0.6632871289524019
v6-pilot_sketch_cost-utility_restoration-compound-private_fragmented-e60963-never_act-c050-none,never_act,0.5,none,0.45931689121653807,utility_restoration_field_crew_01_2,1.0,abstain,utility_restoration_incident_01,0.0,reroute_or_reconfigure,10,0.029064207689260213
v6-pilot_sketch_cost-utility_restoration-compound-private_fragmented-e60963-never_act-c050-none,never_act,0.5,none,0.8472270801913486,utility_restoration_cyber_defense_02_3,1.0,abstain,utility_restoration_incident_02,0.0,reroute_or_reconfigure,10,0.6648768413290558
v6-pilot_sketch_cost-utility_restoration-compound-private_fragmented-e60963-never_act-c050-none,never_act,0.5,none,0.8549502867230632,utility_restoration_cyber_defense_03_2,1.0,abstain,utility_restoration_incident_03,0.0,isolate_or_quarantine,10,0.5991130153205398
v6-pilot_sketch_cost-utility_restoration-compound-private_fragmented-e60963-never_act-c050-none,never_act,0.5,none,0.5654858700549512,utility_restoration_resource_allocation_04_2,1.0,abstain,utility_restoration_incident_04,0.0,revise_commitment,10,0.24681964336028323
v6-pilot_sketch_cost-utility_restoration-compound-private_fragmented-e60963-never_act-c050-periodic,never_act,0.5,periodic,0.4054819228273549,utility_restoration_field_crew_01_2,0.8586219484157092,abstain,utility_restoration_incident_01,0.14137805158429084,deploy_repair_capacity,2,0.07553362163477906
v6-pilot_sketch_cost-utility_restoration-compound-private_fragmented-e60963-never_act-c050-periodic,never_act,0.5,periodic,0.6481560214819484,utility_restoration_cyber_defense_02_3,0.8132835168794401,abstain,utility_restoration_incident_02,0.18671648312055988,isolate_or_quarantine,2,0.0036606277919243313
v6-pilot_sketch_cost-utility_restoration-compound-private_fragmented-e60963-never_act-c050-periodic,never_act,0.5,periodic,0.9019253077934453,utility_restoration_communications_03_1,0.9606353666291392,abstain,utility_restoration_incident_03,0.039364633370860824,isolate_or_quarantine,2,0.3789912012430768
v6-pilot_sketch_cost-utility_restoration-compound-private_fragmented-e60963-never_act-c050-periodic,never_act,0.5,periodic,0.4148496174801684,utility_restoration_resource_allocation_04_2,0.9030572840136036,abstain,utility_restoration_incident_04,0.09694271598639637,deploy_repair_capacity,2,0.10564121112763028
v6-pilot_sketch_cost-utility_restoration-compound-private_fragmented-e60963-never_act-c050-periodic,never_act,0.5,periodic,0.5521184097592481,utility_restoration_field_crew_01_2,0.8937155531433686,abstain,utility_restoration_incident_01,0.10628444685663141,isolate_or_quarantine,4,0.2650873346005339
v6-pilot_sketch_cost-utility_restoration-compound-private_fragmented-e60963-never_act-c050-periodic,never_act,0.5,periodic,0.6343838593725324,utility_restoration_cyber_defense_02_3,0.8464690645838313,abstain,utility_restoration_incident_02,0.1535309354161687,isolate_or_quarantine,4,0.31093143409212426
v6-pilot_sketch_cost-utility_restoration-compound-private_fragmented-e60963-never_act-c050-periodic,never_act,0.5,periodic,0.7522761203721933,utility_restoration_communications_03_1,0.9483550240129072,abstain,utility_restoration_incident_03,0.051644975987092834,isolate_or_quarantine,4,0.49800590595875305
v6-pilot_sketch_cost-utility_restoration-compound-private_fragmented-e60963-never_act-c050-periodic,never_act,0.5,periodic,0.37011355949165525,utility_restoration_critical_load_04_3,0.961406051032282,abstain,utility_restoration_incident_04,0.03859394896771795,authorize_emergency_resource,4,0.25520099161383625
v6-pilot_sketch_cost-utility_restoration-compound-private_fragmented-e60963-never_act-c050-periodic,never_act,0.5,periodic,0.30878591062484406,utility_restoration_distribution_node_01_1,0.8978780856962162,abstain,utility_restoration_incident_01,0.10212191430378381,deploy_repair_capacity,6,0.4607937457196357
v6-pilot_sketch_cost-utility_restoration-compound-private_fragmented-e60963-never_act-c050-periodic,never_act,0.5,periodic,0.6543210726996572,utility_restoration_cyber_defense_02_3,0.9459621893109501,abstain,utility_restoration_incident_02,0.05403781068904989,isolate_or_quarantine,6,0.01755184636340923
v6-pilot_sketch_cost-utility_restoration-compound-private_fragmented-e60963-never_act-c050-periodic,never_act,0.5,periodic,0.7874534085744146,utility_restoration_cyber_defense_03_2,0.9844253224444499,abstain,utility_restoration_incident_03,0.015574677555550087,reroute_or_reconfigure,6,0.3847609016977981
v6-pilot_sketch_cost-utility_restoration-compound-private_fragmented-e60963-never_act-c050-periodic,never_act,0.5,periodic,0.4600182618120069,utility_restoration_resource_allocation_04_2,0.9086560487019658,abstain,utility_restoration_incident_04,0.09134395129803419,authorize_emergency_resource,6,0.026939888285773206
v6-pilot_sketch_cost-utility_restoration-compound-private_fragmented-e60963-never_act-c050-periodic,never_act,0.5,periodic,0.4328612921369278,utility_restoration_field_crew_01_2,0.8397920147309226,abstain,utility_restoration_incident_01,0.16020798526907742,isolate_or_quarantine,8,0.44328052320141975
v6-pilot_sketch_cost-utility_restoration-compound-private_fragmented-e60963-never_act-c050-periodic,never_act,0.5,periodic,0.7684186431567515,utility_restoration_cyber_defense_02_3,0.8509273895856415,abstain,utility_restoration_incident_02,0.1490726104143585,reroute_or_reconfigure,8,0.3697583467634364
v6-pilot_sketch_cost-utility_restoration-compound-private_fragmented-e60963-never_act-c050-periodic,never_act,0.5,periodic,0.8154777796122326,utility_restoration_cyber_defense_03_2,0.9867220231662863,abstain,utility_restoration_incident_03,0.013277976833713678,reroute_or_reconfigure,8,0.7051820047894343
v6-pilot_sketch_cost-utility_restoration-compound-private_fragmented-e60963-never_act-c050-periodic,never_act,0.5,periodic,0.5278307691958243,utility_restoration_critical_load_04_3,0.9293935015886863,abstain,utility_restoration_incident_04,0.07060649841131372,revise_commitment,8,0.6632871289524019
v6-pilot_sketch_cost-utility_restoration-compound-private_fragmented-e60963-never_act-c050-periodic,never_act,0.5,periodic,0.45931689121653807,utility_restoration_field_crew_01_2,0.9483424251100498,abstain,utility_restoration_incident_01,0.05165757488995015,reroute_or_reconfigure,10,0.029064207689260213
v6-pilot_sketch_cost-utility_restoration-compound-private_fragmented-e60963-never_act-c050-periodic,never_act,0.5,periodic,0.8472270801913486,utility_restoration_cyber_defense_02_3,0.8987780090681529,abstain,utility_restoration_incident_02,0.10122199093184714,reroute_or_reconfigure,10,0.6648768413290558
v6-pilot_sketch_cost-utility_restoration-compound-private_fragmented-e60963-never_act-c050-periodic,never_act,0.5,periodic,0.8549502867230632,utility_restoration_cyber_defense_03_2,0.9921829176556464,abstain,utility_restoration_incident_03,0.007817082344353632,isolate_or_quarantine,10,0.5991130153205398
v6-pilot_sketch_cost-utility_restoration-compound-private_fragmented-e60963-never_act-c050-periodic,never_act,0.5,periodic,0.5654858700549512,utility_restoration_resource_allocation_04_2,0.9044180151586428,abstain,utility_restoration_incident_04,0.09558198484135716,revise_commitment,10,0.24681964336028323
v6-pilot_sketch_cost-utility_restoration-partition-private_fragmented-e60961-never_act-c050-always_on,never_act,0.5,always_on,0.12014739871774584,utility_restoration_field_crew_01_2,0.9380512604634436,abstain,utility_restoration_incident_01,0.06194873953655644,isolate_or_quarantine,2,0.025800821888386172
v6-pilot_sketch_cost-utility_restoration-partition-private_fragmented-e60961-never_act-c050-always_on,never_act,0.5,always_on,0.3466358357743119,utility_restoration_communications_02_2,0.8416087755020613,abstain,utility_restoration_incident_02,0.15839122449793874,reroute_or_reconfigure,2,0.352919813003022
v6-pilot_sketch_cost-utility_restoration-partition-private_fragmented-e60961-never_act-c050-always_on,never_act,0.5,always_on,-0.08710649546347411,utility_restoration_cyber_defense_03_2,0.9752292033185354,abstain,utility_restoration_incident_03,0.024770796681464646,reroute_or_reconfigure,2,0.6576377672429653
v6-pilot_sketch_cost-utility_restoration-partition-private_fragmented-e60961-never_act-c050-always_on,never_act,0.5,always_on,0.49872424163779416,utility_restoration_resource_allocation_04_2,0.9118642868672346,abstain,utility_restoration_incident_04,0.08813571313276536,revise_commitment,2,0.3418057452122899
v6-pilot_sketch_cost-utility_restoration-partition-private_fragmented-e60961-never_act-c050-always_on,never_act,0.5,always_on,0.37985205588601334,utility_restoration_communications_01_3,0.9936567244501778,abstain,utility_restoration_incident_01,0.006343275549822169,isolate_or_quarantine,4,0.6799550734185894
v6-pilot_sketch_cost-utility_restoration-partition-private_fragmented-e60961-never_act-c050-always_on,never_act,0.5,always_on,0.35576642502858447,utility_restoration_cyber_defense_02_3,0.9635358604749001,abstain,utility_restoration_incident_02,0.03646413952509986,reroute_or_reconfigure,4,0.001614679173363276
v6-pilot_sketch_cost-utility_restoration-partition-private_fragmented-e60961-never_act-c050-always_on,never_act,0.5,always_on,0.3504809416217507,utility_restoration_resource_allocation_03_3,0.9740301251798458,abstain,utility_restoration_incident_03,0.025969874820154226,authorize_emergency_resource,4,0.26768008201637794
v6-pilot_sketch_cost-utility_restoration-partition-private_fragmented-e60961-never_act-c050-always_on,never_act,0.5,always_on,0.40988397447091074,utility_restoration_critical_load_04_3,0.8899111152522184,abstain,utility_restoration_incident_04,0.11008888474778156,authorize_emergency_resource,4,0.30088559980286816
v6-pilot_sketch_cost-utility_restoration-partition-private_fragmented-e60961-never_act-c050-always_on,never_act,0.5,always_on,0.2675328038690985,utility_restoration_distribution_node_01_1,0.9374981968922929,abstain,utility_restoration_incident_01,0.06250180310770714,isolate_or_quarantine,6,0.7540752363814623
v6-pilot_sketch_cost-utility_restoration-partition-private_fragmented-e60961-never_act-c050-always_on,never_act,0.5,always_on,0.3491011421489923,utility_restoration_cyber_defense_02_3,0.9147850133447638,abstain,utility_restoration_incident_02,0.08521498665523619,reroute_or_reconfigure,6,0.32020168050169384
v6-pilot_sketch_cost-utility_restoration-partition-private_fragmented-e60961-never_act-c050-always_on,never_act,0.5,always_on,0.381676950428538,utility_restoration_resource_allocation_03_3,0.9100417882757275,abstain,utility_restoration_incident_03,0.08995821172427254,authorize_emergency_resource,6,0.31713949690710136
v6-pilot_sketch_cost-utility_restoration-partition-private_fragmented-e60961-never_act-c050-always_on,never_act,0.5,always_on,0.2676252074702661,utility_restoration_critical_load_04_3,0.9882008484745202,abstain,utility_restoration_incident_04,0.011799151525479834,authorize_emergency_resource,6,0.5680907609258492
v6-pilot_sketch_cost-utility_restoration-partition-private_fragmented-e60961-never_act-c050-always_on,never_act,0.5,always_on,0.2523159077309921,utility_restoration_field_crew_01_2,0.9579251963125148,abstain,utility_restoration_incident_01,0.042074803687485174,deploy_repair_capacity,8,0.3788847357403179
v6-pilot_sketch_cost-utility_restoration-partition-private_fragmented-e60961-never_act-c050-always_on,never_act,0.5,always_on,0.3770538178969016,utility_restoration_communications_02_2,0.9485149502412022,abstain,utility_restoration_incident_02,0.05148504975879775,reroute_or_reconfigure,8,0.31871871845112043
v6-pilot_sketch_cost-utility_restoration-partition-private_fragmented-e60961-never_act-c050-always_on,never_act,0.5,always_on,-0.05485560046945649,utility_restoration_cyber_defense_03_2,0.9925536055584121,abstain,utility_restoration_incident_03,0.0074463944415879,isolate_or_quarantine,8,0.5273132049450732
v6-pilot_sketch_cost-utility_restoration-partition-private_fragmented-e60961-never_act-c050-always_on,never_act,0.5,always_on,0.5338712534339876,utility_restoration_resource_allocation_04_2,0.9665798726578785,abstain,utility_restoration_incident_04,0.03342012734212152,revise_commitment,8,0.2966046014513117
v6-pilot_sketch_cost-utility_restoration-partition-private_fragmented-e60961-never_act-c050-always_on,never_act,0.5,always_on,0.25634608313366347,utility_restoration_communications_01_3,0.9582686154728458,abstain,utility_restoration_incident_01,0.04173138452715419,reroute_or_reconfigure,10,0.37646648392706783
v6-pilot_sketch_cost-utility_restoration-partition-private_fragmented-e60961-never_act-c050-always_on,never_act,0.5,always_on,0.4387828454741517,utility_restoration_cyber_defense_02_3,0.949448381959371,abstain,utility_restoration_incident_02,0.05055161804062902,reroute_or_reconfigure,10,0.1756584849599516
v6-pilot_sketch_cost-utility_restoration-partition-private_fragmented-e60961-never_act-c050-always_on,never_act,0.5,always_on,0.46783652739675247,utility_restoration_resource_allocation_03_3,0.893373597606699,abstain,utility_restoration_incident_03,0.10662640239330101,deploy_repair_capacity,10,0.4056869823163057
v6-pilot_sketch_cost-utility_restoration-partition-private_fragmented-e60961-never_act-c050-always_on,never_act,0.5,always_on,0.36827793689447086,utility_restoration_critical_load_04_3,0.8977425019415977,abstain,utility_restoration_incident_04,0.10225749805840234,revise_commitment,10,0.1476412822612019
v6-pilot_sketch_cost-utility_restoration-partition-private_fragmented-e60961-never_act-c050-event_triggered,never_act,0.5,event_triggered,0.12014739871774584,utility_restoration_field_crew_01_2,0.9380512604634436,abstain,utility_restoration_incident_01,0.06194873953655644,isolate_or_quarantine,2,0.025800821888386172
v6-pilot_sketch_cost-utility_restoration-partition-private_fragmented-e60961-never_act-c050-event_triggered,never_act,0.5,event_triggered,0.3466358357743119,utility_restoration_communications_02_2,0.8416087755020613,abstain,utility_restoration_incident_02,0.15839122449793874,reroute_or_reconfigure,2,0.352919813003022
v6-pilot_sketch_cost-utility_restoration-partition-private_fragmented-e60961-never_act-c050-event_triggered,never_act,0.5,event_triggered,-0.08710649546347411,utility_restoration_cyber_defense_03_2,0.9752292033185354,abstain,utility_restoration_incident_03,0.024770796681464646,reroute_or_reconfigure,2,0.6576377672429653
v6-pilot_sketch_cost-utility_restoration-partition-private_fragmented-e60961-never_act-c050-event_triggered,never_act,0.5,event_triggered,0.49872424163779416,utility_restoration_resource_allocation_04_2,0.9058610851242596,abstain,utility_restoration_incident_04,0.09413891487574044,revise_commitment,2,0.3418057452122899
v6-pilot_sketch_cost-utility_restoration-partition-private_fragmented-e60961-never_act-c050-event_triggered,never_act,0.5,event_triggered,0.37985205588601334,utility_restoration_communications_01_3,0.9965383962162819,abstain,utility_restoration_incident_01,0.00346160378371807,isolate_or_quarantine,4,0.6799550734185894
v6-pilot_sketch_cost-utility_restoration-partition-private_fragmented-e60961-never_act-c050-event_triggered,never_act,0.5,event_triggered,0.35576642502858447,utility_restoration_cyber_defense_02_3,0.9635358604749001,abstain,utility_restoration_incident_02,0.03646413952509986,reroute_or_reconfigure,4,0.001614679173363276
v6-pilot_sketch_cost-utility_restoration-partition-private_fragmented-e60961-never_act-c050-event_triggered,never_act,0.5,event_triggered,0.3504809416217507,utility_restoration_resource_allocation_03_3,0.9715961360444357,abstain,utility_restoration_incident_03,0.028403863955564268,authorize_emergency_resource,4,0.26768008201637794
v6-pilot_sketch_cost-utility_restoration-partition-private_fragmented-e60961-never_act-c050-event_triggered,never_act,0.5,event_triggered,0.40988397447091074,utility_restoration_critical_load_04_3,0.8899111152522184,abstain,utility_restoration_incident_04,0.11008888474778156,authorize_emergency_resource,4,0.30088559980286816
v6-pilot_sketch_cost-utility_restoration-partition-private_fragmented-e60961-never_act-c050-event_triggered,never_act,0.5,event_triggered,0.2675328038690985,utility_restoration_distribution_node_01_1,0.9358295355666467,abstain,utility_restoration_incident_01,0.06417046443335328,isolate_or_quarantine,6,0.7540752363814623
v6-pilot_sketch_cost-utility_restoration-partition-private_fragmented-e60961-never_act-c050-event_triggered,never_act,0.5,event_triggered,0.3491011421489923,utility_restoration_cyber_defense_02_3,0.9147850133447638,abstain,utility_restoration_incident_02,0.08521498665523619,reroute_or_reconfigure,6,0.32020168050169384
v6-pilot_sketch_cost-utility_restoration-partition-private_fragmented-e60961-never_act-c050-event_triggered,never_act,0.5,event_triggered,0.381676950428538,utility_restoration_resource_allocation_03_3,0.9147136465555605,abstain,utility_restoration_incident_03,0.08528635344443947,authorize_emergency_resource,6,0.31713949690710136
v6-pilot_sketch_cost-utility_restoration-partition-private_fragmented-e60961-never_act-c050-event_triggered,never_act,0.5,event_triggered,0.2676252074702661,utility_restoration_critical_load_04_3,0.9882008484745202,abstain,utility_restoration_incident_04,0.011799151525479834,authorize_emergency_resource,6,0.5680907609258492
v6-pilot_sketch_cost-utility_restoration-partition-private_fragmented-e60961-never_act-c050-event_triggered,never_act,0.5,event_triggered,0.2523159077309921,utility_restoration_field_crew_01_2,0.9579251963125148,abstain,utility_restoration_incident_01,0.042074803687485174,deploy_repair_capacity,8,0.3788847357403179
v6-pilot_sketch_cost-utility_restoration-partition-private_fragmented-e60961-never_act-c050-event_triggered,never_act,0.5,event_triggered,0.3770538178969016,utility_restoration_communications_02_2,0.9485149502412022,abstain,utility_restoration_incident_02,0.05148504975879775,reroute_or_reconfigure,8,0.31871871845112043
v6-pilot_sketch_cost-utility_restoration-partition-private_fragmented-e60961-never_act-c050-event_triggered,never_act,0.5,event_triggered,-0.05485560046945649,utility_restoration_cyber_defense_03_2,0.9925536055584121,abstain,utility_restoration_incident_03,0.0074463944415879,isolate_or_quarantine,8,0.5273132049450732
v6-pilot_sketch_cost-utility_restoration-partition-private_fragmented-e60961-never_act-c050-event_triggered,never_act,0.5,event_triggered,0.5338712534339876,utility_restoration_resource_allocation_04_2,0.9679370508834613,abstain,utility_restoration_incident_04,0.03206294911653873,revise_commitment,8,0.2966046014513117
v6-pilot_sketch_cost-utility_restoration-partition-private_fragmented-e60961-never_act-c050-event_triggered,never_act,0.5,event_triggered,0.25634608313366347,utility_restoration_communications_01_3,0.9606455397959647,abstain,utility_restoration_incident_01,0.039354460204035324,reroute_or_reconfigure,10,0.37646648392706783
v6-pilot_sketch_cost-utility_restoration-partition-private_fragmented-e60961-never_act-c050-event_triggered,never_act,0.5,event_triggered,0.4387828454741517,utility_restoration_cyber_defense_02_3,0.949448381959371,abstain,utility_restoration_incident_02,0.05055161804062902,reroute_or_reconfigure,10,0.1756584849599516
v6-pilot_sketch_cost-utility_restoration-partition-private_fragmented-e60961-never_act-c050-event_triggered,never_act,0.5,event_triggered,0.46783652739675247,utility_restoration_resource_allocation_03_3,0.8944148539345426,abstain,utility_restoration_incident_03,0.10558514606545744,deploy_repair_capacity,10,0.4056869823163057
v6-pilot_sketch_cost-utility_restoration-partition-private_fragmented-e60961-never_act-c050-event_triggered,never_act,0.5,event_triggered,0.36827793689447086,utility_restoration_critical_load_04_3,0.8977425019415977,abstain,utility_restoration_incident_04,0.10225749805840234,revise_commitment,10,0.1476412822612019
v6-pilot_sketch_cost-utility_restoration-partition-private_fragmented-e60961-never_act-c050-none,never_act,0.5,none,0.12014739871774584,utility_restoration_field_crew_01_2,1.0,abstain,utility_restoration_incident_01,0.0,isolate_or_quarantine,2,0.025800821888386172
v6-pilot_sketch_cost-utility_restoration-partition-private_fragmented-e60961-never_act-c050-none,never_act,0.5,none,0.3466358357743119,utility_restoration_communications_02_2,1.0,abstain,utility_restoration_incident_02,0.0,reroute_or_reconfigure,2,0.352919813003022
v6-pilot_sketch_cost-utility_restoration-partition-private_fragmented-e60961-never_act-c050-none,never_act,0.5,none,-0.08710649546347411,utility_restoration_cyber_defense_03_2,1.0,abstain,utility_restoration_incident_03,0.0,reroute_or_reconfigure,2,0.6576377672429653
v6-pilot_sketch_cost-utility_restoration-partition-private_fragmented-e60961-never_act-c050-none,never_act,0.5,none,0.49872424163779416,utility_restoration_resource_allocation_04_2,1.0,abstain,utility_restoration_incident_04,0.0,revise_commitment,2,0.3418057452122899
v6-pilot_sketch_cost-utility_restoration-partition-private_fragmented-e60961-never_act-c050-none,never_act,0.5,none,0.37985205588601334,utility_restoration_communications_01_3,1.0,abstain,utility_restoration_incident_01,0.0,isolate_or_quarantine,4,0.6799550734185894
v6-pilot_sketch_cost-utility_restoration-partition-private_fragmented-e60961-never_act-c050-none,never_act,0.5,none,0.35576642502858447,utility_restoration_cyber_defense_02_3,1.0,abstain,utility_restoration_incident_02,0.0,reroute_or_reconfigure,4,0.001614679173363276
v6-pilot_sketch_cost-utility_restoration-partition-private_fragmented-e60961-never_act-c050-none,never_act,0.5,none,0.3504809416217507,utility_restoration_resource_allocation_03_3,1.0,abstain,utility_restoration_incident_03,0.0,authorize_emergency_resource,4,0.26768008201637794
v6-pilot_sketch_cost-utility_restoration-partition-private_fragmented-e60961-never_act-c050-none,never_act,0.5,none,0.40988397447091074,utility_restoration_critical_load_04_3,1.0,abstain,utility_restoration_incident_04,0.0,authorize_emergency_resource,4,0.30088559980286816
v6-pilot_sketch_cost-utility_restoration-partition-private_fragmented-e60961-never_act-c050-none,never_act,0.5,none,0.2675328038690985,utility_restoration_distribution_node_01_1,1.0,abstain,utility_restoration_incident_01,0.0,isolate_or_quarantine,6,0.7540752363814623
v6-pilot_sketch_cost-utility_restoration-partition-private_fragmented-e60961-never_act-c050-none,never_act,0.5,none,0.3491011421489923,utility_restoration_cyber_defense_02_3,1.0,abstain,utility_restoration_incident_02,0.0,reroute_or_reconfigure,6,0.32020168050169384
v6-pilot_sketch_cost-utility_restoration-partition-private_fragmented-e60961-never_act-c050-none,never_act,0.5,none,0.381676950428538,utility_restoration_resource_allocation_03_3,1.0,abstain,utility_restoration_incident_03,0.0,authorize_emergency_resource,6,0.31713949690710136
v6-pilot_sketch_cost-utility_restoration-partition-private_fragmented-e60961-never_act-c050-none,never_act,0.5,none,0.2676252074702661,utility_restoration_critical_load_04_3,1.0,abstain,utility_restoration_incident_04,0.0,authorize_emergency_resource,6,0.5680907609258492
v6-pilot_sketch_cost-utility_restoration-partition-private_fragmented-e60961-never_act-c050-none,never_act,0.5,none,0.2523159077309921,utility_restoration_field_crew_01_2,1.0,abstain,utility_restoration_incident_01,0.0,deploy_repair_capacity,8,0.3788847357403179
v6-pilot_sketch_cost-utility_restoration-partition-private_fragmented-e60961-never_act-c050-none,never_act,0.5,none,0.3770538178969016,utility_restoration_communications_02_2,1.0,abstain,utility_restoration_incident_02,0.0,reroute_or_reconfigure,8,0.31871871845112043
v6-pilot_sketch_cost-utility_restoration-partition-private_fragmented-e60961-never_act-c050-none,never_act,0.5,none,-0.05485560046945649,utility_restoration_cyber_defense_03_2,1.0,abstain,utility_restoration_incident_03,0.0,isolate_or_quarantine,8,0.5273132049450732
v6-pilot_sketch_cost-utility_restoration-partition-private_fragmented-e60961-never_act-c050-none,never_act,0.5,none,0.5338712534339876,utility_restoration_resource_allocation_04_2,1.0,abstain,utility_restoration_incident_04,0.0,revise_commitment,8,0.2966046014513117
v6-pilot_sketch_cost-utility_restoration-partition-private_fragmented-e60961-never_act-c050-none,never_act,0.5,none,0.25634608313366347,utility_restoration_communications_01_3,1.0,abstain,utility_restoration_incident_01,0.0,reroute_or_reconfigure,10,0.37646648392706783
v6-pilot_sketch_cost-utility_restoration-partition-private_fragmented-e60961-never_act-c050-none,never_act,0.5,none,0.4387828454741517,utility_restoration_cyber_defense_02_3,1.0,abstain,utility_restoration_incident_02,0.0,reroute_or_reconfigure,10,0.1756584849599516
v6-pilot_sketch_cost-utility_restoration-partition-private_fragmented-e60961-never_act-c050-none,never_act,0.5,none,0.46783652739675247,utility_restoration_resource_allocation_03_3,1.0,abstain,utility_restoration_incident_03,0.0,deploy_repair_capacity,10,0.4056869823163057
v6-pilot_sketch_cost-utility_restoration-partition-private_fragmented-e60961-never_act-c050-none,never_act,0.5,none,0.36827793689447086,utility_restoration_critical_load_04_3,1.0,abstain,utility_restoration_incident_04,0.0,revise_commitment,10,0.1476412822612019
v6-pilot_sketch_cost-utility_restoration-partition-private_fragmented-e60961-never_act-c050-periodic,never_act,0.5,periodic,0.12014739871774584,utility_restoration_field_crew_01_2,0.866777013048112,abstain,utility_restoration_incident_01,0.13322298695188795,isolate_or_quarantine,2,0.025800821888386172
v6-pilot_sketch_cost-utility_restoration-partition-private_fragmented-e60961-never_act-c050-periodic,never_act,0.5,periodic,0.3466358357743119,utility_restoration_communications_02_2,0.8967088370131466,abstain,utility_restoration_incident_02,0.10329116298685337,reroute_or_reconfigure,2,0.352919813003022
v6-pilot_sketch_cost-utility_restoration-partition-private_fragmented-e60961-never_act-c050-periodic,never_act,0.5,periodic,-0.08710649546347411,utility_restoration_cyber_defense_03_2,0.9536265970949891,abstain,utility_restoration_incident_03,0.04637340290501091,reroute_or_reconfigure,2,0.6576377672429653
v6-pilot_sketch_cost-utility_restoration-partition-private_fragmented-e60961-never_act-c050-periodic,never_act,0.5,periodic,0.49872424163779416,utility_restoration_resource_allocation_04_2,0.888730748769243,abstain,utility_restoration_incident_04,0.11126925123075704,revise_commitment,2,0.3418057452122899
v6-pilot_sketch_cost-utility_restoration-partition-private_fragmented-e60961-never_act-c050-periodic,never_act,0.5,periodic,0.37985205588601334,utility_restoration_communications_01_3,0.9965383962162819,abstain,utility_restoration_incident_01,0.00346160378371807,isolate_or_quarantine,4,0.6799550734185894
v6-pilot_sketch_cost-utility_restoration-partition-private_fragmented-e60961-never_act-c050-periodic,never_act,0.5,periodic,0.35576642502858447,utility_restoration_cyber_defense_02_3,0.9136869313131618,abstain,utility_restoration_incident_02,0.08631306868683819,reroute_or_reconfigure,4,0.001614679173363276
v6-pilot_sketch_cost-utility_restoration-partition-private_fragmented-e60961-never_act-c050-periodic,never_act,0.5,periodic,0.3504809416217507,utility_restoration_resource_allocation_03_3,0.9690019028754783,abstain,utility_restoration_incident_03,0.03099809712452173,authorize_emergency_resource,4,0.26768008201637794
v6-pilot_sketch_cost-utility_restoration-partition-private_fragmented-e60961-never_act-c050-periodic,never_act,0.5,periodic,0.40988397447091074,utility_restoration_critical_load_04_3,0.8725143978933971,abstain,utility_restoration_incident_04,0.12748560210660287,authorize_emergency_resource,4,0.30088559980286816
v6-pilot_sketch_cost-utility_restoration-partition-private_fragmented-e60961-never_act-c050-periodic,never_act,0.5,periodic,0.2675328038690985,utility_restoration_distribution_node_01_1,0.9358295355666467,abstain,utility_restoration_incident_01,0.06417046443335328,isolate_or_quarantine,6,0.7540752363814623
v6-pilot_sketch_cost-utility_restoration-partition-private_fragmented-e60961-never_act-c050-periodic,never_act,0.5,periodic,0.3491011421489923,utility_restoration_cyber_defense_02_3,0.9027569920143458,abstain,utility_restoration_incident_02,0.09724300798565422,reroute_or_reconfigure,6,0.32020168050169384
v6-pilot_sketch_cost-utility_restoration-partition-private_fragmented-e60961-never_act-c050-periodic,never_act,0.5,periodic,0.381676950428538,utility_restoration_resource_allocation_03_3,0.9147136465555605,abstain,utility_restoration_incident_03,0.08528635344443947,authorize_emergency_resource,6,0.31713949690710136
v6-pilot_sketch_cost-utility_restoration-partition-private_fragmented-e60961-never_act-c050-periodic,never_act,0.5,periodic,0.2676252074702661,utility_restoration_critical_load_04_3,0.9764955331585616,abstain,utility_restoration_incident_04,0.023504466841438365,authorize_emergency_resource,6,0.5680907609258492
v6-pilot_sketch_cost-utility_restoration-partition-private_fragmented-e60961-never_act-c050-periodic,never_act,0.5,periodic,0.2523159077309921,utility_restoration_field_crew_01_2,0.9716944286200658,abstain,utility_restoration_incident_01,0.02830557137993417,deploy_repair_capacity,8,0.3788847357403179
v6-pilot_sketch_cost-utility_restoration-partition-private_fragmented-e60961-never_act-c050-periodic,never_act,0.5,periodic,0.3770538178969016,utility_restoration_communications_02_2,0.9740901259228569,abstain,utility_restoration_incident_02,0.02590987407714307,reroute_or_reconfigure,8,0.31871871845112043
v6-pilot_sketch_cost-utility_restoration-partition-private_fragmented-e60961-never_act-c050-periodic,never_act,0.5,periodic,-0.05485560046945649,utility_restoration_cyber_defense_03_2,0.9903541229333053,abstain,utility_restoration_incident_03,0.00964587706669473,isolate_or_quarantine,8,0.5273132049450732
v6-pilot_sketch_cost-utility_restoration-partition-private_fragmented-e60961-never_act-c050-periodic,never_act,0.5,periodic,0.5338712534339876,utility_restoration_resource_allocation_04_2,0.9625659775349142,abstain,utility_restoration_incident_04,0.03743402246508576,revise_commitment,8,0.2966046014513117
v6-pilot_sketch_cost-utility_restoration-partition-private_fragmented-e60961-never_act-c050-periodic,never_act,0.5,periodic,0.25634608313366347,utility_restoration_communications_01_3,0.9767968446065673,abstain,utility_restoration_incident_01,0.02320315539343265,reroute_or_reconfigure,10,0.37646648392706783
v6-pilot_sketch_cost-utility_restoration-partition-private_fragmented-e60961-never_act-c050-periodic,never_act,0.5,periodic,0.4387828454741517,utility_restoration_cyber_defense_02_3,0.9650573865631449,abstain,utility_restoration_incident_02,0.03494261343685512,reroute_or_reconfigure,10,0.1756584849599516
v6-pilot_sketch_cost-utility_restoration-partition-private_fragmented-e60961-never_act-c050-periodic,never_act,0.5,periodic,0.46783652739675247,utility_restoration_resource_allocation_03_3,0.935200053913325,abstain,utility_restoration_incident_03,0.06479994608667505,deploy_repair_capacity,10,0.4056869823163057
v6-pilot_sketch_cost-utility_restoration-partition-private_fragmented-e60961-never_act-c050-periodic,never_act,0.5,periodic,0.36827793689447086,utility_restoration_critical_load_04_3,0.9211478795015974,abstain,utility_restoration_incident_04,0.07885212049840262,revise_commitment,10,0.1476412822612019
v6-pilot_sketch_cost-utility_restoration-partition-private_fragmented-e60962-never_act-c050-always_on,never_act,0.5,always_on,0.5207741507629758,utility_restoration_field_crew_01_2,0.8158400971659114,abstain,utility_restoration_incident_01,0.18415990283408856,deploy_repair_capacity,2,0.5587428535386059
v6-pilot_sketch_cost-utility_restoration-partition-private_fragmented-e60962-never_act-c050-always_on,never_act,0.5,always_on,0.3731386991347585,utility_restoration_communications_02_2,0.9922754473730898,abstain,utility_restoration_incident_02,0.007724552626910186,isolate_or_quarantine,2,0.5159352089529587
v6-pilot_sketch_cost-utility_restoration-partition-private_fragmented-e60962-never_act-c050-always_on,never_act,0.5,always_on,0.42731715827141825,utility_restoration_cyber_defense_03_2,0.9246421061216821,abstain,utility_restoration_incident_03,0.07535789387831793,isolate_or_quarantine,2,0.5163823632411959
v6-pilot_sketch_cost-utility_restoration-partition-private_fragmented-e60962-never_act-c050-always_on,never_act,0.5,always_on,0.6322209453059913,utility_restoration_resource_allocation_04_2,0.9948440402089677,abstain,utility_restoration_incident_04,0.0051559597910323385,revise_commitment,2,0.583587666613429
v6-pilot_sketch_cost-utility_restoration-partition-private_fragmented-e60962-never_act-c050-always_on,never_act,0.5,always_on,0.5022749052737009,utility_restoration_distribution_node_01_1,0.8754430401911641,abstain,utility_restoration_incident_01,0.12455695980883585,isolate_or_quarantine,4,0.06965281812306376
v6-pilot_sketch_cost-utility_restoration-partition-private_fragmented-e60962-never_act-c050-always_on,never_act,0.5,always_on,0.5828078552991596,utility_restoration_field_crew_02_1,0.986863180610424,abstain,utility_restoration_incident_02,0.013136819389576004,isolate_or_quarantine,4,0.5200551423116311
v6-pilot_sketch_cost-utility_restoration-partition-private_fragmented-e60962-never_act-c050-always_on,never_act,0.5,always_on,0.56572713292022,utility_restoration_resource_allocation_03_3,0.9087385867453127,abstain,utility_restoration_incident_03,0.09126141325468728,authorize_emergency_resource,4,0.5541101223149575
v6-pilot_sketch_cost-utility_restoration-partition-private_fragmented-e60962-never_act-c050-always_on,never_act,0.5,always_on,0.5186129383896069,utility_restoration_cyber_defense_04_1,0.9834378463379478,abstain,utility_restoration_incident_04,0.01656215366205216,isolate_or_quarantine,4,0.5784816656120437
v6-pilot_sketch_cost-utility_restoration-partition-private_fragmented-e60962-never_act-c050-always_on,never_act,0.5,always_on,0.5754252968997214,utility_restoration_distribution_node_01_1,0.8742920250864672,abstain,utility_restoration_incident_01,0.1257079749135328,deploy_repair_capacity,6,0.35777801347177063
v6-pilot_sketch_cost-utility_restoration-partition-private_fragmented-e60962-never_act-c050-always_on,never_act,0.5,always_on,0.5978473450744421,utility_restoration_field_crew_02_1,0.9904701360622004,abstain,utility_restoration_incident_02,0.009529863937799643,isolate_or_quarantine,6,0.529309316265411
v6-pilot_sketch_cost-utility_restoration-partition-private_fragmented-e60962-never_act-c050-always_on,never_act,0.5,always_on,0.6146014234916947,utility_restoration_resource_allocation_03_3,0.9125098304522258,abstain,utility_restoration_incident_03,0.08749016954777422,authorize_emergency_resource,6,0.3263961969511319
v6-pilot_sketch_cost-utility_restoration-partition-private_fragmented-e60962-never_act-c050-always_on,never_act,0.5,always_on,0.5442047972508608,utility_restoration_cyber_defense_04_1,0.9947123794473274,abstain,utility_restoration_incident_04,0.005287620552672623,isolate_or_quarantine,6,0.6419373961087037
v6-pilot_sketch_cost-utility_restoration-partition-private_fragmented-e60962-never_act-c050-always_on,never_act,0.5,always_on,0.6883142239088731,utility_restoration_field_crew_01_2,0.9501377965764551,abstain,utility_restoration_incident_01,0.04986220342354486,deploy_repair_capacity,8,0.3281072394351153
v6-pilot_sketch_cost-utility_restoration-partition-private_fragmented-e60962-never_act-c050-always_on,never_act,0.5,always_on,0.4169042418117687,utility_restoration_communications_02_2,0.9861288581067188,abstain,utility_restoration_incident_02,0.013871141893281203,isolate_or_quarantine,8,0.3509511049428007
v6-pilot_sketch_cost-utility_restoration-partition-private_fragmented-e60962-never_act-c050-always_on,never_act,0.5,always_on,0.3140523100198379,utility_restoration_cyber_defense_03_2,0.956876562242271,abstain,utility_restoration_incident_03,0.04312343775772898,reroute_or_reconfigure,8,0.4131140301772267
v6-pilot_sketch_cost-utility_restoration-partition-private_fragmented-e60962-never_act-c050-always_on,never_act,0.5,always_on,0.7918314440844345,utility_restoration_resource_allocation_04_2,0.9645877411770688,abstain,utility_restoration_incident_04,0.0354122588229312,revise_commitment,8,0.2860363163532228
v6-pilot_sketch_cost-utility_restoration-partition-private_fragmented-e60962-never_act-c050-always_on,never_act,0.5,always_on,0.5093534240847694,utility_restoration_distribution_node_01_1,0.9493747006883858,abstain,utility_restoration_incident_01,0.05062529931161419,deploy_repair_capacity,10,0.13586645898124658
v6-pilot_sketch_cost-utility_restoration-partition-private_fragmented-e60962-never_act-c050-always_on,never_act,0.5,always_on,0.6464977949900684,utility_restoration_field_crew_02_1,0.9837177441961804,abstain,utility_restoration_incident_02,0.01628225580381959,isolate_or_quarantine,10,0.5301559633904209
v6-pilot_sketch_cost-utility_restoration-partition-private_fragmented-e60962-never_act-c050-always_on,never_act,0.5,always_on,0.6119978079258857,utility_restoration_resource_allocation_03_3,0.9271088309816807,abstain,utility_restoration_incident_03,0.07289116901831927,deploy_repair_capacity,10,0.07620654159077017
v6-pilot_sketch_cost-utility_restoration-partition-private_fragmented-e60962-never_act-c050-always_on,never_act,0.5,always_on,0.5703466986051551,utility_restoration_cyber_defense_04_1,0.9516847566949675,abstain,utility_restoration_incident_04,0.04831524330503245,isolate_or_quarantine,10,0.4036689982893138
v6-pilot_sketch_cost-utility_restoration-partition-private_fragmented-e60962-never_act-c050-event_triggered,never_act,0.5,event_triggered,0.5207741507629758,utility_restoration_field_crew_01_2,0.8158400971659114,abstain,utility_restoration_incident_01,0.18415990283408856,deploy_repair_capacity,2,0.5587428535386059
v6-pilot_sketch_cost-utility_restoration-partition-private_fragmented-e60962-never_act-c050-event_triggered,never_act,0.5,event_triggered,0.3731386991347585,utility_restoration_communications_02_2,0.9928888061422595,abstain,utility_restoration_incident_02,0.007111193857740505,isolate_or_quarantine,2,0.5159352089529587
v6-pilot_sketch_cost-utility_restoration-partition-private_fragmented-e60962-never_act-c050-event_triggered,never_act,0.5,event_triggered,0.42731715827141825,utility_restoration_cyber_defense_03_2,0.9246421061216821,abstain,utility_restoration_incident_03,0.07535789387831793,isolate_or_quarantine,2,0.5163823632411959
v6-pilot_sketch_cost-utility_restoration-partition-private_fragmented-e60962-never_act-c050-event_triggered,never_act,0.5,event_triggered,0.6322209453059913,utility_restoration_resource_allocation_04_2,0.992196943510204,abstain,utility_restoration_incident_04,0.0078030564897959565,revise_commitment,2,0.583587666613429
v6-pilot_sketch_cost-utility_restoration-partition-private_fragmented-e60962-never_act-c050-event_triggered,never_act,0.5,event_triggered,0.5022749052737009,utility_restoration_distribution_node_01_1,0.8754430401911641,abstain,utility_restoration_incident_01,0.12455695980883585,isolate_or_quarantine,4,0.06965281812306376
v6-pilot_sketch_cost-utility_restoration-partition-private_fragmented-e60962-never_act-c050-event_triggered,never_act,0.5,event_triggered,0.5828078552991596,utility_restoration_field_crew_02_1,0.986863180610424,abstain,utility_restoration_incident_02,0.013136819389576004,isolate_or_quarantine,4,0.5200551423116311
v6-pilot_sketch_cost-utility_restoration-partition-private_fragmented-e60962-never_act-c050-event_triggered,never_act,0.5,event_triggered,0.56572713292022,utility_restoration_resource_allocation_03_3,0.9087385867453127,abstain,utility_restoration_incident_03,0.09126141325468728,authorize_emergency_resource,4,0.5541101223149575
v6-pilot_sketch_cost-utility_restoration-partition-private_fragmented-e60962-never_act-c050-event_triggered,never_act,0.5,event_triggered,0.5186129383896069,utility_restoration_cyber_defense_04_1,0.9748601589587754,abstain,utility_restoration_incident_04,0.025139841041224575,isolate_or_quarantine,4,0.5784816656120437
v6-pilot_sketch_cost-utility_restoration-partition-private_fragmented-e60962-never_act-c050-event_triggered,never_act,0.5,event_triggered,0.5754252968997214,utility_restoration_distribution_node_01_1,0.8742920250864672,abstain,utility_restoration_incident_01,0.1257079749135328,deploy_repair_capacity,6,0.35777801347177063
v6-pilot_sketch_cost-utility_restoration-partition-private_fragmented-e60962-never_act-c050-event_triggered,never_act,0.5,event_triggered,0.5978473450744421,utility_restoration_field_crew_02_1,0.9924702483156943,abstain,utility_restoration_incident_02,0.007529751684305697,isolate_or_quarantine,6,0.529309316265411
v6-pilot_sketch_cost-utility_restoration-partition-private_fragmented-e60962-never_act-c050-event_triggered,never_act,0.5,event_triggered,0.6146014234916947,utility_restoration_resource_allocation_03_3,0.9125098304522258,abstain,utility_restoration_incident_03,0.08749016954777422,authorize_emergency_resource,6,0.3263961969511319
v6-pilot_sketch_cost-utility_restoration-partition-private_fragmented-e60962-never_act-c050-event_triggered,never_act,0.5,event_triggered,0.5442047972508608,utility_restoration_cyber_defense_04_1,0.9945561093906586,abstain,utility_restoration_incident_04,0.005443890609341362,isolate_or_quarantine,6,0.6419373961087037
v6-pilot_sketch_cost-utility_restoration-partition-private_fragmented-e60962-never_act-c050-event_triggered,never_act,0.5,event_triggered,0.6883142239088731,utility_restoration_field_crew_01_2,0.9501377965764551,abstain,utility_restoration_incident_01,0.04986220342354486,deploy_repair_capacity,8,0.3281072394351153
v6-pilot_sketch_cost-utility_restoration-partition-private_fragmented-e60962-never_act-c050-event_triggered,never_act,0.5,event_triggered,0.4169042418117687,utility_restoration_communications_02_2,0.988323540629898,abstain,utility_restoration_incident_02,0.011676459370101977,isolate_or_quarantine,8,0.3509511049428007
v6-pilot_sketch_cost-utility_restoration-partition-private_fragmented-e60962-never_act-c050-event_triggered,never_act,0.5,event_triggered,0.3140523100198379,utility_restoration_cyber_defense_03_2,0.956876562242271,abstain,utility_restoration_incident_03,0.04312343775772898,reroute_or_reconfigure,8,0.4131140301772267
v6-pilot_sketch_cost-utility_restoration-partition-private_fragmented-e60962-never_act-c050-event_triggered,never_act,0.5,event_triggered,0.7918314440844345,utility_restoration_resource_allocation_04_2,0.9676557090946034,abstain,utility_restoration_incident_04,0.03234429090539659,revise_commitment,8,0.2860363163532228
v6-pilot_sketch_cost-utility_restoration-partition-private_fragmented-e60962-never_act-c050-event_triggered,never_act,0.5,event_triggered,0.5093534240847694,utility_restoration_distribution_node_01_1,0.9493747006883858,abstain,utility_restoration_incident_01,0.05062529931161419,deploy_repair_capacity,10,0.13586645898124658
v6-pilot_sketch_cost-utility_restoration-partition-private_fragmented-e60962-never_act-c050-event_triggered,never_act,0.5,event_triggered,0.6464977949900684,utility_restoration_field_crew_02_1,0.9868445341458486,abstain,utility_restoration_incident_02,0.013155465854151394,isolate_or_quarantine,10,0.5301559633904209
v6-pilot_sketch_cost-utility_restoration-partition-private_fragmented-e60962-never_act-c050-event_triggered,never_act,0.5,event_triggered,0.6119978079258857,utility_restoration_resource_allocation_03_3,0.9271088309816807,abstain,utility_restoration_incident_03,0.07289116901831927,deploy_repair_capacity,10,0.07620654159077017
v6-pilot_sketch_cost-utility_restoration-partition-private_fragmented-e60962-never_act-c050-event_triggered,never_act,0.5,event_triggered,0.5703466986051551,utility_restoration_cyber_defense_04_1,0.9511490984850026,abstain,utility_restoration_incident_04,0.04885090151499738,isolate_or_quarantine,10,0.4036689982893138
v6-pilot_sketch_cost-utility_restoration-partition-private_fragmented-e60962-never_act-c050-none,never_act,0.5,none,0.5207741507629758,utility_restoration_field_crew_01_2,1.0,abstain,utility_restoration_incident_01,0.0,deploy_repair_capacity,2,0.5587428535386059
v6-pilot_sketch_cost-utility_restoration-partition-private_fragmented-e60962-never_act-c050-none,never_act,0.5,none,0.3731386991347585,utility_restoration_communications_02_2,1.0,abstain,utility_restoration_incident_02,0.0,isolate_or_quarantine,2,0.5159352089529587
v6-pilot_sketch_cost-utility_restoration-partition-private_fragmented-e60962-never_act-c050-none,never_act,0.5,none,0.42731715827141825,utility_restoration_cyber_defense_03_2,1.0,abstain,utility_restoration_incident_03,0.0,isolate_or_quarantine,2,0.5163823632411959
v6-pilot_sketch_cost-utility_restoration-partition-private_fragmented-e60962-never_act-c050-none,never_act,0.5,none,0.6322209453059913,utility_restoration_resource_allocation_04_2,1.0,abstain,utility_restoration_incident_04,0.0,revise_commitment,2,0.583587666613429
v6-pilot_sketch_cost-utility_restoration-partition-private_fragmented-e60962-never_act-c050-none,never_act,0.5,none,0.5022749052737009,utility_restoration_distribution_node_01_1,1.0,abstain,utility_restoration_incident_01,0.0,isolate_or_quarantine,4,0.06965281812306376
v6-pilot_sketch_cost-utility_restoration-partition-private_fragmented-e60962-never_act-c050-none,never_act,0.5,none,0.5828078552991596,utility_restoration_field_crew_02_1,1.0,abstain,utility_restoration_incident_02,0.0,isolate_or_quarantine,4,0.5200551423116311
v6-pilot_sketch_cost-utility_restoration-partition-private_fragmented-e60962-never_act-c050-none,never_act,0.5,none,0.56572713292022,utility_restoration_resource_allocation_03_3,1.0,abstain,utility_restoration_incident_03,0.0,authorize_emergency_resource,4,0.5541101223149575
v6-pilot_sketch_cost-utility_restoration-partition-private_fragmented-e60962-never_act-c050-none,never_act,0.5,none,0.5186129383896069,utility_restoration_cyber_defense_04_1,1.0,abstain,utility_restoration_incident_04,0.0,isolate_or_quarantine,4,0.5784816656120437
v6-pilot_sketch_cost-utility_restoration-partition-private_fragmented-e60962-never_act-c050-none,never_act,0.5,none,0.5754252968997214,utility_restoration_distribution_node_01_1,1.0,abstain,utility_restoration_incident_01,0.0,deploy_repair_capacity,6,0.35777801347177063
v6-pilot_sketch_cost-utility_restoration-partition-private_fragmented-e60962-never_act-c050-none,never_act,0.5,none,0.5978473450744421,utility_restoration_field_crew_02_1,1.0,abstain,utility_restoration_incident_02,0.0,isolate_or_quarantine,6,0.529309316265411
v6-pilot_sketch_cost-utility_restoration-partition-private_fragmented-e60962-never_act-c050-none,never_act,0.5,none,0.6146014234916947,utility_restoration_resource_allocation_03_3,1.0,abstain,utility_restoration_incident_03,0.0,authorize_emergency_resource,6,0.3263961969511319
v6-pilot_sketch_cost-utility_restoration-partition-private_fragmented-e60962-never_act-c050-none,never_act,0.5,none,0.5442047972508608,utility_restoration_cyber_defense_04_1,1.0,abstain,utility_restoration_incident_04,0.0,isolate_or_quarantine,6,0.6419373961087037
v6-pilot_sketch_cost-utility_restoration-partition-private_fragmented-e60962-never_act-c050-none,never_act,0.5,none,0.6883142239088731,utility_restoration_field_crew_01_2,1.0,abstain,utility_restoration_incident_01,0.0,deploy_repair_capacity,8,0.3281072394351153
v6-pilot_sketch_cost-utility_restoration-partition-private_fragmented-e60962-never_act-c050-none,never_act,0.5,none,0.4169042418117687,utility_restoration_communications_02_2,1.0,abstain,utility_restoration_incident_02,0.0,isolate_or_quarantine,8,0.3509511049428007
v6-pilot_sketch_cost-utility_restoration-partition-private_fragmented-e60962-never_act-c050-none,never_act,0.5,none,0.3140523100198379,utility_restoration_cyber_defense_03_2,1.0,abstain,utility_restoration_incident_03,0.0,reroute_or_reconfigure,8,0.4131140301772267
v6-pilot_sketch_cost-utility_restoration-partition-private_fragmented-e60962-never_act-c050-none,never_act,0.5,none,0.7918314440844345,utility_restoration_resource_allocation_04_2,1.0,abstain,utility_restoration_incident_04,0.0,revise_commitment,8,0.2860363163532228
v6-pilot_sketch_cost-utility_restoration-partition-private_fragmented-e60962-never_act-c050-none,never_act,0.5,none,0.5093534240847694,utility_restoration_distribution_node_01_1,1.0,abstain,utility_restoration_incident_01,0.0,deploy_repair_capacity,10,0.13586645898124658
v6-pilot_sketch_cost-utility_restoration-partition-private_fragmented-e60962-never_act-c050-none,never_act,0.5,none,0.6464977949900684,utility_restoration_field_crew_02_1,1.0,abstain,utility_restoration_incident_02,0.0,isolate_or_quarantine,10,0.5301559633904209
v6-pilot_sketch_cost-utility_restoration-partition-private_fragmented-e60962-never_act-c050-none,never_act,0.5,none,0.6119978079258857,utility_restoration_resource_allocation_03_3,1.0,abstain,utility_restoration_incident_03,0.0,deploy_repair_capacity,10,0.07620654159077017
v6-pilot_sketch_cost-utility_restoration-partition-private_fragmented-e60962-never_act-c050-none,never_act,0.5,none,0.5703466986051551,utility_restoration_cyber_defense_04_1,1.0,abstain,utility_restoration_incident_04,0.0,isolate_or_quarantine,10,0.4036689982893138
v6-pilot_sketch_cost-utility_restoration-partition-private_fragmented-e60962-never_act-c050-periodic,never_act,0.5,periodic,0.5207741507629758,utility_restoration_field_crew_01_2,0.8337818708203066,abstain,utility_restoration_incident_01,0.16621812917969336,deploy_repair_capacity,2,0.5587428535386059
v6-pilot_sketch_cost-utility_restoration-partition-private_fragmented-e60962-never_act-c050-periodic,never_act,0.5,periodic,0.3731386991347585,utility_restoration_communications_02_2,0.9912454309348195,abstain,utility_restoration_incident_02,0.008754569065180462,isolate_or_quarantine,2,0.5159352089529587
v6-pilot_sketch_cost-utility_restoration-partition-private_fragmented-e60962-never_act-c050-periodic,never_act,0.5,periodic,0.42731715827141825,utility_restoration_cyber_defense_03_2,0.910492777105551,abstain,utility_restoration_incident_03,0.08950722289444901,isolate_or_quarantine,2,0.5163823632411959
v6-pilot_sketch_cost-utility_restoration-partition-private_fragmented-e60962-never_act-c050-periodic,never_act,0.5,periodic,0.6322209453059913,utility_restoration_resource_allocation_04_2,0.9682794588970655,abstain,utility_restoration_incident_04,0.03172054110293454,revise_commitment,2,0.583587666613429
v6-pilot_sketch_cost-utility_restoration-partition-private_fragmented-e60962-never_act-c050-periodic,never_act,0.5,periodic,0.5022749052737009,utility_restoration_distribution_node_01_1,0.8302727602165576,abstain,utility_restoration_incident_01,0.1697272397834424,isolate_or_quarantine,4,0.06965281812306376
v6-pilot_sketch_cost-utility_restoration-partition-private_fragmented-e60962-never_act-c050-periodic,never_act,0.5,periodic,0.5828078552991596,utility_restoration_field_crew_02_1,0.9778705808317877,abstain,utility_restoration_incident_02,0.022129419168212316,isolate_or_quarantine,4,0.5200551423116311
v6-pilot_sketch_cost-utility_restoration-partition-private_fragmented-e60962-never_act-c050-periodic,never_act,0.5,periodic,0.56572713292022,utility_restoration_resource_allocation_03_3,0.9866406576301955,abstain,utility_restoration_incident_03,0.013359342369804517,authorize_emergency_resource,4,0.5541101223149575
v6-pilot_sketch_cost-utility_restoration-partition-private_fragmented-e60962-never_act-c050-periodic,never_act,0.5,periodic,0.5186129383896069,utility_restoration_cyber_defense_04_1,0.9748601589587754,abstain,utility_restoration_incident_04,0.025139841041224575,isolate_or_quarantine,4,0.5784816656120437
v6-pilot_sketch_cost-utility_restoration-partition-private_fragmented-e60962-never_act-c050-periodic,never_act,0.5,periodic,0.5754252968997214,utility_restoration_distribution_node_01_1,0.8691654855007445,abstain,utility_restoration_incident_01,0.13083451449925554,deploy_repair_capacity,6,0.35777801347177063
v6-pilot_sketch_cost-utility_restoration-partition-private_fragmented-e60962-never_act-c050-periodic,never_act,0.5,periodic,0.5978473450744421,utility_restoration_field_crew_02_1,0.9931738560742545,abstain,utility_restoration_incident_02,0.0068261439257455425,isolate_or_quarantine,6,0.529309316265411
v6-pilot_sketch_cost-utility_restoration-partition-private_fragmented-e60962-never_act-c050-periodic,never_act,0.5,periodic,0.6146014234916947,utility_restoration_resource_allocation_03_3,0.8933571983790546,abstain,utility_restoration_incident_03,0.10664280162094542,authorize_emergency_resource,6,0.3263961969511319
v6-pilot_sketch_cost-utility_restoration-partition-private_fragmented-e60962-never_act-c050-periodic,never_act,0.5,periodic,0.5442047972508608,utility_restoration_cyber_defense_04_1,0.9945561093906586,abstain,utility_restoration_incident_04,0.005443890609341362,isolate_or_quarantine,6,0.6419373961087037
v6-pilot_sketch_cost-utility_restoration-partition-private_fragmented-e60962-never_act-c050-periodic,never_act,0.5,periodic,0.6883142239088731,utility_restoration_field_crew_01_2,0.9080185194560348,abstain,utility_restoration_incident_01,0.09198148054396516,deploy_repair_capacity,8,0.3281072394351153
v6-pilot_sketch_cost-utility_restoration-partition-private_fragmented-e60962-never_act-c050-periodic,never_act,0.5,periodic,0.4169042418117687,utility_restoration_communications_02_2,0.9900361721630834,abstain,utility_restoration_incident_02,0.009963827836916628,isolate_or_quarantine,8,0.3509511049428007
v6-pilot_sketch_cost-utility_restoration-partition-private_fragmented-e60962-never_act-c050-periodic,never_act,0.5,periodic,0.3140523100198379,utility_restoration_cyber_defense_03_2,0.9525038827128443,abstain,utility_restoration_incident_03,0.04749611728715575,reroute_or_reconfigure,8,0.4131140301772267
v6-pilot_sketch_cost-utility_restoration-partition-private_fragmented-e60962-never_act-c050-periodic,never_act,0.5,periodic,0.7918314440844345,utility_restoration_resource_allocation_04_2,0.9778656613913972,abstain,utility_restoration_incident_04,0.02213433860860281,revise_commitment,8,0.2860363163532228
v6-pilot_sketch_cost-utility_restoration-partition-private_fragmented-e60962-never_act-c050-periodic,never_act,0.5,periodic,0.5093534240847694,utility_restoration_distribution_node_01_1,0.9401859519005057,abstain,utility_restoration_incident_01,0.05981404809949431,deploy_repair_capacity,10,0.13586645898124658
v6-pilot_sketch_cost-utility_restoration-partition-private_fragmented-e60962-never_act-c050-periodic,never_act,0.5,periodic,0.6464977949900684,utility_restoration_field_crew_02_1,0.9883019935326609,abstain,utility_restoration_incident_02,0.011698006467339095,isolate_or_quarantine,10,0.5301559633904209
v6-pilot_sketch_cost-utility_restoration-partition-private_fragmented-e60962-never_act-c050-periodic,never_act,0.5,periodic,0.6119978079258857,utility_restoration_resource_allocation_03_3,0.9124412017101158,abstain,utility_restoration_incident_03,0.08755879828988422,deploy_repair_capacity,10,0.07620654159077017
v6-pilot_sketch_cost-utility_restoration-partition-private_fragmented-e60962-never_act-c050-periodic,never_act,0.5,periodic,0.5703466986051551,utility_restoration_cyber_defense_04_1,0.8684191339222046,abstain,utility_restoration_incident_04,0.1315808660777954,isolate_or_quarantine,10,0.4036689982893138
v6-pilot_sketch_cost-utility_restoration-partition-private_fragmented-e60963-never_act-c050-always_on,never_act,0.5,always_on,0.21116938484876796,utility_restoration_field_crew_01_2,0.8855644060756366,abstain,utility_restoration_incident_01,0.11443559392436342,deploy_repair_capacity,2,0.2963096316822317
v6-pilot_sketch_cost-utility_restoration-partition-private_fragmented-e60963-never_act-c050-always_on,never_act,0.5,always_on,-0.191102926671007,utility_restoration_communications_02_2,0.8687981259767377,abstain,utility_restoration_incident_02,0.13120187402326233,reroute_or_reconfigure,2,0.26723776035604235
v6-pilot_sketch_cost-utility_restoration-partition-private_fragmented-e60963-never_act-c050-always_on,never_act,0.5,always_on,0.6212929483556247,utility_restoration_cyber_defense_03_2,0.8207587151949362,abstain,utility_restoration_incident_03,0.17924128480506385,isolate_or_quarantine,2,0.5439985054463743
v6-pilot_sketch_cost-utility_restoration-partition-private_fragmented-e60963-never_act-c050-always_on,never_act,0.5,always_on,0.3994833472197961,utility_restoration_resource_allocation_04_2,0.9638793021196592,abstain,utility_restoration_incident_04,0.03612069788034078,deploy_repair_capacity,2,0.27300022566562077
v6-pilot_sketch_cost-utility_restoration-partition-private_fragmented-e60963-never_act-c050-always_on,never_act,0.5,always_on,0.5685228487406481,utility_restoration_distribution_node_01_1,0.9852910007230158,abstain,utility_restoration_incident_01,0.014708999276984214,isolate_or_quarantine,4,0.44231884069341637
v6-pilot_sketch_cost-utility_restoration-partition-private_fragmented-e60963-never_act-c050-always_on,never_act,0.5,always_on,0.4525814342779916,utility_restoration_cyber_defense_02_3,0.9717361944056547,abstain,utility_restoration_incident_02,0.02826380559434527,reroute_or_reconfigure,4,0.5946879775340129
v6-pilot_sketch_cost-utility_restoration-partition-private_fragmented-e60963-never_act-c050-always_on,never_act,0.5,always_on,0.508393397763408,utility_restoration_resource_allocation_03_3,0.8396468403870523,abstain,utility_restoration_incident_03,0.16035315961294772,revise_commitment,4,0.5508211445165537
v6-pilot_sketch_cost-utility_restoration-partition-private_fragmented-e60963-never_act-c050-always_on,never_act,0.5,always_on,0.7208847791904341,utility_restoration_cyber_defense_04_1,0.9340881168011503,abstain,utility_restoration_incident_04,0.06591188319884966,isolate_or_quarantine,4,0.34809326982445743
v6-pilot_sketch_cost-utility_restoration-partition-private_fragmented-e60963-never_act-c050-always_on,never_act,0.5,always_on,0.6094896641388307,utility_restoration_distribution_node_01_1,0.9912881873581522,abstain,utility_restoration_incident_01,0.008711812641847838,deploy_repair_capacity,6,0.33613364135078083
v6-pilot_sketch_cost-utility_restoration-partition-private_fragmented-e60963-never_act-c050-always_on,never_act,0.5,always_on,0.44895533147456235,utility_restoration_cyber_defense_02_3,0.9839485130120644,abstain,utility_restoration_incident_02,0.01605148698793557,reroute_or_reconfigure,6,0.3900810071209989
v6-pilot_sketch_cost-utility_restoration-partition-private_fragmented-e60963-never_act-c050-always_on,never_act,0.5,always_on,0.49668555604702264,utility_restoration_resource_allocation_03_3,0.9425395030898227,abstain,utility_restoration_incident_03,0.057460496910177294,revise_commitment,6,0.26400690586150577
v6-pilot_sketch_cost-utility_restoration-partition-private_fragmented-e60963-never_act-c050-always_on,never_act,0.5,always_on,0.6727817214005405,utility_restoration_critical_load_04_3,0.8574065893461095,abstain,utility_restoration_incident_04,0.14259341065389053,authorize_emergency_resource,6,0.7463391442558018
v6-pilot_sketch_cost-utility_restoration-partition-private_fragmented-e60963-never_act-c050-always_on,never_act,0.5,always_on,0.33705142280802325,utility_restoration_field_crew_01_2,0.930188849567223,abstain,utility_restoration_incident_01,0.06981115043277697,deploy_repair_capacity,8,0.3510505011604719
v6-pilot_sketch_cost-utility_restoration-partition-private_fragmented-e60963-never_act-c050-always_on,never_act,0.5,always_on,-0.17888295685522004,utility_restoration_communications_02_2,0.976734365420002,abstain,utility_restoration_incident_02,0.023265634579997974,isolate_or_quarantine,8,0.18289166032625437
v6-pilot_sketch_cost-utility_restoration-partition-private_fragmented-e60963-never_act-c050-always_on,never_act,0.5,always_on,0.45403229309955606,utility_restoration_cyber_defense_03_2,0.9501745808859119,abstain,utility_restoration_incident_03,0.04982541911408811,reroute_or_reconfigure,8,0.24958143640729222
v6-pilot_sketch_cost-utility_restoration-partition-private_fragmented-e60963-never_act-c050-always_on,never_act,0.5,always_on,0.4824741245834673,utility_restoration_resource_allocation_04_2,0.985494447687791,abstain,utility_restoration_incident_04,0.014505552312208958,deploy_repair_capacity,8,0.31718124683654714
v6-pilot_sketch_cost-utility_restoration-partition-private_fragmented-e60963-never_act-c050-always_on,never_act,0.5,always_on,0.618985051234392,utility_restoration_distribution_node_01_1,0.9753362133453746,abstain,utility_restoration_incident_01,0.02466378665462543,deploy_repair_capacity,10,0.3091051566163755
v6-pilot_sketch_cost-utility_restoration-partition-private_fragmented-e60963-never_act-c050-always_on,never_act,0.5,always_on,0.4999979170471256,utility_restoration_cyber_defense_02_3,0.9658189194537754,abstain,utility_restoration_incident_02,0.034181080546224596,reroute_or_reconfigure,10,0.6978070746536269
v6-pilot_sketch_cost-utility_restoration-partition-private_fragmented-e60963-never_act-c050-always_on,never_act,0.5,always_on,0.4378287073028271,utility_restoration_resource_allocation_03_3,0.9221017390589621,abstain,utility_restoration_incident_03,0.07789826094103791,deploy_repair_capacity,10,0.11158752357241508
v6-pilot_sketch_cost-utility_restoration-partition-private_fragmented-e60963-never_act-c050-always_on,never_act,0.5,always_on,0.7563274676717637,utility_restoration_critical_load_04_3,0.8597690044305315,abstain,utility_restoration_incident_04,0.1402309955694685,authorize_emergency_resource,10,0.4439821838647796
v6-pilot_sketch_cost-utility_restoration-partition-private_fragmented-e60963-never_act-c050-event_triggered,never_act,0.5,event_triggered,0.21116938484876796,utility_restoration_field_crew_01_2,0.8951514870512781,abstain,utility_restoration_incident_01,0.10484851294872188,deploy_repair_capacity,2,0.2963096316822317
v6-pilot_sketch_cost-utility_restoration-partition-private_fragmented-e60963-never_act-c050-event_triggered,never_act,0.5,event_triggered,-0.191102926671007,utility_restoration_communications_02_2,0.8687981259767377,abstain,utility_restoration_incident_02,0.13120187402326233,reroute_or_reconfigure,2,0.26723776035604235
v6-pilot_sketch_cost-utility_restoration-partition-private_fragmented-e60963-never_act-c050-event_triggered,never_act,0.5,event_triggered,0.6212929483556247,utility_restoration_cyber_defense_03_2,0.8077746626830794,abstain,utility_restoration_incident_03,0.1922253373169206,isolate_or_quarantine,2,0.5439985054463743
v6-pilot_sketch_cost-utility_restoration-partition-private_fragmented-e60963-never_act-c050-event_triggered,never_act,0.5,event_triggered,0.3994833472197961,utility_restoration_resource_allocation_04_2,0.9638793021196592,abstain,utility_restoration_incident_04,0.03612069788034078,deploy_repair_capacity,2,0.27300022566562077
v6-pilot_sketch_cost-utility_restoration-partition-private_fragmented-e60963-never_act-c050-event_triggered,never_act,0.5,event_triggered,0.5685228487406481,utility_restoration_distribution_node_01_1,0.9894816447999765,abstain,utility_restoration_incident_01,0.010518355200023533,isolate_or_quarantine,4,0.44231884069341637
v6-pilot_sketch_cost-utility_restoration-partition-private_fragmented-e60963-never_act-c050-event_triggered,never_act,0.5,event_triggered,0.4525814342779916,utility_restoration_cyber_defense_02_3,0.9717361944056547,abstain,utility_restoration_incident_02,0.02826380559434527,reroute_or_reconfigure,4,0.5946879775340129
v6-pilot_sketch_cost-utility_restoration-partition-private_fragmented-e60963-never_act-c050-event_triggered,never_act,0.5,event_triggered,0.508393397763408,utility_restoration_resource_allocation_03_3,0.8396468403870523,abstain,utility_restoration_incident_03,0.16035315961294772,revise_commitment,4,0.5508211445165537
v6-pilot_sketch_cost-utility_restoration-partition-private_fragmented-e60963-never_act-c050-event_triggered,never_act,0.5,event_triggered,0.7208847791904341,utility_restoration_cyber_defense_04_1,0.9340881168011503,abstain,utility_restoration_incident_04,0.06591188319884966,isolate_or_quarantine,4,0.34809326982445743
v6-pilot_sketch_cost-utility_restoration-partition-private_fragmented-e60963-never_act-c050-event_triggered,never_act,0.5,event_triggered,0.6094896641388307,utility_restoration_distribution_node_01_1,0.9939488235078993,abstain,utility_restoration_incident_01,0.0060511764921007405,deploy_repair_capacity,6,0.33613364135078083
v6-pilot_sketch_cost-utility_restoration-partition-private_fragmented-e60963-never_act-c050-event_triggered,never_act,0.5,event_triggered,0.44895533147456235,utility_restoration_cyber_defense_02_3,0.9839485130120644,abstain,utility_restoration_incident_02,0.01605148698793557,reroute_or_reconfigure,6,0.3900810071209989
v6-pilot_sketch_cost-utility_restoration-partition-private_fragmented-e60963-never_act-c050-event_triggered,never_act,0.5,event_triggered,0.49668555604702264,utility_restoration_resource_allocation_03_3,0.9425395030898227,abstain,utility_restoration_incident_03,0.057460496910177294,revise_commitment,6,0.26400690586150577
v6-pilot_sketch_cost-utility_restoration-partition-private_fragmented-e60963-never_act-c050-event_triggered,never_act,0.5,event_triggered,0.6727817214005405,utility_restoration_critical_load_04_3,0.8574065893461095,abstain,utility_restoration_incident_04,0.14259341065389053,authorize_emergency_resource,6,0.7463391442558018
v6-pilot_sketch_cost-utility_restoration-partition-private_fragmented-e60963-never_act-c050-event_triggered,never_act,0.5,event_triggered,0.33705142280802325,utility_restoration_field_crew_01_2,0.940232624692115,abstain,utility_restoration_incident_01,0.05976737530788501,deploy_repair_capacity,8,0.3510505011604719
v6-pilot_sketch_cost-utility_restoration-partition-private_fragmented-e60963-never_act-c050-event_triggered,never_act,0.5,event_triggered,-0.17888295685522004,utility_restoration_communications_02_2,0.976734365420002,abstain,utility_restoration_incident_02,0.023265634579997974,isolate_or_quarantine,8,0.18289166032625437
v6-pilot_sketch_cost-utility_restoration-partition-private_fragmented-e60963-never_act-c050-event_triggered,never_act,0.5,event_triggered,0.45403229309955606,utility_restoration_cyber_defense_03_2,0.9584278342805289,abstain,utility_restoration_incident_03,0.04157216571947109,reroute_or_reconfigure,8,0.24958143640729222
v6-pilot_sketch_cost-utility_restoration-partition-private_fragmented-e60963-never_act-c050-event_triggered,never_act,0.5,event_triggered,0.4824741245834673,utility_restoration_resource_allocation_04_2,0.985494447687791,abstain,utility_restoration_incident_04,0.014505552312208958,deploy_repair_capacity,8,0.31718124683654714
v6-pilot_sketch_cost-utility_restoration-partition-private_fragmented-e60963-never_act-c050-event_triggered,never_act,0.5,event_triggered,0.618985051234392,utility_restoration_distribution_node_01_1,0.9758286991626234,abstain,utility_restoration_incident_01,0.02417130083737662,deploy_repair_capacity,10,0.3091051566163755
v6-pilot_sketch_cost-utility_restoration-partition-private_fragmented-e60963-never_act-c050-event_triggered,never_act,0.5,event_triggered,0.4999979170471256,utility_restoration_cyber_defense_02_3,0.9658189194537754,abstain,utility_restoration_incident_02,0.034181080546224596,reroute_or_reconfigure,10,0.6978070746536269
v6-pilot_sketch_cost-utility_restoration-partition-private_fragmented-e60963-never_act-c050-event_triggered,never_act,0.5,event_triggered,0.4378287073028271,utility_restoration_resource_allocation_03_3,0.9221017390589621,abstain,utility_restoration_incident_03,0.07789826094103791,deploy_repair_capacity,10,0.11158752357241508
v6-pilot_sketch_cost-utility_restoration-partition-private_fragmented-e60963-never_act-c050-event_triggered,never_act,0.5,event_triggered,0.7563274676717637,utility_restoration_critical_load_04_3,0.8597690044305315,abstain,utility_restoration_incident_04,0.1402309955694685,authorize_emergency_resource,10,0.4439821838647796
v6-pilot_sketch_cost-utility_restoration-partition-private_fragmented-e60963-never_act-c050-none,never_act,0.5,none,0.21116938484876796,utility_restoration_field_crew_01_2,1.0,abstain,utility_restoration_incident_01,0.0,deploy_repair_capacity,2,0.2963096316822317
v6-pilot_sketch_cost-utility_restoration-partition-private_fragmented-e60963-never_act-c050-none,never_act,0.5,none,-0.191102926671007,utility_restoration_communications_02_2,1.0,abstain,utility_restoration_incident_02,0.0,reroute_or_reconfigure,2,0.26723776035604235
v6-pilot_sketch_cost-utility_restoration-partition-private_fragmented-e60963-never_act-c050-none,never_act,0.5,none,0.6212929483556247,utility_restoration_cyber_defense_03_2,1.0,abstain,utility_restoration_incident_03,0.0,isolate_or_quarantine,2,0.5439985054463743
v6-pilot_sketch_cost-utility_restoration-partition-private_fragmented-e60963-never_act-c050-none,never_act,0.5,none,0.3994833472197961,utility_restoration_resource_allocation_04_2,1.0,abstain,utility_restoration_incident_04,0.0,deploy_repair_capacity,2,0.27300022566562077
v6-pilot_sketch_cost-utility_restoration-partition-private_fragmented-e60963-never_act-c050-none,never_act,0.5,none,0.5685228487406481,utility_restoration_distribution_node_01_1,1.0,abstain,utility_restoration_incident_01,0.0,isolate_or_quarantine,4,0.44231884069341637
v6-pilot_sketch_cost-utility_restoration-partition-private_fragmented-e60963-never_act-c050-none,never_act,0.5,none,0.4525814342779916,utility_restoration_cyber_defense_02_3,1.0,abstain,utility_restoration_incident_02,0.0,reroute_or_reconfigure,4,0.5946879775340129
v6-pilot_sketch_cost-utility_restoration-partition-private_fragmented-e60963-never_act-c050-none,never_act,0.5,none,0.508393397763408,utility_restoration_resource_allocation_03_3,1.0,abstain,utility_restoration_incident_03,0.0,revise_commitment,4,0.5508211445165537
v6-pilot_sketch_cost-utility_restoration-partition-private_fragmented-e60963-never_act-c050-none,never_act,0.5,none,0.7208847791904341,utility_restoration_cyber_defense_04_1,1.0,abstain,utility_restoration_incident_04,0.0,isolate_or_quarantine,4,0.34809326982445743
v6-pilot_sketch_cost-utility_restoration-partition-private_fragmented-e60963-never_act-c050-none,never_act,0.5,none,0.6094896641388307,utility_restoration_distribution_node_01_1,1.0,abstain,utility_restoration_incident_01,0.0,deploy_repair_capacity,6,0.33613364135078083
v6-pilot_sketch_cost-utility_restoration-partition-private_fragmented-e60963-never_act-c050-none,never_act,0.5,none,0.44895533147456235,utility_restoration_cyber_defense_02_3,1.0,abstain,utility_restoration_incident_02,0.0,reroute_or_reconfigure,6,0.3900810071209989
v6-pilot_sketch_cost-utility_restoration-partition-private_fragmented-e60963-never_act-c050-none,never_act,0.5,none,0.49668555604702264,utility_restoration_resource_allocation_03_3,1.0,abstain,utility_restoration_incident_03,0.0,revise_commitment,6,0.26400690586150577
v6-pilot_sketch_cost-utility_restoration-partition-private_fragmented-e60963-never_act-c050-none,never_act,0.5,none,0.6727817214005405,utility_restoration_critical_load_04_3,1.0,abstain,utility_restoration_incident_04,0.0,authorize_emergency_resource,6,0.7463391442558018
v6-pilot_sketch_cost-utility_restoration-partition-private_fragmented-e60963-never_act-c050-none,never_act,0.5,none,0.33705142280802325,utility_restoration_field_crew_01_2,1.0,abstain,utility_restoration_incident_01,0.0,deploy_repair_capacity,8,0.3510505011604719
v6-pilot_sketch_cost-utility_restoration-partition-private_fragmented-e60963-never_act-c050-none,never_act,0.5,none,-0.17888295685522004,utility_restoration_communications_02_2,1.0,abstain,utility_restoration_incident_02,0.0,isolate_or_quarantine,8,0.18289166032625437
v6-pilot_sketch_cost-utility_restoration-partition-private_fragmented-e60963-never_act-c050-none,never_act,0.5,none,0.45403229309955606,utility_restoration_cyber_defense_03_2,1.0,abstain,utility_restoration_incident_03,0.0,reroute_or_reconfigure,8,0.24958143640729222
v6-pilot_sketch_cost-utility_restoration-partition-private_fragmented-e60963-never_act-c050-none,never_act,0.5,none,0.4824741245834673,utility_restoration_resource_allocation_04_2,1.0,abstain,utility_restoration_incident_04,0.0,deploy_repair_capacity,8,0.31718124683654714
v6-pilot_sketch_cost-utility_restoration-partition-private_fragmented-e60963-never_act-c050-none,never_act,0.5,none,0.618985051234392,utility_restoration_distribution_node_01_1,1.0,abstain,utility_restoration_incident_01,0.0,deploy_repair_capacity,10,0.3091051566163755
v6-pilot_sketch_cost-utility_restoration-partition-private_fragmented-e60963-never_act-c050-none,never_act,0.5,none,0.4999979170471256,utility_restoration_cyber_defense_02_3,1.0,abstain,utility_restoration_incident_02,0.0,reroute_or_reconfigure,10,0.6978070746536269
v6-pilot_sketch_cost-utility_restoration-partition-private_fragmented-e60963-never_act-c050-none,never_act,0.5,none,0.4378287073028271,utility_restoration_resource_allocation_03_3,1.0,abstain,utility_restoration_incident_03,0.0,deploy_repair_capacity,10,0.11158752357241508
v6-pilot_sketch_cost-utility_restoration-partition-private_fragmented-e60963-never_act-c050-none,never_act,0.5,none,0.7563274676717637,utility_restoration_critical_load_04_3,1.0,abstain,utility_restoration_incident_04,0.0,authorize_emergency_resource,10,0.4439821838647796
v6-pilot_sketch_cost-utility_restoration-partition-private_fragmented-e60963-never_act-c050-periodic,never_act,0.5,periodic,0.21116938484876796,utility_restoration_field_crew_01_2,0.908211451091327,abstain,utility_restoration_incident_01,0.09178854890867305,deploy_repair_capacity,2,0.2963096316822317
v6-pilot_sketch_cost-utility_restoration-partition-private_fragmented-e60963-never_act-c050-periodic,never_act,0.5,periodic,-0.191102926671007,utility_restoration_communications_02_2,0.8787996369482675,abstain,utility_restoration_incident_02,0.12120036305173254,reroute_or_reconfigure,2,0.26723776035604235
v6-pilot_sketch_cost-utility_restoration-partition-private_fragmented-e60963-never_act-c050-periodic,never_act,0.5,periodic,0.6212929483556247,utility_restoration_cyber_defense_03_2,0.8077746626830794,abstain,utility_restoration_incident_03,0.1922253373169206,isolate_or_quarantine,2,0.5439985054463743
v6-pilot_sketch_cost-utility_restoration-partition-private_fragmented-e60963-never_act-c050-periodic,never_act,0.5,periodic,0.3994833472197961,utility_restoration_resource_allocation_04_2,0.887566121879507,abstain,utility_restoration_incident_04,0.11243387812049299,deploy_repair_capacity,2,0.27300022566562077
v6-pilot_sketch_cost-utility_restoration-partition-private_fragmented-e60963-never_act-c050-periodic,never_act,0.5,periodic,0.5685228487406481,utility_restoration_distribution_node_01_1,0.9850773590269589,abstain,utility_restoration_incident_01,0.01492264097304108,isolate_or_quarantine,4,0.44231884069341637
v6-pilot_sketch_cost-utility_restoration-partition-private_fragmented-e60963-never_act-c050-periodic,never_act,0.5,periodic,0.4525814342779916,utility_restoration_cyber_defense_02_3,0.8182655390781014,abstain,utility_restoration_incident_02,0.1817344609218986,reroute_or_reconfigure,4,0.5946879775340129
v6-pilot_sketch_cost-utility_restoration-partition-private_fragmented-e60963-never_act-c050-periodic,never_act,0.5,periodic,0.508393397763408,utility_restoration_resource_allocation_03_3,0.9820442253911588,abstain,utility_restoration_incident_03,0.017955774608841235,revise_commitment,4,0.5508211445165537
v6-pilot_sketch_cost-utility_restoration-partition-private_fragmented-e60963-never_act-c050-periodic,never_act,0.5,periodic,0.7208847791904341,utility_restoration_cyber_defense_04_1,0.9899481590595441,abstain,utility_restoration_incident_04,0.010051840940455858,isolate_or_quarantine,4,0.34809326982445743
v6-pilot_sketch_cost-utility_restoration-partition-private_fragmented-e60963-never_act-c050-periodic,never_act,0.5,periodic,0.6094896641388307,utility_restoration_distribution_node_01_1,0.9939488235078993,abstain,utility_restoration_incident_01,0.0060511764921007405,deploy_repair_capacity,6,0.33613364135078083
v6-pilot_sketch_cost-utility_restoration-partition-private_fragmented-e60963-never_act-c050-periodic,never_act,0.5,periodic,0.44895533147456235,utility_restoration_cyber_defense_02_3,0.9459729197769176,abstain,utility_restoration_incident_02,0.054027080223082447,reroute_or_reconfigure,6,0.3900810071209989
v6-pilot_sketch_cost-utility_restoration-partition-private_fragmented-e60963-never_act-c050-periodic,never_act,0.5,periodic,0.49668555604702264,utility_restoration_resource_allocation_03_3,0.9701869625802108,abstain,utility_restoration_incident_03,0.029813037419789246,revise_commitment,6,0.26400690586150577
v6-pilot_sketch_cost-utility_restoration-partition-private_fragmented-e60963-never_act-c050-periodic,never_act,0.5,periodic,0.6727817214005405,utility_restoration_critical_load_04_3,0.8902912329926065,abstain,utility_restoration_incident_04,0.10970876700739352,authorize_emergency_resource,6,0.7463391442558018
v6-pilot_sketch_cost-utility_restoration-partition-private_fragmented-e60963-never_act-c050-periodic,never_act,0.5,periodic,0.33705142280802325,utility_restoration_field_crew_01_2,0.9362892410158574,abstain,utility_restoration_incident_01,0.06371075898414258,deploy_repair_capacity,8,0.3510505011604719
v6-pilot_sketch_cost-utility_restoration-partition-private_fragmented-e60963-never_act-c050-periodic,never_act,0.5,periodic,-0.17888295685522004,utility_restoration_communications_02_2,0.9441885311466343,abstain,utility_restoration_incident_02,0.05581146885336574,isolate_or_quarantine,8,0.18289166032625437
v6-pilot_sketch_cost-utility_restoration-partition-private_fragmented-e60963-never_act-c050-periodic,never_act,0.5,periodic,0.45403229309955606,utility_restoration_cyber_defense_03_2,0.9584278342805289,abstain,utility_restoration_incident_03,0.04157216571947109,reroute_or_reconfigure,8,0.24958143640729222
v6-pilot_sketch_cost-utility_restoration-partition-private_fragmented-e60963-never_act-c050-periodic,never_act,0.5,periodic,0.4824741245834673,utility_restoration_resource_allocation_04_2,0.9723220561029301,abstain,utility_restoration_incident_04,0.0276779438970699,deploy_repair_capacity,8,0.31718124683654714
v6-pilot_sketch_cost-utility_restoration-partition-private_fragmented-e60963-never_act-c050-periodic,never_act,0.5,periodic,0.618985051234392,utility_restoration_distribution_node_01_1,0.9102997620358949,abstain,utility_restoration_incident_01,0.08970023796410509,deploy_repair_capacity,10,0.3091051566163755
v6-pilot_sketch_cost-utility_restoration-partition-private_fragmented-e60963-never_act-c050-periodic,never_act,0.5,periodic,0.4999979170471256,utility_restoration_cyber_defense_02_3,0.9698859609913794,abstain,utility_restoration_incident_02,0.03011403900862064,reroute_or_reconfigure,10,0.6978070746536269
v6-pilot_sketch_cost-utility_restoration-partition-private_fragmented-e60963-never_act-c050-periodic,never_act,0.5,periodic,0.4378287073028271,utility_restoration_resource_allocation_03_3,0.9474827129791132,abstain,utility_restoration_incident_03,0.05251728702088676,deploy_repair_capacity,10,0.11158752357241508
v6-pilot_sketch_cost-utility_restoration-partition-private_fragmented-e60963-never_act-c050-periodic,never_act,0.5,periodic,0.7563274676717637,utility_restoration_critical_load_04_3,0.9367420343293926,abstain,utility_restoration_incident_04,0.06325796567060737,authorize_emergency_resource,10,0.4439821838647796
v6-pilot_sketch_cost-utility_restoration-telemetry_integrity-private_fragmented-e60961-never_act-c050-always_on,never_act,0.5,always_on,0.5045623354308284,utility_restoration_distribution_node_01_1,0.9719403170334688,abstain,utility_restoration_incident_01,0.028059682966531163,reroute_or_reconfigure,2,0.7368172717529691
v6-pilot_sketch_cost-utility_restoration-telemetry_integrity-private_fragmented-e60961-never_act-c050-always_on,never_act,0.5,always_on,0.4434835114526701,utility_restoration_cyber_defense_02_3,0.9494207250931411,abstain,utility_restoration_incident_02,0.05057927490685887,reroute_or_reconfigure,2,0.5598107685809217
v6-pilot_sketch_cost-utility_restoration-telemetry_integrity-private_fragmented-e60961-never_act-c050-always_on,never_act,0.5,always_on,0.8953648904381638,utility_restoration_communications_03_1,0.9832926592315697,abstain,utility_restoration_incident_03,0.01670734076843028,isolate_or_quarantine,2,0.6110083983914066
v6-pilot_sketch_cost-utility_restoration-telemetry_integrity-private_fragmented-e60961-never_act-c050-always_on,never_act,0.5,always_on,0.33246030213267813,utility_restoration_critical_load_04_3,0.8347087934489449,abstain,utility_restoration_incident_04,0.16529120655105511,revise_commitment,2,0.3771839726777795
v6-pilot_sketch_cost-utility_restoration-telemetry_integrity-private_fragmented-e60961-never_act-c050-always_on,never_act,0.5,always_on,0.5198108980568443,utility_restoration_distribution_node_01_1,0.8925503065329738,abstain,utility_restoration_incident_01,0.10744969346702615,isolate_or_quarantine,4,0.2553943258157064
v6-pilot_sketch_cost-utility_restoration-telemetry_integrity-private_fragmented-e60961-never_act-c050-always_on,never_act,0.5,always_on,0.44572105243913007,utility_restoration_cyber_defense_02_3,0.9779757363191919,abstain,utility_restoration_incident_02,0.02202426368080812,isolate_or_quarantine,4,0.3277987308645271
v6-pilot_sketch_cost-utility_restoration-telemetry_integrity-private_fragmented-e60961-never_act-c050-always_on,never_act,0.5,always_on,0.8594688559080395,utility_restoration_cyber_defense_03_2,0.8808065635048257,abstain,utility_restoration_incident_03,0.11919343649517433,isolate_or_quarantine,4,0.660471156988745
v6-pilot_sketch_cost-utility_restoration-telemetry_integrity-private_fragmented-e60961-never_act-c050-always_on,never_act,0.5,always_on,0.4014466994695467,utility_restoration_critical_load_04_3,0.8671779716008283,abstain,utility_restoration_incident_04,0.13282202839917168,authorize_emergency_resource,4,0.18978348624867625
v6-pilot_sketch_cost-utility_restoration-telemetry_integrity-private_fragmented-e60961-never_act-c050-always_on,never_act,0.5,always_on,0.5305629868196722,utility_restoration_distribution_node_01_1,0.9368395624481993,abstain,utility_restoration_incident_01,0.06316043755180067,reroute_or_reconfigure,6,0.28289152154473574
v6-pilot_sketch_cost-utility_restoration-telemetry_integrity-private_fragmented-e60961-never_act-c050-always_on,never_act,0.5,always_on,0.5092943578818648,utility_restoration_communications_02_2,0.980778136155304,abstain,utility_restoration_incident_02,0.01922186384469604,reroute_or_reconfigure,6,0.017243529868675334
v6-pilot_sketch_cost-utility_restoration-telemetry_integrity-private_fragmented-e60961-never_act-c050-always_on,never_act,0.5,always_on,0.8447908607479049,utility_restoration_communications_03_1,0.8963423476496991,abstain,utility_restoration_incident_03,0.10365765235030089,isolate_or_quarantine,6,0.18927412290870185
v6-pilot_sketch_cost-utility_restoration-telemetry_integrity-private_fragmented-e60961-never_act-c050-always_on,never_act,0.5,always_on,0.44614734405314727,utility_restoration_cyber_defense_04_1,0.8968892877324042,abstain,utility_restoration_incident_04,0.10311071226759583,isolate_or_quarantine,6,0.32344128109827275
v6-pilot_sketch_cost-utility_restoration-telemetry_integrity-private_fragmented-e60961-never_act-c050-always_on,never_act,0.5,always_on,0.5854476494739258,utility_restoration_distribution_node_01_1,0.9787912795691327,abstain,utility_restoration_incident_01,0.0212087204308673,deploy_repair_capacity,8,0.5554369351917703
v6-pilot_sketch_cost-utility_restoration-telemetry_integrity-private_fragmented-e60961-never_act-c050-always_on,never_act,0.5,always_on,0.5241969457183177,utility_restoration_communications_02_2,0.8671314197456172,abstain,utility_restoration_incident_02,0.13286858025438275,reroute_or_reconfigure,8,0.2900474189454908
v6-pilot_sketch_cost-utility_restoration-telemetry_integrity-private_fragmented-e60961-never_act-c050-always_on,never_act,0.5,always_on,1.030657650399305,utility_restoration_communications_03_1,0.8863621835308633,abstain,utility_restoration_incident_03,0.11363781646913673,isolate_or_quarantine,8,0.6497817131457995
v6-pilot_sketch_cost-utility_restoration-telemetry_integrity-private_fragmented-e60961-never_act-c050-always_on,never_act,0.5,always_on,0.38707978684704536,utility_restoration_critical_load_04_3,0.8884164790976411,abstain,utility_restoration_incident_04,0.1115835209023589,revise_commitment,8,0.38943224428400036
v6-pilot_sketch_cost-utility_restoration-telemetry_integrity-private_fragmented-e60961-never_act-c050-always_on,never_act,0.5,always_on,0.6038303308974345,utility_restoration_distribution_node_01_1,0.8625784052915196,abstain,utility_restoration_incident_01,0.13742159470848037,deploy_repair_capacity,10,0.5705622854230905
v6-pilot_sketch_cost-utility_restoration-telemetry_integrity-private_fragmented-e60961-never_act-c050-always_on,never_act,0.5,always_on,0.5549719015959903,utility_restoration_communications_02_2,0.9194126310744805,abstain,utility_restoration_incident_02,0.08058736892551954,reroute_or_reconfigure,10,0.09417180427261584
v6-pilot_sketch_cost-utility_restoration-telemetry_integrity-private_fragmented-e60961-never_act-c050-always_on,never_act,0.5,always_on,1.0522948134203856,utility_restoration_communications_03_1,0.8407877918818158,abstain,utility_restoration_incident_03,0.15921220811818415,isolate_or_quarantine,10,0.6186350054206012
v6-pilot_sketch_cost-utility_restoration-telemetry_integrity-private_fragmented-e60961-never_act-c050-always_on,never_act,0.5,always_on,0.3375210292551804,utility_restoration_resource_allocation_04_2,0.9664135152232927,abstain,utility_restoration_incident_04,0.03358648477670734,revise_commitment,10,0.35557888326450143
v6-pilot_sketch_cost-utility_restoration-telemetry_integrity-private_fragmented-e60961-never_act-c050-event_triggered,never_act,0.5,event_triggered,0.5045623354308284,utility_restoration_distribution_node_01_1,0.9719403170334688,abstain,utility_restoration_incident_01,0.028059682966531163,reroute_or_reconfigure,2,0.7368172717529691
v6-pilot_sketch_cost-utility_restoration-telemetry_integrity-private_fragmented-e60961-never_act-c050-event_triggered,never_act,0.5,event_triggered,0.4434835114526701,utility_restoration_cyber_defense_02_3,0.9494207250931411,abstain,utility_restoration_incident_02,0.05057927490685887,reroute_or_reconfigure,2,0.5598107685809217
v6-pilot_sketch_cost-utility_restoration-telemetry_integrity-private_fragmented-e60961-never_act-c050-event_triggered,never_act,0.5,event_triggered,0.8953648904381638,utility_restoration_communications_03_1,0.9832926592315697,abstain,utility_restoration_incident_03,0.01670734076843028,isolate_or_quarantine,2,0.6110083983914066
v6-pilot_sketch_cost-utility_restoration-telemetry_integrity-private_fragmented-e60961-never_act-c050-event_triggered,never_act,0.5,event_triggered,0.33246030213267813,utility_restoration_critical_load_04_3,0.8347087934489449,abstain,utility_restoration_incident_04,0.16529120655105511,revise_commitment,2,0.3771839726777795
v6-pilot_sketch_cost-utility_restoration-telemetry_integrity-private_fragmented-e60961-never_act-c050-event_triggered,never_act,0.5,event_triggered,0.5198108980568443,utility_restoration_distribution_node_01_1,0.8925503065329738,abstain,utility_restoration_incident_01,0.10744969346702615,isolate_or_quarantine,4,0.2553943258157064
v6-pilot_sketch_cost-utility_restoration-telemetry_integrity-private_fragmented-e60961-never_act-c050-event_triggered,never_act,0.5,event_triggered,0.44572105243913007,utility_restoration_cyber_defense_02_3,0.9779757363191919,abstain,utility_restoration_incident_02,0.02202426368080812,isolate_or_quarantine,4,0.3277987308645271
v6-pilot_sketch_cost-utility_restoration-telemetry_integrity-private_fragmented-e60961-never_act-c050-event_triggered,never_act,0.5,event_triggered,0.8594688559080395,utility_restoration_cyber_defense_03_2,0.8802646572497412,abstain,utility_restoration_incident_03,0.11973534275025877,isolate_or_quarantine,4,0.660471156988745
v6-pilot_sketch_cost-utility_restoration-telemetry_integrity-private_fragmented-e60961-never_act-c050-event_triggered,never_act,0.5,event_triggered,0.4014466994695467,utility_restoration_critical_load_04_3,0.8671779716008283,abstain,utility_restoration_incident_04,0.13282202839917168,authorize_emergency_resource,4,0.18978348624867625
v6-pilot_sketch_cost-utility_restoration-telemetry_integrity-private_fragmented-e60961-never_act-c050-event_triggered,never_act,0.5,event_triggered,0.5305629868196722,utility_restoration_distribution_node_01_1,0.9368395624481993,abstain,utility_restoration_incident_01,0.06316043755180067,reroute_or_reconfigure,6,0.28289152154473574
v6-pilot_sketch_cost-utility_restoration-telemetry_integrity-private_fragmented-e60961-never_act-c050-event_triggered,never_act,0.5,event_triggered,0.5092943578818648,utility_restoration_communications_02_2,0.980778136155304,abstain,utility_restoration_incident_02,0.01922186384469604,reroute_or_reconfigure,6,0.017243529868675334
v6-pilot_sketch_cost-utility_restoration-telemetry_integrity-private_fragmented-e60961-never_act-c050-event_triggered,never_act,0.5,event_triggered,0.8447908607479049,utility_restoration_communications_03_1,0.8915693512422672,abstain,utility_restoration_incident_03,0.10843064875773278,isolate_or_quarantine,6,0.18927412290870185
v6-pilot_sketch_cost-utility_restoration-telemetry_integrity-private_fragmented-e60961-never_act-c050-event_triggered,never_act,0.5,event_triggered,0.44614734405314727,utility_restoration_cyber_defense_04_1,0.8968892877324042,abstain,utility_restoration_incident_04,0.10311071226759583,isolate_or_quarantine,6,0.32344128109827275
v6-pilot_sketch_cost-utility_restoration-telemetry_integrity-private_fragmented-e60961-never_act-c050-event_triggered,never_act,0.5,event_triggered,0.5854476494739258,utility_restoration_distribution_node_01_1,0.9853816633356659,abstain,utility_restoration_incident_01,0.014618336664334097,deploy_repair_capacity,8,0.5554369351917703
v6-pilot_sketch_cost-utility_restoration-telemetry_integrity-private_fragmented-e60961-never_act-c050-event_triggered,never_act,0.5,event_triggered,0.5241969457183177,utility_restoration_communications_02_2,0.8671314197456172,abstain,utility_restoration_incident_02,0.13286858025438275,reroute_or_reconfigure,8,0.2900474189454908
v6-pilot_sketch_cost-utility_restoration-telemetry_integrity-private_fragmented-e60961-never_act-c050-event_triggered,never_act,0.5,event_triggered,1.030657650399305,utility_restoration_communications_03_1,0.9011744259288066,abstain,utility_restoration_incident_03,0.09882557407119341,isolate_or_quarantine,8,0.6497817131457995
v6-pilot_sketch_cost-utility_restoration-telemetry_integrity-private_fragmented-e60961-never_act-c050-event_triggered,never_act,0.5,event_triggered,0.38707978684704536,utility_restoration_critical_load_04_3,0.8884164790976411,abstain,utility_restoration_incident_04,0.1115835209023589,revise_commitment,8,0.38943224428400036
v6-pilot_sketch_cost-utility_restoration-telemetry_integrity-private_fragmented-e60961-never_act-c050-event_triggered,never_act,0.5,event_triggered,0.6038303308974345,utility_restoration_distribution_node_01_1,0.8619062748223388,abstain,utility_restoration_incident_01,0.13809372517766116,deploy_repair_capacity,10,0.5705622854230905
v6-pilot_sketch_cost-utility_restoration-telemetry_integrity-private_fragmented-e60961-never_act-c050-event_triggered,never_act,0.5,event_triggered,0.5549719015959903,utility_restoration_communications_02_2,0.9194126310744805,abstain,utility_restoration_incident_02,0.08058736892551954,reroute_or_reconfigure,10,0.09417180427261584
v6-pilot_sketch_cost-utility_restoration-telemetry_integrity-private_fragmented-e60961-never_act-c050-event_triggered,never_act,0.5,event_triggered,1.0522948134203856,utility_restoration_communications_03_1,0.8398134285105997,abstain,utility_restoration_incident_03,0.1601865714894003,isolate_or_quarantine,10,0.6186350054206012
v6-pilot_sketch_cost-utility_restoration-telemetry_integrity-private_fragmented-e60961-never_act-c050-event_triggered,never_act,0.5,event_triggered,0.3375210292551804,utility_restoration_resource_allocation_04_2,0.970645072588613,abstain,utility_restoration_incident_04,0.02935492741138701,revise_commitment,10,0.35557888326450143
v6-pilot_sketch_cost-utility_restoration-telemetry_integrity-private_fragmented-e60961-never_act-c050-none,never_act,0.5,none,0.5045623354308284,utility_restoration_distribution_node_01_1,1.0,abstain,utility_restoration_incident_01,0.0,reroute_or_reconfigure,2,0.7368172717529691
v6-pilot_sketch_cost-utility_restoration-telemetry_integrity-private_fragmented-e60961-never_act-c050-none,never_act,0.5,none,0.4434835114526701,utility_restoration_cyber_defense_02_3,1.0,abstain,utility_restoration_incident_02,0.0,reroute_or_reconfigure,2,0.5598107685809217
v6-pilot_sketch_cost-utility_restoration-telemetry_integrity-private_fragmented-e60961-never_act-c050-none,never_act,0.5,none,0.8953648904381638,utility_restoration_communications_03_1,1.0,abstain,utility_restoration_incident_03,0.0,isolate_or_quarantine,2,0.6110083983914066
v6-pilot_sketch_cost-utility_restoration-telemetry_integrity-private_fragmented-e60961-never_act-c050-none,never_act,0.5,none,0.33246030213267813,utility_restoration_critical_load_04_3,1.0,abstain,utility_restoration_incident_04,0.0,revise_commitment,2,0.3771839726777795
v6-pilot_sketch_cost-utility_restoration-telemetry_integrity-private_fragmented-e60961-never_act-c050-none,never_act,0.5,none,0.5198108980568443,utility_restoration_distribution_node_01_1,1.0,abstain,utility_restoration_incident_01,0.0,isolate_or_quarantine,4,0.2553943258157064
v6-pilot_sketch_cost-utility_restoration-telemetry_integrity-private_fragmented-e60961-never_act-c050-none,never_act,0.5,none,0.44572105243913007,utility_restoration_cyber_defense_02_3,1.0,abstain,utility_restoration_incident_02,0.0,isolate_or_quarantine,4,0.3277987308645271
v6-pilot_sketch_cost-utility_restoration-telemetry_integrity-private_fragmented-e60961-never_act-c050-none,never_act,0.5,none,0.8594688559080395,utility_restoration_cyber_defense_03_2,1.0,abstain,utility_restoration_incident_03,0.0,isolate_or_quarantine,4,0.660471156988745
v6-pilot_sketch_cost-utility_restoration-telemetry_integrity-private_fragmented-e60961-never_act-c050-none,never_act,0.5,none,0.4014466994695467,utility_restoration_critical_load_04_3,1.0,abstain,utility_restoration_incident_04,0.0,authorize_emergency_resource,4,0.18978348624867625
v6-pilot_sketch_cost-utility_restoration-telemetry_integrity-private_fragmented-e60961-never_act-c050-none,never_act,0.5,none,0.5305629868196722,utility_restoration_distribution_node_01_1,1.0,abstain,utility_restoration_incident_01,0.0,reroute_or_reconfigure,6,0.28289152154473574
v6-pilot_sketch_cost-utility_restoration-telemetry_integrity-private_fragmented-e60961-never_act-c050-none,never_act,0.5,none,0.5092943578818648,utility_restoration_communications_02_2,1.0,abstain,utility_restoration_incident_02,0.0,reroute_or_reconfigure,6,0.017243529868675334
v6-pilot_sketch_cost-utility_restoration-telemetry_integrity-private_fragmented-e60961-never_act-c050-none,never_act,0.5,none,0.8447908607479049,utility_restoration_communications_03_1,1.0,abstain,utility_restoration_incident_03,0.0,isolate_or_quarantine,6,0.18927412290870185
v6-pilot_sketch_cost-utility_restoration-telemetry_integrity-private_fragmented-e60961-never_act-c050-none,never_act,0.5,none,0.44614734405314727,utility_restoration_cyber_defense_04_1,1.0,abstain,utility_restoration_incident_04,0.0,isolate_or_quarantine,6,0.32344128109827275
v6-pilot_sketch_cost-utility_restoration-telemetry_integrity-private_fragmented-e60961-never_act-c050-none,never_act,0.5,none,0.5854476494739258,utility_restoration_distribution_node_01_1,1.0,abstain,utility_restoration_incident_01,0.0,deploy_repair_capacity,8,0.5554369351917703
v6-pilot_sketch_cost-utility_restoration-telemetry_integrity-private_fragmented-e60961-never_act-c050-none,never_act,0.5,none,0.5241969457183177,utility_restoration_communications_02_2,1.0,abstain,utility_restoration_incident_02,0.0,reroute_or_reconfigure,8,0.2900474189454908
v6-pilot_sketch_cost-utility_restoration-telemetry_integrity-private_fragmented-e60961-never_act-c050-none,never_act,0.5,none,1.030657650399305,utility_restoration_communications_03_1,1.0,abstain,utility_restoration_incident_03,0.0,isolate_or_quarantine,8,0.6497817131457995
v6-pilot_sketch_cost-utility_restoration-telemetry_integrity-private_fragmented-e60961-never_act-c050-none,never_act,0.5,none,0.38707978684704536,utility_restoration_critical_load_04_3,1.0,abstain,utility_restoration_incident_04,0.0,revise_commitment,8,0.38943224428400036
v6-pilot_sketch_cost-utility_restoration-telemetry_integrity-private_fragmented-e60961-never_act-c050-none,never_act,0.5,none,0.6038303308974345,utility_restoration_distribution_node_01_1,1.0,abstain,utility_restoration_incident_01,0.0,deploy_repair_capacity,10,0.5705622854230905
v6-pilot_sketch_cost-utility_restoration-telemetry_integrity-private_fragmented-e60961-never_act-c050-none,never_act,0.5,none,0.5549719015959903,utility_restoration_communications_02_2,1.0,abstain,utility_restoration_incident_02,0.0,reroute_or_reconfigure,10,0.09417180427261584
v6-pilot_sketch_cost-utility_restoration-telemetry_integrity-private_fragmented-e60961-never_act-c050-none,never_act,0.5,none,1.0522948134203856,utility_restoration_communications_03_1,1.0,abstain,utility_restoration_incident_03,0.0,isolate_or_quarantine,10,0.6186350054206012
v6-pilot_sketch_cost-utility_restoration-telemetry_integrity-private_fragmented-e60961-never_act-c050-none,never_act,0.5,none,0.3375210292551804,utility_restoration_resource_allocation_04_2,1.0,abstain,utility_restoration_incident_04,0.0,revise_commitment,10,0.35557888326450143
v6-pilot_sketch_cost-utility_restoration-telemetry_integrity-private_fragmented-e60961-never_act-c050-periodic,never_act,0.5,periodic,0.5045623354308284,utility_restoration_distribution_node_01_1,0.9700871100809598,abstain,utility_restoration_incident_01,0.029912889919040175,reroute_or_reconfigure,2,0.7368172717529691
v6-pilot_sketch_cost-utility_restoration-telemetry_integrity-private_fragmented-e60961-never_act-c050-periodic,never_act,0.5,periodic,0.4434835114526701,utility_restoration_cyber_defense_02_3,0.8961564269723654,abstain,utility_restoration_incident_02,0.10384357302763458,reroute_or_reconfigure,2,0.5598107685809217
v6-pilot_sketch_cost-utility_restoration-telemetry_integrity-private_fragmented-e60961-never_act-c050-periodic,never_act,0.5,periodic,0.8953648904381638,utility_restoration_communications_03_1,0.874301405998728,abstain,utility_restoration_incident_03,0.12569859400127203,isolate_or_quarantine,2,0.6110083983914066
v6-pilot_sketch_cost-utility_restoration-telemetry_integrity-private_fragmented-e60961-never_act-c050-periodic,never_act,0.5,periodic,0.33246030213267813,utility_restoration_critical_load_04_3,0.7533777628951148,abstain,utility_restoration_incident_04,0.24662223710488518,revise_commitment,2,0.3771839726777795
v6-pilot_sketch_cost-utility_restoration-telemetry_integrity-private_fragmented-e60961-never_act-c050-periodic,never_act,0.5,periodic,0.5198108980568443,utility_restoration_distribution_node_01_1,0.9005311394121868,abstain,utility_restoration_incident_01,0.09946886058781323,isolate_or_quarantine,4,0.2553943258157064
v6-pilot_sketch_cost-utility_restoration-telemetry_integrity-private_fragmented-e60961-never_act-c050-periodic,never_act,0.5,periodic,0.44572105243913007,utility_restoration_cyber_defense_02_3,0.9053967265001374,abstain,utility_restoration_incident_02,0.09460327349986264,isolate_or_quarantine,4,0.3277987308645271
v6-pilot_sketch_cost-utility_restoration-telemetry_integrity-private_fragmented-e60961-never_act-c050-periodic,never_act,0.5,periodic,0.8594688559080395,utility_restoration_cyber_defense_03_2,0.9482110124061138,abstain,utility_restoration_incident_03,0.05178898759388617,isolate_or_quarantine,4,0.660471156988745
v6-pilot_sketch_cost-utility_restoration-telemetry_integrity-private_fragmented-e60961-never_act-c050-periodic,never_act,0.5,periodic,0.4014466994695467,utility_restoration_critical_load_04_3,0.9077566123062086,abstain,utility_restoration_incident_04,0.09224338769379137,authorize_emergency_resource,4,0.18978348624867625
v6-pilot_sketch_cost-utility_restoration-telemetry_integrity-private_fragmented-e60961-never_act-c050-periodic,never_act,0.5,periodic,0.5305629868196722,utility_restoration_distribution_node_01_1,0.9368395624481993,abstain,utility_restoration_incident_01,0.06316043755180067,reroute_or_reconfigure,6,0.28289152154473574
v6-pilot_sketch_cost-utility_restoration-telemetry_integrity-private_fragmented-e60961-never_act-c050-periodic,never_act,0.5,periodic,0.5092943578818648,utility_restoration_communications_02_2,0.980778136155304,abstain,utility_restoration_incident_02,0.01922186384469604,reroute_or_reconfigure,6,0.017243529868675334
v6-pilot_sketch_cost-utility_restoration-telemetry_integrity-private_fragmented-e60961-never_act-c050-periodic,never_act,0.5,periodic,0.8447908607479049,utility_restoration_communications_03_1,0.8963423476496991,abstain,utility_restoration_incident_03,0.10365765235030089,isolate_or_quarantine,6,0.18927412290870185
v6-pilot_sketch_cost-utility_restoration-telemetry_integrity-private_fragmented-e60961-never_act-c050-periodic,never_act,0.5,periodic,0.44614734405314727,utility_restoration_cyber_defense_04_1,0.8968892877324042,abstain,utility_restoration_incident_04,0.10311071226759583,isolate_or_quarantine,6,0.32344128109827275
v6-pilot_sketch_cost-utility_restoration-telemetry_integrity-private_fragmented-e60961-never_act-c050-periodic,never_act,0.5,periodic,0.5854476494739258,utility_restoration_distribution_node_01_1,0.9742091139842836,abstain,utility_restoration_incident_01,0.02579088601571644,deploy_repair_capacity,8,0.5554369351917703
v6-pilot_sketch_cost-utility_restoration-telemetry_integrity-private_fragmented-e60961-never_act-c050-periodic,never_act,0.5,periodic,0.5241969457183177,utility_restoration_communications_02_2,0.9718904247473704,abstain,utility_restoration_incident_02,0.02810957525262958,reroute_or_reconfigure,8,0.2900474189454908
v6-pilot_sketch_cost-utility_restoration-telemetry_integrity-private_fragmented-e60961-never_act-c050-periodic,never_act,0.5,periodic,1.030657650399305,utility_restoration_communications_03_1,0.8679081830628984,abstain,utility_restoration_incident_03,0.1320918169371016,isolate_or_quarantine,8,0.6497817131457995
v6-pilot_sketch_cost-utility_restoration-telemetry_integrity-private_fragmented-e60961-never_act-c050-periodic,never_act,0.5,periodic,0.38707978684704536,utility_restoration_critical_load_04_3,0.8914607437443494,abstain,utility_restoration_incident_04,0.10853925625565064,revise_commitment,8,0.38943224428400036
v6-pilot_sketch_cost-utility_restoration-telemetry_integrity-private_fragmented-e60961-never_act-c050-periodic,never_act,0.5,periodic,0.6038303308974345,utility_restoration_distribution_node_01_1,0.906148687508165,abstain,utility_restoration_incident_01,0.09385131249183498,deploy_repair_capacity,10,0.5705622854230905
v6-pilot_sketch_cost-utility_restoration-telemetry_integrity-private_fragmented-e60961-never_act-c050-periodic,never_act,0.5,periodic,0.5549719015959903,utility_restoration_communications_02_2,0.977225907750205,abstain,utility_restoration_incident_02,0.022774092249794986,reroute_or_reconfigure,10,0.09417180427261584
v6-pilot_sketch_cost-utility_restoration-telemetry_integrity-private_fragmented-e60961-never_act-c050-periodic,never_act,0.5,periodic,1.0522948134203856,utility_restoration_communications_03_1,0.7654674144978312,abstain,utility_restoration_incident_03,0.23453258550216882,isolate_or_quarantine,10,0.6186350054206012
v6-pilot_sketch_cost-utility_restoration-telemetry_integrity-private_fragmented-e60961-never_act-c050-periodic,never_act,0.5,periodic,0.3375210292551804,utility_restoration_resource_allocation_04_2,0.9343172270165201,abstain,utility_restoration_incident_04,0.06568277298347991,revise_commitment,10,0.35557888326450143
v6-pilot_sketch_cost-utility_restoration-telemetry_integrity-private_fragmented-e60962-never_act-c050-always_on,never_act,0.5,always_on,0.8363518073585315,utility_restoration_communications_01_3,0.8344503910519961,abstain,utility_restoration_incident_01,0.16554960894800386,isolate_or_quarantine,2,0.43725795580394167
v6-pilot_sketch_cost-utility_restoration-telemetry_integrity-private_fragmented-e60962-never_act-c050-always_on,never_act,0.5,always_on,0.373335512888972,utility_restoration_communications_02_2,0.918679158975403,abstain,utility_restoration_incident_02,0.08132084102459702,isolate_or_quarantine,2,0.27653706161169755
v6-pilot_sketch_cost-utility_restoration-telemetry_integrity-private_fragmented-e60962-never_act-c050-always_on,never_act,0.5,always_on,0.3896354685752514,utility_restoration_cyber_defense_03_2,0.8761978396958057,abstain,utility_restoration_incident_03,0.12380216030419433,isolate_or_quarantine,2,0.38466888292015256
v6-pilot_sketch_cost-utility_restoration-telemetry_integrity-private_fragmented-e60962-never_act-c050-always_on,never_act,0.5,always_on,0.8835647669490378,utility_restoration_resource_allocation_04_2,0.9818293656605617,abstain,utility_restoration_incident_04,0.01817063433943833,deploy_repair_capacity,2,0.483940336830045
v6-pilot_sketch_cost-utility_restoration-telemetry_integrity-private_fragmented-e60962-never_act-c050-always_on,never_act,0.5,always_on,0.7631720585039403,utility_restoration_distribution_node_01_1,0.8947760481976562,abstain,utility_restoration_incident_01,0.10522395180234378,deploy_repair_capacity,4,0.2824028929009812
v6-pilot_sketch_cost-utility_restoration-telemetry_integrity-private_fragmented-e60962-never_act-c050-always_on,never_act,0.5,always_on,0.39486773360270366,utility_restoration_communications_02_2,0.9291200945880046,abstain,utility_restoration_incident_02,0.0708799054119954,isolate_or_quarantine,4,0.2766169192730161
v6-pilot_sketch_cost-utility_restoration-telemetry_integrity-private_fragmented-e60962-never_act-c050-always_on,never_act,0.5,always_on,0.4137433175823392,utility_restoration_resource_allocation_03_3,0.9629400995112457,abstain,utility_restoration_incident_03,0.037059900488754294,deploy_repair_capacity,4,0.2622506585575235
v6-pilot_sketch_cost-utility_restoration-telemetry_integrity-private_fragmented-e60962-never_act-c050-always_on,never_act,0.5,always_on,0.9131987047033876,utility_restoration_resource_allocation_04_2,0.8795378662102858,abstain,utility_restoration_incident_04,0.12046213378971415,revise_commitment,4,0.4260236722035333
v6-pilot_sketch_cost-utility_restoration-telemetry_integrity-private_fragmented-e60962-never_act-c050-always_on,never_act,0.5,always_on,0.7459301385596113,utility_restoration_distribution_node_01_1,0.8895338969412078,abstain,utility_restoration_incident_01,0.11046610305879223,deploy_repair_capacity,6,0.005655730167783257
v6-pilot_sketch_cost-utility_restoration-telemetry_integrity-private_fragmented-e60962-never_act-c050-always_on,never_act,0.5,always_on,0.5219602291279625,utility_restoration_communications_02_2,0.9633495798080788,abstain,utility_restoration_incident_02,0.03665042019192122,isolate_or_quarantine,6,0.35173028739774664
v6-pilot_sketch_cost-utility_restoration-telemetry_integrity-private_fragmented-e60962-never_act-c050-always_on,never_act,0.5,always_on,0.3894415044505245,utility_restoration_communications_03_1,0.9451408643866311,abstain,utility_restoration_incident_03,0.05485913561336886,isolate_or_quarantine,6,0.537512688939778
v6-pilot_sketch_cost-utility_restoration-telemetry_integrity-private_fragmented-e60962-never_act-c050-always_on,never_act,0.5,always_on,0.8292631590525091,utility_restoration_resource_allocation_04_2,0.8462729119918958,abstain,utility_restoration_incident_04,0.1537270880081042,authorize_emergency_resource,6,0.10012306894322714
v6-pilot_sketch_cost-utility_restoration-telemetry_integrity-private_fragmented-e60962-never_act-c050-always_on,never_act,0.5,always_on,0.7641844872221666,utility_restoration_distribution_node_01_1,0.934857620658503,abstain,utility_restoration_incident_01,0.06514237934149703,reroute_or_reconfigure,8,0.06395157182435074
v6-pilot_sketch_cost-utility_restoration-telemetry_integrity-private_fragmented-e60962-never_act-c050-always_on,never_act,0.5,always_on,0.4438807905222192,utility_restoration_communications_02_2,0.8896743987644148,abstain,utility_restoration_incident_02,0.11032560123558521,isolate_or_quarantine,8,0.25371976830219856
v6-pilot_sketch_cost-utility_restoration-telemetry_integrity-private_fragmented-e60962-never_act-c050-always_on,never_act,0.5,always_on,0.5648518786083924,utility_restoration_communications_03_1,0.8838209874670275,abstain,utility_restoration_incident_03,0.11617901253297247,isolate_or_quarantine,8,0.3803666492478286
v6-pilot_sketch_cost-utility_restoration-telemetry_integrity-private_fragmented-e60962-never_act-c050-always_on,never_act,0.5,always_on,0.8592228733605541,utility_restoration_resource_allocation_04_2,0.9412546622588743,abstain,utility_restoration_incident_04,0.05874533774112567,deploy_repair_capacity,8,0.04903725444013912
v6-pilot_sketch_cost-utility_restoration-telemetry_integrity-private_fragmented-e60962-never_act-c050-always_on,never_act,0.5,always_on,0.7954173563222274,utility_restoration_field_crew_01_2,0.9097043547878194,abstain,utility_restoration_incident_01,0.09029564521218059,deploy_repair_capacity,10,0.3981416773470001
v6-pilot_sketch_cost-utility_restoration-telemetry_integrity-private_fragmented-e60962-never_act-c050-always_on,never_act,0.5,always_on,0.4039810945496558,utility_restoration_field_crew_02_1,0.8919686134490625,abstain,utility_restoration_incident_02,0.10803138655093747,reroute_or_reconfigure,10,0.32944855746116447
v6-pilot_sketch_cost-utility_restoration-telemetry_integrity-private_fragmented-e60962-never_act-c050-always_on,never_act,0.5,always_on,0.484490607890393,utility_restoration_communications_03_1,0.8918207730581708,abstain,utility_restoration_incident_03,0.10817922694182924,reroute_or_reconfigure,10,0.36573757810377533
v6-pilot_sketch_cost-utility_restoration-telemetry_integrity-private_fragmented-e60962-never_act-c050-always_on,never_act,0.5,always_on,0.8802778213630348,utility_restoration_resource_allocation_04_2,0.891043914948369,abstain,utility_restoration_incident_04,0.10895608505163101,deploy_repair_capacity,10,0.07907698844439034
v6-pilot_sketch_cost-utility_restoration-telemetry_integrity-private_fragmented-e60962-never_act-c050-event_triggered,never_act,0.5,event_triggered,0.8363518073585315,utility_restoration_communications_01_3,0.8344503910519961,abstain,utility_restoration_incident_01,0.16554960894800386,isolate_or_quarantine,2,0.43725795580394167
v6-pilot_sketch_cost-utility_restoration-telemetry_integrity-private_fragmented-e60962-never_act-c050-event_triggered,never_act,0.5,event_triggered,0.373335512888972,utility_restoration_communications_02_2,0.918679158975403,abstain,utility_restoration_incident_02,0.08132084102459702,isolate_or_quarantine,2,0.27653706161169755
v6-pilot_sketch_cost-utility_restoration-telemetry_integrity-private_fragmented-e60962-never_act-c050-event_triggered,never_act,0.5,event_triggered,0.3896354685752514,utility_restoration_cyber_defense_03_2,0.8761978396958057,abstain,utility_restoration_incident_03,0.12380216030419433,isolate_or_quarantine,2,0.38466888292015256
v6-pilot_sketch_cost-utility_restoration-telemetry_integrity-private_fragmented-e60962-never_act-c050-event_triggered,never_act,0.5,event_triggered,0.8835647669490378,utility_restoration_resource_allocation_04_2,0.9818293656605617,abstain,utility_restoration_incident_04,0.01817063433943833,deploy_repair_capacity,2,0.483940336830045
v6-pilot_sketch_cost-utility_restoration-telemetry_integrity-private_fragmented-e60962-never_act-c050-event_triggered,never_act,0.5,event_triggered,0.7631720585039403,utility_restoration_distribution_node_01_1,0.8947760481976562,abstain,utility_restoration_incident_01,0.10522395180234378,deploy_repair_capacity,4,0.2824028929009812
v6-pilot_sketch_cost-utility_restoration-telemetry_integrity-private_fragmented-e60962-never_act-c050-event_triggered,never_act,0.5,event_triggered,0.39486773360270366,utility_restoration_communications_02_2,0.9291200945880046,abstain,utility_restoration_incident_02,0.0708799054119954,isolate_or_quarantine,4,0.2766169192730161
v6-pilot_sketch_cost-utility_restoration-telemetry_integrity-private_fragmented-e60962-never_act-c050-event_triggered,never_act,0.5,event_triggered,0.4137433175823392,utility_restoration_resource_allocation_03_3,0.9629400995112457,abstain,utility_restoration_incident_03,0.037059900488754294,deploy_repair_capacity,4,0.2622506585575235
v6-pilot_sketch_cost-utility_restoration-telemetry_integrity-private_fragmented-e60962-never_act-c050-event_triggered,never_act,0.5,event_triggered,0.9131987047033876,utility_restoration_resource_allocation_04_2,0.8795378662102858,abstain,utility_restoration_incident_04,0.12046213378971415,revise_commitment,4,0.4260236722035333
v6-pilot_sketch_cost-utility_restoration-telemetry_integrity-private_fragmented-e60962-never_act-c050-event_triggered,never_act,0.5,event_triggered,0.7459301385596113,utility_restoration_distribution_node_01_1,0.8895338969412078,abstain,utility_restoration_incident_01,0.11046610305879223,deploy_repair_capacity,6,0.005655730167783257
v6-pilot_sketch_cost-utility_restoration-telemetry_integrity-private_fragmented-e60962-never_act-c050-event_triggered,never_act,0.5,event_triggered,0.5219602291279625,utility_restoration_communications_02_2,0.9633495798080788,abstain,utility_restoration_incident_02,0.03665042019192122,isolate_or_quarantine,6,0.35173028739774664
v6-pilot_sketch_cost-utility_restoration-telemetry_integrity-private_fragmented-e60962-never_act-c050-event_triggered,never_act,0.5,event_triggered,0.3894415044505245,utility_restoration_communications_03_1,0.9451408643866311,abstain,utility_restoration_incident_03,0.05485913561336886,isolate_or_quarantine,6,0.537512688939778
v6-pilot_sketch_cost-utility_restoration-telemetry_integrity-private_fragmented-e60962-never_act-c050-event_triggered,never_act,0.5,event_triggered,0.8292631590525091,utility_restoration_resource_allocation_04_2,0.8462729119918958,abstain,utility_restoration_incident_04,0.1537270880081042,authorize_emergency_resource,6,0.10012306894322714
v6-pilot_sketch_cost-utility_restoration-telemetry_integrity-private_fragmented-e60962-never_act-c050-event_triggered,never_act,0.5,event_triggered,0.7641844872221666,utility_restoration_distribution_node_01_1,0.934857620658503,abstain,utility_restoration_incident_01,0.06514237934149703,reroute_or_reconfigure,8,0.06395157182435074
v6-pilot_sketch_cost-utility_restoration-telemetry_integrity-private_fragmented-e60962-never_act-c050-event_triggered,never_act,0.5,event_triggered,0.4438807905222192,utility_restoration_communications_02_2,0.8896743987644148,abstain,utility_restoration_incident_02,0.11032560123558521,isolate_or_quarantine,8,0.25371976830219856
v6-pilot_sketch_cost-utility_restoration-telemetry_integrity-private_fragmented-e60962-never_act-c050-event_triggered,never_act,0.5,event_triggered,0.5648518786083924,utility_restoration_communications_03_1,0.8838209874670275,abstain,utility_restoration_incident_03,0.11617901253297247,isolate_or_quarantine,8,0.3803666492478286
v6-pilot_sketch_cost-utility_restoration-telemetry_integrity-private_fragmented-e60962-never_act-c050-event_triggered,never_act,0.5,event_triggered,0.8592228733605541,utility_restoration_resource_allocation_04_2,0.9412546622588743,abstain,utility_restoration_incident_04,0.05874533774112567,deploy_repair_capacity,8,0.04903725444013912
v6-pilot_sketch_cost-utility_restoration-telemetry_integrity-private_fragmented-e60962-never_act-c050-event_triggered,never_act,0.5,event_triggered,0.7954173563222274,utility_restoration_field_crew_01_2,0.9097043547878194,abstain,utility_restoration_incident_01,0.09029564521218059,deploy_repair_capacity,10,0.3981416773470001
v6-pilot_sketch_cost-utility_restoration-telemetry_integrity-private_fragmented-e60962-never_act-c050-event_triggered,never_act,0.5,event_triggered,0.4039810945496558,utility_restoration_field_crew_02_1,0.8919686134490625,abstain,utility_restoration_incident_02,0.10803138655093747,reroute_or_reconfigure,10,0.32944855746116447
v6-pilot_sketch_cost-utility_restoration-telemetry_integrity-private_fragmented-e60962-never_act-c050-event_triggered,never_act,0.5,event_triggered,0.484490607890393,utility_restoration_communications_03_1,0.8856593957209253,abstain,utility_restoration_incident_03,0.11434060427907466,reroute_or_reconfigure,10,0.36573757810377533
v6-pilot_sketch_cost-utility_restoration-telemetry_integrity-private_fragmented-e60962-never_act-c050-event_triggered,never_act,0.5,event_triggered,0.8802778213630348,utility_restoration_resource_allocation_04_2,0.891043914948369,abstain,utility_restoration_incident_04,0.10895608505163101,deploy_repair_capacity,10,0.07907698844439034
v6-pilot_sketch_cost-utility_restoration-telemetry_integrity-private_fragmented-e60962-never_act-c050-none,never_act,0.5,none,0.8363518073585315,utility_restoration_communications_01_3,1.0,abstain,utility_restoration_incident_01,0.0,isolate_or_quarantine,2,0.43725795580394167
v6-pilot_sketch_cost-utility_restoration-telemetry_integrity-private_fragmented-e60962-never_act-c050-none,never_act,0.5,none,0.373335512888972,utility_restoration_communications_02_2,1.0,abstain,utility_restoration_incident_02,0.0,isolate_or_quarantine,2,0.27653706161169755
v6-pilot_sketch_cost-utility_restoration-telemetry_integrity-private_fragmented-e60962-never_act-c050-none,never_act,0.5,none,0.3896354685752514,utility_restoration_cyber_defense_03_2,1.0,abstain,utility_restoration_incident_03,0.0,isolate_or_quarantine,2,0.38466888292015256
v6-pilot_sketch_cost-utility_restoration-telemetry_integrity-private_fragmented-e60962-never_act-c050-none,never_act,0.5,none,0.8835647669490378,utility_restoration_resource_allocation_04_2,1.0,abstain,utility_restoration_incident_04,0.0,deploy_repair_capacity,2,0.483940336830045
v6-pilot_sketch_cost-utility_restoration-telemetry_integrity-private_fragmented-e60962-never_act-c050-none,never_act,0.5,none,0.7631720585039403,utility_restoration_distribution_node_01_1,1.0,abstain,utility_restoration_incident_01,0.0,deploy_repair_capacity,4,0.2824028929009812
v6-pilot_sketch_cost-utility_restoration-telemetry_integrity-private_fragmented-e60962-never_act-c050-none,never_act,0.5,none,0.39486773360270366,utility_restoration_communications_02_2,1.0,abstain,utility_restoration_incident_02,0.0,isolate_or_quarantine,4,0.2766169192730161
v6-pilot_sketch_cost-utility_restoration-telemetry_integrity-private_fragmented-e60962-never_act-c050-none,never_act,0.5,none,0.4137433175823392,utility_restoration_resource_allocation_03_3,1.0,abstain,utility_restoration_incident_03,0.0,deploy_repair_capacity,4,0.2622506585575235
v6-pilot_sketch_cost-utility_restoration-telemetry_integrity-private_fragmented-e60962-never_act-c050-none,never_act,0.5,none,0.9131987047033876,utility_restoration_resource_allocation_04_2,1.0,abstain,utility_restoration_incident_04,0.0,revise_commitment,4,0.4260236722035333
v6-pilot_sketch_cost-utility_restoration-telemetry_integrity-private_fragmented-e60962-never_act-c050-none,never_act,0.5,none,0.7459301385596113,utility_restoration_distribution_node_01_1,1.0,abstain,utility_restoration_incident_01,0.0,deploy_repair_capacity,6,0.005655730167783257
v6-pilot_sketch_cost-utility_restoration-telemetry_integrity-private_fragmented-e60962-never_act-c050-none,never_act,0.5,none,0.5219602291279625,utility_restoration_communications_02_2,1.0,abstain,utility_restoration_incident_02,0.0,isolate_or_quarantine,6,0.35173028739774664
v6-pilot_sketch_cost-utility_restoration-telemetry_integrity-private_fragmented-e60962-never_act-c050-none,never_act,0.5,none,0.3894415044505245,utility_restoration_communications_03_1,1.0,abstain,utility_restoration_incident_03,0.0,isolate_or_quarantine,6,0.537512688939778
v6-pilot_sketch_cost-utility_restoration-telemetry_integrity-private_fragmented-e60962-never_act-c050-none,never_act,0.5,none,0.8292631590525091,utility_restoration_resource_allocation_04_2,1.0,abstain,utility_restoration_incident_04,0.0,authorize_emergency_resource,6,0.10012306894322714
v6-pilot_sketch_cost-utility_restoration-telemetry_integrity-private_fragmented-e60962-never_act-c050-none,never_act,0.5,none,0.7641844872221666,utility_restoration_distribution_node_01_1,1.0,abstain,utility_restoration_incident_01,0.0,reroute_or_reconfigure,8,0.06395157182435074
v6-pilot_sketch_cost-utility_restoration-telemetry_integrity-private_fragmented-e60962-never_act-c050-none,never_act,0.5,none,0.4438807905222192,utility_restoration_communications_02_2,1.0,abstain,utility_restoration_incident_02,0.0,isolate_or_quarantine,8,0.25371976830219856
v6-pilot_sketch_cost-utility_restoration-telemetry_integrity-private_fragmented-e60962-never_act-c050-none,never_act,0.5,none,0.5648518786083924,utility_restoration_communications_03_1,1.0,abstain,utility_restoration_incident_03,0.0,isolate_or_quarantine,8,0.3803666492478286
v6-pilot_sketch_cost-utility_restoration-telemetry_integrity-private_fragmented-e60962-never_act-c050-none,never_act,0.5,none,0.8592228733605541,utility_restoration_resource_allocation_04_2,1.0,abstain,utility_restoration_incident_04,0.0,deploy_repair_capacity,8,0.04903725444013912
v6-pilot_sketch_cost-utility_restoration-telemetry_integrity-private_fragmented-e60962-never_act-c050-none,never_act,0.5,none,0.7954173563222274,utility_restoration_field_crew_01_2,1.0,abstain,utility_restoration_incident_01,0.0,deploy_repair_capacity,10,0.3981416773470001
v6-pilot_sketch_cost-utility_restoration-telemetry_integrity-private_fragmented-e60962-never_act-c050-none,never_act,0.5,none,0.4039810945496558,utility_restoration_field_crew_02_1,1.0,abstain,utility_restoration_incident_02,0.0,reroute_or_reconfigure,10,0.32944855746116447
v6-pilot_sketch_cost-utility_restoration-telemetry_integrity-private_fragmented-e60962-never_act-c050-none,never_act,0.5,none,0.484490607890393,utility_restoration_communications_03_1,1.0,abstain,utility_restoration_incident_03,0.0,reroute_or_reconfigure,10,0.36573757810377533
v6-pilot_sketch_cost-utility_restoration-telemetry_integrity-private_fragmented-e60962-never_act-c050-none,never_act,0.5,none,0.8802778213630348,utility_restoration_resource_allocation_04_2,1.0,abstain,utility_restoration_incident_04,0.0,deploy_repair_capacity,10,0.07907698844439034
v6-pilot_sketch_cost-utility_restoration-telemetry_integrity-private_fragmented-e60962-never_act-c050-periodic,never_act,0.5,periodic,0.8363518073585315,utility_restoration_communications_01_3,0.89146025816407,abstain,utility_restoration_incident_01,0.10853974183592996,isolate_or_quarantine,2,0.43725795580394167
v6-pilot_sketch_cost-utility_restoration-telemetry_integrity-private_fragmented-e60962-never_act-c050-periodic,never_act,0.5,periodic,0.373335512888972,utility_restoration_communications_02_2,0.9606981699317427,abstain,utility_restoration_incident_02,0.03930183006825727,isolate_or_quarantine,2,0.27653706161169755
v6-pilot_sketch_cost-utility_restoration-telemetry_integrity-private_fragmented-e60962-never_act-c050-periodic,never_act,0.5,periodic,0.3896354685752514,utility_restoration_cyber_defense_03_2,0.8557939205958497,abstain,utility_restoration_incident_03,0.1442060794041503,isolate_or_quarantine,2,0.38466888292015256
v6-pilot_sketch_cost-utility_restoration-telemetry_integrity-private_fragmented-e60962-never_act-c050-periodic,never_act,0.5,periodic,0.8835647669490378,utility_restoration_resource_allocation_04_2,0.8935807993976058,abstain,utility_restoration_incident_04,0.10641920060239418,deploy_repair_capacity,2,0.483940336830045
v6-pilot_sketch_cost-utility_restoration-telemetry_integrity-private_fragmented-e60962-never_act-c050-periodic,never_act,0.5,periodic,0.7631720585039403,utility_restoration_distribution_node_01_1,0.8881997950907639,abstain,utility_restoration_incident_01,0.11180020490923614,deploy_repair_capacity,4,0.2824028929009812
v6-pilot_sketch_cost-utility_restoration-telemetry_integrity-private_fragmented-e60962-never_act-c050-periodic,never_act,0.5,periodic,0.39486773360270366,utility_restoration_communications_02_2,0.8276219297559761,abstain,utility_restoration_incident_02,0.17237807024402385,isolate_or_quarantine,4,0.2766169192730161
v6-pilot_sketch_cost-utility_restoration-telemetry_integrity-private_fragmented-e60962-never_act-c050-periodic,never_act,0.5,periodic,0.4137433175823392,utility_restoration_resource_allocation_03_3,0.9799338951038272,abstain,utility_restoration_incident_03,0.020066104896172776,deploy_repair_capacity,4,0.2622506585575235
v6-pilot_sketch_cost-utility_restoration-telemetry_integrity-private_fragmented-e60962-never_act-c050-periodic,never_act,0.5,periodic,0.9131987047033876,utility_restoration_resource_allocation_04_2,0.8433152930572171,abstain,utility_restoration_incident_04,0.15668470694278291,revise_commitment,4,0.4260236722035333
v6-pilot_sketch_cost-utility_restoration-telemetry_integrity-private_fragmented-e60962-never_act-c050-periodic,never_act,0.5,periodic,0.7459301385596113,utility_restoration_distribution_node_01_1,0.8895338969412078,abstain,utility_restoration_incident_01,0.11046610305879223,deploy_repair_capacity,6,0.005655730167783257
v6-pilot_sketch_cost-utility_restoration-telemetry_integrity-private_fragmented-e60962-never_act-c050-periodic,never_act,0.5,periodic,0.5219602291279625,utility_restoration_communications_02_2,0.9633495798080788,abstain,utility_restoration_incident_02,0.03665042019192122,isolate_or_quarantine,6,0.35173028739774664
v6-pilot_sketch_cost-utility_restoration-telemetry_integrity-private_fragmented-e60962-never_act-c050-periodic,never_act,0.5,periodic,0.3894415044505245,utility_restoration_communications_03_1,0.9451408643866311,abstain,utility_restoration_incident_03,0.05485913561336886,isolate_or_quarantine,6,0.537512688939778
v6-pilot_sketch_cost-utility_restoration-telemetry_integrity-private_fragmented-e60962-never_act-c050-periodic,never_act,0.5,periodic,0.8292631590525091,utility_restoration_resource_allocation_04_2,0.8462729119918958,abstain,utility_restoration_incident_04,0.1537270880081042,authorize_emergency_resource,6,0.10012306894322714
v6-pilot_sketch_cost-utility_restoration-telemetry_integrity-private_fragmented-e60962-never_act-c050-periodic,never_act,0.5,periodic,0.7641844872221666,utility_restoration_distribution_node_01_1,0.8876494535500135,abstain,utility_restoration_incident_01,0.11235054644998654,reroute_or_reconfigure,8,0.06395157182435074
v6-pilot_sketch_cost-utility_restoration-telemetry_integrity-private_fragmented-e60962-never_act-c050-periodic,never_act,0.5,periodic,0.4438807905222192,utility_restoration_communications_02_2,0.9639065462019818,abstain,utility_restoration_incident_02,0.036093453798018205,isolate_or_quarantine,8,0.25371976830219856
v6-pilot_sketch_cost-utility_restoration-telemetry_integrity-private_fragmented-e60962-never_act-c050-periodic,never_act,0.5,periodic,0.5648518786083924,utility_restoration_communications_03_1,0.9539745216714578,abstain,utility_restoration_incident_03,0.0460254783285422,isolate_or_quarantine,8,0.3803666492478286
v6-pilot_sketch_cost-utility_restoration-telemetry_integrity-private_fragmented-e60962-never_act-c050-periodic,never_act,0.5,periodic,0.8592228733605541,utility_restoration_resource_allocation_04_2,0.9206145273783705,abstain,utility_restoration_incident_04,0.07938547262162954,deploy_repair_capacity,8,0.04903725444013912
v6-pilot_sketch_cost-utility_restoration-telemetry_integrity-private_fragmented-e60962-never_act-c050-periodic,never_act,0.5,periodic,0.7954173563222274,utility_restoration_field_crew_01_2,0.9566995703070195,abstain,utility_restoration_incident_01,0.043300429692980535,deploy_repair_capacity,10,0.3981416773470001
v6-pilot_sketch_cost-utility_restoration-telemetry_integrity-private_fragmented-e60962-never_act-c050-periodic,never_act,0.5,periodic,0.4039810945496558,utility_restoration_field_crew_02_1,0.9020164693409077,abstain,utility_restoration_incident_02,0.09798353065909227,reroute_or_reconfigure,10,0.32944855746116447
v6-pilot_sketch_cost-utility_restoration-telemetry_integrity-private_fragmented-e60962-never_act-c050-periodic,never_act,0.5,periodic,0.484490607890393,utility_restoration_communications_03_1,0.9672816930133045,abstain,utility_restoration_incident_03,0.03271830698669553,reroute_or_reconfigure,10,0.36573757810377533
v6-pilot_sketch_cost-utility_restoration-telemetry_integrity-private_fragmented-e60962-never_act-c050-periodic,never_act,0.5,periodic,0.8802778213630348,utility_restoration_resource_allocation_04_2,0.8913055444857079,abstain,utility_restoration_incident_04,0.10869445551429213,deploy_repair_capacity,10,0.07907698844439034
v6-pilot_sketch_cost-utility_restoration-telemetry_integrity-private_fragmented-e60963-never_act-c050-always_on,never_act,0.5,always_on,0.45434851123462683,utility_restoration_field_crew_01_2,0.9013944873124782,abstain,utility_restoration_incident_01,0.09860551268752182,reroute_or_reconfigure,2,0.4780044953982407
v6-pilot_sketch_cost-utility_restoration-telemetry_integrity-private_fragmented-e60963-never_act-c050-always_on,never_act,0.5,always_on,0.37777795849504336,utility_restoration_cyber_defense_02_3,0.8465286085775424,abstain,utility_restoration_incident_02,0.15347139142245758,reroute_or_reconfigure,2,0.5363339978604786
v6-pilot_sketch_cost-utility_restoration-telemetry_integrity-private_fragmented-e60963-never_act-c050-always_on,never_act,0.5,always_on,0.4528436050995788,utility_restoration_cyber_defense_03_2,0.9752347810870983,abstain,utility_restoration_incident_03,0.024765218912901732,isolate_or_quarantine,2,0.6521814306678283
v6-pilot_sketch_cost-utility_restoration-telemetry_integrity-private_fragmented-e60963-never_act-c050-always_on,never_act,0.5,always_on,0.3256593826131289,utility_restoration_resource_allocation_04_2,0.90667317886251,abstain,utility_restoration_incident_04,0.09332682113749002,deploy_repair_capacity,2,0.2751189747330186
v6-pilot_sketch_cost-utility_restoration-telemetry_integrity-private_fragmented-e60963-never_act-c050-always_on,never_act,0.5,always_on,0.4934520929058882,utility_restoration_field_crew_01_2,0.9794408554562114,abstain,utility_restoration_incident_01,0.0205591445437886,reroute_or_reconfigure,4,0.6062762077773397
v6-pilot_sketch_cost-utility_restoration-telemetry_integrity-private_fragmented-e60963-never_act-c050-always_on,never_act,0.5,always_on,0.271861969668421,utility_restoration_cyber_defense_02_3,0.9848410162691893,abstain,utility_restoration_incident_02,0.015158983730810704,reroute_or_reconfigure,4,0.30098362110937144
v6-pilot_sketch_cost-utility_restoration-telemetry_integrity-private_fragmented-e60963-never_act-c050-always_on,never_act,0.5,always_on,0.46306997066712313,utility_restoration_cyber_defense_03_2,0.992078719517027,abstain,utility_restoration_incident_03,0.007921280482973025,reroute_or_reconfigure,4,0.5694289875075669
v6-pilot_sketch_cost-utility_restoration-telemetry_integrity-private_fragmented-e60963-never_act-c050-always_on,never_act,0.5,always_on,0.39841065445504437,utility_restoration_critical_load_04_3,0.8965827278046079,abstain,utility_restoration_incident_04,0.1034172721953921,revise_commitment,4,0.3611533580673997
v6-pilot_sketch_cost-utility_restoration-telemetry_integrity-private_fragmented-e60963-never_act-c050-always_on,never_act,0.5,always_on,0.46100898888746705,utility_restoration_field_crew_01_2,0.9715551365350695,abstain,utility_restoration_incident_01,0.02844486346493047,reroute_or_reconfigure,6,0.3682521929490376
v6-pilot_sketch_cost-utility_restoration-telemetry_integrity-private_fragmented-e60963-never_act-c050-always_on,never_act,0.5,always_on,0.2856475457128119,utility_restoration_communications_02_2,0.9682551550816894,abstain,utility_restoration_incident_02,0.031744844918310644,isolate_or_quarantine,6,0.2917813472015883
v6-pilot_sketch_cost-utility_restoration-telemetry_integrity-private_fragmented-e60963-never_act-c050-always_on,never_act,0.5,always_on,0.4795019695413302,utility_restoration_cyber_defense_03_2,0.9813134986774422,abstain,utility_restoration_incident_03,0.01868650132255778,isolate_or_quarantine,6,0.6986319030611221
v6-pilot_sketch_cost-utility_restoration-telemetry_integrity-private_fragmented-e60963-never_act-c050-always_on,never_act,0.5,always_on,0.3865762271852745,utility_restoration_critical_load_04_3,0.9136055330233069,abstain,utility_restoration_incident_04,0.08639446697669306,authorize_emergency_resource,6,0.5749628328544998
v6-pilot_sketch_cost-utility_restoration-telemetry_integrity-private_fragmented-e60963-never_act-c050-always_on,never_act,0.5,always_on,0.517302090404391,utility_restoration_communications_01_3,0.9399622685475214,abstain,utility_restoration_incident_01,0.06003773145247859,isolate_or_quarantine,8,0.25900729295118624
v6-pilot_sketch_cost-utility_restoration-telemetry_integrity-private_fragmented-e60963-never_act-c050-always_on,never_act,0.5,always_on,0.3119562917678055,utility_restoration_communications_02_2,0.9963411392688021,abstain,utility_restoration_incident_02,0.0036588607311979215,isolate_or_quarantine,8,0.5230769652276375
v6-pilot_sketch_cost-utility_restoration-telemetry_integrity-private_fragmented-e60963-never_act-c050-always_on,never_act,0.5,always_on,0.4983924279800186,utility_restoration_cyber_defense_03_2,0.9865268782913625,abstain,utility_restoration_incident_03,0.013473121708637459,reroute_or_reconfigure,8,0.4179570672122783
v6-pilot_sketch_cost-utility_restoration-telemetry_integrity-private_fragmented-e60963-never_act-c050-always_on,never_act,0.5,always_on,0.4297702418107431,utility_restoration_critical_load_04_3,0.9775244877252122,abstain,utility_restoration_incident_04,0.022475512274787834,authorize_emergency_resource,8,0.7243210769248691
v6-pilot_sketch_cost-utility_restoration-telemetry_integrity-private_fragmented-e60963-never_act-c050-always_on,never_act,0.5,always_on,0.518528510333234,utility_restoration_communications_01_3,0.9464701974554925,abstain,utility_restoration_incident_01,0.053529802544507454,reroute_or_reconfigure,10,0.6632756244009523
v6-pilot_sketch_cost-utility_restoration-telemetry_integrity-private_fragmented-e60963-never_act-c050-always_on,never_act,0.5,always_on,0.3233753670386776,utility_restoration_communications_02_2,0.9317516340723258,abstain,utility_restoration_incident_02,0.06824836592767425,reroute_or_reconfigure,10,0.569918295740117
v6-pilot_sketch_cost-utility_restoration-telemetry_integrity-private_fragmented-e60963-never_act-c050-always_on,never_act,0.5,always_on,0.5106685844447889,utility_restoration_cyber_defense_03_2,0.9962179385727151,abstain,utility_restoration_incident_03,0.0037820614272848774,isolate_or_quarantine,10,0.6352543591203721
v6-pilot_sketch_cost-utility_restoration-telemetry_integrity-private_fragmented-e60963-never_act-c050-always_on,never_act,0.5,always_on,0.40537066917319964,utility_restoration_resource_allocation_04_2,0.9564406811233557,abstain,utility_restoration_incident_04,0.043559318876644326,authorize_emergency_resource,10,0.38098315922440606
v6-pilot_sketch_cost-utility_restoration-telemetry_integrity-private_fragmented-e60963-never_act-c050-event_triggered,never_act,0.5,event_triggered,0.45434851123462683,utility_restoration_field_crew_01_2,0.9013944873124782,abstain,utility_restoration_incident_01,0.09860551268752182,reroute_or_reconfigure,2,0.4780044953982407
v6-pilot_sketch_cost-utility_restoration-telemetry_integrity-private_fragmented-e60963-never_act-c050-event_triggered,never_act,0.5,event_triggered,0.37777795849504336,utility_restoration_cyber_defense_02_3,0.8465286085775424,abstain,utility_restoration_incident_02,0.15347139142245758,reroute_or_reconfigure,2,0.5363339978604786
v6-pilot_sketch_cost-utility_restoration-telemetry_integrity-private_fragmented-e60963-never_act-c050-event_triggered,never_act,0.5,event_triggered,0.4528436050995788,utility_restoration_cyber_defense_03_2,0.9752347810870983,abstain,utility_restoration_incident_03,0.024765218912901732,isolate_or_quarantine,2,0.6521814306678283
v6-pilot_sketch_cost-utility_restoration-telemetry_integrity-private_fragmented-e60963-never_act-c050-event_triggered,never_act,0.5,event_triggered,0.3256593826131289,utility_restoration_resource_allocation_04_2,0.90667317886251,abstain,utility_restoration_incident_04,0.09332682113749002,deploy_repair_capacity,2,0.2751189747330186
v6-pilot_sketch_cost-utility_restoration-telemetry_integrity-private_fragmented-e60963-never_act-c050-event_triggered,never_act,0.5,event_triggered,0.4934520929058882,utility_restoration_field_crew_01_2,0.980210260588239,abstain,utility_restoration_incident_01,0.019789739411760987,reroute_or_reconfigure,4,0.6062762077773397
v6-pilot_sketch_cost-utility_restoration-telemetry_integrity-private_fragmented-e60963-never_act-c050-event_triggered,never_act,0.5,event_triggered,0.271861969668421,utility_restoration_cyber_defense_02_3,0.9858141944587017,abstain,utility_restoration_incident_02,0.014185805541298335,reroute_or_reconfigure,4,0.30098362110937144
v6-pilot_sketch_cost-utility_restoration-telemetry_integrity-private_fragmented-e60963-never_act-c050-event_triggered,never_act,0.5,event_triggered,0.46306997066712313,utility_restoration_cyber_defense_03_2,0.992078719517027,abstain,utility_restoration_incident_03,0.007921280482973025,reroute_or_reconfigure,4,0.5694289875075669
v6-pilot_sketch_cost-utility_restoration-telemetry_integrity-private_fragmented-e60963-never_act-c050-event_triggered,never_act,0.5,event_triggered,0.39841065445504437,utility_restoration_critical_load_04_3,0.8965827278046079,abstain,utility_restoration_incident_04,0.1034172721953921,revise_commitment,4,0.3611533580673997
v6-pilot_sketch_cost-utility_restoration-telemetry_integrity-private_fragmented-e60963-never_act-c050-event_triggered,never_act,0.5,event_triggered,0.46100898888746705,utility_restoration_field_crew_01_2,0.9715551365350695,abstain,utility_restoration_incident_01,0.02844486346493047,reroute_or_reconfigure,6,0.3682521929490376
v6-pilot_sketch_cost-utility_restoration-telemetry_integrity-private_fragmented-e60963-never_act-c050-event_triggered,never_act,0.5,event_triggered,0.2856475457128119,utility_restoration_communications_02_2,0.9682551550816894,abstain,utility_restoration_incident_02,0.031744844918310644,isolate_or_quarantine,6,0.2917813472015883
v6-pilot_sketch_cost-utility_restoration-telemetry_integrity-private_fragmented-e60963-never_act-c050-event_triggered,never_act,0.5,event_triggered,0.4795019695413302,utility_restoration_cyber_defense_03_2,0.9771707580844882,abstain,utility_restoration_incident_03,0.022829241915511833,isolate_or_quarantine,6,0.6986319030611221
v6-pilot_sketch_cost-utility_restoration-telemetry_integrity-private_fragmented-e60963-never_act-c050-event_triggered,never_act,0.5,event_triggered,0.3865762271852745,utility_restoration_critical_load_04_3,0.9136055330233069,abstain,utility_restoration_incident_04,0.08639446697669306,authorize_emergency_resource,6,0.5749628328544998
v6-pilot_sketch_cost-utility_restoration-telemetry_integrity-private_fragmented-e60963-never_act-c050-event_triggered,never_act,0.5,event_triggered,0.517302090404391,utility_restoration_communications_01_3,0.9399622685475214,abstain,utility_restoration_incident_01,0.06003773145247859,isolate_or_quarantine,8,0.25900729295118624
v6-pilot_sketch_cost-utility_restoration-telemetry_integrity-private_fragmented-e60963-never_act-c050-event_triggered,never_act,0.5,event_triggered,0.3119562917678055,utility_restoration_communications_02_2,0.9963411392688021,abstain,utility_restoration_incident_02,0.0036588607311979215,isolate_or_quarantine,8,0.5230769652276375
v6-pilot_sketch_cost-utility_restoration-telemetry_integrity-private_fragmented-e60963-never_act-c050-event_triggered,never_act,0.5,event_triggered,0.4983924279800186,utility_restoration_cyber_defense_03_2,0.9867904347549034,abstain,utility_restoration_incident_03,0.013209565245096644,reroute_or_reconfigure,8,0.4179570672122783
v6-pilot_sketch_cost-utility_restoration-telemetry_integrity-private_fragmented-e60963-never_act-c050-event_triggered,never_act,0.5,event_triggered,0.4297702418107431,utility_restoration_critical_load_04_3,0.9810387379268668,abstain,utility_restoration_incident_04,0.0189612620731332,authorize_emergency_resource,8,0.7243210769248691
v6-pilot_sketch_cost-utility_restoration-telemetry_integrity-private_fragmented-e60963-never_act-c050-event_triggered,never_act,0.5,event_triggered,0.518528510333234,utility_restoration_communications_01_3,0.9464701974554925,abstain,utility_restoration_incident_01,0.053529802544507454,reroute_or_reconfigure,10,0.6632756244009523
v6-pilot_sketch_cost-utility_restoration-telemetry_integrity-private_fragmented-e60963-never_act-c050-event_triggered,never_act,0.5,event_triggered,0.3233753670386776,utility_restoration_communications_02_2,0.9317516340723258,abstain,utility_restoration_incident_02,0.06824836592767425,reroute_or_reconfigure,10,0.569918295740117
v6-pilot_sketch_cost-utility_restoration-telemetry_integrity-private_fragmented-e60963-never_act-c050-event_triggered,never_act,0.5,event_triggered,0.5106685844447889,utility_restoration_cyber_defense_03_2,0.9962179385727151,abstain,utility_restoration_incident_03,0.0037820614272848774,isolate_or_quarantine,10,0.6352543591203721
v6-pilot_sketch_cost-utility_restoration-telemetry_integrity-private_fragmented-e60963-never_act-c050-event_triggered,never_act,0.5,event_triggered,0.40537066917319964,utility_restoration_resource_allocation_04_2,0.9564406811233557,abstain,utility_restoration_incident_04,0.043559318876644326,authorize_emergency_resource,10,0.38098315922440606
v6-pilot_sketch_cost-utility_restoration-telemetry_integrity-private_fragmented-e60963-never_act-c050-none,never_act,0.5,none,0.45434851123462683,utility_restoration_field_crew_01_2,1.0,abstain,utility_restoration_incident_01,0.0,reroute_or_reconfigure,2,0.4780044953982407
v6-pilot_sketch_cost-utility_restoration-telemetry_integrity-private_fragmented-e60963-never_act-c050-none,never_act,0.5,none,0.37777795849504336,utility_restoration_cyber_defense_02_3,1.0,abstain,utility_restoration_incident_02,0.0,reroute_or_reconfigure,2,0.5363339978604786
v6-pilot_sketch_cost-utility_restoration-telemetry_integrity-private_fragmented-e60963-never_act-c050-none,never_act,0.5,none,0.4528436050995788,utility_restoration_cyber_defense_03_2,1.0,abstain,utility_restoration_incident_03,0.0,isolate_or_quarantine,2,0.6521814306678283
v6-pilot_sketch_cost-utility_restoration-telemetry_integrity-private_fragmented-e60963-never_act-c050-none,never_act,0.5,none,0.3256593826131289,utility_restoration_resource_allocation_04_2,1.0,abstain,utility_restoration_incident_04,0.0,deploy_repair_capacity,2,0.2751189747330186
v6-pilot_sketch_cost-utility_restoration-telemetry_integrity-private_fragmented-e60963-never_act-c050-none,never_act,0.5,none,0.4934520929058882,utility_restoration_field_crew_01_2,1.0,abstain,utility_restoration_incident_01,0.0,reroute_or_reconfigure,4,0.6062762077773397
v6-pilot_sketch_cost-utility_restoration-telemetry_integrity-private_fragmented-e60963-never_act-c050-none,never_act,0.5,none,0.271861969668421,utility_restoration_cyber_defense_02_3,1.0,abstain,utility_restoration_incident_02,0.0,reroute_or_reconfigure,4,0.30098362110937144
v6-pilot_sketch_cost-utility_restoration-telemetry_integrity-private_fragmented-e60963-never_act-c050-none,never_act,0.5,none,0.46306997066712313,utility_restoration_cyber_defense_03_2,1.0,abstain,utility_restoration_incident_03,0.0,reroute_or_reconfigure,4,0.5694289875075669
v6-pilot_sketch_cost-utility_restoration-telemetry_integrity-private_fragmented-e60963-never_act-c050-none,never_act,0.5,none,0.39841065445504437,utility_restoration_critical_load_04_3,1.0,abstain,utility_restoration_incident_04,0.0,revise_commitment,4,0.3611533580673997
v6-pilot_sketch_cost-utility_restoration-telemetry_integrity-private_fragmented-e60963-never_act-c050-none,never_act,0.5,none,0.46100898888746705,utility_restoration_field_crew_01_2,1.0,abstain,utility_restoration_incident_01,0.0,reroute_or_reconfigure,6,0.3682521929490376
v6-pilot_sketch_cost-utility_restoration-telemetry_integrity-private_fragmented-e60963-never_act-c050-none,never_act,0.5,none,0.2856475457128119,utility_restoration_communications_02_2,1.0,abstain,utility_restoration_incident_02,0.0,isolate_or_quarantine,6,0.2917813472015883
v6-pilot_sketch_cost-utility_restoration-telemetry_integrity-private_fragmented-e60963-never_act-c050-none,never_act,0.5,none,0.4795019695413302,utility_restoration_cyber_defense_03_2,1.0,abstain,utility_restoration_incident_03,0.0,isolate_or_quarantine,6,0.6986319030611221
v6-pilot_sketch_cost-utility_restoration-telemetry_integrity-private_fragmented-e60963-never_act-c050-none,never_act,0.5,none,0.3865762271852745,utility_restoration_critical_load_04_3,1.0,abstain,utility_restoration_incident_04,0.0,authorize_emergency_resource,6,0.5749628328544998
v6-pilot_sketch_cost-utility_restoration-telemetry_integrity-private_fragmented-e60963-never_act-c050-none,never_act,0.5,none,0.517302090404391,utility_restoration_communications_01_3,1.0,abstain,utility_restoration_incident_01,0.0,isolate_or_quarantine,8,0.25900729295118624
v6-pilot_sketch_cost-utility_restoration-telemetry_integrity-private_fragmented-e60963-never_act-c050-none,never_act,0.5,none,0.3119562917678055,utility_restoration_communications_02_2,1.0,abstain,utility_restoration_incident_02,0.0,isolate_or_quarantine,8,0.5230769652276375
v6-pilot_sketch_cost-utility_restoration-telemetry_integrity-private_fragmented-e60963-never_act-c050-none,never_act,0.5,none,0.4983924279800186,utility_restoration_cyber_defense_03_2,1.0,abstain,utility_restoration_incident_03,0.0,reroute_or_reconfigure,8,0.4179570672122783
v6-pilot_sketch_cost-utility_restoration-telemetry_integrity-private_fragmented-e60963-never_act-c050-none,never_act,0.5,none,0.4297702418107431,utility_restoration_critical_load_04_3,1.0,abstain,utility_restoration_incident_04,0.0,authorize_emergency_resource,8,0.7243210769248691
v6-pilot_sketch_cost-utility_restoration-telemetry_integrity-private_fragmented-e60963-never_act-c050-none,never_act,0.5,none,0.518528510333234,utility_restoration_communications_01_3,1.0,abstain,utility_restoration_incident_01,0.0,reroute_or_reconfigure,10,0.6632756244009523
v6-pilot_sketch_cost-utility_restoration-telemetry_integrity-private_fragmented-e60963-never_act-c050-none,never_act,0.5,none,0.3233753670386776,utility_restoration_communications_02_2,1.0,abstain,utility_restoration_incident_02,0.0,reroute_or_reconfigure,10,0.569918295740117
v6-pilot_sketch_cost-utility_restoration-telemetry_integrity-private_fragmented-e60963-never_act-c050-none,never_act,0.5,none,0.5106685844447889,utility_restoration_cyber_defense_03_2,1.0,abstain,utility_restoration_incident_03,0.0,isolate_or_quarantine,10,0.6352543591203721
v6-pilot_sketch_cost-utility_restoration-telemetry_integrity-private_fragmented-e60963-never_act-c050-none,never_act,0.5,none,0.40537066917319964,utility_restoration_resource_allocation_04_2,1.0,abstain,utility_restoration_incident_04,0.0,authorize_emergency_resource,10,0.38098315922440606
v6-pilot_sketch_cost-utility_restoration-telemetry_integrity-private_fragmented-e60963-never_act-c050-periodic,never_act,0.5,periodic,0.45434851123462683,utility_restoration_field_crew_01_2,0.8671535838238623,abstain,utility_restoration_incident_01,0.13284641617613768,reroute_or_reconfigure,2,0.4780044953982407
v6-pilot_sketch_cost-utility_restoration-telemetry_integrity-private_fragmented-e60963-never_act-c050-periodic,never_act,0.5,periodic,0.37777795849504336,utility_restoration_cyber_defense_02_3,0.9741624873285996,abstain,utility_restoration_incident_02,0.025837512671400442,reroute_or_reconfigure,2,0.5363339978604786
v6-pilot_sketch_cost-utility_restoration-telemetry_integrity-private_fragmented-e60963-never_act-c050-periodic,never_act,0.5,periodic,0.4528436050995788,utility_restoration_cyber_defense_03_2,0.9760112090552031,abstain,utility_restoration_incident_03,0.02398879094479689,isolate_or_quarantine,2,0.6521814306678283
v6-pilot_sketch_cost-utility_restoration-telemetry_integrity-private_fragmented-e60963-never_act-c050-periodic,never_act,0.5,periodic,0.3256593826131289,utility_restoration_resource_allocation_04_2,0.8620948094315515,abstain,utility_restoration_incident_04,0.13790519056844852,deploy_repair_capacity,2,0.2751189747330186
v6-pilot_sketch_cost-utility_restoration-telemetry_integrity-private_fragmented-e60963-never_act-c050-periodic,never_act,0.5,periodic,0.4934520929058882,utility_restoration_field_crew_01_2,0.9672184652720036,abstain,utility_restoration_incident_01,0.032781534727996386,reroute_or_reconfigure,4,0.6062762077773397
v6-pilot_sketch_cost-utility_restoration-telemetry_integrity-private_fragmented-e60963-never_act-c050-periodic,never_act,0.5,periodic,0.271861969668421,utility_restoration_cyber_defense_02_3,0.9772639703658682,abstain,utility_restoration_incident_02,0.022736029634131794,reroute_or_reconfigure,4,0.30098362110937144
v6-pilot_sketch_cost-utility_restoration-telemetry_integrity-private_fragmented-e60963-never_act-c050-periodic,never_act,0.5,periodic,0.46306997066712313,utility_restoration_cyber_defense_03_2,0.9896090152566838,abstain,utility_restoration_incident_03,0.010390984743316234,reroute_or_reconfigure,4,0.5694289875075669
v6-pilot_sketch_cost-utility_restoration-telemetry_integrity-private_fragmented-e60963-never_act-c050-periodic,never_act,0.5,periodic,0.39841065445504437,utility_restoration_critical_load_04_3,0.8311865510758134,abstain,utility_restoration_incident_04,0.1688134489241866,revise_commitment,4,0.3611533580673997
v6-pilot_sketch_cost-utility_restoration-telemetry_integrity-private_fragmented-e60963-never_act-c050-periodic,never_act,0.5,periodic,0.46100898888746705,utility_restoration_field_crew_01_2,0.9715551365350695,abstain,utility_restoration_incident_01,0.02844486346493047,reroute_or_reconfigure,6,0.3682521929490376
v6-pilot_sketch_cost-utility_restoration-telemetry_integrity-private_fragmented-e60963-never_act-c050-periodic,never_act,0.5,periodic,0.2856475457128119,utility_restoration_communications_02_2,0.9682551550816894,abstain,utility_restoration_incident_02,0.031744844918310644,isolate_or_quarantine,6,0.2917813472015883
v6-pilot_sketch_cost-utility_restoration-telemetry_integrity-private_fragmented-e60963-never_act-c050-periodic,never_act,0.5,periodic,0.4795019695413302,utility_restoration_cyber_defense_03_2,0.9813134986774422,abstain,utility_restoration_incident_03,0.01868650132255778,isolate_or_quarantine,6,0.6986319030611221
v6-pilot_sketch_cost-utility_restoration-telemetry_integrity-private_fragmented-e60963-never_act-c050-periodic,never_act,0.5,periodic,0.3865762271852745,utility_restoration_critical_load_04_3,0.9136055330233069,abstain,utility_restoration_incident_04,0.08639446697669306,authorize_emergency_resource,6,0.5749628328544998
v6-pilot_sketch_cost-utility_restoration-telemetry_integrity-private_fragmented-e60963-never_act-c050-periodic,never_act,0.5,periodic,0.517302090404391,utility_restoration_communications_01_3,0.9649143279018122,abstain,utility_restoration_incident_01,0.0350856720981878,isolate_or_quarantine,8,0.25900729295118624
v6-pilot_sketch_cost-utility_restoration-telemetry_integrity-private_fragmented-e60963-never_act-c050-periodic,never_act,0.5,periodic,0.3119562917678055,utility_restoration_communications_02_2,0.971710476099745,abstain,utility_restoration_incident_02,0.028289523900254965,isolate_or_quarantine,8,0.5230769652276375
v6-pilot_sketch_cost-utility_restoration-telemetry_integrity-private_fragmented-e60963-never_act-c050-periodic,never_act,0.5,periodic,0.4983924279800186,utility_restoration_cyber_defense_03_2,0.9816125874452062,abstain,utility_restoration_incident_03,0.018387412554793814,reroute_or_reconfigure,8,0.4179570672122783
v6-pilot_sketch_cost-utility_restoration-telemetry_integrity-private_fragmented-e60963-never_act-c050-periodic,never_act,0.5,periodic,0.4297702418107431,utility_restoration_critical_load_04_3,0.9445122314736606,abstain,utility_restoration_incident_04,0.05548776852633941,authorize_emergency_resource,8,0.7243210769248691
v6-pilot_sketch_cost-utility_restoration-telemetry_integrity-private_fragmented-e60963-never_act-c050-periodic,never_act,0.5,periodic,0.518528510333234,utility_restoration_communications_01_3,0.9088494144023246,abstain,utility_restoration_incident_01,0.09115058559767542,reroute_or_reconfigure,10,0.6632756244009523
v6-pilot_sketch_cost-utility_restoration-telemetry_integrity-private_fragmented-e60963-never_act-c050-periodic,never_act,0.5,periodic,0.3233753670386776,utility_restoration_communications_02_2,0.9706107671266597,abstain,utility_restoration_incident_02,0.029389232873340276,reroute_or_reconfigure,10,0.569918295740117
v6-pilot_sketch_cost-utility_restoration-telemetry_integrity-private_fragmented-e60963-never_act-c050-periodic,never_act,0.5,periodic,0.5106685844447889,utility_restoration_cyber_defense_03_2,0.9731973036051188,abstain,utility_restoration_incident_03,0.026802696394881198,isolate_or_quarantine,10,0.6352543591203721
v6-pilot_sketch_cost-utility_restoration-telemetry_integrity-private_fragmented-e60963-never_act-c050-periodic,never_act,0.5,periodic,0.40537066917319964,utility_restoration_resource_allocation_04_2,0.9162878840628063,abstain,utility_restoration_incident_04,0.08371211593719374,authorize_emergency_resource,10,0.38098315922440606
