run_id,application,complexity,coupling,fragmentation,network_disruption,topology_family,information_condition,sketch_policy,environment_seed,controller,step,agent_id,target,proposed_operational_action,information_action,communication_action,delegation_action,accepted_physical_action,counterfactual_evaluated,counterfactual_causal_utility,counterfactual_action_accepted,counterfactual_beneficial,counterfactual_harmful,predictive_uncertainty,action_value_margin,severity,safety_risk,resource_scarcity,shannon_local,pooled_uncertainty,js_disagreement,jt_disagreement_0_5,jt_disagreement_2,graph_disagreement,consensus,consensus_residual,entropy_slope,disagreement_slope,distributed_contributor_count,distributed_missing_agent_count,risk_kpi_confidence,risk_predictive_uncertainty,risk_shannon_js,risk_generalized_tsallis_gini,risk_graph_disagreement,risk_combined_generalized_entropic
v7-pilots_iteration2-utility_restoration-large-high-high-high-grid-private_fragmented-774107-always_act-event_triggered,utility_restoration,large,high,high,high,grid,private_fragmented,event_triggered,774107,always_act,0,UTL-00-zone_operator,U00,dispatch_repair_crew,request_peer_evidence,negotiate_commitment,execute_autonomously,True,True,-0.015083622173745074,True,False,True,0.6784252221245033,0.06772569595452921,0.15278740579150246,0.22154173839767857,0.0,0.9156343278003974,0.9156343278003974,0.0,0.0,0.0,0.0,1.0,0.8888888888888888,0.0,0.0,1,8,0.34863459273777403,0.6784252221245033,0.5002786707999007,0.5528767965778729,0.46271637107006913,0.33209962635813794
v7-pilots_iteration2-utility_restoration-large-high-high-high-grid-private_fragmented-774107-always_act-event_triggered,utility_restoration,large,high,high,high,grid,private_fragmented,event_triggered,774107,always_act,0,UTL-01-crew_dispatch,U05,no_operational_action,request_peer_evidence,send_targeted_summary,execute_autonomously,False,False,0.0,False,False,False,0.7028269654988596,0.005474746277952802,0.0,0.0,0.0,0.8845964777221548,0.8845964777221548,0.0,0.0,0.0,0.0,1.0,0.8888888888888888,0.0,0.0,1,8,0.3037611682696123,0.7028269654988596,0.5022799056300825,0.5580136848450226,0.4729651032872988,0.3123471058952363
v7-pilots_iteration2-utility_restoration-large-high-high-high-grid-private_fragmented-774107-always_act-event_triggered,utility_restoration,large,high,high,high,grid,private_fragmented,event_triggered,774107,always_act,0,UTL-02-cyber_defense,U10,restore_communication_relay,request_peer_evidence,send_targeted_summary,execute_autonomously,True,True,-0.014982746553755569,True,False,True,0.6977751611811469,0.016953957506008033,0.1494248851251857,0.21666608343151927,0.0,0.8273265847358238,0.8273265847358238,0.0,0.0,0.0,0.0,1.0,0.8888888888888888,0.0,0.0,1,8,0.3540434148251546,0.6977751611811469,0.4859417106564147,0.5475329943829745,0.4708433454738594,0.336932530698059
v7-pilots_iteration2-utility_restoration-large-high-high-high-grid-private_fragmented-774107-always_act-event_triggered,utility_restoration,large,high,high,high,grid,private_fragmented,event_triggered,774107,always_act,0,UTL-03-communications,U15,reconfigure_service_edge,request_peer_evidence,negotiate_commitment,execute_autonomously,True,True,-0.010499999999999999,True,False,True,0.6654301651058163,0.005188763368143112,0.0,0.0,0.0,0.7832882166138387,0.7832882166138387,0.0,0.0,0.0,0.0,1.0,0.8888888888888888,0.0,0.0,1,8,0.29104625613597757,0.6654301651058163,0.46199412019578623,0.5251351149345231,0.45725844712222063,0.30187600178518414
v7-pilots_iteration2-utility_restoration-large-high-high-high-grid-private_fragmented-774107-always_act-event_triggered,utility_restoration,large,high,high,high,grid,private_fragmented,event_triggered,774107,always_act,0,UTL-04-resource_allocation,U04,no_operational_action,no_information_action,no_communication_action,execute_autonomously,False,False,0.0,False,False,False,0.5491075777033243,0.28274457584241103,0.0,0.0,0.0,0.8605995706198585,0.8605995706198585,0.0,0.0,0.0,0.0,1.0,0.875,0.0,0.0,1,7,0.25149657641913026,0.5491075777033243,0.43479292373629436,0.48232366808358884,0.4056251826353962,0.26750012175693083
v7-pilots_iteration2-utility_restoration-large-high-high-high-grid-private_fragmented-774107-always_act-event_triggered,utility_restoration,large,high,high,high,grid,private_fragmented,event_triggered,774107,always_act,0,UTL-05-critical_load,U02,no_operational_action,request_peer_evidence,send_targeted_summary,execute_autonomously,False,False,0.0,False,False,False,0.7112586554627152,0.05170286724473544,0.0,0.0,0.0,0.8716475704743716,0.8716475704743716,0.0,0.0,0.0,0.0,1.0,0.875,0.0,0.0,1,7,0.3066279428573232,0.7112586554627152,0.5024153548036789,0.5570666357749108,0.4737286352943404,0.31290242352956027
v7-pilots_iteration2-utility_restoration-large-high-high-high-grid-private_fragmented-774107-always_act-event_triggered,utility_restoration,large,high,high,high,grid,private_fragmented,event_triggered,774107,always_act,0,UTL-06-zone_operator,U00,dispatch_repair_crew,no_information_action,negotiate_commitment,execute_autonomously,True,True,-0.010499999999999999,True,False,True,0.5673452406711618,0.23763522888906438,0.0,0.0,0.0,0.80873725094632,0.80873725094632,0.0,0.0,0.0,0.0,1.0,0.8888888888888888,0.0,0.0,1,8,0.257697381828195,0.5673452406711618,0.4291224090050447,0.48660094851070385,0.4160627788596657,0.2744122229434809
v7-pilots_iteration2-utility_restoration-large-high-high-high-grid-private_fragmented-774107-always_act-event_triggered,utility_restoration,large,high,high,high,grid,private_fragmented,event_triggered,774107,always_act,0,UTL-07-crew_dispatch,U05,no_operational_action,no_information_action,no_communication_action,execute_autonomously,False,False,0.0,False,False,False,0.8236591552088701,0.28661358218705185,0.34067888098710825,0.49398437743130696,0.0,0.8263019224859522,0.8263019224859522,0.0,0.0,0.0,0.0,1.0,0.8888888888888888,0.0,0.0,1,8,0.46340036335452955,0.8236591552088701,0.5360391427050362,0.5862133534630882,0.5237146229655032,0.405458244305796
v7-pilots_iteration2-utility_restoration-large-high-high-high-grid-private_fragmented-774107-always_act-event_triggered,utility_restoration,large,high,high,high,grid,private_fragmented,event_triggered,774107,always_act,0,UTL-08-cyber_defense,U10,no_operational_action,request_peer_evidence,send_targeted_summary,execute_autonomously,False,False,0.0,False,False,False,0.7254118917941583,0.09687960497187093,0.0,0.0,0.0,0.8343161772634948,0.8343161772634948,0.0,0.0,0.0,0.0,1.0,0.8888888888888888,0.0,0.0,1,8,0.31144004321001384,0.7254118917941583,0.49874380103353705,0.5572791652542406,0.4824507723313243,0.31867088525791987
v7-pilots_iteration2-utility_restoration-large-high-high-high-grid-private_fragmented-774107-always_act-event_triggered,utility_restoration,large,high,high,high,grid,private_fragmented,event_triggered,774107,always_act,0,UTL-09-communications,U15,reconfigure_service_edge,request_peer_evidence,negotiate_commitment,execute_autonomously,True,False,0.0,False,False,False,0.7132387313329254,0.044915912232783045,0.020130139884911635,0.029188702833121874,0.0,0.8959351723033482,0.8959351723033481,0.0,0.0,1.1102230246251565e-16,0.0,1.0,0.8888888888888888,0.0,0.0,1,8,0.31430645733314394,0.7132387313329254,0.5092792856090071,0.5665373773245936,0.47733804493760645,0.31876504466874933
v7-pilots_iteration2-utility_restoration-large-high-high-high-grid-private_fragmented-774107-always_act-event_triggered,utility_restoration,large,high,high,high,grid,private_fragmented,event_triggered,774107,always_act,0,UTL-10-resource_allocation,U04,no_operational_action,no_information_action,no_communication_action,execute_autonomously,False,False,0.0,False,False,False,0.48170775392803467,0.349948941253754,0.006450602336535959,0.009353373387977142,0.0,0.7440563409314541,0.7440563409314541,0.0,0.0,0.0,0.0,1.0,0.875,0.0,0.0,1,7,0.23082544594864632,0.48170775392803467,0.3786971868040774,0.4323373844501781,0.37731725664977456,0.24975057590640698
v7-pilots_iteration2-utility_restoration-large-high-high-high-grid-private_fragmented-774107-always_act-event_triggered,utility_restoration,large,high,high,high,grid,private_fragmented,event_triggered,774107,always_act,0,UTL-11-critical_load,U02,no_operational_action,no_information_action,no_communication_action,execute_autonomously,False,False,0.0,False,False,False,0.5985046494564076,0.23033553917020766,0.21236386370424956,0.30792760237116185,0.0,0.9013492375697721,0.9013492375697721,0.0,0.0,0.0,0.0,1.0,0.875,0.0,0.0,1,7,0.34219420538425743,0.5985046494564076,0.4647391691750061,0.5136790141077225,0.42637195277169115,0.31828261413233355
v7-pilots_iteration2-utility_restoration-large-high-high-high-grid-private_fragmented-774107-always_act-event_triggered,utility_restoration,large,high,high,high,grid,private_fragmented,event_triggered,774107,always_act,0,UTL-12-zone_operator,U00,no_operational_action,request_peer_evidence,send_targeted_summary,execute_autonomously,False,False,0.0,False,False,False,0.6887457528383177,0.0187370832947944,0.10061566082941345,0.1458927082026495,0.0,0.8792984651384672,0.8792984651384672,0.0,0.0,0.0,0.0,1.0,0.8888888888888888,0.0,0.0,1,8,0.33398780593366395,0.6887457528383177,0.4953229174199439,0.5508970488189324,0.46705099396987126,0.3259114913346025
v7-pilots_iteration2-utility_restoration-large-high-high-high-grid-private_fragmented-774107-always_act-event_triggered,utility_restoration,large,high,high,high,grid,private_fragmented,event_triggered,774107,always_act,0,UTL-13-crew_dispatch,U05,no_operational_action,request_peer_evidence,send_targeted_summary,execute_autonomously,False,False,0.0,False,False,False,0.6782910994672557,0.022643597251845837,0.03503586801415947,0.05080200862053123,0.0,0.7933682212361174,0.7933682212361174,0.0,0.0,0.0,0.0,1.0,0.8888888888888888,0.0,0.0,1,8,0.3076114558877945,0.6782910994672557,0.4696584950959316,0.5317234126401845,0.46266003955402524,0.3115733044408509
v7-pilots_iteration2-utility_restoration-large-high-high-high-grid-private_fragmented-774107-always_act-event_triggered,utility_restoration,large,high,high,high,grid,private_fragmented,event_triggered,774107,always_act,0,UTL-14-cyber_defense,U10,no_operational_action,request_peer_evidence,send_targeted_summary,execute_autonomously,False,False,0.0,False,False,False,0.7095167927088573,0.008793448605299237,0.0,0.0,0.0,0.912710142770421,0.912710142770421,0.0,0.0,0.0,0.0,1.0,0.8888888888888888,0.0,0.0,1,8,0.3060357095210115,0.7095167927088573,0.5119842527761482,0.56545017011005,0.47577483071549787,0.3142202575140356
v7-pilots_iteration2-utility_restoration-large-high-high-high-grid-private_fragmented-774107-always_act-event_triggered,utility_restoration,large,high,high,high,grid,private_fragmented,event_triggered,774107,always_act,0,UTL-15-communications,U15,no_operational_action,request_peer_evidence,send_targeted_summary,execute_autonomously,False,False,0.0,False,False,False,0.6570058602033144,0.09470765291369396,0.07477465915076718,0.10842325576861242,0.0,0.863843080263346,0.863843080263346,0.0,0.0,0.0,0.0,1.0,0.8888888888888888,0.0,0.0,1,8,0.3142035738535939,0.6570058602033144,0.4787631141471623,0.5360680430133103,0.45372023906316983,0.3125279871047171
v7-pilots_iteration2-utility_restoration-large-high-high-high-grid-private_fragmented-774107-always_act-event_triggered,utility_restoration,large,high,high,high,grid,private_fragmented,event_triggered,774107,always_act,0,UTL-16-resource_allocation,U04,restore_communication_relay,request_peer_evidence,negotiate_commitment,execute_autonomously,True,False,0.0,False,False,False,0.6738398988851563,0.03001552858777734,0.10968582291223707,0.15904444322274375,0.0,0.8868833717110485,0.8868833717110485,0.0,0.0,0.0,0.0,1.0,0.875,0.0,0.0,1,7,0.33207623199441166,0.6738398988851563,0.49125680248182463,0.5448750293645641,0.4580127575317656,0.32151050487457306
v7-pilots_iteration2-utility_restoration-large-high-high-high-grid-private_fragmented-774107-always_act-event_triggered,utility_restoration,large,high,high,high,grid,private_fragmented,event_triggered,774107,always_act,0,UTL-17-critical_load,U02,no_operational_action,request_peer_evidence,send_targeted_summary,execute_autonomously,False,False,0.0,False,False,False,0.5862544042266056,0.11080193451147946,0.016271442190448283,0.02359359117615001,0.0,0.8066644437011475,0.8066644437011475,0.0,0.0,0.0,0.0,1.0,0.875,0.0,0.0,1,7,0.2697889593193219,0.5862544042266056,0.43616787261592915,0.49098387951774725,0.42122684977517433,0.2807324641245876
v7-pilots_iteration2-utility_restoration-large-high-high-high-grid-private_fragmented-774107-always_act-event_triggered,utility_restoration,large,high,high,high,grid,private_fragmented,event_triggered,774107,always_act,0,UTL-18-zone_operator,U00,no_operational_action,no_information_action,no_communication_action,execute_autonomously,False,False,0.0,False,False,False,0.6315395016552102,0.16881760298066728,0.0,0.0,0.0,0.9125766640931456,0.9125766640931456,0.0,0.0,0.0,0.0,1.0,0.8888888888888888,0.0,0.0,1,8,0.2795234305627715,0.6315395016552102,0.4807599666853705,0.5313626406407905,0.4430243684729661,0.2923866160190144
v7-pilots_iteration2-utility_restoration-large-high-high-high-grid-private_fragmented-774107-always_act-event_triggered,utility_restoration,large,high,high,high,grid,private_fragmented,event_triggered,774107,always_act,0,UTL-19-crew_dispatch,U05,no_operational_action,request_peer_evidence,send_targeted_summary,execute_autonomously,False,False,0.0,False,False,False,0.7052338448453332,0.07888904425358043,0.1582981795082522,0.2295323602869657,0.0,0.9365124764156705,0.9365124764156705,0.0,0.0,0.0,0.0,1.0,0.8888888888888888,0.0,0.0,1,8,0.3596672737162851,0.7052338448453332,0.5162216570420509,0.5694499146657825,0.47397599261281775,0.34056491534668476
v7-pilots_iteration2-utility_restoration-large-high-high-high-grid-private_fragmented-774107-always_act-event_triggered,utility_restoration,large,high,high,high,grid,private_fragmented,event_triggered,774107,always_act,0,UTL-20-cyber_defense,U10,no_operational_action,no_information_action,no_communication_action,execute_autonomously,False,False,0.0,False,False,False,0.43245967908067795,0.4533206164712378,0.3171142168483014,0.459815614430037,0.0,0.7442620288130788,0.7442620288130788,0.0,0.0,0.0,0.0,1.0,0.8888888888888888,0.0,0.0,1,8,0.3221920383506394,0.43245967908067795,0.3590493788355409,0.4014043631021755,0.3594108429916625,0.2918221394297498
v7-pilots_iteration2-utility_restoration-large-high-high-high-grid-private_fragmented-774107-always_act-event_triggered,utility_restoration,large,high,high,high,grid,private_fragmented,event_triggered,774107,always_act,0,UTL-21-communications,U15,no_operational_action,no_information_action,no_communication_action,execute_autonomously,False,False,0.0,False,False,False,0.4512456937607593,0.2712273152451545,0.04169070929860162,0.060451528482972354,0.0,0.6442437786323497,0.6442437786323497,0.0,0.0,0.0,0.0,1.0,0.8888888888888888,0.0,0.0,1,8,0.23273190271457153,0.4512456937607593,0.34155922216239115,0.39956700370866366,0.3673009691572967,0.24915853322652487
v7-pilots_iteration2-utility_restoration-large-high-high-high-grid-private_fragmented-774107-always_act-event_triggered,utility_restoration,large,high,high,high,grid,private_fragmented,event_triggered,774107,always_act,0,UTL-22-resource_allocation,U04,no_operational_action,request_peer_evidence,send_targeted_summary,execute_autonomously,False,False,0.0,False,False,False,0.6197640121078516,0.07700199193866059,0.11142671924755229,0.16156874290895082,0.0,0.7973095451742054,0.7973095451742054,0.0,0.0,0.0,0.0,1.0,0.875,0.0,0.0,1,7,0.3142962624148178,0.6197640121078516,0.447232991136692,0.5089042852912862,0.43530088508529763,0.3066721725392726
v7-pilots_iteration2-utility_restoration-large-high-high-high-grid-private_fragmented-774107-always_act-event_triggered,utility_restoration,large,high,high,high,grid,private_fragmented,event_triggered,774107,always_act,0,UTL-23-critical_load,U02,no_operational_action,no_information_action,no_communication_action,execute_autonomously,False,False,0.0,False,False,False,0.4768222538957493,0.3730110946139798,0.21302144466182452,0.30888109475964554,0.0,0.7898395278894281,0.7898395278894281,0.0,0.0,0.0,0.0,1.0,0.875,0.0,0.0,1,7,0.3010510290668697,0.4768222538957493,0.3881887835306568,0.43300262955803,0.3752653466362147,0.2843259624619673
v7-pilots_iteration2-utility_restoration-large-high-high-high-grid-private_fragmented-774107-always_act-event_triggered,utility_restoration,large,high,high,high,grid,private_fragmented,event_triggered,774107,always_act,0,UTL-24-zone_operator,U00,no_operational_action,request_peer_evidence,send_targeted_summary,execute_autonomously,False,False,0.0,False,False,False,0.6861329934201397,0.1013974263802189,0.002563022493484283,0.00371638261555221,0.0,0.934548264991314,0.934548264991314,0.0,0.0,0.0,0.0,1.0,0.8888888888888888,0.0,0.0,1,8,0.29897714959058,0.6861329934201397,0.5080902636158844,0.5598737424737377,0.4659536350142365,0.3081187596270609
v7-pilots_iteration2-utility_restoration-large-high-high-high-grid-private_fragmented-774107-always_act-event_triggered,utility_restoration,large,high,high,high,grid,private_fragmented,event_triggered,774107,always_act,0,UTL-25-crew_dispatch,U05,no_operational_action,request_peer_evidence,send_targeted_summary,execute_autonomously,False,False,0.0,False,False,False,0.5898471581639348,0.08261565500395207,0.0,0.0,0.0,0.740529711432592,0.740529711432592,0.0,0.0,0.0,0.0,1.0,0.8888888888888888,0.0,0.0,1,8,0.26534803377573785,0.5898471581639348,0.421071291123722,0.4845232302548404,0.42551358420663044,0.2807127598414573
v7-pilots_iteration2-utility_restoration-large-high-high-high-grid-private_fragmented-774107-always_act-event_triggered,utility_restoration,large,high,high,high,grid,private_fragmented,event_triggered,774107,always_act,0,UTL-26-cyber_defense,U10,no_operational_action,no_information_action,no_communication_action,execute_autonomously,False,False,0.0,False,False,False,0.5439128633478478,0.2635592975762361,0.1505273235056912,0.21826461908325223,0.0,0.7999463196961895,0.7999463196961895,0.0,0.0,0.0,0.0,1.0,0.8888888888888888,0.0,0.0,1,8,0.3021138821182488,0.5439128633478478,0.4175517252631865,0.47213906014504015,0.4062211803838739,0.2940429115829432
v7-pilots_iteration2-utility_restoration-large-high-high-high-grid-private_fragmented-774107-always_act-event_triggered,utility_restoration,large,high,high,high,grid,private_fragmented,event_triggered,774107,always_act,0,UTL-27-communications,U15,no_operational_action,no_information_action,no_communication_action,execute_autonomously,False,False,0.0,False,False,False,0.2441210853163016,0.6610039168026948,0.0,0.0,0.0,0.4903336652366653,0.4903336652366653,0.0,0.0,0.0,0.0,1.0,0.8888888888888888,0.0,0.0,1,8,0.14780116900754256,0.2441210853163016,0.22023185043568697,0.24554372177514555,0.28030863361062447,0.18390945944412002
v7-pilots_iteration2-utility_restoration-large-high-high-high-grid-private_fragmented-774107-always_act-event_triggered,utility_restoration,large,high,high,high,grid,private_fragmented,event_triggered,774107,always_act,0,UTL-28-resource_allocation,U04,restore_communication_relay,request_peer_evidence,send_targeted_summary,execute_autonomously,True,False,0.0,False,False,False,0.6429831959030787,0.06655160235264179,0.11638503316662516,0.16875829809160647,0.0,0.8665516742726974,0.8665516742726974,0.0,0.0,0.0,0.0,1.0,0.875,0.0,0.0,1,7,0.3239162781490324,0.6429831959030787,0.4738311969294059,0.5280664382996141,0.44505294227929304,0.31403629062385485
v7-pilots_iteration2-utility_restoration-large-high-high-high-grid-private_fragmented-774107-always_act-event_triggered,utility_restoration,large,high,high,high,grid,private_fragmented,event_triggered,774107,always_act,0,UTL-29-critical_load,U02,no_operational_action,request_peer_evidence,send_targeted_summary,execute_autonomously,False,False,0.0,False,False,False,0.6090377119204025,0.011956124725122086,0.11729591400094014,0.1700790753013632,0.0,0.7224057503986991,0.7224057503986991,0.0,0.0,0.0,0.0,1.0,0.875,0.0,0.0,1,7,0.31269180012526404,0.6090377119204025,0.4242165223678358,0.48844122415376856,0.43079583900656904,0.3046900483738763
v7-pilots_iteration2-utility_restoration-large-high-high-high-grid-private_fragmented-774107-always_act-event_triggered,utility_restoration,large,high,high,high,grid,private_fragmented,event_triggered,774107,always_act,0,UTL-30-zone_operator,U00,reconfigure_service_edge,request_peer_evidence,send_targeted_summary,execute_autonomously,True,False,0.0,False,False,False,0.6583041700268474,0.0548857664472292,0.3590943841376954,0.5206868569996583,0.0,0.8279385232587804,0.8279385232587804,0.0,0.0,0.0,0.0,1.0,0.8888888888888888,0.0,0.0,1,8,0.41358826348904615,0.6583041700268474,0.47030629882543407,0.5318657960325999,0.4542655291890537,0.3623631460030318
v7-pilots_iteration2-utility_restoration-large-high-high-high-grid-private_fragmented-774107-always_act-event_triggered,utility_restoration,large,high,high,high,grid,private_fragmented,event_triggered,774107,always_act,0,UTL-31-crew_dispatch,U05,no_operational_action,no_information_action,no_communication_action,execute_autonomously,False,False,0.0,False,False,False,0.5898874382935858,0.18647753911248643,0.006058115367605338,0.00878426728302774,0.0,0.8741324206568623,0.8741324206568623,0.0,0.0,0.0,0.0,1.0,0.8888888888888888,0.0,0.0,1,8,0.26746995316774586,0.5898874382935858,0.4544880804816499,0.5046415251985197,0.4255305018610838,0.28177815035172293
v7-pilots_iteration2-utility_restoration-large-high-high-high-grid-private_fragmented-774107-always_act-event_triggered,utility_restoration,large,high,high,high,grid,private_fragmented,event_triggered,774107,always_act,0,UTL-32-cyber_defense,U10,no_operational_action,request_peer_evidence,send_targeted_summary,execute_autonomously,False,False,0.0,False,False,False,0.7297555074410916,0.0074504847535216134,0.005052878289853054,0.007326673520286929,0.0,0.9069642887249051,0.9069642887249051,0.0,0.0,0.0,0.0,1.0,0.8888888888888888,0.0,0.0,1,8,0.31467527417484004,0.7297555074410916,0.518643275157663,0.5734605172875669,0.4842750909030362,0.3207662984614956
v7-pilots_iteration2-utility_restoration-large-high-high-high-grid-private_fragmented-774107-always_act-event_triggered,utility_restoration,large,high,high,high,grid,private_fragmented,event_triggered,774107,always_act,0,UTL-33-communications,U15,no_operational_action,request_peer_evidence,send_targeted_summary,execute_autonomously,False,False,0.0,False,False,False,0.726937772778987,0.042242008461711944,0.0,0.0,0.0,0.8621487696226515,0.8621487696226515,0.0,0.0,0.0,0.0,1.0,0.8888888888888888,0.0,0.0,1,8,0.3119588427448556,0.726937772778987,0.5063123015172577,0.5688104873113319,0.4830916423449523,0.3190981319336719
v7-pilots_iteration2-utility_restoration-large-high-high-high-grid-private_fragmented-774107-always_act-event_triggered,utility_restoration,large,high,high,high,grid,private_fragmented,event_triggered,774107,always_act,0,UTL-34-resource_allocation,U04,restore_communication_relay,request_peer_evidence,send_targeted_summary,execute_autonomously,True,False,0.0,False,False,False,0.6208149274593389,0.023089033183830265,0.0,0.0,0.0,0.7601755115408041,0.7601755115408041,0.0,0.0,0.0,0.0,1.0,0.875,0.0,0.0,1,7,0.2758770753361752,0.6208149274593389,0.4383698488689366,0.500797166187537,0.4357422695329223,0.2875781796886149
v7-pilots_iteration2-utility_restoration-large-high-high-high-grid-private_fragmented-774107-always_act-event_triggered,utility_restoration,large,high,high,high,grid,private_fragmented,event_triggered,774107,always_act,0,UTL-35-critical_load,U02,no_operational_action,request_peer_evidence,send_targeted_summary,execute_autonomously,False,False,0.0,False,False,False,0.6756594400017982,0.009704234053663163,0.0,0.0,0.0,0.8283477976504995,0.8283477976504995,0.0,0.0,0.0,0.0,1.0,0.875,0.0,0.0,1,7,0.29452420960061143,0.6756594400017982,0.4773507254133442,0.539514655008646,0.45877696480075525,0.3029346432005035
v7-pilots_iteration2-utility_restoration-large-high-high-high-grid-private_fragmented-774107-always_act-event_triggered,utility_restoration,large,high,high,high,grid,private_fragmented,event_triggered,774107,always_act,0,UTL-36-zone_operator,U00,isolate_component,request_peer_evidence,send_targeted_summary,execute_autonomously,True,True,-0.011972715819073132,True,False,True,0.6484483383168066,0.02833758208924536,0.04909052730243778,0.07118126458853477,0.0,0.7607418059365658,0.7607418059365658,0.0,0.0,0.0,0.0,1.0,0.8888888888888888,0.0,0.0,1,8,0.30235593852896264,0.6484483383168066,0.4495647868108641,0.5152960597456331,0.4501260798708365,0.3056628420348856
v7-pilots_iteration2-utility_restoration-large-high-high-high-grid-private_fragmented-774107-always_act-event_triggered,utility_restoration,large,high,high,high,grid,private_fragmented,event_triggered,774107,always_act,0,UTL-37-crew_dispatch,U05,no_operational_action,request_peer_evidence,send_targeted_summary,execute_autonomously,False,False,0.0,False,False,False,0.6591842444045658,0.041188115764959066,0.11392219562130884,0.16518718365089782,0.0,0.8742503166318539,0.8742503166318539,0.0,0.0,0.0,0.0,1.0,0.8888888888888888,0.0,0.0,1,8,0.3285675671737679,0.6591842444045658,0.48223627691978976,0.5363538436472236,0.45463516042769536,0.3199496060269418
v7-pilots_iteration2-utility_restoration-large-high-high-high-grid-private_fragmented-774107-always_act-event_triggered,utility_restoration,large,high,high,high,grid,private_fragmented,event_triggered,774107,always_act,0,UTL-38-cyber_defense,U10,no_operational_action,no_information_action,no_communication_action,execute_autonomously,False,False,0.0,False,False,False,0.4262066502466161,0.3867342760529397,0.0,0.0,0.0,0.7134237254555643,0.7134237254555643,0.0,0.0,0.0,0.0,1.0,0.8888888888888888,0.0,0.0,1,8,0.20971026108384946,0.4262066502466161,0.3488385914625375,0.39312256181106414,0.3567845708813565,0.23489341762460808
v7-pilots_iteration2-utility_restoration-large-high-high-high-grid-private_fragmented-774107-always_act-event_triggered,utility_restoration,large,high,high,high,grid,private_fragmented,event_triggered,774107,always_act,0,UTL-39-communications,U15,no_operational_action,no_information_action,no_communication_action,execute_autonomously,False,False,0.0,False,False,False,0.5627612178252597,0.2947693675370819,0.0,0.0,0.0,0.8784356793279208,0.8784356793279208,0.0,0.0,0.0,0.0,1.0,0.8888888888888888,0.0,0.0,1,8,0.2561388140605883,0.5627612178252597,0.44471340696208406,0.4922281601524986,0.41413748926438687,0.2731286965466283
v7-pilots_iteration2-utility_restoration-large-high-high-high-grid-private_fragmented-774107-always_act-event_triggered,utility_restoration,large,high,high,high,grid,private_fragmented,event_triggered,774107,always_act,0,UTL-40-resource_allocation,U04,reconfigure_service_edge,request_peer_evidence,send_targeted_summary,execute_autonomously,True,False,0.0,False,False,False,0.6535407908744983,0.018776315967409918,0.30162954077928633,0.4373628341299652,0.0,0.832840726171498,0.832840726171498,0.0,0.0,0.0,0.0,1.0,0.875,0.0,0.0,1,7,0.3919709490885211,0.6535407908744983,0.46962649789267386,0.5260794768914041,0.4494871321672893,0.3492249615404554
v7-pilots_iteration2-utility_restoration-large-high-high-high-grid-private_fragmented-774107-always_act-event_triggered,utility_restoration,large,high,high,high,grid,private_fragmented,event_triggered,774107,always_act,0,UTL-41-critical_load,U02,no_operational_action,no_information_action,no_communication_action,execute_autonomously,False,False,0.0,False,False,False,0.6483313648219176,0.17972073645502626,0.0,0.0,0.0,0.9252609974626922,0.9252609974626922,0.0,0.0,0.0,0.0,1.0,0.875,0.0,0.0,1,7,0.285232664039452,0.6483313648219176,0.4906477952944401,0.5416843339680744,0.4472991732252054,0.2952827821501369
v7-pilots_iteration2-utility_restoration-large-high-high-high-grid-private_fragmented-774107-always_act-event_triggered,utility_restoration,large,high,high,high,grid,private_fragmented,event_triggered,774107,always_act,0,UTL-42-zone_operator,U00,no_operational_action,request_peer_evidence,send_targeted_summary,execute_autonomously,False,False,0.0,False,False,False,0.57542000133137,0.136930315621551,0.0,0.0,0.0,0.8048731644748272,0.8048731644748272,0.0,0.0,0.0,0.0,1.0,0.8888888888888888,0.0,0.0,1,8,0.26044280045266577,0.57542000133137,0.43138629165125475,0.48614921469686523,0.41945417833695314,0.2766731559283392
v7-pilots_iteration2-utility_restoration-large-high-high-high-grid-private_fragmented-774107-always_act-event_triggered,utility_restoration,large,high,high,high,grid,private_fragmented,event_triggered,774107,always_act,0,UTL-43-crew_dispatch,U05,no_operational_action,request_peer_evidence,send_targeted_summary,execute_autonomously,False,False,0.0,False,False,False,0.7013931142160355,0.007430773950634961,0.24961501959154822,0.36194177840774494,0.0,0.8554454831019274,0.8554454831019274,0.0,0.0,0.0,0.0,1.0,0.8888888888888888,0.0,0.0,1,8,0.39013968565131085,0.7013931142160355,0.49441861646189605,0.5570858324638546,0.4723628857485127,0.35537864094497484
v7-pilots_iteration2-utility_restoration-large-high-high-high-grid-private_fragmented-774107-always_act-event_triggered,utility_restoration,large,high,high,high,grid,private_fragmented,event_triggered,774107,always_act,0,UTL-44-cyber_defense,U10,no_operational_action,no_information_action,no_communication_action,execute_autonomously,False,False,0.0,False,False,False,0.42779275151443086,0.40928361264531504,0.13970795933072844,0.20257654102955625,0.0,0.689131318208484,0.689131318208484,0.0,0.0,0.0,0.0,1.0,0.8888888888888888,0.0,0.0,1,8,0.258867905362,0.42779275151443086,0.34339993015789333,0.39255446717006703,0.3574507334138387,0.25964671090314295
v7-pilots_iteration2-utility_restoration-large-high-high-high-grid-private_fragmented-774107-always_act-event_triggered,utility_restoration,large,high,high,high,grid,private_fragmented,event_triggered,774107,always_act,0,UTL-45-communications,U15,no_operational_action,request_peer_evidence,send_targeted_summary,execute_autonomously,False,False,0.0,False,False,False,0.6373092694079507,0.003305120380706905,0.0,0.0,0.0,0.7969908046398232,0.7969908046398232,0.0,0.0,0.0,0.0,1.0,0.8888888888888888,0.0,0.0,1,8,0.28148515159870324,0.6373092694079507,0.4541714089231361,0.5117967957997525,0.4454476709291171,0.2940021509897818
v7-pilots_iteration2-utility_restoration-large-high-high-high-grid-private_fragmented-774107-always_act-event_triggered,utility_restoration,large,high,high,high,grid,private_fragmented,event_triggered,774107,always_act,0,UTL-46-resource_allocation,U04,no_operational_action,request_peer_evidence,send_targeted_summary,execute_autonomously,False,False,0.0,False,False,False,0.7087925568621221,0.04287894050344662,0.0727144826438427,0.10543599983357191,0.0,0.8884939890566232,0.8884939890566232,0.0,0.0,0.0,0.0,1.0,0.875,0.0,0.0,1,7,0.3310941092931788,0.7087925568621221,0.5056405200090046,0.565511247374576,0.47269287388209125,0.3248642359014228
v7-pilots_iteration2-utility_restoration-large-high-high-high-grid-private_fragmented-774107-always_act-event_triggered,utility_restoration,large,high,high,high,grid,private_fragmented,event_triggered,774107,always_act,0,UTL-47-critical_load,U02,no_operational_action,request_peer_evidence,send_targeted_summary,execute_autonomously,False,False,0.0,False,False,False,0.6442542307416256,0.05889962004778454,0.11027338908185419,0.15989641416868858,0.0,0.8490401995468576,0.8490401995468576,0.0,0.0,0.0,0.0,1.0,0.875,0.0,0.0,1,7,0.322221577852638,0.6442542307416256,0.4699617421833646,0.526180064572596,0.44558677691148274,0.3133287543078978
v7-pilots_iteration2-utility_restoration-large-high-high-high-grid-private_fragmented-774107-always_act-event_triggered,utility_restoration,large,high,high,high,grid,private_fragmented,event_triggered,774107,always_act,0,UTL-48-zone_operator,U00,no_operational_action,request_peer_evidence,send_targeted_summary,execute_autonomously,False,False,0.0,False,False,False,0.6665242060917634,0.06736750058943552,0.007318838476685119,0.010612315791193422,0.0,0.8717720584418815,0.8717720584418815,0.0,0.0,0.0,0.0,1.0,0.8888888888888888,0.0,0.0,1,8,0.293965185861086,0.6665242060917634,0.4845526970471758,0.5405775510950939,0.4577179443363184,0.3034558111561925
v7-pilots_iteration2-utility_restoration-large-high-high-high-grid-private_fragmented-774107-always_act-event_triggered,utility_restoration,large,high,high,high,grid,private_fragmented,event_triggered,774107,always_act,0,UTL-49-crew_dispatch,U05,no_operational_action,request_peer_evidence,send_targeted_summary,execute_autonomously,False,False,0.0,False,False,False,0.6400389543966314,0.05733296464881521,0.0,0.0,0.0,0.8379182404261385,0.8379182404261385,0.0,0.0,0.0,0.0,1.0,0.8888888888888888,0.0,0.0,1,8,0.2824132444948547,0.6400389543966314,0.4654951418651872,0.5220041451391886,0.4465941386243629,0.29476646278661234
v7-pilots_iteration2-utility_restoration-large-high-high-high-grid-private_fragmented-774107-always_act-event_triggered,utility_restoration,large,high,high,high,grid,private_fragmented,event_triggered,774107,always_act,0,UTL-50-cyber_defense,U10,no_operational_action,request_peer_evidence,send_targeted_summary,execute_autonomously,False,False,0.0,False,False,False,0.6523166355873236,0.13224601269323902,0.008947445224636474,0.01297379557572289,0.0,0.910895552926389,0.910895552926389,0.0,0.0,0.0,0.0,1.0,0.8888888888888888,0.0,0.0,1,8,0.28970136703786353,0.6523166355873236,0.4886505424665267,0.540969959557712,0.45175076472445364,0.29976106898909294
v7-pilots_iteration2-utility_restoration-large-high-high-high-grid-private_fragmented-774107-always_act-event_triggered,utility_restoration,large,high,high,high,grid,private_fragmented,event_triggered,774107,always_act,0,UTL-51-communications,U15,reconfigure_service_edge,no_information_action,no_communication_action,execute_autonomously,True,False,0.0,False,False,False,0.5875914099584671,0.223981847557235,0.25882534766149395,0.37529675410916624,0.0,0.8711834651939147,0.8711834651939147,0.0,0.0,0.0,0.0,1.0,0.8888888888888888,0.0,0.0,1,8,0.3546523003720788,0.5875914099584671,0.45283243028186554,0.5036446166268511,0.424566169960334,0.32511676083702634
v7-pilots_iteration2-utility_restoration-large-high-high-high-grid-private_fragmented-774107-always_act-event_triggered,utility_restoration,large,high,high,high,grid,private_fragmented,event_triggered,774107,always_act,5,UTL-00-zone_operator,U07,isolate_component,request_peer_evidence,negotiate_commitment,execute_autonomously,True,True,-14.400429910068661,True,False,True,0.6151741577390196,0.06742964850154087,0.11437809096408184,0.16584823189791867,0.0,0.7943282017339109,0.7943282017339109,0.0,0.0,0.0,0.0,1.0,0.8888888888888888,0.0,0.0,1,8,0.3137627892867672,0.6151741577390196,0.4446517135290856,0.5046201281969926,0.436150924028166,0.3077061075502313
v7-pilots_iteration2-utility_restoration-large-high-high-high-grid-private_fragmented-774107-always_act-event_triggered,utility_restoration,large,high,high,high,grid,private_fragmented,event_triggered,774107,always_act,5,UTL-01-crew_dispatch,U12,no_operational_action,request_peer_evidence,send_targeted_summary,execute_autonomously,False,False,0.0,False,False,False,0.7328826264333637,0.0639001663594208,0.035104908346904704,0.05090211710301182,0.0,0.958227883328671,0.958227883328671,0.0,0.0,0.0,0.0,1.0,0.8888888888888888,0.0,0.0,1,8,0.32619660109206655,0.7328826264333637,0.5327100214055132,0.5845168853809994,0.48558848087979056,0.32687094500925884
v7-pilots_iteration2-utility_restoration-large-high-high-high-grid-private_fragmented-774107-always_act-event_triggered,utility_restoration,large,high,high,high,grid,private_fragmented,event_triggered,774107,always_act,5,UTL-02-cyber_defense,U17,no_operational_action,request_peer_evidence,send_targeted_summary,execute_autonomously,False,False,0.0,False,False,False,0.6646055211841229,0.04936944075612304,0.0,0.0,0.0,0.8515650973513488,0.8515650973513488,0.0,0.0,0.0,0.0,1.0,0.8888888888888888,0.0,0.0,1,8,0.2907658772026018,0.6646055211841229,0.4787334828114863,0.5360830370994163,0.45691209667510935,0.30164510148711
v7-pilots_iteration2-utility_restoration-large-high-high-high-grid-private_fragmented-774107-always_act-event_triggered,utility_restoration,large,high,high,high,grid,private_fragmented,event_triggered,774107,always_act,5,UTL-03-communications,U22,reconfigure_service_edge,request_peer_evidence,negotiate_commitment,execute_autonomously,True,False,0.0,False,False,False,0.670749429012936,0.12132262244070435,0.0,0.0,0.0,0.9275269848269668,0.9275269848269668,0.0,0.0,0.0,0.0,1.0,0.8888888888888888,0.0,0.0,1,8,0.29285480586439827,0.670749429012936,0.5001815178119161,0.5520863668222866,0.4594925379632109,0.30336539567917764
v7-pilots_iteration2-utility_restoration-large-high-high-high-grid-private_fragmented-774107-always_act-event_triggered,utility_restoration,large,high,high,high,grid,private_fragmented,event_triggered,774107,always_act,5,UTL-04-resource_allocation,U20,no_operational_action,no_information_action,no_communication_action,execute_autonomously,False,False,0.0,False,False,False,0.5515287527840016,0.22086323345989267,0.18142686140076103,0.2630689490311035,0.0,0.8309974792791041,0.8309974792791041,0.0,0.0,0.0,0.0,1.0,0.875,0.0,0.0,1,7,0.31545632371402543,0.5515287527840016,0.42836087093337666,0.47877952823139136,0.4066420761692807,0.2997463246632529
v7-pilots_iteration2-utility_restoration-large-high-high-high-grid-private_fragmented-774107-always_act-event_triggered,utility_restoration,large,high,high,high,grid,private_fragmented,event_triggered,774107,always_act,5,UTL-05-critical_load,U09,no_operational_action,request_peer_evidence,send_targeted_summary,execute_autonomously,False,False,0.0,False,False,False,0.6506998962176174,0.09750983973103228,0.09565795088431674,0.13870402878225926,0.0,0.8669929213422387,0.8669929213422387,0.0,0.0,0.0,0.0,1.0,0.875,0.0,0.0,1,7,0.3193269316217322,0.6506998962176174,0.4770281888226066,0.5331376564544108,0.44829395641139935,0.312590454394804
v7-pilots_iteration2-utility_restoration-large-high-high-high-grid-private_fragmented-774107-always_act-event_triggered,utility_restoration,large,high,high,high,grid,private_fragmented,event_triggered,774107,always_act,5,UTL-06-zone_operator,U07,no_operational_action,no_information_action,no_communication_action,execute_autonomously,False,False,0.0,False,False,False,0.5641370230220178,0.289693173660712,0.07930941998479786,0.1149986589779569,0.0,0.880277566134899,0.880277566134899,0.0,0.0,0.0,0.0,1.0,0.8888888888888888,0.0,0.0,1,8,0.2842062659821957,0.5641370230220178,0.44572420074253194,0.49309432164926753,0.4147153274470253,0.28731376107907536
v7-pilots_iteration2-utility_restoration-large-high-high-high-grid-private_fragmented-774107-always_act-event_triggered,utility_restoration,large,high,high,high,grid,private_fragmented,event_triggered,774107,always_act,5,UTL-07-crew_dispatch,U12,no_operational_action,request_peer_evidence,send_targeted_summary,execute_autonomously,False,False,0.0,False,False,False,0.8334772949239128,0.016983630896472535,0.12327368013468355,0.17874683619529114,0.0,0.8995535119488908,0.8995535119488908,0.0,0.0,0.0,0.0,1.0,0.8888888888888888,0.0,0.0,1,8,0.3910815209610003,0.8334772949239128,0.5582792959567878,0.6170040126839524,0.5278382416458212,0.37037881847768606
v7-pilots_iteration2-utility_restoration-large-high-high-high-grid-private_fragmented-774107-always_act-event_triggered,utility_restoration,large,high,high,high,grid,private_fragmented,event_triggered,774107,always_act,5,UTL-08-cyber_defense,U17,no_operational_action,no_information_action,no_communication_action,execute_autonomously,False,False,0.0,False,False,False,0.5579818982271695,0.20011325704858637,0.2749119591021584,0.39862234069812963,0.0,0.8198836525984972,0.8198836525984972,0.0,0.0,0.0,0.0,1.0,0.8888888888888888,0.0,0.0,1,8,0.35018320716478873,0.5579818982271695,0.4281636724404921,0.4809966722811463,0.41213017503318894,0.3196251679429386
v7-pilots_iteration2-utility_restoration-large-high-high-high-grid-private_fragmented-774107-always_act-event_triggered,utility_restoration,large,high,high,high,grid,private_fragmented,event_triggered,774107,always_act,5,UTL-09-communications,U22,reconfigure_service_edge,no_information_action,negotiate_commitment,execute_autonomously,True,True,-0.010499999999999999,True,False,True,0.5686500284636449,0.3041798726723662,0.0,0.0,0.0,0.8909738965349663,0.8909738965349663,0.0,0.0,0.0,0.0,1.0,0.8888888888888888,0.0,0.0,1,8,0.25814100967763925,0.5686500284636449,0.45020348551919953,0.4969927284645471,0.41661078973250865,0.27477756352537613
v7-pilots_iteration2-utility_restoration-large-high-high-high-grid-private_fragmented-774107-always_act-event_triggered,utility_restoration,large,high,high,high,grid,private_fragmented,event_triggered,774107,always_act,5,UTL-10-resource_allocation,U20,no_operational_action,no_information_action,no_communication_action,execute_autonomously,False,False,0.0,False,False,False,0.5575851505696222,0.25025453571494277,0.18640807627716827,0.270291710601894,0.0,0.8620386308473164,0.8620386308473164,0.0,0.0,0.0,0.0,1.0,0.875,0.0,0.0,1,7,0.31924896173812617,0.5575851505696222,0.43854371793967795,0.48677439272395123,0.40918576323924133,0.30230884743172154
v7-pilots_iteration2-utility_restoration-large-high-high-high-grid-private_fragmented-774107-always_act-event_triggered,utility_restoration,large,high,high,high,grid,private_fragmented,event_triggered,774107,always_act,5,UTL-11-critical_load,U09,no_operational_action,no_information_action,no_communication_action,execute_autonomously,False,False,0.0,False,False,False,0.6797750249913321,0.16146645364069717,0.0,0.0,0.0,0.9538890797261834,0.9538890797261834,0.0,0.0,0.0,0.0,1.0,0.875,0.0,0.0,1,7,0.29592350849705296,0.6797750249913321,0.5103822799280787,0.56064864175204,0.46050551049635946,0.304087006997573
v7-pilots_iteration2-utility_restoration-large-high-high-high-grid-private_fragmented-774107-always_act-event_triggered,utility_restoration,large,high,high,high,grid,private_fragmented,event_triggered,774107,always_act,5,UTL-12-zone_operator,U07,no_operational_action,no_information_action,no_communication_action,execute_autonomously,False,False,0.0,False,False,False,0.6362254796512405,0.14377723494890876,0.0,0.0,0.0,0.8956202294507506,0.8956202294507506,0.0,0.0,0.0,0.0,1.0,0.8888888888888888,0.0,0.0,1,8,0.2811166630814218,0.6362254796512405,0.4783952492231839,0.5314689180230654,0.4449924792312988,0.29369868985790293
v7-pilots_iteration2-utility_restoration-large-high-high-high-grid-private_fragmented-774107-always_act-event_triggered,utility_restoration,large,high,high,high,grid,private_fragmented,event_triggered,774107,always_act,5,UTL-13-crew_dispatch,U12,no_operational_action,request_peer_evidence,send_targeted_summary,execute_autonomously,False,False,0.0,False,False,False,0.684006824156645,0.1026862361062727,0.0,0.0,0.0,0.9237193607529248,0.9237193607529248,0.0,0.0,0.0,0.0,1.0,0.8888888888888888,0.0,0.0,1,8,0.29736232021325937,0.684006824156645,0.5045325698508892,0.5571781922269777,0.4650606439235687,0.3070774663194162
v7-pilots_iteration2-utility_restoration-large-high-high-high-grid-private_fragmented-774107-always_act-event_triggered,utility_restoration,large,high,high,high,grid,private_fragmented,event_triggered,774107,always_act,5,UTL-14-cyber_defense,U17,no_operational_action,request_peer_evidence,send_targeted_summary,execute_autonomously,False,False,0.0,False,False,False,0.6725837108038809,0.0815320613718421,0.0,0.0,0.0,0.7730216773215798,0.7730216773215798,0.0,0.0,0.0,0.0,1.0,0.8888888888888888,0.0,0.0,1,8,0.29347846167331954,0.6725837108038809,0.4622889036519473,0.5212063770430462,0.4602629363154077,0.3038789945806422
v7-pilots_iteration2-utility_restoration-large-high-high-high-grid-private_fragmented-774107-always_act-event_triggered,utility_restoration,large,high,high,high,grid,private_fragmented,event_triggered,774107,always_act,5,UTL-15-communications,U22,no_operational_action,request_peer_evidence,send_targeted_summary,execute_autonomously,False,False,0.0,False,False,False,0.6744633711345148,0.10380114955865294,0.0,0.0,0.0,0.9219271855188887,0.9219271855188887,0.0,0.0,0.0,0.0,1.0,0.8888888888888888,0.0,0.0,1,8,0.29411754618573505,0.6744633711345148,0.5002671448335281,0.5524693850995536,0.461052393654274,0.3044052994732197
v7-pilots_iteration2-utility_restoration-large-high-high-high-grid-private_fragmented-774107-always_act-event_triggered,utility_restoration,large,high,high,high,grid,private_fragmented,event_triggered,774107,always_act,5,UTL-16-resource_allocation,U20,deploy_mobile_generation,request_peer_evidence,negotiate_commitment,execute_autonomously,True,False,0.0,False,False,False,0.6645407941762504,0.10814733158219916,0.0,0.0,0.0,0.9310509263919043,0.9310509263919043,0.0,0.0,0.0,0.0,1.0,0.875,0.0,0.0,1,7,0.2907438700199252,0.6645407941762504,0.4985790492684763,0.5492817635724515,0.4541071335540252,0.29982142236935017
v7-pilots_iteration2-utility_restoration-large-high-high-high-grid-private_fragmented-774107-always_act-event_triggered,utility_restoration,large,high,high,high,grid,private_fragmented,event_triggered,774107,always_act,5,UTL-17-critical_load,U09,no_operational_action,request_peer_evidence,send_targeted_summary,execute_autonomously,False,False,0.0,False,False,False,0.6738875474875321,0.10134985580626524,0.0,0.0,0.0,0.9096616628551794,0.9096616628551794,0.0,0.0,0.0,0.0,1.0,0.875,0.0,0.0,1,7,0.29392176614576093,0.6738875474875321,0.49697043470880764,0.5500794958086535,0.4580327699447635,0.302438513296509
v7-pilots_iteration2-utility_restoration-large-high-high-high-grid-private_fragmented-774107-always_act-event_triggered,utility_restoration,large,high,high,high,grid,private_fragmented,event_triggered,774107,always_act,5,UTL-18-zone_operator,U07,dispatch_repair_crew,no_information_action,negotiate_commitment,execute_autonomously,True,False,0.0,False,False,False,0.616115234275896,0.2031683522351782,0.08320525305140154,0.12064761692453224,0.0,0.870183699593672,0.870183699593672,0.0,0.0,0.0,0.0,1.0,0.8888888888888888,0.0,0.0,1,8,0.3032346077156924,0.616115234275896,0.4639920186087764,0.519194939465401,0.4365461761736541,0.30254553518375027
v7-pilots_iteration2-utility_restoration-large-high-high-high-grid-private_fragmented-774107-always_act-event_triggered,utility_restoration,large,high,high,high,grid,private_fragmented,event_triggered,774107,always_act,5,UTL-19-crew_dispatch,U12,no_operational_action,no_information_action,no_communication_action,execute_autonomously,False,False,0.0,False,False,False,0.5468399653782028,0.314296939288432,0.23665374637017264,0.34314793223675033,0.0,0.85556152046943,0.85556152046943,0.0,0.0,0.0,0.0,1.0,0.8888888888888888,0.0,0.0,1,8,0.3330810919654091,0.5468399653782028,0.4326263662686386,0.48098767700966494,0.407450563236623,0.30984849772986234
v7-pilots_iteration2-utility_restoration-large-high-high-high-grid-private_fragmented-774107-always_act-event_triggered,utility_restoration,large,high,high,high,grid,private_fragmented,event_triggered,774107,always_act,5,UTL-20-cyber_defense,U17,restore_communication_relay,request_peer_evidence,send_targeted_summary,execute_autonomously,True,False,0.0,False,False,False,0.7798268179070241,0.004895841554119651,0.0,0.0,0.0,0.9264046761976447,0.9264046761976447,0.0,0.0,0.0,0.0,1.0,0.8888888888888888,0.0,0.0,1,8,0.3299411180883883,0.7798268179070241,0.5435318962122209,0.5981573733988745,0.5053050412987279,0.33390706456952235
v7-pilots_iteration2-utility_restoration-large-high-high-high-grid-private_fragmented-774107-always_act-event_triggered,utility_restoration,large,high,high,high,grid,private_fragmented,event_triggered,774107,always_act,5,UTL-21-communications,U22,reconfigure_service_edge,request_peer_evidence,send_targeted_summary,execute_autonomously,True,False,0.0,False,False,False,0.7016061122663748,0.07768462199676268,0.0,0.0,0.0,0.9376676844766073,0.9376676844766073,0.0,0.0,0.0,0.0,1.0,0.8888888888888888,0.0,0.0,1,8,0.30334607817056747,0.7016061122663748,0.5150593660257018,0.5677379631699789,0.47245234492965515,0.31200526699014053
v7-pilots_iteration2-utility_restoration-large-high-high-high-grid-private_fragmented-774107-always_act-event_triggered,utility_restoration,large,high,high,high,grid,private_fragmented,event_triggered,774107,always_act,5,UTL-22-resource_allocation,U20,no_operational_action,request_peer_evidence,send_targeted_summary,execute_autonomously,False,False,0.0,False,False,False,0.6485101406761697,0.07043655907585511,0.11711716961436854,0.16981989594083438,0.0,0.8310509550800851,0.8310509550800851,0.0,0.0,0.0,0.0,1.0,0.875,0.0,0.0,1,7,0.326050222855698,0.6485101406761697,0.4671667950404892,0.5275033011465766,0.4473742590839913,0.3157112269022277
v7-pilots_iteration2-utility_restoration-large-high-high-high-grid-private_fragmented-774107-always_act-event_triggered,utility_restoration,large,high,high,high,grid,private_fragmented,event_triggered,774107,always_act,5,UTL-23-critical_load,U09,no_operational_action,no_information_action,no_communication_action,execute_autonomously,False,False,0.0,False,False,False,0.6078800826825455,0.2377573854496361,0.07974810589731617,0.11563475355110844,0.0,0.9147940020196671,0.9147940020196671,0.0,0.0,0.0,0.0,1.0,0.875,0.0,0.0,1,7,0.2992315689643315,0.6078800826825455,0.47185053357793494,0.5203938771207923,0.43030963472666905,0.2978325935772458
v7-pilots_iteration2-utility_restoration-large-high-high-high-grid-private_fragmented-774107-always_act-event_triggered,utility_restoration,large,high,high,high,grid,private_fragmented,event_triggered,774107,always_act,5,UTL-24-zone_operator,U07,no_operational_action,request_peer_evidence,send_targeted_summary,execute_autonomously,False,False,0.0,False,False,False,0.6810255460624284,0.1098688412932608,0.0,0.0,0.0,0.9433953688962696,0.9433953688962696,0.0,0.0,0.0,0.0,1.0,0.8888888888888888,0.0,0.0,1,8,0.2963486856612257,0.6810255460624284,0.5082590606490388,0.5591740761469043,0.4638085071239977,0.3062427084530355
v7-pilots_iteration2-utility_restoration-large-high-high-high-grid-private_fragmented-774107-always_act-event_triggered,utility_restoration,large,high,high,high,grid,private_fragmented,event_triggered,774107,always_act,5,UTL-25-crew_dispatch,U12,dispatch_repair_crew,no_information_action,no_communication_action,execute_autonomously,True,True,-0.012348035507816192,True,False,True,0.7882698354020662,0.2205369561718966,0.06160118359387313,0.08932171621111604,0.0,0.8312079644715346,0.8312079644715346,0.0,0.0,0.0,0.0,1.0,0.8888888888888888,0.0,0.0,1,8,0.3542489559273704,0.7882698354020662,0.5231099252787101,0.5769123480970234,0.5088511086466456,0.346989715413468
v7-pilots_iteration2-utility_restoration-large-high-high-high-grid-private_fragmented-774107-always_act-event_triggered,utility_restoration,large,high,high,high,grid,private_fragmented,event_triggered,774107,always_act,5,UTL-26-cyber_defense,U17,restore_communication_relay,request_peer_evidence,send_targeted_summary,execute_autonomously,True,True,-0.017484420149968472,True,False,True,0.6666375607982891,0.10144564342603435,0.2328140049989491,0.3375803072484762,0.0,0.8891878048780554,0.8891878048780554,0.0,0.0,0.0,0.0,1.0,0.8888888888888888,0.0,0.0,1,8,0.3724760444110526,0.6666375607982891,0.4889519755388295,0.5433531243519436,0.4577655533130591,0.34272370944889363
v7-pilots_iteration2-utility_restoration-large-high-high-high-grid-private_fragmented-774107-always_act-event_triggered,utility_restoration,large,high,high,high,grid,private_fragmented,event_triggered,774107,always_act,5,UTL-27-communications,U22,reconfigure_service_edge,request_peer_evidence,send_targeted_summary,execute_autonomously,True,False,0.0,False,False,False,0.7040728648781047,0.04872125796081028,0.06587383293210092,0.09551705775154633,0.0,0.9169664460116761,0.9169664460116761,0.0,0.0,0.0,0.0,1.0,0.8888888888888888,0.0,0.0,1,8,0.3271088679189268,0.7040728648781047,0.5108707574541609,0.5651426237494088,0.47348838102658175,0.3241580046516105
v7-pilots_iteration2-utility_restoration-large-high-high-high-grid-private_fragmented-774107-always_act-event_triggered,utility_restoration,large,high,high,high,grid,private_fragmented,event_triggered,774107,always_act,5,UTL-28-resource_allocation,U20,restore_communication_relay,request_peer_evidence,send_targeted_summary,execute_autonomously,True,False,0.0,False,False,False,0.7585912183582548,0.02726492755622062,0.19433515498367987,0.2817859747263358,0.0,0.9496512623020228,0.9496512623020228,0.0,0.0,0.0,0.0,1.0,0.875,0.0,0.0,1,7,0.3903496481761273,0.7585912183582548,0.5408493029188077,0.5948081167679453,0.49360831171046704,0.35996985810747173
v7-pilots_iteration2-utility_restoration-large-high-high-high-grid-private_fragmented-774107-always_act-event_triggered,utility_restoration,large,high,high,high,grid,private_fragmented,event_triggered,774107,always_act,5,UTL-29-critical_load,U09,no_operational_action,request_peer_evidence,send_targeted_summary,execute_autonomously,False,False,0.0,False,False,False,0.680386907696889,0.07052779766706102,0.2003120034805226,0.2904524050467578,0.0,0.8881594566142206,0.8881594566142206,0.0,0.0,0.0,0.0,1.0,0.875,0.0,0.0,1,7,0.3658401258281642,0.680386907696889,0.4941946272323108,0.5495343933230004,0.46076250123269336,0.3391126227607399
v7-pilots_iteration2-utility_restoration-large-high-high-high-grid-private_fragmented-774107-always_act-event_triggered,utility_restoration,large,high,high,high,grid,private_fragmented,event_triggered,774107,always_act,5,UTL-30-zone_operator,U07,no_operational_action,no_information_action,no_communication_action,execute_autonomously,False,False,0.0,False,False,False,0.6039133430385528,0.1613279532502261,0.18243195790381928,0.26452633896053795,0.0,0.8422440269148098,0.8422440269148098,0.0,0.0,0.0,0.0,1.0,0.8888888888888888,0.0,0.0,1,8,0.3336168579836371,0.6039133430385528,0.4521263439441236,0.5071605344898086,0.43142138185396994,0.3163944522816149
v7-pilots_iteration2-utility_restoration-large-high-high-high-grid-private_fragmented-774107-always_act-event_triggered,utility_restoration,large,high,high,high,grid,private_fragmented,event_triggered,774107,always_act,5,UTL-31-crew_dispatch,U12,no_operational_action,no_information_action,no_communication_action,execute_autonomously,False,False,0.0,False,False,False,0.6022860100927976,0.15938218194721387,0.0,0.0,0.0,0.8483040910349399,0.8483040910349399,0.0,0.0,0.0,0.0,1.0,0.8888888888888888,0.0,0.0,1,8,0.2695772434315512,0.6022860100927976,0.452990426795854,0.5084365981963517,0.43073790201675277,0.2841956383815389
v7-pilots_iteration2-utility_restoration-large-high-high-high-grid-private_fragmented-774107-always_act-event_triggered,utility_restoration,large,high,high,high,grid,private_fragmented,event_triggered,774107,always_act,5,UTL-32-cyber_defense,U17,no_operational_action,no_information_action,no_communication_action,execute_autonomously,False,False,0.0,False,False,False,0.6254867089319608,0.1444815686265759,0.054569742066072714,0.07912612599580543,0.0,0.8716840612519474,0.8716840612519474,0.0,0.0,0.0,0.0,1.0,0.8888888888888888,0.0,0.0,1,8,0.29645575127586,0.6254867089319608,0.4681156988857712,0.522995397957212,0.4404821955292013,0.30018696917600124
v7-pilots_iteration2-utility_restoration-large-high-high-high-grid-private_fragmented-774107-always_act-event_triggered,utility_restoration,large,high,high,high,grid,private_fragmented,event_triggered,774107,always_act,5,UTL-33-communications,U22,dispatch_repair_crew,request_peer_evidence,send_targeted_summary,execute_autonomously,True,False,0.0,False,False,False,0.6947231736253057,0.09940652348863638,0.04370578465949869,0.0633733877562731,0.0,0.9207001536156886,0.9207001536156886,0.0,0.0,0.0,0.0,1.0,0.8888888888888888,0.0,0.0,1,8,0.31621549209410954,0.6947231736253057,0.5080643078540444,0.5631222442691199,0.4695615107004062,0.3176828507013939
v7-pilots_iteration2-utility_restoration-large-high-high-high-grid-private_fragmented-774107-always_act-event_triggered,utility_restoration,large,high,high,high,grid,private_fragmented,event_triggered,774107,always_act,5,UTL-34-resource_allocation,U20,deploy_mobile_generation,no_information_action,no_communication_action,execute_autonomously,True,True,-0.010499999999999999,True,False,True,0.5764525876727151,0.23241283435471521,0.0,0.0,0.0,0.8747938811737153,0.8747938811737153,0.0,0.0,0.0,0.0,1.0,0.875,0.0,0.0,1,7,0.26079387980872315,0.5764525876727151,0.4492795053625149,0.49848190897042977,0.41711008682254036,0.27515672454836027
v7-pilots_iteration2-utility_restoration-large-high-high-high-grid-private_fragmented-774107-always_act-event_triggered,utility_restoration,large,high,high,high,grid,private_fragmented,event_triggered,774107,always_act,5,UTL-35-critical_load,U09,no_operational_action,request_peer_evidence,send_targeted_summary,execute_autonomously,False,False,0.0,False,False,False,0.6967114269978927,0.09964763023554302,0.31647542160251274,0.45888936132364344,0.0,0.9403117788388957,0.9403117788388957,0.0,0.0,0.0,0.0,1.0,0.875,0.0,0.0,1,7,0.41181533189695796,0.6967114269978927,0.513762515508881,0.566193117732667,0.4676187993391149,0.3638959229182472
v7-pilots_iteration2-utility_restoration-large-high-high-high-grid-private_fragmented-774107-always_act-event_triggered,utility_restoration,large,high,high,high,grid,private_fragmented,event_triggered,774107,always_act,5,UTL-36-zone_operator,U07,no_operational_action,no_information_action,no_communication_action,execute_autonomously,False,False,0.0,False,False,False,0.5923224296829503,0.2414253600079797,0.0,0.0,0.0,0.892073774153131,0.892073774153131,0.0,0.0,0.0,0.0,1.0,0.8888888888888888,0.0,0.0,1,8,0.2661896260922031,0.5923224296829503,0.4599474154114629,0.5092660393376448,0.4265531982446169,0.2814058358667817
v7-pilots_iteration2-utility_restoration-large-high-high-high-grid-private_fragmented-774107-always_act-event_triggered,utility_restoration,large,high,high,high,grid,private_fragmented,event_triggered,774107,always_act,5,UTL-37-crew_dispatch,U12,no_operational_action,request_peer_evidence,send_targeted_summary,execute_autonomously,False,False,0.0,False,False,False,0.6541679326544103,0.12904885977071112,0.11925633963788203,0.17292169247492895,0.0,0.9097863836951481,0.9097863836951481,0.0,0.0,0.0,0.0,1.0,0.8888888888888888,0.0,0.0,1,8,0.3287183032964825,0.6541679326544103,0.48911376898555115,0.5417048089378691,0.4525283094926301,0.31947317979578194
v7-pilots_iteration2-utility_restoration-large-high-high-high-grid-private_fragmented-774107-always_act-event_triggered,utility_restoration,large,high,high,high,grid,private_fragmented,event_triggered,774107,always_act,5,UTL-38-cyber_defense,U17,no_operational_action,request_peer_evidence,send_targeted_summary,execute_autonomously,False,False,0.0,False,False,False,0.6006908496565517,0.13999849450831087,0.0,0.0,0.0,0.8621487583409355,0.8621487583409355,0.0,0.0,0.0,0.0,1.0,0.8888888888888888,0.0,0.0,1,8,0.2690348888832276,0.6006908496565517,0.4558135294478546,0.5074488752170261,0.43006793463352955,0.2837489934593901
v7-pilots_iteration2-utility_restoration-large-high-high-high-grid-private_fragmented-774107-always_act-event_triggered,utility_restoration,large,high,high,high,grid,private_fragmented,event_triggered,774107,always_act,5,UTL-39-communications,U22,no_operational_action,request_peer_evidence,send_targeted_summary,execute_autonomously,False,False,0.0,False,False,False,0.6936318879487755,0.11988826550479528,0.0,0.0,0.0,0.9573980706136406,0.9573980706136406,0.0,0.0,0.0,0.0,1.0,0.8888888888888888,0.0,0.0,1,8,0.3006348419025837,0.6936318879487755,0.5168022728329204,0.5672978302146701,0.4691031707162635,0.3097724841812127
v7-pilots_iteration2-utility_restoration-large-high-high-high-grid-private_fragmented-774107-always_act-event_triggered,utility_restoration,large,high,high,high,grid,private_fragmented,event_triggered,774107,always_act,5,UTL-40-resource_allocation,U20,no_operational_action,no_information_action,no_communication_action,execute_autonomously,False,False,0.0,False,False,False,0.6289608768165877,0.16555517457786745,0.05885709696092503,0.0853427905933413,0.0,0.9068014312512238,0.9068014312512238,0.0,0.0,0.0,0.0,1.0,0.875,0.0,0.0,1,7,0.2991289678600418,0.6289608768165877,0.47828470853944105,0.5292505544210964,0.4391635682629669,0.30010018037984554
v7-pilots_iteration2-utility_restoration-large-high-high-high-grid-private_fragmented-774107-always_act-event_triggered,utility_restoration,large,high,high,high,grid,private_fragmented,event_triggered,774107,always_act,5,UTL-41-critical_load,U09,no_operational_action,no_information_action,no_communication_action,execute_autonomously,False,False,0.0,False,False,False,0.5248978253095232,0.25121072591085414,0.0,0.0,0.0,0.7935165256871779,0.7935165256871779,0.0,0.0,2.220446049250313e-16,0.0,1.0,0.875,0.0,0.0,1,7,0.2432652606052379,0.5248978253095232,0.40833826154560376,0.4602567305140299,0.3954570866299998,0.2607213910866667
v7-pilots_iteration2-utility_restoration-large-high-high-high-grid-private_fragmented-774107-always_act-event_triggered,utility_restoration,large,high,high,high,grid,private_fragmented,event_triggered,774107,always_act,5,UTL-42-zone_operator,U07,dispatch_repair_crew,request_peer_evidence,send_targeted_summary,execute_autonomously,True,False,0.0,False,False,False,0.6923224709144477,0.08792722966950584,0.17154969412284432,0.24874705647812428,0.0,0.9175995673964008,0.9175995673964008,0.0,0.0,0.0,0.0,1.0,0.8888888888888888,0.0,0.0,1,8,0.35988893366566205,0.6923224709144477,0.5063288802148793,0.5607696860707796,0.4685532155618458,0.3392554941889758
v7-pilots_iteration2-utility_restoration-large-high-high-high-grid-private_fragmented-774107-always_act-event_triggered,utility_restoration,large,high,high,high,grid,private_fragmented,event_triggered,774107,always_act,5,UTL-43-crew_dispatch,U12,no_operational_action,no_information_action,no_communication_action,execute_autonomously,False,False,0.0,False,False,False,0.66223326481746,0.1558367771490787,0.32940261961332556,0.4776337984393221,0.0,0.925113279582959,0.925113279582959,0.0,0.0,0.0,0.0,1.0,0.8888888888888888,0.0,0.0,1,8,0.40459142166337375,0.66223326481746,0.4961716258227238,0.5483675957819159,0.455915749001111,0.358296925517163
v7-pilots_iteration2-utility_restoration-large-high-high-high-grid-private_fragmented-774107-always_act-event_triggered,utility_restoration,large,high,high,high,grid,private_fragmented,event_triggered,774107,always_act,5,UTL-44-cyber_defense,U17,no_operational_action,no_information_action,no_communication_action,execute_autonomously,False,False,0.0,False,False,False,0.5667875823725421,0.2375083246294537,0.0,0.0,0.0,0.8422281922132328,0.8422281922132328,0.0,0.0,0.0,0.0,1.0,0.8888888888888888,0.0,0.0,1,8,0.25750777800666436,0.5667875823725421,0.43727208100232506,0.4893901749300319,0.4158285623742455,0.27425607861986734
v7-pilots_iteration2-utility_restoration-large-high-high-high-grid-private_fragmented-774107-always_act-event_triggered,utility_restoration,large,high,high,high,grid,private_fragmented,event_triggered,774107,always_act,5,UTL-45-communications,U22,no_operational_action,request_peer_evidence,send_targeted_summary,execute_autonomously,False,False,0.0,False,False,False,0.6402837447089671,0.1048955102705067,0.22574157203135498,0.32732527944546475,0.0,0.8550901322806669,0.8550901322806669,0.0,0.0,0.0,0.0,1.0,0.8888888888888888,0.0,0.0,1,8,0.3610545402679604,0.6402837447089671,0.4698860309537536,0.5268944236612042,0.4466969505555439,0.3341140376075221
v7-pilots_iteration2-utility_restoration-large-high-high-high-grid-private_fragmented-774107-always_act-event_triggered,utility_restoration,large,high,high,high,grid,private_fragmented,event_triggered,774107,always_act,5,UTL-46-resource_allocation,U20,deploy_mobile_generation,request_peer_evidence,send_targeted_summary,execute_autonomously,True,False,0.0,False,False,False,0.7207100909306607,0.03066912602569627,0.22484663848214462,0.3260276257991097,0.0,0.9363954005609082,0.9363954005609082,0.0,0.0,0.0,0.0,1.0,0.875,0.0,0.0,1,7,0.38808806110821104,0.7207100909306607,0.5223828865124913,0.5748839369234158,0.47769823819087753,0.3546721405564782
v7-pilots_iteration2-utility_restoration-large-high-high-high-grid-private_fragmented-774107-always_act-event_triggered,utility_restoration,large,high,high,high,grid,private_fragmented,event_triggered,774107,always_act,5,UTL-47-critical_load,U09,no_operational_action,no_information_action,no_communication_action,execute_autonomously,False,False,0.0,False,False,False,0.5310855001129191,0.260458194725943,0.05332582503730046,0.07732244630408566,0.0,0.775152397147187,0.775152397147187,0.0,0.0,0.0,0.0,1.0,0.875,0.0,0.0,1,7,0.2639264571513731,0.5310855001129191,0.4062222993319644,0.4617305113432195,0.398055910047426,0.2717326335881076
v7-pilots_iteration2-utility_restoration-large-high-high-high-grid-private_fragmented-774107-always_act-event_triggered,utility_restoration,large,high,high,high,grid,private_fragmented,event_triggered,774107,always_act,5,UTL-48-zone_operator,U07,no_operational_action,request_peer_evidence,send_targeted_summary,execute_autonomously,False,False,0.0,False,False,False,0.7819705350098023,0.004602307827089508,0.03759978271756568,0.054519684940470235,0.0,0.9528579868385617,0.9528579868385617,0.0,0.0,0.0,0.0,1.0,0.8888888888888888,0.0,0.0,1,8,0.34375470628904564,0.7819705350098023,0.5510027107135613,0.6046092577667378,0.5062054024818947,0.3410496675511566
v7-pilots_iteration2-utility_restoration-large-high-high-high-grid-private_fragmented-774107-always_act-event_triggered,utility_restoration,large,high,high,high,grid,private_fragmented,event_triggered,774107,always_act,5,UTL-49-crew_dispatch,U12,no_operational_action,no_information_action,no_communication_action,execute_autonomously,False,False,0.0,False,False,False,0.5465329059076973,0.2627028693597291,0.28716564051354393,0.4163901787446387,0.0,0.8303152931046242,0.8303152931046242,0.0,0.0,0.0,0.0,1.0,0.8888888888888888,0.0,0.0,1,8,0.3505548309073304,0.5465329059076973,0.426191985639235,0.4769587359348862,0.40732159825901065,0.31855159065906746
v7-pilots_iteration2-utility_restoration-large-high-high-high-grid-private_fragmented-774107-always_act-event_triggered,utility_restoration,large,high,high,high,grid,private_fragmented,event_triggered,774107,always_act,5,UTL-50-cyber_defense,U17,no_operational_action,no_information_action,no_communication_action,execute_autonomously,False,False,0.0,False,False,False,0.5736312441983383,0.24045440822114686,0.0,0.0,0.0,0.8328215756666918,0.8328215756666918,0.0,0.0,0.0,0.0,1.0,0.8888888888888888,0.0,0.0,1,8,0.25983462302743504,0.5736312441983383,0.4376578915960083,0.4925404237838408,0.4187029003410799,0.27617230393109027
v7-pilots_iteration2-utility_restoration-large-high-high-high-grid-private_fragmented-774107-always_act-event_triggered,utility_restoration,large,high,high,high,grid,private_fragmented,event_triggered,774107,always_act,5,UTL-51-communications,U22,no_operational_action,request_peer_evidence,send_targeted_summary,execute_autonomously,False,False,0.0,False,False,False,0.7041606519761774,0.06592090812035628,0.0,0.0,0.0,0.916850133303424,0.916850133303424,0.0,0.0,0.0,0.0,1.0,0.8888888888888888,0.0,0.0,1,8,0.30421462167190033,0.7041606519761774,0.510876794116327,0.5663093533864916,0.47352525160777226,0.3127205381088852
v7-pilots_iteration2-utility_restoration-large-high-high-high-grid-private_fragmented-774107-always_act-event_triggered,utility_restoration,large,high,high,high,grid,private_fragmented,event_triggered,774107,always_act,10,UTL-00-zone_operator,U14,no_operational_action,request_peer_evidence,send_targeted_summary,execute_autonomously,False,False,0.0,False,False,False,0.6821089471692353,0.03901759281637829,0.3094639141117796,0.44872267546208044,0.5,0.8916274557204397,0.8916274557204397,0.0,0.0,0.0,0.0,1.0,0.8888888888888888,0.0,0.0,1,8,0.5264104841484393,0.6821089471692353,0.495750442797804,0.5504888557336002,0.4642635355888566,0.36039278181839113
v7-pilots_iteration2-utility_restoration-large-high-high-high-grid-private_fragmented-774107-always_act-event_triggered,utility_restoration,large,high,high,high,grid,private_fragmented,event_triggered,774107,always_act,10,UTL-01-crew_dispatch,U19,no_operational_action,no_information_action,no_communication_action,execute_autonomously,False,False,0.0,False,False,False,0.5226139420964986,0.3509255878446582,0.14816972677689938,0.2148461038265041,0.5,0.8515403663536549,0.8515403663536549,0.0,0.0,0.0,0.0,1.0,0.8888888888888888,0.0,0.0,1,8,0.4160518052311705,0.5226139420964986,0.4219306684270132,0.46679278164573124,0.3972756334583072,0.28766899180175565
v7-pilots_iteration2-utility_restoration-large-high-high-high-grid-private_fragmented-774107-always_act-event_triggered,utility_restoration,large,high,high,high,grid,private_fragmented,event_triggered,774107,always_act,10,UTL-02-cyber_defense,U24,restore_communication_relay,request_peer_evidence,send_targeted_summary,execute_autonomously,True,False,0.0,False,False,False,0.6798026223221951,0.05323039061217694,0.0,0.0,0.5,0.8756662430487457,0.8756662430487457,0.0,0.0,0.0,0.0,1.0,0.8888888888888888,0.0,0.0,1,8,0.41793289158954633,0.6798026223221951,0.4908376096910645,0.5468931283608821,0.46329487915309975,0.3059002898057702
v7-pilots_iteration2-utility_restoration-large-high-high-high-grid-private_fragmented-774107-always_act-event_triggered,utility_restoration,large,high,high,high,grid,private_fragmented,event_triggered,774107,always_act,10,UTL-03-communications,U29,no_operational_action,no_information_action,no_communication_action,execute_autonomously,False,False,0.0,False,False,False,0.6067116872480542,0.16237319425002308,0.08572124599128293,0.12429580668736026,0.5,0.878594945888594,0.878594945888594,0.0,3.3306690738754696e-16,0.0,0.0,1.0,0.8888888888888888,0.0,0.0,1,8,0.4229129672693049,0.6067116872480542,0.4623334113713702,0.5138071189322206,0.4325966864219606,0.300350324787494
v7-pilots_iteration2-utility_restoration-large-high-high-high-grid-private_fragmented-774107-always_act-event_triggered,utility_restoration,large,high,high,high,grid,private_fragmented,event_triggered,774107,always_act,10,UTL-04-resource_allocation,U27,no_operational_action,request_peer_evidence,send_targeted_summary,execute_autonomously,False,False,0.0,False,False,False,0.6556322329150565,0.10556226735855509,0.04457123914856472,0.06462829676541884,0.5,0.8912520207283697,0.8912520207283697,0.0,0.0,0.0,0.0,1.0,0.875,0.0,0.0,1,7,0.4252257504148197,0.6556322329150565,0.485065898348115,0.5390735941101639,0.45036553782432376,0.3050824208280661
v7-pilots_iteration2-utility_restoration-large-high-high-high-grid-private_fragmented-774107-always_act-event_triggered,utility_restoration,large,high,high,high,grid,private_fragmented,event_triggered,774107,always_act,10,UTL-05-critical_load,U25,no_operational_action,no_information_action,no_communication_action,execute_autonomously,False,False,0.0,False,False,False,0.5866993749363201,0.22103470983330487,0.047690121059348334,0.06915067553605508,0.5,0.8637306179498869,0.8637306179498869,0.0,0.0,0.0,0.0,1.0,0.875,0.0,0.0,1,7,0.40287394960700207,0.5866993749363201,0.4506124044619998,0.5022356318096147,0.42141373747325445,0.28632390604649627
v7-pilots_iteration2-utility_restoration-large-high-high-high-grid-private_fragmented-774107-always_act-event_triggered,utility_restoration,large,high,high,high,grid,private_fragmented,event_triggered,774107,always_act,10,UTL-06-zone_operator,U14,dispatch_repair_crew,no_information_action,negotiate_commitment,execute_autonomously,True,False,0.0,False,False,False,0.6686024932601834,0.14548918386848955,0.41387446696182534,0.6001179770946468,0.5,0.9411327738666544,0.9411327738666544,0.0,0.0,0.0,0.0,1.0,0.8888888888888888,0.0,0.0,1,8,0.5581531622111775,0.6686024932601834,0.5027241907707369,0.5534441226312715,0.45859082494705483,0.3747784109197645
v7-pilots_iteration2-utility_restoration-large-high-high-high-grid-private_fragmented-774107-always_act-event_triggered,utility_restoration,large,high,high,high,grid,private_fragmented,event_triggered,774107,always_act,10,UTL-07-crew_dispatch,U19,no_operational_action,no_information_action,no_communication_action,execute_autonomously,False,False,0.0,False,False,False,0.6421898381957707,0.14804434435051475,0.1506846488169337,0.21849274078455386,0.5,0.9048370868771064,0.9048370868771064,0.0,0.0,0.0,0.0,1.0,0.8888888888888888,0.0,0.0,1,8,0.45758280277485497,0.6421898381957707,0.48308520699758484,0.5349713236931963,0.44749750982000147,0.32158783914451783
v7-pilots_iteration2-utility_restoration-large-high-high-high-grid-private_fragmented-774107-always_act-event_triggered,utility_restoration,large,high,high,high,grid,private_fragmented,event_triggered,774107,always_act,10,UTL-08-cyber_defense,U24,no_operational_action,request_peer_evidence,send_targeted_summary,execute_autonomously,False,False,0.0,False,False,False,0.6950971692625307,0.08230518461313535,0.0038420296157339333,0.005570942942814203,0.5,0.838059554314763,0.838059554314763,0.0,0.0,0.0,0.0,1.0,0.8888888888888888,0.0,0.0,1,8,0.4244700638555359,0.6950971692625307,0.487553756283703,0.5410510596020248,0.46971858886804063,0.31085127610220187
v7-pilots_iteration2-utility_restoration-large-high-high-high-grid-private_fragmented-774107-always_act-event_triggered,utility_restoration,large,high,high,high,grid,private_fragmented,event_triggered,774107,always_act,10,UTL-09-communications,U29,reconfigure_service_edge,request_peer_evidence,negotiate_commitment,execute_autonomously,True,False,0.0,False,False,False,0.7715431987995374,0.029810474397596154,0.15035699822460166,0.21801764742567242,0.5,0.9849111838181088,0.9849111838181088,0.0,0.0,0.0,0.0,1.0,0.8888888888888888,0.0,0.0,1,8,0.5014489229740041,0.7715431987995374,0.5548450754743421,0.605342709032695,0.5018259212735835,0.3577497689105067
v7-pilots_iteration2-utility_restoration-large-high-high-high-grid-private_fragmented-774107-always_act-event_triggered,utility_restoration,large,high,high,high,grid,private_fragmented,event_triggered,774107,always_act,10,UTL-10-resource_allocation,U27,no_operational_action,request_peer_evidence,send_targeted_summary,execute_autonomously,False,False,0.0,False,False,False,0.6302485802576732,0.10376538334505042,0.1446501393021831,0.20974270198816547,0.5,0.8602000375971932,0.8602000375971932,0.0,0.0,0.0,0.0,1.0,0.875,0.0,0.0,1,7,0.4514227657647686,0.6302485802576732,0.4671494415023676,0.5219229219610022,0.4397044037082227,0.3153887267107284
v7-pilots_iteration2-utility_restoration-large-high-high-high-grid-private_fragmented-774107-always_act-event_triggered,utility_restoration,large,high,high,high,grid,private_fragmented,event_triggered,774107,always_act,10,UTL-11-critical_load,U25,no_operational_action,request_peer_evidence,send_targeted_summary,execute_autonomously,False,False,0.0,False,False,False,0.678611461106738,0.017997301988706527,0.0,0.0,0.5,0.9005891000584674,0.9005891000584674,0.0,0.0,0.0,0.0,1.0,0.875,0.0,0.0,1,7,0.41752789677629093,0.678611461106738,0.49659185945731205,0.5483835556394446,0.46001681366482994,0.30376120910988663
v7-pilots_iteration2-utility_restoration-large-high-high-high-grid-private_fragmented-774107-always_act-event_triggered,utility_restoration,large,high,high,high,grid,private_fragmented,event_triggered,774107,always_act,10,UTL-12-zone_operator,U14,no_operational_action,request_peer_evidence,send_targeted_summary,execute_autonomously,False,False,0.0,False,False,False,0.6501906991716591,0.12344122665256499,0.010705894335942415,0.015523546787116503,0.5,0.9011103957043105,0.9011103957043105,0.0,0.0,0.0,0.0,1.0,0.8888888888888888,0.0,0.0,1,8,0.41159048894727207,0.6501906991716591,0.4853538785947413,0.5385798616744109,0.45085787142987455,0.2994717769380741
v7-pilots_iteration2-utility_restoration-large-high-high-high-grid-private_fragmented-774107-always_act-event_triggered,utility_restoration,large,high,high,high,grid,private_fragmented,event_triggered,774107,always_act,10,UTL-13-crew_dispatch,U19,no_operational_action,request_peer_evidence,send_targeted_summary,execute_autonomously,False,False,0.0,False,False,False,0.7015251837414354,0.08221064360727606,0.1454621076021008,0.21092005602304614,0.5,0.9493937526649525,0.9493937526649525,0.0,0.0,0.0,0.0,1.0,0.8888888888888888,0.0,0.0,1,8,0.47593937591761903,0.7015251837414354,0.5179585116628123,0.569134327728466,0.4724183549491806,0.337293013725923
v7-pilots_iteration2-utility_restoration-large-high-high-high-grid-private_fragmented-774107-always_act-event_triggered,utility_restoration,large,high,high,high,grid,private_fragmented,event_triggered,774107,always_act,10,UTL-14-cyber_defense,U24,no_operational_action,no_information_action,no_communication_action,execute_autonomously,False,False,0.0,False,False,False,0.5457910543245984,0.28469943315449675,0.0,0.0,0.5,0.8523897869364943,0.8523897869364943,0.0,0.0,0.0,0.0,1.0,0.8888888888888888,0.0,0.0,1,8,0.37236895847036344,0.5457910543245984,0.4314138684639629,0.47952620396682577,0.40701002059410907,0.26837705076644314
v7-pilots_iteration2-utility_restoration-large-high-high-high-grid-private_fragmented-774107-always_act-event_triggered,utility_restoration,large,high,high,high,grid,private_fragmented,event_triggered,774107,always_act,10,UTL-15-communications,U29,no_operational_action,request_peer_evidence,send_targeted_summary,execute_autonomously,False,False,0.0,False,False,False,0.7063243551013375,0.04953755138712246,0.0,0.0,0.5,0.8964917558497375,0.8964917558497375,0.0,0.0,0.0,0.0,1.0,0.8888888888888888,0.0,0.0,1,8,0.42695028073445473,0.7063243551013375,0.5066526810029693,0.5629921700261538,0.47443400692033955,0.31332637498393007
v7-pilots_iteration2-utility_restoration-large-high-high-high-grid-private_fragmented-774107-always_act-event_triggered,utility_restoration,large,high,high,high,grid,private_fragmented,event_triggered,774107,always_act,10,UTL-16-resource_allocation,U27,deploy_mobile_generation,request_peer_evidence,negotiate_commitment,execute_autonomously,True,True,10.922307340721098,True,True,False,0.7117310861185979,0.06418046753770756,0.0,0.0,0.5,0.9479918898423249,0.9479918898423249,0.0,0.0,0.0,0.0,1.0,0.875,0.0,0.0,1,7,0.4287885692803233,0.7117310861185979,0.5216904069080204,0.5733558339157607,0.4739270561698111,0.31303470411320744
v7-pilots_iteration2-utility_restoration-large-high-high-high-grid-private_fragmented-774107-always_act-event_triggered,utility_restoration,large,high,high,high,grid,private_fragmented,event_triggered,774107,always_act,10,UTL-17-critical_load,U25,no_operational_action,no_information_action,no_communication_action,execute_autonomously,False,False,0.0,False,False,False,0.5916484768713861,0.23500552912897354,0.18083240992168442,0.2622069943864424,0.5,0.8917645918779183,0.8917645918779183,0.0,0.0,0.0,0.0,1.0,0.875,0.0,0.0,1,7,0.45089016078901745,0.5916484768713861,0.4596005387180341,0.5088614884816531,0.42349236028598214,0.3108764128503612
v7-pilots_iteration2-utility_restoration-large-high-high-high-grid-private_fragmented-774107-always_act-event_triggered,utility_restoration,large,high,high,high,grid,private_fragmented,event_triggered,774107,always_act,10,UTL-18-zone_operator,U14,dispatch_repair_crew,request_peer_evidence,negotiate_commitment,execute_autonomously,True,False,0.0,False,False,False,0.7001261484671599,0.0448357722293769,0.07294116954030401,0.10576469583344081,0.5,0.8890953627064697,0.8890953627064697,0.0,0.0,0.0,0.0,1.0,0.8888888888888888,0.0,0.0,1,8,0.45022641747886016,0.7001261484671599,0.5023243000634814,0.5605835709130125,0.47183076013398495,0.32428264062637324
v7-pilots_iteration2-utility_restoration-large-high-high-high-grid-private_fragmented-774107-always_act-event_triggered,utility_restoration,large,high,high,high,grid,private_fragmented,event_triggered,774107,always_act,10,UTL-19-crew_dispatch,U19,no_operational_action,request_peer_evidence,send_targeted_summary,execute_autonomously,False,False,0.0,False,False,False,0.8011632268050686,0.12740117637242848,0.0,0.0,0.5,0.9293444406803721,0.9293444406803721,0.0,0.0,0.0,0.0,1.0,0.8888888888888888,0.0,0.0,1,8,0.4591954971137233,0.8011632268050686,0.5528014008921205,0.6047795356040807,0.5142663330359065,0.33988125906097477
v7-pilots_iteration2-utility_restoration-large-high-high-high-grid-private_fragmented-774107-always_act-event_triggered,utility_restoration,large,high,high,high,grid,private_fragmented,event_triggered,774107,always_act,10,UTL-20-cyber_defense,U24,restore_communication_relay,no_information_action,no_communication_action,execute_autonomously,True,False,0.0,False,False,False,0.6274996508776616,0.161342504636041,0.0,0.0,0.5,0.8993475482772615,0.8993475482772615,0.0,0.0,0.0,0.0,1.0,0.8888888888888888,0.0,0.0,1,8,0.40014988129840495,0.6274996508776616,0.47583674742038,0.5274242947033685,0.4413276311463956,0.2912554578013008
v7-pilots_iteration2-utility_restoration-large-high-high-high-grid-private_fragmented-774107-always_act-event_triggered,utility_restoration,large,high,high,high,grid,private_fragmented,event_triggered,774107,always_act,10,UTL-21-communications,U29,restore_communication_relay,request_peer_evidence,send_targeted_summary,execute_autonomously,True,True,-0.010499999999999999,True,False,True,0.7071752790667276,0.020712122139070865,0.0,0.0,0.5,0.9154210781448383,0.9154210781448383,0.0,0.0,0.0,0.0,1.0,0.8888888888888888,0.0,0.0,1,8,0.42723959488268737,0.7071752790667276,0.5117253811629007,0.5652820508567066,0.47479139498580336,0.3135646336942393
v7-pilots_iteration2-utility_restoration-large-high-high-high-grid-private_fragmented-774107-always_act-event_triggered,utility_restoration,large,high,high,high,grid,private_fragmented,event_triggered,774107,always_act,10,UTL-22-resource_allocation,U27,no_operational_action,no_information_action,no_communication_action,execute_autonomously,False,False,0.0,False,False,False,0.6435352682979472,0.1811473002612522,0.1793738685101237,0.2600921093396794,0.5,0.9055155192985843,0.9055155192985843,0.0,0.0,0.0,0.0,1.0,0.875,0.0,0.0,1,7,0.4680240974628251,0.6435352682979472,0.4837929871438249,0.537270211094764,0.44528481268513787,0.32515092824418673
v7-pilots_iteration2-utility_restoration-large-high-high-high-grid-private_fragmented-774107-always_act-event_triggered,utility_restoration,large,high,high,high,grid,private_fragmented,event_triggered,774107,always_act,10,UTL-23-critical_load,U25,no_operational_action,request_peer_evidence,send_targeted_summary,execute_autonomously,False,False,0.0,False,False,False,0.6727186155678806,0.025795286787027805,0.0,0.0,0.5,0.8753937535994009,0.8753937535994009,0.0,0.0,0.0,0.0,1.0,0.875,0.0,0.0,1,7,0.4155243292930794,0.6727186155678806,0.48793588462700244,0.5430321778696466,0.45754181853850984,0.30211121235900656
v7-pilots_iteration2-utility_restoration-large-high-high-high-grid-private_fragmented-774107-always_act-event_triggered,utility_restoration,large,high,high,high,grid,private_fragmented,event_triggered,774107,always_act,10,UTL-24-zone_operator,U14,no_operational_action,request_peer_evidence,send_targeted_summary,execute_autonomously,False,False,0.0,False,False,False,0.6471113585957536,0.030670555796189047,0.0,0.0,0.5,0.8328245915254064,0.8328245915254064,0.0,0.0,0.0,0.0,1.0,0.8888888888888888,0.0,0.0,1,8,0.40681786192255626,0.6471113585957536,0.4670506913196531,0.5242494379456968,0.4495645483879943,0.29674673596236656
v7-pilots_iteration2-utility_restoration-large-high-high-high-grid-private_fragmented-774107-always_act-event_triggered,utility_restoration,large,high,high,high,grid,private_fragmented,event_triggered,774107,always_act,10,UTL-25-crew_dispatch,U19,no_operational_action,request_peer_evidence,send_targeted_summary,execute_autonomously,False,False,0.0,False,False,False,0.7081723022363854,0.014709345407644958,0.29840527890076196,0.43268765440610485,0.5,0.9150196938162197,0.9150196938162197,0.0,0.0,0.0,0.0,1.0,0.8888888888888888,0.0,0.0,1,8,0.5314236198178361,0.7081723022363854,0.5120238443486091,0.5658559221341061,0.4752101447170597,0.36576631871047605
v7-pilots_iteration2-utility_restoration-large-high-high-high-grid-private_fragmented-774107-always_act-event_triggered,utility_restoration,large,high,high,high,grid,private_fragmented,event_triggered,774107,always_act,10,UTL-26-cyber_defense,U24,no_operational_action,request_peer_evidence,send_targeted_summary,execute_autonomously,False,False,0.0,False,False,False,0.7514753394756081,0.014265680948876175,0.0,0.0,0.5,0.939796156988804,0.939796156988804,0.0,0.0,0.0,0.0,1.0,0.8888888888888888,0.0,0.0,1,8,0.4423016154217067,0.7514753394756081,0.5355391750374443,0.5891132472963265,0.4933974203575332,0.3259686506087258
v7-pilots_iteration2-utility_restoration-large-high-high-high-grid-private_fragmented-774107-always_act-event_triggered,utility_restoration,large,high,high,high,grid,private_fragmented,event_triggered,774107,always_act,10,UTL-27-communications,U29,reconfigure_service_edge,request_peer_evidence,send_targeted_summary,execute_autonomously,True,False,0.0,False,False,False,0.6900251341170633,0.09720508459420704,0.0,0.0,0.5,0.9374427580636253,0.9374427580636253,0.0,0.0,0.0,0.0,1.0,0.8888888888888888,0.0,0.0,1,8,0.4214085455998015,0.6900251341170633,0.5103707431627317,0.5623429320788391,0.46758833410694434,0.3087625931083333
v7-pilots_iteration2-utility_restoration-large-high-high-high-grid-private_fragmented-774107-always_act-event_triggered,utility_restoration,large,high,high,high,grid,private_fragmented,event_triggered,774107,always_act,10,UTL-28-resource_allocation,U27,no_operational_action,request_peer_evidence,send_targeted_summary,execute_autonomously,False,False,0.0,False,False,False,0.6683785075637994,0.06958135667394949,0.15639716559823336,0.22677589011743837,0.5,0.9137429700973709,0.9137429700973709,0.0,0.0,0.0,0.0,1.0,0.875,0.0,0.0,1,7,0.468474906199877,0.6683785075637994,0.4957871455498625,0.5475456250691075,0.45571897317679577,0.32810908893195645
v7-pilots_iteration2-utility_restoration-large-high-high-high-grid-private_fragmented-774107-always_act-event_triggered,utility_restoration,large,high,high,high,grid,private_fragmented,event_triggered,774107,always_act,10,UTL-29-critical_load,U25,no_operational_action,request_peer_evidence,send_targeted_summary,execute_autonomously,False,False,0.0,False,False,False,0.6741135320191548,0.12974383903427714,0.45880807398715506,0.6652717072813749,0.5,0.9460680898121172,0.9460680898121172,0.0,0.0,0.0,0.0,1.0,0.875,0.0,0.0,1,7,0.5756638106340426,0.6741135320191548,0.5061624352606913,0.5565491655540862,0.458127683448045,0.3823343938391284
v7-pilots_iteration2-utility_restoration-large-high-high-high-grid-private_fragmented-774107-always_act-event_triggered,utility_restoration,large,high,high,high,grid,private_fragmented,event_triggered,774107,always_act,10,UTL-30-zone_operator,U14,no_operational_action,no_information_action,no_communication_action,execute_autonomously,False,False,0.0,False,False,False,0.6006880236346918,0.16468070141790836,0.016056039459541625,0.023281257216335356,0.5,0.8796011231997866,0.8796011231997866,0.0,0.0,0.0,0.0,1.0,0.8888888888888888,0.0,0.0,1,8,0.3966214297677157,0.6006880236346918,0.4601754902538233,0.5106106237343004,0.4300667477043483,0.28654195303922947
v7-pilots_iteration2-utility_restoration-large-high-high-high-grid-private_fragmented-774107-always_act-event_triggered,utility_restoration,large,high,high,high,grid,private_fragmented,event_triggered,774107,always_act,10,UTL-31-crew_dispatch,U19,no_operational_action,request_peer_evidence,send_targeted_summary,execute_autonomously,False,False,0.0,False,False,False,0.7409209680032784,0.021489117661126378,0.0,0.0,0.5,0.9169396561205224,0.9169396561205224,0.0,0.0,0.0,0.0,1.0,0.8888888888888888,0.0,0.0,1,8,0.43871312912111465,0.7409209680032784,0.5256033012314419,0.5807175345311957,0.4889645843391547,0.32301342659647353
v7-pilots_iteration2-utility_restoration-large-high-high-high-grid-private_fragmented-774107-always_act-event_triggered,utility_restoration,large,high,high,high,grid,private_fragmented,event_triggered,774107,always_act,10,UTL-32-cyber_defense,U24,no_operational_action,no_information_action,no_communication_action,execute_autonomously,False,False,0.0,False,False,False,0.5547551356560754,0.18050004236392703,0.0,0.0,0.5,0.8168715736923224,0.8168715736923224,0.0,0.0,0.0,0.0,1.0,0.8888888888888888,0.0,0.0,1,8,0.37541674612306564,0.5547551356560754,0.42611994768551076,0.4772425385681101,0.41077493475332943,0.27088699353925666
v7-pilots_iteration2-utility_restoration-large-high-high-high-grid-private_fragmented-774107-always_act-event_triggered,utility_restoration,large,high,high,high,grid,private_fragmented,event_triggered,774107,always_act,10,UTL-33-communications,U29,reconfigure_service_edge,request_peer_evidence,send_targeted_summary,execute_autonomously,True,True,-0.010499999999999999,True,False,True,0.6988766279811782,0.09392703078738457,0.0,0.0,0.5,0.9393530534470776,0.9393530534470776,0.0,0.0,0.0,0.0,1.0,0.8888888888888888,0.0,0.0,1,8,0.42441805351360057,0.6988766279811782,0.5143889145542407,0.5667654908292379,0.4713059615298726,0.3112410113902855
v7-pilots_iteration2-utility_restoration-large-high-high-high-grid-private_fragmented-774107-always_act-event_triggered,utility_restoration,large,high,high,high,grid,private_fragmented,event_triggered,774107,always_act,10,UTL-34-resource_allocation,U27,deploy_mobile_generation,no_information_action,no_communication_action,execute_autonomously,False,True,0.0,False,False,False,0.6349184595306931,0.14789808719161074,0.0,0.0,0.5,0.9075031465658041,0.9075031465658041,0.0,0.0,0.0,0.0,1.0,0.875,0.0,0.0,1,7,0.40267227624043567,0.6349184595306931,0.4808431704537283,0.5320800087395835,0.4416657530028911,0.2915271686685941
v7-pilots_iteration2-utility_restoration-large-high-high-high-grid-private_fragmented-774107-always_act-event_triggered,utility_restoration,large,high,high,high,grid,private_fragmented,event_triggered,774107,always_act,10,UTL-35-critical_load,U25,no_operational_action,request_peer_evidence,send_targeted_summary,execute_autonomously,False,False,0.0,False,False,False,0.6301222256116925,0.1200841979997957,0.0,0.0,0.5,0.8922171177871826,0.8922171177871826,0.0,0.0,0.0,0.0,1.0,0.875,0.0,0.0,1,7,0.4010415567079754,0.6301222256116925,0.4751031696914727,0.526571476979626,0.43965133475691087,0.2901842231712739
v7-pilots_iteration2-utility_restoration-large-high-high-high-grid-private_fragmented-774107-always_act-event_triggered,utility_restoration,large,high,high,high,grid,private_fragmented,event_triggered,774107,always_act,10,UTL-36-zone_operator,U14,dispatch_repair_crew,no_information_action,no_communication_action,execute_autonomously,True,True,-0.010499999999999999,True,False,True,0.47946859136842723,0.37729256775536313,0.0,0.0,0.5,0.8053712069218812,0.8053712069218812,0.0,0.0,0.0,0.0,1.0,0.8888888888888888,0.0,0.0,1,8,0.34981932106526525,0.47946859136842723,0.3931302382778412,0.43623450742955777,0.3791545861525172,0.2498067611387152
v7-pilots_iteration2-utility_restoration-large-high-high-high-grid-private_fragmented-774107-always_act-event_triggered,utility_restoration,large,high,high,high,grid,private_fragmented,event_triggered,774107,always_act,10,UTL-37-crew_dispatch,U19,no_operational_action,no_information_action,no_communication_action,execute_autonomously,False,False,0.0,False,False,False,0.5994332279993564,0.25567751314594456,0.0,0.0,0.5,0.9082714354526409,0.9082714354526409,0.0,0.0,0.0,0.0,1.0,0.8888888888888888,0.0,0.0,1,8,0.3906072975197812,0.5994332279993564,0.4668411500629028,0.5152479730757009,0.4295397335375074,0.28339685939537534
v7-pilots_iteration2-utility_restoration-large-high-high-high-grid-private_fragmented-774107-always_act-event_triggered,utility_restoration,large,high,high,high,grid,private_fragmented,event_triggered,774107,always_act,10,UTL-38-cyber_defense,U24,no_operational_action,no_information_action,no_communication_action,execute_autonomously,False,False,0.0,False,False,False,0.6354585639123455,0.18375815765043943,0.0,0.0,0.5,0.9083131972473296,0.9083131972473296,0.0,0.0,0.0,0.0,1.0,0.8888888888888888,0.0,0.0,1,8,0.40285591173019747,0.6354585639123455,0.48126172487677055,0.5328991811171201,0.4446703746209628,0.2934839534510123
v7-pilots_iteration2-utility_restoration-large-high-high-high-grid-private_fragmented-774107-always_act-event_triggered,utility_restoration,large,high,high,high,grid,private_fragmented,event_triggered,774107,always_act,10,UTL-39-communications,U29,no_operational_action,request_peer_evidence,send_targeted_summary,execute_autonomously,False,False,0.0,False,False,False,0.6490316775874994,0.09621663094292371,0.0,0.0,0.5,0.8778517637512663,0.8778517637512663,0.0,0.0,0.0,0.0,1.0,0.8888888888888888,0.0,0.0,1,8,0.40747077037974977,0.6490316775874994,0.47907561197281634,0.5342581559394972,0.4503710823645275,0.2972844252800554
v7-pilots_iteration2-utility_restoration-large-high-high-high-grid-private_fragmented-774107-always_act-event_triggered,utility_restoration,large,high,high,high,grid,private_fragmented,event_triggered,774107,always_act,10,UTL-40-resource_allocation,U27,no_operational_action,request_peer_evidence,send_targeted_summary,execute_autonomously,False,False,0.0,False,False,False,0.6623590871785756,0.03328985467999285,0.016465821698528324,0.02387544146286607,0.5,0.8778931683582955,0.8778931683582955,0.0,0.0,0.0,0.0,1.0,0.875,0.0,0.0,1,7,0.4177321955918036,0.6623590871785756,0.48441692696100414,0.5379366675071042,0.4531908166150017,0.3020755973855451
v7-pilots_iteration2-utility_restoration-large-high-high-high-grid-private_fragmented-774107-always_act-event_triggered,utility_restoration,large,high,high,high,grid,private_fragmented,event_triggered,774107,always_act,10,UTL-41-critical_load,U25,no_operational_action,request_peer_evidence,send_targeted_summary,execute_autonomously,False,False,0.0,False,False,False,0.6569694015077825,0.06848655596550723,0.1325760345266167,0.1922352500635942,0.5,0.8789829726542925,0.8789829726542925,0.0,0.0,0.0,0.0,1.0,0.875,0.0,0.0,1,7,0.4563060565279086,0.6569694015077825,0.48253350376668613,0.5371464641576944,0.45092714863326866,0.3207696624298104
v7-pilots_iteration2-utility_restoration-large-high-high-high-grid-private_fragmented-774107-always_act-event_triggered,utility_restoration,large,high,high,high,grid,private_fragmented,event_triggered,774107,always_act,10,UTL-42-zone_operator,U14,no_operational_action,no_information_action,no_communication_action,execute_autonomously,False,False,0.0,False,False,False,0.4640671495560156,0.3711269120385791,0.0,0.0,0.5,0.7740983113806856,0.7740983113806856,0.0,0.0,0.0,0.0,1.0,0.8888888888888888,0.0,0.0,1,8,0.3445828308490453,0.4640671495560156,0.37915143766757764,0.4234114851896217,0.3726859805913043,0.24549435743123993
v7-pilots_iteration2-utility_restoration-large-high-high-high-grid-private_fragmented-774107-always_act-event_triggered,utility_restoration,large,high,high,high,grid,private_fragmented,event_triggered,774107,always_act,10,UTL-43-crew_dispatch,U19,no_operational_action,no_information_action,no_communication_action,execute_autonomously,False,False,0.0,False,False,False,0.6154428816544385,0.16537324434582235,0.21694017727950285,0.3145632570552791,0.5,0.8521633177646102,0.8521633177646102,0.0,0.0,0.0,0.0,1.0,0.8888888888888888,0.0,0.0,1,8,0.47154576145577604,0.6154428816544385,0.45921798210292797,0.5161792512089199,0.436263788072642,0.3256271532654318
v7-pilots_iteration2-utility_restoration-large-high-high-high-grid-private_fragmented-774107-always_act-event_triggered,utility_restoration,large,high,high,high,grid,private_fragmented,event_triggered,774107,always_act,10,UTL-44-cyber_defense,U24,restore_communication_relay,request_peer_evidence,send_targeted_summary,execute_autonomously,True,False,0.0,False,False,False,0.7141914717703464,0.0158011559787799,0.11510761554064068,0.166906042533929,0.5,0.92280892674648,0.92280892674648,0.0,0.0,0.0,0.0,1.0,0.8888888888888888,0.0,0.0,1,8,0.4696825506100607,0.7141914717703464,0.5163788203947586,0.5692896428250735,0.47773819592132327,0.335557892755324
v7-pilots_iteration2-utility_restoration-large-high-high-high-grid-private_fragmented-774107-always_act-event_triggered,utility_restoration,large,high,high,high,grid,private_fragmented,event_triggered,774107,always_act,10,UTL-45-communications,U29,no_operational_action,request_peer_evidence,send_targeted_summary,execute_autonomously,False,False,0.0,False,False,False,0.7086795331257889,0.0003342474090732295,0.0723948846731595,0.10497258277608129,0.5,0.900080024367436,0.900080024367436,0.0,0.0,0.0,0.0,1.0,0.8888888888888888,0.0,0.0,1,8,0.45294446112902775,0.7086795331257889,0.5084918193421746,0.5625167560250992,0.47542318169060915,0.3265825347639062
v7-pilots_iteration2-utility_restoration-large-high-high-high-grid-private_fragmented-774107-always_act-event_triggered,utility_restoration,large,high,high,high,grid,private_fragmented,event_triggered,774107,always_act,10,UTL-46-resource_allocation,U27,no_operational_action,request_peer_evidence,send_targeted_summary,execute_autonomously,False,False,0.0,False,False,False,0.6987624626214448,0.08257519688482687,0.43714281896172386,0.6338570874944995,0.5,0.9212754102649701,0.9212754102649701,0.0,0.0,0.0,0.0,1.0,0.875,0.0,0.0,1,7,0.5765049382899712,0.6987624626214448,0.5098238376148205,0.563850694008541,0.4684802343010068,0.38546634003334457
v7-pilots_iteration2-utility_restoration-large-high-high-high-grid-private_fragmented-774107-always_act-event_triggered,utility_restoration,large,high,high,high,grid,private_fragmented,event_triggered,774107,always_act,10,UTL-47-critical_load,U25,no_operational_action,no_information_action,no_communication_action,execute_autonomously,False,False,0.0,False,False,False,0.6127656707930065,0.189377614444096,0.04933450846046692,0.07153503726767704,0.5,0.8987162920090315,0.8987162920090315,0.0,0.0,0.0,0.0,1.0,0.875,0.0,0.0,1,7,0.41230873701386467,0.6127656707930065,0.4697853413194605,0.520319722216345,0.4323615817330627,0.29390859229416305
v7-pilots_iteration2-utility_restoration-large-high-high-high-grid-private_fragmented-774107-always_act-event_triggered,utility_restoration,large,high,high,high,grid,private_fragmented,event_triggered,774107,always_act,10,UTL-48-zone_operator,U14,no_operational_action,no_information_action,no_communication_action,execute_autonomously,False,False,0.0,False,False,False,0.6105866796821555,0.1534047268251908,0.0,0.0,0.5,0.8663678136091093,0.8663678136091093,0.0,0.0,0.0,0.0,1.0,0.8888888888888888,0.0,0.0,1,8,0.39439947109193285,0.6105866796821555,0.4608266252751395,0.5141520852148083,0.43422418324428314,0.2865198258665591
v7-pilots_iteration2-utility_restoration-large-high-high-high-grid-private_fragmented-774107-always_act-event_triggered,utility_restoration,large,high,high,high,grid,private_fragmented,event_triggered,774107,always_act,10,UTL-49-crew_dispatch,U19,no_operational_action,request_peer_evidence,send_targeted_summary,execute_autonomously,False,False,0.0,False,False,False,0.75648313122027,0.06937381031575063,0.0,0.0,0.5,0.9237715354756423,0.9237715354756423,0.0,0.0,0.0,0.0,1.0,0.8888888888888888,0.0,0.0,1,8,0.4440042646148918,0.75648313122027,0.5335361363570186,0.586065676914151,0.4955006928902912,0.3273708322972312
v7-pilots_iteration2-utility_restoration-large-high-high-high-grid-private_fragmented-774107-always_act-event_triggered,utility_restoration,large,high,high,high,grid,private_fragmented,event_triggered,774107,always_act,10,UTL-50-cyber_defense,U24,no_operational_action,no_information_action,no_communication_action,execute_autonomously,False,False,0.0,False,False,False,0.5168084352775253,0.2704060271651091,0.0,0.0,0.5,0.809492793091428,0.809492793091428,0.0,0.0,0.0,0.0,1.0,0.8888888888888888,0.0,0.0,1,8,0.3625148679943586,0.5168084352775253,0.4090965723838671,0.4573667649457802,0.3948373205943384,0.26026191743326266
v7-pilots_iteration2-utility_restoration-large-high-high-high-grid-private_fragmented-774107-always_act-event_triggered,utility_restoration,large,high,high,high,grid,private_fragmented,event_triggered,774107,always_act,10,UTL-51-communications,U29,reconfigure_service_edge,request_peer_evidence,send_targeted_summary,execute_autonomously,True,False,0.0,False,False,False,0.6582561875430376,0.04179335527067923,0.0,0.0,0.5,0.8630453491078748,0.8630453491078748,0.0,0.0,0.0,0.0,1.0,0.8888888888888888,0.0,0.0,1,8,0.4106071037646328,0.6582561875430376,0.4790638122941837,0.5345194048334019,0.4542453765458536,0.2998672880676061
v7-pilots_iteration2-utility_restoration-large-high-high-high-grid-private_fragmented-774107-always_act-event_triggered,utility_restoration,large,high,high,high,grid,private_fragmented,event_triggered,774107,always_act,15,UTL-00-zone_operator,U00,no_operational_action,no_information_action,no_communication_action,execute_autonomously,False,False,0.0,False,False,False,0.6067379199845022,0.23296939746279938,0.14556273664006064,0.21106596812808792,0.5,0.9002401397744453,0.904226542992,0.002359310422059391,0.002000316061166574,0.0015469586599081708,0.0,0.9976406895779406,0.9027777777777778,-0.011407784808397436,0.002359310422059391,2,7,0.4437467251454718,0.6067379199845022,0.4710582375282954,0.5209658165755431,0.4353854819490465,0.31654056432739586
v7-pilots_iteration2-utility_restoration-large-high-high-high-grid-private_fragmented-774107-always_act-event_triggered,utility_restoration,large,high,high,high,grid,private_fragmented,event_triggered,774107,always_act,15,UTL-01-crew_dispatch,U05,no_operational_action,no_information_action,no_communication_action,execute_autonomously,False,False,0.0,False,False,False,0.5810414368967912,0.24768504907519084,0.0,0.0,0.5,0.8780034288256919,0.8806772653000299,0.009193647560671758,0.00934238357295436,0.004572794505407818,0.0,0.9908063524393282,0.9027777777777778,-0.003919212422124896,0.009193647560671758,2,7,0.384354088544909,0.5810414368967912,0.4647885385500799,0.5156779208770274,0.4245929590522079,0.2952413155137863
v7-pilots_iteration2-utility_restoration-large-high-high-high-grid-private_fragmented-774107-always_act-event_triggered,utility_restoration,large,high,high,high,grid,private_fragmented,event_triggered,774107,always_act,15,UTL-02-cyber_defense,U10,no_operational_action,no_information_action,no_communication_action,execute_autonomously,False,False,0.0,False,False,False,0.5795464531098309,0.26080291207027917,0.1753952439675375,0.2543231037529294,0.5,0.8868869529045313,0.8932333326372605,0.01318120795337907,0.012105579190586968,0.008218400401479031,0.0,0.9868187920466209,0.8333333333333333,0.06590674790143669,0.01318120795337907,3,6,0.44488333895804555,0.5795464531098309,0.47199401060479595,0.5201437420588326,0.41007617697279564,0.32329296960380816
v7-pilots_iteration2-utility_restoration-large-high-high-high-grid-private_fragmented-774107-always_act-event_triggered,utility_restoration,large,high,high,high,grid,private_fragmented,event_triggered,774107,always_act,15,UTL-03-communications,U15,no_operational_action,no_information_action,no_communication_action,execute_autonomously,False,False,0.0,False,False,False,0.6258520655272868,0.21167935806313146,0.07691411496995282,0.1115254667064316,0.5,0.912978802825054,0.9116743207089273,0.018603966097711533,0.016304204802457867,0.01619179652645808,0.0,0.9813960339022885,0.8333333333333333,0.12838610409508855,0.018603966097711533,3,6,0.4263558142888211,0.6258520655272868,0.5046310794539745,0.5535634406722365,0.4295245341881271,0.3297959722155571
v7-pilots_iteration2-utility_restoration-large-high-high-high-grid-private_fragmented-774107-always_act-event_triggered,utility_restoration,large,high,high,high,grid,private_fragmented,event_triggered,774107,always_act,15,UTL-04-resource_allocation,U04,no_operational_action,no_information_action,no_communication_action,execute_autonomously,False,False,0.0,False,False,False,0.5692282570254548,0.240055762515404,0.0,0.0,0.5,0.8594332501672611,0.8679987476778444,0.013745445747214258,0.013958279305998245,0.007998974686246108,0.0,0.9862545542527857,0.7916666666666666,0.007399177057985873,0.013745445747214258,3,5,0.38033760738865463,0.5692282570254548,0.4617932393980972,0.5138486399941524,0.39740920128402435,0.28546597091397435
v7-pilots_iteration2-utility_restoration-large-high-high-high-grid-private_fragmented-774107-always_act-event_triggered,utility_restoration,large,high,high,high,grid,private_fragmented,event_triggered,774107,always_act,15,UTL-05-critical_load,U02,no_operational_action,no_information_action,no_communication_action,execute_autonomously,False,False,0.0,False,False,False,0.477669571491836,0.3771504519269941,0.15610561499830442,0.2263531417475414,0.5,0.7983160163065266,0.8118567961083558,0.01231269304759941,0.012087907447436486,0.007640416853048726,0.0,0.9876873069524006,0.7916666666666666,-0.059790774366015764,0.01231269304759941,3,5,0.4035324083266341,0.477669571491836,0.4078846029400053,0.4525677953923384,0.35895455335990445,0.2846652020099779
v7-pilots_iteration2-utility_restoration-large-high-high-high-grid-private_fragmented-774107-always_act-event_triggered,utility_restoration,large,high,high,high,grid,private_fragmented,event_triggered,774107,always_act,15,UTL-06-zone_operator,U00,no_operational_action,request_peer_evidence,send_targeted_summary,execute_autonomously,False,False,0.0,False,False,False,0.6888837055989674,0.03939129552451581,0.09724503071343772,0.14100529453448468,0.5,0.9145998656727847,0.9289004724553289,0.019822896929824863,0.01760457770954138,0.011847910851331633,0.0,0.9801771030701751,0.8333333333333333,0.12016322150900893,0.019822896929824863,3,6,0.4548617305919252,0.6888837055989674,0.5319555043595379,0.5831996015668554,0.455997823018233,0.3511724290696096
v7-pilots_iteration2-utility_restoration-large-high-high-high-grid-private_fragmented-774107-always_act-event_triggered,utility_restoration,large,high,high,high,grid,private_fragmented,event_triggered,774107,always_act,15,UTL-07-crew_dispatch,U05,no_operational_action,request_peer_evidence,send_targeted_summary,execute_autonomously,False,False,0.0,False,False,False,0.7223475232030159,0.03954325842344236,0.09670845002458946,0.1402272525356547,0.5,0.924333055939926,0.9318129466915023,0.015682791619096692,0.013554018804216472,0.010077446720317074,0.0,0.9843172083809033,0.8333333333333333,0.10551102420555003,0.015682791619096692,3,6,0.4660526984975825,0.7223475232030159,0.5419781815329232,0.5939562647121317,0.47005262641193335,0.3537517038889388
v7-pilots_iteration2-utility_restoration-large-high-high-high-grid-private_fragmented-774107-always_act-event_triggered,utility_restoration,large,high,high,high,grid,private_fragmented,event_triggered,774107,always_act,15,UTL-08-cyber_defense,U10,restore_communication_relay,request_peer_evidence,send_targeted_summary,execute_autonomously,True,True,-0.0135928913219075,True,False,True,0.7179867830369855,0.0077626108121872095,0.10309637739691671,0.14948974722552924,0.5,0.9148272942455389,0.9294821132887741,0.019326799751416157,0.016222374377221627,0.013068029010396831,0.0,0.9806732002485838,0.8333333333333333,0.09516593602527923,0.019326799751416157,3,6,0.4667930455667021,0.7179867830369855,0.5429590564281617,0.5932638706827873,0.4682211155422006,0.3599278054681821
v7-pilots_iteration2-utility_restoration-large-high-high-high-grid-private_fragmented-774107-always_act-event_triggered,utility_restoration,large,high,high,high,grid,private_fragmented,event_triggered,774107,always_act,15,UTL-09-communications,U15,no_operational_action,no_information_action,no_communication_action,execute_autonomously,False,False,0.0,False,False,False,0.5973269606838425,0.15301024347154557,0.0,0.0,0.5,0.8544924479014123,0.867366953383541,0.01575185955268399,0.014629534778338171,0.009240686367026463,0.0,0.984248140447316,0.8333333333333333,-0.028568218919807098,0.01575185955268399,3,6,0.38989116663250645,0.5973269606838425,0.47460649962264767,0.5273852881183423,0.41754399015388055,0.3018838722177112
v7-pilots_iteration2-utility_restoration-large-high-high-high-grid-private_fragmented-774107-always_act-event_triggered,utility_restoration,large,high,high,high,grid,private_fragmented,event_triggered,774107,always_act,15,UTL-10-resource_allocation,U04,no_operational_action,request_peer_evidence,send_targeted_summary,execute_autonomously,False,False,0.0,False,False,False,0.6041023394903189,0.1166272085039659,0.0006323084668793994,0.0009168472769751292,0.5,0.8471104716624759,0.8628897420078224,0.017316881456293287,0.014101903003052807,0.01316832886919328,0.0,0.9826831185437067,0.6875,0.1188334010763683,0.017316881456293287,4,4,0.39241483877318245,0.6041023394903189,0.47766218775055713,0.5276031192585847,0.3912229825859339,0.2883541308753527
v7-pilots_iteration2-utility_restoration-large-high-high-high-grid-private_fragmented-774107-always_act-event_triggered,utility_restoration,large,high,high,high,grid,private_fragmented,event_triggered,774107,always_act,15,UTL-11-critical_load,U02,no_operational_action,no_information_action,no_communication_action,execute_autonomously,False,False,0.0,False,False,False,0.47605244029601157,0.38844856256508753,0.2614409966669216,0.37908944516703635,0.5,0.7934912890273322,0.8168168618523541,0.01785955550154006,0.015965641964708177,0.013503677935781,0.0,0.9821404444984599,0.6875,-0.084532375717418,0.01785955550154006,4,4,0.43963929654073264,0.47605244029601157,0.4137971760773938,0.45691864999558296,0.33744202492432485,0.2990120949605318
v7-pilots_iteration2-utility_restoration-large-high-high-high-grid-private_fragmented-774107-always_act-event_triggered,utility_restoration,large,high,high,high,grid,private_fragmented,event_triggered,774107,always_act,15,UTL-12-zone_operator,U00,no_operational_action,no_information_action,no_communication_action,execute_autonomously,False,False,0.0,False,False,False,0.6332824799539432,0.19995777247029678,0.03865803881657559,0.05605415628403461,0.5,0.9215755630796305,0.9323408096493373,0.023009751395537292,0.01981708376193414,0.016406946686569723,0.0,0.9769902486044627,0.7430555555555556,0.05304234451087009,0.023009751395537292,4,5,0.415569040692509,0.6332824799539432,0.5159205347052371,0.5635724205640549,0.41458975269176723,0.3198982266524961
v7-pilots_iteration2-utility_restoration-large-high-high-high-grid-private_fragmented-774107-always_act-event_triggered,utility_restoration,large,high,high,high,grid,private_fragmented,event_triggered,774107,always_act,15,UTL-13-crew_dispatch,U05,no_operational_action,no_information_action,no_communication_action,execute_autonomously,False,False,0.0,False,False,False,0.6368692874172331,0.16770355509273388,0.01646033453119401,0.023867485070231315,0.5,0.9066886641403801,0.9162057461570645,0.013112461979638446,0.010722860060695227,0.009894961466893948,0.0,0.9868875380203616,0.7430555555555556,0.12283752492094713,0.013112461979638446,4,5,0.40906375413871476,0.6368692874172331,0.4997773277734821,0.5490625700212464,0.41609621182634904,0.30024347026589115
v7-pilots_iteration2-utility_restoration-large-high-high-high-grid-private_fragmented-774107-always_act-event_triggered,utility_restoration,large,high,high,high,grid,private_fragmented,event_triggered,774107,always_act,15,UTL-14-cyber_defense,U10,no_operational_action,no_information_action,no_communication_action,execute_autonomously,False,False,0.0,False,False,False,0.5883742069267544,0.1694853588339397,0.14244694408464365,0.2065480689227333,0.5,0.8538835234593287,0.849546273750522,0.007914527336225441,0.007240001038819832,0.006046869761555884,0.0,0.9920854726637746,0.8333333333333333,-0.0631638690198989,0.007914527336225441,3,6,0.43641876689655246,0.5883742069267544,0.45990090190624955,0.5117085173957544,0.4137838335759035,0.31157623399167494
v7-pilots_iteration2-utility_restoration-large-high-high-high-grid-private_fragmented-774107-always_act-event_triggered,utility_restoration,large,high,high,high,grid,private_fragmented,event_triggered,774107,always_act,15,UTL-15-communications,U15,no_operational_action,request_peer_evidence,send_targeted_summary,execute_autonomously,False,False,0.0,False,False,False,0.6909579225592515,0.051815525851404975,0.0,0.0,0.5,0.919078595338989,0.9133125462315754,0.008518309648043565,0.008527110822261097,0.0063424259864616195,0.0,0.9914816903519564,0.8333333333333333,0.04946946596822943,0.008518309648043565,3,6,0.4217256936701455,0.6909579225592515,0.5180784513657087,0.5718363218598883,0.45686899414155224,0.31666030141440343
v7-pilots_iteration2-utility_restoration-large-high-high-high-grid-private_fragmented-774107-always_act-event_triggered,utility_restoration,large,high,high,high,grid,private_fragmented,event_triggered,774107,always_act,15,UTL-16-resource_allocation,U04,no_operational_action,request_peer_evidence,send_targeted_summary,execute_autonomously,False,False,0.0,False,False,False,0.7597659811861315,0.016774618749915177,0.0,0.0,0.5,0.9621675004688215,0.9653594988380634,0.019816196560620947,0.017272738496777906,0.01422683696182725,0.0,0.980183803439379,0.7916666666666666,0.0784761271270149,0.019816196560620947,3,5,0.4451204336032847,0.7597659811861315,0.5721909427765273,0.6220318038533508,0.47743504543150855,0.34954677695214675
v7-pilots_iteration2-utility_restoration-large-high-high-high-grid-private_fragmented-774107-always_act-event_triggered,utility_restoration,large,high,high,high,grid,private_fragmented,event_triggered,774107,always_act,15,UTL-17-critical_load,U02,no_operational_action,no_information_action,no_communication_action,execute_autonomously,False,False,0.0,False,False,False,0.6416500489683243,0.18301935642304493,0.0,0.0,0.5,0.9333005479024602,0.9337668017782834,0.0022769800950472874,0.0019576747228748914,0.0013370307859561503,0.0,0.9977230199049527,0.7916666666666666,0.12710235807713588,0.0022769800950472874,3,5,0.4049610166492303,0.6416500489683243,0.49317292869601104,0.5424835172957924,0.42782635390002954,0.2863507179628518
v7-pilots_iteration2-utility_restoration-large-high-high-high-grid-private_fragmented-774107-always_act-event_triggered,utility_restoration,large,high,high,high,grid,private_fragmented,event_triggered,774107,always_act,15,UTL-18-zone_operator,U00,no_operational_action,request_peer_evidence,send_targeted_summary,execute_autonomously,False,False,0.0,False,False,False,0.7468233159369375,0.03669619898377152,0.0,0.0,0.5,0.9669914639750432,0.9667026281675107,0.011937628677987755,0.009611065163194765,0.00854991629813262,0.0,0.9880623713220122,0.7430555555555556,0.054125964074365096,0.011937628677987755,4,5,0.44071992741855875,0.7468233159369375,0.5571898725177187,0.6062969524181443,0.46227690380462483,0.3259610298830754
v7-pilots_iteration2-utility_restoration-large-high-high-high-grid-private_fragmented-774107-always_act-event_triggered,utility_restoration,large,high,high,high,grid,private_fragmented,event_triggered,774107,always_act,15,UTL-19-crew_dispatch,U05,no_operational_action,no_information_action,no_communication_action,execute_autonomously,False,False,0.0,False,False,False,0.6211103700263481,0.19894397964672142,0.0,0.0,0.5,0.9084774246406051,0.9131884405001522,0.019269432207819293,0.020080375227620184,0.010222918923796454,0.0,0.9807305677921807,0.7430555555555556,-0.023324035915518238,0.019269432207819293,4,5,0.39797752580895834,0.6211103700263481,0.5025407092616375,0.5561692922087647,0.4094774665221773,0.30272533647456806
v7-pilots_iteration2-utility_restoration-large-high-high-high-grid-private_fragmented-774107-always_act-event_triggered,utility_restoration,large,high,high,high,grid,private_fragmented,event_triggered,774107,always_act,15,UTL-20-cyber_defense,U10,restore_communication_relay,request_peer_evidence,send_targeted_summary,execute_autonomously,True,False,0.0,False,False,False,0.7431575838802147,0.026463742816861535,0.1843260019286169,0.2672727027964945,0.5,0.9542656325259974,0.9541123375647562,0.021377276546907797,0.017680041432016402,0.017210068904723985,0.0,0.9786227234530922,0.7430555555555556,0.20985030875167743,0.021377276546907797,4,5,0.5036190271904317,0.7431575838802147,0.5657576288492562,0.6140925324798114,0.4607372963408013,0.3738213971821379
v7-pilots_iteration2-utility_restoration-large-high-high-high-grid-private_fragmented-774107-always_act-event_triggered,utility_restoration,large,high,high,high,grid,private_fragmented,event_triggered,774107,always_act,15,UTL-21-communications,U15,no_operational_action,no_information_action,no_communication_action,execute_autonomously,False,False,0.0,False,False,False,0.663774580019012,0.1411736594328093,0.0,0.0,0.5,0.914709165990772,0.912170818337957,0.023146995937218695,0.020681765087220083,0.018281607509814113,0.0,0.9768530040627813,0.7430555555555556,0.2679270397056073,0.023146995937218695,4,5,0.41248335720646406,0.663774580019012,0.526592917817404,0.5782709846637958,0.42739643471909616,0.32269004381289823
v7-pilots_iteration2-utility_restoration-large-high-high-high-grid-private_fragmented-774107-always_act-event_triggered,utility_restoration,large,high,high,high,grid,private_fragmented,event_triggered,774107,always_act,15,UTL-22-resource_allocation,U04,no_operational_action,no_information_action,no_communication_action,execute_autonomously,False,False,0.0,False,False,False,0.6136789092421937,0.23669496601449996,0.4163506285090184,0.6037084113380766,0.5,0.9176673987679359,0.9243485259576082,0.010522798894693985,0.00966653018978092,0.006687270771882803,0.0,0.989477201105306,0.7916666666666666,0.1270389807834028,0.010522798894693985,3,5,0.5403408478634842,0.6136789092421937,0.48962033184143305,0.5382316981189379,0.4160784752150547,0.3649467036942059
v7-pilots_iteration2-utility_restoration-large-high-high-high-grid-private_fragmented-774107-always_act-event_triggered,utility_restoration,large,high,high,high,grid,private_fragmented,event_triggered,774107,always_act,15,UTL-23-critical_load,U02,no_operational_action,no_information_action,no_communication_action,execute_autonomously,False,False,0.0,False,False,False,0.6373074257416739,0.1711167822514104,0.0035278220983630585,0.005115342042626435,0.5,0.9211755859898909,0.9255633965813527,0.016653992888791325,0.01579449588605819,0.009444742060712774,0.0,0.9833460071112087,0.7916666666666666,0.13572386869192454,0.016653992888791325,3,5,0.40471220684239945,0.6373074257416739,0.5085324568384502,0.5592153075774675,0.42600245214483634,0.3097327918699568
v7-pilots_iteration2-utility_restoration-large-high-high-high-grid-private_fragmented-774107-always_act-event_triggered,utility_restoration,large,high,high,high,grid,private_fragmented,event_triggered,774107,always_act,15,UTL-24-zone_operator,U00,dispatch_repair_crew,request_peer_evidence,send_targeted_summary,execute_autonomously,True,True,-0.01933425252274884,True,False,True,0.7199706180664871,0.06010386489284583,0.29447508409162804,0.42698887193286067,0.5,0.9550265345295985,0.9696950252196147,0.02182000524229588,0.01795074833371335,0.014563160056027313,0.0,0.9781799947577041,0.7430555555555556,0.035146760228300655,0.02182000524229588,4,5,0.5340673394064921,0.7199706180664871,0.5572928881982088,0.6053240688805843,0.4509987706990357,0.38610706943837775
v7-pilots_iteration2-utility_restoration-large-high-high-high-grid-private_fragmented-774107-always_act-event_triggered,utility_restoration,large,high,high,high,grid,private_fragmented,event_triggered,774107,always_act,15,UTL-25-crew_dispatch,U05,no_operational_action,no_information_action,no_communication_action,execute_autonomously,False,False,0.0,False,False,False,0.5401809565583129,0.32893999794616435,0.28083701501075525,0.4072136717655951,0.5,0.8673035896000897,0.8832056129039415,0.013427901694562983,0.011267432558790924,0.00956700388989462,0.0,0.986572098305437,0.7430555555555556,0.14267590147134945,0.013427901694562983,4,5,0.4681928064535692,0.5401809565583129,0.4516973423957358,0.4954295167179233,0.37548711286560255,0.31953903794333727
v7-pilots_iteration2-utility_restoration-large-high-high-high-grid-private_fragmented-774107-always_act-event_triggered,utility_restoration,large,high,high,high,grid,private_fragmented,event_triggered,774107,always_act,15,UTL-26-cyber_defense,U10,no_operational_action,no_information_action,no_communication_action,execute_autonomously,False,False,0.0,False,False,False,0.5713571599580162,0.26243491816755793,0.0,0.0,0.5,0.8779371154870268,0.892620944044942,0.02014076630619388,0.017900077988490692,0.013195023094176306,0.0,0.9798592336938061,0.6444444444444444,0.09267462434875251,0.02014076630619388,5,4,0.3810614343857255,0.5713571599580162,0.4762242156836346,0.523296914544426,0.36885889607125566,0.2777426125287495
v7-pilots_iteration2-utility_restoration-large-high-high-high-grid-private_fragmented-774107-always_act-event_triggered,utility_restoration,large,high,high,high,grid,private_fragmented,event_triggered,774107,always_act,15,UTL-27-communications,U15,no_operational_action,request_peer_evidence,send_targeted_summary,execute_autonomously,False,False,0.0,False,False,False,0.6621957509936207,0.0829238920408572,0.22685179118627963,0.32893509722010544,0.5,0.8659876378851328,0.8875628771287488,0.03415898701076625,0.035404712719427356,0.01911788995371444,0.0,0.9658410129892337,0.6444444444444444,0.39722921189208354,0.03415898701076625,5,4,0.49089097867065634,0.6621957509936207,0.5291977916838042,0.5917000872294876,0.40701110430620957,0.366055329513362
v7-pilots_iteration2-utility_restoration-large-high-high-high-grid-private_fragmented-774107-always_act-event_triggered,utility_restoration,large,high,high,high,grid,private_fragmented,event_triggered,774107,always_act,15,UTL-28-resource_allocation,U04,no_operational_action,request_peer_evidence,send_targeted_summary,execute_autonomously,False,False,0.0,False,False,False,0.6938100589502217,0.06749453101800745,0.05464453389797987,0.07923457415207082,0.5,0.9016609280214335,0.896162137219861,0.007601862627193978,0.007650678184632942,0.005460720784320361,0.0,0.992398137372806,0.6875,0.02961046294716363,0.007601862627193978,4,4,0.44171171783957236,0.6938100589502217,0.5135818632635186,0.5701467105450156,0.4289002247590931,0.30636697946055186
v7-pilots_iteration2-utility_restoration-large-high-high-high-grid-private_fragmented-774107-always_act-event_triggered,utility_restoration,large,high,high,high,grid,private_fragmented,event_triggered,774107,always_act,15,UTL-29-critical_load,U02,no_operational_action,no_information_action,no_communication_action,execute_autonomously,False,False,0.0,False,False,False,0.6084474858364135,0.20491673739017846,0.3357772011170581,0.48687694161973427,0.5,0.8826076784283787,0.8978410560820296,0.02207697586826063,0.02161860724824205,0.0123031373763558,0.0,0.9779230241317394,0.6875,0.17543530568333043,0.02207697586826063,4,4,0.5105226111731168,0.6084474858364135,0.494938680157225,0.5486044785225466,0.3930479440512937,0.3549912299484069
v7-pilots_iteration2-utility_restoration-large-high-high-high-grid-private_fragmented-774107-always_act-event_triggered,utility_restoration,large,high,high,high,grid,private_fragmented,event_triggered,774107,always_act,15,UTL-30-zone_operator,U00,no_operational_action,no_information_action,no_communication_action,execute_autonomously,False,False,0.0,False,False,False,0.5432447947439634,0.2740446961797518,0.0,0.0,0.5,0.8207473332189279,0.8458288391005435,0.028342264712403087,0.026018674689224808,0.021064898600854032,0.0,0.9716577352875969,0.8333333333333333,0.01789031584176315,0.028342264712403087,3,6,0.3715032302129475,0.5432447947439634,0.46216392179968163,0.5136736751855695,0.39482948045913124,0.3094188346524558
v7-pilots_iteration2-utility_restoration-large-high-high-high-grid-private_fragmented-774107-always_act-event_triggered,utility_restoration,large,high,high,high,grid,private_fragmented,event_triggered,774107,always_act,15,UTL-31-crew_dispatch,U05,no_operational_action,no_information_action,no_communication_action,execute_autonomously,False,False,0.0,False,False,False,0.601894694291584,0.21740590676655014,0.2471290388091057,0.35833710627320325,0.5,0.8922680474713303,0.9115028620842459,0.02303747769133413,0.019752474910418316,0.01555474599728579,0.0,0.9769625223086659,0.8333333333333333,0.03737044142738366,0.02303747769133413,3,6,0.4774451015647073,0.601894694291584,0.496077358352334,0.5438018547773433,0.419462438269132,0.35878684896316265
v7-pilots_iteration2-utility_restoration-large-high-high-high-grid-private_fragmented-774107-always_act-event_triggered,utility_restoration,large,high,high,high,grid,private_fragmented,event_triggered,774107,always_act,15,UTL-32-cyber_defense,U10,no_operational_action,no_information_action,no_communication_action,execute_autonomously,False,False,0.0,False,False,False,0.5544944898050592,0.273714649393608,0.20970244944587388,0.30406855169651714,0.5,0.8473066336648118,0.8592214312374319,0.014871452887511016,0.014219773972721561,0.008838738568289983,0.0,0.985128547112489,0.8333333333333333,-0.0477428574874732,0.014871452887511016,3,6,0.4483045789408842,0.5544944898050592,0.4544444883807421,0.5048436984947192,0.39955435238479153,0.32502344390331267
v7-pilots_iteration2-utility_restoration-large-high-high-high-grid-private_fragmented-774107-always_act-event_triggered,utility_restoration,large,high,high,high,grid,private_fragmented,event_triggered,774107,always_act,15,UTL-33-communications,U15,no_operational_action,request_peer_evidence,send_targeted_summary,execute_autonomously,False,False,0.0,False,False,False,0.7467215968929165,0.018693885825151524,0.0,0.0,0.5,0.9636653584836253,0.9615887744065973,0.022421886632967403,0.018022128410353,0.02141802963512196,0.0,0.9775781133670326,0.8333333333333333,0.09944000478394577,0.022421886632967403,3,6,0.4406853429435916,0.7467215968929165,0.5709956196642273,0.6178488724678206,0.48028973736169156,0.3574404628838247
v7-pilots_iteration2-utility_restoration-large-high-high-high-grid-private_fragmented-774107-always_act-event_triggered,utility_restoration,large,high,high,high,grid,private_fragmented,event_triggered,774107,always_act,15,UTL-34-resource_allocation,U04,no_operational_action,request_peer_evidence,send_targeted_summary,execute_autonomously,False,False,0.0,False,False,False,0.6636990153434831,0.06953430022241003,0.02686449636331966,0.038953519726813504,0.5,0.907527973066388,0.9121359737207134,0.017354172557729086,0.014927651587809732,0.012822307468033367,0.0,0.9826458274422709,0.6875,0.15196046217990933,0.017354172557729086,4,4,0.4218065099512195,0.6636990153434831,0.516657440984811,0.5666821842942327,0.4162535864442629,0.3096796403494144
v7-pilots_iteration2-utility_restoration-large-high-high-high-grid-private_fragmented-774107-always_act-event_triggered,utility_restoration,large,high,high,high,grid,private_fragmented,event_triggered,774107,always_act,15,UTL-35-critical_load,U02,no_operational_action,no_information_action,no_communication_action,execute_autonomously,False,False,0.0,False,False,False,0.4340850370776338,0.42114605531367894,0.12889448238564918,0.1868969994591913,0.5,0.7550567495520053,0.7792393284754001,0.011887186456692067,0.01102388691419487,0.009699072105424644,0.0,0.9881128135433079,0.6875,-0.04910846917509937,0.011887186456692067,4,4,0.3792441924766014,0.4340850370776338,0.3790402632584237,0.419322199915681,0.3198157155726062,0.2542038025641857
v7-pilots_iteration2-utility_restoration-large-high-high-high-grid-private_fragmented-774107-always_act-event_triggered,utility_restoration,large,high,high,high,grid,private_fragmented,event_triggered,774107,always_act,15,UTL-36-zone_operator,U00,no_operational_action,request_peer_evidence,send_targeted_summary,execute_autonomously,False,False,0.0,False,False,False,0.6620463535954739,0.13686778745481482,0.19236858999177878,0.2789344554880792,0.5,0.9362629650973529,0.9383850568647112,0.014973373650345123,0.01331403741963244,0.009248909963252783,0.0,0.9850266263496549,0.7430555555555556,0.17764325092814537,0.014973373650345123,4,5,0.47884002953960014,0.6620463535954739,0.5198470058230109,0.5693214728727121,0.42667057962121013,0.3405128859630176
v7-pilots_iteration2-utility_restoration-large-high-high-high-grid-private_fragmented-774107-always_act-event_triggered,utility_restoration,large,high,high,high,grid,private_fragmented,event_triggered,774107,always_act,15,UTL-37-crew_dispatch,U05,no_operational_action,request_peer_evidence,send_targeted_summary,execute_autonomously,False,False,0.0,False,False,False,0.6390461817773084,0.11360693058868901,0.2093313363974555,0.30353043777631045,0.5,0.8969199191814089,0.9053754502408433,0.015724741782480733,0.01628063332867158,0.00838336058553768,0.0,0.9842752582175193,0.7430555555555556,0.031125133608989386,0.015724741782480733,4,5,0.47692300687059935,0.6390461817773084,0.5018630910017486,0.5562638865239611,0.4170105074575806,0.33824372874255837
v7-pilots_iteration2-utility_restoration-large-high-high-high-grid-private_fragmented-774107-always_act-event_triggered,utility_restoration,large,high,high,high,grid,private_fragmented,event_triggered,774107,always_act,15,UTL-38-cyber_defense,U10,no_operational_action,request_peer_evidence,send_targeted_summary,execute_autonomously,False,False,0.0,False,False,False,0.6481145680113931,0.12478249336219194,0.0,0.0,0.5,0.9163092470785198,0.9183990591445753,0.013395850705137047,0.012104903668324285,0.009102705925572385,0.0,0.986604149294863,0.8333333333333333,0.204975333689011,0.013395850705137047,3,6,0.4071589531238737,0.6481145680113931,0.5070773299613791,0.5575601807116213,0.43887478523145174,0.3125718044829898
v7-pilots_iteration2-utility_restoration-large-high-high-high-grid-private_fragmented-774107-always_act-event_triggered,utility_restoration,large,high,high,high,grid,private_fragmented,event_triggered,774107,always_act,15,UTL-39-communications,U15,reconfigure_service_edge,request_peer_evidence,send_targeted_summary,execute_autonomously,True,True,-0.010499999999999999,True,False,True,0.6986225120676582,0.07276433449648412,0.0,0.0,0.5,0.9097975555320654,0.9179914208909206,0.01538233565564373,0.013225406962194652,0.010664370359958819,0.0,0.9846176643443563,0.8333333333333333,0.03955574156299979,0.01538233565564373,3,6,0.4243316541030038,0.6986225120676582,0.5284336636279809,0.5813542726439374,0.46008812173508307,0.33006590358025983
v7-pilots_iteration2-utility_restoration-large-high-high-high-grid-private_fragmented-774107-always_act-event_triggered,utility_restoration,large,high,high,high,grid,private_fragmented,event_triggered,774107,always_act,15,UTL-40-resource_allocation,U04,no_operational_action,request_peer_evidence,send_targeted_summary,execute_autonomously,False,False,0.0,False,False,False,0.6634566530072012,0.1163367608369292,0.030349524326102734,0.044006810272848966,0.5,0.90646011016447,0.9173636667445473,0.018839684076070617,0.015487599414603204,0.014024123229069096,0.0,0.9811603159239294,0.7916666666666666,0.08452294057304932,0.018839684076070617,3,5,0.42293689648793215,0.6634566530072012,0.5183732464504969,0.5688862274612718,0.4369851275963578,0.32620310005456304
v7-pilots_iteration2-utility_restoration-large-high-high-high-grid-private_fragmented-774107-always_act-event_triggered,utility_restoration,large,high,high,high,grid,private_fragmented,event_triggered,774107,always_act,15,UTL-41-critical_load,U02,no_operational_action,request_peer_evidence,send_targeted_summary,execute_autonomously,False,False,0.0,False,False,False,0.669256116744728,0.1332814618747239,0.3085713331359027,0.4474284330470589,0.5,0.9433964476980526,0.9442710753039418,0.012274878137272571,0.011776457517887917,0.007121266005665539,0.0,0.9877251218627274,0.7916666666666666,0.01901007784124964,0.012274878137272571,3,5,0.5217299036245017,0.669256116744728,0.5207363880145859,0.5715349907856535,0.4394209023661191,0.36455753243935307
v7-pilots_iteration2-utility_restoration-large-high-high-high-grid-private_fragmented-774107-always_act-event_triggered,utility_restoration,large,high,high,high,grid,private_fragmented,event_triggered,774107,always_act,15,UTL-42-zone_operator,U00,no_operational_action,request_peer_evidence,send_targeted_summary,execute_autonomously,False,False,0.0,False,False,False,0.7601843244824881,0.04948527935262423,0.0,0.0,0.5,0.9765496582369677,0.975518877770089,0.015627201000862345,0.014019058922981165,0.009664321963871014,0.0,0.9843727989991377,0.7430555555555556,0.1706457132952619,0.015627201000862345,4,5,0.44526267032404593,0.7601843244824881,0.5700892257534445,0.6203020282622178,0.4678885273937561,0.33564626123714303
v7-pilots_iteration2-utility_restoration-large-high-high-high-grid-private_fragmented-774107-always_act-event_triggered,utility_restoration,large,high,high,high,grid,private_fragmented,event_triggered,774107,always_act,15,UTL-43-crew_dispatch,U05,no_operational_action,request_peer_evidence,send_targeted_summary,execute_autonomously,False,False,0.0,False,False,False,0.7011375037890404,0.06967523299816444,0.0,0.0,0.5,0.9478311900928982,0.9459285360681463,0.00653607267470635,0.005786770604765068,0.0039969823845437125,0.0,0.9934639273252936,0.7430555555555556,0.09048305296621895,0.00653607267470635,4,5,0.4251867512882737,0.7011375037890404,0.5265633007834295,0.5772692646268444,0.443088862702508,0.3038365921454727
v7-pilots_iteration2-utility_restoration-large-high-high-high-grid-private_fragmented-774107-always_act-event_triggered,utility_restoration,large,high,high,high,grid,private_fragmented,event_triggered,774107,always_act,15,UTL-44-cyber_defense,U10,no_operational_action,no_information_action,no_communication_action,execute_autonomously,False,False,0.0,False,False,False,0.6345666933585904,0.19395836024352867,0.0,0.0,0.5,0.9102049936426411,0.9042328726828465,0.010935986960131205,0.009955729003379266,0.008131345223504782,0.0,0.9890640130398688,0.7430555555555556,0.21510155447436252,0.010935986960131205,4,5,0.4025526757419207,0.6345666933585904,0.49668830749828013,0.5479501416281105,0.41512912232171906,0.29312255679330024
v7-pilots_iteration2-utility_restoration-large-high-high-high-grid-private_fragmented-774107-always_act-event_triggered,utility_restoration,large,high,high,high,grid,private_fragmented,event_triggered,774107,always_act,15,UTL-45-communications,U15,no_operational_action,request_peer_evidence,send_targeted_summary,execute_autonomously,False,False,0.0,False,False,False,0.6846071489561705,0.029444360397086478,0.0,0.0,0.5,0.9039849845153908,0.9044588873139711,0.014252747598697879,0.013096485945885084,0.010897991205994328,0.0,0.9857472524013021,0.7430555555555556,0.10746808267414787,0.014252747598697879,4,5,0.41956643064509797,0.6846071489561705,0.5197929523494929,0.5724894888901897,0.43614611367270273,0.3130334833365053
v7-pilots_iteration2-utility_restoration-large-high-high-high-grid-private_fragmented-774107-always_act-event_triggered,utility_restoration,large,high,high,high,grid,private_fragmented,event_triggered,774107,always_act,15,UTL-46-resource_allocation,U04,no_operational_action,request_peer_evidence,send_targeted_summary,execute_autonomously,False,False,0.0,False,False,False,0.6910946175340927,0.0321837080636056,0.0,0.0,0.5,0.8957444492394346,0.8961723469142234,0.005374492020236876,0.0053455464264540176,0.003672061307782193,0.0,0.9946255079797631,0.875,0.007678357857600182,0.005374492020236876,2,6,0.4217721699615915,0.6910946175340927,0.5078982481518274,0.5634646860401644,0.46525973936431897,0.3165210663889949
v7-pilots_iteration2-utility_restoration-large-high-high-high-grid-private_fragmented-774107-always_act-event_triggered,utility_restoration,large,high,high,high,grid,private_fragmented,event_triggered,774107,always_act,15,UTL-47-critical_load,U02,no_operational_action,no_information_action,no_communication_action,execute_autonomously,False,False,0.0,False,False,False,0.5762957842928838,0.247051899599336,0.2817973880845195,0.40860621272255326,0.5,0.8548922563755086,0.8566422978357328,0.004835223911259567,0.005527291651574173,0.0021381043709937098,0.0,0.9951647760887404,0.875,0.007602098288875148,0.004835223911259567,2,6,0.48080605771299323,0.5762957842928838,0.45101069128679405,0.504828910433018,0.4170442294030112,0.3321413589409676
v7-pilots_iteration2-utility_restoration-large-high-high-high-grid-private_fragmented-774107-always_act-event_triggered,utility_restoration,large,high,high,high,grid,private_fragmented,event_triggered,774107,always_act,15,UTL-48-zone_operator,U00,dispatch_repair_crew,request_peer_evidence,send_targeted_summary,execute_autonomously,False,True,0.0,False,False,False,0.6548254101468634,0.137716383419126,0.12566473929057703,0.1822138719713367,0.5,0.8874399010521088,0.9060556310663287,0.020221231966080833,0.017731032339617814,0.01510291153503307,0.0,0.9797787680339192,0.8333333333333333,0.034283572624447145,0.020221231966080833,3,6,0.4531719687230543,0.6548254101468634,0.5120998640742858,0.5664297073978442,0.4416933389283493,0.3483833626386334
v7-pilots_iteration2-utility_restoration-large-high-high-high-grid-private_fragmented-774107-always_act-event_triggered,utility_restoration,large,high,high,high,grid,private_fragmented,event_triggered,774107,always_act,15,UTL-49-crew_dispatch,U05,no_operational_action,request_peer_evidence,send_targeted_summary,execute_autonomously,False,False,0.0,False,False,False,0.7266710442515429,0.053975930896213775,0.09117447791485757,0.13220299297654348,0.5,0.9554522155735845,0.9600762602229977,0.018883568323569633,0.018750077528706943,0.010857342831563366,0.0,0.9811164316764304,0.8333333333333333,0.12215801979685925,0.018883568323569633,3,6,0.465596873359895,0.7266710442515429,0.5559684672470109,0.6091192727674457,0.4718685052523147,0.35939526744579364
v7-pilots_iteration2-utility_restoration-large-high-high-high-grid-private_fragmented-774107-always_act-event_triggered,utility_restoration,large,high,high,high,grid,private_fragmented,event_triggered,774107,always_act,15,UTL-50-cyber_defense,U10,restore_communication_relay,request_peer_evidence,send_targeted_summary,execute_autonomously,True,False,0.0,False,False,False,0.6677696798007793,0.025674807167012925,0.102239064807482,0.1482466439708489,0.5,0.87042055036415,0.8783084312765135,0.02022206945527505,0.018439365086804105,0.0148533024474099,0.0,0.979777930544725,0.8333333333333333,-0.03258712164987554,0.02022206945527505,3,6,0.44942088568526867,0.6677696798007793,0.5130239067487343,0.567161890825963,0.4471299321829939,0.34792708395987837
v7-pilots_iteration2-utility_restoration-large-high-high-high-grid-private_fragmented-774107-always_act-event_triggered,utility_restoration,large,high,high,high,grid,private_fragmented,event_triggered,774107,always_act,15,UTL-51-communications,U15,reconfigure_service_edge,request_peer_evidence,send_targeted_summary,execute_autonomously,True,True,-0.021331666925527824,True,False,True,0.7188054090240348,0.0019292840188702143,0.36105556418426094,0.5235305680671783,0.5,0.9223862051895765,0.9263551320398323,0.029209333838840168,0.024143235654160766,0.025437363677372593,0.0,0.9707906661611598,0.8333333333333333,0.05517166684591768,0.029209333838840168,3,6,0.5568411754042946,0.7188054090240348,0.5590117822813843,0.6072003889093598,0.4685649384567613,0.4237582848118376
v7-pilots_iteration2-utility_restoration-large-high-high-high-grid-private_fragmented-774107-always_act-event_triggered,utility_restoration,large,high,high,high,grid,private_fragmented,event_triggered,774107,always_act,20,UTL-00-zone_operator,U07,isolate_component,request_peer_evidence,negotiate_commitment,execute_autonomously,True,False,0.0,False,False,False,0.7741386554126684,0.009300650536950561,0.2901288742768563,0.2112234021328395,0.0,0.9700978600923539,0.9724833637158756,0.009003511113678142,0.00677761219395312,0.007001483363319405,0.0,0.9909964888863219,0.9027777777777778,0.17815516198196468,0.009003511113678142,2,7,0.3787007593521888,0.7741386554126684,0.5647848427473052,0.6137728655538964,0.5056937908288763,0.3748708165722583
v7-pilots_iteration2-utility_restoration-large-high-high-high-grid-private_fragmented-774107-always_act-event_triggered,utility_restoration,large,high,high,high,grid,private_fragmented,event_triggered,774107,always_act,20,UTL-01-crew_dispatch,U12,no_operational_action,request_peer_evidence,send_targeted_summary,execute_autonomously,False,False,0.0,False,False,False,0.7627600581801681,0.03298676355164196,0.9582138667901947,0.806076773512449,0.0,0.9656938361568178,0.9676535556752083,0.00833782941311112,0.006728926188610429,0.00637098114187018,0.0,0.9916621705868889,0.9027777777777778,0.00942567234653724,0.00833782941311112,2,7,0.517596845424245,0.7627600581801681,0.5582004434896273,0.6083971295882087,0.5009147799912261,0.4419654116672916
v7-pilots_iteration2-utility_restoration-large-high-high-high-grid-private_fragmented-774107-always_act-event_triggered,utility_restoration,large,high,high,high,grid,private_fragmented,event_triggered,774107,always_act,20,UTL-02-cyber_defense,U17,no_operational_action,request_peer_evidence,send_targeted_summary,execute_autonomously,False,False,0.0,False,False,False,0.7648322956528584,0.004371310934433409,0.7133259137215382,0.45098924156289705,0.0,0.9327153088471264,0.9397236690856602,0.014067863201172481,0.012457195019681566,0.009348445231879055,0.0,0.9859321367988275,0.8333333333333333,0.08815857173431141,0.014067863201172481,3,6,0.4330803984970672,0.7648322956528584,0.5588067539545665,0.6131972582974183,0.4878962308408672,0.4004046261005789
v7-pilots_iteration2-utility_restoration-large-high-high-high-grid-private_fragmented-774107-always_act-event_triggered,utility_restoration,large,high,high,high,grid,private_fragmented,event_triggered,774107,always_act,20,UTL-03-communications,U22,reconfigure_service_edge,request_peer_evidence,negotiate_commitment,execute_autonomously,True,True,-0.03657982451559638,True,False,True,0.6774666144049724,0.11226624601110224,0.869327483853213,0.6605248515871589,0.0,0.938970589436169,0.9398438947049605,0.004042838188419329,0.0035171456027957015,0.002584313950554251,0.0,0.9959571618115807,0.8333333333333333,0.01231690987799372,0.004042838188419329,3,6,0.4536646132786088,0.6774666144049724,0.5113892665848183,0.5621481175266929,0.4512026447167551,0.3840702536255095
v7-pilots_iteration2-utility_restoration-large-high-high-high-grid-private_fragmented-774107-always_act-event_triggered,utility_restoration,large,high,high,high,grid,private_fragmented,event_triggered,774107,always_act,20,UTL-04-resource_allocation,U20,isolate_component,request_peer_evidence,negotiate_commitment,execute_autonomously,True,False,0.0,False,False,False,0.7804245211154947,0.020598480140526454,0.4312244514960972,0.575275454669341,0.0,0.9775359033158739,0.9829519412114863,0.01230561100208738,0.009539562192787732,0.009316546790479108,0.0,0.9876943889979126,0.7916666666666666,0.15195446193238227,0.01230561100208738,3,5,0.4682104462999101,0.7804245211154947,0.5737816396780888,0.6219831996309007,0.48611163220184106,0.4114707300190396
v7-pilots_iteration2-utility_restoration-large-high-high-high-grid-private_fragmented-774107-always_act-event_triggered,utility_restoration,large,high,high,high,grid,private_fragmented,event_triggered,774107,always_act,20,UTL-05-critical_load,U09,no_operational_action,request_peer_evidence,send_targeted_summary,execute_autonomously,False,False,0.0,False,False,False,0.74186960203664,0.017383753323249096,0.5202044102777453,0.20429639490273066,0.0,0.9169165619315494,0.9290536997830393,0.011765156291526968,0.009875350081288925,0.007750264215808045,0.0,0.988234843708473,0.7916666666666666,0.0620607784408006,0.011765156291526968,3,5,0.36606679946911297,0.74186960203664,0.5424482001056811,0.5948549863084245,0.46991856618872213,0.3549300483672533
v7-pilots_iteration2-utility_restoration-large-high-high-high-grid-private_fragmented-774107-always_act-event_triggered,utility_restoration,large,high,high,high,grid,private_fragmented,event_triggered,774107,always_act,20,UTL-06-zone_operator,U07,isolate_component,request_peer_evidence,negotiate_commitment,execute_autonomously,True,False,0.0,False,False,False,0.6939774768680276,0.06024457095963262,0.1977223963478513,0.0,0.0,0.8846251051224475,0.9390793902656768,0.06068805972790903,0.05262981154938595,0.03917735528524435,0.0,0.939311940272091,0.8333333333333333,0.058801824130777725,0.06068805972790903,3,6,0.3007523421351294,0.6939774768680276,0.5837105506468956,0.6342817022691253,0.4581372069512383,0.40463486514237584
v7-pilots_iteration2-utility_restoration-large-high-high-high-grid-private_fragmented-774107-always_act-event_triggered,utility_restoration,large,high,high,high,grid,private_fragmented,event_triggered,774107,always_act,20,UTL-07-crew_dispatch,U12,no_operational_action,no_information_action,no_communication_action,execute_autonomously,False,False,0.0,False,False,False,0.585560036850358,0.1942808041179658,0.6993858793504728,0.4307761917248522,0.0,0.8299160800116694,0.8389675578095026,0.003971624310244337,0.0047906501919380284,0.0015708568514399834,0.0,0.9960283756897557,0.8333333333333333,-0.060585954139388165,0.003971624310244337,3,6,0.36727669854308626,0.585560036850358,0.4472633087774026,0.5037248864498596,0.412601882143817,0.3305261646305928
v7-pilots_iteration2-utility_restoration-large-high-high-high-grid-private_fragmented-774107-always_act-event_triggered,utility_restoration,large,high,high,high,grid,private_fragmented,event_triggered,774107,always_act,20,UTL-08-cyber_defense,U17,restore_communication_relay,request_peer_evidence,send_targeted_summary,execute_autonomously,True,False,0.0,False,False,False,0.7787231560097991,0.026690909744352925,0.6602734894904166,0.3740632264277707,0.0,0.9636603570382595,0.9654025767273358,0.010955902779006488,0.00867112274856452,0.008273248278721335,0.0,0.9890440972209935,0.8333333333333333,0.1455189241288386,0.010955902779006488,3,6,0.4193410473859967,0.7787231560097991,0.5677426155540937,0.6171250152597505,0.4937303921907823,0.38999283557544817
v7-pilots_iteration2-utility_restoration-large-high-high-high-grid-private_fragmented-774107-always_act-event_triggered,utility_restoration,large,high,high,high,grid,private_fragmented,event_triggered,774107,always_act,20,UTL-09-communications,U22,dispatch_repair_crew,request_peer_evidence,negotiate_commitment,execute_autonomously,False,False,0.0,False,False,False,0.7171948785539425,0.05119144828423933,0.36579374550433397,0.0,0.0,0.9316925039181951,0.9402820024146419,0.009275824097062735,0.008925867975628998,0.0049646764685512546,0.0,0.9907241759029373,0.8333333333333333,0.0493081058796756,0.009275824097062735,3,6,0.30864625870834045,0.7171948785539425,0.5327872311370137,0.5867130851981016,0.46788851565932243,0.3245039198353151
v7-pilots_iteration2-utility_restoration-large-high-high-high-grid-private_fragmented-774107-always_act-event_triggered,utility_restoration,large,high,high,high,grid,private_fragmented,event_triggered,774107,always_act,20,UTL-10-resource_allocation,U20,no_operational_action,request_peer_evidence,send_targeted_summary,execute_autonomously,False,False,0.0,False,False,False,0.6843897471115008,0.10373722311636957,0.24947840972377303,0.3117436940994709,0.0,0.918819843409739,0.9306682790831803,0.017332588135093085,0.015180601866051746,0.011874897110660698,0.0,0.9826674118649069,0.6875,0.06862964823586393,0.017332588135093085,4,4,0.37231100060178335,0.6843897471115008,0.5277264830861654,0.5801308690416674,0.42494369378683033,0.34782965025427964
v7-pilots_iteration2-utility_restoration-large-high-high-high-grid-private_fragmented-774107-always_act-event_triggered,utility_restoration,large,high,high,high,grid,private_fragmented,event_triggered,774107,always_act,20,UTL-11-critical_load,U09,no_operational_action,request_peer_evidence,send_targeted_summary,execute_autonomously,False,False,0.0,False,False,False,0.687813320022163,0.11873950126274474,0.7932165752051443,0.6001640340474592,0.0,0.9388400547735803,0.9440508025781612,0.009523136189380832,0.008251974377820992,0.00557645119935779,0.0,0.9904768638106192,0.6875,-0.009838277148022212,0.009523136189380832,4,4,0.4426958969789257,0.687813320022163,0.5231677323673934,0.5740616244089618,0.42638159440930845,0.3697677778207929
v7-pilots_iteration2-utility_restoration-large-high-high-high-grid-private_fragmented-774107-always_act-event_triggered,utility_restoration,large,high,high,high,grid,private_fragmented,event_triggered,774107,always_act,20,UTL-12-zone_operator,U07,isolate_component,request_peer_evidence,negotiate_commitment,execute_autonomously,True,False,0.0,False,False,False,0.637413629564958,0.06085016505639651,0.1747226970059223,0.13682429682673358,0.0,0.8389561174574557,0.9212937621128416,0.06151405462107906,0.05091374199102028,0.04699172582202016,0.0,0.9384859453789209,0.7430555555555556,0.025673532662091048,0.06151405462107906,4,5,0.31435846529050177,0.637413629564958,0.5508241576598578,0.5978474633013802,0.4163248355283934,0.39723302518509035
v7-pilots_iteration2-utility_restoration-large-high-high-high-grid-private_fragmented-774107-always_act-event_triggered,utility_restoration,large,high,high,high,grid,private_fragmented,event_triggered,774107,always_act,20,UTL-13-crew_dispatch,U12,no_operational_action,request_peer_evidence,send_targeted_summary,execute_autonomously,False,False,0.0,False,False,False,0.6534279532600222,0.12687314453779627,0.8424885641342454,0.6382750846613224,0.0,0.9225864687663053,0.9330760723467377,0.014945120059329353,0.012932534951419217,0.009688653534737246,0.0,0.9850548799406706,0.7430555555555556,0.009356711593812905,0.014945120059329353,4,5,0.44015152442712496,0.6534279532600222,0.5129409665786463,0.5623998028002148,0.4230508514803204,0.38127946245889627
v7-pilots_iteration2-utility_restoration-large-high-high-high-grid-private_fragmented-774107-always_act-event_triggered,utility_restoration,large,high,high,high,grid,private_fragmented,event_triggered,774107,always_act,20,UTL-14-cyber_defense,U17,no_operational_action,request_peer_evidence,send_targeted_summary,execute_autonomously,False,False,0.0,False,False,False,0.6391868838945438,0.12791091806774949,0.9586576936647798,0.8067203224805973,0.0,0.9100801354264664,0.9212642646901337,0.012611155056656664,0.009977401651759865,0.009109275062433642,0.0,0.9873888449433433,0.8333333333333333,0.1482425873685539,0.012611155056656664,3,6,0.4757364179194883,0.6391868838945438,0.5008504044937534,0.5489755496692359,0.43512515790237505,0.40550370517633416
v7-pilots_iteration2-utility_restoration-large-high-high-high-grid-private_fragmented-774107-always_act-event_triggered,utility_restoration,large,high,high,high,grid,private_fragmented,event_triggered,774107,always_act,20,UTL-15-communications,U22,dispatch_repair_crew,no_information_action,negotiate_commitment,execute_autonomously,False,False,0.0,False,False,False,0.584947098301758,0.24239323407098715,0.8821772160258718,0.6791569632375142,0.0,0.8821760854390115,0.9018149271191382,0.013720326560171081,0.010004754179700592,0.01253357866595084,0.0,0.9862796734398289,0.8333333333333333,-0.020112258399750504,0.013720326560171081,3,6,0.42667968459960115,0.584947098301758,0.4737313178646956,0.5189593580979237,0.41234444795340497,0.37772485364126696
v7-pilots_iteration2-utility_restoration-large-high-high-high-grid-private_fragmented-774107-always_act-event_triggered,utility_restoration,large,high,high,high,grid,private_fragmented,event_triggered,774107,always_act,20,UTL-16-resource_allocation,U20,no_operational_action,request_peer_evidence,send_targeted_summary,execute_autonomously,False,False,0.0,False,False,False,0.7495322359406293,0.03881074722404981,0.40730995228030475,0.5405994308064419,0.0,0.9643893781300843,0.9639328047693256,0.007228561390326016,0.005426341287185887,0.005964036859216093,0.0,0.992771438609674,0.7916666666666666,0.03288187837742129,0.007228561390326016,3,5,0.4493848236133601,0.7495322359406293,0.5510302248552292,0.600443096709706,0.47313687242839764,0.3901470290364983
v7-pilots_iteration2-utility_restoration-large-high-high-high-grid-private_fragmented-774107-always_act-event_triggered,utility_restoration,large,high,high,high,grid,private_fragmented,event_triggered,774107,always_act,20,UTL-17-critical_load,U09,no_operational_action,request_peer_evidence,send_targeted_summary,execute_autonomously,False,False,0.0,False,False,False,0.7864240428598281,0.06826526151553156,0.605974475791907,0.32866298989826515,0.0,0.9576181006335527,0.9621978886296156,0.012178905755230396,0.009397876492322266,0.010011604525496764,0.0,0.9878210942447696,0.7916666666666666,0.052536225774436285,0.012178905755230396,3,5,0.41106329214792525,0.7864240428598281,0.571024610359642,0.619380462191423,0.48863143133446113,0.3836343844930764
v7-pilots_iteration2-utility_restoration-large-high-high-high-grid-private_fragmented-774107-always_act-event_triggered,utility_restoration,large,high,high,high,grid,private_fragmented,event_triggered,774107,always_act,20,UTL-18-zone_operator,U07,isolate_component,request_peer_evidence,negotiate_commitment,execute_autonomously,True,True,-0.036021512352582594,True,False,True,0.5709224676657796,0.231342585282591,0.85071707841942,0.46420457784600744,0.0,0.8491399253046449,0.9449307542474183,0.061126120886769164,0.04883801372468677,0.04853103423510696,0.0,0.9388738791132308,0.7430555555555556,0.07474705465374631,0.061126120886769164,4,5,0.3703227376894069,0.5709224676657796,0.5262305376339499,0.5658269106958601,0.38839854753073855,0.4175885058693591
v7-pilots_iteration2-utility_restoration-large-high-high-high-grid-private_fragmented-774107-always_act-event_triggered,utility_restoration,large,high,high,high,grid,private_fragmented,event_triggered,774107,always_act,20,UTL-19-crew_dispatch,U12,no_operational_action,request_peer_evidence,send_targeted_summary,execute_autonomously,False,False,0.0,False,False,False,0.7209025215183924,0.06528437315430541,0.784246667301121,0.5538243342532921,0.0,0.9217705645945691,0.9462562622950971,0.028179399487062606,0.025789708394901578,0.016376354558010342,0.0,0.9718206005129374,0.7430555555555556,0.09069474182566706,0.028179399487062606,4,5,0.44282469753704357,0.7209025215183924,0.5582548090378869,0.6124988292869018,0.45139017014883587,0.4118171904577331
v7-pilots_iteration2-utility_restoration-large-high-high-high-grid-private_fragmented-774107-always_act-event_triggered,utility_restoration,large,high,high,high,grid,private_fragmented,event_triggered,774107,always_act,20,UTL-20-cyber_defense,U17,no_operational_action,request_peer_evidence,send_targeted_summary,execute_autonomously,False,False,0.0,False,False,False,0.7044865565055617,0.05432701627559222,1.0,1.0,0.0,0.8780567766644067,0.8954139099591445,0.02296143851053678,0.017267635258970904,0.019416030291421804,0.0,0.9770385614894632,0.7430555555555556,-0.030990766238500167,0.02296143851053678,4,5,0.5443254292118911,0.7044865565055617,0.5334548306830779,0.5800495636462064,0.44449546484344704,0.45372476280327967
v7-pilots_iteration2-utility_restoration-large-high-high-high-grid-private_fragmented-774107-always_act-event_triggered,utility_restoration,large,high,high,high,grid,private_fragmented,event_triggered,774107,always_act,20,UTL-21-communications,U22,dispatch_repair_crew,request_peer_evidence,send_targeted_summary,execute_autonomously,False,False,0.0,False,False,False,0.7576484185801123,0.027049697748441487,0.6599440096913571,0.3569188140524679,0.0,0.9636258398807683,0.9678121343011561,0.012715173626714815,0.010792201693180625,0.008131781395976145,0.0,0.9872848263732852,0.7430555555555556,0.03014444982454878,0.012715173626714815,4,5,0.4080609776898305,0.7576484185801123,0.5617670704796378,0.611855702363993,0.4668234469147583,0.3728668378650716
v7-pilots_iteration2-utility_restoration-large-high-high-high-grid-private_fragmented-774107-always_act-event_triggered,utility_restoration,large,high,high,high,grid,private_fragmented,event_triggered,774107,always_act,20,UTL-22-resource_allocation,U20,dispatch_repair_crew,no_information_action,no_communication_action,execute_autonomously,False,False,0.0,False,False,False,0.6577504065315161,0.15435709649754165,0.5469483786768944,0.7430751490814969,0.0,0.9099457918320185,0.9281876984223804,0.015063121739221419,0.013616590929259598,0.009727805568862324,0.0,0.9849368782607786,0.7916666666666666,0.09713674334229527,0.015063121739221419,3,5,0.46677317400027474,0.6577504065315161,0.511674981005521,0.5648151953214089,0.43458850407657007,0.4016799555309854
v7-pilots_iteration2-utility_restoration-large-high-high-high-grid-private_fragmented-774107-always_act-event_triggered,utility_restoration,large,high,high,high,grid,private_fragmented,event_triggered,774107,always_act,20,UTL-23-critical_load,U09,no_operational_action,no_information_action,no_communication_action,execute_autonomously,False,False,0.0,False,False,False,0.83735495093207,0.25382831867035505,0.4577321084269165,0.11371155721902886,0.0,0.8916180363060852,0.9069831803669657,0.020795132893293822,0.015809231364203757,0.01841889064498914,0.0,0.9792048671067062,0.7916666666666666,-0.007810821652701416,0.020795132893293822,3,5,0.3767914570494708,0.83735495093207,0.5869596754999606,0.6300292560851138,0.5100224127248028,0.3874623226112976
v7-pilots_iteration2-utility_restoration-large-high-high-high-grid-private_fragmented-774107-always_act-event_triggered,utility_restoration,large,high,high,high,grid,private_fragmented,event_triggered,774107,always_act,20,UTL-24-zone_operator,U07,no_operational_action,request_peer_evidence,send_targeted_summary,execute_autonomously,False,False,0.0,False,False,False,0.7528064247587924,0.04368354863429888,0.6571701884479073,0.24787447010792552,0.0,0.9584872993234645,0.9673389382466061,0.05161875811608363,0.04618033618490469,0.033694948542802416,0.0,0.9483812418839164,0.7430555555555556,0.02394356935033648,0.05161875811608363,4,5,0.3802440572438916,0.7528064247587924,0.6130106560969002,0.6622266835033653,0.464789809509804,0.424325022856688
v7-pilots_iteration2-utility_restoration-large-high-high-high-grid-private_fragmented-774107-always_act-event_triggered,utility_restoration,large,high,high,high,grid,private_fragmented,event_triggered,774107,always_act,20,UTL-25-crew_dispatch,U12,no_operational_action,request_peer_evidence,send_targeted_summary,execute_autonomously,False,False,0.0,False,False,False,0.7231190175439391,0.05354561691398102,0.5689366364055183,0.2416247894546681,0.0,0.958186220206854,0.9578818714639432,0.009678263508414497,0.007650953942752503,0.007568129098686982,0.0,0.9903217364915855,0.7430555555555556,0.12667390699240866,0.009678263508414497,4,5,0.3686504154340597,0.7231190175439391,0.5423437309810695,0.591460892214851,0.4523210984795656,0.3446955953414897
v7-pilots_iteration2-utility_restoration-large-high-high-high-grid-private_fragmented-774107-always_act-event_triggered,utility_restoration,large,high,high,high,grid,private_fragmented,event_triggered,774107,always_act,20,UTL-26-cyber_defense,U17,no_operational_action,request_peer_evidence,send_targeted_summary,execute_autonomously,False,False,0.0,False,False,False,0.7941786378270231,0.046598806579271734,0.510921820351527,0.15750330617638073,0.0,0.9549927889732724,0.9638734519316239,0.022856365939052936,0.018720614971779348,0.01628187690167171,0.0,0.9771436340609471,0.6444444444444444,0.0746856470535685,0.022856365939052936,5,4,0.3726215303435193,0.7941786378270231,0.5884185646888015,0.6364620572586399,0.4624439167762386,0.3638541355399311
v7-pilots_iteration2-utility_restoration-large-high-high-high-grid-private_fragmented-774107-always_act-event_triggered,utility_restoration,large,high,high,high,grid,private_fragmented,event_triggered,774107,always_act,20,UTL-27-communications,U22,no_operational_action,request_peer_evidence,send_targeted_summary,execute_autonomously,False,False,0.0,False,False,False,0.6837656012662815,0.13928339437903237,0.7360525911061812,0.4672762571039626,0.0,0.9503367751418801,0.9658068059356553,0.019563862899710238,0.015181667690183809,0.015139106561097071,0.0,0.9804361371002898,0.6444444444444444,0.04884035992397917,0.019563862899710238,5,4,0.40942660613548676,0.6837656012662815,0.538479842351577,0.5845718769122603,0.4160704414207271,0.3648304175108543
v7-pilots_iteration2-utility_restoration-large-high-high-high-grid-private_fragmented-774107-always_act-event_triggered,utility_restoration,large,high,high,high,grid,private_fragmented,event_triggered,774107,always_act,20,UTL-28-resource_allocation,U20,no_operational_action,request_peer_evidence,send_targeted_summary,execute_autonomously,False,False,0.0,False,False,False,0.7460842295411889,0.007973298362778575,0.37675615404395174,0.49629642336373003,0.0,0.9347045891021257,0.9415119278600037,0.019061068644138812,0.016882561190998624,0.013142808610184686,0.0,0.9809389313558612,0.6875,-0.008139334442019086,0.019061068644138812,4,4,0.43757977965129946,0.7460842295411889,0.5587953351938013,0.6112932410880028,0.45085537640729934,0.3902584957733104
v7-pilots_iteration2-utility_restoration-large-high-high-high-grid-private_fragmented-774107-always_act-event_triggered,utility_restoration,large,high,high,high,grid,private_fragmented,event_triggered,774107,always_act,20,UTL-29-critical_load,U09,no_operational_action,no_information_action,no_communication_action,execute_autonomously,False,False,0.0,False,False,False,0.8258715245891901,0.2045470123600494,0.25215997763060977,0.0,0.0,0.9164928849686648,0.9383568744070891,0.023050011353196953,0.016695331487350473,0.02059730124636583,0.0,0.976949988646803,0.6875,0.05019741779286857,0.023050011353196953,4,4,0.3455963183603247,0.8258715245891901,0.591741846972318,0.6340797855575673,0.48436604032745983,0.3609423459903605
v7-pilots_iteration2-utility_restoration-large-high-high-high-grid-private_fragmented-774107-always_act-event_triggered,utility_restoration,large,high,high,high,grid,private_fragmented,event_triggered,774107,always_act,20,UTL-30-zone_operator,U07,isolate_component,request_peer_evidence,send_targeted_summary,execute_autonomously,True,False,0.0,False,False,False,0.667798405508576,0.12694361223851658,0.5490485358855577,0.06514511790196648,0.0,0.9261451896393744,0.9377931751607915,0.027525213643904367,0.018175395217335022,0.028534989282090195,0.0,0.9724747863560956,0.8333333333333333,0.09554914824598171,0.027525213643904367,3,6,0.30748628616938783,0.667798405508576,0.5371909587147401,0.5775620039096805,0.4471419969802686,0.3524691937134676
v7-pilots_iteration2-utility_restoration-large-high-high-high-grid-private_fragmented-774107-always_act-event_triggered,utility_restoration,large,high,high,high,grid,private_fragmented,event_triggered,774107,always_act,20,UTL-31-crew_dispatch,U12,no_operational_action,no_information_action,no_communication_action,execute_autonomously,False,False,0.0,False,False,False,0.5300723209410719,0.3199073946369167,0.7652917216646202,0.526339663080366,0.0,0.8433838798699458,0.865559899843224,0.016626137426594023,0.014676796880170873,0.011656311629022253,0.0,0.983373862573406,0.8333333333333333,0.017255808808284145,0.016626137426594023,3,6,0.37134610825925235,0.5300723209410719,0.44615149074114685,0.4919095635840576,0.38929704146191685,0.34823437355191394
v7-pilots_iteration2-utility_restoration-large-high-high-high-grid-private_fragmented-774107-always_act-event_triggered,utility_restoration,large,high,high,high,grid,private_fragmented,event_triggered,774107,always_act,20,UTL-32-cyber_defense,U17,restore_communication_relay,request_peer_evidence,send_targeted_summary,execute_autonomously,True,True,-0.03443784137695693,True,False,True,0.7163461278494441,0.03475309877331764,0.7979280458985644,0.5736623332195849,0.0,0.9480083483094959,0.9576081945386666,0.018040288527145232,0.014222277127289518,0.01339012893323377,0.0,0.9819597114728548,0.8333333333333333,0.08592413328671922,0.018040288527145232,3,6,0.44603664344151145,0.7163461278494441,0.548796942155155,0.5962346780479264,0.4675320403634332,0.4084826961368559
v7-pilots_iteration2-utility_restoration-large-high-high-high-grid-private_fragmented-774107-always_act-event_triggered,utility_restoration,large,high,high,high,grid,private_fragmented,event_triggered,774107,always_act,20,UTL-33-communications,U22,dispatch_repair_crew,request_peer_evidence,send_targeted_summary,execute_autonomously,False,True,0.0,False,False,False,0.7356080468356554,0.01941936798889729,0.8188194047562948,0.5872881368966274,0.0,0.949088296019773,0.9579976922366803,0.012995158306674082,0.009877182369982918,0.010216868357987408,0.0,0.9870048416933259,0.8333333333333333,0.03729753862099172,0.012995158306674082,3,6,0.45585588877931343,0.7356080468356554,0.5497085143685491,0.5984354754098655,0.47562204633764193,0.4070687566445083
v7-pilots_iteration2-utility_restoration-large-high-high-high-grid-private_fragmented-774107-always_act-event_triggered,utility_restoration,large,high,high,high,grid,private_fragmented,event_triggered,774107,always_act,20,UTL-34-resource_allocation,U20,no_operational_action,no_information_action,no_communication_action,execute_autonomously,False,False,0.0,False,False,False,0.623791132645282,0.19699859109025578,0.1741396523309303,0.20250249587984892,0.0,0.909505818828399,0.9329257164916315,0.023879570829049124,0.017706293030726572,0.020294852402374386,0.0,0.9761204291709509,0.6875,0.058131835317916214,0.023879570829049124,4,4,0.32548958411055967,0.623791132645282,0.5103243069258813,0.5538795821384299,0.3994922757110184,0.3297861390493595
v7-pilots_iteration2-utility_restoration-large-high-high-high-grid-private_fragmented-774107-always_act-event_triggered,utility_restoration,large,high,high,high,grid,private_fragmented,event_triggered,774107,always_act,20,UTL-35-critical_load,U09,no_operational_action,no_information_action,no_communication_action,execute_autonomously,False,False,0.0,False,False,False,0.762087012180227,0.15451068055868378,0.5905081715703634,0.3062368487770269,0.0,0.8730772782665966,0.9000478003265013,0.026263012969596766,0.021054596980634166,0.021835899559857985,0.0,0.9737369870304032,0.6875,-0.04026397851239438,0.026263012969596766,4,4,0.3974064278477637,0.762087012180227,0.5598723425961755,0.6068561689481998,0.45757654511569534,0.38518695891901333
v7-pilots_iteration2-utility_restoration-large-high-high-high-grid-private_fragmented-774107-always_act-event_triggered,utility_restoration,large,high,high,high,grid,private_fragmented,event_triggered,774107,always_act,20,UTL-36-zone_operator,U07,no_operational_action,request_peer_evidence,send_targeted_summary,execute_autonomously,False,False,0.0,False,False,False,0.708655992352167,0.058828295148490556,0.4311489015823335,0.516739954722346,0.0,0.9522809948728042,0.9597146552681443,0.04080318075303979,0.03429532636447452,0.027170509796518583,0.0,0.9591968192469602,0.7430555555555556,0.06764088111501321,0.04080318075303979,4,5,0.4297606265330999,0.708655992352167,0.5786570987133236,0.6240036777493099,0.44624662789902125,0.4257257205984594
v7-pilots_iteration2-utility_restoration-large-high-high-high-grid-private_fragmented-774107-always_act-event_triggered,utility_restoration,large,high,high,high,grid,private_fragmented,event_triggered,774107,always_act,20,UTL-37-crew_dispatch,U12,no_operational_action,no_information_action,no_communication_action,execute_autonomously,False,False,0.0,False,False,False,0.6388816121700629,0.145103967268089,0.5466764389465651,0.20934750313918604,0.0,0.8909768252264028,0.9029044645608895,0.010879092975259463,0.01049818951160053,0.005491608513642499,0.0,0.9891209070247405,0.7430555555555556,-0.006881919134258618,0.010879092975259463,4,5,0.3322631488912261,0.6388816121700629,0.4935275813399891,0.5471094252261555,0.41694138822253757,0.31849564006445485
v7-pilots_iteration2-utility_restoration-large-high-high-high-grid-private_fragmented-774107-always_act-event_triggered,utility_restoration,large,high,high,high,grid,private_fragmented,event_triggered,774107,always_act,20,UTL-38-cyber_defense,U17,restore_communication_relay,no_information_action,no_communication_action,execute_autonomously,True,False,0.0,False,False,False,0.845040750676636,0.22314765516487522,0.6925551119923523,0.4208715790555775,0.0,0.8980076043016435,0.9162356081066471,0.026389428085612066,0.020246522166728065,0.022150446233941135,0.0,0.9736105719143879,0.8333333333333333,0.05408684976571154,0.026389428085612066,3,6,0.4531230342033949,0.845040750676636,0.5994634006659222,0.6434558396466741,0.5215837819508538,0.44127405700280353
v7-pilots_iteration2-utility_restoration-large-high-high-high-grid-private_fragmented-774107-always_act-event_triggered,utility_restoration,large,high,high,high,grid,private_fragmented,event_triggered,774107,always_act,20,UTL-39-communications,U22,dispatch_repair_crew,request_peer_evidence,send_targeted_summary,execute_autonomously,False,True,0.0,False,False,False,0.735943466454152,0.01882547277464547,0.7262132584244695,0.45300922471548066,0.0,0.9535340438190847,0.9519873406109225,0.004341800670685014,0.00390792329592482,0.0026488246286271444,0.0,0.995658199329315,0.8333333333333333,-0.005410730002718078,0.004341800670685014,3,6,0.42374299252612707,0.735943466454152,0.538839418475391,0.5902344406564707,0.4757629225774105,0.3760207823496616
v7-pilots_iteration2-utility_restoration-large-high-high-high-grid-private_fragmented-774107-always_act-event_triggered,utility_restoration,large,high,high,high,grid,private_fragmented,event_triggered,774107,always_act,20,UTL-40-resource_allocation,U20,no_operational_action,no_information_action,no_communication_action,execute_autonomously,False,False,0.0,False,False,False,0.611270551590275,0.14343735151865578,0.4175480493811188,0.5554446716026222,0.0,0.8833440811041243,0.8906183362580379,0.005392758637081108,0.003595981633379708,0.006000089023172395,0.0,0.9946072413629189,0.7916666666666666,-0.01618309499318593,0.005392758637081108,3,5,0.40593870872532284,0.611270551590275,0.47289410300405466,0.5214924222546069,0.4150669650012488,0.3505461964489947
v7-pilots_iteration2-utility_restoration-large-high-high-high-grid-private_fragmented-774107-always_act-event_triggered,utility_restoration,large,high,high,high,grid,private_fragmented,event_triggered,774107,always_act,20,UTL-41-critical_load,U09,no_operational_action,request_peer_evidence,send_targeted_summary,execute_autonomously,False,False,0.0,False,False,False,0.7908288500153238,0.021767142132968875,0.7422362650165806,0.5262425842740417,0.0,0.9841732245503293,0.9854343722394505,0.006620899993005747,0.005156163223047794,0.0048192726832290145,0.0,0.9933791000069943,0.7916666666666666,0.19191784655227262,0.006620899993005747,3,5,0.4599800292309801,0.7908288500153238,0.5716441061339198,0.6205704372897208,0.4904814503397693,0.39873070925212556
v7-pilots_iteration2-utility_restoration-large-high-high-high-grid-private_fragmented-774107-always_act-event_triggered,utility_restoration,large,high,high,high,grid,private_fragmented,event_triggered,774107,always_act,20,UTL-42-zone_operator,U07,no_operational_action,request_peer_evidence,send_targeted_summary,execute_autonomously,False,False,0.0,False,False,False,0.745684433254099,0.018510512128386114,0.0,0.0,0.0,0.9308819812079819,0.957443066121688,0.039408268411219916,0.03366392347835101,0.026935460699863856,0.0,0.9605917315887801,0.7430555555555556,0.03984349872528714,0.039408268411219916,4,5,0.31833270730639374,0.745684433254099,0.5861658443793429,0.6354164158473756,0.4617985730778327,0.3720961169503914
v7-pilots_iteration2-utility_restoration-large-high-high-high-grid-private_fragmented-774107-always_act-event_triggered,utility_restoration,large,high,high,high,grid,private_fragmented,event_triggered,774107,always_act,20,UTL-43-crew_dispatch,U12,no_operational_action,request_peer_evidence,send_targeted_summary,execute_autonomously,False,False,0.0,False,False,False,0.6811117592656917,0.0814372870250196,0.7282999223230651,0.47270155403511094,0.0,0.9187515653444406,0.9248228625400794,0.013027665561618496,0.011340668202149073,0.008343246612413924,0.0,0.9869723344383815,0.7430555555555556,-0.00029041704287957604,0.013027665561618496,4,5,0.40982637111876186,0.6811117592656917,0.5203713268286527,0.5720885356536893,0.43467805000270165,0.3659012405945875
v7-pilots_iteration2-utility_restoration-large-high-high-high-grid-private_fragmented-774107-always_act-event_triggered,utility_restoration,large,high,high,high,grid,private_fragmented,event_triggered,774107,always_act,20,UTL-44-cyber_defense,U17,isolate_component,request_peer_evidence,send_targeted_summary,execute_autonomously,True,False,0.0,False,False,False,0.7878794851734163,0.02074040937582544,0.4945050989926163,0.13369906020596023,0.0,0.9733213454278977,0.9797330844403866,0.0193104500482405,0.015454470336372927,0.014015345725242767,0.0,0.9806895499517595,0.7430555555555556,0.1375048922271539,0.0193104500482405,4,5,0.3647667994083921,0.7878794851734163,0.5855167604938777,0.6326872468160292,0.479520494883946,0.36606499478754406
v7-pilots_iteration2-utility_restoration-large-high-high-high-grid-private_fragmented-774107-always_act-event_triggered,utility_restoration,large,high,high,high,grid,private_fragmented,event_triggered,774107,always_act,20,UTL-45-communications,U22,dispatch_repair_crew,no_information_action,no_communication_action,execute_autonomously,False,False,0.0,False,False,False,0.6304924308595823,0.19318493275207693,0.4634235411134427,0.07196413461449186,0.0,0.9178433184792117,0.9382754872305571,0.01790305569019779,0.0137184765324454,0.014687102421874432,0.0,0.9820969443098022,0.7430555555555556,0.08318535494989021,0.01790305569019779,4,5,0.29643881879973605,0.6304924308595823,0.5067220799299127,0.552549339503194,0.4134179320721356,0.312726773422522
v7-pilots_iteration2-utility_restoration-large-high-high-high-grid-private_fragmented-774107-always_act-event_triggered,utility_restoration,large,high,high,high,grid,private_fragmented,event_triggered,774107,always_act,20,UTL-46-resource_allocation,U20,no_operational_action,request_peer_evidence,send_targeted_summary,execute_autonomously,False,False,0.0,False,False,False,0.6283465248844509,0.0693182511076772,0.27843488730709665,0.35373058659529016,0.0,0.8587393178718441,0.8693438930063159,0.012002170040728233,0.011046089671492343,0.007175995383235101,0.0,0.9879978299592718,0.875,-0.06705150755459233,0.012002170040728233,2,6,0.36333315924358295,0.6283465248844509,0.48282647747876095,0.5352093463786474,0.43890554045146934,0.3522129183167209
v7-pilots_iteration2-utility_restoration-large-high-high-high-grid-private_fragmented-774107-always_act-event_triggered,utility_restoration,large,high,high,high,grid,private_fragmented,event_triggered,774107,always_act,20,UTL-47-critical_load,U09,no_operational_action,request_peer_evidence,send_targeted_summary,execute_autonomously,False,False,0.0,False,False,False,0.8476991175290987,0.02182492712258366,0.5906898979111285,0.3065003519711362,0.0,0.9491042712653516,0.9538327475741364,0.006355670786718837,0.004541696690232633,0.005491688018331331,0.0,0.9936443292132812,0.875,0.1786803504269494,0.006355670786718837,2,6,0.42657778443296623,0.8476991175290987,0.5852536539293838,0.6352477091104982,0.5310336293622214,0.3989263139705164
v7-pilots_iteration2-utility_restoration-large-high-high-high-grid-private_fragmented-774107-always_act-event_triggered,utility_restoration,large,high,high,high,grid,private_fragmented,event_triggered,774107,always_act,20,UTL-48-zone_operator,U07,isolate_component,request_peer_evidence,send_targeted_summary,execute_autonomously,True,False,0.0,False,False,False,0.5492855361848399,0.2768725169881464,0.31779454391544076,0.3939222932050285,0.0,0.8536355733585426,0.9249063634840149,0.040738678334283907,0.03020942965570461,0.037284646713743985,0.0,0.9592613216657161,0.8333333333333333,-0.027951623354546817,0.040738678334283907,3,6,0.3460984326720524,0.5492855361848399,0.4901572574815691,0.5268224912613764,0.3973665918642994,0.3811045850647463
v7-pilots_iteration2-utility_restoration-large-high-high-high-grid-private_fragmented-774107-always_act-event_triggered,utility_restoration,large,high,high,high,grid,private_fragmented,event_triggered,774107,always_act,20,UTL-49-crew_dispatch,U12,no_operational_action,request_peer_evidence,send_targeted_summary,execute_autonomously,False,False,0.0,False,False,False,0.7341021526298762,0.058233876304233156,0.6837022861858364,0.4080349816361293,0.0,0.8991605566060233,0.9192692964343634,0.02201043093522259,0.018791693466232107,0.014927280845551505,0.0,0.9779895690647774,0.8333333333333333,0.08895400332973924,0.02201043093522259,3,6,0.412323127486829,0.7341021526298762,0.549245603512768,0.6002348810747642,0.4749895707712146,0.40005542496663365
v7-pilots_iteration2-utility_restoration-large-high-high-high-grid-private_fragmented-774107-always_act-event_triggered,utility_restoration,large,high,high,high,grid,private_fragmented,event_triggered,774107,always_act,20,UTL-50-cyber_defense,U17,no_operational_action,request_peer_evidence,send_targeted_summary,execute_autonomously,False,False,0.0,False,False,False,0.8564098163284666,0.1155171196431447,0.7196341309237139,0.46013615650605166,0.0,0.9476036176102405,0.9595958980390791,0.019387336332294502,0.014849950201990314,0.015101983918636486,0.0,0.9806126636677055,0.8333333333333333,0.12677432237238728,0.019387336332294502,3,6,0.4664120151131311,0.8564098163284666,0.606607101799159,0.6525888519335754,0.5263587895246226,0.43656451451075523
v7-pilots_iteration2-utility_restoration-large-high-high-high-grid-private_fragmented-774107-always_act-event_triggered,utility_restoration,large,high,high,high,grid,private_fragmented,event_triggered,774107,always_act,20,UTL-51-communications,U22,dispatch_repair_crew,request_peer_evidence,send_targeted_summary,execute_autonomously,False,False,0.0,False,False,False,0.6749737461971105,0.06963145449115077,0.5048076320094593,0.13197106641371603,0.0,0.9053596374068668,0.9113496160071557,0.007740567533483511,0.006028197441520833,0.005917256020733008,0.0,0.9922594324665165,0.8333333333333333,-0.005500517296268326,0.007740567533483511,3,6,0.32596412964630944,0.6749737461971105,0.5071662023774378,0.5588848429159188,0.4501556400694531,0.3264018764246119
v7-pilots_iteration2-utility_restoration-large-high-high-high-grid-private_fragmented-774107-always_act-event_triggered,utility_restoration,large,high,high,high,grid,private_fragmented,event_triggered,774107,always_act,25,UTL-00-zone_operator,U14,isolate_component,no_information_action,negotiate_commitment,execute_autonomously,True,False,0.0,False,False,False,0.6235938212615899,0.15783704150850505,1.0,0.9107986202350888,0.0,0.8803528816441003,0.8803528816441003,0.0,0.0,0.0,0.0,1.0,0.8888888888888888,-0.011274574076339361,0.0,1,8,0.4954135680853619,0.6235938212615899,0.469525748915661,0.5229431998242581,0.4396871827076455,0.39945765993701143
v7-pilots_iteration2-utility_restoration-large-high-high-high-grid-private_fragmented-774107-always_act-event_triggered,utility_restoration,large,high,high,high,grid,private_fragmented,event_triggered,774107,always_act,25,UTL-01-crew_dispatch,U19,dispatch_repair_crew,request_peer_evidence,negotiate_commitment,execute_autonomously,False,False,0.0,False,False,False,0.7053695877840146,0.08909641234133098,0.8986915369444681,0.6781027285694787,0.0,0.9557423025984445,0.9557423025984445,0.0,0.0,0.0,0.0,1.0,0.8888888888888888,0.10420193624478957,0.0,1,8,0.4673703147032399,0.7053695877840146,0.521083410763217,0.5721635226601922,0.4740330046470639,0.3944313675634171
v7-pilots_iteration2-utility_restoration-large-high-high-high-grid-private_fragmented-774107-always_act-event_triggered,utility_restoration,large,high,high,high,grid,private_fragmented,event_triggered,774107,always_act,25,UTL-02-cyber_defense,U24,isolate_component,request_peer_evidence,send_targeted_summary,execute_autonomously,True,False,0.0,False,False,False,0.6335925730691851,0.17108394056681342,0.3837990264652521,0.49405383515390017,0.0,0.9026201347763649,0.9470424289647691,0.0475123701584903,0.037492062825126404,0.036331771402711266,0.0,0.9524876298415097,0.8333333333333333,0.07137618591602335,0.0475123701584903,3,6,0.39879439528045907,0.6335925730691851,0.5456093811436518,0.587488060985794,0.43277554735572443,0.4263686406510529
v7-pilots_iteration2-utility_restoration-large-high-high-high-grid-private_fragmented-774107-always_act-event_triggered,utility_restoration,large,high,high,high,grid,private_fragmented,event_triggered,774107,always_act,25,UTL-03-communications,U29,dispatch_repair_crew,request_peer_evidence,negotiate_commitment,execute_autonomously,False,False,0.0,False,False,False,0.7851874857639859,0.009803657657656395,0.636026344258968,0.32223819917550356,0.0,0.977394770663287,0.9830501053414378,0.007140140827305297,0.005607266368350516,0.004968240322231088,0.0,0.9928598591726947,0.8333333333333333,0.10445515945284378,0.007140140827305297,3,6,0.4091009129618761,0.7851874857639859,0.5684198841296435,0.6180386195154162,0.49644541068754067,0.3788894252364576
v7-pilots_iteration2-utility_restoration-large-high-high-high-grid-private_fragmented-774107-always_act-event_triggered,utility_restoration,large,high,high,high,grid,private_fragmented,event_triggered,774107,always_act,25,UTL-04-resource_allocation,U27,dispatch_repair_crew,request_peer_evidence,negotiate_commitment,execute_autonomously,False,False,0.0,False,False,False,0.5402250351562463,0.3157576110348165,0.7705417056312716,0.5347831334223009,0.0,0.8639856225554413,0.9254927197919185,0.05453679254168953,0.038419703685053874,0.05171121833269965,0.0,0.9454632074583105,0.7916666666666666,0.03424069906354876,0.05453679254168953,3,5,0.376824463974476,0.5402250351562463,0.5084379292597242,0.5357259518858875,0.38522784809895677,0.4146752660031984
v7-pilots_iteration2-utility_restoration-large-high-high-high-grid-private_fragmented-774107-always_act-event_triggered,utility_restoration,large,high,high,high,grid,private_fragmented,event_triggered,774107,always_act,25,UTL-05-critical_load,U25,no_operational_action,no_information_action,no_communication_action,execute_autonomously,False,False,0.0,False,False,False,0.7754166729231871,0.14022554011678645,0.6255268064523735,0.3236805360226081,0.0,0.8911575062187539,0.9006590487560105,0.009054240963952132,0.007165954634202776,0.007358278473203694,0.0,0.9909457590360479,0.875,0.036928430806123624,0.009054240963952132,2,6,0.4061249974393096,0.7754166729231871,0.5456319830734963,0.5971348659364673,0.5006750026277386,0.3853820663620984
v7-pilots_iteration2-utility_restoration-large-high-high-high-grid-private_fragmented-774107-always_act-event_triggered,utility_restoration,large,high,high,high,grid,private_fragmented,event_triggered,774107,always_act,25,UTL-06-zone_operator,U14,reconfigure_service_edge,request_peer_evidence,negotiate_commitment,execute_autonomously,True,False,0.0,False,False,False,0.7637093404044552,0.0032336346332321186,1.0,0.9746079508679935,0.0,0.9754324549158202,0.9817637946356068,0.014035630157430368,0.010536797825400623,0.010986789361770666,0.0,0.9859643698425696,0.8333333333333333,0.04063102076895242,0.014035630157430368,3,6,0.5583670839458332,0.7637093404044552,0.5689917321111397,0.6158799911620778,0.4874245896365378,0.4631619464319652
v7-pilots_iteration2-utility_restoration-large-high-high-high-grid-private_fragmented-774107-always_act-event_triggered,utility_restoration,large,high,high,high,grid,private_fragmented,event_triggered,774107,always_act,25,UTL-07-crew_dispatch,U19,dispatch_repair_crew,request_peer_evidence,negotiate_commitment,execute_autonomously,False,False,0.0,False,False,False,0.6737811896669721,0.13737853068139413,0.7011054672970463,0.391602927580717,0.0,0.944465846784569,0.9532702634802173,0.00982763315002999,0.007545664137750041,0.007773098693068636,0.0,0.99017236684997,0.8333333333333333,0.04843317660311086,0.00982763315002999,3,6,0.3878703071061426,0.6737811896669721,0.519387623972973,0.5676239546583531,0.4496547663267949,0.3608733875451392
v7-pilots_iteration2-utility_restoration-large-high-high-high-grid-private_fragmented-774107-always_act-event_triggered,utility_restoration,large,high,high,high,grid,private_fragmented,event_triggered,774107,always_act,25,UTL-08-cyber_defense,U24,isolate_component,request_peer_evidence,send_targeted_summary,execute_autonomously,True,False,0.0,False,False,False,0.709106793358977,0.0373306037424761,0.7435380591740626,0.46747689105192114,0.0,0.929453226926544,0.956143404775605,0.045463229546235606,0.03581033937248368,0.033724289419845066,0.0,0.9545367704537644,0.8333333333333333,0.11808385046084202,0.045463229546235606,3,6,0.4180907635945133,0.709106793358977,0.5796545454399566,0.6225250347560464,0.464491519877437,0.44040897788391553
v7-pilots_iteration2-utility_restoration-large-high-high-high-grid-private_fragmented-774107-always_act-event_triggered,utility_restoration,large,high,high,high,grid,private_fragmented,event_triggered,774107,always_act,25,UTL-09-communications,U29,dispatch_repair_crew,no_information_action,negotiate_commitment,execute_autonomously,False,False,0.0,False,False,False,0.6477395539915551,0.17412443214644258,0.8401737414716971,0.6182519251339608,0.0,0.920354500092877,0.9338164910153334,0.014503922460690766,0.010412089858432005,0.01293894041283239,0.0,0.9854960775393092,0.8333333333333333,-0.051094692802775454,0.014503922460690766,3,6,0.43341191038927934,0.6477395539915551,0.5094899380648084,0.5563874793399257,0.43871727934311977,0.38924350342264996
v7-pilots_iteration2-utility_restoration-large-high-high-high-grid-private_fragmented-774107-always_act-event_triggered,utility_restoration,large,high,high,high,grid,private_fragmented,event_triggered,774107,always_act,25,UTL-10-resource_allocation,U27,no_operational_action,request_peer_evidence,send_targeted_summary,execute_autonomously,False,False,0.0,False,False,False,0.6426733666809475,0.10508903863802721,0.7772517811461245,0.4684238795616004,0.0,0.8786363195208301,0.9323677751877307,0.0413028537020208,0.03477120414092194,0.027260454918777377,0.0,0.9586971462979792,0.7916666666666666,0.07216773759053752,0.0413028537020208,3,5,0.39573067576630633,0.6426733666809475,0.5345524217354156,0.5828922981518847,0.42825614733933126,0.40852412802617644
v7-pilots_iteration2-utility_restoration-large-high-high-high-grid-private_fragmented-774107-always_act-event_triggered,utility_restoration,large,high,high,high,grid,private_fragmented,event_triggered,774107,always_act,25,UTL-11-critical_load,U25,no_operational_action,request_peer_evidence,send_targeted_summary,execute_autonomously,False,False,0.0,False,False,False,0.8325547983763056,0.000474364740079003,0.9355003660237908,0.7731421974011634,0.0,0.8820648014991677,0.907359208563575,0.025228654939059902,0.020592418175798266,0.019214135340475114,0.0,0.9747713450609401,0.6875,0.006770108505107619,0.025228654939059902,4,4,0.5334227588242231,0.8325547983763056,0.588858236639998,0.6416400757492404,0.48717301531804835,0.45856521463314187
v7-pilots_iteration2-utility_restoration-large-high-high-high-grid-private_fragmented-774107-always_act-event_triggered,utility_restoration,large,high,high,high,grid,private_fragmented,event_triggered,774107,always_act,25,UTL-12-zone_operator,U14,restore_communication_relay,request_peer_evidence,negotiate_commitment,execute_autonomously,True,False,0.0,False,False,False,0.756909112249352,0.014304608215802095,0.9839566819391516,0.8017371888117698,0.0,0.9484834451893228,0.9639166782950293,0.018455063819518558,0.01678461048965485,0.010576563453943089,0.0,0.9815449361804814,0.8333333333333333,0.06280628259071874,0.018455063819518558,3,6,0.5145660234796045,0.756909112249352,0.5657215955443975,0.6181286040507621,0.48456849381139444,0.44712667312575066
v7-pilots_iteration2-utility_restoration-large-high-high-high-grid-private_fragmented-774107-always_act-event_triggered,utility_restoration,large,high,high,high,grid,private_fragmented,event_triggered,774107,always_act,25,UTL-13-crew_dispatch,U19,dispatch_repair_crew,request_peer_evidence,negotiate_commitment,execute_autonomously,False,True,0.0,False,False,False,0.7028935893809269,0.07066715380972066,1.0,0.955224840502838,0.0,0.953122624304789,0.9574047580332777,0.005409834849453232,0.004015848167004066,0.004306335850059795,0.0,0.9945901651505468,0.9027777777777778,0.00801100536832522,0.005409834849453232,2,7,0.5330377821101964,0.7028935893809269,0.5270118606178026,0.5762724054510913,0.4757708630955449,0.438082038526654
v7-pilots_iteration2-utility_restoration-large-high-high-high-grid-private_fragmented-774107-always_act-event_triggered,utility_restoration,large,high,high,high,grid,private_fragmented,event_triggered,774107,always_act,25,UTL-14-cyber_defense,U24,isolate_component,request_peer_evidence,send_targeted_summary,execute_autonomously,True,False,0.0,False,False,False,0.6114420678565171,0.14968423503096576,0.41855803073796155,0.1392548696810989,0.0,0.8719813685394474,0.8719813685394474,0.0,0.0,0.0,0.0,1.0,0.8888888888888888,0.019591581602953156,0.0,1,8,0.30611147179467957,0.6114420678565171,0.4625721692774687,0.5151359545787599,0.434583446277515,0.3034699189171122
v7-pilots_iteration2-utility_restoration-large-high-high-high-grid-private_fragmented-774107-always_act-event_triggered,utility_restoration,large,high,high,high,grid,private_fragmented,event_triggered,774107,always_act,25,UTL-15-communications,U29,reconfigure_service_edge,request_peer_evidence,negotiate_commitment,execute_autonomously,True,False,0.0,False,False,False,0.6978952499048598,0.10337786528494952,0.6848118318275636,0.3929771561499671,0.0,0.9560572877718057,0.9668969674994478,0.016279904046483384,0.012985542317562881,0.011544305279903244,0.0,0.9837200959535166,0.8333333333333333,0.07040521164971025,0.016279904046483384,3,6,0.39639890244364445,0.6978952499048598,0.5409642875699721,0.588396193804364,0.45978267162670783,0.3784575738161961
v7-pilots_iteration2-utility_restoration-large-high-high-high-grid-private_fragmented-774107-always_act-event_triggered,utility_restoration,large,high,high,high,grid,private_fragmented,event_triggered,774107,always_act,25,UTL-16-resource_allocation,U27,no_operational_action,request_peer_evidence,send_targeted_summary,execute_autonomously,False,False,0.0,False,False,False,0.6735721964912622,0.1238617552297018,0.7701012547869864,0.7057990940783947,0.0,0.927882534233737,0.9321309580005994,0.02209000063089228,0.019049770679720468,0.013602505491000172,0.0,0.9779099993691077,0.7916666666666666,-0.015860931841725434,0.02209000063089228,3,5,0.4632063293858439,0.6735721964912622,0.5323255130381883,0.5819266542405055,0.44123365585966345,0.4130686897205043
v7-pilots_iteration2-utility_restoration-large-high-high-high-grid-private_fragmented-774107-always_act-event_triggered,utility_restoration,large,high,high,high,grid,private_fragmented,event_triggered,774107,always_act,25,UTL-17-critical_load,U25,no_operational_action,request_peer_evidence,send_targeted_summary,execute_autonomously,False,False,0.0,False,False,False,0.8133154969044195,0.12661118908476973,0.8291076123165986,0.6188727045257345,0.0,0.9305730446779253,0.9443882214879135,0.01750872598322306,0.013901037506127478,0.012952878662127243,0.0,0.9824912740167769,0.7916666666666666,0.052623629609995115,0.01750872598322306,3,5,0.489856718033679,0.8133154969044195,0.5824816763077614,0.631971822832933,0.4999258420331895,0.4347421838519726
v7-pilots_iteration2-utility_restoration-large-high-high-high-grid-private_fragmented-774107-always_act-event_triggered,utility_restoration,large,high,high,high,grid,private_fragmented,event_triggered,774107,always_act,25,UTL-18-zone_operator,U14,dispatch_repair_crew,request_peer_evidence,negotiate_commitment,execute_autonomously,False,True,0.0,False,False,False,0.7138420079232033,0.08590920222949805,0.815562543409883,0.5575656879443303,0.0,0.9334333957800627,0.9375140939741257,0.015850567749786437,0.012530692530580811,0.013081378301461832,0.0,0.9841494322502136,0.8333333333333333,0.048418731267655946,0.015850567749786437,3,6,0.4413220478005284,0.7138420079232033,0.541085946963998,0.5914115812889481,0.46648030999441203,0.40261986820522383
v7-pilots_iteration2-utility_restoration-large-high-high-high-grid-private_fragmented-774107-always_act-event_triggered,utility_restoration,large,high,high,high,grid,private_fragmented,event_triggered,774107,always_act,25,UTL-19-crew_dispatch,U19,dispatch_repair_crew,request_peer_evidence,negotiate_commitment,execute_autonomously,False,False,0.0,False,False,False,0.8171843557880636,0.028376441704094618,0.7082899708133045,0.4020204576792914,0.0,0.9634980499485882,0.973429716400065,0.01746527444936108,0.014379405105321208,0.011904328825683375,0.0,0.9825347255506389,0.7430555555555556,0.044085275719692896,0.01746527444936108,4,5,0.4391275908109716,0.8171843557880636,0.5921996390314781,0.6411583563438856,0.4918285405420978,0.40311648915363
v7-pilots_iteration2-utility_restoration-large-high-high-high-grid-private_fragmented-774107-always_act-event_triggered,utility_restoration,large,high,high,high,grid,private_fragmented,event_triggered,774107,always_act,25,UTL-20-cyber_defense,U24,restore_communication_relay,request_peer_evidence,send_targeted_summary,execute_autonomously,True,False,0.0,False,False,False,0.7372494823324951,0.05269324398707362,0.7442253353555303,0.39346005453772775,0.0,0.9710944683220044,0.9767396615628944,0.025751312663290893,0.019372767059120388,0.020807183234514914,0.0,0.9742486873367091,0.7430555555555556,0.07739211328563289,0.025751312663290893,4,5,0.409895237082103,0.7372494823324951,0.5737252477421064,0.6175042451938455,0.45825589369075903,0.39458718385322306
v7-pilots_iteration2-utility_restoration-large-high-high-high-grid-private_fragmented-774107-always_act-event_triggered,utility_restoration,large,high,high,high,grid,private_fragmented,event_triggered,774107,always_act,25,UTL-21-communications,U29,dispatch_repair_crew,no_information_action,no_communication_action,execute_autonomously,False,False,0.0,False,False,False,0.6409959334268551,0.17073410564449532,0.6855715661842005,0.39407877096709065,0.0,0.9154372981187452,0.923128798661694,0.00755142652986418,0.006035433764082554,0.005981629164572455,0.0,0.9924485734701358,0.8333333333333333,0.007707720516855643,0.00755142652986418,3,6,0.37731752239723254,0.6409959334268551,0.4958296950422382,0.5458216141579932,0.4358849587059458,0.3481214171511944
v7-pilots_iteration2-utility_restoration-large-high-high-high-grid-private_fragmented-774107-always_act-event_triggered,utility_restoration,large,high,high,high,grid,private_fragmented,event_triggered,774107,always_act,25,UTL-22-resource_allocation,U27,dispatch_repair_crew,request_peer_evidence,send_targeted_summary,execute_autonomously,False,False,0.0,False,False,False,0.725588576764602,0.03682562110837723,1.0,0.7669700984376776,0.0,0.9297422815082884,0.9393212004309955,0.012438301147817299,0.00940192109138449,0.010143690626864599,0.0,0.9875616988521827,0.875,0.033805681132411225,0.012438301147817299,2,6,0.4955729397250073,0.725588576764602,0.5400846226898571,0.5907286831439582,0.4797472022411329,0.4304211033058734
v7-pilots_iteration2-utility_restoration-large-high-high-high-grid-private_fragmented-774107-always_act-event_triggered,utility_restoration,large,high,high,high,grid,private_fragmented,event_triggered,774107,always_act,25,UTL-23-critical_load,U25,no_operational_action,request_peer_evidence,send_targeted_summary,execute_autonomously,False,False,0.0,False,False,False,0.7795308152245894,0.08265051260386172,0.45295860239198726,0.07345664013504807,0.0,0.9283896781708022,0.9376753852833716,0.009828821575313618,0.007273819691558381,0.008262781198513314,0.0,0.9901711784246864,0.7916666666666666,0.06228163168397072,0.009828821575313618,3,5,0.34747007080877196,0.7795308152245894,0.5576700958379754,0.6079816723541682,0.48573627572766087,0.3470296223357827
v7-pilots_iteration2-utility_restoration-large-high-high-high-grid-private_fragmented-774107-always_act-event_triggered,utility_restoration,large,high,high,high,grid,private_fragmented,event_triggered,774107,always_act,25,UTL-24-zone_operator,U14,dispatch_repair_crew,request_peer_evidence,send_targeted_summary,execute_autonomously,False,False,0.0,False,False,False,0.6905654398064928,0.07156020296849913,0.7781443607917742,0.5033093231480724,0.0,0.9100374497199166,0.9212404128416342,0.012984766351124555,0.01119196704267622,0.008729248525487954,0.0,0.9870152336488754,0.8333333333333333,0.08841582131622772,0.012984766351124555,3,6,0.42038648708974496,0.6905654398064928,0.5219142112441507,0.574801648223128,0.45670415138539355,0.3840407779686591
v7-pilots_iteration2-utility_restoration-large-high-high-high-grid-private_fragmented-774107-always_act-event_triggered,utility_restoration,large,high,high,high,grid,private_fragmented,event_triggered,774107,always_act,25,UTL-25-crew_dispatch,U19,dispatch_repair_crew,no_information_action,no_communication_action,execute_autonomously,False,False,0.0,False,False,False,0.5478666455460497,0.178995847887014,0.8493418813423044,0.6065457279463412,0.0,0.804642548131499,0.8468347187544087,0.02959862778773492,0.021558358770695008,0.02797455761957246,0.0,0.9704013722122651,0.7430555555555556,-0.06818497506181098,0.02959862778773492,4,5,0.3966456341927788,0.5478666455460497,0.46174537415412353,0.5038611242283795,0.37871510224045196,0.37513467938252903
v7-pilots_iteration2-utility_restoration-large-high-high-high-grid-private_fragmented-774107-always_act-event_triggered,utility_restoration,large,high,high,high,grid,private_fragmented,event_triggered,774107,always_act,25,UTL-26-cyber_defense,U24,isolate_component,request_peer_evidence,send_targeted_summary,execute_autonomously,True,False,0.0,False,False,False,0.6945034648428963,0.08154754309380627,0.4882372673608826,0.4453942230591173,0.0,0.935894942758928,0.9627220856337243,0.058331332098011446,0.0441413048817334,0.04727454631329364,0.0,0.9416686679019886,0.6444444444444444,0.022925928644920268,0.058331332098011446,5,4,0.4078257915807729,0.6945034648428963,0.5934389865641065,0.630016075997522,0.4205803441229053,0.4322304946591117
v7-pilots_iteration2-utility_restoration-large-high-high-high-grid-private_fragmented-774107-always_act-event_triggered,utility_restoration,large,high,high,high,grid,private_fragmented,event_triggered,774107,always_act,25,UTL-27-communications,U29,dispatch_repair_crew,request_peer_evidence,send_targeted_summary,execute_autonomously,False,False,0.0,False,False,False,0.6742581607320255,0.13731356149679097,0.8940083942034053,0.6963121715949376,0.0,0.9441794242166758,0.9625736843375661,0.022735217377028882,0.017380856996615734,0.017644099798374002,0.0,0.9772647826229711,0.7430555555555556,0.025130926273940757,0.022735217377028882,4,5,0.46116269583167374,0.6742581607320255,0.5375774246748196,0.5825393786438553,0.4317995386185618,0.40787296825937147
v7-pilots_iteration2-utility_restoration-large-high-high-high-grid-private_fragmented-774107-always_act-event_triggered,utility_restoration,large,high,high,high,grid,private_fragmented,event_triggered,774107,always_act,25,UTL-28-resource_allocation,U27,dispatch_repair_crew,request_peer_evidence,send_targeted_summary,execute_autonomously,False,False,0.0,False,False,False,0.6807431100810178,0.1265093918920045,0.9885051769594719,0.6489880946478191,0.0,0.9418150133860519,0.9808999574337203,0.055038649842761855,0.04278461591996108,0.04139593997106139,0.0,0.9449613501572381,0.6875,0.06715698733634934,0.055038649842761855,4,4,0.45200980014302267,0.6807431100810178,0.5848051071587866,0.6230805796930434,0.4234121062340275,0.45172948885704156
v7-pilots_iteration2-utility_restoration-large-high-high-high-grid-private_fragmented-774107-always_act-event_triggered,utility_restoration,large,high,high,high,grid,private_fragmented,event_triggered,774107,always_act,25,UTL-29-critical_load,U25,no_operational_action,request_peer_evidence,send_targeted_summary,execute_autonomously,False,False,0.0,False,False,False,0.7453268057995732,0.1101050311006399,0.7519927450182922,0.5070561469431902,0.0,0.8576620630337225,0.8760382461567869,0.016008717686249896,0.013403682105099568,0.01263761123440621,0.0,0.9839912823137501,0.7916666666666666,-0.07002984365533027,0.016008717686249896,3,5,0.43990458923822057,0.7453268057995732,0.5349584428390098,0.5884561140548501,0.4713705917691541,0.40015511693159334
v7-pilots_iteration2-utility_restoration-large-high-high-high-grid-private_fragmented-774107-always_act-event_triggered,utility_restoration,large,high,high,high,grid,private_fragmented,event_triggered,774107,always_act,25,UTL-30-zone_operator,U14,dispatch_repair_crew,request_peer_evidence,send_targeted_summary,execute_autonomously,False,False,0.0,False,False,False,0.635295733898791,0.09731049384195689,0.8759657531792615,0.645150342109929,0.0,0.8676748092648062,0.8694650239227083,0.004745017401123097,0.003793198084259597,0.003894921595005929,0.0,0.9952549825988769,0.9027777777777778,-0.010136099277078259,0.004745017401123097,2,7,0.4356366316319719,0.635295733898791,0.47768002023729034,0.5309494490339435,0.4473797637930478,0.3808895832182967
v7-pilots_iteration2-utility_restoration-large-high-high-high-grid-private_fragmented-774107-always_act-event_triggered,utility_restoration,large,high,high,high,grid,private_fragmented,event_triggered,774107,always_act,25,UTL-31-crew_dispatch,U19,dispatch_repair_crew,request_peer_evidence,send_targeted_summary,execute_autonomously,False,False,0.0,False,False,False,0.686744522766923,0.11340435451628017,1.0,1.0,0.0,0.9530270780065839,0.963600308334462,0.01478166927172997,0.010476267689449092,0.012840454760983944,0.0,0.98521833072827,0.8333333333333333,0.04666065221393956,0.01478166927172997,3,6,0.5382931377407538,0.686744522766923,0.5336489155888372,0.5790943346567471,0.45509936622877434,0.44630917496170497
v7-pilots_iteration2-utility_restoration-large-high-high-high-grid-private_fragmented-774107-always_act-event_triggered,utility_restoration,large,high,high,high,grid,private_fragmented,event_triggered,774107,always_act,25,UTL-32-cyber_defense,U24,no_operational_action,request_peer_evidence,send_targeted_summary,execute_autonomously,False,False,0.0,False,False,False,0.7629755276542513,0.04030222084960075,0.3676373505490491,0.2696782331930466,0.0,0.9706300500949409,0.9706300500949409,0.0,0.0,0.0,0.0,1.0,0.8888888888888888,0.15375847640261842,0.0,1,8,0.38893445536877663,0.7629755276542513,0.5478477235854358,0.5993994508081077,0.4982274993925633,0.3615500912819115
v7-pilots_iteration2-utility_restoration-large-high-high-high-grid-private_fragmented-774107-always_act-event_triggered,utility_restoration,large,high,high,high,grid,private_fragmented,event_triggered,774107,always_act,25,UTL-33-communications,U29,no_operational_action,request_peer_evidence,send_targeted_summary,execute_autonomously,False,False,0.0,False,False,False,0.7238345694319746,0.07013564395282174,0.5936981433274995,0.2608623078248742,0.0,0.9591977586768852,0.9663681256364272,0.006989161950826661,0.005404028191024146,0.005160591159729111,0.0,0.9930108380491733,0.8333333333333333,0.02701507218934951,0.006989161950826661,3,6,0.3735107074848412,0.7238345694319746,0.5391180941731685,0.5887735236233189,0.4706771858280959,0.3541884962406933
v7-pilots_iteration2-utility_restoration-large-high-high-high-grid-private_fragmented-774107-always_act-event_triggered,utility_restoration,large,high,high,high,grid,private_fragmented,event_triggered,774107,always_act,25,UTL-34-resource_allocation,U27,dispatch_repair_crew,request_peer_evidence,send_targeted_summary,execute_autonomously,False,False,0.0,False,False,False,0.6900291472548422,0.11372649992555683,0.19599862239801297,0.04759951099725318,0.0,0.9517634782001078,0.9684309767252546,0.04345410219267387,0.03381989497924043,0.03288721868217126,0.0,0.9565458978073261,0.6875,0.06092783015945047,0.04345410219267387,4,4,0.31083379270598716,0.6900291472548422,0.5747882715217072,0.6154323551534848,0.4273122418470337,0.3624883150636681
v7-pilots_iteration2-utility_restoration-large-high-high-high-grid-private_fragmented-774107-always_act-event_triggered,utility_restoration,large,high,high,high,grid,private_fragmented,event_triggered,774107,always_act,25,UTL-35-critical_load,U25,no_operational_action,request_peer_evidence,send_targeted_summary,execute_autonomously,False,False,0.0,False,False,False,0.8621374358431831,0.10854583476309793,0.6781896341636553,0.40004163620396677,0.0,0.8705488881916165,0.8887194100491839,0.014369242931220216,0.011166290160500525,0.012023266897679519,0.0,0.9856307570687798,0.7916666666666666,-0.0034977077379987342,0.014369242931220216,3,5,0.45393672087563436,0.8621374358431831,0.5826091364888858,0.6331616836682197,0.5204310563874702,0.41729158676545086
v7-pilots_iteration2-utility_restoration-large-high-high-high-grid-private_fragmented-774107-always_act-event_triggered,utility_restoration,large,high,high,high,grid,private_fragmented,event_triggered,774107,always_act,25,UTL-36-zone_operator,U14,dispatch_repair_crew,no_information_action,no_communication_action,execute_autonomously,False,False,0.0,False,False,False,0.6505067672915652,0.15697437295587005,1.0,0.851657972443904,0.0,0.921882129054439,0.9335414905621241,0.020792203320290303,0.0147226703687241,0.01962453325991731,0.0,0.9792077966797097,0.7430555555555556,0.12817028364024285,0.020792203320290303,4,5,0.4903702142656691,0.6505067672915652,0.5197823238286423,0.5637937756763207,0.4218239533735685,0.41764442694713955
v7-pilots_iteration2-utility_restoration-large-high-high-high-grid-private_fragmented-774107-always_act-event_triggered,utility_restoration,large,high,high,high,grid,private_fragmented,event_triggered,774107,always_act,25,UTL-37-crew_dispatch,U19,dispatch_repair_crew,request_peer_evidence,send_targeted_summary,execute_autonomously,False,False,0.0,False,False,False,0.8295806381926241,0.11205098038106631,0.820505023956619,0.5647322847370974,0.0,0.971742037120705,0.9734138154297284,0.007342903487941421,0.0063111773498550905,0.005118795609092008,0.0,0.9926570965120586,0.9027777777777778,0.0651423799770875,0.007342903487941421,2,7,0.48239316532239557,0.8295806381926241,0.5850478294403438,0.6346022082747522,0.5289794235964577,0.42989296102456986
v7-pilots_iteration2-utility_restoration-large-high-high-high-grid-private_fragmented-774107-always_act-event_triggered,utility_restoration,large,high,high,high,grid,private_fragmented,event_triggered,774107,always_act,25,UTL-38-cyber_defense,U24,isolate_component,request_peer_evidence,send_targeted_summary,execute_autonomously,True,True,-0.038542256848473934,True,False,True,0.6755793682078255,0.13208761839760302,0.9347418949491313,0.5423197111804596,0.0,0.9378289919330758,0.9575178797773161,0.021599327505767874,0.016037316441353755,0.017145158270144734,0.0,0.9784006724942321,0.9027777777777778,0.04920468252998644,0.021599327505767874,2,7,0.424653715873971,0.6755793682078255,0.5349280537744742,0.5799495044505985,0.46429889020284226,0.4086494355286484
v7-pilots_iteration2-utility_restoration-large-high-high-high-grid-private_fragmented-774107-always_act-event_triggered,utility_restoration,large,high,high,high,grid,private_fragmented,event_triggered,774107,always_act,25,UTL-39-communications,U29,restore_communication_relay,request_peer_evidence,send_targeted_summary,execute_autonomously,True,True,-0.0405,True,False,True,0.7527009199792245,0.06841027715936154,1.0,1.0,0.0,0.9836366024942937,0.990535720376405,0.0147133260209521,0.011622779890897328,0.010297108277175337,0.0,0.9852866739790479,0.8333333333333333,0.11268395662513875,0.0147133260209521,3,6,0.5607183127929363,0.7527009199792245,0.5675881750445961,0.6147898171778743,0.48280105305794097,0.4639248121521549
v7-pilots_iteration2-utility_restoration-large-high-high-high-grid-private_fragmented-774107-always_act-event_triggered,utility_restoration,large,high,high,high,grid,private_fragmented,event_triggered,774107,always_act,25,UTL-40-resource_allocation,U27,reconfigure_service_edge,request_peer_evidence,send_targeted_summary,execute_autonomously,True,True,-0.02826656475506258,True,False,True,0.7428435755083699,0.018082619313457254,0.5922188251687527,0.676934749544368,0.0,0.9334504267228644,0.970626835185965,0.03890577483012558,0.03017269551208246,0.028519147553280666,0.0,0.9610942251698744,0.7916666666666666,0.09273366682766959,0.03890577483012558,3,5,0.47983115556349415,0.7428435755083699,0.5849681216462399,0.6293203343656144,0.47032763504684866,0.458207014663485
v7-pilots_iteration2-utility_restoration-large-high-high-high-grid-private_fragmented-774107-always_act-event_triggered,utility_restoration,large,high,high,high,grid,private_fragmented,event_triggered,774107,always_act,25,UTL-41-critical_load,U25,no_operational_action,no_information_action,no_communication_action,execute_autonomously,False,False,0.0,False,False,False,0.8092076126400147,0.160241269875332,0.6850983926474563,0.41005933600547817,0.0,0.9114319848232323,0.9250234162684305,0.014502713292373737,0.01251901612529216,0.010116896627024086,0.0,0.9854972867076263,0.875,0.04604044361413806,0.014502713292373737,2,6,0.4383448289389198,0.8092076126400147,0.5718448398711372,0.6231951196523211,0.5148671973088061,0.41419021342306744
v7-pilots_iteration2-utility_restoration-large-high-high-high-grid-private_fragmented-774107-always_act-event_triggered,utility_restoration,large,high,high,high,grid,private_fragmented,event_triggered,774107,always_act,25,UTL-42-zone_operator,U14,isolate_component,request_peer_evidence,send_targeted_summary,execute_autonomously,True,False,0.0,False,False,False,0.7034789330888537,0.004074740017996015,0.9658481239822563,0.7754797797742715,0.0,0.9068771018012,0.928834579854321,0.028879427613914488,0.023688173432174775,0.021083943022074392,0.0,0.9711205723860855,0.7430555555555556,0.15473626847363542,0.028879427613914488,4,5,0.49009798439603547,0.7034789330888537,0.5485420473453217,0.5970412672233603,0.4440722630084296,0.43584746164658345
v7-pilots_iteration2-utility_restoration-large-high-high-high-grid-private_fragmented-774107-always_act-event_triggered,utility_restoration,large,high,high,high,grid,private_fragmented,event_triggered,774107,always_act,25,UTL-43-crew_dispatch,U19,dispatch_repair_crew,no_information_action,no_communication_action,execute_autonomously,False,False,0.0,False,False,False,0.5950863075580428,0.1811549991713453,0.6613319559316424,0.33393133610088144,0.0,0.8740207474952153,0.894718244950483,0.016894036564549686,0.012681267551743702,0.01490444383846623,0.0,0.9831059634354503,0.8333333333333333,0.04255492718587284,0.016894036564549686,3,6,0.3472728652339461,0.5950863075580428,0.4801913610873905,0.5263402379258459,0.41660291584104464,0.344578042782973
v7-pilots_iteration2-utility_restoration-large-high-high-high-grid-private_fragmented-774107-always_act-event_triggered,utility_restoration,large,high,high,high,grid,private_fragmented,event_triggered,774107,always_act,25,UTL-44-cyber_defense,U24,isolate_component,request_peer_evidence,send_targeted_summary,execute_autonomously,True,False,0.0,False,False,False,0.7169184738790301,0.04285836415820504,0.7627396647012691,0.3456409630847106,0.0,0.9555778031343348,0.9768174802381279,0.046546650627659725,0.03375020449307431,0.03972422011790555,0.0,0.9534533493723403,0.7430555555555556,0.054008553491647904,0.046546650627659725,4,5,0.3915061122592008,0.7169184738790301,0.5908271512139193,0.6271760295185811,0.4497168701403037,0.4195551212887393
v7-pilots_iteration2-utility_restoration-large-high-high-high-grid-private_fragmented-774107-always_act-event_triggered,utility_restoration,large,high,high,high,grid,private_fragmented,event_triggered,774107,always_act,25,UTL-45-communications,U29,dispatch_repair_crew,no_information_action,no_communication_action,execute_autonomously,False,False,0.0,False,False,False,0.5911851772902926,0.20543536787034877,0.7429421578821024,0.47726612892904835,0.0,0.8498416191691603,0.8647527843143332,0.01356743109232006,0.013151502953243854,0.008462301380470771,0.0,0.9864325689076799,0.9027777777777778,-0.035327240053102726,0.01356743109232006,2,7,0.3803468312216711,0.5911851772902926,0.46792887923765525,0.5227175253349787,0.4288533300174785,0.3631074833701581
v7-pilots_iteration2-utility_restoration-large-high-high-high-grid-private_fragmented-774107-always_act-event_triggered,utility_restoration,large,high,high,high,grid,private_fragmented,event_triggered,774107,always_act,25,UTL-46-resource_allocation,U27,isolate_component,request_peer_evidence,send_targeted_summary,execute_autonomously,True,False,0.0,False,False,False,0.6978488696884008,0.09447522604052033,1.0,0.8673456387190178,0.0,0.9463438847617587,0.9654968749456957,0.026449798120686152,0.021372545605643056,0.018910823788468978,0.0,0.9735502018793138,0.875,0.04422146468072563,0.026449798120686152,2,6,0.5102315689866206,0.6978488696884008,0.5527552364347607,0.5992347041104087,0.46809652526912837,0.4581084073163011
v7-pilots_iteration2-utility_restoration-large-high-high-high-grid-private_fragmented-774107-always_act-event_triggered,utility_restoration,large,high,high,high,grid,private_fragmented,event_triggered,774107,always_act,25,UTL-47-critical_load,U25,no_operational_action,no_information_action,no_communication_action,execute_autonomously,False,False,0.0,False,False,False,0.8846112576522411,0.1556081495157945,1.0,0.8978728393745676,0.0,0.8385731189691263,0.8385731189691263,0.0,0.0,0.0,0.0,1.0,0.875,-0.06014317303990513,0.0,1,7,0.5810573090516582,0.8846112576522411,0.5634877828031781,0.6158562516473827,0.5465367282139413,0.46918589286757567
v7-pilots_iteration2-utility_restoration-large-high-high-high-grid-private_fragmented-774107-always_act-event_triggered,utility_restoration,large,high,high,high,grid,private_fragmented,event_triggered,774107,always_act,25,UTL-48-zone_operator,U14,no_operational_action,request_peer_evidence,send_targeted_summary,execute_autonomously,False,False,0.0,False,False,False,0.7756973014069063,0.01858745066812606,1.0,0.9621991021149929,0.0,0.9529868066753544,0.9527702659580222,0.00826740237343837,0.006376604976206179,0.007506477906900844,0.0,0.9917325976265616,0.9027777777777778,0.08640245234891286,0.00826740237343837,2,7,0.5594648669859466,0.7756973014069063,0.5600999855544148,0.6119481479335115,0.5063484221464563,0.46458859821916293
v7-pilots_iteration2-utility_restoration-large-high-high-high-grid-private_fragmented-774107-always_act-event_triggered,utility_restoration,large,high,high,high,grid,private_fragmented,event_triggered,774107,always_act,25,UTL-49-crew_dispatch,U19,dispatch_repair_crew,no_information_action,no_communication_action,execute_autonomously,False,False,0.0,False,False,False,0.5547039497422237,0.2512191971418327,0.7888663644799229,0.518856228495888,0.0,0.8598787518296637,0.8866829321650078,0.024656824439653446,0.018874223251527655,0.021095466189858247,0.0,0.9753431755603466,0.8333333333333333,-0.03708860331063446,0.024656824439653446,3,6,0.3779248377513692,0.5547039497422237,0.47137082206982023,0.5132120196897529,0.3996423255584006,0.3688599405731064
v7-pilots_iteration2-utility_restoration-large-high-high-high-grid-private_fragmented-774107-always_act-event_triggered,utility_restoration,large,high,high,high,grid,private_fragmented,event_triggered,774107,always_act,25,UTL-50-cyber_defense,U24,isolate_component,request_peer_evidence,send_targeted_summary,execute_autonomously,True,False,0.0,False,False,False,0.7195361584567933,0.04412215952038545,0.0,0.0,0.0,0.9523087592329527,0.9687461573088987,0.02018955555931501,0.015287224084397755,0.01521349215800849,0.0,0.979810444440685,0.9027777777777778,0.15925336421747072,0.02018955555931501,2,7,0.30944229387530975,0.7195361584567933,0.5541570309739965,0.6001419652279751,0.48276074210740877,0.3532068187369678
v7-pilots_iteration2-utility_restoration-large-high-high-high-grid-private_fragmented-774107-always_act-event_triggered,utility_restoration,large,high,high,high,grid,private_fragmented,event_triggered,774107,always_act,25,UTL-51-communications,U29,dispatch_repair_crew,request_peer_evidence,send_targeted_summary,execute_autonomously,False,False,0.0,False,False,False,0.7299811748782975,0.014358027920707062,0.7975292349769226,0.5564173907165377,0.0,0.8993093031868226,0.9225473602453144,0.021457138536049136,0.024192801055177737,0.010656908528673847,0.0,0.9785428614639509,0.8333333333333333,0.05950201113743958,0.021457138536049136,3,6,0.44653377323059024,0.7299811748782975,0.5468597896984934,0.6114141987728885,0.47325876011555157,0.4154459164818443
v7-pilots_iteration2-utility_restoration-large-high-high-high-grid-private_fragmented-774107-always_act-event_triggered,utility_restoration,large,high,high,high,grid,private_fragmented,event_triggered,774107,always_act,30,UTL-00-zone_operator,U00,reconfigure_service_edge,no_information_action,negotiate_commitment,execute_autonomously,True,True,-0.010499999999999999,True,False,True,0.6251912934197279,0.16215715655164503,0.0,0.0,0.0,0.8961366463139352,0.8966473047385349,0.0004156809667742456,0.0003619358047307619,0.0002890230103906877,0.0,0.9995843190332258,0.9027777777777778,-0.00757923825346507,-0.0019436294552851452,2,7,0.2773650397627075,0.6251912934197279,0.47469263229985886,0.5264720940870772,0.4431358987918413,0.2927888167711875
v7-pilots_iteration2-utility_restoration-large-high-high-high-grid-private_fragmented-774107-always_act-event_triggered,utility_restoration,large,high,high,high,grid,private_fragmented,event_triggered,774107,always_act,30,UTL-01-crew_dispatch,U05,no_operational_action,no_information_action,no_communication_action,execute_autonomously,False,False,0.0,False,False,False,0.7960265945430945,0.1463886889670751,0.767861832618008,0.5133996572961116,0.0,0.9205500020415032,0.9204395427436692,0.0003346630413897378,0.0003333990528240349,0.00020301154336122007,0.0,0.9996653369586103,0.9027777777777778,0.03976227744363936,-0.00885898451928202,2,7,0.458664959895719,0.7960265945430945,0.5490166665855593,0.6004334925328566,0.5148867252636553,0.4021545225834189
v7-pilots_iteration2-utility_restoration-large-high-high-high-grid-private_fragmented-774107-always_act-event_triggered,utility_restoration,large,high,high,high,grid,private_fragmented,event_triggered,774107,always_act,30,UTL-02-cyber_defense,U10,no_operational_action,request_peer_evidence,send_targeted_summary,execute_autonomously,False,False,0.0,False,False,False,0.7858980291180782,0.09949569510013972,1.0,0.8624975704314992,0.0,0.9352223440327383,0.9384253176463946,0.004515295165591127,0.003659776932567027,0.003031359890644292,0.0,0.9954847048344089,0.8333333333333333,0.04519198500913413,-0.008665912787787944,3,6,0.5390047468037065,0.7858980291180782,0.5544862108872434,0.6054421361498985,0.4967438388962595,0.4358598288930376
v7-pilots_iteration2-utility_restoration-large-high-high-high-grid-private_fragmented-774107-always_act-event_triggered,utility_restoration,large,high,high,high,grid,private_fragmented,event_triggered,774107,always_act,30,UTL-03-communications,U15,dispatch_repair_crew,request_peer_evidence,negotiate_commitment,execute_autonomously,False,True,0.0,False,False,False,0.6832778523915735,0.09688826675394821,0.891270741919406,0.6423425757831388,0.0,0.9065242748660965,0.9159571327747174,0.01137575868320162,0.00975398734581212,0.007647858210600544,0.0,0.9886242413167984,0.8333333333333333,0.004282812065790065,-0.007228207414509913,3,6,0.45127668800108833,0.6832778523915735,0.5158682718296358,0.5696532811759005,0.45364336467112754,0.3868510687610958
v7-pilots_iteration2-utility_restoration-large-high-high-high-grid-private_fragmented-774107-always_act-event_triggered,utility_restoration,large,high,high,high,grid,private_fragmented,event_triggered,774107,always_act,30,UTL-04-resource_allocation,U04,dispatch_repair_crew,request_peer_evidence,negotiate_commitment,execute_autonomously,False,False,0.0,False,False,False,0.7651323256854504,0.026682779457683853,0.5454180934217137,0.20752290212815133,0.0,0.9714667314005611,0.9725618276203211,0.007240649437782243,0.005540998869472458,0.005690279288646183,0.0,0.9927593505622178,0.7916666666666666,0.10456307994247671,-0.006504796309432015,3,5,0.3747504872438095,0.7651323256854504,0.5590565223372156,0.6086322968987252,0.4796889101212225,0.34868964655834966
v7-pilots_iteration2-utility_restoration-large-high-high-high-grid-private_fragmented-774107-always_act-event_triggered,utility_restoration,large,high,high,high,grid,private_fragmented,event_triggered,774107,always_act,30,UTL-05-critical_load,U02,no_operational_action,request_peer_evidence,send_targeted_summary,execute_autonomously,False,False,0.0,False,False,False,0.8913380945289437,0.04557107899239998,0.0,0.0,0.0,0.8929036298587567,0.8942265933570094,0.0017226693759555545,0.0015324674261382176,0.001218996399814709,0.0,0.9982773306240444,0.7916666666666666,0.08236979724865356,-0.010590023671643856,3,5,0.36785495213984093,0.8913380945289437,0.5821728824026046,0.6386336371144449,0.5326953330354897,0.3540600410745828
v7-pilots_iteration2-utility_restoration-large-high-high-high-grid-private_fragmented-774107-always_act-event_triggered,utility_restoration,large,high,high,high,grid,private_fragmented,event_triggered,774107,always_act,30,UTL-06-zone_operator,U00,restore_communication_relay,request_peer_evidence,negotiate_commitment,execute_autonomously,True,True,-0.015334394325717975,True,False,True,0.6956977549936922,0.03422096575046796,0.16114647752393255,0.2336623924097022,0.0,0.9267449785867439,0.9275561463754189,0.0011719043005450347,0.0009504824536189505,0.0008529656146482045,0.0,0.998828095699455,0.8333333333333333,-0.0013443260799099743,-0.018650992629279828,3,6,0.3574162108761839,0.6956977549936922,0.511606012664926,0.5631344912982028,0.4588597237640174,0.3322258074868738
v7-pilots_iteration2-utility_restoration-large-high-high-high-grid-private_fragmented-774107-always_act-event_triggered,utility_restoration,large,high,high,high,grid,private_fragmented,event_triggered,774107,always_act,30,UTL-07-crew_dispatch,U05,no_operational_action,request_peer_evidence,send_targeted_summary,execute_autonomously,False,False,0.0,False,False,False,0.788117065694854,0.08113930763346822,0.7799266419078781,0.5308936307664233,0.0,0.9363187076215485,0.9412383728118724,0.006468073741567215,0.00490436985582976,0.005240498820474171,0.0,0.9935319262584328,0.8333333333333333,0.009425426120370117,-0.009214717877529477,3,6,0.460174273720192,0.788117065694854,0.5583818064215229,0.6098587231381816,0.49767583425850526,0.3986914324790518
v7-pilots_iteration2-utility_restoration-large-high-high-high-grid-private_fragmented-774107-always_act-event_triggered,utility_restoration,large,high,high,high,grid,private_fragmented,event_triggered,774107,always_act,30,UTL-08-cyber_defense,U10,isolate_component,request_peer_evidence,send_targeted_summary,execute_autonomously,True,False,0.0,False,False,False,0.8689222905938245,0.13227057397529313,0.5862262083096321,0.2250280020489664,0.0,0.8328596142135343,0.8354758141875701,0.002431774221531624,0.0022140753039879835,0.0015516864997503488,0.0,0.9975682257784684,0.8333333333333333,-0.09400629910120395,-0.016895025529884533,3,6,0.4142402992936523,0.8689222905938245,0.5591883037010577,0.6129177475230064,0.531614028716073,0.3807882141777047
v7-pilots_iteration2-utility_restoration-large-high-high-high-grid-private_fragmented-774107-always_act-event_triggered,utility_restoration,large,high,high,high,grid,private_fragmented,event_triggered,774107,always_act,30,UTL-09-communications,U15,dispatch_repair_crew,request_peer_evidence,negotiate_commitment,execute_autonomously,False,False,0.0,False,False,False,0.6611066257649962,0.1221045411287828,1.0,0.9571639086652839,0.0,0.9145164930946434,0.9235070142300552,0.009186634793286852,0.007589722281248323,0.006778764987086183,0.0,0.9908133652067131,0.8333333333333333,0.05614006084651424,-0.006565224759397137,3,6,0.519295590839767,0.6611066257649962,0.5059330622902609,0.5572877589644485,0.4443314494879651,0.41665121017169865
v7-pilots_iteration2-utility_restoration-large-high-high-high-grid-private_fragmented-774107-always_act-event_triggered,utility_restoration,large,high,high,high,grid,private_fragmented,event_triggered,774107,always_act,30,UTL-10-resource_allocation,U04,isolate_component,request_peer_evidence,negotiate_commitment,execute_autonomously,True,False,0.0,False,False,False,0.6654939914677883,0.042921182231470956,0.9770433276756965,0.8333794917964266,0.0,0.8919232053014671,0.8983615182851694,0.0035307143626684967,0.002956256893979159,0.002530582623526123,0.0,0.9964692856373315,0.6875,0.03547177627734699,-0.01378616709362479,4,4,0.4910790351301904,0.6654939914677883,0.494121398020218,0.5462347258309896,0.41700747641647107,0.3789041570753007
v7-pilots_iteration2-utility_restoration-large-high-high-high-grid-private_fragmented-774107-always_act-event_triggered,utility_restoration,large,high,high,high,grid,private_fragmented,event_triggered,774107,always_act,30,UTL-11-critical_load,U02,no_operational_action,no_information_action,no_communication_action,execute_autonomously,False,False,0.0,False,False,False,0.8616821011151108,0.21521249386376995,0.20135397335598912,0.2919632613661842,0.0,0.9256252152855916,0.9489015507632138,0.03584707762935857,0.025218516412305103,0.03351092213087081,0.0,0.9641529223706414,0.6875,0.13208468891085967,0.01798752212781851,4,4,0.4278430971070219,0.8616821011151108,0.6262650529485442,0.6634046127726115,0.4994064824683465,0.41452042054946225
v7-pilots_iteration2-utility_restoration-large-high-high-high-grid-private_fragmented-774107-always_act-event_triggered,utility_restoration,large,high,high,high,grid,private_fragmented,event_triggered,774107,always_act,30,UTL-12-zone_operator,U00,reconfigure_service_edge,request_peer_evidence,negotiate_commitment,execute_autonomously,True,False,0.0,False,False,False,0.7204293880770257,0.05442196143930869,0.03069778417164931,0.0445117870488915,0.0,0.9535449450975975,0.9668075147464584,0.014848164855495671,0.011976313558204055,0.010267167882218597,0.0,0.9851518351445043,0.7430555555555556,0.03446670509712113,-0.008161586540041621,4,5,0.32042882083792273,0.7204293880770257,0.5473454223029036,0.596222992182564,0.45119145410346195,0.31683709512088
v7-pilots_iteration2-utility_restoration-large-high-high-high-grid-private_fragmented-774107-always_act-event_triggered,utility_restoration,large,high,high,high,grid,private_fragmented,event_triggered,774107,always_act,30,UTL-13-crew_dispatch,U05,no_operational_action,request_peer_evidence,send_targeted_summary,execute_autonomously,False,False,0.0,False,False,False,0.8972758745875866,0.08331453643191128,0.5686704019675916,0.22457208285300773,0.0,0.872017817856431,0.8743070321622733,0.002237517028728764,0.0017755948909488062,0.0017167849076913377,0.0,0.9977624829712712,0.7430555555555556,-0.04189871399479117,-0.010874944950909682,4,5,0.42377109724450135,0.8972758745875866,0.5800473281393627,0.6316654624512252,0.5254669784378975,0.3768270951561672
v7-pilots_iteration2-utility_restoration-large-high-high-high-grid-private_fragmented-774107-always_act-event_triggered,utility_restoration,large,high,high,high,grid,private_fragmented,event_triggered,774107,always_act,30,UTL-14-cyber_defense,U10,isolate_component,no_information_action,no_communication_action,execute_autonomously,True,False,0.0,False,False,False,0.7213239998344426,0.1424847953596804,0.849561580507619,0.6068642917360474,0.0,0.8315911232013983,0.8340006858589232,0.0029622524053095622,0.0022526721191550303,0.002586969909662784,0.0,0.9970377475946904,0.8333333333333333,-0.015545587891598878,-0.004952274930915879,3,6,0.4556975899603619,0.7213239998344426,0.50057453410156,0.5516071420466149,0.46962274659713255,0.38593412867486704
v7-pilots_iteration2-utility_restoration-large-high-high-high-grid-private_fragmented-774107-always_act-event_triggered,utility_restoration,large,high,high,high,grid,private_fragmented,event_triggered,774107,always_act,30,UTL-15-communications,U15,dispatch_repair_crew,no_information_action,negotiate_commitment,execute_autonomously,False,False,0.0,False,False,False,0.6250855894002105,0.1903129579817494,0.9924069626654002,0.7889900958648303,0.0,0.8840457696047209,0.900673877758934,0.015190510772217447,0.013825682021312513,0.009282922911216018,0.0,0.9848094892277826,0.8333333333333333,-0.01263866847264139,0.006672201124173882,3,6,0.4666867234036309,0.6250855894002105,0.49231239324236886,0.5455029874508888,0.42920261421475503,0.3966669615042512
v7-pilots_iteration2-utility_restoration-large-high-high-high-grid-private_fragmented-774107-always_act-event_triggered,utility_restoration,large,high,high,high,grid,private_fragmented,event_triggered,774107,always_act,30,UTL-16-resource_allocation,U04,reconfigure_service_edge,request_peer_evidence,negotiate_commitment,execute_autonomously,True,False,0.0,False,False,False,0.7147692936495478,0.044084455678381484,0.8933482189517541,0.71202158414671,0.0,0.9026708635021552,0.9119578012054668,0.0120901330517732,0.010028998899870079,0.008491462652362336,0.0,0.9879098669482268,0.7916666666666666,-0.05340169763259661,-0.007726063508847747,3,5,0.4787067400360567,0.7147692936495478,0.5285016196078404,0.5828578288617239,0.45853643666614335,0.3993221142543383
v7-pilots_iteration2-utility_restoration-large-high-high-high-grid-private_fragmented-774107-always_act-event_triggered,utility_restoration,large,high,high,high,grid,private_fragmented,event_triggered,774107,always_act,30,UTL-17-critical_load,U02,no_operational_action,request_peer_evidence,send_targeted_summary,execute_autonomously,False,False,0.0,False,False,False,0.7990872070007853,0.07286428078961493,0.0,0.0,0.0,0.8782255338549279,0.879316514262966,0.0009179311119626998,0.0007274587350213357,0.0007399789825806025,0.0,0.9990820688880373,0.7916666666666666,-0.05445028751531744,-0.0013590489830845875,3,5,0.336489650380267,0.7990872070007853,0.540476369820794,0.5951484444991975,0.4939499602736631,0.3275132939259704
v7-pilots_iteration2-utility_restoration-large-high-high-high-grid-private_fragmented-774107-always_act-event_triggered,utility_restoration,large,high,high,high,grid,private_fragmented,event_triggered,774107,always_act,30,UTL-18-zone_operator,U00,reconfigure_service_edge,request_peer_evidence,negotiate_commitment,execute_autonomously,True,False,0.0,False,False,False,0.651619778560354,0.012819853008582405,0.07992022326057109,0.11588432372782809,0.0,0.8367226860023731,0.8568355401550604,0.013182650018508935,0.011845108457295028,0.009117728542409775,0.0,0.9868173499814911,0.7430555555555556,-0.10986708801245038,0.0012450213405211796,4,5,0.31416296240519914,0.651619778560354,0.4882842929506474,0.5433143389127859,0.42229141810645976,0.30587826529867584
v7-pilots_iteration2-utility_restoration-large-high-high-high-grid-private_fragmented-774107-always_act-event_triggered,utility_restoration,large,high,high,high,grid,private_fragmented,event_triggered,774107,always_act,30,UTL-19-crew_dispatch,U05,no_operational_action,request_peer_evidence,send_targeted_summary,execute_autonomously,False,False,0.0,False,False,False,0.7907543727553027,0.07824013092822216,0.58577383804849,0.24937206517031052,0.0,0.9435162484356047,0.9466733709591045,0.005579506525191791,0.004229612172945818,0.004666759977901336,0.0,0.9944204934748082,0.7430555555555556,0.03348493045895229,-0.013689925682627502,4,5,0.3935057823776775,0.7907543727553027,0.5599921203462908,0.6106952678487692,0.48072794766833826,0.353149510194046
v7-pilots_iteration2-utility_restoration-large-high-high-high-grid-private_fragmented-774107-always_act-event_triggered,utility_restoration,large,high,high,high,grid,private_fragmented,event_triggered,774107,always_act,30,UTL-20-cyber_defense,U10,isolate_component,request_peer_evidence,send_targeted_summary,execute_autonomously,True,False,0.0,False,False,False,0.7556369978654319,0.03493306957518649,0.7224321533020874,0.42252662228802673,0.0,0.9480040306091249,0.9616100776735731,0.02235552774191507,0.01631361192077685,0.018673495316444688,0.0,0.9776444722580849,0.7430555555555556,0.007497740108816875,0.0009782511950072736,4,5,0.42312296862337334,0.7556369978654319,0.5705535456371352,0.6153443781868506,0.4659786502145925,0.38042413721229
v7-pilots_iteration2-utility_restoration-large-high-high-high-grid-private_fragmented-774107-always_act-event_triggered,utility_restoration,large,high,high,high,grid,private_fragmented,event_triggered,774107,always_act,30,UTL-21-communications,U15,no_operational_action,request_peer_evidence,send_targeted_summary,execute_autonomously,False,False,0.0,False,False,False,0.6525289861521544,0.0024532639354433172,0.6848552191574565,0.343040067778312,0.0,0.8469883835100016,0.8813958044852401,0.030404758382159613,0.024757493862886948,0.02203436626606503,0.0,0.9695952416178404,0.7430555555555556,-0.03077501385271686,0.007257762444940918,4,5,0.3689894715585274,0.6525289861521544,0.5153253520733856,0.5629764357692673,0.4226732852950159,0.3536756870851689
v7-pilots_iteration2-utility_restoration-large-high-high-high-grid-private_fragmented-774107-always_act-event_triggered,utility_restoration,large,high,high,high,grid,private_fragmented,event_triggered,774107,always_act,30,UTL-22-resource_allocation,U04,no_operational_action,request_peer_evidence,send_targeted_summary,execute_autonomously,False,False,0.0,False,False,False,0.7174023783993829,0.08367456972844112,0.5159187016899962,0.1647487841171611,0.0,0.9638235138157523,0.9639585397582617,0.0005873270471719039,0.0005146209345527897,0.0004082452328767472,0.0,0.9994126729528281,0.7916666666666666,0.03961001380065354,-0.009935471847522082,3,5,0.3482565168439089,0.7174023783993829,0.5287390876797319,0.5795711337830347,0.45964233226107415,0.324089548744057
v7-pilots_iteration2-utility_restoration-large-high-high-high-grid-private_fragmented-774107-always_act-event_triggered,utility_restoration,large,high,high,high,grid,private_fragmented,event_triggered,774107,always_act,30,UTL-23-critical_load,U02,no_operational_action,request_peer_evidence,send_targeted_summary,execute_autonomously,False,False,0.0,False,False,False,0.7917481845791179,0.09913578034479142,0.0,0.0,0.0,0.9182543373051211,0.9237578733168874,0.007353170675562071,0.005651919766123115,0.0059415483983907835,0.0,0.9926468293244379,0.7916666666666666,-0.0018055232644652586,-0.009300822213229254,3,5,0.33399438275690013,0.7917481845791179,0.5565572971037143,0.6084048454357815,0.49086757085656285,0.3314103162107318
v7-pilots_iteration2-utility_restoration-large-high-high-high-grid-private_fragmented-774107-always_act-event_triggered,utility_restoration,large,high,high,high,grid,private_fragmented,event_triggered,774107,always_act,30,UTL-24-zone_operator,U00,reconfigure_service_edge,request_peer_evidence,send_targeted_summary,execute_autonomously,True,False,0.0,False,False,False,0.7368121668687666,0.017509988137116905,0.0,0.0,0.0,0.9520905590676193,0.9561974888882344,0.003677994927551387,0.003098768148558584,0.0023813264562970726,0.0,0.9963220050724486,0.7430555555555556,-0.013497536331380289,-0.018142010314744494,4,5,0.31531613673538067,0.7368121668687666,0.5378966994129835,0.5893816415112463,0.4580722211959931,0.30613002643678433
v7-pilots_iteration2-utility_restoration-large-high-high-high-grid-private_fragmented-774107-always_act-event_triggered,utility_restoration,large,high,high,high,grid,private_fragmented,event_triggered,774107,always_act,30,UTL-25-crew_dispatch,U05,dispatch_repair_crew,request_peer_evidence,send_targeted_summary,execute_autonomously,False,False,0.0,False,False,False,0.791472232115523,0.07762068273306394,0.4312018215995354,0.025242641319326298,0.0,0.9633115500722403,0.9636734228886509,0.0009300103582132735,0.0007448398386911137,0.0006690059778505786,0.0,0.9990699896417867,0.7430555555555556,0.08046780998470937,-0.012497891336349709,4,5,0.3399587928359161,0.791472232115523,0.5587187948657679,0.6091987832921717,0.4810294485996307,0.32207297347913166
v7-pilots_iteration2-utility_restoration-large-high-high-high-grid-private_fragmented-774107-always_act-event_triggered,utility_restoration,large,high,high,high,grid,private_fragmented,event_triggered,774107,always_act,30,UTL-26-cyber_defense,U10,no_operational_action,no_information_action,no_communication_action,execute_autonomously,False,False,0.0,False,False,False,0.8471306646927068,0.1990208803417228,0.6262229787864059,0.28302331924028845,0.0,0.9244811531237255,0.9382344183178283,0.016159513111374313,0.012288228630064513,0.013463752650728744,0.0,0.9838404868886257,0.6444444444444444,0.04561347427288631,-0.003981253194819567,5,4,0.4207500226131896,0.8471306646927068,0.5925958725139381,0.6390062910890553,0.4846837680598257,0.37001054084026097
v7-pilots_iteration2-utility_restoration-large-high-high-high-grid-private_fragmented-774107-always_act-event_triggered,utility_restoration,large,high,high,high,grid,private_fragmented,event_triggered,774107,always_act,30,UTL-27-communications,U15,no_operational_action,request_peer_evidence,send_targeted_summary,execute_autonomously,False,False,0.0,False,False,False,0.6401899935725268,0.12775060733265836,1.0,0.8326732931324724,0.0,0.9081304105952055,0.9142198244227018,0.004472179831344181,0.003530522375787437,0.003642575994210362,0.0,0.9955278201686558,0.6444444444444444,0.02665694729395296,-0.02968680717942207,5,4,0.4823061881664525,0.6401899935725268,0.48936965184169395,0.539624605291934,0.39776868618935013,0.3671160487941405
v7-pilots_iteration2-utility_restoration-large-high-high-high-grid-private_fragmented-774107-always_act-event_triggered,utility_restoration,large,high,high,high,grid,private_fragmented,event_triggered,774107,always_act,30,UTL-28-resource_allocation,U04,no_operational_action,request_peer_evidence,send_targeted_summary,execute_autonomously,False,False,0.0,False,False,False,0.6735080196451748,0.009555235316393518,0.6803305006855409,0.4031458926607009,0.0,0.8740010217737656,0.8799408159950398,0.004196884609335427,0.003349108351177299,0.0034107633638087442,0.0,0.9958031153906646,0.6875,-0.016221321224821228,-0.003404978017858551,4,4,0.3905477409179277,0.6735080196451748,0.49377910175458095,0.5468641993910325,0.42037336825097343,0.33024735931576676
v7-pilots_iteration2-utility_restoration-large-high-high-high-grid-private_fragmented-774107-always_act-event_triggered,utility_restoration,large,high,high,high,grid,private_fragmented,event_triggered,774107,always_act,30,UTL-29-critical_load,U02,no_operational_action,request_peer_evidence,send_targeted_summary,execute_autonomously,False,False,0.0,False,False,False,0.8274188847839699,0.06052123663537651,0.20243618545475023,0.29353246890938783,0.0,0.9428697491391144,0.9513493591751037,0.018104637720070205,0.01289631026898197,0.016697298536814453,0.0,0.9818953622799298,0.6875,0.05350830309307408,-0.003972338148190424,4,4,0.4165702133648029,0.8274188847839699,0.5920314840064649,0.6382838128871124,0.4850159316092673,0.3736167598760357
v7-pilots_iteration2-utility_restoration-large-high-high-high-grid-private_fragmented-774107-always_act-event_triggered,utility_restoration,large,high,high,high,grid,private_fragmented,event_triggered,774107,always_act,30,UTL-30-zone_operator,U00,no_operational_action,request_peer_evidence,send_targeted_summary,execute_autonomously,False,False,0.0,False,False,False,0.6310360892183383,0.13754562310982116,0.24874373872103556,0.3606784211455015,0.0,0.8724811994775354,0.8842697353151031,0.008920912832570349,0.006855533982379147,0.00754987436905552,0.0,0.9910790871674297,0.8333333333333333,0.038440896214559594,-0.019421351879832738,3,6,0.3659150914091554,0.6310360892183383,0.4830240135223177,0.5354280018206778,0.4317018241383688,0.3366871253520151
v7-pilots_iteration2-utility_restoration-large-high-high-high-grid-private_fragmented-774107-always_act-event_triggered,utility_restoration,large,high,high,high,grid,private_fragmented,event_triggered,774107,always_act,30,UTL-31-crew_dispatch,U05,no_operational_action,request_peer_evidence,send_targeted_summary,execute_autonomously,False,False,0.0,False,False,False,0.6756750516724402,0.07139753929539838,1.0,0.8506500631948681,0.0,0.9212781243803538,0.9274373395469501,0.006125453920244328,0.005267482456865147,0.003762220468211952,0.0,0.9938745460797557,0.8333333333333333,0.015934477462704155,-0.0169120237710898,3,6,0.49868553273539806,0.6756750516724402,0.5091651872524067,0.5603110825229576,0.45045018836909156,0.40491265896692374
v7-pilots_iteration2-utility_restoration-large-high-high-high-grid-private_fragmented-774107-always_act-event_triggered,utility_restoration,large,high,high,high,grid,private_fragmented,event_triggered,774107,always_act,30,UTL-32-cyber_defense,U10,restore_communication_relay,no_information_action,no_communication_action,execute_autonomously,True,False,0.0,False,False,False,0.8768792215292662,0.17342310916761744,1.0,0.8627394979112045,0.0,0.9097332041993387,0.9105742512660581,0.0013391592341772673,0.0011034340498429218,0.0009998366844389261,0.0,0.9986608407658227,0.8333333333333333,0.05135282002862618,-0.013532293653333749,3,6,0.5699964148186396,0.8768792215292662,0.5800598125893893,0.6316824270303278,0.5349559397089585,0.45860921501177726
v7-pilots_iteration2-utility_restoration-large-high-high-high-grid-private_fragmented-774107-always_act-event_triggered,utility_restoration,large,high,high,high,grid,private_fragmented,event_triggered,774107,always_act,30,UTL-33-communications,U15,no_operational_action,no_information_action,no_communication_action,execute_autonomously,False,False,0.0,False,False,False,0.6694769714542652,0.14243650882898687,0.883430565876364,0.6309743205207278,0.0,0.9207661617381551,0.9237457524675735,0.005629883009964365,0.00482130685752169,0.004025695926311301,0.0,0.9943701169900356,0.8333333333333333,-0.03784302193902378,-0.016792003623003038,3,6,0.4438560072194249,0.6694769714542652,0.505864165230195,0.5581710020779311,0.44784699467745803,0.3766037055584812
v7-pilots_iteration2-utility_restoration-large-high-high-high-grid-private_fragmented-774107-always_act-event_triggered,utility_restoration,large,high,high,high,grid,private_fragmented,event_triggered,774107,always_act,30,UTL-34-resource_allocation,U04,no_operational_action,no_information_action,no_communication_action,execute_autonomously,False,False,0.0,False,False,False,0.6222022494669806,0.174030825411623,0.791191492961801,0.563894331461278,0.0,0.8713923147776895,0.893348526835586,0.02148057676391657,0.021346548939425003,0.01247940594840713,0.0,0.9785194232360834,0.6875,-0.018787446885127457,0.004126404206187484,4,4,0.41168340436948014,0.6222022494669806,0.49680178595069785,0.5538414355678387,0.39882494477613184,0.35346112766814725
v7-pilots_iteration2-utility_restoration-large-high-high-high-grid-private_fragmented-774107-always_act-event_triggered,utility_restoration,large,high,high,high,grid,private_fragmented,event_triggered,774107,always_act,30,UTL-35-critical_load,U02,no_operational_action,request_peer_evidence,send_targeted_summary,execute_autonomously,False,False,0.0,False,False,False,0.7492533586787457,0.014082121347434362,0.0,0.0,0.0,0.9017584602559439,0.907585239477764,0.011530234507932335,0.009088701208260663,0.00989633398442269,0.0,0.9884697654920677,0.6875,0.12834591100236392,-0.0003569519487597317,4,4,0.3195461419507736,0.7492533586787457,0.5412832868465896,0.5950212194668573,0.4521864106450732,0.3100830006022481
v7-pilots_iteration2-utility_restoration-large-high-high-high-grid-private_fragmented-774107-always_act-event_triggered,utility_restoration,large,high,high,high,grid,private_fragmented,event_triggered,774107,always_act,30,UTL-36-zone_operator,U00,no_operational_action,request_peer_evidence,send_targeted_summary,execute_autonomously,False,False,0.0,False,False,False,0.6284992616784502,0.0648344944213739,0.2628197188435369,0.38108859232312847,0.0,0.84799326317601,0.8610435035235149,0.006955557991639161,0.005572809681197444,0.005519148883951663,0.0,0.9930444420083608,0.7430555555555556,-0.0773415533411963,-0.008017815658705962,4,5,0.3699510111282239,0.6284992616784502,0.4731358016536774,0.5257100131020152,0.4125808010160602,0.3247419510583788
v7-pilots_iteration2-utility_restoration-large-high-high-high-grid-private_fragmented-774107-always_act-event_triggered,utility_restoration,large,high,high,high,grid,private_fragmented,event_triggered,774107,always_act,30,UTL-37-crew_dispatch,U05,no_operational_action,no_information_action,no_communication_action,execute_autonomously,False,False,0.0,False,False,False,0.9057490662528693,0.3161357174734404,1.0,0.927363221982261,0.0,0.8387789692497607,0.8542560299720389,0.010353108470040784,0.0074927707749202765,0.010030907371343045,0.0,0.9896468915299592,0.7430555555555556,-0.05111942026880445,-0.00537163331243995,4,5,0.5953218558017181,0.9057490662528693,0.5864887206716451,0.6306190292043667,0.5290257189373162,0.47159770879529067
v7-pilots_iteration2-utility_restoration-large-high-high-high-grid-private_fragmented-774107-always_act-event_triggered,utility_restoration,large,high,high,high,grid,private_fragmented,event_triggered,774107,always_act,30,UTL-38-cyber_defense,U10,isolate_component,no_information_action,no_communication_action,execute_autonomously,True,False,0.0,False,False,False,0.8087256297336738,0.21535488918762885,0.6629197991411222,0.33623370875462716,0.0,0.8731902887940075,0.8857817810469357,0.010739012582228202,0.007863237434560855,0.009480410955599927,0.0,0.9892609874177718,0.8333333333333333,-0.03261727809763959,-0.0026568381229088445,3,6,0.42046280421055965,0.8087256297336738,0.5568224417070908,0.6048521547594163,0.5063314311548096,0.38528659496822054
v7-pilots_iteration2-utility_restoration-large-high-high-high-grid-private_fragmented-774107-always_act-event_triggered,utility_restoration,large,high,high,high,grid,private_fragmented,event_triggered,774107,always_act,30,UTL-39-communications,U15,dispatch_repair_crew,request_peer_evidence,send_targeted_summary,execute_autonomously,False,False,0.0,False,False,False,0.7220738784604737,0.028530776758767473,0.9918443511347185,0.7881743091453418,0.0,0.9101380442730517,0.9117318820166336,0.001987105824690194,0.0018057077530319043,0.001184244875553242,0.0,0.9980128941753098,0.8333333333333333,-0.006259538874286985,-0.013395229830953537,3,6,0.4994669528714431,0.7220738784604737,0.5191460106070186,0.5740145680941552,0.4699376956200656,0.40682221122006507
v7-pilots_iteration2-utility_restoration-large-high-high-high-grid-private_fragmented-774107-always_act-event_triggered,utility_restoration,large,high,high,high,grid,private_fragmented,event_triggered,774107,always_act,30,UTL-40-resource_allocation,U04,no_operational_action,no_information_action,no_communication_action,execute_autonomously,False,False,0.0,False,False,False,0.6419856820197521,0.14585388620791034,0.6854728860695228,0.4106023514674747,0.0,0.9021965148747718,0.9090973201100125,0.006686919202620989,0.004782142799572897,0.005980159980589317,0.0,0.993313080797379,0.7916666666666666,-0.008266346634534738,-0.012152764873449629,3,5,0.3816196962389097,0.6419856820197521,0.4917050884102632,0.5416948512201001,0.4279673197816292,0.3382853365287167
v7-pilots_iteration2-utility_restoration-large-high-high-high-grid-private_fragmented-774107-always_act-event_triggered,utility_restoration,large,high,high,high,grid,private_fragmented,event_triggered,774107,always_act,30,UTL-41-critical_load,U02,no_operational_action,request_peer_evidence,send_targeted_summary,execute_autonomously,False,False,0.0,False,False,False,0.8754128569970547,0.13950624337424308,0.2282291529628642,0.3309322717961531,0.0,0.9324627792375615,0.9329709384196812,0.0010752459821044003,0.0008759153520909724,0.0008687946136675118,0.0,0.9989247540178956,0.7916666666666666,-0.01130013688426068,-0.011199632155168171,3,5,0.4418641166100754,0.8754128569970547,0.5847861819831586,0.6349267051378292,0.5260067332720963,0.3887493350462286
v7-pilots_iteration2-utility_restoration-large-high-high-high-grid-private_fragmented-774107-always_act-event_triggered,utility_restoration,large,high,high,high,grid,private_fragmented,event_triggered,774107,always_act,30,UTL-42-zone_operator,U00,no_operational_action,request_peer_evidence,send_targeted_summary,execute_autonomously,False,False,0.0,False,False,False,0.659596302717315,0.10223476881863058,0.19400342618500654,0.2813049679682595,0.0,0.9068390972142354,0.9178606551917146,0.007053676160135303,0.006254287986631857,0.004110736458237341,0.0,0.9929463238398647,0.7430555555555556,-0.057658222578374496,-0.008573524840727043,4,5,0.3565759352362694,0.659596302717315,0.5004234420146743,0.5525663206535198,0.42564155825238337,0.3211053845671685
v7-pilots_iteration2-utility_restoration-large-high-high-high-grid-private_fragmented-774107-always_act-event_triggered,utility_restoration,large,high,high,high,grid,private_fragmented,event_triggered,774107,always_act,30,UTL-43-crew_dispatch,U05,no_operational_action,request_peer_evidence,send_targeted_summary,execute_autonomously,False,False,0.0,False,False,False,0.7403296199504831,0.019484006162555523,0.8004459350556418,0.5606466058306805,0.0,0.8874074001565044,0.9015352876711505,0.010831489379582782,0.010647196474931842,0.005905590976316377,0.0,0.9891685106204172,0.7430555555555556,-0.044393248396995766,0.004295416704876431,4,5,0.4510672561825276,0.7403296199504831,0.5331477831507352,0.5905752171957315,0.45954955149031396,0.383963616517612
v7-pilots_iteration2-utility_restoration-large-high-high-high-grid-private_fragmented-774107-always_act-event_triggered,utility_restoration,large,high,high,high,grid,private_fragmented,event_triggered,774107,always_act,30,UTL-44-cyber_defense,U10,restore_communication_relay,request_peer_evidence,send_targeted_summary,execute_autonomously,True,False,0.0,False,False,False,0.8032951694564834,0.01394625897778587,0.6244205403116934,0.28040978345195533,0.0,0.9806926151700898,0.9820711596673724,0.005201081644096384,0.0038323988083422966,0.004249395238287379,0.0,0.9947989183559036,0.7430555555555556,0.07783828698452588,-0.005734905316034822,4,5,0.4052187056436737,0.8032951694564834,0.5737727358768507,0.6234230317669419,0.48599508228283417,0.3599699534797257
v7-pilots_iteration2-utility_restoration-large-high-high-high-grid-private_fragmented-774107-always_act-event_triggered,utility_restoration,large,high,high,high,grid,private_fragmented,event_triggered,774107,always_act,30,UTL-45-communications,U15,dispatch_repair_crew,no_information_action,no_communication_action,execute_autonomously,False,True,0.0,False,False,False,0.6042164743986704,0.2266153136171509,0.904416927678675,0.6614045451340788,0.0,0.9076477182063134,0.9155286184219421,0.00787287593583863,0.005727794934264008,0.007024029747335292,0.0,0.9921271240641614,0.7430555555555556,0.011069731107971048,-0.006379871662859249,4,5,0.4289706921277269,0.6042164743986704,0.47962054562122064,0.5260336831284561,0.4023820303585527,0.3526209513311594
v7-pilots_iteration2-utility_restoration-large-high-high-high-grid-private_fragmented-774107-always_act-event_triggered,utility_restoration,large,high,high,high,grid,private_fragmented,event_triggered,774107,always_act,30,UTL-46-resource_allocation,U04,isolate_component,request_peer_evidence,send_targeted_summary,execute_autonomously,True,False,0.0,False,False,False,0.7564368966522643,0.022595473666211785,0.5118829023212382,0.15889687503246203,0.0,0.9580809981693363,0.9580867096328386,0.0004281192561282898,0.00041184496866264464,0.0002818948034445379,0.0,0.9995718807438717,0.875,0.06191436271861517,-0.004946372764108586,2,6,0.3601237948695608,0.7564368966522643,0.5426943751618195,0.5949479748805201,0.4927034965939511,0.34500791811609444
v7-pilots_iteration2-utility_restoration-large-high-high-high-grid-private_fragmented-774107-always_act-event_triggered,utility_restoration,large,high,high,high,grid,private_fragmented,event_triggered,774107,always_act,30,UTL-47-critical_load,U02,no_operational_action,no_information_action,no_communication_action,execute_autonomously,False,False,0.0,False,False,False,0.9013814979369564,0.34307851705102776,0.016884729159191186,0.02448285728082722,0.0,0.8438540566260511,0.8448227909039674,0.0011022918524652425,0.0007864616510323552,0.0010773531299186345,0.0,0.9988977081475348,0.875,-0.011819506931765367,-0.003732932058794325,2,6,0.3771455950459638,0.9013814979369564,0.5730593219247467,0.6172390664717393,0.5535802291335217,0.3701523909175714
v7-pilots_iteration2-utility_restoration-large-high-high-high-grid-private_fragmented-774107-always_act-event_triggered,utility_restoration,large,high,high,high,grid,private_fragmented,event_triggered,774107,always_act,30,UTL-48-zone_operator,U00,reconfigure_service_edge,no_information_action,no_communication_action,execute_autonomously,True,False,0.0,False,False,False,0.6524765961041028,0.14359490252112392,0.0,0.0,0.0,0.91137564788987,0.9183274011358129,0.0038135138205386276,0.0029965172014394525,0.003090643756573974,0.0,0.9961864861794614,0.8333333333333333,0.012271770069484211,-0.016407718145542205,3,6,0.28664204267539495,0.6524765961041028,0.4941734697628627,0.5457627898032017,0.4407068370303898,0.2945671133205557
v7-pilots_iteration2-utility_restoration-large-high-high-high-grid-private_fragmented-774107-always_act-event_triggered,utility_restoration,large,high,high,high,grid,private_fragmented,event_triggered,774107,always_act,30,UTL-49-crew_dispatch,U05,no_operational_action,request_peer_evidence,send_targeted_summary,execute_autonomously,False,False,0.0,False,False,False,0.6951643341338967,0.11334724920264969,0.7939590237966917,0.5512405845052029,0.0,0.9458288056370667,0.9473037121282615,0.0018637747000034288,0.0016093746808027998,0.0011520596215524037,0.0,0.9981362252999966,0.8333333333333333,-0.012772548094736269,-0.017019793623566204,3,6,0.43345361388677356,0.6951643341338967,0.5171322196428301,0.5687564137568841,0.45863568700290325,0.37074975787281766
v7-pilots_iteration2-utility_restoration-large-high-high-high-grid-private_fragmented-774107-always_act-event_triggered,utility_restoration,large,high,high,high,grid,private_fragmented,event_triggered,774107,always_act,30,UTL-50-cyber_defense,U10,isolate_component,no_information_action,no_communication_action,execute_autonomously,True,True,-0.03858948191908963,True,False,True,0.8462892394999468,0.17381901206022365,0.9363160639696545,0.7326582927559989,0.0,0.9524008695722981,0.9568437054427196,0.006830559640388478,0.004837182965298004,0.006149784984739282,0.0,0.9931694403596115,0.8333333333333333,0.07853527416620609,-0.01339150981488657,3,6,0.5283763316914216,0.8462892394999468,0.5861786966895971,0.6338474460096546,0.5221081472566443,0.43970017268989847
v7-pilots_iteration2-utility_restoration-large-high-high-high-grid-private_fragmented-774107-always_act-event_triggered,utility_restoration,large,high,high,high,grid,private_fragmented,event_triggered,774107,always_act,30,UTL-51-communications,U15,no_operational_action,request_peer_evidence,send_targeted_summary,execute_autonomously,False,False,0.0,False,False,False,0.7323760199142602,0.06720104210003724,1.0,0.9426880214813853,0.0,0.9654497389112949,0.969901715350972,0.008479328510202389,0.0064853244366175344,0.006684673039235478,0.0,0.9915206714897976,0.8333333333333333,0.0435465833111397,-0.02073000532863778,3,6,0.5400529719263809,0.7323760199142602,0.5461839026078112,0.5950849970672254,0.4742645950306559,0.43429547450788253
v7-pilots_iteration2-utility_restoration-large-high-high-high-grid-private_fragmented-774107-always_act-event_triggered,utility_restoration,large,high,high,high,grid,private_fragmented,event_triggered,774107,always_act,35,UTL-00-zone_operator,U07,isolate_component,request_peer_evidence,negotiate_commitment,execute_autonomously,True,False,0.0,False,False,False,0.6325501610175082,0.1760949802767556,0.7470507984596958,0.39239935857139396,0.0,0.9168376268639749,0.9192336862559077,0.0019674048988034265,0.0014941267907554456,0.001558301585355637,0.0,0.9980325951011966,0.9027777777777778,-0.05324967745996789,-0.0070361062148747155,2,7,0.3740429008030874,0.6325501610175082,0.4849838379813218,0.5347705909002821,0.446226623182909,0.3433670602593132
v7-pilots_iteration2-utility_restoration-large-high-high-high-grid-private_fragmented-774107-always_act-event_triggered,utility_restoration,large,high,high,high,grid,private_fragmented,event_triggered,774107,always_act,35,UTL-01-crew_dispatch,U12,dispatch_repair_crew,no_information_action,negotiate_commitment,execute_autonomously,False,False,0.0,False,False,False,0.6680855795437304,0.15686332474217732,0.9927189290392009,0.7894424471068413,0.0,0.9368971247256834,0.9370092419046159,0.0003734466439820894,0.00029347415105818175,0.00031022224921473107,0.0,0.9996265533560179,0.9027777777777778,-0.030644313770592402,-0.00796438276912903,2,7,0.4814152843505103,0.6680855795437304,0.501981338300488,0.5529570455282096,0.4611514989639223,0.39950803941051594
v7-pilots_iteration2-utility_restoration-large-high-high-high-grid-private_fragmented-774107-always_act-event_triggered,utility_restoration,large,high,high,high,grid,private_fragmented,event_triggered,774107,always_act,35,UTL-02-cyber_defense,U17,isolate_component,request_peer_evidence,send_targeted_summary,execute_autonomously,True,False,0.0,False,False,False,0.8468252313344338,0.09776051853398884,1.0,0.8842551527758077,0.0,0.9648216276429404,0.9686914802596962,0.004102405453185964,0.003300532456939509,0.002765597724006197,0.0,0.995897594546814,0.8333333333333333,0.028967811174036018,-0.009965457747986517,3,6,0.5649418153199013,0.8468252313344338,0.585678867078969,0.6357896026135366,0.5223332638271289,0.455166736305399
v7-pilots_iteration2-utility_restoration-large-high-high-high-grid-private_fragmented-774107-always_act-event_triggered,utility_restoration,large,high,high,high,grid,private_fragmented,event_triggered,774107,always_act,35,UTL-03-communications,U22,dispatch_repair_crew,no_information_action,negotiate_commitment,execute_autonomously,False,False,0.0,False,False,False,0.40666665177659844,0.45428939837773563,0.7447679456747399,0.4299135212283728,0.0,0.7152114093534129,0.7178743667749019,0.0017318012483235057,0.0014239736884430476,0.0016724738914013493,0.0,0.9982681987516765,0.8333333333333333,-0.22196952793005864,-0.002311036940095823,3,6,0.30624590669885293,0.40666665177659844,0.34389403479664554,0.3834498339566159,0.337466660412838,0.2755056135001811
v7-pilots_iteration2-utility_restoration-large-high-high-high-grid-private_fragmented-774107-always_act-event_triggered,utility_restoration,large,high,high,high,grid,private_fragmented,event_triggered,774107,always_act,35,UTL-04-resource_allocation,U20,dispatch_repair_crew,request_peer_evidence,negotiate_commitment,execute_autonomously,False,False,0.0,False,False,False,0.7374158703887954,0.03153723330390101,0.5772994232374559,0.7370841636943108,0.0,0.9483539933572408,0.9575027152277816,0.010542619967553013,0.009088947241157719,0.006367246573354635,0.0,0.989457380032447,0.7916666666666666,-0.025449225983704693,-0.001762991034534367,3,5,0.49242159521882506,0.7374158703887954,0.5468145144494025,0.5982222495193095,0.4680479988966274,0.40694926669126325
v7-pilots_iteration2-utility_restoration-large-high-high-high-grid-private_fragmented-774107-always_act-event_triggered,utility_restoration,large,high,high,high,grid,private_fragmented,event_triggered,774107,always_act,35,UTL-05-critical_load,U09,no_operational_action,no_information_action,no_communication_action,execute_autonomously,False,False,0.0,False,False,False,0.8115560858597659,0.16249116417674286,0.8209253135491611,0.5653417046462834,0.0,0.9302887883910522,0.9312311904615802,0.0009881044003553496,0.0007526844800799237,0.0007866589098487475,0.0,0.9990118955996447,0.7916666666666666,0.0021774906785408943,-0.010777051891171618,3,5,0.47641107830742846,0.8115560858597659,0.5585779776021669,0.6086261240940531,0.499186889394435,0.39890149273653963
v7-pilots_iteration2-utility_restoration-large-high-high-high-grid-private_fragmented-774107-always_act-event_triggered,utility_restoration,large,high,high,high,grid,private_fragmented,event_triggered,774107,always_act,35,UTL-06-zone_operator,U07,isolate_component,request_peer_evidence,negotiate_commitment,execute_autonomously,True,False,0.0,False,False,False,0.5445022907864802,0.253416093325555,0.8687726542749679,0.5130106510223602,0.0,0.8433402999536183,0.8515528863234447,0.007399580294896069,0.0054104971834697535,0.00720806168669097,0.0,0.9926004197051039,0.8333333333333333,-0.08752650394223205,-0.05328847943301296,3,6,0.3730533351127697,0.5445022907864802,0.43899540371585116,0.48524207336677805,0.3953576287969883,0.32960489253084396
v7-pilots_iteration2-utility_restoration-large-high-high-high-grid-private_fragmented-774107-always_act-event_triggered,utility_restoration,large,high,high,high,grid,private_fragmented,event_triggered,774107,always_act,35,UTL-07-crew_dispatch,U12,dispatch_repair_crew,no_information_action,negotiate_commitment,execute_autonomously,False,False,0.0,False,False,False,0.5903549293482885,0.26481333606080376,1.0,0.9025607054329025,0.0,0.9032845580177313,0.9041471602064982,0.000947809911558295,0.0006722733421166138,0.0009185336871544436,0.0,0.9990521900884417,0.8333333333333333,0.0651796023969956,-0.003023814398686042,3,6,0.4821352452823147,0.5903549293482885,0.4632900451199298,0.5109459094915295,0.41461573699294785,0.3828643337640799
v7-pilots_iteration2-utility_restoration-large-high-high-high-grid-private_fragmented-774107-always_act-event_triggered,utility_restoration,large,high,high,high,grid,private_fragmented,event_triggered,774107,always_act,35,UTL-08-cyber_defense,U17,isolate_component,request_peer_evidence,send_targeted_summary,execute_autonomously,True,False,0.0,False,False,False,0.7482105275185639,0.05509852367728374,1.0,1.0,0.0,0.8732775757325373,0.8913877824649555,0.015301681804943179,0.016045676904335004,0.00788386053060497,0.0,0.9846983181950568,0.8333333333333333,-0.07401479426238022,0.004345779025936691,3,6,0.5591915793563118,0.7482105275185639,0.5390259594674803,0.5993547752415627,0.4809150882244635,0.45455206654173064
v7-pilots_iteration2-utility_restoration-large-high-high-high-grid-private_fragmented-774107-always_act-event_triggered,utility_restoration,large,high,high,high,grid,private_fragmented,event_triggered,774107,always_act,35,UTL-09-communications,U22,dispatch_repair_crew,request_peer_evidence,negotiate_commitment,execute_autonomously,False,False,0.0,False,False,False,0.7085457806524911,0.058037474469502914,0.8235452256981909,0.5441405772623767,0.0,0.9246500100206801,0.925698851780201,0.0010514880481317102,0.00111655214172246,0.00048651395247778506,0.0,0.9989485119518683,0.8333333333333333,-0.014583150634440933,-0.008224336048931025,3,6,0.4362993039648174,0.7085457806524911,0.5160528980335508,0.5708256186083902,0.4642558945407129,0.372913637325091
v7-pilots_iteration2-utility_restoration-large-high-high-high-grid-private_fragmented-774107-always_act-event_triggered,utility_restoration,large,high,high,high,grid,private_fragmented,event_triggered,774107,always_act,35,UTL-10-resource_allocation,U20,dispatch_repair_crew,request_peer_evidence,negotiate_commitment,execute_autonomously,False,False,0.0,False,False,False,0.677239115294135,0.12345419960390427,0.3469395646167061,0.40306236869422385,0.0,0.9442860112374917,0.9494683107346065,0.0038208243812242193,0.003006142225212116,0.002836086882605393,0.0,0.9961791756187758,0.6875,0.018800031651426186,-0.013511763753868866,4,4,0.3917962676866197,0.677239115294135,0.5123163030607409,0.5622110847981244,0.42194042842353674,0.33081926829332753
v7-pilots_iteration2-utility_restoration-large-high-high-high-grid-private_fragmented-774107-always_act-event_triggered,utility_restoration,large,high,high,high,grid,private_fragmented,event_triggered,774107,always_act,35,UTL-11-critical_load,U09,no_operational_action,request_peer_evidence,send_targeted_summary,execute_autonomously,False,False,0.0,False,False,False,0.8269032755797396,0.06483763215778271,0.9349095665248242,0.7306188714609949,0.0,0.8995181907167377,0.909024175738757,0.006003471378125402,0.004926059731970467,0.004148903206204757,0.0,0.9939965286218746,0.6875,-0.03502662683940416,-0.0035196648112554296,4,4,0.5212956428477502,0.8269032755797396,0.5640457178404559,0.6165734708732918,0.48479937574349063,0.413923465417411
v7-pilots_iteration2-utility_restoration-large-high-high-high-grid-private_fragmented-774107-always_act-event_triggered,utility_restoration,large,high,high,high,grid,private_fragmented,event_triggered,774107,always_act,35,UTL-12-zone_operator,U07,isolate_component,request_peer_evidence,negotiate_commitment,execute_autonomously,True,False,0.0,False,False,False,0.6163924442045625,0.17010746075494454,0.48791036298226936,0.5606683656535087,0.0,0.8691209247391234,0.8815480421175617,0.011877173126999652,0.009019159804325216,0.009965038426299366,0.0,0.9881228268730003,0.7430555555555556,-0.03974571999527998,-0.04963688149407941,4,5,0.4089338387863934,0.6163924442045625,0.48046525124440537,0.5316580233918762,0.4074959376770274,0.3475735605860414
v7-pilots_iteration2-utility_restoration-large-high-high-high-grid-private_fragmented-774107-always_act-event_triggered,utility_restoration,large,high,high,high,grid,private_fragmented,event_triggered,774107,always_act,35,UTL-13-crew_dispatch,U12,dispatch_repair_crew,request_peer_evidence,negotiate_commitment,execute_autonomously,False,False,0.0,False,False,False,0.8151695033391236,0.03791724033305424,0.7142432560963865,0.3856527213397604,0.0,0.9572641687135952,0.9610442137535945,0.005702651352818777,0.004946204515656971,0.003387226981640956,0.0,0.9942973486471812,0.7430555555555556,0.027968141406856772,-0.009242468706510576,4,5,0.4345142842568446,0.8151695033391236,0.5733675554079947,0.6251574702908249,0.490982302513543,0.3760327417532127
v7-pilots_iteration2-utility_restoration-large-high-high-high-grid-private_fragmented-774107-always_act-event_triggered,utility_restoration,large,high,high,high,grid,private_fragmented,event_triggered,774107,always_act,35,UTL-14-cyber_defense,U17,no_operational_action,no_information_action,no_communication_action,execute_autonomously,False,False,0.0,False,False,False,0.8458681100844799,0.29854340885593755,0.9341766071784579,0.7045560804087638,0.0,0.8603541970657442,0.8639058531107088,0.00270985315924821,0.002008961184543745,0.0024754577140616574,0.0,0.9972901468407518,0.8333333333333333,-0.057358411579424895,-0.009901301897408454,3,6,0.5214886167268266,0.8458681100844799,0.5572295877231755,0.6039169043894985,0.5219312729021482,0.4323220379921359
v7-pilots_iteration2-utility_restoration-large-high-high-high-grid-private_fragmented-774107-always_act-event_triggered,utility_restoration,large,high,high,high,grid,private_fragmented,event_triggered,774107,always_act,35,UTL-15-communications,U22,no_operational_action,request_peer_evidence,send_targeted_summary,execute_autonomously,False,False,0.0,False,False,False,0.6786795852864284,0.13420045285345772,1.0,1.0,0.0,0.9483295157892152,0.9489250372887407,0.0005994513548138736,0.0004521127041405837,0.00047593412256641265,0.0,0.9994005486451861,0.8333333333333333,0.047110110169602426,-0.013120875205357208,3,6,0.5355510589973858,0.6786795852864284,0.5093934449586146,0.5597501481841897,0.45171209248696653,0.4189133755107238
v7-pilots_iteration2-utility_restoration-large-high-high-high-grid-private_fragmented-774107-always_act-event_triggered,utility_restoration,large,high,high,high,grid,private_fragmented,event_triggered,774107,always_act,35,UTL-16-resource_allocation,U20,isolate_component,request_peer_evidence,negotiate_commitment,execute_autonomously,True,False,0.0,False,False,False,0.734941529510124,0.04261449784590554,0.5148541173667179,0.6465384701817409,0.0,0.915025575848767,0.9158127051293633,0.0009482798798466918,0.0008681886667053496,0.0006507627745457878,0.0,0.9990517201201533,0.7916666666666666,-0.04812009963996233,-0.006280281510479324,3,5,0.46984935287706003,0.734941529510124,0.5240605975980267,0.5805343149571112,0.4670087757275854,0.3871444810321064
v7-pilots_iteration2-utility_restoration-large-high-high-high-grid-private_fragmented-774107-always_act-event_triggered,utility_restoration,large,high,high,high,grid,private_fragmented,event_triggered,774107,always_act,35,UTL-17-critical_load,U09,no_operational_action,no_information_action,no_communication_action,execute_autonomously,False,False,0.0,False,False,False,0.7939945717153185,0.25007559789886524,0.9780363648786821,0.7931527290740888,0.0,0.8341692841106648,0.8360868248490171,0.0017225199641470734,0.0013123248353843486,0.0015491072838491604,0.0,0.9982774800358529,0.7916666666666666,-0.12611106378059855,-0.010456385791083322,3,5,0.5251148093609896,0.7939945717153185,0.5285516776635996,0.5777704349202748,0.4918110534537671,0.4220625969147145
v7-pilots_iteration2-utility_restoration-large-high-high-high-grid-private_fragmented-774107-always_act-event_triggered,utility_restoration,large,high,high,high,grid,private_fragmented,event_triggered,774107,always_act,35,UTL-18-zone_operator,U07,isolate_component,request_peer_evidence,negotiate_commitment,execute_autonomously,True,False,0.0,False,False,False,0.6439909936635689,0.19028218902627558,0.9090893636996862,0.49515035918231654,0.0,0.9349958171407539,0.940966624882447,0.006727144017891873,0.005124061305646799,0.005386239077211918,0.0,0.9932728559821081,0.7430555555555556,-0.003964129364971369,-0.05439897686887729,4,5,0.4025930240493694,0.6439909936635689,0.5007633533756646,0.5486641573445497,0.41908732844981,0.3425273778445321
v7-pilots_iteration2-utility_restoration-large-high-high-high-grid-private_fragmented-774107-always_act-event_triggered,utility_restoration,large,high,high,high,grid,private_fragmented,event_triggered,774107,always_act,35,UTL-19-crew_dispatch,U12,dispatch_repair_crew,request_peer_evidence,negotiate_commitment,execute_autonomously,False,True,0.0,False,False,False,0.7244068411554245,0.03537320632371538,0.8465101520946893,0.5774397205372994,0.0,0.9198029822495449,0.9296227594035184,0.007986291033077686,0.006912449241071372,0.0049544512918473504,0.0,0.9920137089669223,0.7430555555555556,-0.016633502891578722,-0.02019310845398492,4,5,0.44968385892179624,0.7244068411554245,0.5308942894708648,0.5841500830712822,0.45286198439638936,0.3756769614533503
v7-pilots_iteration2-utility_restoration-large-high-high-high-grid-private_fragmented-774107-always_act-event_triggered,utility_restoration,large,high,high,high,grid,private_fragmented,event_triggered,774107,always_act,35,UTL-20-cyber_defense,U17,restore_communication_relay,no_information_action,no_communication_action,execute_autonomously,True,False,0.0,False,False,False,0.8473785633660333,0.3367302976632228,0.6221122744028481,0.2520627978841298,0.0,0.8296438063966154,0.832216391185933,0.0025345511509370366,0.0018348673518718828,0.002463761463186609,0.0,0.997465448849063,0.7430555555555556,-0.06319751877321145,-0.020426887359599744,4,5,0.4134037830366425,0.8473785633660333,0.549910748556879,0.5946442937168089,0.5045101077248451,0.36658833579238254
v7-pilots_iteration2-utility_restoration-large-high-high-high-grid-private_fragmented-774107-always_act-event_triggered,utility_restoration,large,high,high,high,grid,private_fragmented,event_triggered,774107,always_act,35,UTL-21-communications,U22,dispatch_repair_crew,no_information_action,no_communication_action,execute_autonomously,False,True,0.0,False,False,False,0.5843168906695975,0.19445187450085372,1.0,0.8299751310245426,0.0,0.8383580165881382,0.8401542763973313,0.001356060401790704,0.001289031760373427,0.0008593832854357775,0.0,0.9986439395982093,0.7430555555555556,-0.12765785790382478,-0.011359113224924111,4,5,0.4626617742735534,0.5843168906695975,0.44521474497738056,0.49911836586868874,0.39402420519234205,0.36101112988586803
v7-pilots_iteration2-utility_restoration-large-high-high-high-grid-private_fragmented-774107-always_act-event_triggered,utility_restoration,large,high,high,high,grid,private_fragmented,event_triggered,774107,always_act,35,UTL-22-resource_allocation,U20,dispatch_repair_crew,request_peer_evidence,send_targeted_summary,execute_autonomously,False,False,0.0,False,False,False,0.5957461336019638,0.09984361998691238,0.2508485241663986,0.2637303600412779,0.0,0.8230561028170162,0.8249512607677885,0.0012634818637009548,0.0010870845937903661,0.0009203537873505585,0.0,0.998736518136299,0.7916666666666666,-0.1032364376545919,-0.013799639875520464,3,5,0.3306489718345744,0.5957461336019638,0.44583135375422095,0.49923912176100615,0.4085467094461581,0.3025235455279043
v7-pilots_iteration2-utility_restoration-large-high-high-high-grid-private_fragmented-774107-always_act-event_triggered,utility_restoration,large,high,high,high,grid,private_fragmented,event_triggered,774107,always_act,35,UTL-23-critical_load,U09,no_operational_action,no_information_action,no_communication_action,execute_autonomously,False,False,0.0,False,False,False,0.8208939548413188,0.1755519761290921,0.7315622018343418,0.43576519265979563,0.0,0.888673939572608,0.8905357892665077,0.0021431223297215807,0.0019402654588662749,0.0013724628771880631,0.0,0.9978568776702784,0.7916666666666666,-0.01644739110045801,-0.01865201056357224,3,5,0.44848759088439943,0.8208939548413188,0.5535264380912898,0.6056855646164975,0.5031087943666872,0.38695603917801824
v7-pilots_iteration2-utility_restoration-large-high-high-high-grid-private_fragmented-774107-always_act-event_triggered,utility_restoration,large,high,high,high,grid,private_fragmented,event_triggered,774107,always_act,35,UTL-24-zone_operator,U07,restore_communication_relay,request_peer_evidence,send_targeted_summary,execute_autonomously,True,True,-0.0405,True,False,True,0.674061442136632,0.16163128365434964,1.0,0.6365216358363927,0.0,0.9454975000275743,0.9528128482402775,0.01074149146812553,0.008890397158371588,0.007778553728567061,0.0,0.9892585085318745,0.7430555555555556,-0.014526090006328651,-0.0408772666479581,4,5,0.44674608292718915,0.674061442136632,0.5210370399169222,0.5701277582742246,0.43171691680849655,0.3714268228614479
v7-pilots_iteration2-utility_restoration-large-high-high-high-grid-private_fragmented-774107-always_act-event_triggered,utility_restoration,large,high,high,high,grid,private_fragmented,event_triggered,774107,always_act,35,UTL-25-crew_dispatch,U12,dispatch_repair_crew,request_peer_evidence,send_targeted_summary,execute_autonomously,False,False,0.0,False,False,False,0.6318103933722401,0.12863265660958717,0.7194862035624556,0.3932549951655607,0.0,0.8853654404573424,0.8995642113844189,0.012438480598339519,0.011149582014469361,0.008213063718911284,0.0,0.9875615194016605,0.7430555555555556,-0.058317660079524325,0.002760217089925021,4,5,0.37399673258629623,0.6318103933722401,0.491479390300907,0.5439442395109175,0.4139714763274519,0.33398954991148055
v7-pilots_iteration2-utility_restoration-large-high-high-high-grid-private_fragmented-774107-always_act-event_triggered,utility_restoration,large,high,high,high,grid,private_fragmented,event_triggered,774107,always_act,35,UTL-26-cyber_defense,U17,restore_communication_relay,no_information_action,no_communication_action,execute_autonomously,True,False,0.0,False,False,False,0.8222213453855738,0.1465240989674374,1.0,0.8516977917724232,0.0,0.948059169299676,0.9493095372715968,0.0020082892964796706,0.001589371187238231,0.0015157210328810011,0.0,0.9979917107035203,0.6444444444444444,-0.014563914660027044,-0.020848076642573266,5,4,0.5487627274564766,0.8222213453855738,0.56871493549422,0.6186835589811341,0.4742218539508299,0.4180287286322849
v7-pilots_iteration2-utility_restoration-large-high-high-high-grid-private_fragmented-774107-always_act-event_triggered,utility_restoration,large,high,high,high,grid,private_fragmented,event_triggered,774107,always_act,35,UTL-27-communications,U22,dispatch_repair_crew,request_peer_evidence,send_targeted_summary,execute_autonomously,False,False,0.0,False,False,False,0.6812326208855343,0.055065439063811894,1.0,1.0,0.0,0.8922899036828497,0.8941123359307357,0.0014945581662675345,0.0013085636383389776,0.0009401677365911132,0.0,0.9985054418337325,0.6444444444444444,-0.07169447000491957,-0.018069304733442704,5,4,0.5364190911010818,0.6812326208855343,0.49765790570770074,0.5520344801727533,0.4150065896608133,0.3958317248912789
v7-pilots_iteration2-utility_restoration-large-high-high-high-grid-private_fragmented-774107-always_act-event_triggered,utility_restoration,large,high,high,high,grid,private_fragmented,event_triggered,774107,always_act,35,UTL-28-resource_allocation,U20,dispatch_repair_crew,request_peer_evidence,send_targeted_summary,execute_autonomously,False,False,0.0,False,False,False,0.6663563633361359,0.04493411289624144,0.39796965574702414,0.47705600083318495,0.0,0.8592929360670738,0.8673912649851201,0.00574021964204019,0.005476267962390424,0.003236674319687105,0.0,0.9942597803579598,0.6875,-0.07412066287488361,-0.013320849002098623,4,4,0.40585460373425064,0.6663563633361359,0.4894020868500791,0.5457352834795672,0.4173696726011771,0.33816607510688346
v7-pilots_iteration2-utility_restoration-large-high-high-high-grid-private_fragmented-774107-always_act-event_triggered,utility_restoration,large,high,high,high,grid,private_fragmented,event_triggered,774107,always_act,35,UTL-29-critical_load,U09,no_operational_action,request_peer_evidence,send_targeted_summary,execute_autonomously,False,False,0.0,False,False,False,0.7541958867489723,0.1330142268017187,0.7094664412042007,0.4037263397460909,0.0,0.8819947402081089,0.8836077832882102,0.0014257667778435623,0.0011015123290801787,0.0012075580786747864,0.0,0.9985742332221564,0.6875,-0.054749091118878934,-0.02162424457535339,4,4,0.41812092303371245,0.7541958867489723,0.5241731132405971,0.5758202924806197,0.45426227243456835,0.3503368720529386
v7-pilots_iteration2-utility_restoration-large-high-high-high-grid-private_fragmented-774107-always_act-event_triggered,utility_restoration,large,high,high,high,grid,private_fragmented,event_triggered,774107,always_act,35,UTL-30-zone_operator,U07,isolate_component,request_peer_evidence,send_targeted_summary,execute_autonomously,True,True,-0.039528844661188174,True,False,True,0.5499248695693026,0.2944356088086239,0.9676281553729392,0.8108416285073926,0.0,0.8549337804503916,0.8667997650005291,0.006930286095147675,0.004890277808344612,0.0071691457883488185,0.0,0.9930697139048523,0.8333333333333333,-0.0709934101602624,-0.020594927548756692,3,6,0.44637644649533714,0.5499248695693026,0.4434057934735257,0.48953521250336157,0.3976351118857737,0.36652929691608443
v7-pilots_iteration2-utility_restoration-large-high-high-high-grid-private_fragmented-774107-always_act-event_triggered,utility_restoration,large,high,high,high,grid,private_fragmented,event_triggered,774107,always_act,35,UTL-31-crew_dispatch,U12,dispatch_repair_crew,request_peer_evidence,send_targeted_summary,execute_autonomously,False,False,0.0,False,False,False,0.7564628746325764,0.02808274288684781,0.9981101998191242,0.79725978973773,0.0,0.9679387617990404,0.9710851093536973,0.009813759810465505,0.007811835106835141,0.007178909850368953,0.0,0.9901862401895345,0.8333333333333333,0.10552520951047328,-0.006812377616128518,3,6,0.5133397269121313,0.7564628746325764,0.5583091040374424,0.6074689094578392,0.48438107401234876,0.4246533128559585
v7-pilots_iteration2-utility_restoration-large-high-high-high-grid-private_fragmented-774107-always_act-event_triggered,utility_restoration,large,high,high,high,grid,private_fragmented,event_triggered,774107,always_act,35,UTL-32-cyber_defense,U17,restore_communication_relay,request_peer_evidence,send_targeted_summary,execute_autonomously,True,False,0.0,False,False,False,0.7921791320083045,0.1270769662535254,1.0,0.9779614894872716,0.0,0.9281998705038867,0.9291982837845669,0.0013606676373557614,0.0011444444655164254,0.0009333833606357533,0.0,0.9986393323626442,0.8333333333333333,-0.02840991075409971,-0.01667962088978947,3,6,0.5688516623597688,0.7921791320083045,0.5508265551215915,0.6021581106167982,0.49938190211015454,0.44871135539463564
v7-pilots_iteration2-utility_restoration-large-high-high-high-grid-private_fragmented-774107-always_act-event_triggered,utility_restoration,large,high,high,high,grid,private_fragmented,event_triggered,774107,always_act,35,UTL-33-communications,U22,no_operational_action,request_peer_evidence,send_targeted_summary,execute_autonomously,False,False,0.0,False,False,False,0.6708039033020712,0.10852403450391288,1.0,1.0,0.0,0.9172286570201236,0.9176413805995093,0.0004781283358292754,0.0003286251862648637,0.00046440414469350877,0.0,0.9995218716641707,0.8333333333333333,-0.040356311637171016,-0.012517029970844806,3,6,0.5328733271227042,0.6708039033020712,0.49829810524602036,0.55090319311871,0.44840430605353654,0.4166235222846083
v7-pilots_iteration2-utility_restoration-large-high-high-high-grid-private_fragmented-774107-always_act-event_triggered,utility_restoration,large,high,high,high,grid,private_fragmented,event_triggered,774107,always_act,35,UTL-34-resource_allocation,U20,no_operational_action,request_peer_evidence,send_targeted_summary,execute_autonomously,False,False,0.0,False,False,False,0.7224948179133899,0.02249406841815116,0.4518274118071327,0.5551497471203425,0.0,0.9398665699647798,0.940908194869979,0.0013071142674733194,0.000987229640578624,0.0010328305377497182,0.0,0.9986928857325267,0.6875,0.007982478378347535,-0.022572456561575804,4,4,0.44368417739943483,0.7224948179133899,0.5257945296310136,0.5778440060439427,0.44094782352362377,0.3594888260088094
v7-pilots_iteration2-utility_restoration-large-high-high-high-grid-private_fragmented-774107-always_act-event_triggered,utility_restoration,large,high,high,high,grid,private_fragmented,event_triggered,774107,always_act,35,UTL-35-critical_load,U09,no_operational_action,no_information_action,no_communication_action,execute_autonomously,False,False,0.0,False,False,False,0.7960682793841111,0.26252703434228064,0.9557032058113495,0.7607696484264568,0.0,0.7978021307230605,0.8156512499663259,0.008472683536677295,0.00886897878979287,0.005658096820837066,0.0,0.9915273164633227,0.6875,-0.08439655036017546,-0.01779032943291947,4,4,0.5180479306129474,0.7960682793841111,0.5297396013857578,0.5841346319380616,0.4718486773413266,0.41137830658965324
v7-pilots_iteration2-utility_restoration-large-high-high-high-grid-private_fragmented-774107-always_act-event_triggered,utility_restoration,large,high,high,high,grid,private_fragmented,event_triggered,774107,always_act,35,UTL-36-zone_operator,U07,isolate_component,request_peer_evidence,send_targeted_summary,execute_autonomously,True,True,-0.0405,True,False,True,0.5405902543274276,0.14351139369047555,1.0,0.9735125920111747,0.0,0.7548746332950228,0.7861024179666211,0.018752630291529293,0.017423888768183016,0.012408595488920371,0.0,0.9812473697084707,0.7430555555555556,-0.1736122373015232,-0.0220505504615105,4,5,0.48224370855400733,0.5405902543274276,0.43120844246286777,0.48522855196803794,0.37565901792863066,0.38161052445531835
v7-pilots_iteration2-utility_restoration-large-high-high-high-grid-private_fragmented-774107-always_act-event_triggered,utility_restoration,large,high,high,high,grid,private_fragmented,event_triggered,774107,always_act,35,UTL-37-crew_dispatch,U12,no_operational_action,no_information_action,no_communication_action,execute_autonomously,False,False,0.0,False,False,False,0.8375668448559725,0.257861344383224,0.9886418495230238,0.7835306818083845,0.0,0.870274275822369,0.8720742722961293,0.0015876249457443814,0.0012170528084189947,0.0014043819456527329,0.0,0.9984123750542556,0.7430555555555556,-0.030830192264760137,-0.009291468029515082,4,5,0.537620090885043,0.8375668448559725,0.5548179818220235,0.6050519509913956,0.5003891859506195,0.4266525394184387
v7-pilots_iteration2-utility_restoration-large-high-high-high-grid-private_fragmented-774107-always_act-event_triggered,utility_restoration,large,high,high,high,grid,private_fragmented,event_triggered,774107,always_act,35,UTL-38-cyber_defense,U17,no_operational_action,request_peer_evidence,send_targeted_summary,execute_autonomously,False,False,0.0,False,False,False,0.794907044967988,0.0610573350076149,0.9995925109710517,0.7994091409080251,0.0,0.9182003568234721,0.9190803551329794,0.0014237693685458241,0.0011691244693897707,0.0010426243934277268,0.0,0.9985762306314542,0.8333333333333333,0.002844747026332306,-0.02496565871706624,3,6,0.526926589107042,0.794907044967988,0.5495061843090274,0.6025296282169864,0.5005276255532216,0.4281257167066949
v7-pilots_iteration2-utility_restoration-large-high-high-high-grid-private_fragmented-774107-always_act-event_triggered,utility_restoration,large,high,high,high,grid,private_fragmented,event_triggered,774107,always_act,35,UTL-39-communications,U22,dispatch_repair_crew,request_peer_evidence,send_targeted_summary,execute_autonomously,False,False,0.0,False,False,False,0.7788656460584952,0.013467337088564901,1.0,0.8853444944150738,0.0,0.9817529284944438,0.982412191385739,0.0038240195989586168,0.002865872906282485,0.0030309291793376714,0.0,0.9961759804010414,0.8333333333333333,0.030424850774816492,-0.0005177810717263975,3,6,0.5420969983195061,0.7788656460584952,0.5623381179855511,0.6119442971585396,0.4937902380112347,0.43615923705571874
v7-pilots_iteration2-utility_restoration-large-high-high-high-grid-private_fragmented-774107-always_act-event_triggered,utility_restoration,large,high,high,high,grid,private_fragmented,event_triggered,774107,always_act,35,UTL-40-resource_allocation,U20,dispatch_repair_crew,request_peer_evidence,send_targeted_summary,execute_autonomously,False,False,0.0,False,False,False,0.6753201268638553,0.09538933929442633,0.48513768225714204,0.6034496392728559,0.0,0.9320888821542638,0.9331749624396959,0.0012396536166167094,0.0009129580810598448,0.001021292229228088,0.0,0.9987603463833833,0.7916666666666666,0.04255662618165801,-0.004153105020464398,3,5,0.43923675655919625,0.6753201268638553,0.5048857863473715,0.5558593401888426,0.44196778661615255,0.3655674375986425
v7-pilots_iteration2-utility_restoration-large-high-high-high-grid-private_fragmented-774107-always_act-event_triggered,utility_restoration,large,high,high,high,grid,private_fragmented,event_triggered,774107,always_act,35,UTL-41-critical_load,U09,no_operational_action,request_peer_evidence,send_targeted_summary,execute_autonomously,False,False,0.0,False,False,False,0.9070786209212609,0.13818243942639735,0.5930266296089113,0.23488861293292113,0.0,0.9271606585571658,0.934496933934762,0.008406022438596006,0.007155135317399752,0.00508895075332727,0.0,0.991593977561404,0.7916666666666666,-0.050937438304688554,0.0017851224455902592,3,5,0.42957999821712983,0.9070786209212609,0.6063900444218302,0.6566285531475364,0.539306354120263,0.39376148443025727
v7-pilots_iteration2-utility_restoration-large-high-high-high-grid-private_fragmented-774107-always_act-event_triggered,utility_restoration,large,high,high,high,grid,private_fragmented,event_triggered,774107,always_act,35,UTL-42-zone_operator,U07,isolate_component,request_peer_evidence,send_targeted_summary,execute_autonomously,True,False,0.0,False,False,False,0.5073406162254475,0.292862694607979,1.0,0.8944803897847062,0.0,0.8003212288592436,0.8176467569265397,0.012424629121242314,0.01090600337684644,0.009473543436867904,0.0,0.9875753708787577,0.7430555555555556,-0.1397963091951483,-0.0269836392899776,4,5,0.4519711030649816,0.5073406162254475,0.42041103447472916,0.4676460454366753,0.36169416992579906,0.35748964239643116
v7-pilots_iteration2-utility_restoration-large-high-high-high-grid-private_fragmented-774107-always_act-event_triggered,utility_restoration,large,high,high,high,grid,private_fragmented,event_triggered,774107,always_act,35,UTL-43-crew_dispatch,U12,dispatch_repair_crew,request_peer_evidence,send_targeted_summary,execute_autonomously,False,False,0.0,False,False,False,0.6241642476179892,0.13774860614960008,1.0,0.8033213902067204,0.0,0.8655772534568116,0.8861087019529762,0.017857931027392637,0.016695426049023965,0.011232113412455003,0.0,0.9821420689726074,0.7430555555555556,-0.0387141605871032,0.004830265465774142,4,5,0.46981297783972925,0.6241642476179892,0.4910611158497483,0.5460851354726765,0.4107600951106666,0.3874695414780909
v7-pilots_iteration2-utility_restoration-large-high-high-high-grid-private_fragmented-774107-always_act-event_triggered,utility_restoration,large,high,high,high,grid,private_fragmented,event_triggered,774107,always_act,35,UTL-44-cyber_defense,U17,restore_communication_relay,no_information_action,no_communication_action,execute_autonomously,True,False,0.0,False,False,False,0.7525427203341019,0.18001979155894968,0.5859573625768824,0.1996381757364794,0.0,0.848131602277643,0.8594865602108858,0.006443301155192871,0.005354328370188899,0.004586132010576671,0.0,0.9935566988448071,0.7430555555555556,-0.12024652422950088,-0.01286714889304763,4,5,0.3685776870903497,0.7525427203341019,0.5220706103203215,0.5714136814451711,0.4646790536514339,0.3370555594782526
v7-pilots_iteration2-utility_restoration-large-high-high-high-grid-private_fragmented-774107-always_act-event_triggered,utility_restoration,large,high,high,high,grid,private_fragmented,event_triggered,774107,always_act,35,UTL-45-communications,U22,dispatch_repair_crew,no_information_action,no_communication_action,execute_autonomously,False,False,0.0,False,False,False,0.6004280096274881,0.20912645702875496,1.0,0.8417419238880427,0.0,0.8843373469008321,0.8857928535887073,0.0010645308263336206,0.0008135441553013267,0.0009589506497981182,0.0,0.9989354691736664,0.7430555555555556,-0.052482633641849796,-0.016838524863864168,4,5,0.4709635850064762,0.6004280096274881,0.46274588373307035,0.5136234791221739,0.40079087515465606,0.36674680861963266
v7-pilots_iteration2-utility_restoration-large-high-high-high-grid-private_fragmented-774107-always_act-event_triggered,utility_restoration,large,high,high,high,grid,private_fragmented,event_triggered,774107,always_act,35,UTL-46-resource_allocation,U20,dispatch_repair_crew,no_information_action,no_communication_action,execute_autonomously,False,False,0.0,False,False,False,0.5567165097041546,0.24812558389629563,0.3980006755159911,0.4771009794981871,0.0,0.8253577467045295,0.8257093504603915,0.00033657566645817205,0.000336957046193187,0.0002373663283457006,0.0,0.9996634243335418,0.875,-0.04363454254592436,-0.01166559437427006,2,6,0.3685878483789775,0.5567165097041546,0.4294972464908357,0.4826080192932226,0.40882093407574494,0.3271957480516703
v7-pilots_iteration2-utility_restoration-large-high-high-high-grid-private_fragmented-774107-always_act-event_triggered,utility_restoration,large,high,high,high,grid,private_fragmented,event_triggered,774107,always_act,35,UTL-47-critical_load,U09,no_operational_action,no_information_action,no_communication_action,execute_autonomously,False,False,0.0,False,False,False,0.897865883068022,0.1939972330142185,0.843864503340282,0.5986035298434087,0.0,0.8970092300054856,0.8979292947423114,0.0008760896977081378,0.0007682058637923372,0.0006025479172075965,0.0,0.9991239103022919,0.875,-0.05590345283182496,-0.005479581089010699,2,6,0.5137392474055456,0.897865883068022,0.5846251863053715,0.6358113302585907,0.5521036708885693,0.43777169590867354
v7-pilots_iteration2-utility_restoration-large-high-high-high-grid-private_fragmented-774107-always_act-event_triggered,utility_restoration,large,high,high,high,grid,private_fragmented,event_triggered,774107,always_act,35,UTL-48-zone_operator,U07,isolate_component,request_peer_evidence,send_targeted_summary,execute_autonomously,True,False,0.0,False,False,False,0.6844459330187982,0.04048132230186974,0.8031057369575628,0.6344113854031314,0.0,0.9144950379527422,0.9202139122530003,0.005210506049090569,0.004080314858050826,0.003908325334221141,0.0,0.9947894939509094,0.8333333333333333,-0.004692451231014583,-0.03552817228519334,3,6,0.44977034972314295,0.6844459330187982,0.5096968411644317,0.5607083517303815,0.45413395853456184,0.38082647622599
v7-pilots_iteration2-utility_restoration-large-high-high-high-grid-private_fragmented-774107-always_act-event_triggered,utility_restoration,large,high,high,high,grid,private_fragmented,event_triggered,774107,always_act,35,UTL-49-crew_dispatch,U12,dispatch_repair_crew,no_information_action,no_communication_action,execute_autonomously,False,False,0.0,False,False,False,0.8726582005800418,0.32922622814268576,1.0,0.8213257389094825,0.0,0.8473721934614945,0.8488881430707637,0.0013640687904427073,0.0010079391184476538,0.0012845554555330763,0.0,0.9986359312095573,0.8333333333333333,-0.07038115336359974,-0.020646362144779884,3,6,0.55862196553549,0.8726582005800418,0.5628160249040102,0.6090564179750264,0.5331831109102843,0.45255837888621026
v7-pilots_iteration2-utility_restoration-large-high-high-high-grid-private_fragmented-774107-always_act-event_triggered,utility_restoration,large,high,high,high,grid,private_fragmented,event_triggered,774107,always_act,35,UTL-50-cyber_defense,U17,restore_communication_relay,request_peer_evidence,send_targeted_summary,execute_autonomously,True,False,0.0,False,False,False,0.7215593541891226,0.064130327721097,1.0,0.8185010375127291,0.0,0.9508170781958947,0.9576297016555284,0.0058925667648667135,0.004785866278653628,0.003990559270377059,0.0,0.9941074332351333,0.8333333333333333,-0.001966196383550667,-0.013494769567427789,3,6,0.5065704294273567,0.7215593541891226,0.5345776046954361,0.5854435927810518,0.46972159542609815,0.41379299980919987
v7-pilots_iteration2-utility_restoration-large-high-high-high-grid-private_fragmented-774107-always_act-event_triggered,utility_restoration,large,high,high,high,grid,private_fragmented,event_triggered,774107,always_act,35,UTL-51-communications,U22,no_operational_action,request_peer_evidence,send_targeted_summary,execute_autonomously,False,False,0.0,False,False,False,0.7449609130394278,0.06135555051911121,1.0,0.8039018226214065,0.0,0.9810222054447462,0.9812400423970895,0.000686446571705579,0.0005565479907656545,0.000476938130684168,0.0,0.9993135534282944,0.8333333333333333,0.06989042638993381,-0.007054120961777932,3,6,0.5110231478625431,0.7449609130394278,0.5442009417773455,0.5944291050806472,0.4795502501432263,0.41400130038016897
v7-pilots_iteration2-utility_restoration-large-high-high-high-grid-private_fragmented-774107-always_act-event_triggered,utility_restoration,large,high,high,high,grid,private_fragmented,event_triggered,774107,always_act,40,UTL-00-zone_operator,U14,dispatch_repair_crew,request_peer_evidence,negotiate_commitment,execute_autonomously,False,False,0.0,False,False,False,0.718556873964485,0.08568070806999445,1.0,0.8620945391013117,0.0,0.9595566805260903,0.9595566805260903,0.0,0.0,0.0,0.0,1.0,0.8888888888888888,0.07920379888199003,0.0,1,8,0.5160120265322397,0.718556873964485,0.5273119197173166,0.5787961307542263,0.4795716648428615,0.42020282495776873
v7-pilots_iteration2-utility_restoration-large-high-high-high-grid-private_fragmented-774107-always_act-event_triggered,utility_restoration,large,high,high,high,grid,private_fragmented,event_triggered,774107,always_act,40,UTL-01-crew_dispatch,U19,dispatch_repair_crew,no_information_action,negotiate_commitment,execute_autonomously,False,False,0.0,False,False,False,0.6542924442516074,0.16172100476907156,1.0,0.8471371581412657,0.0,0.9361767319841725,0.9343345995465986,0.004395991084337636,0.003619240138645896,0.003031931337581839,0.0,0.9956040089156624,0.9027777777777778,-0.021407703051845917,0.004395991084337636,2,7,0.4905723489994503,0.6542924442516074,0.5019155482147588,0.5513487167147824,0.45535838214123064,0.4096441722124029
v7-pilots_iteration2-utility_restoration-large-high-high-high-grid-private_fragmented-774107-always_act-event_triggered,utility_restoration,large,high,high,high,grid,private_fragmented,event_triggered,774107,always_act,40,UTL-02-cyber_defense,U24,isolate_component,no_information_action,no_communication_action,execute_autonomously,True,False,0.0,False,False,False,0.5810843602851815,0.23421975523962102,0.36504599047852515,0.3170710990611032,0.0,0.8780153068110442,0.880462188439799,0.002370755490098575,0.001976399269523532,0.0017796548884888574,0.0,0.9976292445099014,0.8333333333333333,-0.06658024052497014,-0.04514161466839173,3,6,0.3384657462716265,0.5810843602851815,0.45525662850297166,0.5045743317258796,0.4107220979864429,0.31125233817539416
v7-pilots_iteration2-utility_restoration-large-high-high-high-grid-private_fragmented-774107-always_act-event_triggered,utility_restoration,large,high,high,high,grid,private_fragmented,event_triggered,774107,always_act,40,UTL-03-communications,U29,dispatch_repair_crew,no_information_action,negotiate_commitment,execute_autonomously,False,False,0.0,False,False,False,0.5690808099027118,0.24875823949329282,0.8219256106247068,0.5417921354058248,0.0,0.8788904571430479,0.8830356032629744,0.002043770466967576,0.0017620449332136356,0.00138887150900191,0.0,0.9979562295330324,0.8333333333333333,-0.10001450207846341,-0.005096370360337721,3,6,0.38831758786432,0.5690808099027118,0.4502162169006013,0.4978694730664343,0.40568060682580565,0.33451210913744095
v7-pilots_iteration2-utility_restoration-large-high-high-high-grid-private_fragmented-774107-always_act-event_triggered,utility_restoration,large,high,high,high,grid,private_fragmented,event_triggered,774107,always_act,40,UTL-04-resource_allocation,U27,dispatch_repair_crew,request_peer_evidence,negotiate_commitment,execute_autonomously,False,False,0.0,False,False,False,0.5822823389144268,0.1415702211429885,0.7419336456859428,0.7301888784072995,0.0,0.8327028321407834,0.8416985746118304,0.00784476985058169,0.00646166824163108,0.005850254641742048,0.0,0.9921552301494183,0.7916666666666666,-0.0837941451800881,-0.04669202269110784,3,5,0.438021326048657,0.5822823389144268,0.45207132139178097,0.5030432276017899,0.4028919156773926,0.36072108923227003
v7-pilots_iteration2-utility_restoration-large-high-high-high-grid-private_fragmented-774107-always_act-event_triggered,utility_restoration,large,high,high,high,grid,private_fragmented,event_triggered,774107,always_act,40,UTL-05-critical_load,U25,no_operational_action,request_peer_evidence,send_targeted_summary,execute_autonomously,False,False,0.0,False,False,False,0.7901424417764904,0.1019120316970355,0.8606525392433286,0.6312795152361599,0.0,0.9440990769352678,0.9443342261821303,0.000342733023232622,0.00024509523685389834,0.00029278918972641677,0.0,0.9996572669767674,0.875,0.043675177426119705,-0.00871150794071951,2,6,0.48495551386068514,0.7901424417764904,0.5525615721769388,0.6035808821357795,0.506859825546126,0.4110633424887772
v7-pilots_iteration2-utility_restoration-large-high-high-high-grid-private_fragmented-774107-always_act-event_triggered,utility_restoration,large,high,high,high,grid,private_fragmented,event_triggered,774107,always_act,40,UTL-06-zone_operator,U14,dispatch_repair_crew,request_peer_evidence,negotiate_commitment,execute_autonomously,False,False,0.0,False,False,False,0.6726856630824295,0.04588209822173389,0.6430067828408319,0.28235983511920626,0.0,0.9005824382581614,0.9123008315962121,0.009430502214778924,0.007538677438099661,0.006951044101407455,0.0,0.9905694977852211,0.8333333333333333,-0.0694629630393947,-0.0046051279426514435,3,6,0.36127948587663555,0.6726856630824295,0.5074225778982027,0.5582317942366158,0.44919464516128704,0.3390871028165199
v7-pilots_iteration2-utility_restoration-large-high-high-high-grid-private_fragmented-774107-always_act-event_triggered,utility_restoration,large,high,high,high,grid,private_fragmented,event_triggered,774107,always_act,40,UTL-07-crew_dispatch,U19,dispatch_repair_crew,no_information_action,negotiate_commitment,execute_autonomously,False,False,0.0,False,False,False,0.5705925257898745,0.24039550881710603,0.771828533795816,0.46915137400393314,0.0,0.8607100292736489,0.8621035467916771,0.001036085207930748,0.0008257305978575102,0.0008617825893140196,0.0,0.9989639147920693,0.8333333333333333,-0.09116671668854015,-0.008791547942099243,3,6,0.37139778852950134,0.5705925257898745,0.4448650369254651,0.4947334671730468,0.40631552749841393,0.3253688991974781
v7-pilots_iteration2-utility_restoration-large-high-high-high-grid-private_fragmented-774107-always_act-event_triggered,utility_restoration,large,high,high,high,grid,private_fragmented,event_triggered,774107,always_act,40,UTL-08-cyber_defense,U24,isolate_component,no_information_action,no_communication_action,execute_autonomously,True,False,0.0,False,False,False,0.44362849328192777,0.4226272099268996,0.8749522574761429,0.6429409078390734,0.0,0.7698627861927785,0.7731621381130902,0.0027663414260665764,0.002185295398436593,0.0025010217376696398,0.0,0.9972336585739334,0.8333333333333333,-0.1829812666625148,-0.04269688812016903,3,6,0.3699395055972331,0.44362849328192777,0.37378997185745894,0.41376064525694595,0.35299063384507634,0.31236417668132205
v7-pilots_iteration2-utility_restoration-large-high-high-high-grid-private_fragmented-774107-always_act-event_triggered,utility_restoration,large,high,high,high,grid,private_fragmented,event_triggered,774107,always_act,40,UTL-09-communications,U29,dispatch_repair_crew,no_information_action,negotiate_commitment,execute_autonomously,False,False,0.0,False,False,False,0.6381680997687749,0.1439658234141248,0.885449947303341,0.6339024235898445,0.0,0.8826759925450993,0.895820070692807,0.008527542418090395,0.007696023411395081,0.005100190327053444,0.0,0.9914724575819096,0.8333333333333333,-0.03799642032252637,-0.005976380042600371,3,6,0.43391373558294616,0.6381680997687749,0.48787479742911133,0.5412138039264938,0.43469726856955204,0.37049357609441524
v7-pilots_iteration2-utility_restoration-large-high-high-high-grid-private_fragmented-774107-always_act-event_triggered,utility_restoration,large,high,high,high,grid,private_fragmented,event_triggered,774107,always_act,40,UTL-10-resource_allocation,U27,dispatch_repair_crew,request_peer_evidence,negotiate_commitment,execute_autonomously,False,False,0.0,False,False,False,0.6670537272514412,0.10426236161983388,1.0,1.0,0.0,0.8983138390264885,0.9020478640657356,0.003282105770975985,0.0027646708569334377,0.002241032025742329,0.0,0.996717894229024,0.7916666666666666,-0.03031991112199517,-0.03802074793104482,3,5,0.53159826726549,0.6670537272514412,0.49599489873656505,0.5494628059409479,0.43849589877893863,0.41261330310674094
v7-pilots_iteration2-utility_restoration-large-high-high-high-grid-private_fragmented-774107-always_act-event_triggered,utility_restoration,large,high,high,high,grid,private_fragmented,event_triggered,774107,always_act,40,UTL-11-critical_load,U25,no_operational_action,no_information_action,no_communication_action,execute_autonomously,False,False,0.0,False,False,False,0.8928348540640356,0.1859984546382933,0.9268725496921648,0.7272985303869723,0.0,0.839394417124704,0.8419606030658775,0.002247485400476812,0.0018453846696633303,0.0017814864060848867,0.0,0.9977525145995232,0.6875,-0.06539860549769749,-0.02298116953858309,4,4,0.5429154976746455,0.8928348540640356,0.5701290254674578,0.6234769378777038,0.512490638706895,0.42873081682142167
v7-pilots_iteration2-utility_restoration-large-high-high-high-grid-private_fragmented-774107-always_act-event_triggered,utility_restoration,large,high,high,high,grid,private_fragmented,event_triggered,774107,always_act,40,UTL-12-zone_operator,U14,dispatch_repair_crew,no_information_action,negotiate_commitment,execute_autonomously,False,True,0.0,False,False,False,0.6153891906495471,0.1875717344133372,1.0,0.8090262605548513,0.0,0.900697690010559,0.9011185763498201,0.00034738397017375355,0.000336972381698164,0.00018560651285615126,0.0,0.9996526160298262,0.8333333333333333,-0.06279810194520918,-0.018107679849344804,3,6,0.46819862735401035,0.6153891906495471,0.4718164363207018,0.5222030511403494,0.4251301267394765,0.378023158431838
v7-pilots_iteration2-utility_restoration-large-high-high-high-grid-private_fragmented-774107-always_act-event_triggered,utility_restoration,large,high,high,high,grid,private_fragmented,event_triggered,774107,always_act,40,UTL-13-crew_dispatch,U19,dispatch_repair_crew,no_information_action,negotiate_commitment,execute_autonomously,False,True,0.0,False,False,False,0.8273097327588286,0.21759888928077084,1.0,0.9563615469950635,0.0,0.8856003170537411,0.8859549366921006,0.00024645690531355235,0.00018873113282935616,0.00023079672729720002,0.0,0.9997535430946864,0.9027777777777778,-0.07144982134117717,-0.00516337794413968,2,7,0.575612080416817,0.8273097327588286,0.5526690120344057,0.6049277342684849,0.5280256433142636,0.4640111292450094
v7-pilots_iteration2-utility_restoration-large-high-high-high-grid-private_fragmented-774107-always_act-event_triggered,utility_restoration,large,high,high,high,grid,private_fragmented,event_triggered,774107,always_act,40,UTL-14-cyber_defense,U24,isolate_component,request_peer_evidence,send_targeted_summary,execute_autonomously,True,False,0.0,False,False,False,0.7716351154278196,0.02991081628655401,0.9956463140895332,0.6610110572258449,0.0,0.9229618113844275,0.9275437010854232,0.003449043536565166,0.0031321768276586504,0.0020363808382584114,0.0,0.9965509564634348,0.9027777777777778,0.05556233254597576,0.003449043536565166,2,7,0.4857985929796615,0.7716351154278196,0.544223159968426,0.5991870869030314,0.5046423040352398,0.4184912871489578
v7-pilots_iteration2-utility_restoration-large-high-high-high-grid-private_fragmented-774107-always_act-event_triggered,utility_restoration,large,high,high,high,grid,private_fragmented,event_triggered,774107,always_act,40,UTL-15-communications,U29,restore_communication_relay,request_peer_evidence,negotiate_commitment,execute_autonomously,True,True,-0.0405,True,False,True,0.7427984756681274,0.04271973574653021,1.0,0.822895322816439,0.0,0.9722540716952367,0.9725603760385315,0.0006838285724688475,0.0005477273142572292,0.0004783199602870214,0.0,0.9993161714275312,0.8333333333333333,0.0056634085390837585,-0.015596075474014537,3,6,0.5148463592031087,0.7427984756681274,0.5411402681925166,0.5918121229508938,0.47864202644728016,0.4156727608216166
v7-pilots_iteration2-utility_restoration-large-high-high-high-grid-private_fragmented-774107-always_act-event_triggered,utility_restoration,large,high,high,high,grid,private_fragmented,event_triggered,774107,always_act,40,UTL-16-resource_allocation,U27,dispatch_repair_crew,request_peer_evidence,negotiate_commitment,execute_autonomously,False,False,0.0,False,False,False,0.6208858306918945,0.18211986075773873,1.0,1.0,0.0,0.9077636130926053,0.9123110486561996,0.005368576328370733,0.004171291467841676,0.004214500536199983,0.0,0.9946314236716293,0.7916666666666666,-0.01981990934439981,-0.016721424302521548,3,5,0.5159011824352442,0.6208858306918945,0.4828112424096282,0.5318202981669937,0.419105382223929,0.40169009198320815
v7-pilots_iteration2-utility_restoration-large-high-high-high-grid-private_fragmented-774107-always_act-event_triggered,utility_restoration,large,high,high,high,grid,private_fragmented,event_triggered,774107,always_act,40,UTL-17-critical_load,U25,no_operational_action,request_peer_evidence,send_targeted_summary,execute_autonomously,False,False,0.0,False,False,False,0.8770797321906928,0.10309997993387571,0.8436443543907586,0.6066176471999333,0.0,0.9263842250757103,0.9272105757473782,0.0010068913205155683,0.0007476174296430216,0.0008142118734181247,0.0,0.9989931086794844,0.7916666666666666,-0.017177645740535263,-0.016501834662707493,3,5,0.5085953442728196,0.8770797321906928,0.5838375969939265,0.6350658768155888,0.5267068208534242,0.42222023951458326
v7-pilots_iteration2-utility_restoration-large-high-high-high-grid-private_fragmented-774107-always_act-event_triggered,utility_restoration,large,high,high,high,grid,private_fragmented,event_triggered,774107,always_act,40,UTL-18-zone_operator,U14,dispatch_repair_crew,request_peer_evidence,negotiate_commitment,execute_autonomously,False,False,0.0,False,False,False,0.6658260012029757,0.07046852110891222,1.0,0.9079221075051573,0.0,0.8954741417233653,0.9195579112131046,0.02287211298020897,0.020288900600190063,0.014471493399321522,0.0,0.977127887019791,0.8333333333333333,-0.017956182761021067,0.007021545230422532,3,6,0.5090821462102495,0.6658260012029757,0.5222198940843242,0.5747081598084103,0.4463135871719165,0.42945230728718364
v7-pilots_iteration2-utility_restoration-large-high-high-high-grid-private_fragmented-774107-always_act-event_triggered,utility_restoration,large,high,high,high,grid,private_fragmented,event_triggered,774107,always_act,40,UTL-19-crew_dispatch,U19,dispatch_repair_crew,no_information_action,negotiate_commitment,execute_autonomously,False,False,0.0,False,False,False,0.8179431848367948,0.1521431921731203,1.0,0.8029053308103429,0.0,0.9306605066426991,0.9408356715945702,0.01626403697407708,0.013197676321287655,0.012274416109931519,0.0,0.9837359630259229,0.7430555555555556,-0.03259404480549488,-0.0012012374752840005,4,5,0.5355979622389926,0.8179431848367948,0.5826120523591006,0.6315094107588263,0.4921472487425649,0.43680275074219316
v7-pilots_iteration2-utility_restoration-large-high-high-high-grid-private_fragmented-774107-always_act-event_triggered,utility_restoration,large,high,high,high,grid,private_fragmented,event_triggered,774107,always_act,40,UTL-20-cyber_defense,U24,isolate_component,request_peer_evidence,send_targeted_summary,execute_autonomously,True,False,0.0,False,False,False,0.6697988112049245,0.021599423386356953,1.0,0.7337926951984499,0.0,0.8572771360297565,0.8607852317771688,0.003010475993715178,0.0025956517720231442,0.0020539358237905425,0.0,0.9969895240062848,0.7430555555555556,-0.11595442978572557,-0.022740836669575715,4,5,0.4686418426573023,0.6697988112049245,0.4864534748806102,0.5419939142871075,0.4299266118171794,0.3748859794167859
v7-pilots_iteration2-utility_restoration-large-high-high-high-grid-private_fragmented-774107-always_act-event_triggered,utility_restoration,large,high,high,high,grid,private_fragmented,event_triggered,774107,always_act,40,UTL-21-communications,U29,dispatch_repair_crew,no_information_action,no_communication_action,execute_autonomously,False,False,0.0,False,False,False,0.6514909795127224,0.14529336841564738,0.8992369091213452,0.6538935182259507,0.0,0.9301559122590084,0.9383185491864693,0.006919797526246607,0.005057881827047583,0.005767887997058518,0.0,0.9930802024737534,0.8333333333333333,0.015189750524775336,-0.0006316290036175731,3,6,0.4432413774085538,0.6514909795127224,0.5028230864065864,0.5510444832959187,0.44029287806201,0.37563979738274383
v7-pilots_iteration2-utility_restoration-large-high-high-high-grid-private_fragmented-774107-always_act-event_triggered,utility_restoration,large,high,high,high,grid,private_fragmented,event_triggered,774107,always_act,40,UTL-22-resource_allocation,U27,dispatch_repair_crew,request_peer_evidence,send_targeted_summary,execute_autonomously,False,False,0.0,False,False,False,0.6390349282399445,0.18205391240759922,0.797473069720353,0.6526294553767767,0.0,0.9019990017785959,0.9037465659782961,0.001621691745954279,0.0011462641284484265,0.0015082534303432205,0.0,0.9983783082540457,0.875,-0.03557463445269948,-0.01081660940186302,2,6,0.43870294489200756,0.6390349282399445,0.48338409018496276,0.5358966188245178,0.4433946698607767,0.37255326382026605
v7-pilots_iteration2-utility_restoration-large-high-high-high-grid-private_fragmented-774107-always_act-event_triggered,utility_restoration,large,high,high,high,grid,private_fragmented,event_triggered,774107,always_act,40,UTL-23-critical_load,U25,no_operational_action,request_peer_evidence,send_targeted_summary,execute_autonomously,False,False,0.0,False,False,False,0.8771489615098196,0.12522797046813672,0.9717730812335833,0.7924043011220291,0.0,0.9567595437903885,0.9623237234986551,0.010389621898892365,0.008384521461387462,0.007252813985630824,0.0,0.9896103781011076,0.7916666666666666,0.02464833821528356,0.0005608003235787473,3,5,0.5532076791826257,0.8771489615098196,0.6045949412099744,0.6531263098459259,0.5267358971674576,0.45330227641759535
v7-pilots_iteration2-utility_restoration-large-high-high-high-grid-private_fragmented-774107-always_act-event_triggered,utility_restoration,large,high,high,high,grid,private_fragmented,event_triggered,774107,always_act,40,UTL-24-zone_operator,U14,dispatch_repair_crew,request_peer_evidence,send_targeted_summary,execute_autonomously,False,False,0.0,False,False,False,0.7113685858871588,0.02754535162842514,1.0,0.9962118700645615,0.0,0.9193683828599775,0.9201889437172172,0.000968453846883599,0.0008597339711642338,0.0005984416103563817,0.0,0.9990315461531164,0.8333333333333333,-0.0010514691244170038,-0.012016312504240956,3,6,0.5457561680171288,0.7113685858871588,0.5157453654554949,0.5693177480513598,0.4654414727392734,0.42790865886887214
v7-pilots_iteration2-utility_restoration-large-high-high-high-grid-private_fragmented-774107-always_act-event_triggered,utility_restoration,large,high,high,high,grid,private_fragmented,event_triggered,774107,always_act,40,UTL-25-crew_dispatch,U19,dispatch_repair_crew,no_information_action,no_communication_action,execute_autonomously,False,False,0.0,False,False,False,0.6377464143696585,0.16844399016841224,0.8455244495905815,0.5760104519063431,0.0,0.905465364363923,0.9099065738140074,0.006663643439626665,0.006527045685859156,0.003596447289672011,0.0,0.9933363565603733,0.7430555555555556,0.06307185505959867,-0.022934984348108256,4,5,0.41987628934320625,0.6377464143696585,0.4907940076543215,0.5437495208813086,0.41646460514636763,0.3500199642336174
v7-pilots_iteration2-utility_restoration-large-high-high-high-grid-private_fragmented-774107-always_act-event_triggered,utility_restoration,large,high,high,high,grid,private_fragmented,event_triggered,774107,always_act,40,UTL-26-cyber_defense,U24,isolate_component,request_peer_evidence,send_targeted_summary,execute_autonomously,True,False,0.0,False,False,False,0.7366646726583395,0.06005542125413482,0.4138031605534703,0.45925989963909786,0.0,0.9490737853496317,0.9526286460776402,0.004213753883784976,0.0035690157551433455,0.0028646192227905765,0.0,0.995786246116215,0.6444444444444444,-0.010093439556084105,-0.05411757821422647,5,4,0.4254883646172189,0.7366646726583395,0.5378335708380427,0.5906119100082454,0.43828805140539145,0.3489068526580586
v7-pilots_iteration2-utility_restoration-large-high-high-high-grid-private_fragmented-774107-always_act-event_triggered,utility_restoration,large,high,high,high,grid,private_fragmented,event_triggered,774107,always_act,40,UTL-27-communications,U29,reconfigure_service_edge,request_peer_evidence,send_targeted_summary,execute_autonomously,True,True,-0.0405,True,False,True,0.7120472395649159,0.01732965757477206,1.0,0.8292043526941228,0.0,0.9032123750476927,0.9125507079862936,0.005721907193760534,0.00576480983178429,0.0030893062125445514,0.0,0.9942780928062395,0.7430555555555556,-0.05002297635127251,-0.01701331018326835,4,5,0.5059051060986609,0.7120472395649159,0.5186326596591543,0.5747643029864296,0.4476709517283758,0.4004327246431508
v7-pilots_iteration2-utility_restoration-large-high-high-high-grid-private_fragmented-774107-always_act-event_triggered,utility_restoration,large,high,high,high,grid,private_fragmented,event_triggered,774107,always_act,40,UTL-28-resource_allocation,U27,restore_communication_relay,request_peer_evidence,send_targeted_summary,execute_autonomously,True,False,0.0,False,False,False,0.703631419828516,0.010817106675361343,0.58354072937557,0.5180444168947709,0.0,0.9016062877787021,0.9059561888195294,0.00435565312496522,0.004013438533368219,0.0028195666479360337,0.0,0.9956443468750348,0.6875,-0.07494376861419083,-0.050682996717796636,4,4,0.42836534279644045,0.703631419828516,0.5129520542510333,0.5678011469733029,0.4330251963279767,0.35244303487019024
v7-pilots_iteration2-utility_restoration-large-high-high-high-grid-private_fragmented-774107-always_act-event_triggered,utility_restoration,large,high,high,high,grid,private_fragmented,event_triggered,774107,always_act,40,UTL-29-critical_load,U25,no_operational_action,request_peer_evidence,send_targeted_summary,execute_autonomously,False,False,0.0,False,False,False,0.7991507090381879,0.1134764538588473,0.5668645139331622,0.20528687853641847,0.0,0.9079798677335839,0.9174285475830656,0.008520138165625246,0.006437653418714606,0.006759725526931493,0.0,0.9914798618343748,0.7916666666666666,0.04139030142627864,-0.00748857952062465,3,5,0.38578009192172436,0.7991507090381879,0.5585834439805465,0.6092983631872941,0.49397663112937223,0.3591268382995748
v7-pilots_iteration2-utility_restoration-large-high-high-high-grid-private_fragmented-774107-always_act-event_triggered,utility_restoration,large,high,high,high,grid,private_fragmented,event_triggered,774107,always_act,40,UTL-30-zone_operator,U14,dispatch_repair_crew,no_information_action,no_communication_action,execute_autonomously,False,False,0.0,False,False,False,0.6492327196571923,0.14193988333574364,1.0,0.9940776844236964,0.0,0.8953946420234751,0.8953138294331575,0.0001492676374681423,0.00012498182538844826,0.00013799625042809627,0.0,0.9998507323625319,0.9027777777777778,0.025848805510449213,-0.004595749763654955,2,7,0.5241177689451326,0.6492327196571923,0.4837507230612011,0.5378041439158531,0.45323329781157634,0.4185818160947078
v7-pilots_iteration2-utility_restoration-large-high-high-high-grid-private_fragmented-774107-always_act-event_triggered,utility_restoration,large,high,high,high,grid,private_fragmented,event_triggered,774107,always_act,40,UTL-31-crew_dispatch,U19,dispatch_repair_crew,request_peer_evidence,send_targeted_summary,execute_autonomously,False,False,0.0,False,False,False,0.6719078965149547,0.09949419245851271,1.0,0.9844434320923273,0.0,0.920465361386348,0.9217633530060374,0.0013666157551467384,0.0011050921551128967,0.0009905431716524804,0.0,0.9986333842448533,0.8333333333333333,-0.041836955328424574,-0.01341505351658323,3,6,0.5295151085172431,0.6719078965149547,0.5007927610097743,0.5526878008425629,0.44886798320294763,0.41583096575325185
v7-pilots_iteration2-utility_restoration-large-high-high-high-grid-private_fragmented-774107-always_act-event_triggered,utility_restoration,large,high,high,high,grid,private_fragmented,event_triggered,774107,always_act,40,UTL-32-cyber_defense,U24,isolate_component,request_peer_evidence,send_targeted_summary,execute_autonomously,True,False,0.0,False,False,False,0.7465160474750032,0.06683246921411315,0.7300066148447091,0.6936013234274817,0.0,0.9686072682565068,0.9686072682565068,0.0,0.0,0.0,0.0,1.0,0.8888888888888888,-0.0020227818384340734,0.0,1,8,0.4850797737640968,0.7465160474750032,0.540758236054128,0.592100815683438,0.4913145177172791,0.40781220765985426
v7-pilots_iteration2-utility_restoration-large-high-high-high-grid-private_fragmented-774107-always_act-event_triggered,utility_restoration,large,high,high,high,grid,private_fragmented,event_triggered,774107,always_act,40,UTL-33-communications,U29,no_operational_action,no_information_action,no_communication_action,execute_autonomously,False,False,0.0,False,False,False,0.577200809715833,0.20836529471584256,0.9752541790696339,0.7641185596509691,0.0,0.8552454895186775,0.8569350804836458,0.001160723690277643,0.0010108722140710347,0.0008518051845132213,0.0,0.9988392763097224,0.8333333333333333,-0.1094330451527814,-0.005828438260549018,3,6,0.44443672961961583,0.577200809715833,0.44631670943239127,0.4973904556583719,0.40909100674731647,0.36270450542442934
v7-pilots_iteration2-utility_restoration-large-high-high-high-grid-private_fragmented-774107-always_act-event_triggered,utility_restoration,large,high,high,high,grid,private_fragmented,event_triggered,774107,always_act,40,UTL-34-resource_allocation,U27,no_operational_action,request_peer_evidence,send_targeted_summary,execute_autonomously,False,False,0.0,False,False,False,0.728493144016466,0.045135930804786256,1.0,0.7774840101367185,0.0,0.9440039747897918,0.946257519556058,0.0038973177543190074,0.00321877692771666,0.0025718390752905718,0.0,0.996102682245681,0.6875,-0.02217345716919661,-0.039556784438354864,4,4,0.4990838313984109,0.728493144016466,0.532854496160081,0.5848771389208282,0.4434671204869157,0.39007630112531133
v7-pilots_iteration2-utility_restoration-large-high-high-high-grid-private_fragmented-774107-always_act-event_triggered,utility_restoration,large,high,high,high,grid,private_fragmented,event_triggered,774107,always_act,40,UTL-35-critical_load,U25,no_operational_action,no_information_action,no_communication_action,execute_autonomously,False,False,0.0,False,False,False,0.8665403387094882,0.3391982600241663,0.7077278078757228,0.4095386547531313,0.0,0.8549878218732926,0.8658129546303459,0.01064207952472973,0.007844554723668629,0.00976787301118942,0.0,0.9893579204752703,0.7916666666666666,-0.022906455418837957,-0.0037271634064904857,3,5,0.45771299230197754,0.8665403387094882,0.5752620022867401,0.6172903822461406,0.5222802755913183,0.40490518609402065
v7-pilots_iteration2-utility_restoration-large-high-high-high-grid-private_fragmented-774107-always_act-event_triggered,utility_restoration,large,high,high,high,grid,private_fragmented,event_triggered,774107,always_act,40,UTL-36-zone_operator,U14,dispatch_repair_crew,no_information_action,no_communication_action,execute_autonomously,False,False,0.0,False,False,False,0.5292921429561939,0.32784282687812016,1.0,1.0,0.0,0.8485699943651781,0.866921529582213,0.015308768204750578,0.01103993809935222,0.014578831223123867,0.0,0.9846912317952494,0.7430555555555556,-0.06661996097991107,-0.005483435115539725,4,5,0.48475932860510595,0.5292921429561939,0.4452916312604229,0.48663827119102016,0.3709138111527125,0.37964394387432027
v7-pilots_iteration2-utility_restoration-large-high-high-high-grid-private_fragmented-774107-always_act-event_triggered,utility_restoration,large,high,high,high,grid,private_fragmented,event_triggered,774107,always_act,40,UTL-37-crew_dispatch,U19,dispatch_repair_crew,request_peer_evidence,send_targeted_summary,execute_autonomously,False,False,0.0,False,False,False,0.7164434603548498,0.031037316275655313,0.8145175164620313,0.5310503988699453,0.0,0.9433548309129688,0.9433289542853802,0.00019960561951060107,0.00017477499755325088,0.00015393383082717982,0.0,0.9998003943804894,0.9027777777777778,-0.030084861144348163,-0.00714329786843082,2,7,0.4358428722494359,0.7164434603548498,0.5226955397374969,0.5744177520510813,0.4814618089045925,0.38187731630584887
v7-pilots_iteration2-utility_restoration-large-high-high-high-grid-private_fragmented-774107-always_act-event_triggered,utility_restoration,large,high,high,high,grid,private_fragmented,event_triggered,774107,always_act,40,UTL-38-cyber_defense,U24,isolate_component,no_information_action,no_communication_action,execute_autonomously,True,False,0.0,False,False,False,0.6008791296552236,0.15330244884549143,0.6177064043223592,0.47546846398051706,0.0,0.8555573865093943,0.856986235261781,0.00119345371005819,0.0011006017547532387,0.000787858401168684,0.0,0.9988065462899418,0.9027777777777778,-0.10053164451553509,-0.020405873795709684,2,7,0.38321133543810015,0.6008791296552236,0.45591183368351945,0.5091056721982452,0.43292479001074946,0.34373266851565276
v7-pilots_iteration2-utility_restoration-large-high-high-high-grid-private_fragmented-774107-always_act-event_triggered,utility_restoration,large,high,high,high,grid,private_fragmented,event_triggered,774107,always_act,40,UTL-39-communications,U29,dispatch_repair_crew,no_information_action,no_communication_action,execute_autonomously,False,False,0.0,False,False,False,0.5539955565176946,0.23535679539594306,1.0,0.8457629054460702,0.0,0.8383997043892707,0.8570011369129282,0.01275600080010808,0.010946567798244766,0.00961436461148335,0.0,0.9872439991998919,0.8333333333333333,-0.1335345834634768,-0.0019573252208440195,3,6,0.4561415865230731,0.5539955565176946,0.44905654982454685,0.49806635959396817,0.39934480040409837,0.37667084150270713
v7-pilots_iteration2-utility_restoration-large-high-high-high-grid-private_fragmented-774107-always_act-event_triggered,utility_restoration,large,high,high,high,grid,private_fragmented,event_triggered,774107,always_act,40,UTL-40-resource_allocation,U27,dispatch_repair_crew,request_peer_evidence,send_targeted_summary,execute_autonomously,False,False,0.0,False,False,False,0.7061041213401953,0.06064168167636652,1.0,0.9725258823695325,0.0,0.9514640062154422,0.9540143845439858,0.0030533762368453177,0.0022413739044325753,0.0024773502263437663,0.0,0.9969466237631547,0.7916666666666666,-0.01661245064197925,-0.035852398593280266,3,5,0.5382816130243542,0.7061041213401953,0.5245823768215221,0.574639501329495,0.45489706429621535,0.4201394873102095
v7-pilots_iteration2-utility_restoration-large-high-high-high-grid-private_fragmented-774107-always_act-event_triggered,utility_restoration,large,high,high,high,grid,private_fragmented,event_triggered,774107,always_act,40,UTL-41-critical_load,U25,no_operational_action,no_information_action,no_communication_action,execute_autonomously,False,False,0.0,False,False,False,0.8345312004288636,0.20499130876348381,1.0,0.988766324721458,0.0,0.8838268169791592,0.8843299378084323,0.000482374777204031,0.0003884558128243176,0.0003530454896649715,0.0,0.999517625222796,0.875,-0.04069347845999827,-0.014020338515169706,2,6,0.5858445260789635,0.8345312004288636,0.5554445091044209,0.6057874128607638,0.5255031041801227,0.46650574516611654
v7-pilots_iteration2-utility_restoration-large-high-high-high-grid-private_fragmented-774107-always_act-event_triggered,utility_restoration,large,high,high,high,grid,private_fragmented,event_triggered,774107,always_act,40,UTL-42-zone_operator,U14,dispatch_repair_crew,no_information_action,no_communication_action,execute_autonomously,False,False,0.0,False,False,False,0.63776465983225,0.17104458058501398,0.7974832994488025,0.5063507842007636,0.0,0.9221681117208183,0.9309592410951477,0.007446348982987461,0.006238073735629013,0.004938095836461209,0.0,0.9925536510170125,0.7430555555555556,0.002124661240826664,-0.021433078630927027,4,5,0.4031641725511483,0.63776465983225,0.496072780439287,0.5453150262045016,0.4164722682406561,0.3424994423312261
v7-pilots_iteration2-utility_restoration-large-high-high-high-grid-private_fragmented-774107-always_act-event_triggered,utility_restoration,large,high,high,high,grid,private_fragmented,event_triggered,774107,always_act,40,UTL-43-crew_dispatch,U19,dispatch_repair_crew,request_peer_evidence,send_targeted_summary,execute_autonomously,False,False,0.0,False,False,False,0.7801580065298417,0.025169837472898804,1.0,1.0,0.0,0.9822603983158666,0.9829640814268719,0.0013391287854368494,0.0009989475374402312,0.0010368904205328988,0.0,0.9986608712145632,0.8333333333333333,0.08824583647638884,-0.015554907779112837,3,6,0.5700537222201463,0.7801580065298417,0.5595030824905151,0.6099106882685585,0.4943330294092002,0.4479943592685365
v7-pilots_iteration2-utility_restoration-large-high-high-high-grid-private_fragmented-774107-always_act-event_triggered,utility_restoration,large,high,high,high,grid,private_fragmented,event_triggered,774107,always_act,40,UTL-44-cyber_defense,U24,isolate_component,request_peer_evidence,send_targeted_summary,execute_autonomously,True,False,0.0,False,False,False,0.6766901529920806,0.10314420686636125,1.0,0.8140818064312718,0.0,0.9010764668939896,0.9089279256721057,0.005048485519938195,0.005596536548485909,0.0026265772200076976,0.0,0.9949515144800618,0.7430555555555556,-0.06788955456602219,-0.04149816510772153,4,5,0.4902542855608127,0.6766901529920806,0.5030130576482431,0.5604393229789224,0.43282097536778497,0.38820575498225557
v7-pilots_iteration2-utility_restoration-large-high-high-high-grid-private_fragmented-774107-always_act-event_triggered,utility_restoration,large,high,high,high,grid,private_fragmented,event_triggered,774107,always_act,40,UTL-45-communications,U29,dispatch_repair_crew,no_information_action,no_communication_action,execute_autonomously,False,False,0.0,False,False,False,0.6001660557445714,0.22423341595140484,0.8945812473153754,0.6471428086072943,0.0,0.884009624628818,0.8849967105537929,0.001002496079647086,0.0009280902754974507,0.000610325769545339,0.0,0.9989975039203529,0.9027777777777778,0.020243926239459697,-0.012564935012672973,2,7,0.4241707330189049,0.6001660557445714,0.46247232296653895,0.5136550115314041,0.43262529896827556,0.36394387789667415
v7-pilots_iteration2-utility_restoration-large-high-high-high-grid-private_fragmented-774107-always_act-event_triggered,utility_restoration,large,high,high,high,grid,private_fragmented,event_triggered,774107,always_act,40,UTL-46-resource_allocation,U27,no_operational_action,request_peer_evidence,send_targeted_summary,execute_autonomously,False,False,0.0,False,False,False,0.7243885436424422,0.06497728981667722,1.0,0.5881096233705542,0.0,0.9604361778586593,0.960928068905741,0.0010805334775321196,0.0009181868045518016,0.0007425240496443664,0.0,0.9989194665224679,0.875,-0.004568806039954687,-0.025369264643154033,2,6,0.4522384144473634,0.7243885436424422,0.5313772087901867,0.5826038609954391,0.4792431883298257,0.3881172345394345
v7-pilots_iteration2-utility_restoration-large-high-high-high-grid-private_fragmented-774107-always_act-event_triggered,utility_restoration,large,high,high,high,grid,private_fragmented,event_triggered,774107,always_act,40,UTL-47-critical_load,U25,no_operational_action,request_peer_evidence,send_targeted_summary,execute_autonomously,False,False,0.0,False,False,False,0.8893954174745774,0.07387085363030171,0.8443212059697385,0.6075990819894541,0.0,0.9545096720163395,0.9617537407242239,0.008482832223401626,0.00658696402634984,0.006179556133758313,0.0,0.9915171677765984,0.875,0.12318062175509759,0.008482832223401626,2,6,0.5130182216188253,0.8893954174745774,0.6062615501066781,0.655194583788351,0.5485460753393225,0.4500818565158932
v7-pilots_iteration2-utility_restoration-large-high-high-high-grid-private_fragmented-774107-always_act-event_triggered,utility_restoration,large,high,high,high,grid,private_fragmented,event_triggered,774107,always_act,40,UTL-48-zone_operator,U14,dispatch_repair_crew,no_information_action,no_communication_action,execute_autonomously,False,False,0.0,False,False,False,0.6596472307477214,0.19147824121950865,0.9174106534839067,0.6802454475516647,0.0,0.9459447733658993,0.9461540315697955,0.0006484602080533142,0.0004547161648462694,0.0006242944188276089,0.0,0.9993515397919467,0.9027777777777778,-0.006616234388226672,-0.007618942165385056,2,7,0.45233896586662486,0.6596472307477214,0.501252929931838,0.5508030874900164,0.45760739246959853,0.3843215060570382
v7-pilots_iteration2-utility_restoration-large-high-high-high-grid-private_fragmented-774107-always_act-event_triggered,utility_restoration,large,high,high,high,grid,private_fragmented,event_triggered,774107,always_act,40,UTL-49-crew_dispatch,U19,dispatch_repair_crew,request_peer_evidence,send_targeted_summary,execute_autonomously,False,False,0.0,False,False,False,0.7698091946516522,0.04298639147414862,0.9816541228875203,0.7733984781869044,0.0,0.9514194671025393,0.9529538553475565,0.008712825241046995,0.0063971768706078125,0.007462761278392405,0.0,0.991287174758953,0.8333333333333333,0.06627092318254868,-0.01594399919860645,3,6,0.5121507609464189,0.7698091946516522,0.5579764999737615,0.6072239899425712,0.4899865284203606,0.42485352146654043
v7-pilots_iteration2-utility_restoration-large-high-high-high-grid-private_fragmented-774107-always_act-event_triggered,utility_restoration,large,high,high,high,grid,private_fragmented,event_triggered,774107,always_act,40,UTL-50-cyber_defense,U24,isolate_component,request_peer_evidence,send_targeted_summary,execute_autonomously,True,True,-0.025406685671458516,True,False,True,0.7901336419662559,0.13530246349546987,0.49688952238195067,0.313804390773154,0.0,0.9200238471899922,0.9207580559981112,0.0007244604229106333,0.0005939230041476229,0.0004935317137245709,0.0,0.9992755395770894,0.9027777777777778,-0.04798810131078746,-0.019465095136404376,2,7,0.40875849205408404,0.7901336419662559,0.5470736631760753,0.598430322857401,0.512411685181383,0.3768966405898234
v7-pilots_iteration2-utility_restoration-large-high-high-high-grid-private_fragmented-774107-always_act-event_triggered,utility_restoration,large,high,high,high,grid,private_fragmented,event_triggered,774107,always_act,40,UTL-51-communications,U29,dispatch_repair_crew,no_information_action,no_communication_action,execute_autonomously,False,False,0.0,False,False,False,0.5334655643006466,0.27888279593865883,1.0,0.8803713411053269,0.0,0.8293551245888016,0.8350733647052435,0.004491273107604776,0.004517679461563784,0.0022238465198409774,0.0,0.9955087268923952,0.8333333333333333,-0.08747399554007085,-0.01696586542844436,3,6,0.4574674137274984,0.5334655643006466,0.42701278921810576,0.47640859166606175,0.3907222036729382,0.36715454083689136
v7-pilots_iteration2-utility_restoration-large-high-high-high-grid-private_fragmented-774107-always_act-event_triggered,utility_restoration,large,high,high,high,grid,private_fragmented,event_triggered,774107,always_act,45,UTL-00-zone_operator,U00,reconfigure_service_edge,request_peer_evidence,negotiate_commitment,execute_autonomously,True,False,0.0,False,False,False,0.7288696395719294,0.06279735467981123,0.1470752199229391,0.1632590688882617,0.0,0.9633501295142608,0.9633566759386948,1.041885005226284e-05,7.75753316661909e-06,8.169704976745962e-06,0.0,0.9999895811499477,0.9027777777777778,0.06670937120015985,-0.00040526211672198276,2,7,0.35179785398763885,0.7288696395719294,0.5323999745974102,0.5836917163352564,0.4866808041757659,0.3410452017026029
v7-pilots_iteration2-utility_restoration-large-high-high-high-grid-private_fragmented-774107-always_act-event_triggered,utility_restoration,large,high,high,high,grid,private_fragmented,event_triggered,774107,always_act,45,UTL-01-crew_dispatch,U05,dispatch_repair_crew,no_information_action,negotiate_commitment,execute_autonomously,False,False,0.0,False,False,False,0.5355089524971515,0.20813875257331715,0.4749421244573575,0.08866608046316837,0.0,0.7984979290172445,0.8115565130632384,0.005242154155904122,0.004552761683103146,0.004576101273929267,0.0,0.9947578458440959,0.9027777777777778,-0.10888302968043084,0.004907491114514384,2,7,0.2681529031601919,0.5355089524971515,0.4211670790714375,0.4717861749966458,0.40546931560435917,0.28692723866993913
v7-pilots_iteration2-utility_restoration-large-high-high-high-grid-private_fragmented-774107-always_act-event_triggered,utility_restoration,large,high,high,high,grid,private_fragmented,event_triggered,774107,always_act,45,UTL-02-cyber_defense,U10,isolate_component,no_information_action,no_communication_action,execute_autonomously,True,True,-0.0405,True,False,True,0.8887915924421175,0.16815992021386528,1.0,0.9422336091515822,0.0,0.8637919058302265,0.8628147174480564,0.0004978011692122752,0.000542939530797093,0.0002227275035652232,0.0,0.9995021988307877,0.8333333333333333,-0.07561060019833821,-0.004017493996378851,3,6,0.5931252076266997,0.8887915924421175,0.5721615350713007,0.6229383929787551,0.539959135492356,0.4706838727369249
v7-pilots_iteration2-utility_restoration-large-high-high-high-grid-private_fragmented-774107-always_act-event_triggered,utility_restoration,large,high,high,high,grid,private_fragmented,event_triggered,774107,always_act,45,UTL-03-communications,U15,dispatch_repair_crew,no_information_action,negotiate_commitment,execute_autonomously,False,False,0.0,False,False,False,0.6029900152172931,0.2467003176120413,0.8566320282979225,0.5921164410319877,0.0,0.9131990055731396,0.9138193314001106,0.0007391723757020907,0.0005763036715692449,0.0005915816909001226,0.0,0.9992608276242979,0.8333333333333333,-0.0021378013746067293,-0.01063658630749953,3,6,0.41192455102155673,0.6029900152172931,0.4705305988061851,0.5186065536469169,0.41992247305792973,0.3489072376452371
v7-pilots_iteration2-utility_restoration-large-high-high-high-grid-private_fragmented-774107-always_act-event_triggered,utility_restoration,large,high,high,high,grid,private_fragmented,event_triggered,774107,always_act,45,UTL-04-resource_allocation,U04,reconfigure_service_edge,request_peer_evidence,negotiate_commitment,execute_autonomously,True,False,0.0,False,False,False,0.7260476523866298,0.09037664212390673,0.8482353038324087,0.5799411905569927,0.0,0.9650819234407696,0.9652685475298715,0.0004911738884036954,0.0003687943033116037,0.0003952495660053401,0.0,0.9995088261115963,0.7916666666666666,-0.007293280090449605,-0.0067494755493785474,3,5,0.4508420875451324,0.7260476523866298,0.5323771852586094,0.5834038759833777,0.46327334733571784,0.3762552333065132
v7-pilots_iteration2-utility_restoration-large-high-high-high-grid-private_fragmented-774107-always_act-event_triggered,utility_restoration,large,high,high,high,grid,private_fragmented,event_triggered,774107,always_act,45,UTL-05-critical_load,U02,no_operational_action,request_peer_evidence,send_targeted_summary,execute_autonomously,False,False,0.0,False,False,False,0.9275088393615591,0.033416514756560434,0.9883843237345199,0.8164906027483871,0.0,0.90825317036639,0.9122174623647711,0.0031623495357631093,0.0025829766728295844,0.0024473430673853658,0.0,0.9968376504642369,0.7916666666666666,0.0179908690077617,0.0014396801598075548,3,5,0.5761107500425431,0.9275088393615591,0.6024941176862895,0.6553448337510153,0.5478870458651881,0.4646598507401601
v7-pilots_iteration2-utility_restoration-large-high-high-high-grid-private_fragmented-774107-always_act-event_triggered,utility_restoration,large,high,high,high,grid,private_fragmented,event_triggered,774107,always_act,45,UTL-06-zone_operator,U00,reconfigure_service_edge,request_peer_evidence,negotiate_commitment,execute_autonomously,True,False,0.0,False,False,False,0.6761420075457479,0.01692640427028058,0.19356656622615775,0.23067152102792876,0.0,0.8639599314880678,0.8713364029588294,0.0027718739349368304,0.0028164153760837918,0.001377743225523198,0.0,0.9972281260650632,0.8333333333333333,-0.05621974341658953,0.0015999696343917957,3,6,0.35004944761225726,0.6761420075457479,0.49032740939922764,0.5462184828004718,0.45064630983588083,0.32897033463213476
v7-pilots_iteration2-utility_restoration-large-high-high-high-grid-private_fragmented-774107-always_act-event_triggered,utility_restoration,large,high,high,high,grid,private_fragmented,event_triggered,774107,always_act,45,UTL-07-crew_dispatch,U05,dispatch_repair_crew,request_peer_evidence,negotiate_commitment,execute_autonomously,False,False,0.0,False,False,False,0.6719229628510948,0.13893274976494435,0.8607580070500819,0.6480991102226187,0.0,0.9347794024981664,0.9400521347181818,0.005977705261114297,0.00436886407975956,0.0051428227042098484,0.0,0.9940222947388857,0.8333333333333333,-0.0011862380936905614,-0.0004903684804529185,3,6,0.44879759382280077,0.6719229628510948,0.5108328231305395,0.5605084849271168,0.44887431106412645,0.37985252539160974
v7-pilots_iteration2-utility_restoration-large-high-high-high-grid-private_fragmented-774107-always_act-event_triggered,utility_restoration,large,high,high,high,grid,private_fragmented,event_triggered,774107,always_act,45,UTL-08-cyber_defense,U10,no_operational_action,no_information_action,no_communication_action,execute_autonomously,False,False,0.0,False,False,False,0.8673026715161326,0.19367957715108453,0.8588931446347163,0.6203950597203386,0.0,0.9051226764942892,0.9095469406841212,0.0029967080745376684,0.0018666461005035773,0.003374473340500894,0.0,0.9970032919254623,0.8333333333333333,0.07407112649655112,0.0005649338530060444,3,6,0.5085777226483663,0.8673026715161326,0.5773971290343781,0.6257329908882301,0.5309337887034423,0.42913186073461057
v7-pilots_iteration2-utility_restoration-large-high-high-high-grid-private_fragmented-774107-always_act-event_triggered,utility_restoration,large,high,high,high,grid,private_fragmented,event_triggered,774107,always_act,45,UTL-09-communications,U15,isolate_component,request_peer_evidence,negotiate_commitment,execute_autonomously,True,False,0.0,False,False,False,0.6502503052201247,0.07523403514654786,1.0,0.8273722522932407,0.0,0.8892528456920354,0.8900124116382786,0.0007042440436254571,0.000545708240363485,0.0005558592647785243,0.0,0.9992957559563745,0.8333333333333333,-0.03349460259177661,-0.008482390749661395,3,6,0.4844544443252202,0.6502503052201247,0.4833992751721344,0.5358526961566534,0.439771794859119,0.39033513880982074
v7-pilots_iteration2-utility_restoration-large-high-high-high-grid-private_fragmented-774107-always_act-event_triggered,utility_restoration,large,high,high,high,grid,private_fragmented,event_triggered,774107,always_act,45,UTL-10-resource_allocation,U04,no_operational_action,request_peer_evidence,send_targeted_summary,execute_autonomously,False,False,0.0,False,False,False,0.6649977494932133,0.02534745901692681,1.0,0.9622144135025444,0.0,0.8679603185900447,0.8939063919377044,0.019701417844208424,0.01763927412436439,0.012122965951861575,0.0,0.9802985821557916,0.6875,-0.004455126347465033,0.016170703481539928,4,4,0.5218306940683033,0.6649977494932133,0.5105711644266884,0.5639173604284848,0.4167990547871496,0.4211940231472364
v7-pilots_iteration2-utility_restoration-large-high-high-high-grid-private_fragmented-774107-always_act-event_triggered,utility_restoration,large,high,high,high,grid,private_fragmented,event_triggered,774107,always_act,45,UTL-11-critical_load,U02,no_operational_action,request_peer_evidence,send_targeted_summary,execute_autonomously,False,False,0.0,False,False,False,0.7095117084714774,0.010579926113515215,0.8396477385479577,0.600822554227872,0.0,0.8936674251649158,0.9201717468254552,0.02685582535534703,0.022801496976575852,0.017625380513424438,0.0,0.973144174644653,0.6875,-0.02872980393775859,-0.00899125227401154,4,4,0.4502313938949916,0.7095117084714774,0.5448196951773057,0.5962787697061841,0.4354949175580205,0.3838115742992265
v7-pilots_iteration2-utility_restoration-large-high-high-high-grid-private_fragmented-774107-always_act-event_triggered,utility_restoration,large,high,high,high,grid,private_fragmented,event_triggered,774107,always_act,45,UTL-12-zone_operator,U00,reconfigure_service_edge,no_information_action,negotiate_commitment,execute_autonomously,True,False,0.0,False,False,False,0.6639767540333132,0.1526543448203591,0.36748301828507657,0.48285037651336105,0.0,0.9405603454539228,0.9439209695166367,0.008098370885359363,0.006451228786187979,0.0057942463472604455,0.0,0.9919016291146406,0.7430555555555556,-0.022886545229821698,-0.0067497939701363086,4,5,0.4064361867345332,0.6639767540333132,0.5120685072163091,0.5608044223242192,0.4274813478051026,0.34769881193155894
v7-pilots_iteration2-utility_restoration-large-high-high-high-grid-private_fragmented-774107-always_act-event_triggered,utility_restoration,large,high,high,high,grid,private_fragmented,event_triggered,774107,always_act,45,UTL-13-crew_dispatch,U05,dispatch_repair_crew,request_peer_evidence,negotiate_commitment,execute_autonomously,False,False,0.0,False,False,False,0.6589521437607209,0.04731448643103986,0.5905481600585651,0.25629483208491943,0.0,0.8654556365165815,0.865627808951143,0.00016715178509052464,0.00016088246374446058,0.00010136855103937137,0.0,0.9998328482149095,0.7430555555555556,-0.008679223211130349,-0.002070365243638239,4,5,0.3503544885790258,0.6589521437607209,0.48017877913256046,0.5358273537529621,0.42537101149061385,0.3120069288591679
v7-pilots_iteration2-utility_restoration-large-high-high-high-grid-private_fragmented-774107-always_act-event_triggered,utility_restoration,large,high,high,high,grid,private_fragmented,event_triggered,774107,always_act,45,UTL-14-cyber_defense,U10,restore_communication_relay,no_information_action,no_communication_action,execute_autonomously,True,True,-0.03511589849268572,True,False,True,0.8429025649892115,0.19402819463366372,0.8205299497561906,0.5647684271464763,0.0,0.9298272236122517,0.9298702674476803,9.714557929463297e-05,6.945033781868837e-05,9.374629232383747e-05,0.0,0.9999028544207054,0.8333333333333333,0.09586958158875714,-0.0028651068260149293,3,6,0.48693129461148627,0.8429025649892115,0.56975383570976,0.620448705700234,0.5206857439621354,0.412212920557485
v7-pilots_iteration2-utility_restoration-large-high-high-high-grid-private_fragmented-774107-always_act-event_triggered,utility_restoration,large,high,high,high,grid,private_fragmented,event_triggered,774107,always_act,45,UTL-15-communications,U15,dispatch_repair_crew,no_information_action,negotiate_commitment,execute_autonomously,False,False,0.0,False,False,False,0.6123541373780915,0.15208380459816023,1.0,0.8882247835881836,0.0,0.8812241789975909,0.8906646464703645,0.011064266886353424,0.009915355925428693,0.006494053210707285,0.0,0.9889357331136466,0.8333333333333333,-0.010009231288569564,-0.004126243885864023,3,6,0.4861743547697152,0.6123541373780915,0.4807376733415291,0.531731967969493,0.4238554043654651,0.39593059236457556
v7-pilots_iteration2-utility_restoration-large-high-high-high-grid-private_fragmented-774107-always_act-event_triggered,utility_restoration,large,high,high,high,grid,private_fragmented,event_triggered,774107,always_act,45,UTL-16-resource_allocation,U04,no_operational_action,request_peer_evidence,send_targeted_summary,execute_autonomously,False,False,0.0,False,False,False,0.666713692290205,0.10848229888007557,1.0,0.8722436473353549,0.0,0.8943330955499043,0.8952132262076596,0.0010049231234149358,0.0011675676150599834,0.0005061713720799776,0.0,0.9989950768765851,0.7916666666666666,-0.016744574997807127,-0.011085209928358264,3,5,0.500821130739155,0.666713692290205,0.491675643176339,0.5483111484057065,0.43835308409521945,0.3951546546019147
v7-pilots_iteration2-utility_restoration-large-high-high-high-grid-private_fragmented-774107-always_act-event_triggered,utility_restoration,large,high,high,high,grid,private_fragmented,event_triggered,774107,always_act,45,UTL-17-critical_load,U02,no_operational_action,request_peer_evidence,send_targeted_summary,execute_autonomously,False,False,0.0,False,False,False,0.8896254775371121,0.11142885559013335,0.8947465180034282,0.6807157844383043,0.0,0.9578917006616392,0.9617502846747461,0.0053925059003340214,0.003801884267239375,0.00470376757933455,0.0,0.994607494099666,0.7916666666666666,0.08243377041178013,0.004474574788371322,3,5,0.5306444506278112,0.8896254775371121,0.6028726244407222,0.6515877192646817,0.5319760338989203,0.44233844743931855
v7-pilots_iteration2-utility_restoration-large-high-high-high-grid-private_fragmented-774107-always_act-event_triggered,utility_restoration,large,high,high,high,grid,private_fragmented,event_triggered,774107,always_act,45,UTL-18-zone_operator,U00,reconfigure_service_edge,request_peer_evidence,negotiate_commitment,execute_autonomously,True,False,0.0,False,False,False,0.6514496042121014,0.12333057987230062,0.5042087559637479,0.6811026961474345,0.0,0.8744860162860613,0.8884288540644296,0.008483844876113866,0.0070792709028785206,0.005963631620988341,0.0,0.9915161551238861,0.7430555555555556,0.03159331390936926,-0.004698805142395068,4,5,0.4497575125074988,0.6514496042121014,0.4910787285829153,0.5453870979858693,0.42221994488019365,0.36834449617017134
v7-pilots_iteration2-utility_restoration-large-high-high-high-grid-private_fragmented-774107-always_act-event_triggered,utility_restoration,large,high,high,high,grid,private_fragmented,event_triggered,774107,always_act,45,UTL-19-crew_dispatch,U05,dispatch_repair_crew,request_peer_evidence,negotiate_commitment,execute_autonomously,False,False,0.0,False,False,False,0.6876999244537532,0.09896355384234687,0.9916191156963436,0.8378477177596981,0.0,0.9348696609728434,0.9508233368136105,0.016876337778794603,0.013879754551783918,0.011538648408335628,0.0,0.9831236622212054,0.7430555555555556,0.004149965854505999,0.011296831253602813,4,5,0.49970142657660366,0.6876999244537532,0.5324242579150246,0.5817002931323896,0.4374450793816874,0.41370592475085616
v7-pilots_iteration2-utility_restoration-large-high-high-high-grid-private_fragmented-774107-always_act-event_triggered,utility_restoration,large,high,high,high,grid,private_fragmented,event_triggered,774107,always_act,45,UTL-20-cyber_defense,U10,no_operational_action,request_peer_evidence,send_targeted_summary,execute_autonomously,False,False,0.0,False,False,False,0.7951064383150648,0.03637421138921465,1.0,0.9723771512215993,0.0,0.9138693235318741,0.9245439174869698,0.007311254700194558,0.006755083985122812,0.004382678108414195,0.0,0.9926887452998054,0.7430555555555556,-0.03706616018660325,-0.015044273041720513,4,5,0.5685067053203059,0.7951064383150648,0.5567456627892668,0.612492968129755,0.48255581520343827,0.44229638322208203
v7-pilots_iteration2-utility_restoration-large-high-high-high-grid-private_fragmented-774107-always_act-event_triggered,utility_restoration,large,high,high,high,grid,private_fragmented,event_triggered,774107,always_act,45,UTL-21-communications,U15,dispatch_repair_crew,request_peer_evidence,send_targeted_summary,execute_autonomously,False,False,0.0,False,False,False,0.7092953967327129,0.12059481323062102,0.9600952525379419,0.7421381161800158,0.0,0.962433259452558,0.9628078863750182,0.0007397194022771281,0.0005700421620723484,0.000578549769161496,0.0,0.9992602805977229,0.7430555555555556,0.08141208188977811,-0.029665038979882485,4,5,0.4840735827723262,0.7092953967327129,0.5253620807194127,0.5761058337176126,0.4465151777388505,0.3849341214724536
v7-pilots_iteration2-utility_restoration-large-high-high-high-grid-private_fragmented-774107-always_act-event_triggered,utility_restoration,large,high,high,high,grid,private_fragmented,event_triggered,774107,always_act,45,UTL-22-resource_allocation,U04,no_operational_action,request_peer_evidence,send_targeted_summary,execute_autonomously,False,False,0.0,False,False,False,0.6684511605166098,0.10517982277100643,1.0,0.8111547072669582,0.0,0.9309827322424984,0.9359115275689274,0.003651845571909007,0.003033165202392274,0.0024183336711238734,0.0,0.996348154428091,0.7916666666666666,-0.028047012189334364,0.003064518524737103,3,5,0.4867505243197173,0.6684511605166098,0.505238731067941,0.5557060253912819,0.4390828207503094,0.39308680364022636
v7-pilots_iteration2-utility_restoration-large-high-high-high-grid-private_fragmented-774107-always_act-event_triggered,utility_restoration,large,high,high,high,grid,private_fragmented,event_triggered,774107,always_act,45,UTL-23-critical_load,U02,no_operational_action,request_peer_evidence,send_targeted_summary,execute_autonomously,False,False,0.0,False,False,False,0.7354977522866972,0.021152564055013423,1.0,0.8708010667360622,0.0,0.927210651630668,0.9354874113068893,0.007543388999327383,0.00622982986042353,0.005278497232235835,0.0,0.9924566110006726,0.7916666666666666,0.01172953799000187,0.00019021832376531211,3,5,0.523861491794132,0.7354977522866972,0.5365625084214042,0.5884670206862073,0.4672423892937462,0.42024989906468146
v7-pilots_iteration2-utility_restoration-large-high-high-high-grid-private_fragmented-774107-always_act-event_triggered,utility_restoration,large,high,high,high,grid,private_fragmented,event_triggered,774107,always_act,45,UTL-24-zone_operator,U00,reconfigure_service_edge,no_information_action,no_communication_action,execute_autonomously,True,False,0.0,False,False,False,0.603615029170208,0.2212329772462504,0.13398164034411492,0.14427337849896665,0.0,0.8882015278688372,0.889800101105496,0.004245443223782508,0.003298537413093716,0.0032418101914183373,0.0,0.9957545567762175,0.7430555555555556,-0.0663973877827384,0.0005674482962311211,4,5,0.30465472075762273,0.603615029170208,0.469440014148588,0.5193872191332578,0.4021294233625985,0.2872402355860528
v7-pilots_iteration2-utility_restoration-large-high-high-high-grid-private_fragmented-774107-always_act-event_triggered,utility_restoration,large,high,high,high,grid,private_fragmented,event_triggered,774107,always_act,45,UTL-25-crew_dispatch,U05,dispatch_repair_crew,no_information_action,no_communication_action,execute_autonomously,False,False,0.0,False,False,False,0.5781594705241077,0.2883823118006974,0.6914182322672129,0.40255643678745867,0.0,0.8942938731667066,0.8943752850927077,8.43547064052208e-05,6.502960297571914e-05,6.953445730129015e-05,0.0,0.9999156452935948,0.7430555555555556,-0.06929813779594318,-0.0008456556518080527,4,5,0.35798776480718675,0.5781594705241077,0.45495535309028706,0.5025202235191522,0.3914380887312363,0.3068671508034936
v7-pilots_iteration2-utility_restoration-large-high-high-high-grid-private_fragmented-774107-always_act-event_triggered,utility_restoration,large,high,high,high,grid,private_fragmented,event_triggered,774107,always_act,45,UTL-26-cyber_defense,U10,restore_communication_relay,no_information_action,no_communication_action,execute_autonomously,True,False,0.0,False,False,False,0.8423427822088921,0.32564864185316855,0.9603925462007497,0.7675691919910869,0.0,0.7873798772280649,0.790400592398825,0.0024395342152262467,0.002433714499404438,0.0016574389418907431,0.0,0.9975604657847738,0.6444444444444444,-0.1478338259190033,-0.013719978896148066,5,4,0.5354131520288843,0.8423427822088921,0.5371974300918898,0.5868533287717222,0.4826728574166236,0.4139802437071438
v7-pilots_iteration2-utility_restoration-large-high-high-high-grid-private_fragmented-774107-always_act-event_triggered,utility_restoration,large,high,high,high,grid,private_fragmented,event_triggered,774107,always_act,45,UTL-27-communications,U15,dispatch_repair_crew,no_information_action,no_communication_action,execute_autonomously,False,False,0.0,False,False,False,0.6259842506482771,0.1918448643111902,1.0,0.8411385571409783,0.0,0.918076320993798,0.9192363062524994,0.00443659891431325,0.0033710884496253035,0.003439084095519962,0.0,0.9955634010856867,0.6444444444444444,0.005016481829797637,-3.558091703093069e-05,5,4,0.479507898934249,0.6259842506482771,0.4861240189877989,0.5346943445895043,0.39180227416116525,0.3640321101364455
v7-pilots_iteration2-utility_restoration-large-high-high-high-grid-private_fragmented-774107-always_act-event_triggered,utility_restoration,large,high,high,high,grid,private_fragmented,event_triggered,774107,always_act,45,UTL-28-resource_allocation,U04,no_operational_action,no_information_action,no_communication_action,execute_autonomously,False,False,0.0,False,False,False,0.5973460939710558,0.1465407440797793,0.7135065696682432,0.3845845260189527,0.0,0.8588786363527298,0.8689639275667527,0.005121545426245766,0.004354944756689072,0.0035247636488340284,0.0,0.9948784545737542,0.6875,-0.010976888428287146,0.0009246608169103387,4,4,0.3601979581947076,0.5973460939710558,0.4608282602733488,0.5120429374200217,0.3883853594678434,0.3080972266171578
v7-pilots_iteration2-utility_restoration-large-high-high-high-grid-private_fragmented-774107-always_act-event_triggered,utility_restoration,large,high,high,high,grid,private_fragmented,event_triggered,774107,always_act,45,UTL-29-critical_load,U02,no_operational_action,request_peer_evidence,send_targeted_summary,execute_autonomously,False,False,0.0,False,False,False,0.8540819890674742,0.105290740629576,0.9166776045661995,0.7125158599543227,0.0,0.9585102586761484,0.9621466582089242,0.006419370597098961,0.005248558180331653,0.004392350289788571,0.0,0.993580629402901,0.6875,0.01079729903382054,-0.011685267122971243,4,4,0.5261916826719788,0.8540819890674742,0.5902474791319653,0.6398606466818275,0.49621443540833915,0.4197111155601807
v7-pilots_iteration2-utility_restoration-large-high-high-high-grid-private_fragmented-774107-always_act-event_triggered,utility_restoration,large,high,high,high,grid,private_fragmented,event_triggered,774107,always_act,45,UTL-30-zone_operator,U00,reconfigure_service_edge,no_information_action,no_communication_action,execute_autonomously,True,False,0.0,False,False,False,0.6580526174528956,0.15504384752381759,0.2789039032339754,0.3544106596892643,0.0,0.9187369860261128,0.9202751635559606,0.005192004227874802,0.004394537857349778,0.0036104242331826963,0.0,0.9948079957721252,0.8333333333333333,0.03600542824085751,-0.0037289086046955466,3,6,0.3735964482594079,0.6580526174528956,0.5001740994067111,0.5518056574742095,0.4430487659968828,0.3397689478009791
v7-pilots_iteration2-utility_restoration-large-high-high-high-grid-private_fragmented-774107-always_act-event_triggered,utility_restoration,large,high,high,high,grid,private_fragmented,event_triggered,774107,always_act,45,UTL-31-crew_dispatch,U05,dispatch_repair_crew,request_peer_evidence,send_targeted_summary,execute_autonomously,False,True,0.0,False,False,False,0.7371840278011386,0.036428669889871756,0.6319808215684509,0.31637219127425387,0.0,0.9613823481633357,0.9616067516404456,0.0003267261775528052,0.000252169824380033,0.00023968841619903536,0.0,0.9996732738224472,0.8333333333333333,0.034169412093495555,-0.005798727742691523,3,6,0.39137189535820804,0.7371840278011386,0.5356766148098633,0.5870314647185988,0.47628395834314485,0.353002786819895
v7-pilots_iteration2-utility_restoration-large-high-high-high-grid-private_fragmented-774107-always_act-event_triggered,utility_restoration,large,high,high,high,grid,private_fragmented,event_triggered,774107,always_act,45,UTL-32-cyber_defense,U10,no_operational_action,request_peer_evidence,send_targeted_summary,execute_autonomously,False,False,0.0,False,False,False,0.8597751627286211,0.05923146820810815,0.8770516402829457,0.6467248784102712,0.0,0.9429260769843285,0.9399588935340113,0.0028516194648372517,0.002497979603659717,0.001939735428478695,0.0,0.9971483805351627,0.8333333333333333,0.02938464226795323,0.0015124602306599844,3,6,0.5123375261461962,0.8597751627286211,0.5836338515883027,0.6345654732491934,0.5277722350126876,0.4304383348029529
v7-pilots_iteration2-utility_restoration-large-high-high-high-grid-private_fragmented-774107-always_act-event_triggered,utility_restoration,large,high,high,high,grid,private_fragmented,event_triggered,774107,always_act,45,UTL-33-communications,U15,dispatch_repair_crew,request_peer_evidence,send_targeted_summary,execute_autonomously,False,True,0.0,False,False,False,0.707902735744198,0.0633749206479598,0.9072958638698967,0.6655790026113502,0.0,0.9447592131977728,0.9448857117458186,0.00032725672184585886,0.00026858599672618944,0.0002410859040711255,0.0,0.9996727432781541,0.8333333333333333,0.02113995927824508,-0.005302626288118506,3,6,0.46522589077975146,0.707902735744198,0.5198090570077066,0.5715800337504369,0.4639858156792298,0.38671261515570915
v7-pilots_iteration2-utility_restoration-large-high-high-high-grid-private_fragmented-774107-always_act-event_triggered,utility_restoration,large,high,high,high,grid,private_fragmented,event_triggered,774107,always_act,45,UTL-34-resource_allocation,U04,no_operational_action,request_peer_evidence,send_targeted_summary,execute_autonomously,False,False,0.0,False,False,False,0.6543156431146528,0.13965497995822435,0.9220167257826505,0.6869242523848432,0.0,0.9052806218928062,0.9063516661910854,0.001216648558212463,0.001088338908004416,0.0007503847205148073,0.0,0.9987833514417875,0.6875,0.01300313935549946,-0.020263928205704107,4,4,0.4521291392313444,0.6543156431146528,0.4897497207005601,0.5429802457489734,0.4123125701081542,0.3560779285622102
v7-pilots_iteration2-utility_restoration-large-high-high-high-grid-private_fragmented-774107-always_act-event_triggered,utility_restoration,large,high,high,high,grid,private_fragmented,event_triggered,774107,always_act,45,UTL-35-critical_load,U02,no_operational_action,no_information_action,no_communication_action,execute_autonomously,False,False,0.0,False,False,False,0.835551454230341,0.20761227232149482,0.8539225725217514,0.6215210634898729,0.0,0.8579642189406221,0.8858154536032591,0.02093647415067057,0.016962394142775117,0.01675588651101534,0.0,0.9790635258493294,0.6875,-0.021769785874504954,0.009406239642738234,4,4,0.49805254967588547,0.835551454230341,0.5780227002382308,0.6268856110174856,0.48843161077674324,0.4248898693115432
v7-pilots_iteration2-utility_restoration-large-high-high-high-grid-private_fragmented-774107-always_act-event_triggered,utility_restoration,large,high,high,high,grid,private_fragmented,event_triggered,774107,always_act,45,UTL-36-zone_operator,U00,reconfigure_service_edge,no_information_action,no_communication_action,execute_autonomously,True,False,0.0,False,False,False,0.5660723713454257,0.19777447648028246,0.33939173122496014,0.4421180102761922,0.0,0.8431832285533277,0.8561421723622221,0.009681575456787272,0.00794768927196976,0.007183408835442107,0.0,0.9903184245432127,0.7430555555555556,-0.004901331161292766,0.0027260174651481117,4,5,0.3633729287237309,0.5660723713454257,0.45077896131600437,0.4996875673407287,0.3863615070761899,0.31912362507703323
v7-pilots_iteration2-utility_restoration-large-high-high-high-grid-private_fragmented-774107-always_act-event_triggered,utility_restoration,large,high,high,high,grid,private_fragmented,event_triggered,774107,always_act,45,UTL-37-crew_dispatch,U05,dispatch_repair_crew,no_information_action,no_communication_action,execute_autonomously,False,False,0.0,False,False,False,0.6299767294199357,0.16568994896308514,0.9567653614671211,0.7873097741273256,0.0,0.899283983122345,0.9269013159734435,0.02717116242494122,0.023646612421935886,0.018432571192078973,0.0,0.9728288375750588,0.7430555555555556,0.07264528600140463,0.016818053954900436,4,5,0.4679464337933363,0.6299767294199357,0.5148513149434782,0.5646648608966447,0.4132013374674841,0.40520406172274054
v7-pilots_iteration2-utility_restoration-large-high-high-high-grid-private_fragmented-774107-always_act-event_triggered,utility_restoration,large,high,high,high,grid,private_fragmented,event_triggered,774107,always_act,45,UTL-38-cyber_defense,U10,isolate_component,request_peer_evidence,send_targeted_summary,execute_autonomously,True,False,0.0,False,False,False,0.69055627032958,0.008992399469537116,0.829325156338001,0.5775214766901013,0.0,0.8933877842211939,0.904506947843729,0.0069767090609518245,0.0056825540824396725,0.005041060678328102,0.0,0.9930232909390482,0.8333333333333333,0.018725166796793258,-0.003762303521276378,3,6,0.4381942863176816,0.69055627032958,0.5093368468724631,0.5606758334095279,0.4567003002050902,0.3772737960684876
v7-pilots_iteration2-utility_restoration-large-high-high-high-grid-private_fragmented-774107-always_act-event_triggered,utility_restoration,large,high,high,high,grid,private_fragmented,event_triggered,774107,always_act,45,UTL-39-communications,U15,dispatch_repair_crew,no_information_action,no_communication_action,execute_autonomously,False,False,0.0,False,False,False,0.5820327451152912,0.20737699626259848,0.8992610958476508,0.6539285889790936,0.0,0.8751854550488716,0.875282880754956,0.00010847272620095882,8.646772920595236e-05,8.487525945188867e-05,0.0,0.999891527273799,0.8333333333333333,-0.036449001261677605,-0.0018786330984892352,3,6,0.4196339946941815,0.5820327451152912,0.45176132362501575,0.501178868987519,0.41112041961508894,0.349873685883589
v7-pilots_iteration2-utility_restoration-large-high-high-high-grid-private_fragmented-774107-always_act-event_triggered,utility_restoration,large,high,high,high,grid,private_fragmented,event_triggered,774107,always_act,45,UTL-40-resource_allocation,U04,no_operational_action,request_peer_evidence,send_targeted_summary,execute_autonomously,False,False,0.0,False,False,False,0.6682901838522949,0.12376372436748467,1.0,0.8227603704531226,0.0,0.9134423048485912,0.9210359090485147,0.008117177843348533,0.007311015486486605,0.004665709992184408,0.0,0.9918828221566515,0.7916666666666666,0.011938588938502193,0.0014302586407275442,3,5,0.4894811514185297,0.6682901838522949,0.5070406987337538,0.5597306837097709,0.43901521055129716,0.39688856364721414
v7-pilots_iteration2-utility_restoration-large-high-high-high-grid-private_fragmented-774107-always_act-event_triggered,utility_restoration,large,high,high,high,grid,private_fragmented,event_triggered,774107,always_act,45,UTL-41-critical_load,U02,no_operational_action,request_peer_evidence,send_targeted_summary,execute_autonomously,False,False,0.0,False,False,False,0.9082506685115522,0.08241326259576787,0.9258776653915004,0.725855948151009,0.0,0.9276830823139702,0.9469918132696912,0.022721922619534318,0.01838750150972268,0.015562137494707584,0.0,0.9772780773804657,0.7916666666666666,0.014020874850010023,0.021646676637429918,3,5,0.54781065485017,0.9082506685115522,0.6270317296504615,0.6755362486021249,0.5397986141081852,0.48176466860142053
v7-pilots_iteration2-utility_restoration-large-high-high-high-grid-private_fragmented-774107-always_act-event_triggered,utility_restoration,large,high,high,high,grid,private_fragmented,event_triggered,774107,always_act,45,UTL-42-zone_operator,U00,reconfigure_service_edge,request_peer_evidence,send_targeted_summary,execute_autonomously,True,False,0.0,False,False,False,0.7572773356212485,0.046745900018306114,0.5011949841043749,0.6767327269513436,0.0,0.9758305174010768,0.9761797160163885,0.013424205498319908,0.011000852547477957,0.00935611034526429,0.0,0.9865757945016801,0.7430555555555556,0.058319060824673974,0.006370529338184605,4,5,0.484690148579547,0.7572773356212485,0.5656624512964166,0.6143663697375777,0.46666759207203545,0.40691139168322626
v7-pilots_iteration2-utility_restoration-large-high-high-high-grid-private_fragmented-774107-always_act-event_triggered,utility_restoration,large,high,high,high,grid,private_fragmented,event_triggered,774107,always_act,45,UTL-43-crew_dispatch,U05,dispatch_repair_crew,request_peer_evidence,send_targeted_summary,execute_autonomously,False,False,0.0,False,False,False,0.7114544236219356,0.024092561638523247,0.45125406738620993,0.05431839771000441,0.0,0.8995636419794856,0.9001129356800129,0.0004097043021089597,0.000405103317845934,0.0002218247104752713,0.0,0.999590295697891,0.7430555555555556,-0.0014223519911376048,-0.010421785077473822,4,5,0.31973091948185917,0.7114544236219356,0.5100462659665982,0.5657932345509225,0.447421969032324,0.3026763984259746
v7-pilots_iteration2-utility_restoration-large-high-high-high-grid-private_fragmented-774107-always_act-event_triggered,utility_restoration,large,high,high,high,grid,private_fragmented,event_triggered,774107,always_act,45,UTL-44-cyber_defense,U10,no_operational_action,no_information_action,no_communication_action,execute_autonomously,False,False,0.0,False,False,False,0.823312363697986,0.3973212201576963,0.9220147329130839,0.7119213627239716,0.0,0.7164807014638117,0.7181148624298012,0.00111036106437723,0.000912047916102221,0.0010943737584175883,0.0,0.9988896389356228,0.7430555555555556,-0.2639562972375712,-0.004090720579719154,4,5,0.5155873307110684,0.823312363697986,0.5099996263352755,0.5535462200063082,0.4944023038642652,0.4136637409628825
v7-pilots_iteration2-utility_restoration-large-high-high-high-grid-private_fragmented-774107-always_act-event_triggered,utility_restoration,large,high,high,high,grid,private_fragmented,event_triggered,774107,always_act,45,UTL-45-communications,U15,no_operational_action,no_information_action,no_communication_action,execute_autonomously,False,False,0.0,False,False,False,0.6501191159045956,0.14873363094974823,1.0,0.9351104779225097,0.0,0.9239630113146521,0.9244984412746836,0.0005793573591921231,0.00043522852821142877,0.00047287834559339714,0.0,0.9994206426408079,0.7430555555555556,0.008969822852741505,-0.007293518576646507,4,5,0.5102670141089649,0.6501191159045956,0.49184949949337026,0.5425751050389762,0.42166113979104125,0.39137975283675747
v7-pilots_iteration2-utility_restoration-large-high-high-high-grid-private_fragmented-774107-always_act-event_triggered,utility_restoration,large,high,high,high,grid,private_fragmented,event_triggered,774107,always_act,45,UTL-46-resource_allocation,U04,no_operational_action,request_peer_evidence,send_targeted_summary,execute_autonomously,False,False,0.0,False,False,False,0.7124989256516823,0.02231060009696001,1.0,0.8507959211251044,0.0,0.9193799160111432,0.9266281733955152,0.005140480951335791,0.004544183698804383,0.0030451793167385333,0.0,0.9948595190486642,0.875,-0.03145853623732342,0.004712361695207501,2,6,0.511240655791597,0.7124989256516823,0.5220412225953288,0.5751773012752941,0.4742495487737065,0.42355199106356917
v7-pilots_iteration2-utility_restoration-large-high-high-high-grid-private_fragmented-774107-always_act-event_triggered,utility_restoration,large,high,high,high,grid,private_fragmented,event_triggered,774107,always_act,45,UTL-47-critical_load,U02,no_operational_action,no_information_action,no_communication_action,execute_autonomously,False,False,0.0,False,False,False,0.8942407640315032,0.1473290723368073,0.9407556400526801,0.7474290114097195,0.0,0.8988486016518371,0.8989039664834632,6.881596006158563e-05,5.962997683595095e-05,4.78642474266433e-05,0.0,0.9999311840399384,0.875,0.054081175579495766,-0.001033475892403657,2,6,0.5482248225090438,0.8942407640315032,0.5825047983696467,0.6344445525422325,0.5505811208932313,0.453890763495125
v7-pilots_iteration2-utility_restoration-large-high-high-high-grid-private_fragmented-774107-always_act-event_triggered,utility_restoration,large,high,high,high,grid,private_fragmented,event_triggered,774107,always_act,45,UTL-48-zone_operator,U00,reconfigure_service_edge,no_information_action,no_communication_action,execute_autonomously,True,True,-0.022581495606618783,True,False,True,0.6662813073486197,0.15263268523208043,0.4027165202206262,0.533938954319908,0.0,0.9377648995583665,0.9398572732279604,0.0036839310997093255,0.0027005858738444743,0.0030986021172000333,0.0,0.9963160689002907,0.8333333333333333,0.021529872092147517,-0.0001295827208293021,3,6,0.4194809935353086,0.6662813073486197,0.5061112513686327,0.556014161973782,0.44650481575308687,0.3623960945589079
v7-pilots_iteration2-utility_restoration-large-high-high-high-grid-private_fragmented-774107-always_act-event_triggered,utility_restoration,large,high,high,high,grid,private_fragmented,event_triggered,774107,always_act,45,UTL-49-crew_dispatch,U05,dispatch_repair_crew,request_peer_evidence,send_targeted_summary,execute_autonomously,False,False,0.0,False,False,False,0.6594859496267396,0.12287925679388378,0.8784382247730953,0.6737354259209882,0.0,0.9114353993724125,0.9284595159349147,0.01576319401482884,0.013684490240557179,0.010518590295403585,0.0,0.9842368059851712,0.8333333333333333,-0.018844196193346763,0.013899419314825412,3,6,0.45072172509412867,0.6594859496267396,0.5137217013145593,0.5650625027921498,0.44365076550989724,0.39897147783221354
v7-pilots_iteration2-utility_restoration-large-high-high-high-grid-private_fragmented-774107-always_act-event_triggered,utility_restoration,large,high,high,high,grid,private_fragmented,event_triggered,774107,always_act,45,UTL-50-cyber_defense,U10,restore_communication_relay,request_peer_evidence,send_targeted_summary,execute_autonomously,True,False,0.0,False,False,False,0.8815809809919302,0.13161311303695394,0.9326710627209601,0.727373040945392,0.0,0.848573690384828,0.8655505891560924,0.007557775829057256,0.006658129137135815,0.005147291533245557,0.0,0.9924422241709427,0.8333333333333333,-0.09129311628662717,0.0007272161886687778,3,6,0.5391070633641504,0.8815809809919302,0.5753567011536593,0.627150076918578,0.5369306786832773,0.44981167573755765
v7-pilots_iteration2-utility_restoration-large-high-high-high-grid-private_fragmented-774107-always_act-event_triggered,utility_restoration,large,high,high,high,grid,private_fragmented,event_triggered,774107,always_act,45,UTL-51-communications,U15,dispatch_repair_crew,request_peer_evidence,send_targeted_summary,execute_autonomously,False,False,0.0,False,False,False,0.6952621401237968,0.09205237529663862,1.0,1.0,0.0,0.9546270452076079,0.954720786225611,0.0002760939792928463,0.00020315202595966309,0.0002463019068723593,0.0,0.9997239060207072,0.8333333333333333,-0.015180929125361065,-0.008203234530909542,3,6,0.541189127642091,0.6952621401237968,0.5171481489224307,0.5676022830347164,0.4586767655186613,0.42326928394567875
v7-pilots_iteration2-utility_restoration-large-high-high-high-grid-private_fragmented-774107-always_act-event_triggered,utility_restoration,large,high,high,high,grid,private_fragmented,event_triggered,774107,always_act,50,UTL-00-zone_operator,U07,isolate_component,request_peer_evidence,negotiate_commitment,execute_autonomously,True,False,0.0,False,False,False,0.6323094756655951,0.12001158871539166,0.0988550477611514,0.06540910714563736,0.0,0.8950162544480359,0.8950503493540223,2.285438591154154e-05,1.613427102897802e-05,2.061661948349336e-05,0.0,0.9999771456140885,0.9027777777777778,-0.024183336901885455,-0.001944550512891885,2,7,0.29548340744125534,0.6323094756655951,0.4767098500185232,0.5281394067181318,0.4461255353351055,0.3022785590748328
v7-pilots_iteration2-utility_restoration-large-high-high-high-grid-private_fragmented-774107-always_act-event_triggered,utility_restoration,large,high,high,high,grid,private_fragmented,event_triggered,774107,always_act,50,UTL-01-crew_dispatch,U12,dispatch_repair_crew,request_peer_evidence,negotiate_commitment,execute_autonomously,False,False,0.0,False,False,False,0.6193408562704321,0.08275449713563143,1.0,0.8551123417922893,0.0,0.8521673032977987,0.8637676997281101,0.010025945787651369,0.00920059008835905,0.005908931038829501,0.0,0.9899740542123486,0.9027777777777778,-0.0732415421765058,0.00965249914366928,2,7,0.4806028531620964,0.6193408562704321,0.47481449243533447,0.527502302325531,0.44067871518913704,0.40981736372176225
v7-pilots_iteration2-utility_restoration-large-high-high-high-grid-private_fragmented-774107-always_act-event_triggered,utility_restoration,large,high,high,high,grid,private_fragmented,event_triggered,774107,always_act,50,UTL-02-cyber_defense,U17,isolate_component,request_peer_evidence,send_targeted_summary,execute_autonomously,True,False,0.0,False,False,False,0.8063942747493396,0.08376563126874215,0.8796691538621001,0.6255202731000451,0.0,0.8847646103475795,0.885748891779107,0.0015284819583932796,0.0018454756293666552,0.0005736544372254571,0.0,0.9984715180416067,0.8333333333333333,-0.08294258848058922,-0.002573923494792685,3,6,0.48909891895878627,0.8063942747493396,0.5458887372283813,0.6015184071220403,0.5053522620613893,0.41047126376588056
v7-pilots_iteration2-utility_restoration-large-high-high-high-grid-private_fragmented-774107-always_act-event_triggered,utility_restoration,large,high,high,high,grid,private_fragmented,event_triggered,774107,always_act,50,UTL-03-communications,U22,dispatch_repair_crew,no_information_action,negotiate_commitment,execute_autonomously,False,False,0.0,False,False,False,0.5530749456813737,0.2866045135609537,0.9825984477307403,0.7747677492095735,0.0,0.8663308567597952,0.866388758452003,4.8613863765867293e-05,3.4865037665587906e-05,4.639713815557389e-05,0.0,0.9999513861362341,0.8333333333333333,0.14851439167710112,-0.0016831873845576384,3,6,0.43878974134196475,0.5530749456813737,0.43788075187177056,0.4853540483890262,0.3989581438528436,0.3562136047019305
v7-pilots_iteration2-utility_restoration-large-high-high-high-grid-private_fragmented-774107-always_act-event_triggered,utility_restoration,large,high,high,high,grid,private_fragmented,event_triggered,774107,always_act,50,UTL-04-resource_allocation,U20,no_operational_action,request_peer_evidence,send_targeted_summary,execute_autonomously,False,False,0.0,False,False,False,0.7227323980414253,0.057159205954762315,0.7663817316664527,1.0,0.0,0.95697909642079,0.9544354651465311,0.0021681960784720733,0.0019038646457747443,0.00138272894102498,0.0,0.9978318039215279,0.7916666666666666,-0.0030672500812505277,-0.00837442388908094,3,5,0.5505290153340847,0.7227323980414253,0.5313732078316284,0.5826024207559062,0.4618809405107319,0.4271879001508861
v7-pilots_iteration2-utility_restoration-large-high-high-high-grid-private_fragmented-774107-always_act-event_triggered,utility_restoration,large,high,high,high,grid,private_fragmented,event_triggered,774107,always_act,50,UTL-05-critical_load,U09,no_operational_action,request_peer_evidence,send_targeted_summary,execute_autonomously,False,False,0.0,False,False,False,0.7870581718434346,0.11187870421622856,0.8249092602415151,0.5461184273501969,0.0,0.9305813617938169,0.9340475804179635,0.004944229876921558,0.00447581570071065,0.0026590839075576467,0.0,0.9950557701230784,0.7916666666666666,0.002816389956383336,0.003956125476566208,3,5,0.46346820099081504,0.7870581718434346,0.5543905310135182,0.6059742427327007,0.48889776550757585,0.3961745417822209
v7-pilots_iteration2-utility_restoration-large-high-high-high-grid-private_fragmented-774107-always_act-event_triggered,utility_restoration,large,high,high,high,grid,private_fragmented,event_triggered,774107,always_act,50,UTL-06-zone_operator,U07,isolate_component,request_peer_evidence,negotiate_commitment,execute_autonomously,True,False,0.0,False,False,False,0.7338617232459081,0.043403996096024466,0.5437055710241036,0.5969069929197043,0.0,0.9415230259780001,0.9422139773749356,0.0019106775035991896,0.001612706867526792,0.0013865603313621966,0.0,0.9980893224964008,0.8333333333333333,0.0906610910514909,-0.005488902791296879,3,6,0.45757066420433784,0.7338617232459081,0.5316003942979022,0.5849847213921535,0.474888590429948,0.38717566923383845
v7-pilots_iteration2-utility_restoration-large-high-high-high-grid-private_fragmented-774107-always_act-event_triggered,utility_restoration,large,high,high,high,grid,private_fragmented,event_triggered,774107,always_act,50,UTL-07-crew_dispatch,U12,dispatch_repair_crew,no_information_action,negotiate_commitment,execute_autonomously,False,False,0.0,False,False,False,0.6363944768241518,0.20311390442113217,0.805905110922998,0.5185624108383471,0.0,0.9293007212664662,0.9324072917607097,0.0012749991260481153,0.0008797118238002,0.0012515499563880983,0.0,0.9987250008739519,0.8333333333333333,0.028260131554211476,0.0003271892144898203,3,6,0.40562910072141495,0.6363944768241518,0.4886679698227447,0.5378680669560368,0.4339523469328104,0.3502576880277273
v7-pilots_iteration2-utility_restoration-large-high-high-high-grid-private_fragmented-774107-always_act-event_triggered,utility_restoration,large,high,high,high,grid,private_fragmented,event_triggered,774107,always_act,50,UTL-08-cyber_defense,U17,restore_communication_relay,no_information_action,no_communication_action,execute_autonomously,True,False,0.0,False,False,False,0.8958600705929551,0.5365657712480733,0.6673882301045757,0.3177129336516347,0.0,0.6766059827683458,0.678008729437688,0.0007456257815284806,0.0006416102999092788,0.000738307481466749,0.0,0.9992543742184715,0.8333333333333333,-0.21337905302726756,-0.014556056023414699,3,6,0.4456435280779971,0.8958600705929551,0.5285394000234085,0.5613136024370103,0.5429278963157078,0.3980487900548671
v7-pilots_iteration2-utility_restoration-large-high-high-high-grid-private_fragmented-774107-always_act-event_triggered,utility_restoration,large,high,high,high,grid,private_fragmented,event_triggered,774107,always_act,50,UTL-09-communications,U22,dispatch_repair_crew,request_peer_evidence,negotiate_commitment,execute_autonomously,False,False,0.0,False,False,False,0.6025068084908575,0.09398337806578,0.7335883207285689,0.413703065056425,0.0,0.8299340003098593,0.8323483685510621,0.00784387881815729,0.00639418373963252,0.006644054277477385,0.0,0.9921561211818427,0.8333333333333333,-0.09335048322913886,0.00679239077002558,3,6,0.3689410505004336,0.6025068084908575,0.45946765381922805,0.5116086142036875,0.4197195262328268,0.33953609767235304
v7-pilots_iteration2-utility_restoration-large-high-high-high-grid-private_fragmented-774107-always_act-event_triggered,utility_restoration,large,high,high,high,grid,private_fragmented,event_triggered,774107,always_act,50,UTL-10-resource_allocation,U20,dispatch_repair_crew,no_information_action,negotiate_commitment,execute_autonomously,False,False,0.0,False,False,False,0.6047754403283753,0.15948144857948718,0.6015504320588523,0.7722481264853358,0.0,0.8827669937148951,0.8911199911974536,0.005422459181534833,0.004285699492757478,0.004110729610912189,0.0,0.9945775408184652,0.6875,-0.058348319537152915,0.001601634800310614,4,4,0.4557632000681282,0.6047754403283753,0.47019336741422263,0.5194846050908404,0.3915056849379176,0.3575935964587814
v7-pilots_iteration2-utility_restoration-large-high-high-high-grid-private_fragmented-774107-always_act-event_triggered,utility_restoration,large,high,high,high,grid,private_fragmented,event_triggered,774107,always_act,50,UTL-11-critical_load,U09,no_operational_action,no_information_action,no_communication_action,execute_autonomously,False,False,0.0,False,False,False,0.8907244149258575,0.2978420552095119,0.5602890947181143,0.1624191873412657,0.0,0.8671791687295055,0.8699857597161067,0.007320220137347344,0.0071323151464552925,0.00346295738045288,0.0,0.9926797798626527,0.6875,-0.039038416022650346,0.0013167487592219418,4,4,0.4066269060366954,0.8907244149258575,0.5833328663450057,0.6303665351991217,0.5116042542688601,0.36542415393561845
v7-pilots_iteration2-utility_restoration-large-high-high-high-grid-private_fragmented-774107-always_act-event_triggered,utility_restoration,large,high,high,high,grid,private_fragmented,event_triggered,774107,always_act,50,UTL-12-zone_operator,U07,isolate_component,request_peer_evidence,negotiate_commitment,execute_autonomously,True,False,0.0,False,False,False,0.6950317432516009,0.049634329611970174,0.5489343451922089,0.6767336409268412,0.0,0.9339766695873711,0.9340952807365783,0.0026460907359959762,0.0020987187072766256,0.0020213706554289557,0.0,0.997353909264004,0.7430555555555556,0.05254723861901667,-0.009231082391003675,4,5,0.4635268665279862,0.6950317432516009,0.5152113917278776,0.5661998944389022,0.4405244432767834,0.37482822563467694
v7-pilots_iteration2-utility_restoration-large-high-high-high-grid-private_fragmented-774107-always_act-event_triggered,utility_restoration,large,high,high,high,grid,private_fragmented,event_triggered,774107,always_act,50,UTL-13-crew_dispatch,U12,dispatch_repair_crew,no_information_action,negotiate_commitment,execute_autonomously,False,False,0.0,False,False,False,0.615390772242146,0.1897071771473157,1.0,0.9102498536781949,0.0,0.8955820905967895,0.8986271014819199,0.0026172689954756523,0.0024834455290416724,0.0014102542863932976,0.0,0.9973827310045243,0.7430555555555556,-0.06241711227167457,-0.003085382357343125,4,5,0.4924928274450964,0.615390772242146,0.4737160081397217,0.524948675808961,0.40707523545281243,0.38037197375793574
v7-pilots_iteration2-utility_restoration-large-high-high-high-grid-private_fragmented-774107-always_act-event_triggered,utility_restoration,large,high,high,high,grid,private_fragmented,event_triggered,774107,always_act,50,UTL-14-cyber_defense,U17,no_operational_action,no_information_action,no_communication_action,execute_autonomously,False,False,0.0,False,False,False,0.7701471548064003,0.1683156921291558,0.723101348509724,0.39849695533909973,0.0,0.8666392264994887,0.8750257257353776,0.007726985714810897,0.006303534642683184,0.005784768377459448,0.0,0.9922730142851891,0.8333333333333333,0.011119872624668847,0.005017132555562687,3,6,0.4222893019155601,0.7701471548064003,0.5355364485481676,0.5866049603118106,0.4901284716853548,0.38283978933094603
v7-pilots_iteration2-utility_restoration-large-high-high-high-grid-private_fragmented-774107-always_act-event_triggered,utility_restoration,large,high,high,high,grid,private_fragmented,event_triggered,774107,always_act,50,UTL-15-communications,U22,no_operational_action,request_peer_evidence,send_targeted_summary,execute_autonomously,False,False,0.0,False,False,False,0.6482110746496441,0.05934193470749893,1.0,0.8015309591435259,0.0,0.8575573667058087,0.874884415063129,0.01822575167996998,0.015128679538032985,0.013525272959383328,0.0,0.98177424832003,0.8333333333333333,-0.0740406222256117,0.017626300325156108,3,6,0.4775591955753253,0.6482110746496441,0.4991898238882678,0.5516142205136187,0.4389153180195172,0.4167157667882637
v7-pilots_iteration2-utility_restoration-large-high-high-high-grid-private_fragmented-774107-always_act-event_triggered,utility_restoration,large,high,high,high,grid,private_fragmented,event_triggered,774107,always_act,50,UTL-16-resource_allocation,U20,dispatch_repair_crew,no_information_action,negotiate_commitment,execute_autonomously,False,False,0.0,False,False,False,0.6010679264667471,0.17250823414626884,0.4156543089356128,0.5026987479566385,0.0,0.8670976315137504,0.8671563694808937,5.417408147456726e-05,4.165257254773458e-05,5.011952351774429e-05,0.0,0.9999458259185254,0.7916666666666666,-0.048656335648469606,-0.0008941057983721246,3,5,0.3898107945082873,0.6010679264667471,0.4572774221792008,0.509845300946734,0.4107818624493671,0.33159202852467207
v7-pilots_iteration2-utility_restoration-large-high-high-high-grid-private_fragmented-774107-always_act-event_triggered,utility_restoration,large,high,high,high,grid,private_fragmented,event_triggered,774107,always_act,50,UTL-17-critical_load,U09,no_operational_action,no_information_action,no_communication_action,execute_autonomously,False,False,0.0,False,False,False,0.821973303386975,0.20154026854553442,0.7846972119685518,0.48781095735440005,0.0,0.8770711810442147,0.8925779429378157,0.012222418504633237,0.013169116561755012,0.0053565974692142415,0.0,0.9877775814953668,0.7916666666666666,0.056491118088798586,0.010499898540486163,3,5,0.46134555291662754,0.821973303386975,0.5651685025223302,0.6213419736237087,0.5035621207558628,0.4102778993407812
v7-pilots_iteration2-utility_restoration-large-high-high-high-grid-private_fragmented-774107-always_act-event_triggered,utility_restoration,large,high,high,high,grid,private_fragmented,event_triggered,774107,always_act,50,UTL-18-zone_operator,U07,isolate_component,request_peer_evidence,negotiate_commitment,execute_autonomously,True,False,0.0,False,False,False,0.6484992199306978,0.12416931054277008,0.39185975813905466,0.35022548625112815,0.0,0.9157221334192184,0.9160142067486837,0.0019015317543176202,0.001613512302708675,0.0012990974608367845,0.0,0.9980984682456824,0.7430555555555556,-0.024952418133763254,-0.004825612263574253,4,5,0.36934385147670806,0.6484992199306978,0.4909923657831284,0.5419039432627459,0.4209807834820042,0.3218974781057188
v7-pilots_iteration2-utility_restoration-large-high-high-high-grid-private_fragmented-774107-always_act-event_triggered,utility_restoration,large,high,high,high,grid,private_fragmented,event_triggered,774107,always_act,50,UTL-19-crew_dispatch,U12,dispatch_repair_crew,request_peer_evidence,negotiate_commitment,execute_autonomously,False,False,0.0,False,False,False,0.819733971978318,0.05651974349379049,1.0,0.8797810608765283,0.0,0.9884955587128582,0.9906059556695254,0.012351651353527782,0.009753624017270535,0.00922171321005516,0.0,0.9876483486464722,0.7430555555555556,0.06098319626600701,0.004365360320450096,4,5,0.5546570050829949,0.819733971978318,0.5923097903644806,0.6398917497861178,0.4928993793420047,0.44637580348509687
v7-pilots_iteration2-utility_restoration-large-high-high-high-grid-private_fragmented-774107-always_act-event_triggered,utility_restoration,large,high,high,high,grid,private_fragmented,event_triggered,774107,always_act,50,UTL-20-cyber_defense,U17,no_operational_action,request_peer_evidence,send_targeted_summary,execute_autonomously,False,False,0.0,False,False,False,0.8535437774114615,0.0990393097798507,0.8737533228141583,0.6169423180805296,0.0,0.9074124351668729,0.9100245831777835,0.007428521859343062,0.006045256048577419,0.005334537630667047,0.0,0.9925714781406569,0.7430555555555556,0.0778081919918504,0.004893970708406026,4,5,0.503071040659224,0.8535437774114615,0.5786705503593831,0.6300864991968474,0.5070994976239249,0.42021173645061133
v7-pilots_iteration2-utility_restoration-large-high-high-high-grid-private_fragmented-774107-always_act-event_triggered,utility_restoration,large,high,high,high,grid,private_fragmented,event_triggered,774107,always_act,50,UTL-21-communications,U22,dispatch_repair_crew,request_peer_evidence,send_targeted_summary,execute_autonomously,False,False,0.0,False,False,False,0.7356217947324064,0.015079931745199449,0.9096056839676707,0.6689282417531226,0.0,0.9281927295497859,0.9282657546595644,8.42012122772573e-05,7.84839810890059e-05,4.635535290653525e-05,0.0,0.9999157987877227,0.7430555555555556,0.08811147826223309,-0.0012718591895134468,4,5,0.47545418822976765,0.7356217947324064,0.5264147819775973,0.5803835157496662,0.4575722648987218,0.38291478358676084
v7-pilots_iteration2-utility_restoration-large-high-high-high-grid-private_fragmented-774107-always_act-event_triggered,utility_restoration,large,high,high,high,grid,private_fragmented,event_triggered,774107,always_act,50,UTL-22-resource_allocation,U20,dispatch_repair_crew,no_information_action,no_communication_action,execute_autonomously,False,False,0.0,False,False,False,0.6289367274195674,0.17716677399926622,0.3958954546641772,0.47404840926305686,0.0,0.9096076080298594,0.910282921618159,0.0030578694029663733,0.0026377725403911034,0.0018633893147851355,0.0,0.9969421305970336,0.7916666666666666,0.08533166085037058,0.0017943875392654185,3,5,0.3924101055457866,0.6289367274195674,0.48325761013944474,0.5337624575539601,0.4224867588495516,0.3399875610560414
v7-pilots_iteration2-utility_restoration-large-high-high-high-grid-private_fragmented-774107-always_act-event_triggered,utility_restoration,large,high,high,high,grid,private_fragmented,event_triggered,774107,always_act,50,UTL-23-critical_load,U09,no_operational_action,no_information_action,no_communication_action,execute_autonomously,False,False,0.0,False,False,False,0.8262640298265632,0.23657778824169004,0.8952159370954117,0.6480631087883469,0.0,0.8874813629162711,0.890108241514677,0.002174984590826212,0.002111912936988758,0.0010454462023888889,0.0,0.9978250154091738,0.7916666666666666,-0.0004275477518306259,3.186226110463153e-05,3,5,0.5012649162502347,0.8262640298265632,0.5554209310868498,0.6051388310946646,0.5053642258604898,0.41388136873838366
v7-pilots_iteration2-utility_restoration-large-high-high-high-grid-private_fragmented-774107-always_act-event_triggered,utility_restoration,large,high,high,high,grid,private_fragmented,event_triggered,774107,always_act,50,UTL-24-zone_operator,U07,isolate_component,request_peer_evidence,send_targeted_summary,execute_autonomously,True,False,0.0,False,False,False,0.6149350382006487,0.16179544928231016,0.9909030616263169,0.944144771741493,0.0,0.8745272220747358,0.8767953557826091,0.0009029871414474311,0.0008242302308477667,0.0005331364969338726,0.0,0.9990970128585526,0.7430555555555556,-0.07601749245766831,-0.0098385043266781,4,5,0.5004726582061789,0.6149350382006487,0.46587000279696983,0.5184149951910832,0.4068838271553835,0.38285937668310105
v7-pilots_iteration2-utility_restoration-large-high-high-high-grid-private_fragmented-774107-always_act-event_triggered,utility_restoration,large,high,high,high,grid,private_fragmented,event_triggered,774107,always_act,50,UTL-25-crew_dispatch,U12,dispatch_repair_crew,no_information_action,no_communication_action,execute_autonomously,False,True,0.0,False,False,False,0.5236596585026693,0.25491141755991475,0.8059503785293951,0.5186280488676229,0.0,0.8157570330564667,0.8402322628648428,0.02271315388547046,0.018166178532146526,0.018498263614896704,0.0,0.9772868461145295,0.7430555555555556,-0.05933194851957613,0.010274673287130942,4,5,0.3673150156191371,0.5236596585026693,0.44520153710484306,0.4888336450744372,0.3685481676822322,0.3348357169048339
v7-pilots_iteration2-utility_restoration-large-high-high-high-grid-private_fragmented-774107-always_act-event_triggered,utility_restoration,large,high,high,high,grid,private_fragmented,event_triggered,774107,always_act,50,UTL-26-cyber_defense,U17,restore_communication_relay,no_information_action,no_communication_action,execute_autonomously,True,True,-0.0405,True,False,True,0.834974921495078,0.17251038484554634,1.0,0.9484339591801153,0.0,0.8834694132812616,0.8891313351334247,0.008224802480393478,0.005251925468189533,0.00914415381701239,0.0,0.9917751975196065,0.6444444444444444,-0.060178202138172154,0.006216513183913808,5,4,0.5763156235115543,0.834974921495078,0.5663720453908975,0.6168457913972609,0.47957835591682163,0.44471744358452875
v7-pilots_iteration2-utility_restoration-large-high-high-high-grid-private_fragmented-774107-always_act-event_triggered,utility_restoration,large,high,high,high,grid,private_fragmented,event_triggered,774107,always_act,50,UTL-27-communications,U22,dispatch_repair_crew,request_peer_evidence,send_targeted_summary,execute_autonomously,False,True,0.0,False,False,False,0.7279440208341044,0.002192235765950734,0.771536013256164,0.4687272192214379,0.0,0.9353220461029232,0.9405149923942329,0.016948428216934985,0.013144242589654187,0.01451010958858956,0.0,0.983051571783065,0.6444444444444444,0.04640265646349717,0.015453870050667451,5,4,0.42479549969674063,0.7279440208341044,0.5487359193630815,0.5973169814482202,0.4346253776392127,0.37219868840062714
v7-pilots_iteration2-utility_restoration-large-high-high-high-grid-private_fragmented-774107-always_act-event_triggered,utility_restoration,large,high,high,high,grid,private_fragmented,event_triggered,774107,always_act,50,UTL-28-resource_allocation,U20,dispatch_repair_crew,no_information_action,no_communication_action,execute_autonomously,False,False,0.0,False,False,False,0.625603363847469,0.18752371133347667,0.564825116714331,0.7189964192357801,0.0,0.9063441182596468,0.9106120232929102,0.006529973296989344,0.005405935588770561,0.004498055360613318,0.0,0.9934700267030107,0.6875,0.04322075830779015,0.0007897536549491546,4,4,0.45006428432472667,0.625603363847469,0.48596933771968437,0.536016049478785,0.40025341281593696,0.3572657781393314
v7-pilots_iteration2-utility_restoration-large-high-high-high-grid-private_fragmented-774107-always_act-event_triggered,utility_restoration,large,high,high,high,grid,private_fragmented,event_triggered,774107,always_act,50,UTL-29-critical_load,U09,no_operational_action,request_peer_evidence,send_targeted_summary,execute_autonomously,False,False,0.0,False,False,False,0.7292429860063607,0.038259390297723406,1.0,0.8729677392351698,0.0,0.9018224699243127,0.8996986298373634,0.0028108246818050464,0.0024102371002450163,0.0024086414026565084,0.0,0.997189175318195,0.6875,0.01609084654915316,0.001385057903961484,4,4,0.5222548726586034,0.7292429860063607,0.5210879664381496,0.57536412822902,0.4437820541226715,0.40212240828963897
v7-pilots_iteration2-utility_restoration-large-high-high-high-grid-private_fragmented-774107-always_act-event_triggered,utility_restoration,large,high,high,high,grid,private_fragmented,event_triggered,774107,always_act,50,UTL-30-zone_operator,U07,isolate_component,request_peer_evidence,send_targeted_summary,execute_autonomously,True,False,0.0,False,False,False,0.6506518263908341,0.11910490578071936,1.0,0.984683160293128,0.0,0.9201110649590764,0.9205514545691647,0.0027570250925611495,0.0023423018777537497,0.0018036371895236991,0.0,0.9972429749074389,0.8333333333333333,0.05375168956863552,-0.004173261002586526,3,6,0.5223455794432343,0.6506518263908341,0.49414833192568836,0.5445421397921943,0.43994043375081693,0.41110512699704393
v7-pilots_iteration2-utility_restoration-large-high-high-high-grid-private_fragmented-774107-always_act-event_triggered,utility_restoration,large,high,high,high,grid,private_fragmented,event_triggered,774107,always_act,50,UTL-31-crew_dispatch,U12,dispatch_repair_crew,request_peer_evidence,send_targeted_summary,execute_autonomously,False,False,0.0,False,False,False,0.6867677033500672,0.09528284800177206,1.0,1.0,0.0,0.9252179244150032,0.9265521625423573,0.0023761387831890968,0.001962778564576606,0.0017246090624246646,0.0,0.9976238612168109,0.8333333333333333,-0.04453294681134001,-0.007437621027276409,3,6,0.538301019139023,0.6867677033500672,0.5093381567402425,0.5619054898228362,0.4551091020736949,0.422775214031114
v7-pilots_iteration2-utility_restoration-large-high-high-high-grid-private_fragmented-774107-always_act-event_triggered,utility_restoration,large,high,high,high,grid,private_fragmented,event_triggered,774107,always_act,50,UTL-32-cyber_defense,U17,isolate_component,no_information_action,no_communication_action,execute_autonomously,True,False,0.0,False,False,False,0.8128975013401313,0.16151472846485293,0.8443477460618035,0.5743042317896151,0.0,0.893962105340045,0.8990566456879429,0.00607596670580457,0.0049100195259579316,0.004431247071046807,0.0,0.9939240332941954,0.8333333333333333,-0.030141638096624068,0.004715299068448808,3,6,0.4790181660851523,0.8128975013401313,0.5571558802591903,0.6082091513121342,0.5080836172295218,0.41411575333438727
v7-pilots_iteration2-utility_restoration-large-high-high-high-grid-private_fragmented-774107-always_act-event_triggered,utility_restoration,large,high,high,high,grid,private_fragmented,event_triggered,774107,always_act,50,UTL-33-communications,U22,dispatch_repair_crew,no_information_action,no_communication_action,execute_autonomously,False,False,0.0,False,False,False,0.6538752408615156,0.16642722527220838,1.0,0.970273812653292,0.0,0.9357155834791315,0.935753233194439,4.548317205865793e-05,3.465491588261482e-05,3.6013797687806104e-05,0.0,0.9999545168279413,0.8333333333333333,0.018111852594929756,-0.00043264516377061746,3,6,0.5199832969297054,0.6538752408615156,0.49554266865527125,0.5456783865560357,0.44129426782850323,0.4078929836683156
v7-pilots_iteration2-utility_restoration-large-high-high-high-grid-private_fragmented-774107-always_act-event_triggered,utility_restoration,large,high,high,high,grid,private_fragmented,event_triggered,774107,always_act,50,UTL-34-resource_allocation,U20,no_operational_action,request_peer_evidence,send_targeted_summary,execute_autonomously,False,False,0.0,False,False,False,0.6248207814150089,0.12549614040131385,0.08431646450938718,0.02225887353861139,0.0,0.8782919625228229,0.8797871497615354,0.0023944685241996666,0.0019535777282513322,0.001740331866627698,0.0,0.9976055314758003,0.6875,-0.06112104510844363,0.0010873542567263472,4,4,0.28258119533036974,0.6248207814150089,0.47285355913058885,0.5252380522633667,0.39992472819430375,0.27002473919704006
v7-pilots_iteration2-utility_restoration-large-high-high-high-grid-private_fragmented-774107-always_act-event_triggered,utility_restoration,large,high,high,high,grid,private_fragmented,event_triggered,774107,always_act,50,UTL-35-critical_load,U09,no_operational_action,no_information_action,no_communication_action,execute_autonomously,False,False,0.0,False,False,False,0.9285099530942124,0.38578536548734865,0.8545600163225148,0.5891120236676465,0.0,0.7976546190618908,0.8162455360924793,0.008105866964660202,0.006742510959050985,0.006790147418973769,0.0,0.9918941330353398,0.6875,0.0005942861261534205,-0.0003668165720170924,4,4,0.5218802697322673,0.9285099530942124,0.582165849753682,0.6242680214633698,0.5274741802995692,0.4277025202082714
v7-pilots_iteration2-utility_restoration-large-high-high-high-grid-private_fragmented-774107-always_act-event_triggered,utility_restoration,large,high,high,high,grid,private_fragmented,event_triggered,774107,always_act,50,UTL-36-zone_operator,U07,isolate_component,request_peer_evidence,send_targeted_summary,execute_autonomously,True,False,0.0,False,False,False,0.7433794624946081,0.031586336221232414,0.5038164754336822,0.48281998697878326,0.0,0.9683406849046259,0.9669394579371112,0.0024911663385974725,0.0018517673065923113,0.00229732929047044,0.0,0.9975088336614025,0.7430555555555556,0.18083703997049017,-0.01626146395293182,4,5,0.4334258141230748,0.7433794624946081,0.5429245890980362,0.5932401141237138,0.4608304853588465,0.3650797237132091
v7-pilots_iteration2-utility_restoration-large-high-high-high-grid-private_fragmented-774107-always_act-event_triggered,utility_restoration,large,high,high,high,grid,private_fragmented,event_triggered,774107,always_act,50,UTL-37-crew_dispatch,U12,dispatch_repair_crew,no_information_action,no_communication_action,execute_autonomously,False,False,0.0,False,False,False,0.5942594897046842,0.2092547424789975,1.0,0.9657926957167039,0.0,0.858982734903949,0.8791358128747003,0.014914444804203675,0.015691612849464298,0.007169597298509411,0.0,0.9850855551957963,0.7430555555555556,0.007061540578571002,0.013326819858459293,4,5,0.49863847347160156,0.5942594897046842,0.4733297023337461,0.5296608812173432,0.39820009678707846,0.4022483163971476
v7-pilots_iteration2-utility_restoration-large-high-high-high-grid-private_fragmented-774107-always_act-event_triggered,utility_restoration,large,high,high,high,grid,private_fragmented,event_triggered,774107,always_act,50,UTL-38-cyber_defense,U17,isolate_component,no_information_action,no_communication_action,execute_autonomously,True,False,0.0,False,False,False,0.7888936721505304,0.1461993110206728,0.9759345618511486,0.7651051146841654,0.0,0.9191695613932191,0.9198933886531351,0.006603391061994701,0.005524035117672188,0.004321568183817237,0.0,0.9933966089380053,0.8333333333333333,0.0008130335201557148,0.005179621693448877,3,6,0.5166490760553801,0.7888936721505304,0.5545946066953096,0.6042933337651175,0.49800200896988944,0.43097695258714436
v7-pilots_iteration2-utility_restoration-large-high-high-high-grid-private_fragmented-774107-always_act-event_triggered,utility_restoration,large,high,high,high,grid,private_fragmented,event_triggered,774107,always_act,50,UTL-39-communications,U22,no_operational_action,request_peer_evidence,send_targeted_summary,execute_autonomously,False,False,0.0,False,False,False,0.7102508879779227,0.0008072162969201546,0.9644647404787385,0.7484738736941708,0.0,0.9142899249528852,0.9144253048431528,0.00012565470201453266,0.00010349477293247755,9.416855505406385e-05,0.0,0.9998743452979855,0.8333333333333333,-0.06798688654258622,-0.003698364896944084,3,6,0.4859190315990947,0.7102508879779227,0.5128487530122108,0.5658353043979307,0.4649720396173942,0.3971350573102154
v7-pilots_iteration2-utility_restoration-large-high-high-high-grid-private_fragmented-774107-always_act-event_triggered,utility_restoration,large,high,high,high,grid,private_fragmented,event_triggered,774107,always_act,50,UTL-40-resource_allocation,U20,dispatch_repair_crew,request_peer_evidence,send_targeted_summary,execute_autonomously,False,False,0.0,False,False,False,0.6441881839168672,0.027564328088281687,0.7623351412253094,1.0,0.0,0.8471797707574289,0.8547405772159957,0.0031550796424568706,0.0032584160356352587,0.0016015757966666433,0.0,0.9968449203575431,0.7916666666666666,-0.07843438522370016,0.0019154260258401612,3,5,0.5238239825317348,0.6441881839168672,0.4738873277555437,0.5282461608681692,0.4288923705784175,0.40752578498162967
v7-pilots_iteration2-utility_restoration-large-high-high-high-grid-private_fragmented-774107-always_act-event_triggered,utility_restoration,large,high,high,high,grid,private_fragmented,event_triggered,774107,always_act,50,UTL-41-critical_load,U09,no_operational_action,request_peer_evidence,send_targeted_summary,execute_autonomously,False,False,0.0,False,False,False,0.9250610000342051,0.07320382327792957,1.0,0.8118353076937621,0.0,0.8902891753655195,0.8997011123867885,0.01614063627880391,0.014230388850880904,0.010136384169810886,0.0,0.9838593637211961,0.7916666666666666,-0.03479582154797345,0.0077346138402079045,3,5,0.5741612138581327,0.9250610000342051,0.6151935846453874,0.6675283140488892,0.5468589533476995,0.479682348563632
v7-pilots_iteration2-utility_restoration-large-high-high-high-grid-private_fragmented-774107-always_act-event_triggered,utility_restoration,large,high,high,high,grid,private_fragmented,event_triggered,774107,always_act,50,UTL-42-zone_operator,U07,isolate_component,request_peer_evidence,send_targeted_summary,execute_autonomously,True,True,-0.029043709846618682,True,False,True,0.4874368907610277,0.3343962398384218,0.6181236615539561,0.6138722755853396,0.0,0.7710010625308512,0.7803532043625868,0.00539296920496557,0.005489243141947209,0.0031470785603735507,0.0,0.9946070307950344,0.7430555555555556,-0.037293552563952836,-0.007031659916276745,4,5,0.37785788899923095,0.4874368907610277,0.3952751788240757,0.4452387323414439,0.3533346052307427,0.31150981550216994
v7-pilots_iteration2-utility_restoration-large-high-high-high-grid-private_fragmented-774107-always_act-event_triggered,utility_restoration,large,high,high,high,grid,private_fragmented,event_triggered,774107,always_act,50,UTL-43-crew_dispatch,U12,dispatch_repair_crew,request_peer_evidence,send_targeted_summary,execute_autonomously,False,False,0.0,False,False,False,0.7209682961154847,0.036725551669646195,1.0,0.8243094692179621,0.0,0.8787419949398338,0.8920114268840756,0.014648505452798055,0.012743802434823981,0.010670113779208346,0.0,0.985351494547202,0.7430555555555556,0.005902724931099446,-0.003209425574594582,4,5,0.5077634932915758,0.7209682961154847,0.5285807248150697,0.5863507621718427,0.4514177954796147,0.4107671288246771
v7-pilots_iteration2-utility_restoration-large-high-high-high-grid-private_fragmented-774107-always_act-event_triggered,utility_restoration,large,high,high,high,grid,private_fragmented,event_triggered,774107,always_act,50,UTL-44-cyber_defense,U17,isolate_component,no_information_action,no_communication_action,execute_autonomously,True,True,-0.0405,True,False,True,0.823297799791691,0.21259088021505687,1.0,1.0,0.0,0.8831480018480163,0.8895214162325593,0.0070620324654490085,0.005792693896115586,0.005213374193813847,0.0,0.992937967534551,0.7430555555555556,0.03003485602167355,0.0006187313102561376,4,5,0.5847212519291749,0.823297799791691,0.5599929658303092,0.6096609725350296,0.4943961870236213,0.45401721686144964
v7-pilots_iteration2-utility_restoration-large-high-high-high-grid-private_fragmented-774107-always_act-event_triggered,utility_restoration,large,high,high,high,grid,private_fragmented,event_triggered,774107,always_act,50,UTL-45-communications,U22,dispatch_repair_crew,no_information_action,no_communication_action,execute_autonomously,False,False,0.0,False,False,False,0.6211700014081158,0.20517706274602732,0.7767955696622466,0.4763535760102575,0.0,0.8992085628682678,0.9118345295333657,0.011670365493152257,0.010678782264311626,0.007330791931277614,0.0,0.9883296345068477,0.7430555555555556,0.02604167594465845,0.010605834666818637,4,5,0.39032265872122124,0.6211700014081158,0.4896086529707265,0.5412118013686038,0.4095025117025197,0.34646991822214657
v7-pilots_iteration2-utility_restoration-large-high-high-high-grid-private_fragmented-774107-always_act-event_triggered,utility_restoration,large,high,high,high,grid,private_fragmented,event_triggered,774107,always_act,50,UTL-46-resource_allocation,U20,no_operational_action,request_peer_evidence,send_targeted_summary,execute_autonomously,False,False,0.0,False,False,False,0.6552674679540815,0.10977726921606754,0.516699408556397,0.6492141424067757,0.0,0.9077960386127163,0.9060332934528194,0.002256120288225083,0.0016738833279573706,0.0020703368806941347,0.0,0.9977438797117749,0.875,0.08032394299242784,0.001919544621766911,2,6,0.4434023332820139,0.6552674679540815,0.49221456523832685,0.5440689290603345,0.45021233654071424,0.37883452905460135
v7-pilots_iteration2-utility_restoration-large-high-high-high-grid-private_fragmented-774107-always_act-event_triggered,utility_restoration,large,high,high,high,grid,private_fragmented,event_triggered,774107,always_act,50,UTL-47-critical_load,U09,no_operational_action,no_information_action,no_communication_action,execute_autonomously,False,False,0.0,False,False,False,0.8877683495212487,0.21470655811425643,1.0,0.8367321514887219,0.0,0.9055385620213782,0.9055687301134673,2.902602099497109e-05,2.1828959160807848e-05,2.4876782166227684e-05,0.0,0.999970973979005,0.875,0.007639435371155856,-0.0008470636767131667,2,6,0.5674569551945179,0.8877683495212487,0.5815326167432371,0.6324722983899569,0.5478627067989245,0.4627602911809095
v7-pilots_iteration2-utility_restoration-large-high-high-high-grid-private_fragmented-774107-always_act-event_triggered,utility_restoration,large,high,high,high,grid,private_fragmented,event_triggered,774107,always_act,50,UTL-48-zone_operator,U07,isolate_component,request_peer_evidence,send_targeted_summary,execute_autonomously,True,False,0.0,False,False,False,0.7238160270714722,0.024873781777315862,0.5646845326910436,0.6748629570907937,0.0,0.938476893885392,0.9381140000132872,0.0015653089213347737,0.0011535011427379338,0.001441361814918718,0.0,0.9984346910786652,0.8333333333333333,0.017900087760286842,-0.003645197127755795,3,6,0.4728645589060911,0.7238160270714722,0.5263370667898055,0.5783987377786552,0.47066939803668495,0.3934895976435762
v7-pilots_iteration2-utility_restoration-large-high-high-high-grid-private_fragmented-774107-always_act-event_triggered,utility_restoration,large,high,high,high,grid,private_fragmented,event_triggered,774107,always_act,50,UTL-49-crew_dispatch,U12,dispatch_repair_crew,no_information_action,no_communication_action,execute_autonomously,False,False,0.0,False,False,False,0.7817665072115169,0.24783800433811812,0.8892959853509808,0.639479178758922,0.0,0.8213760422582509,0.8537801111711424,0.0275053603248262,0.021319806337591674,0.02483921108797149,0.0,0.9724946396751738,0.8333333333333333,0.00489196810037873,0.026141291534383493,3,6,0.4840756153540571,0.7817665072115169,0.5565581179039262,0.5993733223645299,0.4950085996955037,0.45130382288671506
v7-pilots_iteration2-utility_restoration-large-high-high-high-grid-private_fragmented-774107-always_act-event_triggered,utility_restoration,large,high,high,high,grid,private_fragmented,event_triggered,774107,always_act,50,UTL-50-cyber_defense,U17,restore_communication_relay,request_peer_evidence,send_targeted_summary,execute_autonomously,True,False,0.0,False,False,False,0.8596187928501245,0.03227823772553995,0.9085950876370504,0.6674628770737231,0.0,0.9407573954162631,0.9399830129011741,0.0036240045106422647,0.0026131598063318107,0.0032027059839933036,0.0,0.9963759954893577,0.8333333333333333,-0.017646688754354267,-0.002268562254224449,3,6,0.5172614800667359,0.8596187928501245,0.5841104723090148,0.63439758051916,0.5277065596637189,0.43254710760684967
v7-pilots_iteration2-utility_restoration-large-high-high-high-grid-private_fragmented-774107-always_act-event_triggered,utility_restoration,large,high,high,high,grid,private_fragmented,event_triggered,774107,always_act,50,UTL-51-communications,U22,no_operational_action,request_peer_evidence,send_targeted_summary,execute_autonomously,False,False,0.0,False,False,False,0.659893297974586,0.08876559974776754,0.7333076544270595,0.41329609891923624,0.0,0.9136664772281642,0.9136943082212227,3.4650956510784425e-05,2.9152657163966644e-05,2.3388071773489116e-05,0.0,0.9999653490434892,0.8333333333333333,-0.06754573417586685,-0.0006517956151947946,3,6,0.38835478505197596,0.659893297974586,0.49242244983599054,0.5439693250736145,0.44382185181599276,0.34272973005210183
v7-pilots_iteration2-utility_restoration-large-high-high-high-grid-private_fragmented-774107-always_act-event_triggered,utility_restoration,large,high,high,high,grid,private_fragmented,event_triggered,774107,always_act,55,UTL-00-zone_operator,U14,dispatch_repair_crew,no_information_action,negotiate_commitment,execute_autonomously,False,False,0.0,False,False,False,0.6615824244892778,0.15281532193240777,0.823600488251526,0.5442207079647126,0.0,0.9393893807819196,0.9393893807819196,0.0,0.0,0.0,0.0,1.0,0.8888888888888888,-0.020167299744170752,0.0,1,8,0.4203509942378855,0.6615824244892778,0.49948031499119105,0.5498120929157426,0.4556423960632745,0.3661051193683189
v7-pilots_iteration2-utility_restoration-large-high-high-high-grid-private_fragmented-774107-always_act-event_triggered,utility_restoration,large,high,high,high,grid,private_fragmented,event_triggered,774107,always_act,55,UTL-01-crew_dispatch,U19,no_operational_action,request_peer_evidence,send_targeted_summary,execute_autonomously,False,False,0.0,False,False,False,0.8453581681150916,0.07180625574059421,1.0,0.8384234901568111,0.0,0.9328964693947357,0.9379034808846588,0.006307955598234827,0.004791146718500339,0.004932668985069499,0.0,0.9936920444017652,0.9027777777777778,0.0035688813380602147,0.0019119645138971908,2,7,0.5534434147967657,0.8453581681150916,0.5801985224322493,0.630512684043404,0.535605986163894,0.46196513804300365
v7-pilots_iteration2-utility_restoration-large-high-high-high-grid-private_fragmented-774107-always_act-event_triggered,utility_restoration,large,high,high,high,grid,private_fragmented,event_triggered,774107,always_act,55,UTL-02-cyber_defense,U24,isolate_component,no_information_action,no_communication_action,execute_autonomously,True,False,0.0,False,False,False,0.8378796360542117,0.17934268792579772,1.0,1.0,0.0,0.9082599046892932,0.9132220210343076,0.011519374766778667,0.007302631057687692,0.012752607774394575,0.0,0.9884806252332213,0.8333333333333333,0.03275983259450865,0.009148619276680092,3,6,0.5896790762584321,0.8378796360542117,0.5783439552674982,0.6251311169072895,0.5185761138094356,0.4819355148692507
v7-pilots_iteration2-utility_restoration-large-high-high-high-grid-private_fragmented-774107-always_act-event_triggered,utility_restoration,large,high,high,high,grid,private_fragmented,event_triggered,774107,always_act,55,UTL-03-communications,U29,dispatch_repair_crew,no_information_action,negotiate_commitment,execute_autonomously,False,False,0.0,False,False,False,0.5692251029624364,0.2448288893061515,0.9362248292021009,0.7075260023430463,0.0,0.8707929630858181,0.8710698352464448,0.00014603711069993697,0.00013620755593246603,8.761459036599195e-05,0.0,0.9998539628893001,0.8333333333333333,-0.011965768016529599,-0.001897733356267639,3,6,0.42814277556955954,0.5692251029624364,0.445592733911409,0.4945372357837951,0.40574120991088997,0.35274708273198224
v7-pilots_iteration2-utility_restoration-large-high-high-high-grid-private_fragmented-774107-always_act-event_triggered,utility_restoration,large,high,high,high,grid,private_fragmented,event_triggered,774107,always_act,55,UTL-04-resource_allocation,U27,dispatch_repair_crew,request_peer_evidence,negotiate_commitment,execute_autonomously,False,False,0.0,False,False,False,0.5450474070976783,0.30658178953157617,0.730734893723956,0.7160863962785576,0.0,0.8630521143846774,0.8631429185816271,8.135405620801617e-05,5.55755916601397e-05,8.314999383207677e-05,0.0,0.999918645943792,0.7916666666666666,0.021444343969796664,-0.007763415794373674,3,5,0.4219768535200645,0.5450474070976783,0.4338958871139319,0.48069623338321377,0.3872532443143582,0.34154082007752057
v7-pilots_iteration2-utility_restoration-large-high-high-high-grid-private_fragmented-774107-always_act-event_triggered,utility_restoration,large,high,high,high,grid,private_fragmented,event_triggered,774107,always_act,55,UTL-05-critical_load,U25,no_operational_action,request_peer_evidence,send_targeted_summary,execute_autonomously,False,False,0.0,False,False,False,0.7302990831882309,0.13663470964634572,0.7066185867190641,0.4079302840759762,0.0,0.8090057382965087,0.8317627445572665,0.016899652250520814,0.01776478425616068,0.008212599287591216,0.0,0.9831003477494792,0.7916666666666666,-0.11257148162486375,0.01655691922728819,3,5,0.41100495646223284,0.7302990831882309,0.5180305810001486,0.5783399499723754,0.4650589482723903,0.38403535681325557
v7-pilots_iteration2-utility_restoration-large-high-high-high-grid-private_fragmented-774107-always_act-event_triggered,utility_restoration,large,high,high,high,grid,private_fragmented,event_triggered,774107,always_act,55,UTL-06-zone_operator,U14,dispatch_repair_crew,request_peer_evidence,negotiate_commitment,execute_autonomously,False,False,0.0,False,False,False,0.7577022759020189,0.005130281081175775,0.8760068807348798,0.6202099770655756,0.0,0.9619130007593615,0.9606665235689396,0.001666361004377892,0.0011699245594873897,0.001571069012559212,0.0,0.9983336389956221,0.8333333333333333,0.04836569197272744,-0.007764141210401032,3,6,0.47126916830242466,0.7577022759020189,0.5458920659567771,0.597164519543478,0.4849016225455146,0.3965214430065725
v7-pilots_iteration2-utility_restoration-large-high-high-high-grid-private_fragmented-774107-always_act-event_triggered,utility_restoration,large,high,high,high,grid,private_fragmented,event_triggered,774107,always_act,55,UTL-07-crew_dispatch,U19,dispatch_repair_crew,request_peer_evidence,negotiate_commitment,execute_autonomously,False,False,0.0,False,False,False,0.6914976989678284,0.04356168010800476,1.0,0.8549279672640185,0.0,0.931727384462699,0.9372784501911634,0.007740163234528197,0.005900636749428312,0.006179729533818956,0.0,0.9922598367654718,0.8333333333333333,0.07517490339948629,0.006704078026597449,3,6,0.5050919297924261,0.6914976989678284,0.5203671542311455,0.5695386613413653,0.4570957002331546,0.4170311194429373
v7-pilots_iteration2-utility_restoration-large-high-high-high-grid-private_fragmented-774107-always_act-event_triggered,utility_restoration,large,high,high,high,grid,private_fragmented,event_triggered,774107,always_act,55,UTL-08-cyber_defense,U24,isolate_component,request_peer_evidence,send_targeted_summary,execute_autonomously,True,False,0.0,False,False,False,0.7732429076282465,0.01724323819375148,0.9273751002978542,0.8438453887004228,0.0,0.9671892688652295,0.967236215354337,8.9224250315878e-05,7.185170006229757e-05,6.268076111959342e-05,0.0,0.9999107757496841,0.8333333333333333,0.1940740772412468,-0.0026771171757506984,3,6,0.5302254818817054,0.7732429076282465,0.5512193942180482,0.6025816577349321,0.4914286878705302,0.42618231412352103
v7-pilots_iteration2-utility_restoration-large-high-high-high-grid-private_fragmented-774107-always_act-event_triggered,utility_restoration,large,high,high,high,grid,private_fragmented,event_triggered,774107,always_act,55,UTL-09-communications,U29,no_operational_action,request_peer_evidence,send_targeted_summary,execute_autonomously,False,False,0.0,False,False,False,0.6726309261988634,0.12230793961947439,0.9005444062213918,0.655789389021018,0.0,0.9391841547473729,0.9417651657457102,0.009111636146127644,0.006608116187601265,0.007915413460611753,0.0,0.9908883638538724,0.8333333333333333,0.04594509505290323,0.0005840937280372493,3,6,0.4508839682726579,0.6726309261988634,0.5166046997709673,0.5645865899668968,0.44917165567018924,0.3843983842272248
v7-pilots_iteration2-utility_restoration-large-high-high-high-grid-private_fragmented-774107-always_act-event_triggered,utility_restoration,large,high,high,high,grid,private_fragmented,event_triggered,774107,always_act,55,UTL-10-resource_allocation,U27,no_operational_action,request_peer_evidence,send_targeted_summary,execute_autonomously,False,False,0.0,False,False,False,0.5413028538816136,0.309872832049074,1.0,0.7830963102619647,0.0,0.8580671957417887,0.8640374473282819,0.006407082250993734,0.004595923063136387,0.006074233295322862,0.0,0.9935929177490063,0.7916666666666666,-0.038010416737453645,0.0031249764800177493,3,5,0.4367860847826202,0.5413028538816136,0.44000785563948386,0.4847315522130322,0.385680531963611,0.35715326112853635
v7-pilots_iteration2-utility_restoration-large-high-high-high-grid-private_fragmented-774107-always_act-event_triggered,utility_restoration,large,high,high,high,grid,private_fragmented,event_triggered,774107,always_act,55,UTL-11-critical_load,U25,no_operational_action,no_information_action,no_communication_action,execute_autonomously,False,False,0.0,False,False,False,0.8052857992751519,0.28093984093524416,1.0,0.8445810867754922,0.0,0.8289098868142124,0.8363334108705717,0.0019470325169390623,0.0015490350657084706,0.001949987553712118,0.0,0.9980529674830609,0.6875,-0.00562719219530583,-0.00030045288353774957,4,4,0.5412966325796698,0.8052857992751519,0.5320676369373285,0.5790030656752383,0.47572003569556376,0.41814954783597713
v7-pilots_iteration2-utility_restoration-large-high-high-high-grid-private_fragmented-774107-always_act-event_triggered,utility_restoration,large,high,high,high,grid,private_fragmented,event_triggered,774107,always_act,55,UTL-12-zone_operator,U14,dispatch_repair_crew,no_information_action,negotiate_commitment,execute_autonomously,False,False,0.0,False,False,False,0.46427847476404493,0.39437126928538335,0.9125239402273473,0.6731597133296536,0.0,0.7744984580734011,0.7808223715589421,0.0027776926496848597,0.0031709322445758747,0.0011485416622919464,0.0,0.9972223073503151,0.7430555555555556,-0.12029620479087799,0.002430308679511106,4,5,0.3842130126188922,0.46427847476404493,0.38322477413352707,0.4286465280129341,0.34360807051201,0.31165663558541057
v7-pilots_iteration2-utility_restoration-large-high-high-high-grid-private_fragmented-774107-always_act-event_triggered,utility_restoration,large,high,high,high,grid,private_fragmented,event_triggered,774107,always_act,55,UTL-13-crew_dispatch,U19,dispatch_repair_crew,request_peer_evidence,negotiate_commitment,execute_autonomously,False,False,0.0,False,False,False,0.6401766617324833,0.13812039389502034,1.0,0.9775471025556837,0.0,0.9117050818230998,0.9117331713739386,2.5912949631834437e-05,2.1549320418534634e-05,1.831162311627388e-05,0.0,0.9999740870503682,0.9027777777777778,0.02577823468183804,-0.00022054395568171792,2,7,0.5170713696024085,0.6401766617324833,0.4840332132782529,0.5351062919356739,0.4494297534831986,0.4139394747596905
v7-pilots_iteration2-utility_restoration-large-high-high-high-grid-private_fragmented-774107-always_act-event_triggered,utility_restoration,large,high,high,high,grid,private_fragmented,event_triggered,774107,always_act,55,UTL-14-cyber_defense,U24,isolate_component,no_information_action,no_communication_action,execute_autonomously,True,False,0.0,False,False,False,0.4455164970472668,0.4012556940375802,1.0,0.7267725716237882,0.0,0.7535479828383225,0.7759057466949321,0.013042230456717485,0.012178704320000677,0.009228114112796337,0.0,0.9869577695432825,0.8333333333333333,-0.1516379543904911,0.009593186920152319,3,6,0.3907010261857799,0.4455164970472668,0.3848527171678919,0.4284280173583538,0.3537835954265187,0.3398992103803388
v7-pilots_iteration2-utility_restoration-large-high-high-high-grid-private_fragmented-774107-always_act-event_triggered,utility_restoration,large,high,high,high,grid,private_fragmented,event_triggered,774107,always_act,55,UTL-15-communications,U29,no_operational_action,request_peer_evidence,send_targeted_summary,execute_autonomously,False,False,0.0,False,False,False,0.6815266268851095,0.09886741017827266,0.9650763181283709,0.7493606612861378,0.0,0.9168658400716494,0.9260313142036698,0.01288652829420589,0.010228646719002255,0.010271014380388799,0.0,0.9871134717057941,0.8333333333333333,-0.04652906183486172,0.012202699721737043,3,6,0.4763656118496103,0.6815266268851095,0.5198682503838443,0.5710568390229425,0.4529078499584126,0.4107717857673472
v7-pilots_iteration2-utility_restoration-large-high-high-high-grid-private_fragmented-774107-always_act-event_triggered,utility_restoration,large,high,high,high,grid,private_fragmented,event_triggered,774107,always_act,55,UTL-16-resource_allocation,U27,dispatch_repair_crew,request_peer_evidence,negotiate_commitment,execute_autonomously,False,False,0.0,False,False,False,0.5340133772676788,0.3166422314992635,0.9243488250023827,0.6511830489273214,0.0,0.8585324855788714,0.8586232376611227,8.659813470390798e-05,5.972145133026352e-05,8.853416634069244e-05,0.0,0.9999134018652961,0.7916666666666666,-0.05368781099507691,-0.005281978193666825,3,5,0.40264848001356796,0.5340133772676788,0.4283597096903749,0.4740189326019757,0.38261895178575844,0.33066817411608523
v7-pilots_iteration2-utility_restoration-large-high-high-high-grid-private_fragmented-774107-always_act-event_triggered,utility_restoration,large,high,high,high,grid,private_fragmented,event_triggered,774107,always_act,55,UTL-17-critical_load,U25,no_operational_action,no_information_action,no_communication_action,execute_autonomously,False,False,0.0,False,False,False,0.8551497937725906,0.24837870907730875,0.9949343124565329,0.825988086395306,0.0,0.8958593511072573,0.9000339584560543,0.0068541750811176305,0.007074254727609919,0.002906962742411978,0.0,0.9931458249188824,0.7916666666666666,-0.027176617291323923,0.005847283760602062,3,5,0.5537880706175542,0.8551497937725906,0.5756206003994153,0.6270132946619602,0.5174962467178214,0.4518121174134163
v7-pilots_iteration2-utility_restoration-large-high-high-high-grid-private_fragmented-774107-always_act-event_triggered,utility_restoration,large,high,high,high,grid,private_fragmented,event_triggered,774107,always_act,55,UTL-18-zone_operator,U14,no_operational_action,request_peer_evidence,send_targeted_summary,execute_autonomously,False,False,0.0,False,False,False,0.6844261663792093,0.020327187209536246,1.0,0.8218035956455976,0.0,0.9012797100254096,0.9067127877123785,0.005425678473499063,0.003972023737606412,0.0046638389745596864,0.0,0.9945743215265009,0.7430555555555556,-0.012845123500726086,-0.017446434506709907,4,5,0.4947377595238746,0.6844261663792093,0.5066863439209348,0.5577220473048792,0.436070100990379,0.3919427086272376
v7-pilots_iteration2-utility_restoration-large-high-high-high-grid-private_fragmented-774107-always_act-event_triggered,utility_restoration,large,high,high,high,grid,private_fragmented,event_triggered,774107,always_act,55,UTL-19-crew_dispatch,U19,dispatch_repair_crew,no_information_action,negotiate_commitment,execute_autonomously,False,False,0.0,False,False,False,0.6637274909058891,0.14947819615472377,1.0,0.8595501307839307,0.0,0.9421069634487165,0.9506259401183021,0.010814561597453975,0.008463087266012637,0.008248582575842156,0.0,0.989185438402546,0.7430555555555556,0.009790268523731993,-0.005449475376623103,4,5,0.4967593782961457,0.6637274909058891,0.5161581234609703,0.5639243800715916,0.4273766572915846,0.3954303085620579
v7-pilots_iteration2-utility_restoration-large-high-high-high-grid-private_fragmented-774107-always_act-event_triggered,utility_restoration,large,high,high,high,grid,private_fragmented,event_triggered,774107,always_act,55,UTL-20-cyber_defense,U24,no_operational_action,request_peer_evidence,send_targeted_summary,execute_autonomously,False,False,0.0,False,False,False,0.7856211114409463,0.03414250583702641,0.49744467192485736,0.45391709590977175,0.0,0.9530188093900822,0.9543981685690768,0.0028115965429934553,0.0024306347853303434,0.0016517389365078294,0.0,0.9971884034570065,0.7430555555555556,0.09361293679190796,-0.00019887945072172286,4,5,0.440851280908267,0.7856211114409463,0.5564393820840898,0.6087506760039455,0.47857197791630857,0.3734536338413723
v7-pilots_iteration2-utility_restoration-large-high-high-high-grid-private_fragmented-774107-always_act-event_triggered,utility_restoration,large,high,high,high,grid,private_fragmented,event_triggered,774107,always_act,55,UTL-21-communications,U29,dispatch_repair_crew,request_peer_evidence,send_targeted_summary,execute_autonomously,False,False,0.0,False,False,False,0.7023457174366804,0.025682204288137167,1.0,0.9209812144086376,0.0,0.9049670264831983,0.9053215917405737,0.00022420816587853665,0.00018448279122351696,0.00016773383833990074,0.0,0.9997757918341215,0.8333333333333333,-0.03299695744589559,-0.0066955893603680705,3,6,0.5246330353865444,0.7023457174366804,0.5074939350277017,0.5615038744946537,0.4616518679900724,0.41571234908147014
v7-pilots_iteration2-utility_restoration-large-high-high-high-grid-private_fragmented-774107-always_act-event_triggered,utility_restoration,large,high,high,high,grid,private_fragmented,event_triggered,774107,always_act,55,UTL-22-resource_allocation,U27,dispatch_repair_crew,request_peer_evidence,send_targeted_summary,execute_autonomously,False,False,0.0,False,False,False,0.7347864433865839,0.0037411802678833372,0.6790849868685357,0.8077951887774394,0.0,0.9204435220341507,0.9204784640326676,3.6265896645182316e-05,3.124168655599391e-05,2.3563774240287216e-05,0.0,0.9999637341033548,0.875,0.016731898054371586,-0.0015854258493090967,2,6,0.508498236058024,0.7347864433865839,0.5240762301184746,0.5778633988983042,0.4836103062223652,0.41645758604715155
v7-pilots_iteration2-utility_restoration-large-high-high-high-grid-private_fragmented-774107-always_act-event_triggered,utility_restoration,large,high,high,high,grid,private_fragmented,event_triggered,774107,always_act,55,UTL-23-critical_load,U25,no_operational_action,no_information_action,no_communication_action,execute_autonomously,False,False,0.0,False,False,False,0.8748829291181596,0.24874337645575,0.8190780307327162,0.5709964778957719,0.0,0.8945449387010967,0.9027903505880682,0.0049219852207775805,0.00405930164416668,0.003431519823886786,0.0,0.9950780147792224,0.7916666666666666,-0.05953337291058691,-0.0054676366781147845,3,5,0.49929935059515956,0.8748829291181596,0.5804801856316267,0.6282398099685134,0.5257841635629603,0.42079258619520665
v7-pilots_iteration2-utility_restoration-large-high-high-high-grid-private_fragmented-774107-always_act-event_triggered,utility_restoration,large,high,high,high,grid,private_fragmented,event_triggered,774107,always_act,55,UTL-24-zone_operator,U14,no_operational_action,request_peer_evidence,send_targeted_summary,execute_autonomously,False,False,0.0,False,False,False,0.6687740906199673,0.04527117893546839,0.6817618721063536,0.33855471455421277,0.0,0.8782449340008022,0.878294758274511,4.673364271001734e-05,4.649293640923702e-05,2.543811075172986e-05,0.0,0.99995326635729,0.8333333333333333,-0.04189418544270618,-0.0009217202041735817,3,6,0.3734363223038,0.6687740906199673,0.4871362968479815,0.5423780976619299,0.4475517847270529,0.3362571148204595
v7-pilots_iteration2-utility_restoration-large-high-high-high-grid-private_fragmented-774107-always_act-event_triggered,utility_restoration,large,high,high,high,grid,private_fragmented,event_triggered,774107,always_act,55,UTL-25-crew_dispatch,U19,dispatch_repair_crew,no_information_action,no_communication_action,execute_autonomously,False,True,0.0,False,False,False,0.6366891802435306,0.1493844412142121,0.9878809455933228,0.7824273711103181,0.0,0.888807949794686,0.8998202584788145,0.00804321659695939,0.00715296773874563,0.004977325633853558,0.0,0.9919567834030406,0.7430555555555556,-0.010086315335192886,0.0013795731573327252,4,5,0.4690568903492768,0.6366891802435306,0.48813816278182687,0.5409840465470563,0.41602056681339394,0.37689727550560376
v7-pilots_iteration2-utility_restoration-large-high-high-high-grid-private_fragmented-774107-always_act-event_triggered,utility_restoration,large,high,high,high,grid,private_fragmented,event_triggered,774107,always_act,55,UTL-26-cyber_defense,U24,isolate_component,request_peer_evidence,send_targeted_summary,execute_autonomously,True,True,-0.03266285030093974,True,False,True,0.6581307587247528,0.06761850766877131,0.7387616766979912,0.2982823272274826,0.0,0.9040805306329187,0.9105320621079367,0.0087051148787739,0.007149133103316663,0.005830812101056404,0.0,0.9912948851212261,0.6444444444444444,-0.042096583969703505,0.004491360994988924,5,4,0.3601522165010118,0.6581307587247528,0.5014595969784142,0.5514552681158411,0.40530380755328504,0.31511671584068585
v7-pilots_iteration2-utility_restoration-large-high-high-high-grid-private_fragmented-774107-always_act-event_triggered,utility_restoration,large,high,high,high,grid,private_fragmented,event_triggered,774107,always_act,55,UTL-27-communications,U29,dispatch_repair_crew,request_peer_evidence,send_targeted_summary,execute_autonomously,False,True,0.0,False,False,False,0.6697413052977459,0.13465442907955477,1.0,0.8369371146825646,0.0,0.9334922175999366,0.9352829499802705,0.007807282102650914,0.005761503206184737,0.006843431091563379,0.0,0.9921927178973491,0.7430555555555556,0.022732241993976943,0.0020853749088903806,4,5,0.49337695132504916,0.6697413052977459,0.5121997714627938,0.5611675241952427,0.42990245933616433,0.39360379550989966
v7-pilots_iteration2-utility_restoration-large-high-high-high-grid-private_fragmented-774107-always_act-event_triggered,utility_restoration,large,high,high,high,grid,private_fragmented,event_triggered,774107,always_act,55,UTL-28-resource_allocation,U27,no_operational_action,request_peer_evidence,send_targeted_summary,execute_autonomously,False,False,0.0,False,False,False,0.600568221647738,0.20989570940234595,0.15299230768502486,0.10955993336189179,0.0,0.8878055699842522,0.8927370727802934,0.005910952971134975,0.0044080225423368535,0.005110837802214774,0.0,0.994089047028865,0.6875,-0.01321911603923609,0.0015552998461697554,4,4,0.295287579367085,0.600568221647738,0.47045401531474723,0.519244472384167,0.38973865309204997,0.27749272227498745
v7-pilots_iteration2-utility_restoration-large-high-high-high-grid-private_fragmented-774107-always_act-event_triggered,utility_restoration,large,high,high,high,grid,private_fragmented,event_triggered,774107,always_act,55,UTL-29-critical_load,U25,no_operational_action,no_information_action,no_communication_action,execute_autonomously,False,False,0.0,False,False,False,0.9512230424881021,0.28340246158059773,1.0,0.8404116332801304,0.0,0.8112515206023685,0.8271556105067184,0.009333860390609017,0.011113101764993139,0.004291994454196257,0.0,0.990666139609391,0.6875,-0.0902729370763472,0.0008137222249837706,4,4,0.589914626433186,0.9512230424881021,0.5963695016926855,0.6527775797199155,0.5370136778450029,0.4653446071677081
v7-pilots_iteration2-utility_restoration-large-high-high-high-grid-private_fragmented-774107-always_act-event_triggered,utility_restoration,large,high,high,high,grid,private_fragmented,event_triggered,774107,always_act,55,UTL-30-zone_operator,U14,dispatch_repair_crew,no_information_action,no_communication_action,execute_autonomously,False,True,0.0,False,False,False,0.6087850828562398,0.18874633873160834,0.7081764437571014,0.37685584344779716,0.0,0.8965945252148393,0.896523317709823,0.002206397804471849,0.0018239654802211236,0.0015372515331467662,0.0,0.9977936021955282,0.9027777777777778,0.0012094882766654491,0.0020571301670037068,2,7,0.3622323305985929,0.6087850828562398,0.47075162137246634,0.5206240789455352,0.4362452903551763,0.33665738377288834
v7-pilots_iteration2-utility_restoration-large-high-high-high-grid-private_fragmented-774107-always_act-event_triggered,utility_restoration,large,high,high,high,grid,private_fragmented,event_triggered,774107,always_act,55,UTL-31-crew_dispatch,U19,dispatch_repair_crew,request_peer_evidence,send_targeted_summary,execute_autonomously,False,False,0.0,False,False,False,0.6430311428109837,0.055831782662583374,1.0,0.8637727582692669,0.0,0.8651901564587325,0.865238517592519,3.815418094654799e-05,3.0627283927442406e-05,3.066487205993784e-05,0.0,0.9999618458190535,0.8333333333333333,-0.05652483541351838,-0.0013284615742001904,3,6,0.49073605054035857,0.6430311428109837,0.4735634120924018,0.5269344590262244,0.43673974664727977,0.3920702210308518
v7-pilots_iteration2-utility_restoration-large-high-high-high-grid-private_fragmented-774107-always_act-event_triggered,utility_restoration,large,high,high,high,grid,private_fragmented,event_triggered,774107,always_act,55,UTL-32-cyber_defense,U24,isolate_component,request_peer_evidence,send_targeted_summary,execute_autonomously,True,False,0.0,False,False,False,0.6378732380167869,0.1246764838147992,0.8532940912211857,0.6826169930527943,0.0,0.8775180309776913,0.8771220303801324,0.00470964338851021,0.0038238306297396774,0.004066699385200878,0.0,0.9952903566114898,0.9027777777777778,-0.09148523787637441,0.00470964338851021,2,7,0.44550497925837823,0.6378732380167869,0.4811223036950519,0.5347776306707093,0.44846231552260607,0.38612726665455777
v7-pilots_iteration2-utility_restoration-large-high-high-high-grid-private_fragmented-774107-always_act-event_triggered,utility_restoration,large,high,high,high,grid,private_fragmented,event_triggered,774107,always_act,55,UTL-33-communications,U29,dispatch_repair_crew,request_peer_evidence,send_targeted_summary,execute_autonomously,False,False,0.0,False,False,False,0.7202245182039745,0.009458849957780346,1.0,0.8552845215970115,0.0,0.879581691375922,0.8796377628204617,3.5693122397484345e-05,3.9794609308807516e-05,1.7446511236363094e-05,0.0,0.9999643068776025,0.8333333333333333,0.022702682336815938,-0.0011250305678801586,3,6,0.5149446213726341,0.7202245182039745,0.5080352004969267,0.5658852431673882,0.4691609643123359,0.412661350198034
v7-pilots_iteration2-utility_restoration-large-high-high-high-grid-private_fragmented-774107-always_act-event_triggered,utility_restoration,large,high,high,high,grid,private_fragmented,event_triggered,774107,always_act,55,UTL-34-resource_allocation,U27,no_operational_action,request_peer_evidence,send_targeted_summary,execute_autonomously,False,False,0.0,False,False,False,0.6928525390256248,0.05877214081188337,1.0,1.0,0.0,0.9176366745401224,0.9177824650503343,0.0001435524703130575,0.00012961123801047414,8.149803484958085e-05,0.0,0.9998564475296869,0.6875,-0.02847505450572363,-0.00375376528400595,4,4,0.5403698632687124,0.6928525390256248,0.5067511577037188,0.5602090260457535,0.42849806639076243,0.40349676098483445
v7-pilots_iteration2-utility_restoration-large-high-high-high-grid-private_fragmented-774107-always_act-event_triggered,utility_restoration,large,high,high,high,grid,private_fragmented,event_triggered,774107,always_act,55,UTL-35-critical_load,U25,no_operational_action,no_information_action,no_communication_action,execute_autonomously,False,False,0.0,False,False,False,0.8918852943236223,0.17011466312731832,0.8922805305165251,0.6771401025822947,0.0,0.8999530168574709,0.9042563288388131,0.006683957177009203,0.006018473770173838,0.003737707906569465,0.0,0.9933160428229908,0.6875,0.03844337420846722,-0.003958122347720527,4,4,0.5305546246897823,0.8918852943236223,0.5910999119916295,0.6410344206095133,0.5120918236159213,0.4260631594440436
v7-pilots_iteration2-utility_restoration-large-high-high-high-grid-private_fragmented-774107-always_act-event_triggered,utility_restoration,large,high,high,high,grid,private_fragmented,event_triggered,774107,always_act,55,UTL-36-zone_operator,U14,dispatch_repair_crew,no_information_action,no_communication_action,execute_autonomously,False,False,0.0,False,False,False,0.6101427600724825,0.18717980920834193,1.0,0.8669467544510234,0.0,0.9005835182337187,0.9039373855998594,0.0033356876103683986,0.0028318818457263584,0.0020533429103637424,0.0,0.9966643123896316,0.7430555555555556,0.03701585601764634,-0.01197308059438218,4,5,0.4803157594928897,0.6101427600724825,0.47387294624193843,0.523276632972645,0.4048710703415538,0.37435800013710163
v7-pilots_iteration2-utility_restoration-large-high-high-high-grid-private_fragmented-774107-always_act-event_triggered,utility_restoration,large,high,high,high,grid,private_fragmented,event_triggered,774107,always_act,55,UTL-37-crew_dispatch,U19,dispatch_repair_crew,no_information_action,no_communication_action,execute_autonomously,False,False,0.0,False,False,False,0.6400788702375679,0.15835236062882319,0.8412221619141781,0.5697721347755582,0.0,0.8925289961754838,0.9044669217923614,0.00818874246110357,0.00685128541174107,0.0063091984644108035,0.0,0.9918112575388964,0.8333333333333333,-0.03886203249301878,0.00798913684159297,3,6,0.41917212822690714,0.6400788702375679,0.4906280365844431,0.5430195328427183,0.4354997921664452,0.3698711404726794
v7-pilots_iteration2-utility_restoration-large-high-high-high-grid-private_fragmented-774107-always_act-event_triggered,utility_restoration,large,high,high,high,grid,private_fragmented,event_triggered,774107,always_act,55,UTL-38-cyber_defense,U24,no_operational_action,request_peer_evidence,send_targeted_summary,execute_autonomously,False,False,0.0,False,False,False,0.7925501076685765,0.05987701445406515,1.0,0.9336318801222623,0.0,0.9620587695568629,0.9635349236072431,0.0033365899060875392,0.0028267367563400425,0.002054212187050597,0.0,0.9966634100939125,0.8333333333333333,0.10654868834546216,0.0021431361960293493,3,6,0.558338687836659,0.7925501076685765,0.5622059613251689,0.6131424915750865,0.49953771188746876,0.4468869424436311
v7-pilots_iteration2-utility_restoration-large-high-high-high-grid-private_fragmented-774107-always_act-event_triggered,utility_restoration,large,high,high,high,grid,private_fragmented,event_triggered,774107,always_act,55,UTL-39-communications,U29,no_operational_action,request_peer_evidence,send_targeted_summary,execute_autonomously,False,False,0.0,False,False,False,0.6832995330764238,0.059192997311281415,0.8805667004706624,0.6268217156824606,0.0,0.9067769780492421,0.9076955016622207,0.0009374049782895355,0.0007419249759111901,0.0007141320085662928,0.0,0.9990625950217105,0.8333333333333333,0.05069436474929245,-0.011818595821818545,3,6,0.44755905300977467,0.6832995330764238,0.5013264247124853,0.5548261840142215,0.4536524705587647,0.37573021403662715
v7-pilots_iteration2-utility_restoration-large-high-high-high-grid-private_fragmented-774107-always_act-event_triggered,utility_restoration,large,high,high,high,grid,private_fragmented,event_triggered,774107,always_act,55,UTL-40-resource_allocation,U27,dispatch_repair_crew,request_peer_evidence,send_targeted_summary,execute_autonomously,False,False,0.0,False,False,False,0.6581902914742803,0.15435030079484854,0.6178872186671721,0.7825783913595075,0.0,0.9218165206987088,0.9218994582450252,8.059431087337199e-05,6.343643625328355e-05,6.227129726954495e-05,0.0,0.9999194056891266,0.7916666666666666,-0.03211492629896062,-0.0029727819259719457,3,5,0.4764035130275371,0.6581902914742803,0.49384307879961203,0.5457076996796225,0.43477325575253106,0.3811930653897073
v7-pilots_iteration2-utility_restoration-large-high-high-high-grid-private_fragmented-774107-always_act-event_triggered,utility_restoration,large,high,high,high,grid,private_fragmented,event_triggered,774107,always_act,55,UTL-41-critical_load,U25,no_operational_action,no_information_action,no_communication_action,execute_autonomously,False,False,0.0,False,False,False,0.8092874310891363,0.21008225475817205,0.5914281948927396,0.24090421592780575,0.0,0.8962926963048405,0.8963176373754348,2.5443974877359388e-05,2.129618642554565e-05,1.762017647732872e-05,0.0,0.9999745560251226,0.875,0.011987699567002519,-0.0004569308023266716,2,6,0.3977747383929798,0.8092874310891363,0.5478237680766929,0.5972019982317864,0.5149007210574372,0.36928169363363617
v7-pilots_iteration2-utility_restoration-large-high-high-high-grid-private_fragmented-774107-always_act-event_triggered,utility_restoration,large,high,high,high,grid,private_fragmented,event_triggered,774107,always_act,55,UTL-42-zone_operator,U14,isolate_component,no_information_action,no_communication_action,execute_autonomously,True,True,-0.033612022205366104,True,False,True,0.6597528762064196,0.16379242471663813,0.7704007401788702,0.4670810732593618,0.0,0.9341254357835881,0.9396658460170549,0.009547120308727952,0.006491853764287181,0.009347364515665424,0.0,0.990452879691272,0.7430555555555556,0.008706604921907224,0.0021007713257404914,4,5,0.40121543549242955,0.6597528762064196,0.510798477860684,0.5579290598177289,0.42570731911780735,0.34835721331877184
v7-pilots_iteration2-utility_restoration-large-high-high-high-grid-private_fragmented-774107-always_act-event_triggered,utility_restoration,large,high,high,high,grid,private_fragmented,event_triggered,774107,always_act,55,UTL-43-crew_dispatch,U19,dispatch_repair_crew,request_peer_evidence,send_targeted_summary,execute_autonomously,False,False,0.0,False,False,False,0.648330104423141,0.10333152994978739,1.0,0.8162852593687361,0.0,0.9061724134834812,0.9141155694111498,0.005647871834871032,0.004388666043363854,0.004260806917579352,0.0,0.994352128165129,0.8333333333333333,-0.06884851201572206,0.004308743049434183,3,6,0.4811406977523646,0.648330104423141,0.4937821657089461,0.5439660878727233,0.4389653105243858,0.39638403695041724
v7-pilots_iteration2-utility_restoration-large-high-high-high-grid-private_fragmented-774107-always_act-event_triggered,utility_restoration,large,high,high,high,grid,private_fragmented,event_triggered,774107,always_act,55,UTL-44-cyber_defense,U24,isolate_component,no_information_action,no_communication_action,execute_autonomously,True,False,0.0,False,False,False,0.6718972721562564,0.16694359671530606,1.0,0.7596956455755997,0.0,0.9514592867699492,0.9501197195096072,0.007256844751418967,0.006275425935123979,0.004440108086221195,0.0,0.992743155248581,0.7430555555555556,0.04119179383750149,0.002208359231480772,4,5,0.4755720274712711,0.6718972721562564,0.5167833132069765,0.5660163788604091,0.4308079654167388,0.38395133600667386
v7-pilots_iteration2-utility_restoration-large-high-high-high-grid-private_fragmented-774107-always_act-event_triggered,utility_restoration,large,high,high,high,grid,private_fragmented,event_triggered,774107,always_act,55,UTL-45-communications,U29,dispatch_repair_crew,no_information_action,no_communication_action,execute_autonomously,False,False,0.0,False,False,False,0.5631867960198012,0.19604348815478867,1.0,0.8869337818649057,0.0,0.8200021277800715,0.8292678467399216,0.00839319782480763,0.008771811327149548,0.0038979580493277988,0.0,0.9916068021751924,0.9027777777777778,-0.05572886381387132,0.007390701745160544,2,7,0.4691476182943098,0.5631867960198012,0.44202572730766904,0.49669864460295915,0.417094009883872,0.3944851017063898
v7-pilots_iteration2-utility_restoration-large-high-high-high-grid-private_fragmented-774107-always_act-event_triggered,utility_restoration,large,high,high,high,grid,private_fragmented,event_triggered,774107,always_act,55,UTL-46-resource_allocation,U27,dispatch_repair_crew,request_peer_evidence,send_targeted_summary,execute_autonomously,False,False,0.0,False,False,False,0.39319387976455167,0.46912626750116426,0.4895848002609438,0.4012817887905647,0.0,0.7129216478947931,0.7130172867774609,5.7586097128581315e-05,4.149539003461822e-05,6.686007636502733e-05,0.0,0.9999424139028714,0.875,-0.2479107821282801,-0.0010229473804035383,2,6,0.2947935484296831,0.39319387976455167,0.335588584415499,0.3720114018013501,0.3401414295011117,0.27205825510797815
v7-pilots_iteration2-utility_restoration-large-high-high-high-grid-private_fragmented-774107-always_act-event_triggered,utility_restoration,large,high,high,high,grid,private_fragmented,event_triggered,774107,always_act,55,UTL-47-critical_load,U25,no_operational_action,request_peer_evidence,send_targeted_summary,execute_autonomously,False,False,0.0,False,False,False,0.9090792396476471,0.11612049534488844,0.8449918270764267,0.6085714825941521,0.0,0.9257950908451086,0.9263221495291535,0.0005206432473414679,0.0004139829187951305,0.00038455052802255363,0.0,0.9994793567526585,0.875,-0.035431591195070444,-0.007962188976060158,2,6,0.5199440973027966,0.9090792396476471,0.5958093691166141,0.6475311060457325,0.5568132806520119,0.44179097124688477
v7-pilots_iteration2-utility_restoration-large-high-high-high-grid-private_fragmented-774107-always_act-event_triggered,utility_restoration,large,high,high,high,grid,private_fragmented,event_triggered,774107,always_act,55,UTL-48-zone_operator,U14,dispatch_repair_crew,request_peer_evidence,send_targeted_summary,execute_autonomously,False,False,0.0,False,False,False,0.6881045585248802,0.005418754771869372,0.954991755303307,0.7347380451897952,0.0,0.8981053783617348,0.8980994228151445,9.86212996756386e-06,6.507453087611914e-06,1.2021818980856303e-05,0.0,0.9999901378700324,0.9027777777777778,-0.04805460875465095,-0.0006385980780857503,2,7,0.4750926807440102,0.6881045585248802,0.49978197498234034,0.5523534065668294,0.46955947013600524,0.3982093948837928
v7-pilots_iteration2-utility_restoration-large-high-high-high-grid-private_fragmented-774107-always_act-event_triggered,utility_restoration,large,high,high,high,grid,private_fragmented,event_triggered,774107,always_act,55,UTL-49-crew_dispatch,U19,dispatch_repair_crew,request_peer_evidence,send_targeted_summary,execute_autonomously,False,False,0.0,False,False,False,0.8134480136514015,0.004895502851146316,1.0,1.0,0.0,0.9769726480456606,0.9772161012557427,0.003241774402898745,0.0024450322223582566,0.002660886283270325,0.0,0.9967582255971013,0.8333333333333333,0.024262245908186153,-0.00547105083814825,3,6,0.5813723246414766,0.8134480136514015,0.574160851636034,0.6244919465773768,0.5083148324002553,0.4591064086902828
v7-pilots_iteration2-utility_restoration-large-high-high-high-grid-private_fragmented-774107-always_act-event_triggered,utility_restoration,large,high,high,high,grid,private_fragmented,event_triggered,774107,always_act,55,UTL-50-cyber_defense,U24,isolate_component,request_peer_evidence,send_targeted_summary,execute_autonomously,True,False,0.0,False,False,False,0.7186876198421313,0.010093388815699322,0.8639353240811065,0.6679082430160598,0.0,0.9024318412335518,0.9024712819134032,3.587780515323935e-05,3.1427784395465785e-05,2.2760123475462635e-05,0.0,0.9999641221948468,0.9027777777777778,-0.018286774084708024,-0.0006885826177573939,2,7,0.469451769070179,0.7186876198421313,0.513133237172455,0.5688222489189196,0.4824043558892507,0.3987741377808568
v7-pilots_iteration2-utility_restoration-large-high-high-high-grid-private_fragmented-774107-always_act-event_triggered,utility_restoration,large,high,high,high,grid,private_fragmented,event_triggered,774107,always_act,55,UTL-51-communications,U29,no_operational_action,request_peer_evidence,send_targeted_summary,execute_autonomously,False,False,0.0,False,False,False,0.7564904658541455,0.007575308598718494,0.7069095581612084,0.3750188593337521,0.0,0.9619857588395255,0.9620459140696271,0.0003404684786066925,0.0002764428798129881,0.0002520334689722903,0.0,0.9996595315213933,0.8333333333333333,0.12697254936438362,-0.004150804628998084,3,6,0.41201128463051,0.7564904658541455,0.543569281921589,0.595113915016972,0.4843926623254078,0.36546166575687444
v7-pilots_iteration2-utility_restoration-large-high-high-high-grid-private_fragmented-774107-always_act-event_triggered,utility_restoration,large,high,high,high,grid,private_fragmented,event_triggered,774107,always_act,60,UTL-00-zone_operator,U00,no_operational_action,no_information_action,no_communication_action,execute_autonomously,False,False,0.0,False,False,False,0.4541386756876149,0.42309055693699243,0.19340848168221522,0.23044229843921205,0.0,0.7862030087415295,0.806113647458523,0.015073269884562146,0.011407427505498391,0.014221605481653854,0.0,0.9849267301154379,0.9027777777777778,-0.1572430284801718,0.015062851034509883,2,7,0.27451330135919993,0.4541386756876149,0.3993088002988153,0.4359093094861016,0.3712937993443538,0.29886349968932174
v7-pilots_iteration2-utility_restoration-large-high-high-high-grid-private_fragmented-774107-always_act-event_triggered,utility_restoration,large,high,high,high,grid,private_fragmented,event_triggered,774107,always_act,60,UTL-01-crew_dispatch,U05,dispatch_repair_crew,no_information_action,negotiate_commitment,execute_autonomously,False,True,0.0,False,False,False,0.54524397938079,0.22464919519472595,0.7073341189785675,0.4256344725189227,0.0,0.8205533305285138,0.8215690899865045,0.0006627721785469332,0.0006472521899798522,0.00041820275845705357,0.0,0.9993372278214531,0.9027777777777778,0.01001257692326607,-0.004579381977357189,2,7,0.3523352263940101,0.54524397938079,0.4241638054344102,0.4750971084760941,0.40955802689548737,0.32169832334303416
v7-pilots_iteration2-utility_restoration-large-high-high-high-grid-private_fragmented-774107-always_act-event_triggered,utility_restoration,large,high,high,high,grid,private_fragmented,event_triggered,774107,always_act,60,UTL-02-cyber_defense,U10,isolate_component,request_peer_evidence,send_targeted_summary,execute_autonomously,True,False,0.0,False,False,False,0.8030232024138182,0.11204847490796838,1.0,0.9440122754170522,0.0,0.8766104274875077,0.8875907462957882,0.013729552456700822,0.010537083768637268,0.012293543929878026,0.0,0.9862704475432992,0.8333333333333333,0.02477602884773178,0.013231751287488547,3,6,0.5643908349207907,0.8030232024138182,0.5595832612767854,0.6109958059992588,0.5039364116804703,0.4701921549572224
v7-pilots_iteration2-utility_restoration-large-high-high-high-grid-private_fragmented-774107-always_act-event_triggered,utility_restoration,large,high,high,high,grid,private_fragmented,event_triggered,774107,always_act,60,UTL-03-communications,U15,dispatch_repair_crew,no_information_action,negotiate_commitment,execute_autonomously,False,False,0.0,False,False,False,0.48881826648333193,0.31537070275199197,0.8123270260695465,0.5278741878008426,0.0,0.7875445882381508,0.7984166956869717,0.0046809278910181495,0.0045315873815652274,0.0027749532861944814,0.0,0.9953190721089819,0.8333333333333333,-0.11540263571313891,0.003941755515316059,3,6,0.35768801567653513,0.48881826648333193,0.3989667527002959,0.44573190935070006,0.37197033858966605,0.31580335721460917
v7-pilots_iteration2-utility_restoration-large-high-high-high-grid-private_fragmented-774107-always_act-event_triggered,utility_restoration,large,high,high,high,grid,private_fragmented,event_triggered,774107,always_act,60,UTL-04-resource_allocation,U04,reconfigure_service_edge,request_peer_evidence,negotiate_commitment,execute_autonomously,True,True,-0.03870385897233844,True,False,True,0.7605188087836783,0.012304406889528302,0.9401286324112814,0.713186516996358,0.0,0.9628306314554724,0.9628557845593352,4.006084956265088e-05,3.1745381780190485e-05,2.847827117080648e-05,0.0,0.9999599391504373,0.7916666666666666,-0.002412762970536275,-0.0004511130388410445,3,5,0.49454115906557655,0.7605188087836783,0.5449712665667271,0.5966548174369091,0.4777512330224782,0.4014800624032843
v7-pilots_iteration2-utility_restoration-large-high-high-high-grid-private_fragmented-774107-always_act-event_triggered,utility_restoration,large,high,high,high,grid,private_fragmented,event_triggered,774107,always_act,60,UTL-05-critical_load,U02,no_operational_action,request_peer_evidence,send_targeted_summary,execute_autonomously,False,False,0.0,False,False,False,0.7913553851052245,0.13138288137961307,0.7735506525474273,0.5049817795271029,0.0,0.9349593479012921,0.9353061303049547,0.00037116479193199936,0.0002667076843080318,0.00031985443519688683,0.0,0.999628835208068,0.7916666666666666,0.023088667940183605,-0.00279118474383111,3,5,0.45505645802228106,0.7913553851052245,0.5508016217261176,0.6010535500925255,0.4907025950775276,0.385441625349062
v7-pilots_iteration2-utility_restoration-large-high-high-high-grid-private_fragmented-774107-always_act-event_triggered,utility_restoration,large,high,high,high,grid,private_fragmented,event_triggered,774107,always_act,60,UTL-06-zone_operator,U00,no_operational_action,request_peer_evidence,send_targeted_summary,execute_autonomously,False,False,0.0,False,False,False,0.6787850759223129,0.07970430756113861,0.17156227819035308,0.19876530337601195,0.0,0.8820521586026172,0.8825665544945941,0.00032218558709973255,0.000281954223393277,0.00021673910701169863,0.0,0.9996778144129003,0.8333333333333333,0.011230151535764676,-0.002449688347837098,3,6,0.34329059862382927,0.6787850759223129,0.49247812984151906,0.5480611640236508,0.45175639855403804,0.32253256323379254
v7-pilots_iteration2-utility_restoration-large-high-high-high-grid-private_fragmented-774107-always_act-event_triggered,utility_restoration,large,high,high,high,grid,private_fragmented,event_triggered,774107,always_act,60,UTL-07-crew_dispatch,U05,dispatch_repair_crew,no_information_action,negotiate_commitment,execute_autonomously,False,True,0.0,False,False,False,0.62903949460019,0.19243172231034264,0.9725752130023155,0.8102340588533575,0.0,0.9156907724784397,0.916314518394555,0.0006110402660126635,0.0004781283549006865,0.00047735272394333617,0.0,0.9993889597339873,0.8333333333333333,-0.02373761632362681,-0.005366664995101633,3,6,0.47312960228887047,0.62903949460019,0.48139394733210367,0.5315849973421902,0.4308632543987465,0.38225268110864646
v7-pilots_iteration2-utility_restoration-large-high-high-high-grid-private_fragmented-774107-always_act-event_triggered,utility_restoration,large,high,high,high,grid,private_fragmented,event_triggered,774107,always_act,60,UTL-08-cyber_defense,U10,isolate_component,request_peer_evidence,send_targeted_summary,execute_autonomously,True,False,0.0,False,False,False,0.7223870550832667,0.02608350979399665,0.6329401537486794,0.29276322293558504,0.0,0.9013551074707957,0.9037307737879743,0.004157086766380047,0.0034404931813060147,0.00317693812080333,0.0,0.99584291323362,0.8333333333333333,-0.005816166896146946,0.0011603786918423786,3,6,0.3806747722328511,0.7223870550832667,0.5201135203739377,0.5743793460995328,0.4700692298016387,0.3504840210062062
v7-pilots_iteration2-utility_restoration-large-high-high-high-grid-private_fragmented-774107-always_act-event_triggered,utility_restoration,large,high,high,high,grid,private_fragmented,event_triggered,774107,always_act,60,UTL-09-communications,U15,no_operational_action,request_peer_evidence,send_targeted_summary,execute_autonomously,False,False,0.0,False,False,False,0.6429321767834907,0.10027547716323448,1.0,0.815429455426481,0.0,0.8815369826566102,0.8815641181687648,2.3374895788408345e-05,1.7892418415432765e-05,1.9478001707540216e-05,0.0,0.9999766251042116,0.8333333333333333,-0.008448293469513812,-0.0006808691478370488,3,6,0.47910000940874237,0.6429321767834907,0.4775898412316526,0.531455113445311,0.43669818091573276,0.3862277157856665
v7-pilots_iteration2-utility_restoration-large-high-high-high-grid-private_fragmented-774107-always_act-event_triggered,utility_restoration,large,high,high,high,grid,private_fragmented,event_triggered,774107,always_act,60,UTL-10-resource_allocation,U04,reconfigure_service_edge,request_peer_evidence,negotiate_commitment,execute_autonomously,True,False,0.0,False,False,False,0.6184405691299871,0.12228579080967095,1.0,0.8001550579953994,0.0,0.8768875099499549,0.8777677299596928,0.0005841030534918801,0.0004754963742901186,0.0004411998110572801,0.0,0.9994158969465081,0.6875,-0.016138661978011615,-0.019117314790716544,4,4,0.4671070074230915,0.6184405691299871,0.4674158494143722,0.5190300823553995,0.39724503903459457,0.35908977965049127
v7-pilots_iteration2-utility_restoration-large-high-high-high-grid-private_fragmented-774107-always_act-event_triggered,utility_restoration,large,high,high,high,grid,private_fragmented,event_triggered,774107,always_act,60,UTL-11-critical_load,U02,no_operational_action,no_information_action,no_communication_action,execute_autonomously,False,False,0.0,False,False,False,0.9058957847660789,0.14437079112006995,0.7918288961575178,0.5314852327617342,0.0,0.9241517125804344,0.9278335800197987,0.0022153023985657105,0.0018592132197217115,0.0014294230416401765,0.0,0.9977846976014343,0.6875,0.007661833194343437,-0.02464052295678132,4,4,0.5003610226832831,0.9058957847660789,0.5964976654095322,0.6475466623566757,0.5179762296017532,0.4087431424067993
v7-pilots_iteration2-utility_restoration-large-high-high-high-grid-private_fragmented-774107-always_act-event_triggered,utility_restoration,large,high,high,high,grid,private_fragmented,event_triggered,774107,always_act,60,UTL-12-zone_operator,U00,no_operational_action,no_information_action,no_communication_action,execute_autonomously,False,False,0.0,False,False,False,0.5670477298524743,0.23463495417408,0.0,0.0,0.0,0.8443624399607844,0.8623572845711435,0.017042938410214648,0.01336246036690003,0.01423775887792944,0.0,0.9829570615897854,0.7430555555555556,-0.08156368494549326,0.008944567524855285,4,5,0.2575962281498413,0.5670477298524743,0.46176981570548636,0.5098497340650862,0.3867711576491503,0.27850356644385665
v7-pilots_iteration2-utility_restoration-large-high-high-high-grid-private_fragmented-774107-always_act-event_triggered,utility_restoration,large,high,high,high,grid,private_fragmented,event_triggered,774107,always_act,60,UTL-13-crew_dispatch,U05,no_operational_action,request_peer_evidence,send_targeted_summary,execute_autonomously,False,False,0.0,False,False,False,0.6639614498924531,0.06406963933189558,0.90634192131995,0.7141957859139274,0.0,0.8820076831859971,0.8820101431738268,2.51502872172793e-06,2.1728968466749876e-06,1.8254302135423117e-06,0.0,0.9999974849712783,0.7430555555555556,0.01638233422268376,-0.0001646367563687967,4,5,0.46195388158277667,0.6639614498924531,0.48609002179369093,0.5409202575230605,0.42747492006594134,0.3682122136203243
v7-pilots_iteration2-utility_restoration-large-high-high-high-grid-private_fragmented-774107-always_act-event_triggered,utility_restoration,large,high,high,high,grid,private_fragmented,event_triggered,774107,always_act,60,UTL-14-cyber_defense,U10,isolate_component,no_information_action,no_communication_action,execute_autonomously,True,False,0.0,False,False,False,0.8896324554757559,0.22169251324100245,0.6787218399621108,0.35914666794506056,0.0,0.8765663420753832,0.8765715563222322,7.194524877296438e-06,5.439370919457787e-06,6.3568320095575e-06,0.0,0.9999928054751227,0.8333333333333333,-0.05329871112544815,-8.995105441733653e-05,3,6,0.4534702351685716,0.8896324554757559,0.5750046400439763,0.6252507243672143,0.5403122979664841,0.40053485864176896
v7-pilots_iteration2-utility_restoration-large-high-high-high-grid-private_fragmented-774107-always_act-event_triggered,utility_restoration,large,high,high,high,grid,private_fragmented,event_triggered,774107,always_act,60,UTL-15-communications,U15,dispatch_repair_crew,no_information_action,negotiate_commitment,execute_autonomously,False,False,0.0,False,False,False,0.5422879895740014,0.2505511281254259,1.0,0.83611295609478,0.0,0.8293542528158345,0.8395022294780723,0.0038363382471144902,0.0035257516250255527,0.0026804158838805714,0.0,0.9961636617528855,0.8333333333333333,-0.05116241699229218,-0.007227928639238934,3,6,0.4498450259179077,0.5422879895740014,0.4296246325795195,0.4792808494949202,0.3944276222877472,0.3639894188804385
v7-pilots_iteration2-utility_restoration-large-high-high-high-grid-private_fragmented-774107-always_act-event_triggered,utility_restoration,large,high,high,high,grid,private_fragmented,event_triggered,774107,always_act,60,UTL-16-resource_allocation,U04,no_operational_action,no_information_action,no_communication_action,execute_autonomously,False,False,0.0,False,False,False,0.665790646561613,0.15065754689397845,1.0,1.0,0.0,0.9420955157987666,0.9421118288748856,2.8746956062364326e-05,2.1720045826789658e-05,2.3391266376626696e-05,0.0,0.9999712530439376,0.7916666666666666,0.04689860266722601,-0.0009761761673525715,3,5,0.5311688198309485,0.665790646561613,0.5018803833128241,0.5522049058191871,0.43796540488921076,0.4093646304228457
v7-pilots_iteration2-utility_restoration-large-high-high-high-grid-private_fragmented-774107-always_act-event_triggered,utility_restoration,large,high,high,high,grid,private_fragmented,event_triggered,774107,always_act,60,UTL-17-critical_load,U02,no_operational_action,no_information_action,no_communication_action,execute_autonomously,False,False,0.0,False,False,False,0.8759790512805868,0.16298423657163755,1.0,0.8562881081098084,0.0,0.9353870173603541,0.9357867390911591,0.0004239209029270885,0.0003144548906441891,0.00034790341513968315,0.0,0.9995760790970729,0.7916666666666666,-0.025963545583587044,-0.004968584997406933,3,5,0.5681420233817536,0.8759790512805868,0.5848318641164213,0.634999588367573,0.5262445348711797,0.45133747262858787
v7-pilots_iteration2-utility_restoration-large-high-high-high-grid-private_fragmented-774107-always_act-event_triggered,utility_restoration,large,high,high,high,grid,private_fragmented,event_triggered,774107,always_act,60,UTL-18-zone_operator,U00,no_operational_action,request_peer_evidence,send_targeted_summary,execute_autonomously,False,False,0.0,False,False,False,0.6881901450409025,0.0026688542950911165,0.5001331415470214,0.6751930552431811,0.0,0.8980807908430504,0.9202654635010906,0.018983227403702063,0.014929040409320415,0.01424142838590492,0.0,0.9810167725962979,0.7430555555555556,0.031836609436661,0.010499382527588197,4,5,0.46083098257227034,0.6881901450409025,0.5263727740923065,0.5746492997177599,0.4376509720282902,0.3959128284812378
v7-pilots_iteration2-utility_restoration-large-high-high-high-grid-private_fragmented-774107-always_act-event_triggered,utility_restoration,large,high,high,high,grid,private_fragmented,event_triggered,774107,always_act,60,UTL-19-crew_dispatch,U05,dispatch_repair_crew,no_information_action,negotiate_commitment,execute_autonomously,False,False,0.0,False,False,False,0.6323574876492565,0.1573602062742141,0.5644646877608598,0.2184737972532467,0.0,0.8994902863653458,0.9031185974137889,0.0039017614990837224,0.0034948485245377414,0.0023235554162431837,0.0,0.9960982385009163,0.7430555555555556,-0.04770473939982167,-0.012974576279710881,4,5,0.3322352571415264,0.6323574876492565,0.4832780327497562,0.5351193909665979,0.41420125592379886,0.30325390070331726
v7-pilots_iteration2-utility_restoration-large-high-high-high-grid-private_fragmented-774107-always_act-event_triggered,utility_restoration,large,high,high,high,grid,private_fragmented,event_triggered,774107,always_act,60,UTL-20-cyber_defense,U10,isolate_component,no_information_action,no_communication_action,execute_autonomously,True,False,0.0,False,False,False,0.7642311800426614,0.24347686731463325,0.9937078238087987,0.8158763445227581,0.0,0.7991529474611125,0.810895980857916,0.010173697580992291,0.00967550550855456,0.0059777090847557,0.0,0.9898263024190077,0.7430555555555556,-0.11364793662905381,0.002862442880797733,4,5,0.5204489238999669,0.7642311800426614,0.519723885495732,0.5694558686927769,0.4695882067290289,0.4196538267420106
v7-pilots_iteration2-utility_restoration-large-high-high-high-grid-private_fragmented-774107-always_act-event_triggered,utility_restoration,large,high,high,high,grid,private_fragmented,event_triggered,774107,always_act,60,UTL-21-communications,U15,no_operational_action,request_peer_evidence,send_targeted_summary,execute_autonomously,False,False,0.0,False,False,False,0.6902125072936434,0.08116411020393555,0.8743220064887268,0.6177669094086539,0.0,0.9284627719966823,0.9344074685516297,0.006439094706383486,0.004633633729023479,0.005575813767023097,0.0,0.9935609052936165,0.7430555555555556,-0.028400417823388535,0.005699375304106358,4,5,0.4477363107379157,0.6902125072936434,0.5172154285055648,0.5681324169100397,0.43850036417444127,0.3745935307149294
v7-pilots_iteration2-utility_restoration-large-high-high-high-grid-private_fragmented-774107-always_act-event_triggered,utility_restoration,large,high,high,high,grid,private_fragmented,event_triggered,774107,always_act,60,UTL-22-resource_allocation,U04,no_operational_action,no_information_action,no_communication_action,execute_autonomously,False,False,0.0,False,False,False,0.6254165159132984,0.19472411564638006,0.9983197892062854,0.7975636943491138,0.0,0.8837735732152275,0.8845511578204969,0.0005939637188357993,0.0007662465217580516,0.00023099556204353444,0.0,0.9994060362811642,0.7916666666666666,-0.0513603697484305,-0.0030578818530732077,3,5,0.4688569020543088,0.6254165159132984,0.4719415488754964,0.5269817241432899,0.42100827001691865,0.37425449208915684
v7-pilots_iteration2-utility_restoration-large-high-high-high-grid-private_fragmented-774107-always_act-event_triggered,utility_restoration,large,high,high,high,grid,private_fragmented,event_triggered,774107,always_act,60,UTL-23-critical_load,U02,no_operational_action,no_information_action,no_communication_action,execute_autonomously,False,False,0.0,False,False,False,0.8607375811016048,0.2949434506921755,0.9792926360315586,0.8033076555790933,0.0,0.8591187762462422,0.8674789050881896,0.006283059153475712,0.006403123713787595,0.0030866416409226494,0.0,0.9937169408465243,0.7916666666666666,-0.0680085062186997,-0.001260329845851671,3,5,0.550244614913528,0.8607375811016048,0.5678710093170685,0.617312741034491,0.5198431173960074,0.44565119888029114
v7-pilots_iteration2-utility_restoration-large-high-high-high-grid-private_fragmented-774107-always_act-event_triggered,utility_restoration,large,high,high,high,grid,private_fragmented,event_triggered,774107,always_act,60,UTL-24-zone_operator,U00,isolate_component,request_peer_evidence,send_targeted_summary,execute_autonomously,True,True,-0.015274843856288772,True,False,True,0.685936779649674,0.045768273686475625,0.1591614618762924,0.18078411972062397,0.0,0.9014983960293266,0.9226834407171093,0.016912001846100755,0.014635188913868169,0.011373607312926026,0.0,0.9830879981538992,0.7430555555555556,0.03288333961161327,0.012666558622318247,4,5,0.341406693813839,0.685936779649674,0.5234261134517423,0.5760291745999155,0.43670455856397417,0.33555317666879664
v7-pilots_iteration2-utility_restoration-large-high-high-high-grid-private_fragmented-774107-always_act-event_triggered,utility_restoration,large,high,high,high,grid,private_fragmented,event_triggered,774107,always_act,60,UTL-25-crew_dispatch,U05,dispatch_repair_crew,request_peer_evidence,send_targeted_summary,execute_autonomously,False,False,0.0,False,False,False,0.6529428729001885,0.04103536006052472,0.7840363399228298,0.5368526928881032,0.0,0.8703232955502488,0.873396051503265,0.006478899073743216,0.005169543249343822,0.0049043444511640555,0.0,0.9935211009262568,0.7430555555555556,-0.020979233589442647,0.006394544367337995,4,5,0.41564522307920887,0.6529428729001885,0.4878284317508781,0.5398783279030794,0.42284711772919026,0.3548555805963967
v7-pilots_iteration2-utility_restoration-large-high-high-high-grid-private_fragmented-774107-always_act-event_triggered,utility_restoration,large,high,high,high,grid,private_fragmented,event_triggered,774107,always_act,60,UTL-26-cyber_defense,U10,restore_communication_relay,no_information_action,no_communication_action,execute_autonomously,True,True,-0.0405,True,False,True,0.8677956964370357,0.3636009111028971,1.0,0.8994815930257604,0.0,0.8330580476540357,0.843035426165875,0.007868541005363272,0.006980992932420715,0.004752506635813503,0.0,0.9921314589946367,0.6444444444444444,0.05263483376705003,0.005429006790137025,5,4,0.5757261191147747,0.8677956964370357,0.5663987478958319,0.6099232363526437,0.49336308139244384,0.4458642058572528
v7-pilots_iteration2-utility_restoration-large-high-high-high-grid-private_fragmented-774107-always_act-event_triggered,utility_restoration,large,high,high,high,grid,private_fragmented,event_triggered,774107,always_act,60,UTL-27-communications,U15,no_operational_action,request_peer_evidence,send_targeted_summary,execute_autonomously,False,False,0.0,False,False,False,0.744441560643951,0.02973669367988635,0.9974582922294285,0.7963145237326713,0.0,0.9707626481192856,0.9735194042832475,0.003154247722177095,0.002337235091855683,0.0024647443433365446,0.0,0.9968457522778229,0.6444444444444444,0.054283098030748045,-0.0012823511921361552,5,4,0.5090256163147844,0.744441560643951,0.5448832330984498,0.5947583558254308,0.44155434435934826,0.3906511522568304
v7-pilots_iteration2-utility_restoration-large-high-high-high-grid-private_fragmented-774107-always_act-event_triggered,utility_restoration,large,high,high,high,grid,private_fragmented,event_triggered,774107,always_act,60,UTL-28-resource_allocation,U04,restore_communication_relay,request_peer_evidence,send_targeted_summary,execute_autonomously,True,False,0.0,False,False,False,0.7068370787492092,0.042407825814512135,1.0,1.0,0.0,0.9282482918741264,0.9285899955552543,0.00025527609349218494,0.0002263132702725601,0.0001657810281523453,0.0,0.9997447239065078,0.6875,0.059626067988501674,-0.004866269332753581,4,4,0.5451246067747311,0.7068370787492092,0.5151542909991043,0.5683833320702091,0.43437157307466784,0.4075155763915649
v7-pilots_iteration2-utility_restoration-large-high-high-high-grid-private_fragmented-774107-always_act-event_triggered,utility_restoration,large,high,high,high,grid,private_fragmented,event_triggered,774107,always_act,60,UTL-29-critical_load,U02,no_operational_action,request_peer_evidence,send_targeted_summary,execute_autonomously,False,False,0.0,False,False,False,0.8615547695050748,0.05534612116118026,0.7104511710443279,0.41348753134760874,0.0,0.9129366750862893,0.913544794643871,0.0006349944107238992,0.0005231125537251691,0.00043943358068443406,0.0,0.9993650055892761,0.6875,-0.04860186356505325,-0.005784376186375062,4,4,0.45696562915515154,0.8615547695050748,0.5737450687486157,0.6262676572347616,0.49935300319213144,0.3807944074736157
v7-pilots_iteration2-utility_restoration-large-high-high-high-grid-private_fragmented-774107-always_act-event_triggered,utility_restoration,large,high,high,high,grid,private_fragmented,event_triggered,774107,always_act,60,UTL-30-zone_operator,U00,no_operational_action,request_peer_evidence,send_targeted_summary,execute_autonomously,False,False,0.0,False,False,False,0.7295184779326708,0.0705052002593829,0.26172829519648505,0.3295060280349033,0.0,0.9704474066546991,0.9749833436731351,0.009887478058028476,0.007553530429676103,0.00747332554789093,0.0,0.9901125219419715,0.8333333333333333,0.05470818011717449,0.004695473830153674,3,6,0.3919177292254849,0.7295184779326708,0.548261712117983,0.5964711361467585,0.4730644273983884,0.36484087784220065
v7-pilots_iteration2-utility_restoration-large-high-high-high-grid-private_fragmented-774107-always_act-event_triggered,utility_restoration,large,high,high,high,grid,private_fragmented,event_triggered,774107,always_act,60,UTL-31-crew_dispatch,U05,dispatch_repair_crew,request_peer_evidence,send_targeted_summary,execute_autonomously,False,False,0.0,False,False,False,0.8783390423774776,0.056116030521550175,0.9041584559120579,0.7110297610724841,0.0,0.895405619848437,0.8954455002056937,3.644085631226979e-05,3.91459686871487e-05,1.7640637205662557e-05,0.0,0.9999635591436877,0.8333333333333333,-0.06616125143475193,-0.0002902853212405354,3,6,0.5340824170657386,0.8783390423774776,0.5752380391119375,0.6302867224546795,0.5355690644652072,0.43962310730381393
v7-pilots_iteration2-utility_restoration-large-high-high-high-grid-private_fragmented-774107-always_act-event_triggered,utility_restoration,large,high,high,high,grid,private_fragmented,event_triggered,774107,always_act,60,UTL-32-cyber_defense,U10,isolate_component,no_information_action,no_communication_action,execute_autonomously,True,False,0.0,False,False,False,0.8758662578823656,0.14450715946640824,1.0,0.9059449252058794,0.0,0.8998614266930776,0.9003274713572988,0.00532081908228077,0.0046887815593351645,0.0034742674845625876,0.0,0.9946791809177192,0.8333333333333333,-0.03963142217671245,0.0024691996174435182,3,6,0.5800213097294153,0.8758662578823656,0.5827610065414087,0.6328935773373807,0.5345304949772602,0.468974484466603
v7-pilots_iteration2-utility_restoration-large-high-high-high-grid-private_fragmented-774107-always_act-event_triggered,utility_restoration,large,high,high,high,grid,private_fragmented,event_triggered,774107,always_act,60,UTL-33-communications,U15,no_operational_action,no_information_action,no_communication_action,execute_autonomously,False,False,0.0,False,False,False,0.5915310417959794,0.22068412024355455,1.0,0.9616325106912988,0.0,0.8853116639077597,0.8918789392806977,0.005013329818771006,0.003139390006803744,0.0057697283690186785,0.0,0.994986670181229,0.8333333333333333,-0.053006772465120866,0.004686073096925147,3,6,0.49671235677654474,0.5915310417959794,0.4649589944416111,0.5124000816566333,0.415109704220978,0.39826533817716875
v7-pilots_iteration2-utility_restoration-large-high-high-high-grid-private_fragmented-774107-always_act-event_triggered,utility_restoration,large,high,high,high,grid,private_fragmented,event_triggered,774107,always_act,60,UTL-34-resource_allocation,U04,no_operational_action,request_peer_evidence,send_targeted_summary,execute_autonomously,False,False,0.0,False,False,False,0.6800051859284826,0.04775089940402133,1.0,0.8198029383310892,0.0,0.8760327617627148,0.8761240360543618,9.115049349117665e-05,8.308731878703401e-05,5.601119552867129e-05,0.0,0.9999088495065088,0.6875,-0.030227630136723582,-0.0011254980647212864,4,4,0.49275446841514553,0.6800051859284826,0.4911378755029594,0.5474719225253195,0.4231021780899627,0.3782327690541132
v7-pilots_iteration2-utility_restoration-large-high-high-high-grid-private_fragmented-774107-always_act-event_triggered,utility_restoration,large,high,high,high,grid,private_fragmented,event_triggered,774107,always_act,60,UTL-35-critical_load,U02,no_operational_action,request_peer_evidence,send_targeted_summary,execute_autonomously,False,False,0.0,False,False,False,0.7958076306167853,0.13376454553865885,0.7770780404366442,0.5100964919664674,0.0,0.93626603666991,0.9371231149132878,0.0008671030933541379,0.0006467894116838346,0.0007008521580281757,0.0,0.9991328969066459,0.6875,0.05130766131002873,-0.020069371057316432,4,4,0.4577977524816592,0.7958076306167853,0.5536035057448874,0.6038184292031299,0.4717392048590498,0.3742113219963138
v7-pilots_iteration2-utility_restoration-large-high-high-high-grid-private_fragmented-774107-always_act-event_triggered,utility_restoration,large,high,high,high,grid,private_fragmented,event_triggered,774107,always_act,60,UTL-36-zone_operator,U00,no_operational_action,request_peer_evidence,send_targeted_summary,execute_autonomously,False,False,0.0,False,False,False,0.7263861826297633,0.025753298359902588,0.26463923822124386,0.3337268954208036,0.0,0.9544560991853737,0.9625675855873934,0.008761446325382671,0.006647598723664161,0.006729092108048285,0.0,0.9912385536746173,0.7430555555555556,0.1064254132251713,-0.0009201291314046012,4,5,0.39186575699511245,0.7263861826297633,0.5414345227037844,0.5903248289802372,0.4536933078156117,0.34799115117592216
v7-pilots_iteration2-utility_restoration-large-high-high-high-grid-private_fragmented-774107-always_act-event_triggered,utility_restoration,large,high,high,high,grid,private_fragmented,event_triggered,774107,always_act,60,UTL-37-crew_dispatch,U05,dispatch_repair_crew,request_peer_evidence,send_targeted_summary,execute_autonomously,False,False,0.0,False,False,False,0.8355563315086697,0.010938898407686859,0.702552184549973,0.41870066759746094,0.0,0.9867661500093095,0.9868659545812352,0.0005075830841831941,0.0004099968855406644,0.0003465922897640805,0.0,0.9994924169158168,0.7430555555555556,0.059964638607791665,-0.026663579340758026,4,5,0.44937731293633837,0.8355563315086697,0.5816246864236518,0.63192060744295,0.4995447703447524,0.38124609253615244
v7-pilots_iteration2-utility_restoration-large-high-high-high-grid-private_fragmented-774107-always_act-event_triggered,utility_restoration,large,high,high,high,grid,private_fragmented,event_triggered,774107,always_act,60,UTL-38-cyber_defense,U10,restore_communication_relay,request_peer_evidence,send_targeted_summary,execute_autonomously,True,False,0.0,False,False,False,0.6353060761946064,0.13502818610035233,0.7528486919327279,0.4666306033024552,0.0,0.8770570800913662,0.8872997252772326,0.01785784389223466,0.01357214175885757,0.016284311177971134,0.0,0.9821421561077653,0.8333333333333333,-0.017207222566496427,0.010881134831282835,3,6,0.39279541069875545,0.6353060761946064,0.4983876819498127,0.5477559398561731,0.43349521866840135,0.3680968778625568
v7-pilots_iteration2-utility_restoration-large-high-high-high-grid-private_fragmented-774107-always_act-event_triggered,utility_restoration,large,high,high,high,grid,private_fragmented,event_triggered,774107,always_act,60,UTL-39-communications,U15,dispatch_repair_crew,request_peer_evidence,send_targeted_summary,execute_autonomously,False,False,0.0,False,False,False,0.7016783362402893,0.10864813311341545,1.0,0.8341544470921268,0.0,0.9583344327681984,0.9583362604099245,3.3995268584607885e-06,2.698066642659036e-06,2.5155053441361375e-06,0.0,0.9999966004731415,0.8333333333333333,0.0830533796549685,-0.00010507319934249804,3,6,0.5035677016238088,0.7016783362402893,0.5202597020257671,0.5710836242386573,0.46137156788758815,0.40490487368447525
v7-pilots_iteration2-utility_restoration-large-high-high-high-grid-private_fragmented-774107-always_act-event_triggered,utility_restoration,large,high,high,high,grid,private_fragmented,event_triggered,774107,always_act,60,UTL-40-resource_allocation,U04,no_operational_action,request_peer_evidence,send_targeted_summary,execute_autonomously,False,False,0.0,False,False,False,0.6557433665559205,0.0661384497611035,1.0,0.8581788139513178,0.0,0.8668843086162887,0.867178875099696,0.00020108790233108742,0.00020202838715566163,0.00011200556526769212,0.0,0.9997989120976689,0.7916666666666666,-0.05385703394881869,-0.007916089941017446,3,5,0.4937156599773293,0.6557433665559205,0.4792999468397039,0.534591648059757,0.4337455472868199,0.3896815028052016
v7-pilots_iteration2-utility_restoration-large-high-high-high-grid-private_fragmented-774107-always_act-event_triggered,utility_restoration,large,high,high,high,grid,private_fragmented,event_triggered,774107,always_act,60,UTL-41-critical_load,U02,no_operational_action,request_peer_evidence,send_targeted_summary,execute_autonomously,False,False,0.0,False,False,False,0.8523495967091346,0.08805475195071777,1.0,0.9445903565168088,0.0,0.8253381577609212,0.8391824947040073,0.007392659846477079,0.007146051046173385,0.004196133107357114,0.0,0.9926073401535229,0.7916666666666666,-0.10780931856568388,-0.01532926277305724,3,5,0.5813005484451399,0.8523495967091346,0.5576241019089521,0.6130554171864271,0.5163201639511699,0.46134574860720484
v7-pilots_iteration2-utility_restoration-large-high-high-high-grid-private_fragmented-774107-always_act-event_triggered,utility_restoration,large,high,high,high,grid,private_fragmented,event_triggered,774107,always_act,60,UTL-42-zone_operator,U00,reconfigure_service_edge,request_peer_evidence,send_targeted_summary,execute_autonomously,True,False,0.0,False,False,False,0.6951669762195389,0.05425833919220252,0.33864207310500694,0.4410310060022601,0.0,0.9137808705968699,0.9199745120652375,0.0054276306906861915,0.004577562613588881,0.003475406781650703,0.0,0.9945723693093138,0.7430555555555556,-0.05620520395115103,-0.007996574807633716,4,5,0.4070042133551857,0.6951669762195389,0.5141106911039937,0.5668164563624345,0.4405812411233174,0.34891347721156296
v7-pilots_iteration2-utility_restoration-large-high-high-high-grid-private_fragmented-774107-always_act-event_triggered,utility_restoration,large,high,high,high,grid,private_fragmented,event_triggered,774107,always_act,60,UTL-43-crew_dispatch,U05,dispatch_repair_crew,request_peer_evidence,send_targeted_summary,execute_autonomously,False,False,0.0,False,False,False,0.772129895272209,0.006028241804871021,0.9252280855322973,0.7415807240218311,0.0,0.9649579695318758,0.9649713642837484,1.5299698840176568e-05,1.2175520946899887e-05,1.0452539718208698e-05,0.0,0.9999847003011598,0.7430555555555556,0.06485842860373547,-0.00039440460326878313,4,5,0.5053035381577906,0.772129895272209,0.5501128700702288,0.6016514258164575,0.4729056671254389,0.40179678232089605
v7-pilots_iteration2-utility_restoration-large-high-high-high-grid-private_fragmented-774107-always_act-event_triggered,utility_restoration,large,high,high,high,grid,private_fragmented,event_triggered,774107,always_act,60,UTL-44-cyber_defense,U10,isolate_component,no_information_action,no_communication_action,execute_autonomously,True,False,0.0,False,False,False,0.841904420337877,0.23670317386822784,0.8254030994550785,0.5718344942098639,0.0,0.9103677697910252,0.912656887444466,0.0052197546974424025,0.00462171207715989,0.0028951683564131248,0.0,0.9947802453025576,0.7430555555555556,0.1945420250146649,0.004109393633065173,4,5,0.4882877815252456,0.841904420337877,0.5716613671593266,0.6200263105777247,0.5022109676530194,0.4086687615129866
v7-pilots_iteration2-utility_restoration-large-high-high-high-grid-private_fragmented-774107-always_act-event_triggered,utility_restoration,large,high,high,high,grid,private_fragmented,event_triggered,774107,always_act,60,UTL-45-communications,U15,dispatch_repair_crew,request_peer_evidence,send_targeted_summary,execute_autonomously,False,False,0.0,False,False,False,0.6142090000996892,0.11530727838913701,1.0,1.0,0.0,0.8719994910086271,0.8720250267512469,2.0678021432241067e-05,1.7035316268398937e-05,1.582823824197721e-05,0.0,0.9999793219785678,0.7430555555555556,-0.05247341452343668,-0.000558679337759882,4,5,0.5136310600338942,0.6142090000996892,0.46371242202203755,0.5150210507024402,0.4065788911529805,0.3885947205157082
v7-pilots_iteration2-utility_restoration-large-high-high-high-grid-private_fragmented-774107-always_act-event_triggered,utility_restoration,large,high,high,high,grid,private_fragmented,event_triggered,774107,always_act,60,UTL-46-resource_allocation,U04,no_operational_action,request_peer_evidence,send_targeted_summary,execute_autonomously,False,False,0.0,False,False,False,0.6461654323003849,0.10511754550987462,1.0,0.8366681318291763,0.0,0.9065525330582548,0.9067544065638041,6.026395232516801e-05,5.044319329794433e-05,4.21552725939911e-05,0.0,0.9999397360476748,0.875,-0.01987376683171105,-0.005080216999010623,2,6,0.4852965986211332,0.6461654323003849,0.4851886757179729,0.5364825240000807,0.44638948156616165,0.39513042037145496
v7-pilots_iteration2-utility_restoration-large-high-high-high-grid-private_fragmented-774107-always_act-event_triggered,utility_restoration,large,high,high,high,grid,private_fragmented,event_triggered,774107,always_act,60,UTL-47-critical_load,U02,no_operational_action,no_information_action,no_communication_action,execute_autonomously,False,False,0.0,False,False,False,0.8709956228161907,0.1515690943602403,0.9589865188657827,0.7738637856887183,0.0,0.8739688068749791,0.8739714434242851,3.1534542852540426e-06,2.637865362253855e-06,2.3461383263922997e-06,0.0,0.9999968465457147,0.875,-0.024932523059178036,-6.566250577633159e-05,2,6,0.5466658203227972,0.8709956228161907,0.5668948656812204,0.618780404829011,0.5408181615828,0.4504953043109902
v7-pilots_iteration2-utility_restoration-large-high-high-high-grid-private_fragmented-774107-always_act-event_triggered,utility_restoration,large,high,high,high,grid,private_fragmented,event_triggered,774107,always_act,60,UTL-48-zone_operator,U00,no_operational_action,request_peer_evidence,send_targeted_summary,execute_autonomously,False,False,0.0,False,False,False,0.6735373554816362,0.05837223669839586,0.180477392038329,0.211692218455577,0.0,0.8957257137982668,0.9139162610147963,0.014904205665232206,0.012535148223236314,0.010386523040954665,0.0,0.9850957943347678,0.8333333333333333,-0.02594101221316414,0.01122027456552288,3,6,0.34460883329309483,0.6735373554816362,0.5142122585735462,0.5664667360906441,0.4495523559689538,0.3446522742169808
v7-pilots_iteration2-utility_restoration-large-high-high-high-grid-private_fragmented-774107-always_act-event_triggered,utility_restoration,large,high,high,high,grid,private_fragmented,event_triggered,774107,always_act,60,UTL-49-crew_dispatch,U05,dispatch_repair_crew,no_information_action,no_communication_action,execute_autonomously,False,False,0.0,False,False,False,0.5081688607008563,0.3703056853938772,0.728910104258554,0.4569196511749033,0.0,0.8377309430765937,0.841714836874185,0.0011906470378724165,0.0008798365004244468,0.001173390303784272,0.0,0.9988093529621276,0.8333333333333333,-0.08674467906072969,-0.014572546976956424,3,6,0.34723812892026795,0.5081688607008563,0.41436718590251237,0.45822409327512725,0.3800975881610263,0.3066223128514869
v7-pilots_iteration2-utility_restoration-large-high-high-high-grid-private_fragmented-774107-always_act-event_triggered,utility_restoration,large,high,high,high,grid,private_fragmented,event_triggered,774107,always_act,60,UTL-50-cyber_defense,U10,isolate_component,request_peer_evidence,send_targeted_summary,execute_autonomously,True,False,0.0,False,False,False,0.8514549982867632,0.07043734632199039,0.9942940157981016,0.8167263229072472,0.0,0.941125201982594,0.9365076215061712,0.0125153435085964,0.010081980377326771,0.010543702233583252,0.0,0.9874846564914036,0.8333333333333333,0.07095703235007877,0.004957567679539143,3,6,0.5503090169152389,0.8514549982867632,0.5933847807223888,0.6422423980958101,0.5242777659471072,0.46051184888499086
v7-pilots_iteration2-utility_restoration-large-high-high-high-grid-private_fragmented-774107-always_act-event_triggered,utility_restoration,large,high,high,high,grid,private_fragmented,event_triggered,774107,always_act,60,UTL-51-communications,U15,no_operational_action,request_peer_evidence,send_targeted_summary,execute_autonomously,False,False,0.0,False,False,False,0.6529408848331046,0.12470825774410677,1.0,1.0,0.0,0.8951792681924057,0.9038033560681216,0.007537267743242926,0.007288164907062189,0.004950172480797765,0.0,0.9924627322567571,0.8333333333333333,-0.050917430157489396,0.0072611737639500795,3,6,0.5267999008432556,0.6529408848331046,0.49552334582188334,0.5504676427257826,0.4409018382965706,0.4237782480799482
v7-pilots_iteration2-utility_restoration-large-high-high-high-grid-private_fragmented-774107-always_act-event_triggered,utility_restoration,large,high,high,high,grid,private_fragmented,event_triggered,774107,always_act,65,UTL-00-zone_operator,U07,isolate_component,request_peer_evidence,negotiate_commitment,execute_autonomously,True,False,0.0,False,False,False,0.5020872747170798,0.3674823177375217,1.0,0.8575099526364809,0.0,0.8346600341220383,0.8346630762648103,1.7840529958901286e-06,1.2399821744946138e-06,1.8749863948119838e-06,0.0,0.9999982159470041,0.9027777777777778,-0.06038727308921199,-2.1070332915651413e-05,2,7,0.4413120620365626,0.5020872747170798,0.40950241609153576,0.4530002523942412,0.3914322109367291,0.36084852829205594
v7-pilots_iteration2-utility_restoration-large-high-high-high-grid-private_fragmented-774107-always_act-event_triggered,utility_restoration,large,high,high,high,grid,private_fragmented,event_triggered,774107,always_act,65,UTL-01-crew_dispatch,U12,dispatch_repair_crew,request_peer_evidence,negotiate_commitment,execute_autonomously,False,False,0.0,False,False,False,0.75119276417035,0.04524871475216291,1.0,1.0,0.0,0.9196785353868541,0.920136420556332,0.0005427285225765299,0.0004629877512423164,0.0003634628784124905,0.0,0.9994572714774235,0.9027777777777778,0.056368720828221974,-0.00948321726507484,2,7,0.5602055398179191,0.75119276417035,0.5311565594464607,0.5850225438454228,0.49605651650710253,0.44817664598913487
v7-pilots_iteration2-utility_restoration-large-high-high-high-grid-private_fragmented-774107-always_act-event_triggered,utility_restoration,large,high,high,high,grid,private_fragmented,event_triggered,774107,always_act,65,UTL-02-cyber_defense,U17,isolate_component,request_peer_evidence,send_targeted_summary,execute_autonomously,True,False,0.0,False,False,False,0.837375851753525,0.10910852801424759,0.581170019937628,0.19269652890956052,0.0,0.8824939483879726,0.8876920978322433,0.014476280260787178,0.012484819128933955,0.011537903654621262,0.0,0.9855237197392128,0.8333333333333333,0.0019432060531363593,0.012947798302393898,3,6,0.39575495653449305,0.837375851753525,0.5758406201635053,0.62827725001013,0.5183645244031472,0.3898201340639063
v7-pilots_iteration2-utility_restoration-large-high-high-high-grid-private_fragmented-774107-always_act-event_triggered,utility_restoration,large,high,high,high,grid,private_fragmented,event_triggered,774107,always_act,65,UTL-03-communications,U22,dispatch_repair_crew,no_information_action,negotiate_commitment,execute_autonomously,False,False,0.0,False,False,False,0.6179509284386603,0.21487294825778191,0.8994114869433286,0.6541466560678265,0.0,0.8954075594491994,0.9032639206095888,0.010961357519404746,0.011320033024242893,0.004933416520935818,0.0,0.9890386424805953,0.8333333333333333,0.036875162157585795,0.010912743655638879,3,6,0.4318985131254229,0.6179509284386603,0.48637816176493065,0.5400817677154748,0.42620605661090394,0.37775040632987245
v7-pilots_iteration2-utility_restoration-large-high-high-high-grid-private_fragmented-774107-always_act-event_triggered,utility_restoration,large,high,high,high,grid,private_fragmented,event_triggered,774107,always_act,65,UTL-04-resource_allocation,U20,dispatch_repair_crew,no_information_action,negotiate_commitment,execute_autonomously,False,False,0.0,False,False,False,0.5581525155741713,0.29956619201489615,0.3652195017416486,0.4295682775253904,0.0,0.8715160462215138,0.8716887746741486,0.0001971252767042353,0.00015354903319841906,0.0001555460709304901,0.0,0.9998028747232958,0.7916666666666666,-0.08274669047238248,-0.001971070801767838,3,5,0.35766824190131197,0.5581525155741713,0.4414159931724329,0.4890671152786524,0.3927573898744853,0.31092865884213344
v7-pilots_iteration2-utility_restoration-large-high-high-high-grid-private_fragmented-774107-always_act-event_triggered,utility_restoration,large,high,high,high,grid,private_fragmented,event_triggered,774107,always_act,65,UTL-05-critical_load,U09,no_operational_action,no_information_action,no_communication_action,execute_autonomously,False,False,0.0,False,False,False,0.8614712537424003,0.33824589146166595,0.910188634500592,0.6697735200258583,0.0,0.8413677542725427,0.8419017194599036,0.0003898951673674267,0.00038135071469269644,0.00022095603075056314,0.0,0.9996101048326326,0.7916666666666666,-0.09214586095805999,-0.004554334709554131,3,5,0.5184458710786222,0.8614712537424003,0.5554762932994103,0.6018255979762932,0.5201512599051414,0.4248403446817896
v7-pilots_iteration2-utility_restoration-large-high-high-high-grid-private_fragmented-774107-always_act-event_triggered,utility_restoration,large,high,high,high,grid,private_fragmented,event_triggered,774107,always_act,65,UTL-06-zone_operator,U07,isolate_component,request_peer_evidence,negotiate_commitment,execute_autonomously,True,False,0.0,False,False,False,0.6797050062588406,0.1399282382898384,1.0,0.7532259411215135,0.0,0.9316538899231299,0.9342280108444398,0.0025155435556643013,0.0023746971380956827,0.0013721043320129578,0.0,0.9974844564443357,0.8333333333333333,-0.00798596653049577,0.0006048660520651117,3,6,0.47667392799716907,0.6797050062588406,0.5083172359622486,0.5611612680762503,0.45214276929537967,0.391676635123301
v7-pilots_iteration2-utility_restoration-large-high-high-high-grid-private_fragmented-774107-always_act-event_triggered,utility_restoration,large,high,high,high,grid,private_fragmented,event_triggered,774107,always_act,65,UTL-07-crew_dispatch,U12,no_operational_action,no_information_action,no_communication_action,execute_autonomously,False,False,0.0,False,False,False,0.8148251070944456,0.29956466323491104,0.8926948805112686,0.6444075767413394,0.0,0.8036390793490465,0.804386584616636,0.00034052058810296604,0.00029827262166293167,0.0003109508472921574,0.0,0.999659479411897,0.8333333333333333,-0.12802070714407365,-0.0009344785379451492,3,6,0.49649835483003296,0.8148251070944456,0.527316541498384,0.5770321742932756,0.5088932116463338,0.41414776545839066
v7-pilots_iteration2-utility_restoration-large-high-high-high-grid-private_fragmented-774107-always_act-event_triggered,utility_restoration,large,high,high,high,grid,private_fragmented,event_triggered,774107,always_act,65,UTL-08-cyber_defense,U17,restore_communication_relay,no_information_action,no_communication_action,execute_autonomously,True,False,0.0,False,False,False,0.84600578056054,0.3487012943034574,0.7660292816171372,0.460742458344849,0.0,0.7970348607673444,0.8214528540617918,0.016057001447377317,0.01646884501488921,0.01008050820501516,0.0,0.9839429985526227,0.8333333333333333,0.14344412462410383,0.015311375665848836,3,6,0.4630201553933474,0.84600578056054,0.5601408294423804,0.6104689233719459,0.5219890945020934,0.42725369979642597
v7-pilots_iteration2-utility_restoration-large-high-high-high-grid-private_fragmented-774107-always_act-event_triggered,utility_restoration,large,high,high,high,grid,private_fragmented,event_triggered,774107,always_act,65,UTL-09-communications,U22,dispatch_repair_crew,no_information_action,negotiate_commitment,execute_autonomously,False,False,0.0,False,False,False,0.5400294976620506,0.26563103999581067,1.0,0.9759279853566277,0.0,0.8183862233873883,0.8261646450439687,0.005504020041590119,0.005547185535477173,0.0024768481279615617,0.0,0.9944959799584099,0.8333333333333333,-0.006183723507093397,-0.002339858776567172,3,6,0.48263274569068787,0.5400294976620506,0.4283139829698935,0.47986146746658964,0.39347905568472785,0.38122678544472743
v7-pilots_iteration2-utility_restoration-large-high-high-high-grid-private_fragmented-774107-always_act-event_triggered,utility_restoration,large,high,high,high,grid,private_fragmented,event_triggered,774107,always_act,65,UTL-10-resource_allocation,U20,dispatch_repair_crew,request_peer_evidence,negotiate_commitment,execute_autonomously,False,False,0.0,False,False,False,0.6564855050668976,0.08093898393274707,0.2751317542483315,0.2989410436600807,0.0,0.8917516177401961,0.8953389649502017,0.005303255239783922,0.005217766505897226,0.0029678580094854023,0.0,0.9946967447602161,0.6875,0.004218973752748156,-0.00011920394175091165,4,4,0.3597509222011646,0.6564855050668976,0.4929566637975055,0.5469737359234967,0.413223912128097,0.3136682327007041
v7-pilots_iteration2-utility_restoration-large-high-high-high-grid-private_fragmented-774107-always_act-event_triggered,utility_restoration,large,high,high,high,grid,private_fragmented,event_triggered,774107,always_act,65,UTL-11-critical_load,U09,no_operational_action,no_information_action,no_communication_action,execute_autonomously,False,False,0.0,False,False,False,0.8561679828825262,0.24053860159110907,1.0,1.0,0.0,0.9190949190214283,0.9189881531596304,0.0004020819223118366,0.00038478962265220407,0.0002107419412185063,0.0,0.9995979180776882,0.6875,0.04900239344352375,-0.0069181382150355075,4,4,0.5958971141800589,0.8561679828825262,0.5728038375996042,0.6217238286531955,0.497090552810661,0.449443632534959
v7-pilots_iteration2-utility_restoration-large-high-high-high-grid-private_fragmented-774107-always_act-event_triggered,utility_restoration,large,high,high,high,grid,private_fragmented,event_triggered,774107,always_act,65,UTL-12-zone_operator,U07,no_operational_action,request_peer_evidence,send_targeted_summary,execute_autonomously,False,False,0.0,False,False,False,0.70379732359378,0.05085381719253135,0.9019858900817048,0.709287106969224,0.0,0.9188040854286519,0.927305081061289,0.0052299191409390655,0.004387702170937646,0.0037753807818678986,0.0,0.9947700808590609,0.7430555555555556,-0.006790199675289377,0.0025838284049430893,4,5,0.474319995694499,0.70379732359378,0.5185418375919897,0.5719278562695677,0.44420598702049874,0.3855761137531247
v7-pilots_iteration2-utility_restoration-large-high-high-high-grid-private_fragmented-774107-always_act-event_triggered,utility_restoration,large,high,high,high,grid,private_fragmented,event_triggered,774107,always_act,65,UTL-13-crew_dispatch,U12,dispatch_repair_crew,no_information_action,negotiate_commitment,execute_autonomously,False,False,0.0,False,False,False,0.5659993524616915,0.21855648241953926,0.990112311297171,0.785662851380898,0.0,0.8508785872141436,0.8704905358026152,0.01291088295706777,0.012048457849250349,0.00800873600328933,0.0,0.9870891170429322,0.7430555555555556,-0.02813656567930478,0.010293613961592118,4,5,0.44579886416839065,0.5659993524616915,0.4571946239281074,0.5075995636134053,0.38633083914502153,0.3689775156900548
v7-pilots_iteration2-utility_restoration-large-high-high-high-grid-private_fragmented-774107-always_act-event_triggered,utility_restoration,large,high,high,high,grid,private_fragmented,event_triggered,774107,always_act,65,UTL-14-cyber_defense,U17,isolate_component,request_peer_evidence,send_targeted_summary,execute_autonomously,True,True,-0.0405,True,False,True,0.8497967034001549,0.10463070165366162,1.0,0.9284500261091911,0.0,0.8919372497585691,0.8958406336092498,0.0031093222823790345,0.0032917816189003135,0.0012522642446514132,0.0,0.996890677717621,0.8333333333333333,0.02081490787387219,-0.004617663432431862,3,6,0.5765588854222585,0.8497967034001549,0.567256044995035,0.6207333931673545,0.5235812820947316,0.46024602966423556
v7-pilots_iteration2-utility_restoration-large-high-high-high-grid-private_fragmented-774107-always_act-event_triggered,utility_restoration,large,high,high,high,grid,private_fragmented,event_triggered,774107,always_act,65,UTL-15-communications,U22,dispatch_repair_crew,request_peer_evidence,negotiate_commitment,execute_autonomously,False,False,0.0,False,False,False,0.658851587462131,0.07601164121484316,0.9805163128606456,0.7717486536479361,0.0,0.9081831626882916,0.9171441931071592,0.00801177674847997,0.006667571980106479,0.005217946144250751,0.0,0.99198822325152,0.8333333333333333,0.04225977804403025,-0.01021397493149001,3,6,0.47402921661262926,0.658851587462131,0.5018029131047973,0.552079400838529,0.44338433340076167,0.3924433192004098
v7-pilots_iteration2-utility_restoration-large-high-high-high-grid-private_fragmented-774107-always_act-event_triggered,utility_restoration,large,high,high,high,grid,private_fragmented,event_triggered,774107,always_act,65,UTL-16-resource_allocation,U20,dispatch_repair_crew,request_peer_evidence,negotiate_commitment,execute_autonomously,False,False,0.0,False,False,False,0.7221371592681394,0.05468740518202675,0.430939550589847,0.5248623483552781,0.0,0.9522292726761553,0.950641056848835,0.0033943810126820795,0.002958029909155946,0.0021559927066578943,0.0,0.9966056189873179,0.7916666666666666,0.08348468736794135,0.0033402069312075122,3,5,0.43629359775643417,0.7221371592681394,0.5316643152940496,0.5832783076749941,0.46163094022595186,0.37374723854537295
v7-pilots_iteration2-utility_restoration-large-high-high-high-grid-private_fragmented-774107-always_act-event_triggered,utility_restoration,large,high,high,high,grid,private_fragmented,event_triggered,774107,always_act,65,UTL-17-critical_load,U09,no_operational_action,request_peer_evidence,send_targeted_summary,execute_autonomously,False,False,0.0,False,False,False,0.7898233696958156,0.13139761319583917,1.0,0.8636919066404727,0.0,0.9086850134193304,0.9092329016264451,0.0005249277697095822,0.0004850011320729486,0.00027920893397281876,0.0,0.9994750722302904,0.7916666666666666,0.01665495868862943,-0.011697490734923655,3,5,0.5406260032902908,0.7898233696958156,0.5438355001107522,0.5970116541679849,0.49005914860557587,0.42815499730370066
v7-pilots_iteration2-utility_restoration-large-high-high-high-grid-private_fragmented-774107-always_act-event_triggered,utility_restoration,large,high,high,high,grid,private_fragmented,event_triggered,774107,always_act,65,UTL-18-zone_operator,U07,isolate_component,request_peer_evidence,negotiate_commitment,execute_autonomously,True,False,0.0,False,False,False,0.7112055600447414,0.02964723613642206,0.3571429335904325,0.30296475100163867,0.0,0.9139574683921438,0.9226653602478146,0.009659072630054055,0.007965586215220033,0.006480424613515723,0.0,0.990340927369946,0.7430555555555556,0.006651153499130924,0.007757540875736435,4,5,0.3793214306556054,0.7112055600447414,0.5264942927980082,0.5786358266718734,0.44731744632990256,0.3468219745166694
v7-pilots_iteration2-utility_restoration-large-high-high-high-grid-private_fragmented-774107-always_act-event_triggered,utility_restoration,large,high,high,high,grid,private_fragmented,event_triggered,774107,always_act,65,UTL-19-crew_dispatch,U12,dispatch_repair_crew,no_information_action,negotiate_commitment,execute_autonomously,False,False,0.0,False,False,False,0.621323158154477,0.16700441567044882,1.0,0.9276400951711792,0.0,0.9021888636540417,0.9027244526307115,0.004711131447439509,0.004053860252369534,0.00298592331965164,0.0,0.9952888685525605,0.7430555555555556,-0.08788150303881381,-0.007640519906088272,4,5,0.4986834966136052,0.621323158154477,0.48067206320171657,0.5307056076402492,0.40956683753599143,0.3860024595940959
v7-pilots_iteration2-utility_restoration-large-high-high-high-grid-private_fragmented-774107-always_act-event_triggered,utility_restoration,large,high,high,high,grid,private_fragmented,event_triggered,774107,always_act,65,UTL-20-cyber_defense,U17,restore_communication_relay,no_information_action,no_communication_action,execute_autonomously,True,True,-0.036141815899995496,True,False,True,0.8148121731583318,0.1702074889976955,0.8547271966665164,0.5893544351664488,0.0,0.9332906880474089,0.9337382258973953,0.003170789566314003,0.002763763851636458,0.0019970570899524587,0.0,0.996829210433686,0.7430555555555556,0.02371364271961185,-0.0042577322930290595,4,5,0.48328120331378055,0.8148121731583318,0.5636866466680246,0.6130971067621255,0.4908322238376105,0.3982414766796767
v7-pilots_iteration2-utility_restoration-large-high-high-high-grid-private_fragmented-774107-always_act-event_triggered,utility_restoration,large,high,high,high,grid,private_fragmented,event_triggered,774107,always_act,65,UTL-21-communications,U22,dispatch_repair_crew,request_peer_evidence,send_targeted_summary,execute_autonomously,False,False,0.0,False,False,False,0.7268272870011878,0.013577339564160185,1.0,0.8912390211588092,0.0,0.9487179964096861,0.949406030798701,0.005012090059177465,0.004088927702605383,0.003482484310039058,0.0,0.9949879099408225,0.7430555555555556,0.021140276139136605,0.004927888846900208,4,5,0.5258186426585181,0.7268272870011878,0.5349273399857452,0.5854157816390928,0.45387857165160994,0.4154617039098909
v7-pilots_iteration2-utility_restoration-large-high-high-high-grid-private_fragmented-774107-always_act-event_triggered,utility_restoration,large,high,high,high,grid,private_fragmented,event_triggered,774107,always_act,65,UTL-22-resource_allocation,U20,no_operational_action,no_information_action,no_communication_action,execute_autonomously,False,False,0.0,False,False,False,0.5492555363559379,0.22693256438344925,0.33284309714681415,0.3826224908628805,0.0,0.8256783006526943,0.8415606641590814,0.012056048685734844,0.009947619529175555,0.00948806252307044,0.0,0.9879439513142652,0.7916666666666666,-0.06872225745907767,0.00899817928276847,3,5,0.3433762801681102,0.5492555363559379,0.44300025786557756,0.4920972484698031,0.38902065860282725,0.32098692410280943
v7-pilots_iteration2-utility_restoration-large-high-high-high-grid-private_fragmented-774107-always_act-event_triggered,utility_restoration,large,high,high,high,grid,private_fragmented,event_triggered,774107,always_act,65,UTL-23-critical_load,U09,no_operational_action,no_information_action,no_communication_action,execute_autonomously,False,False,0.0,False,False,False,0.8690039186692587,0.4304153993378993,1.0,1.0,0.0,0.7694589920459343,0.7700172729040144,0.00024217160598194454,0.0002144527492818904,0.00018191443139314867,0.0,0.999757828394018,0.7916666666666666,-0.1200909686106626,-0.0019328129848442677,3,5,0.6002613323475481,0.8690039186692587,0.5403053557275619,0.5797248988231665,0.523314979174422,0.4664604994850846
v7-pilots_iteration2-utility_restoration-large-high-high-high-grid-private_fragmented-774107-always_act-event_triggered,utility_restoration,large,high,high,high,grid,private_fragmented,event_triggered,774107,always_act,65,UTL-24-zone_operator,U07,isolate_component,request_peer_evidence,send_targeted_summary,execute_autonomously,True,True,-0.02840146711933511,True,False,True,0.6412750776641198,0.04787882025689466,0.5967155706445038,0.2862314112680039,0.0,0.8567123320509195,0.8570348730992463,0.0002274330690367199,0.0001982644393565547,0.00014968263278258842,0.0,0.9997725669309633,0.7430555555555556,-0.019760482683362834,-0.0006755540724107112,4,5,0.3515290651101217,0.6412750776641198,0.47100652037502927,0.5246966146948717,0.4179466437300414,0.310703567152923
v7-pilots_iteration2-utility_restoration-large-high-high-high-grid-private_fragmented-774107-always_act-event_triggered,utility_restoration,large,high,high,high,grid,private_fragmented,event_triggered,774107,always_act,65,UTL-25-crew_dispatch,U12,dispatch_repair_crew,no_information_action,no_communication_action,execute_autonomously,False,False,0.0,False,False,False,0.6362434945405626,0.18820508682205286,1.0,1.0,0.0,0.8980208165749631,0.9092972587399744,0.007114688493647714,0.006307165532291714,0.004637369153670079,0.0,0.9928853115063523,0.7430555555555556,0.0690649958751316,-0.015598465391822747,4,5,0.5211227881437913,0.6362434945405626,0.4889631658510726,0.5413845652535586,0.4158333788181474,0.40104734273176035
v7-pilots_iteration2-utility_restoration-large-high-high-high-grid-private_fragmented-774107-always_act-event_triggered,utility_restoration,large,high,high,high,grid,private_fragmented,event_triggered,774107,always_act,65,UTL-26-cyber_defense,U17,restore_communication_relay,no_information_action,no_communication_action,execute_autonomously,True,False,0.0,False,False,False,0.8695653264485397,0.33558377215075996,0.6457677763121523,0.2863632756526208,0.0,0.858345498433799,0.882980460349745,0.019822471573731404,0.014774877644304185,0.017937548977211337,0.0,0.9801775284262686,0.6444444444444444,-0.006150874783679705,0.011597669093337926,5,4,0.4291793971491325,0.8695653264485397,0.5901639653910896,0.630404416431084,0.49410632599727555,0.3898514991009843
v7-pilots_iteration2-utility_restoration-large-high-high-high-grid-private_fragmented-774107-always_act-event_triggered,utility_restoration,large,high,high,high,grid,private_fragmented,event_triggered,774107,always_act,65,UTL-27-communications,U22,dispatch_repair_crew,no_information_action,no_communication_action,execute_autonomously,False,False,0.0,False,False,False,0.6311381519059371,0.1834694682223092,0.8409022531265217,0.5693082670334564,0.0,0.9216971136841434,0.9342087304371097,0.014976410903472459,0.01174221747592119,0.011234122051056339,0.0,0.9850235890965275,0.6444444444444444,-0.006306261957123138,-0.0019720173134625263,5,4,0.4160209557360482,0.6311381519059371,0.5038465144482721,0.5502826343293206,0.3939669126893825,0.34237094133556417
v7-pilots_iteration2-utility_restoration-large-high-high-high-grid-private_fragmented-774107-always_act-event_triggered,utility_restoration,large,high,high,high,grid,private_fragmented,event_triggered,774107,always_act,65,UTL-28-resource_allocation,U20,no_operational_action,request_peer_evidence,send_targeted_summary,execute_autonomously,False,False,0.0,False,False,False,0.7411526448081491,0.036957883320201085,0.6653069962690011,0.8646951445900517,0.0,0.9411149860561446,0.9431772444528969,0.0063340290585653936,0.005092638113584069,0.0047107352852986395,0.0,0.9936659709414346,0.6875,0.03256522115998661,-0.0001959442384239507,4,4,0.5243187339363831,0.7411526448081491,0.5406074451192874,0.5925359734952196,0.44878411081942265,0.4064036579372129
v7-pilots_iteration2-utility_restoration-large-high-high-high-grid-private_fragmented-774107-always_act-event_triggered,utility_restoration,large,high,high,high,grid,private_fragmented,event_triggered,774107,always_act,65,UTL-29-critical_load,U09,no_operational_action,no_information_action,no_communication_action,execute_autonomously,False,False,0.0,False,False,False,0.8895682600543251,0.1903470186928297,1.0,0.977908023646675,0.0,0.9360297594274725,0.9359678816585616,0.0002804561529134997,0.00025941855241440326,0.0001621265913113179,0.0,0.9997195438470865,0.6875,0.03626925182119822,-0.0025303685288915467,4,4,0.6019511340936725,0.8895682600543251,0.5902273824926771,0.639615752803597,0.5111186692228165,0.456045577297403
v7-pilots_iteration2-utility_restoration-large-high-high-high-grid-private_fragmented-774107-always_act-event_triggered,utility_restoration,large,high,high,high,grid,private_fragmented,event_triggered,774107,always_act,65,UTL-30-zone_operator,U07,isolate_component,request_peer_evidence,send_targeted_summary,execute_autonomously,True,False,0.0,False,False,False,0.6499806480510226,0.15507973651882584,0.7430580257257776,0.7280999424658815,0.0,0.8974002339356159,0.9024609996893076,0.0016965787208461647,0.0018529138862022343,0.0009453803667139882,0.0,0.9983034212791538,0.8333333333333333,-0.018090454879857054,-0.0010604463717149848,3,6,0.46053740652915925,0.6499806480510226,0.48671752791349765,0.5414122933661201,0.43965853884809614,0.37920893475953116
v7-pilots_iteration2-utility_restoration-large-high-high-high-grid-private_fragmented-774107-always_act-event_triggered,utility_restoration,large,high,high,high,grid,private_fragmented,event_triggered,774107,always_act,65,UTL-31-crew_dispatch,U12,dispatch_repair_crew,no_information_action,no_communication_action,execute_autonomously,False,False,0.0,False,False,False,0.4881565131905702,0.3327716852267914,0.860703570008677,0.5980201765125817,0.0,0.7878963856970831,0.7883871095462024,0.000204667069245823,0.0002194377585201801,0.00010089354451048305,0.0,0.9997953329307542,0.8333333333333333,-0.1381650529961549,-0.0021714717139432738,3,6,0.37429805684781353,0.4881565131905702,0.392523235597443,0.4394394941003652,0.37169240220670613,0.31695522560325834
v7-pilots_iteration2-utility_restoration-large-high-high-high-grid-private_fragmented-774107-always_act-event_triggered,utility_restoration,large,high,high,high,grid,private_fragmented,event_triggered,774107,always_act,65,UTL-32-cyber_defense,U17,no_operational_action,no_information_action,no_communication_action,execute_autonomously,False,False,0.0,False,False,False,0.8767727868508518,0.3279090270481827,0.7795228677368788,0.4803081582184742,0.0,0.8510622228820854,0.8541423168006003,0.009511861921647546,0.0068558390663906454,0.009767439965586266,0.0,0.9904881380783525,0.8333333333333333,-0.04491432888734259,0.0034358952158429767,3,6,0.4781767055017235,0.8767727868508518,0.5767912771511686,0.6204833817381078,0.5349112371440244,0.4236923843022382
v7-pilots_iteration2-utility_restoration-large-high-high-high-grid-private_fragmented-774107-always_act-event_triggered,utility_restoration,large,high,high,high,grid,private_fragmented,event_triggered,774107,always_act,65,UTL-33-communications,U22,dispatch_repair_crew,request_peer_evidence,send_targeted_summary,execute_autonomously,False,True,0.0,False,False,False,0.7194020505638548,0.04146936694966813,0.7098591412745721,0.37929575484812955,0.0,0.9546791968453212,0.9541372067030235,0.005374345826724136,0.0042388440062403054,0.00401580628822229,0.0,0.9946256541732759,0.8333333333333333,0.01838397350858445,0.005328862654665478,3,6,0.4004276783552617,0.7194020505638548,0.533954703594286,0.5838852459465843,0.4688155279034857,0.36441036319553954
v7-pilots_iteration2-utility_restoration-large-high-high-high-grid-private_fragmented-774107-always_act-event_triggered,utility_restoration,large,high,high,high,grid,private_fragmented,event_triggered,774107,always_act,65,UTL-34-resource_allocation,U20,dispatch_repair_crew,request_peer_evidence,send_targeted_summary,execute_autonomously,False,True,0.0,False,False,False,0.7090971921428911,0.05189712976108207,0.626883634603794,0.8089812701755014,0.0,0.9000334098951913,0.9069414129071018,0.009015611250229871,0.010294133223982316,0.004920467795409222,0.0,0.9909843887497701,0.6875,0.02715426314556646,0.006621142726030205,4,4,0.5000485501707033,0.7090971921428911,0.5212690850812761,0.5823873213240475,0.43532082070001427,0.39840418029225794
v7-pilots_iteration2-utility_restoration-large-high-high-high-grid-private_fragmented-774107-always_act-event_triggered,utility_restoration,large,high,high,high,grid,private_fragmented,event_triggered,774107,always_act,65,UTL-35-critical_load,U09,no_operational_action,no_information_action,no_communication_action,execute_autonomously,False,False,0.0,False,False,False,0.8294768834954855,0.21100847561859135,0.7672718544829785,0.4625441890003189,0.0,0.8837818681650924,0.8845619166245832,0.0006342137201693632,0.000779600390833024,0.0002456954381047094,0.0,0.9993657862798306,0.6875,0.06831638053210387,-0.007471653244490839,4,4,0.45783274574854166,0.8294768834954855,0.5536241196477044,0.6080361680177748,0.48588029106810393,0.37767431723404554
v7-pilots_iteration2-utility_restoration-large-high-high-high-grid-private_fragmented-774107-always_act-event_triggered,utility_restoration,large,high,high,high,grid,private_fragmented,event_triggered,774107,always_act,65,UTL-36-zone_operator,U07,isolate_component,request_peer_evidence,send_targeted_summary,execute_autonomously,True,False,0.0,False,False,False,0.5908664768949481,0.1989555867531708,0.7534017902892712,0.6080144198906126,0.0,0.8678178516066682,0.8817531744831506,0.008618695911931096,0.0076043870067963315,0.005180782662971395,0.0,0.9913813040880689,0.7430555555555556,-0.08518628345396062,0.006127529573333623,4,5,0.41161806291802944,0.5908664768949481,0.4653672279363499,0.5159862527275765,0.39677503140698933,0.34736561161786317
v7-pilots_iteration2-utility_restoration-large-high-high-high-grid-private_fragmented-774107-always_act-event_triggered,utility_restoration,large,high,high,high,grid,private_fragmented,event_triggered,774107,always_act,65,UTL-37-crew_dispatch,U12,dispatch_repair_crew,request_peer_evidence,send_targeted_summary,execute_autonomously,False,False,0.0,False,False,False,0.676717791200611,0.046121806694332745,0.9736488503036604,0.7617908329403076,0.0,0.9100156747094775,0.9104711362764302,0.00042211773088485227,0.0003792895802168239,0.00025417819435202826,0.0,0.9995778822691151,0.7430555555555556,0.03133532340172984,-0.014492327073318823,4,5,0.47771384891388163,0.676717791200611,0.49878199998085254,0.5508768579650414,0.4328325834153678,0.37786013483887154
v7-pilots_iteration2-utility_restoration-large-high-high-high-grid-private_fragmented-774107-always_act-event_triggered,utility_restoration,large,high,high,high,grid,private_fragmented,event_triggered,774107,always_act,65,UTL-38-cyber_defense,U17,no_operational_action,no_information_action,no_communication_action,execute_autonomously,False,False,0.0,False,False,False,0.8410283391798414,0.1983972446006334,0.9210392191846424,0.6855068678177314,0.0,0.9284472589858215,0.9284489804527326,0.0003677751883296443,0.0003203364004334963,0.0002230262046251097,0.0,0.9996322248116704,0.8333333333333333,0.008555591799597528,-0.006235615873665057,3,6,0.5152712835974016,0.8410283391798414,0.5690380356820535,0.6191976960246279,0.5198985691222,0.42640037325290286
v7-pilots_iteration2-utility_restoration-large-high-high-high-grid-private_fragmented-774107-always_act-event_triggered,utility_restoration,large,high,high,high,grid,private_fragmented,event_triggered,774107,always_act,65,UTL-39-communications,U22,no_operational_action,request_peer_evidence,send_targeted_summary,execute_autonomously,False,False,0.0,False,False,False,0.7000831380017167,0.014021255895003415,0.9249446020005734,0.6911696729008314,0.0,0.8996014070970966,0.90686938114466,0.009259570784795002,0.008878527701954408,0.004880213419028556,0.0,0.990740429215205,0.8333333333333333,-0.0075559236984927836,0.009133916082780469,3,6,0.46870898841678327,0.7000831380017167,0.5178970060736738,0.5726084151346985,0.46070158462738764,0.4024903207011453
v7-pilots_iteration2-utility_restoration-large-high-high-high-grid-private_fragmented-774107-always_act-event_triggered,utility_restoration,large,high,high,high,grid,private_fragmented,event_triggered,774107,always_act,65,UTL-40-resource_allocation,U20,no_operational_action,request_peer_evidence,send_targeted_summary,execute_autonomously,False,False,0.0,False,False,False,0.6605222359658481,0.08414055398411108,0.7100966394267483,0.929640127168785,0.0,0.8958438559748599,0.8989521196231124,0.005204573014611413,0.005152023241826953,0.00312710797894844,0.0,0.9947954269853886,0.7916666666666666,0.044211542407116666,0.0020494933721545427,3,5,0.5124911907488967,0.6605222359658481,0.4954562606005102,0.549822272307346,0.4357526724389895,0.40566817496276764
v7-pilots_iteration2-utility_restoration-large-high-high-high-grid-private_fragmented-774107-always_act-event_triggered,utility_restoration,large,high,high,high,grid,private_fragmented,event_triggered,774107,always_act,65,UTL-41-critical_load,U09,no_operational_action,request_peer_evidence,send_targeted_summary,execute_autonomously,False,False,0.0,False,False,False,0.7189909004475341,0.11827550950257132,0.9467458857955279,0.7227815344035154,0.0,0.8414200034330569,0.8414523125589117,0.0001577777478394271,0.0001402373335965823,0.00011467162001665976,0.0,0.9998422222521606,0.7916666666666666,-0.058248799827876785,-0.015982858530964483,3,5,0.48272447440900534,0.7189909004475341,0.49817224988425307,0.5514755869622758,0.4603095115212976,0.3911123601025175
v7-pilots_iteration2-utility_restoration-large-high-high-high-grid-private_fragmented-774107-always_act-event_triggered,utility_restoration,large,high,high,high,grid,private_fragmented,event_triggered,774107,always_act,65,UTL-42-zone_operator,U07,isolate_component,request_peer_evidence,send_targeted_summary,execute_autonomously,True,False,0.0,False,False,False,0.6032208148138266,0.13295184233117185,0.478814738194834,0.25026344218047986,0.0,0.8591774721311052,0.8664929808566866,0.0020573118177145133,0.0017261468982301409,0.0016777380477865922,0.0,0.9979426881822855,0.7430555555555556,0.08613977649409976,-0.0033356573872510564,4,5,0.32995830316001623,0.6032208148138266,0.4589629305031072,0.5108166264977502,0.4019638533329183,0.29746177133800084
v7-pilots_iteration2-utility_restoration-large-high-high-high-grid-private_fragmented-774107-always_act-event_triggered,utility_restoration,large,high,high,high,grid,private_fragmented,event_triggered,774107,always_act,65,UTL-43-crew_dispatch,U12,dispatch_repair_crew,request_peer_evidence,send_targeted_summary,execute_autonomously,False,False,0.0,False,False,False,0.727461413597863,0.004123406425402543,1.0,1.0,0.0,0.9230712423768865,0.9302320547841286,0.007270728343490851,0.006469533261168503,0.00457678671276629,0.0,0.9927292716565091,0.7430555555555556,0.038220627900052984,-0.007377777109307204,4,5,0.5521368806232734,0.727461413597863,0.5319313957142541,0.5847702975173252,0.4541449048222136,0.42667058107434436
v7-pilots_iteration2-utility_restoration-large-high-high-high-grid-private_fragmented-774107-always_act-event_triggered,utility_restoration,large,high,high,high,grid,private_fragmented,event_triggered,774107,always_act,65,UTL-44-cyber_defense,U17,no_operational_action,request_peer_evidence,send_targeted_summary,execute_autonomously,False,False,0.0,False,False,False,0.7559296409080104,0.053480448721676704,1.0,0.8030869013867711,0.0,0.9073534692303278,0.9076233346050389,0.0004298216374107877,0.00036617255376003577,0.0003239572596775986,0.0,0.9995701783625892,0.7430555555555556,0.018101918372479542,-0.006632210828038221,4,5,0.5145569342415486,0.7559296409080104,0.5298119739631612,0.584922147701525,0.4661015602924755,0.4050228512926445
v7-pilots_iteration2-utility_restoration-large-high-high-high-grid-private_fragmented-774107-always_act-event_triggered,utility_restoration,large,high,high,high,grid,private_fragmented,event_triggered,774107,always_act,65,UTL-45-communications,U22,dispatch_repair_crew,request_peer_evidence,send_targeted_summary,execute_autonomously,False,False,0.0,False,False,False,0.7097598764226615,0.06311966353878451,0.9165104881887152,0.678940207873637,0.0,0.9277038488043591,0.9371326501209932,0.010042087316167403,0.008017559473655234,0.00709730157423194,0.0,0.9899579126838326,0.7430555555555556,0.02529812058762748,-0.0016282781769848542,4,5,0.4690640078733778,0.7097598764226615,0.5298888350127887,0.5810980459690422,0.44671025920862895,0.38575857850221457
v7-pilots_iteration2-utility_restoration-large-high-high-high-grid-private_fragmented-774107-always_act-event_triggered,utility_restoration,large,high,high,high,grid,private_fragmented,event_triggered,774107,always_act,65,UTL-46-resource_allocation,U20,no_operational_action,request_peer_evidence,send_targeted_summary,execute_autonomously,False,False,0.0,False,False,False,0.7133180729016059,0.018997886158627297,0.25018806472822236,0.2627726938559224,0.0,0.9149320683877318,0.9148401621393412,0.00013526839161770443,0.00010920352683529977,0.00010508934645248047,0.0,0.9998647316083823,0.875,0.008806868686521807,-0.0021208518966073786,2,6,0.3703935913119674,0.7133180729016059,0.5142496220058401,0.5682354428847531,0.47459359061867445,0.34513612824021783
v7-pilots_iteration2-utility_restoration-large-high-high-high-grid-private_fragmented-774107-always_act-event_triggered,utility_restoration,large,high,high,high,grid,private_fragmented,event_triggered,774107,always_act,65,UTL-47-critical_load,U09,no_operational_action,no_information_action,no_communication_action,execute_autonomously,False,False,0.0,False,False,False,0.8047589323677599,0.1836460078590215,1.0,0.8538352324577441,0.0,0.9103574532786025,0.910359173511323,1.6929737903792486e-06,1.3179036425503554e-06,1.3505107624434132e-06,0.0,0.9999983070262096,0.875,0.004790443397855726,-2.7333047204591843e-05,2,6,0.543338492794897,0.8047589323677599,0.5494953064300612,0.5994780055235882,0.5129987515944592,0.4415442902813442
v7-pilots_iteration2-utility_restoration-large-high-high-high-grid-private_fragmented-774107-always_act-event_triggered,utility_restoration,large,high,high,high,grid,private_fragmented,event_triggered,774107,always_act,65,UTL-48-zone_operator,U07,isolate_component,request_peer_evidence,send_targeted_summary,execute_autonomously,True,False,0.0,False,False,False,0.6678892207198103,0.11446179886306582,0.9348078904339606,0.8629217334112781,0.0,0.9185079133578015,0.9219501714526351,0.00560602885337913,0.005151926132790141,0.0030432950843921613,0.0,0.9943939711466209,0.8333333333333333,-0.016163828560652016,0.0040407199320443565,3,6,0.4989835510634423,0.6678892207198103,0.5046311070221052,0.5569424646765074,0.44718013936898693,0.4068923414503353
v7-pilots_iteration2-utility_restoration-large-high-high-high-grid-private_fragmented-774107-always_act-event_triggered,utility_restoration,large,high,high,high,grid,private_fragmented,event_triggered,774107,always_act,65,UTL-49-crew_dispatch,U12,dispatch_repair_crew,request_peer_evidence,send_targeted_summary,execute_autonomously,False,False,0.0,False,False,False,0.7189026098765952,0.06406629467811137,1.0,1.0,0.0,0.9452025825282043,0.944975524305139,0.006085116656644685,0.0046486542432895295,0.005013135356068843,0.0,0.9939148833433553,0.8333333333333333,0.0911954131339966,-0.021420243668181516,3,6,0.5492268873580424,0.7189026098765952,0.5323808529019918,0.5830001195255441,0.46860576281483657,0.43528085078237655
v7-pilots_iteration2-utility_restoration-large-high-high-high-grid-private_fragmented-774107-always_act-event_triggered,utility_restoration,large,high,high,high,grid,private_fragmented,event_triggered,774107,always_act,65,UTL-50-cyber_defense,U17,restore_communication_relay,request_peer_evidence,send_targeted_summary,execute_autonomously,True,False,0.0,False,False,False,0.6933395963251929,0.04100555536026135,0.9530876998791705,0.7319771648247972,0.0,0.8630461849884,0.8723029196887416,0.008325560191182135,0.00650571769873598,0.0065845726601325705,0.0,0.9916744398088179,0.8333333333333333,-0.06768009321243251,0.004701555680539871,3,6,0.47620998230851697,0.6933395963251929,0.5047531690448323,0.5572156175182688,0.45786929712324764,0.401731615191865
v7-pilots_iteration2-utility_restoration-large-high-high-high-grid-private_fragmented-774107-always_act-event_triggered,utility_restoration,large,high,high,high,grid,private_fragmented,event_triggered,774107,always_act,65,UTL-51-communications,U22,dispatch_repair_crew,request_peer_evidence,send_targeted_summary,execute_autonomously,False,False,0.0,False,False,False,0.6604725778586533,0.13972560435549847,0.7563254740610256,0.446671937388487,0.0,0.9137516770505129,0.9137521208517512,7.844738167950283e-07,5.98077775526562e-07,6.348785838161675e-07,0.0,0.9999992155261832,0.8333333333333333,5.781263052850871e-05,-3.38664826939894e-05,3,6,0.39656194144517903,0.6604725778586533,0.492628048669433,0.546020072474839,0.444065149367301,0.3468670127933207
v7-pilots_iteration2-utility_restoration-large-high-high-high-grid-private_fragmented-774107-always_act-event_triggered,utility_restoration,large,high,high,high,grid,private_fragmented,event_triggered,774107,always_act,70,UTL-00-zone_operator,U14,no_operational_action,request_peer_evidence,send_targeted_summary,execute_autonomously,False,False,0.0,False,False,False,0.6337799140381909,0.035729459296190924,0.963803249222312,0.7475147113723524,0.0,0.8408904177908022,0.8408904177908022,0.0,0.0,0.0,0.0,1.0,0.8888888888888888,-0.09849896299111738,0.0,1,8,0.45968870150234953,0.6337799140381909,0.4637345700629769,0.5171672421738411,0.44396534167381796,0.3827156968509313
v7-pilots_iteration2-utility_restoration-large-high-high-high-grid-private_fragmented-774107-always_act-event_triggered,utility_restoration,large,high,high,high,grid,private_fragmented,event_triggered,774107,always_act,70,UTL-01-crew_dispatch,U19,dispatch_repair_crew,no_information_action,negotiate_commitment,execute_autonomously,False,False,0.0,False,False,False,0.6004339350110788,0.23422019101696506,1.0,0.8730873450711846,0.0,0.8996702010360432,0.8998057019086377,0.00012117161755353933,0.00011925725045225377,5.652320643823039e-05,0.0,0.9998788283824465,0.9027777777777778,-0.03809777897602107,-0.006186783980681287,2,7,0.4784885007208511,0.6004339350110788,0.4652607645280173,0.5146190435168447,0.43273780826020863,0.3903539673320008
v7-pilots_iteration2-utility_restoration-large-high-high-high-grid-private_fragmented-774107-always_act-event_triggered,utility_restoration,large,high,high,high,grid,private_fragmented,event_triggered,774107,always_act,70,UTL-02-cyber_defense,U24,isolate_component,no_information_action,no_communication_action,execute_autonomously,True,False,0.0,False,False,False,0.6082812610271655,0.192889670761003,1.0,1.0,0.0,0.8907419463170644,0.89793922958225,0.0035713254717046894,0.002915217986979024,0.002740770349961563,0.0,0.9964286745282953,0.8333333333333333,-0.015282791452057576,-0.007948049295073978,3,6,0.5116156287492364,0.6082812610271655,0.47099784665051886,0.5210996044857155,0.4221447962980761,0.4019255172630163
v7-pilots_iteration2-utility_restoration-large-high-high-high-grid-private_fragmented-774107-always_act-event_triggered,utility_restoration,large,high,high,high,grid,private_fragmented,event_triggered,774107,always_act,70,UTL-03-communications,U29,dispatch_repair_crew,request_peer_evidence,negotiate_commitment,execute_autonomously,False,False,0.0,False,False,False,0.6775410976266341,0.09782570260431014,0.903602957081947,0.6602242877688231,0.0,0.9192827479187052,0.9192913929974603,8.399914461665325e-06,8.170348557157148e-06,4.341532416685112e-06,0.0,0.9999916000855383,0.8333333333333333,0.048221557751015554,-0.00013763719623827164,3,6,0.45361780225757314,0.6775410976266341,0.5008488859105763,0.553900289092917,0.45123392766985293,0.37727889831264844
v7-pilots_iteration2-utility_restoration-large-high-high-high-grid-private_fragmented-774107-always_act-event_triggered,utility_restoration,large,high,high,high,grid,private_fragmented,event_triggered,774107,always_act,70,UTL-04-resource_allocation,U27,dispatch_repair_crew,request_peer_evidence,negotiate_commitment,execute_autonomously,False,False,0.0,False,False,False,0.57993855814046,0.2309457085891375,0.4846437299567664,0.43060716738851557,0.0,0.8686013705361467,0.8686085305165225,6.798503833893577e-06,5.774447850326325e-06,4.906463923703974e-06,0.0,0.9999932014961661,0.7916666666666666,0.005465611934895476,-7.455555237412259e-05,3,5,0.3653248299410002,0.57993855814046,0.44913528379558815,0.4996268143677837,0.4019075277523265,0.31697848200239276
v7-pilots_iteration2-utility_restoration-large-high-high-high-grid-private_fragmented-774107-always_act-event_triggered,utility_restoration,large,high,high,high,grid,private_fragmented,event_triggered,774107,always_act,70,UTL-05-critical_load,U25,no_operational_action,request_peer_evidence,send_targeted_summary,execute_autonomously,False,False,0.0,False,False,False,0.6742435325938192,0.006510195252661055,0.9765900192650357,0.7993888612676352,0.0,0.8468565596985507,0.8554597863991856,0.010305427117011323,0.009326292987858142,0.007268128434522847,0.0,0.9896945728829887,0.7916666666666666,0.02369704184191912,-0.00659422513350949,3,5,0.485896127786131,0.6742435325938192,0.49583915092598124,0.5529867936317622,0.4415156170227374,0.3970162914600075
v7-pilots_iteration2-utility_restoration-large-high-high-high-grid-private_fragmented-774107-always_act-event_triggered,utility_restoration,large,high,high,high,grid,private_fragmented,event_triggered,774107,always_act,70,UTL-06-zone_operator,U14,dispatch_repair_crew,no_information_action,negotiate_commitment,execute_autonomously,False,False,0.0,False,False,False,0.6290687958783291,0.16323004071195,1.0,1.0,0.0,0.91350928528719,0.9101099285714549,0.0031935184079209256,0.002595035454312833,0.002784060042376524,0.0,0.9968064815920791,0.8333333333333333,-0.05055659499748466,0.0015271574035430335,3,6,0.5186833905986319,0.6290687958783291,0.48447576544421844,0.5340297931769384,0.4308755609355649,0.4087426432090756
v7-pilots_iteration2-utility_restoration-large-high-high-high-grid-private_fragmented-774107-always_act-event_triggered,utility_restoration,large,high,high,high,grid,private_fragmented,event_triggered,774107,always_act,70,UTL-07-crew_dispatch,U19,dispatch_repair_crew,no_information_action,negotiate_commitment,execute_autonomously,False,False,0.0,False,False,False,0.6144341761285501,0.1739607434160946,0.932982503297751,0.7028246297817389,0.0,0.8976361152679426,0.9021235206100632,0.006050910397967568,0.004925705887598442,0.004037359734799573,0.0,0.9939490896020324,0.8333333333333333,-0.035154929581100225,-0.0016892528365606285,3,6,0.4423855310313244,0.6144341761285501,0.4786539738255603,0.5279874674259587,0.42472902064065765,0.37003517087086973
v7-pilots_iteration2-utility_restoration-large-high-high-high-grid-private_fragmented-774107-always_act-event_triggered,utility_restoration,large,high,high,high,grid,private_fragmented,event_triggered,774107,always_act,70,UTL-08-cyber_defense,U24,isolate_component,no_information_action,no_communication_action,execute_autonomously,True,False,0.0,False,False,False,0.529254428238451,0.33331067202832554,1.0,0.5975129976351633,0.0,0.8542928045668838,0.8590085503448788,0.003614101006984116,0.003155074568793159,0.002348163219856092,0.0,0.9963858989930159,0.8333333333333333,-0.10822766500945824,0.003524876756668238,3,6,0.3881496250335126,0.529254428238451,0.43033471384687916,0.47554613160960046,0.3889535265268161,0.3342327668690624
v7-pilots_iteration2-utility_restoration-large-high-high-high-grid-private_fragmented-774107-always_act-event_triggered,utility_restoration,large,high,high,high,grid,private_fragmented,event_triggered,774107,always_act,70,UTL-09-communications,U29,no_operational_action,request_peer_evidence,send_targeted_summary,execute_autonomously,False,False,0.0,False,False,False,0.6807387928538131,0.001397054051670621,0.6964770587283602,0.35989173515612227,0.0,0.8652867067047454,0.8662452305440225,0.0009497367641867482,0.0008060771549828205,0.0007323457694913271,0.0,0.9990502632358133,0.8333333333333333,-0.07551993520168776,-0.008161899381940896,3,6,0.38262520600776584,0.6807387928538131,0.48994682528757305,0.5452216783246002,0.4525769596652681,0.3430064044493544
v7-pilots_iteration2-utility_restoration-large-high-high-high-grid-private_fragmented-774107-always_act-event_triggered,utility_restoration,large,high,high,high,grid,private_fragmented,event_triggered,774107,always_act,70,UTL-10-resource_allocation,U27,no_operational_action,request_peer_evidence,send_targeted_summary,execute_autonomously,False,False,0.0,False,False,False,0.7483195340352953,0.014085113847214448,0.8147679427396683,0.6101190708279942,0.0,0.9220589382088512,0.9252723972214061,0.006300884627653769,0.0057292192977452805,0.004914468078644041,0.0,0.9936991153723462,0.7916666666666666,0.06123494989312417,-0.0001061976233399653,3,5,0.465657218570719,0.7483195340352953,0.5386637866450462,0.5947497958766139,0.47262753762815735,0.39158980228769963
v7-pilots_iteration2-utility_restoration-large-high-high-high-grid-private_fragmented-774107-always_act-event_triggered,utility_restoration,large,high,high,high,grid,private_fragmented,event_triggered,774107,always_act,70,UTL-11-critical_load,U25,no_operational_action,request_peer_evidence,send_targeted_summary,execute_autonomously,False,False,0.0,False,False,False,0.8210090703448745,0.06939795216014322,0.8412407870614732,0.6031324745724694,0.0,0.8384656499548648,0.8387821731671508,0.001713042352738503,0.0015189140295736037,0.001336662678968703,0.0,0.9982869576472615,0.6875,0.002448762296579088,-0.0002339901642005593,4,4,0.48869487781465,0.8210090703448745,0.5404182999204998,0.5963929757405073,0.48232380954484727,0.3932393255179223
v7-pilots_iteration2-utility_restoration-large-high-high-high-grid-private_fragmented-774107-always_act-event_triggered,utility_restoration,large,high,high,high,grid,private_fragmented,event_triggered,774107,always_act,70,UTL-12-zone_operator,U14,isolate_component,request_peer_evidence,negotiate_commitment,execute_autonomously,True,False,0.0,False,False,False,0.5740712367582548,0.0868010895929987,0.8429352967915261,0.5722561803477129,0.0,0.7434805065750163,0.744300081462995,0.0005575566774341789,0.0006048122185196014,0.0004366810657944198,0.0,0.9994424433225658,0.7430555555555556,-0.036522290095947096,-0.002220135972250681,4,5,0.39732570378125776,0.5740712367582548,0.41627920069546387,0.4760429873733275,0.3897210305495781,0.3265534616898186
v7-pilots_iteration2-utility_restoration-large-high-high-high-grid-private_fragmented-774107-always_act-event_triggered,utility_restoration,large,high,high,high,grid,private_fragmented,event_triggered,774107,always_act,70,UTL-13-crew_dispatch,U19,dispatch_repair_crew,request_peer_evidence,negotiate_commitment,execute_autonomously,False,False,0.0,False,False,False,0.7857693398694882,0.02984986851822402,0.954425811583015,0.7339174267953718,0.0,0.9387583305859561,0.9423180205713393,0.005752198801644681,0.005098892445647651,0.0036778860005074465,0.0,0.9942478011983553,0.8333333333333333,0.030584849197400676,0.005726285852012847,3,6,0.5081017579865152,0.7857693398694882,0.5570503969165868,0.6104480305997104,0.4966897894118517,0.4260724740604584
v7-pilots_iteration2-utility_restoration-large-high-high-high-grid-private_fragmented-774107-always_act-event_triggered,utility_restoration,large,high,high,high,grid,private_fragmented,event_triggered,774107,always_act,70,UTL-14-cyber_defense,U24,isolate_component,request_peer_evidence,send_targeted_summary,execute_autonomously,True,True,-0.03785496663668106,True,False,True,0.7477137612032017,0.12668856396615402,0.911832221222702,0.6572754465326694,0.0,0.8655450913775898,0.8743708701274594,0.004710561045985218,0.004064170302686798,0.003160928991672085,0.0,0.9952894389540148,0.8333333333333333,0.09846512343252734,-0.008331669410732268,3,6,0.47676878597692923,0.7477137612032017,0.5220665627900575,0.5753819591340594,0.4807064463720113,0.4007531968355234
v7-pilots_iteration2-utility_restoration-large-high-high-high-grid-private_fragmented-774107-always_act-event_triggered,utility_restoration,large,high,high,high,grid,private_fragmented,event_triggered,774107,always_act,70,UTL-15-communications,U29,dispatch_repair_crew,no_information_action,negotiate_commitment,execute_autonomously,False,False,0.0,False,False,False,0.6367732960225337,0.171044395035238,0.9670506725776206,0.7522234752375497,0.0,0.920823666578651,0.9207015140178761,8.168308625378096e-05,7.494314053191342e-05,5.135638048059388e-05,0.0,0.9999183169137462,0.8333333333333333,-0.005329800185793654,-0.012804845207952109,3,6,0.46183655470467344,0.6367732960225337,0.4850295913744316,0.5353391271916258,0.4341114509961308,0.37696868228159536
v7-pilots_iteration2-utility_restoration-large-high-high-high-grid-private_fragmented-774107-always_act-event_triggered,utility_restoration,large,high,high,high,grid,private_fragmented,event_triggered,774107,always_act,70,UTL-16-resource_allocation,U27,dispatch_repair_crew,request_peer_evidence,negotiate_commitment,execute_autonomously,False,False,0.0,False,False,False,0.6615169209662517,0.14527682989764845,1.0,0.6801294859294503,0.0,0.9251049288183322,0.925109846074556,6.020338571000039e-06,5.331975959310675e-06,3.814107746413775e-06,0.0,0.999993979661429,0.7916666666666666,0.06648660841343335,-8.057779613290794e-05,3,5,0.45294682975159367,0.6615169209662517,0.49589142906508316,0.5478164426100985,0.436170440139159,0.369762235864531
v7-pilots_iteration2-utility_restoration-large-high-high-high-grid-private_fragmented-774107-always_act-event_triggered,utility_restoration,large,high,high,high,grid,private_fragmented,event_triggered,774107,always_act,70,UTL-17-critical_load,U25,no_operational_action,no_information_action,no_communication_action,execute_autonomously,False,False,0.0,False,False,False,0.783587588094925,0.14762826000415907,0.8339048496613547,0.5924953653422976,0.0,0.8809634431664944,0.8813512931957987,0.000490646073998402,0.0004689034182091545,0.00025366472991117384,0.0,0.9995093539260016,0.7916666666666666,-0.018682665260255527,-0.0063635290071192285,3,5,0.4734186676344259,0.783587588094925,0.5343628005331914,0.5880361294759943,0.48744012033320183,0.3938363696383029
v7-pilots_iteration2-utility_restoration-large-high-high-high-grid-private_fragmented-774107-always_act-event_triggered,utility_restoration,large,high,high,high,grid,private_fragmented,event_triggered,774107,always_act,70,UTL-18-zone_operator,U14,dispatch_repair_crew,request_peer_evidence,negotiate_commitment,execute_autonomously,False,False,0.0,False,False,False,0.6520213610212623,0.006472047132076331,0.9133904254948054,0.6744161169674678,0.0,0.8439265629039117,0.8459524542373623,0.00530209993239017,0.0038837786295806698,0.005437452290176448,0.0,0.9946979000676098,0.7430555555555556,-0.06076033347501619,-0.000123578541108893,4,5,0.4483471308194215,0.6520213610212623,0.4792131250398291,0.5316164459862551,0.4224600827400412,0.3653928354608075
v7-pilots_iteration2-utility_restoration-large-high-high-high-grid-private_fragmented-774107-always_act-event_triggered,utility_restoration,large,high,high,high,grid,private_fragmented,event_triggered,774107,always_act,70,UTL-19-crew_dispatch,U19,dispatch_repair_crew,request_peer_evidence,negotiate_commitment,execute_autonomously,False,False,0.0,False,False,False,0.7369135886868223,0.08711027215095157,1.0,0.9937509614149825,0.0,0.9797132011175386,0.9777930702554112,0.0019468762128004302,0.0015195748152866395,0.0014779413671182073,0.0,0.9980531237871996,0.7430555555555556,0.02716713013710903,-0.008867685384653545,4,5,0.5538508508931155,0.7369135886868223,0.5424193624520343,0.5923044511964345,0.45811481835957646,0.42395146228653374
v7-pilots_iteration2-utility_restoration-large-high-high-high-grid-private_fragmented-774107-always_act-event_triggered,utility_restoration,large,high,high,high,grid,private_fragmented,event_triggered,774107,always_act,70,UTL-20-cyber_defense,U24,isolate_component,no_information_action,no_communication_action,execute_autonomously,True,False,0.0,False,False,False,0.6215229419051229,0.18633620703385786,0.8211569586154133,1.0,0.0,0.9151177093216176,0.9104838663892244,0.0030283468637308797,0.0026334329969006642,0.0026358270663183747,0.0,0.9969716531362691,0.7430555555555556,-0.04391430217985237,0.0002167503207374244,4,5,0.5161178002477418,0.6215229419051229,0.4816282897016768,0.5308529606338539,0.4096507467112628,0.3937150752719947
v7-pilots_iteration2-utility_restoration-large-high-high-high-grid-private_fragmented-774107-always_act-event_triggered,utility_restoration,large,high,high,high,grid,private_fragmented,event_triggered,774107,always_act,70,UTL-21-communications,U29,dispatch_repair_crew,request_peer_evidence,send_targeted_summary,execute_autonomously,False,False,0.0,False,False,False,0.6311573856331983,0.08814051315465199,1.0,0.9721110289639808,0.0,0.8683980859545491,0.8684482986565527,3.896678793702257e-05,3.428211483902377e-05,2.596355189710131e-05,0.0,0.999961033212063,0.8333333333333333,-0.036873293084020986,-0.00018524137794151407,3,6,0.5127001580666428,0.6311573856331983,0.4696170292450285,0.5227857462045306,0.4317527686326099,0.4017454286192671
v7-pilots_iteration2-utility_restoration-large-high-high-high-grid-private_fragmented-774107-always_act-event_triggered,utility_restoration,large,high,high,high,grid,private_fragmented,event_triggered,774107,always_act,70,UTL-22-resource_allocation,U27,reconfigure_service_edge,request_peer_evidence,send_targeted_summary,execute_autonomously,True,True,-0.030865935151331934,True,False,True,0.7286156916065877,0.037396548986809525,0.678864505044398,0.8693752589830703,0.0,0.9561698209008408,0.9570181227321369,0.012384848347461896,0.008186120965556598,0.013349458648344248,0.0,0.9876151516525381,0.7916666666666666,0.03653965869946929,0.012348582450816714,3,5,0.5211793973021768,0.7286156916065877,0.547827519554292,0.594130461762214,0.46435192380810014,0.43360179878825117
v7-pilots_iteration2-utility_restoration-large-high-high-high-grid-private_fragmented-774107-always_act-event_triggered,utility_restoration,large,high,high,high,grid,private_fragmented,event_triggered,774107,always_act,70,UTL-23-critical_load,U25,no_operational_action,request_peer_evidence,send_targeted_summary,execute_autonomously,False,False,0.0,False,False,False,0.7745356396875918,0.09959774236828278,0.7737585378483082,0.5052832132133802,0.0,0.9372770412276765,0.9370452595053328,0.00569041556727834,0.005008790658687645,0.003810030770967976,0.0,0.9943095844327217,0.7916666666666666,0.03425490891726457,0.0007684303465007591,3,5,0.4494100886649925,0.7745356396875918,0.5521000979761455,0.6024455028620044,0.4836383020021219,0.38611054989949595
v7-pilots_iteration2-utility_restoration-large-high-high-high-grid-private_fragmented-774107-always_act-event_triggered,utility_restoration,large,high,high,high,grid,private_fragmented,event_triggered,774107,always_act,70,UTL-24-zone_operator,U14,no_operational_action,request_peer_evidence,send_targeted_summary,execute_autonomously,False,False,0.0,False,False,False,0.7409788262211069,0.03234988158306773,1.0,0.9856561571948718,0.0,0.9457237221367132,0.9454823183195955,0.0020175802831451373,0.0017977673473346112,0.0012535574234141533,0.0,0.9979824197168549,0.7430555555555556,0.06718756004508453,0.00197084664043512,4,5,0.5532902786419456,0.7409788262211069,0.5356470734190243,0.5887427005711734,0.45982221812397595,0.4256932252465041
v7-pilots_iteration2-utility_restoration-large-high-high-high-grid-private_fragmented-774107-always_act-event_triggered,utility_restoration,large,high,high,high,grid,private_fragmented,event_triggered,774107,always_act,70,UTL-25-crew_dispatch,U19,dispatch_repair_crew,no_information_action,no_communication_action,execute_autonomously,False,False,0.0,False,False,False,0.608732934061734,0.20586090051870215,1.0,0.8468105430743701,0.0,0.8767595499032719,0.8775602904456999,0.0006159692422548213,0.0006077296277964273,0.0003274155810371049,0.0,0.9993840307577452,0.7430555555555556,-0.022259968033114585,-0.007427247354704569,4,5,0.47500372791883844,0.608732934061734,0.46354541803966837,0.51647256015305,0.4042789434170394,0.3691884251336837
v7-pilots_iteration2-utility_restoration-large-high-high-high-grid-private_fragmented-774107-always_act-event_triggered,utility_restoration,large,high,high,high,grid,private_fragmented,event_triggered,774107,always_act,70,UTL-26-cyber_defense,U24,isolate_component,no_information_action,no_communication_action,execute_autonomously,True,False,0.0,False,False,False,0.6796038730628837,0.15635525948115783,1.0,1.0,0.0,0.9567895481455498,0.9584136412048835,0.007576439284445624,0.006422505148879765,0.00486701754594232,0.0,0.9924235607155544,0.6444444444444444,0.04788157909694679,-0.0011286755943282767,5,4,0.5358653168413805,0.6796038730628837,0.5216459512597649,0.5706163921002283,0.41432251557530003,0.40070266822617323
v7-pilots_iteration2-utility_restoration-large-high-high-high-grid-private_fragmented-774107-always_act-event_triggered,utility_restoration,large,high,high,high,grid,private_fragmented,event_triggered,774107,always_act,70,UTL-27-communications,U29,dispatch_repair_crew,request_peer_evidence,send_targeted_summary,execute_autonomously,False,False,0.0,False,False,False,0.6825567545974394,0.1193483870141483,0.9602387342502033,0.7423461646627948,0.0,0.9496631254002789,0.9541337106881873,0.004277336770074247,0.0034901226109526062,0.0028529442001089533,0.0,0.9957226632299258,0.6444444444444444,0.018850760707916803,-0.003529945332576667,5,4,0.47503237608220017,0.6825567545974394,0.5164267546671495,0.5662240238080332,0.4155627258198134,0.3677368946581057
v7-pilots_iteration2-utility_restoration-large-high-high-high-grid-private_fragmented-774107-always_act-event_triggered,utility_restoration,large,high,high,high,grid,private_fragmented,event_triggered,774107,always_act,70,UTL-28-resource_allocation,U27,dispatch_repair_crew,request_peer_evidence,send_targeted_summary,execute_autonomously,False,False,0.0,False,False,False,0.6368120852935382,0.024461927361578206,0.5989135323958522,0.48478105603050714,0.0,0.8277120325001829,0.8279208869463588,0.00020277720589689796,0.00017681909519151606,0.00014220943421294763,0.0,0.9997972227941031,0.6875,-0.06481618583393456,-0.005708175765238077,4,4,0.39766356244712475,0.6368120852935382,0.4619367303307166,0.5169468063208486,0.40496107582328605,0.32603926330696475
v7-pilots_iteration2-utility_restoration-large-high-high-high-grid-private_fragmented-774107-always_act-event_triggered,utility_restoration,large,high,high,high,grid,private_fragmented,event_triggered,774107,always_act,70,UTL-29-critical_load,U25,no_operational_action,request_peer_evidence,send_targeted_summary,execute_autonomously,False,False,0.0,False,False,False,0.8977098701805772,0.09402996417455822,0.8525432306479511,0.6195210177728625,0.0,0.940101557109023,0.9398050618337418,0.0059217280841913356,0.005387390889588284,0.003449034312272725,0.0,0.9940782719158087,0.6875,0.11264945132702342,-0.003412132306417681,4,4,0.5187064001268833,0.8977098701805772,0.6023997566673546,0.6537679734516005,0.5145381454758424,0.42019324708201367
v7-pilots_iteration2-utility_restoration-large-high-high-high-grid-private_fragmented-774107-always_act-event_triggered,utility_restoration,large,high,high,high,grid,private_fragmented,event_triggered,774107,always_act,70,UTL-30-zone_operator,U14,dispatch_repair_crew,no_information_action,no_communication_action,execute_autonomously,False,True,0.0,False,False,False,0.5740857633763177,0.18813330329565986,1.0,1.0,0.0,0.8356018849708159,0.8413365161656778,0.0026528204968643276,0.003027321579370801,0.0013127612535541733,0.0,0.9973471795031357,0.9027777777777778,-0.055186801544145125,0.00044642269239247856,2,7,0.49998915954794804,0.5740857633763177,0.44224872528884107,0.4964067932310895,0.42167157617360895,0.4007898024963838
v7-pilots_iteration2-utility_restoration-large-high-high-high-grid-private_fragmented-774107-always_act-event_triggered,utility_restoration,large,high,high,high,grid,private_fragmented,event_triggered,774107,always_act,70,UTL-31-crew_dispatch,U19,dispatch_repair_crew,no_information_action,no_communication_action,execute_autonomously,False,True,0.0,False,False,False,0.59112496349265,0.2123371868111874,1.0,1.0,0.0,0.8449449496973435,0.8510327491899617,0.0038307472114245122,0.004615504381946911,0.001352987896651614,0.0,0.9961692527885755,0.8333333333333333,-0.014205768402557273,0.0037925930304779643,3,6,0.505782487587501,0.59112496349265,0.45304926891739017,0.5096774137575661,0.4149391513335796,0.4000687788664349
v7-pilots_iteration2-utility_restoration-large-high-high-high-grid-private_fragmented-774107-always_act-event_triggered,utility_restoration,large,high,high,high,grid,private_fragmented,event_triggered,774107,always_act,70,UTL-32-cyber_defense,U24,isolate_component,request_peer_evidence,send_targeted_summary,execute_autonomously,True,False,0.0,False,False,False,0.7309520570004138,0.045207974049805116,0.8704948116560876,1.0,0.0,0.952100969557356,0.9519120798836735,0.00026171667852781244,0.0001681920574557738,0.0003075937132017703,0.0,0.9997382833214722,0.9027777777777778,0.07479004950354118,-0.004447926709982397,2,7,0.5533236993801407,0.7309520570004138,0.5307724685394435,0.5830380870110822,0.48755541949572934,0.44229964736695504
v7-pilots_iteration2-utility_restoration-large-high-high-high-grid-private_fragmented-774107-always_act-event_triggered,utility_restoration,large,high,high,high,grid,private_fragmented,event_triggered,774107,always_act,70,UTL-33-communications,U29,isolate_component,request_peer_evidence,send_targeted_summary,execute_autonomously,True,False,0.0,False,False,False,0.6510115565452694,0.05249250317754944,0.8191123049504135,0.5377128421780996,0.0,0.8686191095994339,0.868622442011593,2.181250462252038e-06,1.8014507926489287e-06,1.6467505647987934e-06,0.0,0.9999978187495377,0.8333333333333333,-0.01101532080886869,-3.351187193523231e-05,3,6,0.4151950113481355,0.6510115565452694,0.4775624537686134,0.5319503253564463,0.4400915204156798,0.3551441069289962
v7-pilots_iteration2-utility_restoration-large-high-high-high-grid-private_fragmented-774107-always_act-event_triggered,utility_restoration,large,high,high,high,grid,private_fragmented,event_triggered,774107,always_act,70,UTL-34-resource_allocation,U27,dispatch_repair_crew,request_peer_evidence,send_targeted_summary,execute_autonomously,False,False,0.0,False,False,False,0.6122306659224872,0.16497639396758956,1.0,0.7670519265672588,0.0,0.8739053305015748,0.8739153112166921,7.0315567648471244e-06,5.705109395459651e-06,5.643550260669983e-06,0.0,0.9999929684432352,0.6875,-0.04386715383364226,-0.0001365209135482104,4,4,0.4570508887897878,0.6122306659224872,0.4633784431738594,0.5163019335564389,0.39463687968744465,0.3528523555435781
v7-pilots_iteration2-utility_restoration-large-high-high-high-grid-private_fragmented-774107-always_act-event_triggered,utility_restoration,large,high,high,high,grid,private_fragmented,event_triggered,774107,always_act,70,UTL-35-critical_load,U25,no_operational_action,no_information_action,no_communication_action,execute_autonomously,False,False,0.0,False,False,False,0.8605107464900794,0.21627943710997427,0.5138675276102076,0.12844124836813436,0.0,0.9012652269840139,0.9004502888853873,0.003589833690814337,0.0036768124481296738,0.0017201663368214826,0.0,0.9964101663091857,0.6875,-0.003806039953425877,-0.0030941234861948663,4,4,0.3881995534149793,0.8605107464900794,0.5745463725091754,0.6257503436415677,0.4989145135258333,0.34876407156942746
v7-pilots_iteration2-utility_restoration-large-high-high-high-grid-private_fragmented-774107-always_act-event_triggered,utility_restoration,large,high,high,high,grid,private_fragmented,event_triggered,774107,always_act,70,UTL-36-zone_operator,U14,restore_communication_relay,request_peer_evidence,send_targeted_summary,execute_autonomously,True,True,-0.03961759822254851,True,False,True,0.7696155359911083,0.007756964154386425,0.9705866074182837,0.7573505807565114,0.0,0.9371302364790278,0.9374052115521443,0.0003692607983574181,0.00033077130997127835,0.0002443639762602645,0.0,0.9996307392016426,0.7430555555555556,0.033467825952284924,-0.0029664268120109805,4,5,0.5082334216185396,0.7696155359911083,0.5426457386339006,0.5973132632542941,0.47184963622737663,0.40330124506648346
v7-pilots_iteration2-utility_restoration-large-high-high-high-grid-private_fragmented-774107-always_act-event_triggered,utility_restoration,large,high,high,high,grid,private_fragmented,event_triggered,774107,always_act,70,UTL-37-crew_dispatch,U19,dispatch_repair_crew,no_information_action,no_communication_action,execute_autonomously,False,False,0.0,False,False,False,0.6096635971203312,0.14975795479686915,0.8092989480733446,0.5234834747063495,0.0,0.8539419935330133,0.8699184399745279,0.013037489775755362,0.012432255394198344,0.007301505189040491,0.0,0.9869625102242446,0.7430555555555556,-0.03454848181783354,0.004848747314651791,4,5,0.39772165695043654,0.6096635971203312,0.47560342291744334,0.5306892323929446,0.40466982190165024,0.3452678941170549
v7-pilots_iteration2-utility_restoration-large-high-high-high-grid-private_fragmented-774107-always_act-event_triggered,utility_restoration,large,high,high,high,grid,private_fragmented,event_triggered,774107,always_act,70,UTL-38-cyber_defense,U24,isolate_component,no_information_action,no_communication_action,execute_autonomously,True,False,0.0,False,False,False,0.5185459287638378,0.2622132670352426,1.0,1.0,0.0,0.811261591169669,0.8119229856715031,0.0003842355559436905,0.0002924077597331598,0.00034660667696317926,0.0,0.9996157644440563,0.8333333333333333,-0.15161193793574002,-0.0029523543501438487,3,6,0.48110561577970484,0.5185459287638378,0.41077169907627353,0.45866516727481715,0.3844559567474785,0.37389386171129163
v7-pilots_iteration2-utility_restoration-large-high-high-high-grid-private_fragmented-774107-always_act-event_triggered,utility_restoration,large,high,high,high,grid,private_fragmented,event_triggered,774107,always_act,70,UTL-39-communications,U29,dispatch_repair_crew,request_peer_evidence,send_targeted_summary,execute_autonomously,False,False,0.0,False,False,False,0.5735681517439788,0.09178873516456698,0.8550286825791634,0.589791589739787,0.0,0.7738398174814997,0.7739394995418751,6.782313401698659e-05,6.528766814883902e-05,4.386023574520781e-05,0.0,0.999932176865983,0.8333333333333333,-0.13375600212034555,-0.0008695818442725489,3,6,0.4013631531305017,0.5735681517439788,0.42298216745559025,0.4779744758374248,0.40756529039913775,0.33976837582756214
v7-pilots_iteration2-utility_restoration-large-high-high-high-grid-private_fragmented-774107-always_act-event_triggered,utility_restoration,large,high,high,high,grid,private_fragmented,event_triggered,774107,always_act,70,UTL-40-resource_allocation,U27,dispatch_repair_crew,request_peer_evidence,send_targeted_summary,execute_autonomously,False,False,0.0,False,False,False,0.6307295705074691,0.15294288107708978,0.764216531710972,0.5281184510948425,0.0,0.9041826382828234,0.9047833603325062,0.0027656689911480514,0.0022403936955412984,0.0019972351994694826,0.0,0.997234331008852,0.7916666666666666,-0.017116097912519,0.0026850746802746794,3,5,0.40599648223530177,0.6307295705074691,0.4822094243613008,0.5327591150813449,0.42323975294647037,0.3475284391351547
v7-pilots_iteration2-utility_restoration-large-high-high-high-grid-private_fragmented-774107-always_act-event_triggered,utility_restoration,large,high,high,high,grid,private_fragmented,event_triggered,774107,always_act,70,UTL-41-critical_load,U25,no_operational_action,request_peer_evidence,send_targeted_summary,execute_autonomously,False,False,0.0,False,False,False,0.8412120463237921,0.13687876484879657,0.8464475504857594,0.6106822815376844,0.0,0.8423031539322905,0.8423052863208226,1.8257084231088072e-06,1.6524823758246043e-06,1.1491472137192815e-06,0.0,0.9999981742915769,0.875,-0.05401235105461222,-2.361826645425058e-05,2,6,0.4973758433191336,0.8412120463237921,0.5470631630043817,0.6014432240232621,0.5283090594559927,0.4225728554207169
v7-pilots_iteration2-utility_restoration-large-high-high-high-grid-private_fragmented-774107-always_act-event_triggered,utility_restoration,large,high,high,high,grid,private_fragmented,event_triggered,774107,always_act,70,UTL-42-zone_operator,U14,dispatch_repair_crew,no_information_action,no_communication_action,execute_autonomously,False,False,0.0,False,False,False,0.5318156986618878,0.2503979002364734,0.9999496943197994,0.7999270567637091,0.0,0.7623070192547008,0.7973054144669443,0.02258803587423497,0.026467520110456944,0.009840125675794509,0.0,0.977411964125765,0.7430555555555556,-0.1423604315501107,0.013040915565507016,4,5,0.43759983116833207,0.5318156986618878,0.4349262845023593,0.5004769229887185,0.371973704549104,0.3713190053990591
v7-pilots_iteration2-utility_restoration-large-high-high-high-grid-private_fragmented-774107-always_act-event_triggered,utility_restoration,large,high,high,high,grid,private_fragmented,event_triggered,774107,always_act,70,UTL-43-crew_dispatch,U19,dispatch_repair_crew,no_information_action,no_communication_action,execute_autonomously,False,False,0.0,False,False,False,0.4805661352792058,0.3621001678330297,1.0,1.0,0.0,0.7782993303898137,0.7894190890141615,0.005307270965434929,0.00530490531874428,0.003306163446573418,0.0,0.9946927290345651,0.8333333333333333,-0.12469648039698833,-0.0003406008694361029,3,6,0.46819248599492996,0.4805661352792058,0.3942314660607446,0.4419610431591342,0.3685044434839331,0.3676347084019688
v7-pilots_iteration2-utility_restoration-large-high-high-high-grid-private_fragmented-774107-always_act-event_triggered,utility_restoration,large,high,high,high,grid,private_fragmented,event_triggered,774107,always_act,70,UTL-44-cyber_defense,U24,isolate_component,request_peer_evidence,send_targeted_summary,execute_autonomously,True,False,0.0,False,False,False,0.7301656701326169,0.013551501088902407,0.4788253411061288,0.518185196557753,0.0,0.9244837874016127,0.937003991412352,0.010611733866759065,0.009195284056411568,0.0062222158988435305,0.0,0.9893882661332409,0.7430555555555556,-0.013115728097255142,0.0033548891153400984,4,5,0.4374207750189505,0.7301656701326169,0.5380436423169127,0.5897646896921035,0.45528069256681025,0.3750114205949878
v7-pilots_iteration2-utility_restoration-large-high-high-high-grid-private_fragmented-774107-always_act-event_triggered,utility_restoration,large,high,high,high,grid,private_fragmented,event_triggered,774107,always_act,70,UTL-45-communications,U29,dispatch_repair_crew,no_information_action,no_communication_action,execute_autonomously,False,False,0.0,False,False,False,0.6297503591035869,0.18967281694517252,1.0,0.8458804996502235,0.0,0.9071693073642891,0.9142389857832549,0.004638080276878065,0.00422105978722509,0.002866822418846393,0.0,0.9953619197231219,0.8333333333333333,0.08497113904333331,-0.003755117547929565,3,6,0.4819264420112732,0.6297503591035869,0.48518578287013636,0.5364621973275119,0.4311618174901731,0.390237506290997
v7-pilots_iteration2-utility_restoration-large-high-high-high-grid-private_fragmented-774107-always_act-event_triggered,utility_restoration,large,high,high,high,grid,private_fragmented,event_triggered,774107,always_act,70,UTL-46-resource_allocation,U27,dispatch_repair_crew,request_peer_evidence,send_targeted_summary,execute_autonomously,False,False,0.0,False,False,False,0.6883551006732613,0.011931039824527145,1.0,0.9628909284809881,0.0,0.8371117816751998,0.8371135390474572,1.0843616321531968e-06,9.537035084994372e-07,8.114135398029632e-07,0.0,0.9999989156383678,0.875,0.12409625226999632,-5.650173549642812e-05,2,6,0.5299345570643461,0.6883551006732613,0.4846215037943895,0.5444174252484233,0.4641091422827698,0.42203734011534777
v7-pilots_iteration2-utility_restoration-large-high-high-high-grid-private_fragmented-774107-always_act-event_triggered,utility_restoration,large,high,high,high,grid,private_fragmented,event_triggered,774107,always_act,70,UTL-47-critical_load,U25,no_operational_action,request_peer_evidence,send_targeted_summary,execute_autonomously,False,False,0.0,False,False,False,0.7652925338141335,0.11511649549006578,0.6573130830032146,0.3364373036879944,0.0,0.8957793383271565,0.8958086533292478,2.52910630335057e-05,1.967252126355845e-05,1.973506136787595e-05,0.0,0.9999747089369665,0.875,-0.030513496199905732,-0.0004953521843079622,2,6,0.40574441438192405,0.7652925338141335,0.5300972555956895,0.5831263303948346,0.49642286420193604,0.3684275474527636
v7-pilots_iteration2-utility_restoration-large-high-high-high-grid-private_fragmented-774107-always_act-event_triggered,utility_restoration,large,high,high,high,grid,private_fragmented,event_triggered,774107,always_act,70,UTL-48-zone_operator,U14,isolate_component,no_information_action,no_communication_action,execute_autonomously,True,False,0.0,False,False,False,0.5670170904709868,0.2757856406795079,0.9165810015766402,0.6790424522861284,0.0,0.8632140463141214,0.8632176868862687,4.206576594945055e-06,3.901068816314357e-06,2.8689369586665237e-06,0.0,0.999995793423405,0.9027777777777778,-0.03488173592887589,-5.6555533726188045e-06,2,7,0.4205559993088063,0.5670170904709868,0.44261623697415803,0.4926813612288645,0.41870273355337007,0.3576147977869306
v7-pilots_iteration2-utility_restoration-large-high-high-high-grid-private_fragmented-774107-always_act-event_triggered,utility_restoration,large,high,high,high,grid,private_fragmented,event_triggered,774107,always_act,70,UTL-49-crew_dispatch,U19,dispatch_repair_crew,request_peer_evidence,send_targeted_summary,execute_autonomously,False,False,0.0,False,False,False,0.6528805953569601,0.09457921406491049,1.0,1.0,0.0,0.8866151346915125,0.8915335381566637,0.003948663116074558,0.0032242329119357427,0.00270838048559785,0.0,0.9960513368839254,0.8333333333333333,-0.08568256309907896,0.0007068887131758128,3,6,0.5267794024213664,0.6528805953569601,0.48833415017816656,0.5417573609295394,0.4408765167165899,0.4152097163831577
v7-pilots_iteration2-utility_restoration-large-high-high-high-grid-private_fragmented-774107-always_act-event_triggered,utility_restoration,large,high,high,high,grid,private_fragmented,event_triggered,774107,always_act,70,UTL-50-cyber_defense,U24,no_operational_action,no_information_action,no_communication_action,execute_autonomously,False,False,0.0,False,False,False,0.8575343851207444,0.38673750557749353,1.0,0.6604169148867776,0.0,0.7869287258425776,0.786931521531505,1.6126381747749718e-06,1.1673786868282576e-06,1.7670079920373283e-06,0.0,0.9999983873618252,0.9027777777777778,-0.11553976038189817,-3.426516697846438e-05,2,7,0.5148617505138797,0.8575343851207444,0.5397481932023869,0.5839186118872526,0.5407199973062682,0.4367224183922238
v7-pilots_iteration2-utility_restoration-large-high-high-high-grid-private_fragmented-774107-always_act-event_triggered,utility_restoration,large,high,high,high,grid,private_fragmented,event_triggered,774107,always_act,70,UTL-51-communications,U29,dispatch_repair_crew,request_peer_evidence,send_targeted_summary,execute_autonomously,False,False,0.0,False,False,False,0.7379196144011475,0.0630182488837398,1.0,0.9777184158570811,0.0,0.9370013186642776,0.9369990855590324,8.519117227767659e-06,6.691467867470102e-06,6.782828560480958e-06,0.0,0.9999914808827722,0.8333333333333333,-0.0250468285105947,-0.00033194936137892483,3,6,0.5503450887020895,0.7379196144011475,0.5294301021906472,0.5844699005959452,0.4765929047151486,0.4322848998833477
v7-pilots_iteration2-utility_restoration-large-high-high-high-grid-private_fragmented-774107-always_act-event_triggered,utility_restoration,large,high,high,high,grid,private_fragmented,event_triggered,774107,always_act,75,UTL-00-zone_operator,U00,no_operational_action,request_peer_evidence,send_targeted_summary,execute_autonomously,False,False,0.0,False,False,False,0.7062984274900342,0.051355556412544634,0.49971591432867557,0.6745880757765796,0.0,0.9358695737510144,0.9363957929212271,0.0006440842842925232,0.000528112611779874,0.000444870318073054,0.0,0.9993559157157075,0.9027777777777778,0.1302821454627041,-0.014429185600269623,2,7,0.4668426035329908,0.7062984274900342,0.5173884824317768,0.5694605237207226,0.4772008951013699,0.3966479785328695
v7-pilots_iteration2-utility_restoration-large-high-high-high-grid-private_fragmented-774107-always_act-event_triggered,utility_restoration,large,high,high,high,grid,private_fragmented,event_triggered,774107,always_act,75,UTL-01-crew_dispatch,U05,dispatch_repair_crew,no_information_action,negotiate_commitment,execute_autonomously,False,False,0.0,False,False,False,0.603955728055901,0.18866810883097965,0.8959948773127672,0.6991925721035124,0.0,0.8459472473516942,0.845978197700441,1.6468230376598392e-05,1.5732480114549752e-05,1.1308993225545017e-05,0.0,0.9999835317696234,0.9027777777777778,0.024409107713936562,-0.0006463039481703348,2,7,0.4379511648438494,0.603955728055901,0.4530921585828112,0.5090764308119373,0.434216961339034,0.37038685945558225
v7-pilots_iteration2-utility_restoration-large-high-high-high-grid-private_fragmented-774107-always_act-event_triggered,utility_restoration,large,high,high,high,grid,private_fragmented,event_triggered,774107,always_act,75,UTL-02-cyber_defense,U10,restore_communication_relay,request_peer_evidence,send_targeted_summary,execute_autonomously,True,True,-0.03427309641749214,True,False,True,0.8527068417887095,0.11629848804427043,0.7924365472497381,0.5240329935121202,0.0,0.9568114186682372,0.9601090363197944,0.009274663567916841,0.0061985057190674375,0.009247043010025768,0.0,0.9907253364320832,0.8333333333333333,0.07251829002400623,-0.004454888888783981,3,6,0.48048824465107004,0.8527068417887095,0.5932701203776267,0.6404261418101573,0.5248035402179246,0.4190526564024275
v7-pilots_iteration2-utility_restoration-large-high-high-high-grid-private_fragmented-774107-always_act-event_triggered,utility_restoration,large,high,high,high,grid,private_fragmented,event_triggered,774107,always_act,75,UTL-03-communications,U15,dispatch_repair_crew,no_information_action,negotiate_commitment,execute_autonomously,False,False,0.0,False,False,False,0.64130976136614,0.16790020150491128,1.0,1.0,0.0,0.889768789897799,0.899103041014328,0.0054930459908109075,0.004597739451542737,0.004248049990151936,0.0,0.9945069540091891,0.8333333333333333,0.10068634532735632,0.000812118099792758,3,6,0.5228453188644877,0.64130976136614,0.486656366408041,0.5401423916124897,0.4360167664404455,0.4136255307402188
v7-pilots_iteration2-utility_restoration-large-high-high-high-grid-private_fragmented-774107-always_act-event_triggered,utility_restoration,large,high,high,high,grid,private_fragmented,event_triggered,774107,always_act,75,UTL-04-resource_allocation,U04,no_operational_action,request_peer_evidence,send_targeted_summary,execute_autonomously,False,False,0.0,False,False,False,0.6510946108247033,0.08278542842251985,1.0,0.8416549579502862,0.0,0.8699640042542259,0.8899522815195792,0.01722424396739053,0.019449076342660465,0.008411704860423308,0.0,0.9827757560326095,0.7916666666666666,-0.07290350303975601,0.017184183117827878,3,5,0.48816935758846786,0.6510946108247033,0.5020427869477846,0.5636737387397597,0.4317930698797087,0.41497963921685094
v7-pilots_iteration2-utility_restoration-large-high-high-high-grid-private_fragmented-774107-always_act-event_triggered,utility_restoration,large,high,high,high,grid,private_fragmented,event_triggered,774107,always_act,75,UTL-05-critical_load,U02,no_operational_action,request_peer_evidence,send_targeted_summary,execute_autonomously,False,False,0.0,False,False,False,0.7657170359050208,0.08185699080844622,0.8696170943050923,0.6442781200757172,0.0,0.8973903044758881,0.8974113264696604,1.7591481550338628e-05,1.6183189752494442e-05,1.2168066117257403e-05,0.0,0.9999824085184497,0.7916666666666666,-0.03789480383529431,-0.00035357331038166073,3,5,0.47977054102587924,0.7657170359050208,0.5306590185551509,0.5863595033843281,0.47993448841344205,0.3946467987634423
v7-pilots_iteration2-utility_restoration-large-high-high-high-grid-private_fragmented-774107-always_act-event_triggered,utility_restoration,large,high,high,high,grid,private_fragmented,event_triggered,774107,always_act,75,UTL-06-zone_operator,U00,dispatch_repair_crew,request_peer_evidence,negotiate_commitment,execute_autonomously,False,False,0.0,False,False,False,0.726682287903267,0.014224853591105202,0.495562517608644,0.6685656505325338,0.0,0.9512686042809677,0.9531251811443333,0.005828740286494716,0.004598487603839629,0.004596256758586326,0.0,0.9941712597135053,0.8333333333333333,0.07055862664973922,0.005506554699394983,3,6,0.47232773401491895,0.726682287903267,0.5366503026326415,0.5865307846799093,0.4718732275860388,0.4018039509764044
v7-pilots_iteration2-utility_restoration-large-high-high-high-grid-private_fragmented-774107-always_act-event_triggered,utility_restoration,large,high,high,high,grid,private_fragmented,event_triggered,774107,always_act,75,UTL-07-crew_dispatch,U05,dispatch_repair_crew,no_information_action,negotiate_commitment,execute_autonomously,False,False,0.0,False,False,False,0.5431226511192095,0.270575236104594,0.7806090872750721,0.5318831765488545,0.0,0.8505319518703891,0.8505682907052206,2.7264200432197683e-05,1.871743247583435e-05,2.8321103876960407e-05,0.0,0.9999727357995678,0.8333333333333333,-0.06574622768933447,-0.0005837760655804658,3,6,0.37711366375225636,0.5431226511192095,0.42992021829588617,0.4775707152581378,0.39477818013673466,0.3242608185632192
v7-pilots_iteration2-utility_restoration-large-high-high-high-grid-private_fragmented-774107-always_act-event_triggered,utility_restoration,large,high,high,high,grid,private_fragmented,event_triggered,774107,always_act,75,UTL-08-cyber_defense,U10,no_operational_action,no_information_action,no_communication_action,execute_autonomously,False,False,0.0,False,False,False,0.7913412111196569,0.14952670849280597,0.7292032114500456,0.43234465660256605,0.0,0.9089143169330922,0.9089474272037072,0.00014468160118541462,0.0001211338407010043,9.577394192783473e-05,0.0,0.9998553183988146,0.8333333333333333,0.005216653415732964,-0.004012405165194632,3,6,0.4376187293652993,0.7913412111196569,0.5439676179227955,0.5957590946020267,0.4990299753369225,0.3819177780425704
v7-pilots_iteration2-utility_restoration-large-high-high-high-grid-private_fragmented-774107-always_act-event_triggered,utility_restoration,large,high,high,high,grid,private_fragmented,event_triggered,774107,always_act,75,UTL-09-communications,U15,dispatch_repair_crew,request_peer_evidence,negotiate_commitment,execute_autonomously,False,False,0.0,False,False,False,0.6620755883019454,0.0751665869506315,0.9987255028915419,0.7981519791927357,0.0,0.9051651997642738,0.9069979513039446,0.008057374824165242,0.006061494213840279,0.007260512588094126,0.0,0.9919426251758348,0.8333333333333333,0.025433833135179773,0.008033999928376834,3,6,0.481462175028918,0.6620755883019454,0.5024018600156779,0.5524978078274769,0.44473841375348366,0.40362473053984
v7-pilots_iteration2-utility_restoration-large-high-high-high-grid-private_fragmented-774107-always_act-event_triggered,utility_restoration,large,high,high,high,grid,private_fragmented,event_triggered,774107,always_act,75,UTL-10-resource_allocation,U04,no_operational_action,request_peer_evidence,send_targeted_summary,execute_autonomously,False,False,0.0,False,False,False,0.6656174731270242,0.05243713322702004,1.0,1.0,0.0,0.8927973158938638,0.8928354711732233,2.7274014048894735e-05,2.3633463636540952e-05,1.8028554119697837e-05,0.0,0.9999727259859511,0.6875,0.015067741213530494,-0.0005568290394429853,4,4,0.5311099408631883,0.6656174731270242,0.4894845018439441,0.5425486660718544,0.41705933871335016,0.3957720619384453
v7-pilots_iteration2-utility_restoration-large-high-high-high-grid-private_fragmented-774107-always_act-event_triggered,utility_restoration,large,high,high,high,grid,private_fragmented,event_triggered,774107,always_act,75,UTL-11-critical_load,U02,no_operational_action,request_peer_evidence,send_targeted_summary,execute_autonomously,False,False,0.0,False,False,False,0.8343264557024751,0.1078683102130612,0.9901129589751945,0.8189971238473653,0.0,0.933171347037931,0.9333710324198011,0.00014739835285992875,0.00014029410719873514,7.625886958118056e-05,0.0,0.9998526016471401,0.6875,0.005537452400002474,-0.002067904045705782,4,4,0.5450303046622094,0.8343264557024751,0.5672297767344767,0.6191991126051474,0.4879171113950395,0.42139084173100605
v7-pilots_iteration2-utility_restoration-large-high-high-high-grid-private_fragmented-774107-always_act-event_triggered,utility_restoration,large,high,high,high,grid,private_fragmented,event_triggered,774107,always_act,75,UTL-12-zone_operator,U00,no_operational_action,no_information_action,no_communication_action,execute_autonomously,False,False,0.0,False,False,False,0.5342752103529294,0.26578702553735833,0.26315197754504627,0.33157036744031704,0.0,0.8045043007196897,0.8369606445063902,0.02132082075405828,0.021665520225469415,0.011754631787154746,0.0,0.9786791792459417,0.7430555555555556,-0.025396640064753284,0.004277882343843631,4,5,0.3260304597056721,0.5342752103529294,0.4446853083767758,0.4996145903067619,0.3730066994593414,0.307985432286675
v7-pilots_iteration2-utility_restoration-large-high-high-high-grid-private_fragmented-774107-always_act-event_triggered,utility_restoration,large,high,high,high,grid,private_fragmented,event_triggered,774107,always_act,75,UTL-13-crew_dispatch,U05,dispatch_repair_crew,request_peer_evidence,negotiate_commitment,execute_autonomously,False,False,0.0,False,False,False,0.6410673326375782,0.10577102224231094,0.6434143713859949,0.33295083850969254,0.0,0.8865120100318435,0.9000091562425447,0.008742511828582655,0.007815288912752405,0.005555510350870874,0.0,0.9912574881714173,0.7430555555555556,0.017999013068717984,0.008739996799860927,4,5,0.36267109433910283,0.6410673326375782,0.4902944521230079,0.5430053716622938,0.4178593908188939,0.33074576752584406
v7-pilots_iteration2-utility_restoration-large-high-high-high-grid-private_fragmented-774107-always_act-event_triggered,utility_restoration,large,high,high,high,grid,private_fragmented,event_triggered,774107,always_act,75,UTL-14-cyber_defense,U10,no_operational_action,no_information_action,no_communication_action,execute_autonomously,False,False,0.0,False,False,False,0.8528174755183876,0.16408609262860202,0.8285847336110324,0.5764478637359968,0.0,0.921654391657085,0.922887228966895,0.007042639612548807,0.006330240816740829,0.004155535463226001,0.0,0.9929573603874512,0.8333333333333333,0.04631567264466285,0.00703544508767151,3,6,0.49310542897289106,0.8528174755183876,0.5814002835791946,0.6320172273671805,0.5248500063843894,0.4280096902441165
v7-pilots_iteration2-utility_restoration-large-high-high-high-grid-private_fragmented-774107-always_act-event_triggered,utility_restoration,large,high,high,high,grid,private_fragmented,event_triggered,774107,always_act,75,UTL-15-communications,U15,dispatch_repair_crew,no_information_action,negotiate_commitment,execute_autonomously,False,False,0.0,False,False,False,0.5706357250831446,0.22884109810019115,0.893883451306233,0.6461310043940378,0.0,0.8496815536340911,0.8608031823366296,0.005715207865746863,0.005480854284054759,0.0032246647808837903,0.0,0.9942847921342531,0.8333333333333333,0.021300952858557265,0.0018788696186323728,3,6,0.4138875875828383,0.5706357250831446,0.44867596945382626,0.5002437007678695,0.40633367120158737,0.35209373836139723
v7-pilots_iteration2-utility_restoration-large-high-high-high-grid-private_fragmented-774107-always_act-event_triggered,utility_restoration,large,high,high,high,grid,private_fragmented,event_triggered,774107,always_act,75,UTL-16-resource_allocation,U04,isolate_component,request_peer_evidence,negotiate_commitment,execute_autonomously,True,True,-0.03638318393673741,True,False,True,0.6183653281452526,0.13033248035795147,0.862772797891247,0.6010205569423079,0.0,0.8740273811647955,0.8740289273229911,1.7249299740784707e-06,1.4168431944350246e-06,1.2056357109324622e-06,0.0,0.9999982750700259,0.7916666666666666,-0.06808290155189456,-2.7022026088285855e-05,3,5,0.4192891452355398,0.6183653281452526,0.46585539145126365,0.5183042666781128,0.4180467711543394,0.34818296484581557
v7-pilots_iteration2-utility_restoration-large-high-high-high-grid-private_fragmented-774107-always_act-event_triggered,utility_restoration,large,high,high,high,grid,private_fragmented,event_triggered,774107,always_act,75,UTL-17-critical_load,U02,no_operational_action,no_information_action,no_communication_action,execute_autonomously,False,False,0.0,False,False,False,0.8595689347154144,0.3945663605133357,0.8503561797635202,0.6163497939904377,0.0,0.7856986113253589,0.794194700841026,0.006599922971347927,0.00581384862449652,0.004407318763764323,0.0,0.9934000770286521,0.7916666666666666,-0.1415920382501331,0.006176002068420838,3,5,0.504977388360946,0.8595689347154144,0.5494921188773926,0.5919679188691538,0.5193522859138073,0.42837090599424904
v7-pilots_iteration2-utility_restoration-large-high-high-high-grid-private_fragmented-774107-always_act-event_triggered,utility_restoration,large,high,high,high,grid,private_fragmented,event_triggered,774107,always_act,75,UTL-18-zone_operator,U00,no_operational_action,no_information_action,no_communication_action,execute_autonomously,False,False,0.0,False,False,False,0.6602589443057845,0.1879066258488192,0.2844179718921715,0.36240605924364866,0.0,0.9482193293316777,0.9476740253786707,0.005837410776821095,0.0046399434439816645,0.00451933216829381,0.0,0.9941625892231789,0.7430555555555556,0.027408561877580118,-0.013145816626880968,4,5,0.37626549528244246,0.6602589443057845,0.5093307851427827,0.5576978827128499,0.4259198677195406,0.3303076261578075
v7-pilots_iteration2-utility_restoration-large-high-high-high-grid-private_fragmented-774107-always_act-event_triggered,utility_restoration,large,high,high,high,grid,private_fragmented,event_triggered,774107,always_act,75,UTL-19-crew_dispatch,U05,dispatch_repair_crew,no_information_action,negotiate_commitment,execute_autonomously,False,False,0.0,False,False,False,0.5837835342972612,0.1577127382057391,0.875869579708552,0.6700108905774003,0.0,0.826699387363925,0.8428665993779351,0.009465968258660418,0.00886664101462109,0.005962140100360891,0.0,0.9905340317413396,0.7430555555555556,-0.06025199803585379,0.005564206759576695,4,5,0.4240890153996449,0.5837835342972612,0.45344061612201025,0.5077617682309189,0.3938001955159608,0.3533034513670496
v7-pilots_iteration2-utility_restoration-large-high-high-high-grid-private_fragmented-774107-always_act-event_triggered,utility_restoration,large,high,high,high,grid,private_fragmented,event_triggered,774107,always_act,75,UTL-20-cyber_defense,U10,no_operational_action,no_information_action,no_communication_action,execute_autonomously,False,False,0.0,False,False,False,0.8883944413248795,0.346707952577224,0.8085901003765404,0.5474556455459836,0.0,0.8249034228040544,0.8363123925199258,0.005115770142836817,0.005171450903623143,0.0026536945149412405,0.0,0.9948842298571632,0.7430555555555556,0.025416411662009808,-0.005057927438155474,4,5,0.49824346498149513,0.8883944413248795,0.5687457104309369,0.6147216186807218,0.5217367764675606,0.41542367054805845
v7-pilots_iteration2-utility_restoration-large-high-high-high-grid-private_fragmented-774107-always_act-event_triggered,utility_restoration,large,high,high,high,grid,private_fragmented,event_triggered,774107,always_act,75,UTL-21-communications,U15,dispatch_repair_crew,no_information_action,no_communication_action,execute_autonomously,False,False,0.0,False,False,False,0.5817163453958166,0.16280016841179124,1.0,1.0,0.0,0.8445053211859272,0.856312815672896,0.006776784294110105,0.005024862813566733,0.006318193211073853,0.0,0.9932232157058899,0.7430555555555556,-0.07809465287873374,0.0003376895877266195,4,5,0.5025835574345776,0.5817163453958166,0.45330036646656263,0.5030193891460484,0.3929319761773541,0.3862951030456993
v7-pilots_iteration2-utility_restoration-large-high-high-high-grid-private_fragmented-774107-always_act-event_triggered,utility_restoration,large,high,high,high,grid,private_fragmented,event_triggered,774107,always_act,75,UTL-22-resource_allocation,U04,no_operational_action,no_information_action,no_communication_action,execute_autonomously,False,False,0.0,False,False,False,0.6302326109039911,0.1429801696114239,1.0,0.8206554748656776,0.0,0.892535703624919,0.9015723402235145,0.006784963123076193,0.005466236206125519,0.005061703337889134,0.0,0.9932150368769238,0.7916666666666666,0.017021182403017643,0.006190999404240394,3,5,0.4760364016751196,0.6302326109039911,0.4847259186401329,0.5354127817059757,0.42303102991300956,0.388969383033994
v7-pilots_iteration2-utility_restoration-large-high-high-high-grid-private_fragmented-774107-always_act-event_triggered,utility_restoration,large,high,high,high,grid,private_fragmented,event_triggered,774107,always_act,75,UTL-23-critical_load,U02,no_operational_action,no_information_action,no_communication_action,execute_autonomously,False,False,0.0,False,False,False,0.881880973441147,0.19673786496662782,0.7951955817850196,0.5363669269216117,0.0,0.8817572839554202,0.8820062663115473,0.000199204866919378,0.00018103279967141006,0.00011197998056178271,0.0,0.9998007951330806,0.7916666666666666,0.014527361223357738,-0.006083854286556334,3,5,0.4933675934311768,0.881880973441147,0.5734705971790011,0.6233730839915795,0.528723342178615,0.414377782404668
v7-pilots_iteration2-utility_restoration-large-high-high-high-grid-private_fragmented-774107-always_act-event_triggered,utility_restoration,large,high,high,high,grid,private_fragmented,event_triggered,774107,always_act,75,UTL-24-zone_operator,U00,dispatch_repair_crew,request_peer_evidence,send_targeted_summary,execute_autonomously,False,False,0.0,False,False,False,0.7051388260676295,0.04916855265439973,0.2585778497225409,0.32493788209768426,0.0,0.9257604357962241,0.934912660729349,0.01668043662830465,0.01178623191675121,0.015530984071505327,0.0,0.9833195633716953,0.7430555555555556,0.012229220012239694,-0.00023156521779610362,4,5,0.3825322925664383,0.7051388260676295,0.5368482506557344,0.584574431578445,0.4447694180595154,0.34904944421298467
v7-pilots_iteration2-utility_restoration-large-high-high-high-grid-private_fragmented-774107-always_act-event_triggered,utility_restoration,large,high,high,high,grid,private_fragmented,event_triggered,774107,always_act,75,UTL-25-crew_dispatch,U05,dispatch_repair_crew,no_information_action,no_communication_action,execute_autonomously,False,False,0.0,False,False,False,0.5491580343797284,0.3033367527688404,0.7156032098220948,0.43762465424203745,0.0,0.8701063225160799,0.8690129751401486,0.0006071296536653836,0.0005649532388279921,0.00034978928357387584,0.0,0.9993928703463346,0.7430555555555556,-0.004383076363116412,-0.0058717694200778325,4,5,0.3565436487071967,0.5491580343797284,0.43803977589604287,0.4845894443464773,0.379257485550597,0.3034007220957716
v7-pilots_iteration2-utility_restoration-large-high-high-high-grid-private_fragmented-774107-always_act-event_triggered,utility_restoration,large,high,high,high,grid,private_fragmented,event_triggered,774107,always_act,75,UTL-26-cyber_defense,U10,restore_communication_relay,no_information_action,no_communication_action,execute_autonomously,True,False,0.0,False,False,False,0.7576013362232936,0.16424224380885194,0.9107314285495559,0.695560571396856,0.0,0.8116927946425578,0.8364310569014336,0.019340096362362003,0.021050259462957355,0.009263511004042657,0.0,0.980659903637638,0.6444444444444444,-0.006604369264441412,0.01147155535699873,5,4,0.48931899145116536,0.7576013362232936,0.5330398680572637,0.5960730390106658,0.4470814501026722,0.4051711455726026
v7-pilots_iteration2-utility_restoration-large-high-high-high-grid-private_fragmented-774107-always_act-event_triggered,utility_restoration,large,high,high,high,grid,private_fragmented,event_triggered,774107,always_act,75,UTL-27-communications,U15,dispatch_repair_crew,request_peer_evidence,send_targeted_summary,execute_autonomously,False,False,0.0,False,False,False,0.6798148280469215,0.1190751667439027,0.752804654963471,0.44156674969703297,0.0,0.9288495073449355,0.9335524529476583,0.012978000872766127,0.01001395484094092,0.010474715551181624,0.0,0.9870219991272339,0.6444444444444444,-0.03996695133558914,0.009823753150589032,5,4,0.40191306146324124,0.6798148280469215,0.5223075092768751,0.5714762215080299,0.4144111166685959,0.34696983594166403
v7-pilots_iteration2-utility_restoration-large-high-high-high-grid-private_fragmented-774107-always_act-event_triggered,utility_restoration,large,high,high,high,grid,private_fragmented,event_triggered,774107,always_act,75,UTL-28-resource_allocation,U04,no_operational_action,no_information_action,no_communication_action,execute_autonomously,False,False,0.0,False,False,False,0.6146308884608463,0.1418067098302177,1.0,0.946043802679042,0.0,0.8604971051007966,0.8707768057890692,0.009175825583072283,0.009402490205485448,0.004316948169298063,0.0,0.9908241744169277,0.6875,-0.0578131897661851,0.008920549489580099,4,4,0.5008250147196578,0.6146308884608463,0.47382278747583895,0.5294271847370785,0.39564497315355546,0.3898645102152132
v7-pilots_iteration2-utility_restoration-large-high-high-high-grid-private_fragmented-774107-always_act-event_triggered,utility_restoration,large,high,high,high,grid,private_fragmented,event_triggered,774107,always_act,75,UTL-29-critical_load,U02,no_operational_action,no_information_action,no_communication_action,execute_autonomously,False,False,0.0,False,False,False,0.80521513580886,0.19041237621807494,0.9056686863541772,0.6965529285468902,0.0,0.9006415905932246,0.900754995290405,0.0020823055454688433,0.001939635060081879,0.0011702121612304772,0.0,0.9979176944545312,0.6875,-0.012789799353465914,0.001447311134744944,4,4,0.5057458490262661,0.80521513580886,0.5501616797355064,0.600570576400473,0.4756903570397212,0.40136890109136164
v7-pilots_iteration2-utility_restoration-large-high-high-high-grid-private_fragmented-774107-always_act-event_triggered,utility_restoration,large,high,high,high,grid,private_fragmented,event_triggered,774107,always_act,75,UTL-30-zone_operator,U00,no_operational_action,no_information_action,no_communication_action,execute_autonomously,False,False,0.0,False,False,False,0.6623991224395178,0.17331872062329498,0.0,0.0,0.0,0.9260685836862471,0.9295090794927456,0.0022436696875325346,0.001880686755130756,0.0015777050252426816,0.0,0.9977563303124675,0.8333333333333333,-0.04547426418038947,-0.007643808370495941,3,6,0.2900157016294361,0.6623991224395178,0.4996179324599145,0.5516069201546281,0.4448742980912641,0.29581958297318106
v7-pilots_iteration2-utility_restoration-large-high-high-high-grid-private_fragmented-774107-always_act-event_triggered,utility_restoration,large,high,high,high,grid,private_fragmented,event_triggered,774107,always_act,75,UTL-31-crew_dispatch,U05,dispatch_repair_crew,no_information_action,no_communication_action,execute_autonomously,False,False,0.0,False,False,False,0.513562055660477,0.2957300491556212,0.6095359447935222,0.2838271199506073,0.0,0.8121533470894461,0.8288472516279768,0.008412131796392663,0.006574632726367491,0.00784544892013983,0.0,0.9915878682036073,0.8333333333333333,-0.0665982485777169,0.008375690940080394,3,6,0.30752960771270793,0.513562055660477,0.420240143551502,0.466113967666279,0.38236273004406696,0.3010654888940532
v7-pilots_iteration2-utility_restoration-large-high-high-high-grid-private_fragmented-774107-always_act-event_triggered,utility_restoration,large,high,high,high,grid,private_fragmented,event_triggered,774107,always_act,75,UTL-32-cyber_defense,U10,restore_communication_relay,no_information_action,no_communication_action,execute_autonomously,True,False,0.0,False,False,False,0.8974740084226858,0.21105105225073248,1.0,0.9321792517698838,0.0,0.8744500257586726,0.8749376899340724,0.0023738371416323067,0.00207783784985216,0.0015521086525717154,0.0,0.9976261628583677,0.8333333333333333,-0.025389781423226454,-0.002946981940648463,3,6,0.5936641832884852,0.8974740084226858,0.5809254818070277,0.6309375082157658,0.5436057502041947,0.4735864866142569
v7-pilots_iteration2-utility_restoration-large-high-high-high-grid-private_fragmented-774107-always_act-event_triggered,utility_restoration,large,high,high,high,grid,private_fragmented,event_triggered,774107,always_act,75,UTL-33-communications,U15,dispatch_repair_crew,request_peer_evidence,send_targeted_summary,execute_autonomously,False,False,0.0,False,False,False,0.6523428385528287,0.05743435126581414,1.0,0.8464868994165983,0.0,0.8845168485043963,0.8968520258331513,0.008244892838770168,0.006564044413674863,0.006190572567418617,0.0,0.9917551071612298,0.8333333333333333,0.004973086552453543,0.003231563019999162,3,6,0.4897534209679454,0.6523428385528287,0.4936091975215088,0.5444056357436732,0.4406506588588547,0.40263787775515636
v7-pilots_iteration2-utility_restoration-large-high-high-high-grid-private_fragmented-774107-always_act-event_triggered,utility_restoration,large,high,high,high,grid,private_fragmented,event_triggered,774107,always_act,75,UTL-34-resource_allocation,U04,no_operational_action,request_peer_evidence,send_targeted_summary,execute_autonomously,False,False,0.0,False,False,False,0.5690370028063747,0.10343996149813367,0.871622273733002,0.6138522969128529,0.0,0.7763285025397145,0.7959587497549858,0.012424226993638654,0.011581238232539093,0.008311655819917663,0.0,0.9875757730063613,0.6875,-0.08016528629937603,0.012333076500147477,4,4,0.40559713221325217,0.5690370028063747,0.4390908445485726,0.4935665219083266,0.37649554117867734,0.3434224239654235
v7-pilots_iteration2-utility_restoration-large-high-high-high-grid-private_fragmented-774107-always_act-event_triggered,utility_restoration,large,high,high,high,grid,private_fragmented,event_triggered,774107,always_act,75,UTL-35-critical_load,U02,no_operational_action,request_peer_evidence,send_targeted_summary,execute_autonomously,False,False,0.0,False,False,False,0.7624176789239643,0.06813759305363365,0.7326343938182641,0.44565320436981626,0.0,0.929621479712238,0.9308856909260271,0.006207688896684993,0.005106680973019584,0.004162872348151603,0.0,0.993792311103315,0.6875,-0.006237423987260682,0.005340585803330855,4,4,0.4309787798829038,0.7624176789239643,0.5460632059530043,0.597390798961311,0.457715425148065,0.3660788680553196
v7-pilots_iteration2-utility_restoration-large-high-high-high-grid-private_fragmented-774107-always_act-event_triggered,utility_restoration,large,high,high,high,grid,private_fragmented,event_triggered,774107,always_act,75,UTL-36-zone_operator,U00,no_operational_action,no_information_action,no_communication_action,execute_autonomously,False,False,0.0,False,False,False,0.6299328064742018,0.20383784663948346,0.3806540306193862,0.50194834439811,0.0,0.9187228254196174,0.9283597294436736,0.010831494348650272,0.008909441947662855,0.007537029612346369,0.0,0.9891685056513497,0.7430555555555556,-0.034207856143719795,0.002070048023267601,4,5,0.39944475685677505,0.6299328064742018,0.49681792103269545,0.5451859189084223,0.41318288983027585,0.34452257733053915
v7-pilots_iteration2-utility_restoration-large-high-high-high-grid-private_fragmented-774107-always_act-event_triggered,utility_restoration,large,high,high,high,grid,private_fragmented,event_triggered,774107,always_act,75,UTL-37-crew_dispatch,U05,dispatch_repair_crew,no_information_action,no_communication_action,execute_autonomously,False,False,0.0,False,False,False,0.5565742330381603,0.28391323755691733,0.6473249486390844,0.33862117552667237,0.0,0.8614358416084313,0.8742542476010832,0.007902342988867939,0.006915845144013,0.005485869880722638,0.0,0.9920976570111321,0.7430555555555556,-0.112611706980152,0.0073947599046847445,4,5,0.33530432135937593,0.5565742330381603,0.4490519338017871,0.49697139496157366,0.38237228898713843,0.30609255693736487
v7-pilots_iteration2-utility_restoration-large-high-high-high-grid-private_fragmented-774107-always_act-event_triggered,utility_restoration,large,high,high,high,grid,private_fragmented,event_triggered,774107,always_act,75,UTL-38-cyber_defense,U10,no_operational_action,no_information_action,no_communication_action,execute_autonomously,False,False,0.0,False,False,False,0.8953272971088794,0.23574886235046016,0.8404967976434978,0.5937203565830718,0.0,0.8890145352048576,0.890938845338344,0.0015211032072672825,0.0013602340874402374,0.0008356211966126237,0.0,0.9984788967927327,0.8333333333333333,0.003639120061111445,-0.016336740684967377,3,6,0.5117041665969563,0.8953272971088794,0.5825140971349404,0.6307802809317744,0.5427041314523959,0.43156189802958883
v7-pilots_iteration2-utility_restoration-large-high-high-high-grid-private_fragmented-774107-always_act-event_triggered,utility_restoration,large,high,high,high,grid,private_fragmented,event_triggered,774107,always_act,75,UTL-39-communications,U15,no_operational_action,request_peer_evidence,send_targeted_summary,execute_autonomously,False,False,0.0,False,False,False,0.7388270670174251,0.018678405194607284,0.6948781849834835,0.35757336822605107,0.0,0.9642203059379392,0.9625399653858958,0.0047158466452497105,0.003479273375630809,0.004261580330122916,0.0,0.9952841533547503,0.8333333333333333,0.004203704975971334,0.00471244711839125,3,6,0.40181881116017687,0.7388270670174251,0.5431880885948044,0.59264304837861,0.47697403481398515,0.36638696501712714
v7-pilots_iteration2-utility_restoration-large-high-high-high-grid-private_fragmented-774107-always_act-event_triggered,utility_restoration,large,high,high,high,grid,private_fragmented,event_triggered,774107,always_act,75,UTL-40-resource_allocation,U04,no_operational_action,no_information_action,no_communication_action,execute_autonomously,False,False,0.0,False,False,False,0.3919071311564032,0.5042010348729423,1.0,1.0,0.0,0.7204537537008056,0.7205047976514055,2.741021089436302e-05,1.9524785016655777e-05,3.1123567495683346e-05,0.0,0.9999725897891056,0.7916666666666666,-0.14667407744829053,-0.0001736776914367244,3,5,0.4380484245931771,0.3919071311564032,0.33691466518301477,0.3720855563787251,0.3229343284190227,0.33267897198869717
v7-pilots_iteration2-utility_restoration-large-high-high-high-grid-private_fragmented-774107-always_act-event_triggered,utility_restoration,large,high,high,high,grid,private_fragmented,event_triggered,774107,always_act,75,UTL-41-critical_load,U02,no_operational_action,request_peer_evidence,send_targeted_summary,execute_autonomously,False,False,0.0,False,False,False,0.8641305256046872,0.06917334678911552,0.7581815521765133,0.4826965839892776,0.0,0.9435783328051898,0.9436814065790734,7.283415282455241e-05,5.950397972254162e-05,4.852835193824845e-05,0.0,0.9999271658471754,0.7916666666666666,0.1044989118750661,-0.007319825693652526,3,5,0.4744515588630203,0.8641305256046872,0.5816487612571266,0.6330881223799626,0.5212681540873019,0.4028608732071754
v7-pilots_iteration2-utility_restoration-large-high-high-high-grid-private_fragmented-774107-always_act-event_triggered,utility_restoration,large,high,high,high,grid,private_fragmented,event_triggered,774107,always_act,75,UTL-42-zone_operator,U00,dispatch_repair_crew,request_peer_evidence,send_targeted_summary,execute_autonomously,False,True,0.0,False,False,False,0.7226629762519752,0.08831777336799615,0.08272761475083171,0.06995504138870595,0.0,0.9585211915187268,0.9682038515803673,0.012643488101063971,0.010175368645642502,0.008867303482273381,0.0,0.987356511898936,0.7430555555555556,0.048229339515129754,0.0072158574103777795,4,5,0.327294621858961,0.7226629762519752,0.5463963717219613,0.5957096786781622,0.4521295611369407,0.3243740408540019
v7-pilots_iteration2-utility_restoration-large-high-high-high-grid-private_fragmented-774107-always_act-event_triggered,utility_restoration,large,high,high,high,grid,private_fragmented,event_triggered,774107,always_act,75,UTL-43-crew_dispatch,U05,dispatch_repair_crew,no_information_action,no_communication_action,execute_autonomously,False,True,0.0,False,False,False,0.5863248874420238,0.25007682539014664,0.6384065820634783,0.32568954399204353,0.0,0.8899081397837497,0.8984077912110342,0.006476558776631225,0.005110920473862968,0.005515030110613162,0.0,0.9935234412233688,0.7430555555555556,-0.06656357307271421,0.006461259077791048,4,5,0.3423159522883786,0.5863248874420238,0.46607417221003067,0.5136109882802918,0.39486756383676114,0.3111296590232327
v7-pilots_iteration2-utility_restoration-large-high-high-high-grid-private_fragmented-774107-always_act-event_triggered,utility_restoration,large,high,high,high,grid,private_fragmented,event_triggered,774107,always_act,75,UTL-44-cyber_defense,U10,isolate_component,request_peer_evidence,send_targeted_summary,execute_autonomously,True,False,0.0,False,False,False,0.8774180340475533,0.13065444245578411,0.649633717740197,0.3169688907232855,0.0,0.8321442510768015,0.8463108783284242,0.01072547888069364,0.009816954891408436,0.006773892349961841,0.0,0.9892745211193064,0.7430555555555556,-0.06634600911604183,0.005505724183251237,4,5,0.43919466534975665,0.8774180340475533,0.5740189468211928,0.6273989036000704,0.5171266854110834,0.3941972220806641
v7-pilots_iteration2-utility_restoration-large-high-high-high-grid-private_fragmented-774107-always_act-event_triggered,utility_restoration,large,high,high,high,grid,private_fragmented,event_triggered,774107,always_act,75,UTL-45-communications,U15,no_operational_action,request_peer_evidence,send_targeted_summary,execute_autonomously,False,False,0.0,False,False,False,0.6997784807969674,0.05233174814948685,1.0,0.9061675314851187,0.0,0.9342444264536784,0.9383957904940523,0.003009035383405134,0.002442585839049438,0.0021408729267732296,0.0,0.9969909646165949,0.7430555555555556,0.06637076374280537,0.002988357361972893,4,5,0.5202048910273975,0.6997784807969674,0.5176851484689737,0.5691656249386114,0.44251807304583735,0.40636087306156965
v7-pilots_iteration2-utility_restoration-large-high-high-high-grid-private_fragmented-774107-always_act-event_triggered,utility_restoration,large,high,high,high,grid,private_fragmented,event_triggered,774107,always_act,75,UTL-46-resource_allocation,U04,no_operational_action,no_information_action,no_communication_action,execute_autonomously,False,False,0.0,False,False,False,0.6673346083049909,0.1630617000217723,0.6989419686604834,0.3634658545577009,0.0,0.938958609914183,0.9379280025390689,0.001586591176669927,0.0017336276376904713,0.0006965365425207759,0.0,0.9984134088233301,0.875,0.031173595975264812,0.001526327224344759,2,6,0.37892557191754517,0.6673346083049909,0.50389472344788,0.5551211934437079,0.4552805354880962,0.34677925257061426
v7-pilots_iteration2-utility_restoration-large-high-high-high-grid-private_fragmented-774107-always_act-event_triggered,utility_restoration,large,high,high,high,grid,private_fragmented,event_triggered,774107,always_act,75,UTL-47-critical_load,U02,no_operational_action,no_information_action,no_communication_action,execute_autonomously,False,False,0.0,False,False,False,0.7867115310532684,0.2109250769855124,0.9333017121350737,0.7366208159291903,0.0,0.8566647957453165,0.859751624808471,0.0029704468951373686,0.0029523537829252433,0.0014051715012229904,0.0,0.9970295531048626,0.875,-0.014219818615814117,0.0029672934408521145,2,6,0.5090709163811169,0.7867115310532684,0.5330094370108289,0.5841468630926914,0.5054188430423727,0.427284296855425
v7-pilots_iteration2-utility_restoration-large-high-high-high-grid-private_fragmented-774107-always_act-event_triggered,utility_restoration,large,high,high,high,grid,private_fragmented,event_triggered,774107,always_act,75,UTL-48-zone_operator,U00,no_operational_action,no_information_action,no_communication_action,execute_autonomously,False,False,0.0,False,False,False,0.6531063068957829,0.1667482409414523,0.12409774250286008,0.1299417266291471,0.0,0.9205732667511978,0.9308130966120427,0.010637462285813082,0.009769588624585213,0.006183719443909941,0.0,0.9893625377141869,0.8333333333333333,0.016896835597246418,-0.0042667433794191245,3,6,0.3180421587355615,0.6531063068957829,0.5062782866462509,0.5580822500981614,0.4409713155628955,0.3159974748162436
v7-pilots_iteration2-utility_restoration-large-high-high-high-grid-private_fragmented-774107-always_act-event_triggered,utility_restoration,large,high,high,high,grid,private_fragmented,event_triggered,774107,always_act,75,UTL-49-crew_dispatch,U05,dispatch_repair_crew,no_information_action,no_communication_action,execute_autonomously,False,False,0.0,False,False,False,0.5243409624503814,0.3267769499787471,0.7332125938479319,0.4631582610795012,0.0,0.8371329395489112,0.8481302007629883,0.004814677718069538,0.0036035876204849604,0.004781571091754033,0.0,0.9951853222819305,0.8333333333333333,0.0064153638888032605,0.003624030680197121,3,6,0.35423390989221,0.5243409624503814,0.4257601686726777,0.471257649954586,0.3868898708958268,0.318386976881313
v7-pilots_iteration2-utility_restoration-large-high-high-high-grid-private_fragmented-774107-always_act-event_triggered,utility_restoration,large,high,high,high,grid,private_fragmented,event_triggered,774107,always_act,75,UTL-50-cyber_defense,U10,isolate_component,request_peer_evidence,send_targeted_summary,execute_autonomously,True,True,-0.032033926409509646,True,False,True,0.7143567070986487,0.014962935865602212,0.7177975469836548,0.4158064431262995,0.0,0.9057763874365399,0.9193810268061202,0.016689325862146,0.011721697053780566,0.015637886633284137,0.0,0.983310674137854,0.8333333333333333,-0.017126594700050957,0.004173982353549599,3,6,0.4074748267638525,0.7143567070986487,0.5355518359055988,0.5832627109807006,0.4666964836480991,0.3776481768149743
v7-pilots_iteration2-utility_restoration-large-high-high-high-grid-private_fragmented-774107-always_act-event_triggered,utility_restoration,large,high,high,high,grid,private_fragmented,event_triggered,774107,always_act,75,UTL-51-communications,U15,no_operational_action,request_peer_evidence,send_targeted_summary,execute_autonomously,False,False,0.0,False,False,False,0.7065846630250043,0.010550852339865635,1.0,1.0,0.0,0.9233567565499207,0.9298179084205115,0.004213012606552602,0.003373101229553921,0.0029783165962662395,0.0,0.9957869873934474,0.8333333333333333,0.02601455235238992,-0.003324255136690324,3,6,0.5450387854285015,0.7065846630250043,0.5193712719966556,0.570664479701822,0.4634322251371684,0.4299357397701477
v7-pilots_iteration2-utility_restoration-large-high-high-high-grid-private_fragmented-774107-always_act-event_triggered,utility_restoration,large,high,high,high,grid,private_fragmented,event_triggered,774107,always_act,80,UTL-00-zone_operator,U07,isolate_component,request_peer_evidence,negotiate_commitment,execute_autonomously,True,False,0.0,False,False,False,0.6296363203673065,0.1699682220487429,1.0,0.6868027782626572,0.0,0.8999589121089188,0.8999589834591215,4.632851169361629e-08,3.515224267225392e-08,3.9626632863942746e-08,0.0,0.9999999536714883,0.9027777777777778,0.06529590719431122,-1.7377244841965123e-06,2,7,0.44370901570792204,0.6296363203673065,0.47684432103406865,0.5284486560285286,0.44500281010982434,0.3760756577792871
v7-pilots_iteration2-utility_restoration-large-high-high-high-grid-private_fragmented-774107-always_act-event_triggered,utility_restoration,large,high,high,high,grid,private_fragmented,event_triggered,774107,always_act,80,UTL-01-crew_dispatch,U12,dispatch_repair_crew,no_information_action,negotiate_commitment,execute_autonomously,False,False,0.0,False,False,False,0.576584032438105,0.1439334735523905,1.0,1.0,0.0,0.8091149841622277,0.8224715260040159,0.009140105109035734,0.00940620039910034,0.0046651782013286125,0.0,0.9908598948909643,0.9027777777777778,-0.0976648945523162,0.008597376586459204,2,7,0.5008385710289558,0.576584032438105,0.445708506168449,0.5017291174094582,0.42272084917955965,0.4135351378412179
v7-pilots_iteration2-utility_restoration-large-high-high-high-grid-private_fragmented-774107-always_act-event_triggered,utility_restoration,large,high,high,high,grid,private_fragmented,event_triggered,774107,always_act,80,UTL-02-cyber_defense,U17,isolate_component,request_peer_evidence,send_targeted_summary,execute_autonomously,True,False,0.0,False,False,False,0.8235199936215502,0.05527424056447694,0.8249542680453404,0.5461836886657436,0.0,0.8856705007078647,0.8897981461859428,0.008326550858765436,0.00804941430915862,0.0053003589883330315,0.0,0.9916734491412346,0.8333333333333333,0.00210604835369943,-0.006149729402021742,3,6,0.4758808831111056,0.8235199936215502,0.5624827938278579,0.6195818473994793,0.5125450639877177,0.4119126856154463
v7-pilots_iteration2-utility_restoration-large-high-high-high-grid-private_fragmented-774107-always_act-event_triggered,utility_restoration,large,high,high,high,grid,private_fragmented,event_triggered,774107,always_act,80,UTL-03-communications,U22,dispatch_repair_crew,no_information_action,negotiate_commitment,execute_autonomously,False,False,0.0,False,False,False,0.5844745571187078,0.24141816054913004,1.0,0.8983301488346905,0.0,0.8636968620724795,0.8637609543320091,0.0001475588128913019,0.00013202071140316907,9.2924864296684e-05,0.0,0.9998524411871087,0.8333333333333333,-0.039502966277579765,-0.010813798706513444,3,6,0.4791205851406864,0.5844745571187078,0.4499206207036508,0.5020576510182979,0.4121459806565239,0.3799157429147894
v7-pilots_iteration2-utility_restoration-large-high-high-high-grid-private_fragmented-774107-always_act-event_triggered,utility_restoration,large,high,high,high,grid,private_fragmented,event_triggered,774107,always_act,80,UTL-04-resource_allocation,U20,dispatch_repair_crew,no_information_action,negotiate_commitment,execute_autonomously,False,False,0.0,False,False,False,0.5864005577741095,0.18255169460136764,0.4414981153552094,0.5401722672650535,0.0,0.8598259023234917,0.859857692017116,3.1493034017504584e-05,2.8572709734775437e-05,1.790536568813117e-05,0.0,0.9999685069659825,0.7916666666666666,-0.011831082657032588,-0.0001656322426867307,3,5,0.3938175337868101,0.5864005577741095,0.4495607889381412,0.5008436671494569,0.4046215675984593,0.3319565174511391
v7-pilots_iteration2-utility_restoration-large-high-high-high-grid-private_fragmented-774107-always_act-event_triggered,utility_restoration,large,high,high,high,grid,private_fragmented,event_triggered,774107,always_act,80,UTL-05-critical_load,U09,no_operational_action,no_information_action,no_communication_action,execute_autonomously,False,False,0.0,False,False,False,0.8392448926801921,0.19629850354244252,1.0,0.8831939234553471,0.0,0.8652920212564522,0.8712521983949029,0.0026017494203887104,0.0024332342634302284,0.0013958839806766932,0.0,0.9973982505796113,0.7916666666666666,0.029350478934999313,0.0022118542530212837,3,5,0.5621098051405486,0.8392448926801921,0.5556634115747341,0.6068028156840671,0.510816188259014,0.44787052475565614
v7-pilots_iteration2-utility_restoration-large-high-high-high-grid-private_fragmented-774107-always_act-event_triggered,utility_restoration,large,high,high,high,grid,private_fragmented,event_triggered,774107,always_act,80,UTL-06-zone_operator,U07,isolate_component,request_peer_evidence,negotiate_commitment,execute_autonomously,True,False,0.0,False,False,False,0.7233592467599057,0.0035932672620964667,0.5558149041434267,0.26744353036298985,0.0,0.9123849747992279,0.9127456318435889,0.00030928306814637097,0.0002602836667501274,0.00019998438422152987,0.0,0.9996907169318536,0.8333333333333333,-0.021482379000850926,-0.0022062604875179304,3,6,0.37492859118548555,0.7233592467599057,0.5178729386991742,0.5716676288594675,0.47047755030582705,0.3432381993113678
v7-pilots_iteration2-utility_restoration-large-high-high-high-grid-private_fragmented-774107-always_act-event_triggered,utility_restoration,large,high,high,high,grid,private_fragmented,event_triggered,774107,always_act,80,UTL-07-crew_dispatch,U12,dispatch_repair_crew,request_peer_evidence,negotiate_commitment,execute_autonomously,False,False,0.0,False,False,False,0.6292305605671171,0.10391650889977261,1.0,0.8946581133785205,0.0,0.8409976952537384,0.8469520316733318,0.007911292129865077,0.008113679545937003,0.004715834920010709,0.0,0.9920887078701349,0.8333333333333333,0.04256544705669574,0.007570771541762111,3,6,0.49345633780366477,0.6292305605671171,0.4730174570220925,0.5316122196941553,0.4309435021048559,0.40498645334740174
v7-pilots_iteration2-utility_restoration-large-high-high-high-grid-private_fragmented-774107-always_act-event_triggered,utility_restoration,large,high,high,high,grid,private_fragmented,event_triggered,774107,always_act,80,UTL-08-cyber_defense,U17,restore_communication_relay,no_information_action,no_communication_action,execute_autonomously,True,True,-0.03893134001747548,True,False,True,0.8178039606218583,0.1946957516788677,0.9477113339158495,0.7241814341779818,0.0,0.9044080489091214,0.9049133405914274,0.000579507876650176,0.0005033213763837585,0.0003597948746035806,0.0,0.9994204921233498,0.8333333333333333,0.08346048652963556,-0.015477493570727141,3,6,0.5166568908141476,0.8178039606218583,0.554034907503334,0.6047711176063055,0.5101443301278471,0.4247249766090432
v7-pilots_iteration2-utility_restoration-large-high-high-high-grid-private_fragmented-774107-always_act-event_triggered,utility_restoration,large,high,high,high,grid,private_fragmented,event_triggered,774107,always_act,80,UTL-09-communications,U22,dispatch_repair_crew,no_information_action,negotiate_commitment,execute_autonomously,False,False,0.0,False,False,False,0.516378263985467,0.2697032888936893,0.8774124343452603,0.6222480298006274,0.0,0.8098079981975268,0.8101574405036287,0.0002096487815081982,0.0002021971351611196,0.0001061980501009252,0.0,0.9997903512184918,0.8333333333333333,-0.016007204540339992,-0.00529437126008192,3,6,0.3897081369072094,0.516378263985467,0.40929681343768,0.45733981888100983,0.3835455375405628,0.32776609760148195
v7-pilots_iteration2-utility_restoration-large-high-high-high-grid-private_fragmented-774107-always_act-event_triggered,utility_restoration,large,high,high,high,grid,private_fragmented,event_triggered,774107,always_act,80,UTL-10-resource_allocation,U20,dispatch_repair_crew,no_information_action,negotiate_commitment,execute_autonomously,False,False,0.0,False,False,False,0.6175689807458864,0.17906063348878506,0.5961526418703208,0.7644213307119652,0.0,0.8813660131574516,0.8895095451149455,0.0053940693954427354,0.004762795467369796,0.003378683928634829,0.0,0.9946059306045573,0.6875,-0.0058294198352562,9.081415565881379e-05,4,4,0.45823457282447305,0.6175689807458864,0.47492079274133725,0.5267789092174937,0.3968789719132723,0.358818651548637
v7-pilots_iteration2-utility_restoration-large-high-high-high-grid-private_fragmented-774107-always_act-event_triggered,utility_restoration,large,high,high,high,grid,private_fragmented,event_triggered,774107,always_act,80,UTL-11-critical_load,U09,no_operational_action,no_information_action,no_communication_action,execute_autonomously,False,False,0.0,False,False,False,0.8563346807210266,0.16571919276135086,1.0,1.0,0.0,0.9279456236982249,0.9268528265938736,0.005404874391737757,0.004984794351855393,0.0032446970436036393,0.0,0.9945951256082622,0.6875,0.00786467343424313,0.005002792469425921,4,4,0.5959537914451492,0.8563346807210266,0.5820871023613997,0.632483124190276,0.49716056590283114,0.4578678205247622
v7-pilots_iteration2-utility_restoration-large-high-high-high-grid-private_fragmented-774107-always_act-event_triggered,utility_restoration,large,high,high,high,grid,private_fragmented,event_triggered,774107,always_act,80,UTL-12-zone_operator,U07,isolate_component,request_peer_evidence,negotiate_commitment,execute_autonomously,True,False,0.0,False,False,False,0.49103091819628986,0.3805977233010625,0.6173134718258997,0.5344024564756256,0.0,0.814255148068808,0.8204043417450027,0.003315094117516071,0.0029964503819490673,0.002103029655152855,0.0,0.9966849058824839,0.7430555555555556,-0.1069007393162863,-0.0019148250234229947,4,5,0.36000710174088874,0.49103091819628986,0.4046172860602405,0.4486675627789579,0.35484409675355283,0.30113381508407167
v7-pilots_iteration2-utility_restoration-large-high-high-high-grid-private_fragmented-774107-always_act-event_triggered,utility_restoration,large,high,high,high,grid,private_fragmented,event_triggered,774107,always_act,80,UTL-13-crew_dispatch,U12,dispatch_repair_crew,request_peer_evidence,negotiate_commitment,execute_autonomously,False,False,0.0,False,False,False,0.6826426857566598,0.0976586627538105,0.9973877894675987,0.796212294728018,0.0,0.9216681467907425,0.9392376764987357,0.024030753597043875,0.019839504337372027,0.016707516509964604,0.0,0.9759692464029561,0.7430555555555556,0.06874714069612053,0.011119870639976104,4,5,0.48798946389198866,0.6826426857566598,0.537117166036211,0.5862326185446989,0.4353210391289082,0.4136092174978941
v7-pilots_iteration2-utility_restoration-large-high-high-high-grid-private_fragmented-774107-always_act-event_triggered,utility_restoration,large,high,high,high,grid,private_fragmented,event_triggered,774107,always_act,80,UTL-14-cyber_defense,U17,no_operational_action,request_peer_evidence,send_targeted_summary,execute_autonomously,False,False,0.0,False,False,False,0.7712607226514886,0.003001258428721898,1.0,1.0,0.0,0.9622036357303062,0.9621797546411883,0.00011699656808639158,9.476974676214667e-05,8.72463896592901e-05,0.0,0.9998830034319136,0.8333333333333333,0.06633912103193851,-0.002992325714292643,3,6,0.5670286457015061,0.7712607226514886,0.549218993188493,0.6012683326694968,0.4905961701802919,0.4443926415702816
v7-pilots_iteration2-utility_restoration-large-high-high-high-grid-private_fragmented-774107-always_act-event_triggered,utility_restoration,large,high,high,high,grid,private_fragmented,event_triggered,774107,always_act,80,UTL-15-communications,U22,no_operational_action,request_peer_evidence,send_targeted_summary,execute_autonomously,False,False,0.0,False,False,False,0.7144457513264859,0.06390274744649882,0.8504827072611166,0.5831999255286191,0.0,0.9037722396345613,0.909325110964876,0.005692685034503042,0.005590455809634243,0.002823688371411004,0.0,0.994307314965497,0.8333333333333333,-0.007819082142283218,-0.0023190917139769285,3,6,0.4476795375778739,0.7144457513264859,0.519691119487539,0.5765898131788574,0.46673388222379075,0.38316820472885943
v7-pilots_iteration2-utility_restoration-large-high-high-high-grid-private_fragmented-774107-always_act-event_triggered,utility_restoration,large,high,high,high,grid,private_fragmented,event_triggered,774107,always_act,80,UTL-16-resource_allocation,U20,restore_communication_relay,request_peer_evidence,negotiate_commitment,execute_autonomously,True,False,0.0,False,False,False,0.6999104855632521,0.004520702598892812,0.7021617888601183,0.9181345938471714,0.0,0.8806532194367557,0.8872194304019371,0.005845787778956946,0.005077544070402618,0.0040677705859510915,0.0,0.994154212221043,0.7916666666666666,-0.06342162644689797,0.002451406766274866,3,5,0.5231218676148268,0.6999104855632521,0.5083116019750294,0.5632530250812365,0.4522957372698992,0.4162911147927895
v7-pilots_iteration2-utility_restoration-large-high-high-high-grid-private_fragmented-774107-always_act-event_triggered,utility_restoration,large,high,high,high,grid,private_fragmented,event_triggered,774107,always_act,80,UTL-17-critical_load,U09,no_operational_action,no_information_action,no_communication_action,execute_autonomously,False,False,0.0,False,False,False,0.8267982656033863,0.18186965197531352,1.0,1.0,0.0,0.8590004753376822,0.8645515356860566,0.006379968994807972,0.005573831794449924,0.0038405757762878245,0.0,0.993620031005192,0.7916666666666666,-0.04468136594038852,0.00585504122509839,3,5,0.5859114103051513,0.8267982656033863,0.5544013816685063,0.6078406155187408,0.5055886048867555,0.46462738306707607
v7-pilots_iteration2-utility_restoration-large-high-high-high-grid-private_fragmented-774107-always_act-event_triggered,utility_restoration,large,high,high,high,grid,private_fragmented,event_triggered,774107,always_act,80,UTL-18-zone_operator,U07,isolate_component,request_peer_evidence,negotiate_commitment,execute_autonomously,True,True,-0.024777588232462133,True,False,True,0.68090895022359,0.06475495285361316,0.47591960774873776,0.39487386093773547,0.0,0.9113513226315236,0.9160315198183866,0.007176325938187844,0.006373464086575575,0.004274916576074483,0.0,0.9928236740618122,0.7430555555555556,-0.006633840429428051,-0.002482746691866211,4,5,0.39107876970107713,0.68090895022359,0.51024826706078,0.5628382120773566,0.4345928702050189,0.34084444740088105
v7-pilots_iteration2-utility_restoration-large-high-high-high-grid-private_fragmented-774107-always_act-event_triggered,utility_restoration,large,high,high,high,grid,private_fragmented,event_triggered,774107,always_act,80,UTL-19-crew_dispatch,U12,dispatch_repair_crew,request_peer_evidence,negotiate_commitment,execute_autonomously,False,False,0.0,False,False,False,0.6245166574355667,0.0698386773180778,0.9661152946492484,0.7508671772414102,0.0,0.8390337753686167,0.8581245230082026,0.012382247829707538,0.011165277214819747,0.007632630096170656,0.0,0.9876177521702925,0.7430555555555556,-0.044599929622508916,0.007671116382268028,4,5,0.45734378606603115,0.6245166574355667,0.4769002537779714,0.5308390247268201,0.41090810723404914,0.3785398944228187
v7-pilots_iteration2-utility_restoration-large-high-high-high-grid-private_fragmented-774107-always_act-event_triggered,utility_restoration,large,high,high,high,grid,private_fragmented,event_triggered,774107,always_act,80,UTL-20-cyber_defense,U17,restore_communication_relay,request_peer_evidence,send_targeted_summary,execute_autonomously,True,False,0.0,False,False,False,0.7041657057159989,0.07607436031299131,0.8640796184191022,0.6029154467076981,0.0,0.8653250652293942,0.8770614167375006,0.009705892767056357,0.008128983757114905,0.006516268243874301,0.0,0.9902941072329436,0.7430555555555556,-0.0566768091598947,0.006535103200742354,4,5,0.4489160471532872,0.7041657057159989,0.511585798467627,0.5623657323143243,0.44436070751183065,0.3799311091026423
v7-pilots_iteration2-utility_restoration-large-high-high-high-grid-private_fragmented-774107-always_act-event_triggered,utility_restoration,large,high,high,high,grid,private_fragmented,event_triggered,774107,always_act,80,UTL-21-communications,U22,no_operational_action,request_peer_evidence,send_targeted_summary,execute_autonomously,False,False,0.0,False,False,False,0.7022005511992324,0.06849369470558908,0.8627684514126785,0.6010142545483839,0.0,0.9475002606742312,0.9534306460522597,0.007795067819308277,0.005690656302676511,0.006365408536867179,0.0,0.9922049321806917,0.7430555555555556,0.004024615253558683,0.0027829777601308114,4,5,0.4477916084993512,0.7022005511992324,0.5286683805952824,0.577507929156427,0.44353534261478866,0.37474723940640137
v7-pilots_iteration2-utility_restoration-large-high-high-high-grid-private_fragmented-774107-always_act-event_triggered,utility_restoration,large,high,high,high,grid,private_fragmented,event_triggered,774107,always_act,80,UTL-22-resource_allocation,U20,no_operational_action,request_peer_evidence,send_targeted_summary,execute_autonomously,False,False,0.0,False,False,False,0.6488282763573319,0.09594858914522691,0.25246561944228263,0.2660751481913098,0.0,0.8916249371455263,0.8918918805517917,0.000230533843237124,0.00021206517421623605,0.00016629784750010757,0.0,0.9997694661567629,0.7916666666666666,0.05033121639271032,-0.01182551484249772,3,5,0.34925964952740723,0.6488282763573319,0.4827602922098463,0.5362095494923664,0.4308412094034127,0.3167294841695913
v7-pilots_iteration2-utility_restoration-large-high-high-high-grid-private_fragmented-774107-always_act-event_triggered,utility_restoration,large,high,high,high,grid,private_fragmented,event_triggered,774107,always_act,80,UTL-23-critical_load,U09,no_operational_action,no_information_action,no_communication_action,execute_autonomously,False,False,0.0,False,False,False,0.8577953553686022,0.1549975531725965,0.7856703154753566,0.48922195743926716,0.0,0.9043231480206901,0.90820120040876,0.0023753751089741204,0.0021866445933016454,0.0012467444937074301,0.0,0.9976246248910259,0.7916666666666666,0.1381839275047455,0.002133203502992176,3,5,0.4738636906107489,0.8577953553686022,0.5725244543051772,0.6235559891033703,0.5186073825881462,0.4055165518181685
v7-pilots_iteration2-utility_restoration-large-high-high-high-grid-private_fragmented-774107-always_act-event_triggered,utility_restoration,large,high,high,high,grid,private_fragmented,event_triggered,774107,always_act,80,UTL-24-zone_operator,U07,isolate_component,request_peer_evidence,send_targeted_summary,execute_autonomously,True,False,0.0,False,False,False,0.6901066331811504,0.036684598332672125,1.0,0.7123260273086908,0.0,0.9010849743075442,0.901366411312362,0.0034299043512681093,0.002340333612045886,0.003611383202451246,0.0,0.9965700956487319,0.7430555555555556,0.04433153821311564,0.0032024712822313894,4,5,0.47039450183567694,0.6901066331811504,0.5061157629411216,0.5587172925430737,0.43845589704719423,0.38130156450728725
v7-pilots_iteration2-utility_restoration-large-high-high-high-grid-private_fragmented-774107-always_act-event_triggered,utility_restoration,large,high,high,high,grid,private_fragmented,event_triggered,774107,always_act,80,UTL-25-crew_dispatch,U12,dispatch_repair_crew,request_peer_evidence,send_targeted_summary,execute_autonomously,False,False,0.0,False,False,False,0.6654921090607788,0.09437113977787326,0.8928888308676889,0.6446888047581488,0.0,0.9137557389644863,0.9221860541529614,0.007312612586993783,0.0062580052720400126,0.004704171346542219,0.0,0.9926873874130062,0.7430555555555556,0.012888795412987042,0.00019792409334606909,4,5,0.44579263022262056,0.6654921090607788,0.5048734359872245,0.5564108838808142,0.4281177969166382,0.3668730590121445
v7-pilots_iteration2-utility_restoration-large-high-high-high-grid-private_fragmented-774107-always_act-event_triggered,utility_restoration,large,high,high,high,grid,private_fragmented,event_triggered,774107,always_act,80,UTL-26-cyber_defense,U17,no_operational_action,request_peer_evidence,send_targeted_summary,execute_autonomously,False,False,0.0,False,False,False,0.7571429658844513,0.02328958476457388,0.7695406678052821,0.46583396831765894,0.0,0.9307316499622151,0.9400291262671098,0.012733596970518235,0.011728463160980196,0.0072285201083515105,0.0,0.9872664030294818,0.6444444444444444,0.057048665917364794,-0.007088874603213169,5,4,0.43402876079695163,0.7571429658844513,0.55336713460306,0.6070597136517224,0.44688893456035844,0.362636153662423
v7-pilots_iteration2-utility_restoration-large-high-high-high-grid-private_fragmented-774107-always_act-event_triggered,utility_restoration,large,high,high,high,grid,private_fragmented,event_triggered,774107,always_act,80,UTL-27-communications,U22,dispatch_repair_crew,no_information_action,no_communication_action,execute_autonomously,False,False,0.0,False,False,False,0.5968966061998164,0.18316340339618076,1.0,1.0,0.0,0.8866722078403371,0.8877829063151145,0.0009921595682299555,0.00077500620098514,0.0007695564994887327,0.0,0.99900784043177,0.6444444444444444,-0.04642582412199525,-0.013984251335242504,5,4,0.5077448461079377,0.5968966061998164,0.46181571783553277,0.5111553915660905,0.3795854634928118,0.371815824945039
v7-pilots_iteration2-utility_restoration-large-high-high-high-grid-private_fragmented-774107-always_act-event_triggered,utility_restoration,large,high,high,high,grid,private_fragmented,event_triggered,774107,always_act,80,UTL-28-resource_allocation,U20,dispatch_repair_crew,no_information_action,no_communication_action,execute_autonomously,False,False,0.0,False,False,False,0.6423631017427519,0.14189824214206873,0.5160101770426517,0.6482147567118449,0.0,0.9017674153879183,0.912277704982904,0.015367198756080502,0.013006643256674888,0.011300074548963202,0.0,0.9846328012439195,0.6875,-0.03089953946999291,0.009033169697515109,4,4,0.43877499620337845,0.6423631017427519,0.5039011728025931,0.5546205539888216,0.40729250273195583,0.36824171421480906
v7-pilots_iteration2-utility_restoration-large-high-high-high-grid-private_fragmented-774107-always_act-event_triggered,utility_restoration,large,high,high,high,grid,private_fragmented,event_triggered,774107,always_act,80,UTL-29-critical_load,U09,no_operational_action,no_information_action,no_communication_action,execute_autonomously,False,False,0.0,False,False,False,0.7971370535491329,0.20893235921315562,0.9848306630527518,0.7780044614264902,0.0,0.8489522085572725,0.8540708790668645,0.007381906203961619,0.007291931834075838,0.00444972402984245,0.0,0.9926180937960384,0.6875,-0.08189700259169708,0.007101450051048119,4,4,0.5225476689490629,0.7971370535491329,0.5414275422445175,0.595759535232495,0.4722975624906358,0.4181546521222258
v7-pilots_iteration2-utility_restoration-large-high-high-high-grid-private_fragmented-774107-always_act-event_triggered,utility_restoration,large,high,high,high,grid,private_fragmented,event_triggered,774107,always_act,80,UTL-30-zone_operator,U07,isolate_component,request_peer_evidence,send_targeted_summary,execute_autonomously,True,True,-0.03582847580153546,True,False,True,0.579393280489487,0.16206296667766174,0.8442825267178486,0.7411832582167323,0.0,0.8379551665103162,0.8463153376996799,0.006943884826696833,0.006737155575459286,0.003591975027212091,0.0,0.9930561151733032,0.8333333333333333,-0.05614566198962767,0.005247306105850669,3,6,0.43967769733844136,0.579393280489487,0.45096754258074945,0.5036176122826517,0.4100118444722512,0.369608267862966
v7-pilots_iteration2-utility_restoration-large-high-high-high-grid-private_fragmented-774107-always_act-event_triggered,utility_restoration,large,high,high,high,grid,private_fragmented,event_triggered,774107,always_act,80,UTL-31-crew_dispatch,U12,dispatch_repair_crew,request_peer_evidence,send_targeted_summary,execute_autonomously,False,False,0.0,False,False,False,0.6450482663840588,0.1218646627662428,1.0,0.8510972936047982,0.0,0.8803251428477971,0.8945185033764944,0.01632124774287369,0.014198498590286435,0.011615998131447314,0.0,0.9836787522571263,0.8333333333333333,0.10613139383029202,0.016116580673627867,3,6,0.4883797610357316,0.6450482663840588,0.5009503391055959,0.5544833660545705,0.43758693854797137,0.4187600828578789
v7-pilots_iteration2-utility_restoration-large-high-high-high-grid-private_fragmented-774107-always_act-event_triggered,utility_restoration,large,high,high,high,grid,private_fragmented,event_triggered,774107,always_act,80,UTL-32-cyber_defense,U17,isolate_component,request_peer_evidence,send_targeted_summary,execute_autonomously,True,False,0.0,False,False,False,0.8804495194655326,0.08722703235238316,1.0,0.8003732661945789,0.0,0.8889223965577445,0.8899594761568621,0.005397505958250615,0.005075207408150706,0.0037689834570712177,0.0,0.9946024940417494,0.8333333333333333,0.03581715935626184,-0.004114355963396932,3,6,0.5562424205049801,0.8804495194655326,0.5819669152672,0.6368426763755919,0.5364554648421903,0.4558373320358148
v7-pilots_iteration2-utility_restoration-large-high-high-high-grid-private_fragmented-774107-always_act-event_triggered,utility_restoration,large,high,high,high,grid,private_fragmented,event_triggered,774107,always_act,80,UTL-33-communications,U22,dispatch_repair_crew,request_peer_evidence,send_targeted_summary,execute_autonomously,False,False,0.0,False,False,False,0.7197489237702906,0.058694716447253714,1.0,0.9097720555761589,0.0,0.952514534338391,0.952447978691223,0.0002365505746868557,0.0001834970994175622,0.00018437676716320794,0.0,0.9997634494253131,0.8333333333333333,-0.001689228011800492,-0.0051377952520372805,3,6,0.527859927420177,0.7197489237702906,0.5263593738972756,0.5779634979962535,0.4689612146501887,0.41925221114907985
v7-pilots_iteration2-utility_restoration-large-high-high-high-grid-private_fragmented-774107-always_act-event_triggered,utility_restoration,large,high,high,high,grid,private_fragmented,event_triggered,774107,always_act,80,UTL-34-resource_allocation,U20,dispatch_repair_crew,request_peer_evidence,send_targeted_summary,execute_autonomously,False,False,0.0,False,False,False,0.6061831592100243,0.1275248295849566,0.47020062251712946,0.5817909026498377,0.0,0.8535914347969554,0.8659941840091548,0.010279343668933238,0.008640764649962773,0.007311745490143573,0.0,0.9897206563310668,0.6875,-0.040947228897947,0.0012637324187033672,4,4,0.41053209076736935,0.6061831592100243,0.4702622035197551,0.5220945648615518,0.3920969268682102,0.3391956860028363
v7-pilots_iteration2-utility_restoration-large-high-high-high-grid-private_fragmented-774107-always_act-event_triggered,utility_restoration,large,high,high,high,grid,private_fragmented,event_triggered,774107,always_act,80,UTL-35-critical_load,U09,no_operational_action,no_information_action,no_communication_action,execute_autonomously,False,False,0.0,False,False,False,0.8259776642688695,0.14734717602484787,1.0,1.0,0.0,0.9133999764680478,0.9198210129881575,0.008656846214744052,0.007632079801443092,0.004961001899418838,0.0,0.991343153785256,0.6875,0.03525909636357438,0.008022632494574689,4,4,0.5856324058514157,0.8259776642688695,0.5708606445252015,0.6217489726521748,0.4844106189929252,0.4544709465957725
v7-pilots_iteration2-utility_restoration-large-high-high-high-grid-private_fragmented-774107-always_act-event_triggered,utility_restoration,large,high,high,high,grid,private_fragmented,event_triggered,774107,always_act,80,UTL-36-zone_operator,U07,isolate_component,request_peer_evidence,send_targeted_summary,execute_autonomously,True,False,0.0,False,False,False,0.6150776349724663,0.19397457789504188,0.3825059177651866,0.206611350243195,0.0,0.8768016833484223,0.8802346249383175,0.0040287085457343386,0.004034714952861007,0.001960843092327025,0.0,0.9959712914542657,0.7430555555555556,-0.0015185495448331032,-0.004589987366196757,4,5,0.3235131199490054,0.6150776349724663,0.47087166679012016,0.5247036936429379,0.40694371779954697,0.29701433612524697
v7-pilots_iteration2-utility_restoration-large-high-high-high-grid-private_fragmented-774107-always_act-event_triggered,utility_restoration,large,high,high,high,grid,private_fragmented,event_triggered,774107,always_act,80,UTL-37-crew_dispatch,U12,dispatch_repair_crew,no_information_action,no_communication_action,execute_autonomously,False,False,0.0,False,False,False,0.5832396045170342,0.24653022557113063,0.8583299933814917,0.594578490403163,0.0,0.8886316291935897,0.8942746607589597,0.010150125016947675,0.009020131710415602,0.006270388536325222,0.0,0.9898498749830523,0.7430555555555556,-0.0161964755174705,0.009728007286062823,4,5,0.40580030323255073,0.5832396045170342,0.4696639241289378,0.5176830030982786,0.3935717450082654,0.347894158962508
v7-pilots_iteration2-utility_restoration-large-high-high-high-grid-private_fragmented-774107-always_act-event_triggered,utility_restoration,large,high,high,high,grid,private_fragmented,event_triggered,774107,always_act,80,UTL-38-cyber_defense,U17,restore_communication_relay,request_peer_evidence,send_targeted_summary,execute_autonomously,True,False,0.0,False,False,False,0.8182820286904594,0.10444504780552072,0.9772762819983687,0.7670506088976345,0.0,0.9501319644937178,0.9522775567008335,0.0041847139889746865,0.003645822362478013,0.002416249561333239,0.0,0.9958152860110253,0.8333333333333333,0.023828576248100863,0.003816938800645042,3,6,0.5271080358901885,0.8182820286904594,0.5707044021841778,0.6216995846728577,0.5103451187166596,0.43613102676161153
v7-pilots_iteration2-utility_restoration-large-high-high-high-grid-private_fragmented-774107-always_act-event_triggered,utility_restoration,large,high,high,high,grid,private_fragmented,event_triggered,774107,always_act,80,UTL-39-communications,U22,dispatch_repair_crew,no_information_action,no_communication_action,execute_autonomously,False,False,0.0,False,False,False,0.620872686784965,0.19919140015070794,1.0,0.8212315104909809,0.0,0.9018598349408727,0.9090871734426887,0.006927357369325926,0.0066689414563270155,0.0034353833154255886,0.0,0.9930726426306741,0.8333333333333333,0.0022177922980287645,-0.0023322134154690755,3,6,0.47299227602472355,0.620872686784965,0.4835123337662605,0.535060618060041,0.4274331951163519,0.38654678494798406
v7-pilots_iteration2-utility_restoration-large-high-high-high-grid-private_fragmented-774107-always_act-event_triggered,utility_restoration,large,high,high,high,grid,private_fragmented,event_triggered,774107,always_act,80,UTL-40-resource_allocation,U20,dispatch_repair_crew,no_information_action,no_communication_action,execute_autonomously,False,True,0.0,False,False,False,0.6182155145117331,0.21374855753545471,0.5645134716560763,0.7185445339013107,0.0,0.9034834772310831,0.9087435111023066,0.003013009704526115,0.0025943801171648406,0.001999742020319495,0.0,0.9969869902954739,0.7916666666666666,0.009791391479194167,-0.0021915633100852983,3,5,0.4474439630703038,0.6182155145117331,0.4773752886988006,0.5277707466402607,0.4179838494282612,0.3649103406488329
v7-pilots_iteration2-utility_restoration-large-high-high-high-grid-private_fragmented-774107-always_act-event_triggered,utility_restoration,large,high,high,high,grid,private_fragmented,event_triggered,774107,always_act,80,UTL-41-critical_load,U09,no_operational_action,no_information_action,no_communication_action,execute_autonomously,False,False,0.0,False,False,False,0.8680782818986973,0.24783850712184777,0.9917214831069265,0.7879961505050435,0.0,0.8648041894906096,0.8729144026464575,0.005264074398985352,0.004963927793688039,0.0029717171965446543,0.0,0.9947359256010146,0.7916666666666666,0.03146209008754575,0.005106296651145925,3,5,0.5490656919667676,0.8680782818986973,0.5708020642907109,0.6198892178543867,0.5229262117307862,0.44916548138759016
v7-pilots_iteration2-utility_restoration-large-high-high-high-grid-private_fragmented-774107-always_act-event_triggered,utility_restoration,large,high,high,high,grid,private_fragmented,event_triggered,774107,always_act,80,UTL-42-zone_operator,U07,isolate_component,request_peer_evidence,send_targeted_summary,execute_autonomously,True,False,0.0,False,False,False,0.6850401966342048,0.08765687344332684,0.3471598858823779,0.33370460270332936,0.0,0.9286771396422836,0.9271243673727314,0.001333602536674472,0.0011440835589815457,0.0009509376465404173,0.0,0.9986663974633255,0.7430555555555556,0.06063138651604483,-0.0007237092810400414,4,5,0.3778027715044287,0.6850401966342048,0.5080524071155971,0.5605132747216821,0.4363279936974771,0.32965754874779574
v7-pilots_iteration2-utility_restoration-large-high-high-high-grid-private_fragmented-774107-always_act-event_triggered,utility_restoration,large,high,high,high,grid,private_fragmented,event_triggered,774107,always_act,80,UTL-43-crew_dispatch,U12,dispatch_repair_crew,no_information_action,no_communication_action,execute_autonomously,False,True,0.0,False,False,False,0.6130736414439426,0.18598935801273514,0.9923402545095903,0.788893369038906,0.0,0.8886582331256985,0.9024794095000637,0.009860583132854206,0.008930056041771772,0.005603875233153532,0.0,0.9901394168671458,0.7430555555555556,-0.02775264528406496,0.002589854789363355,4,5,0.46257944666027795,0.6130736414439426,0.48119883124499757,0.532432438750287,0.40610204051756704,0.37345168292959446
v7-pilots_iteration2-utility_restoration-large-high-high-high-grid-private_fragmented-774107-always_act-event_triggered,utility_restoration,large,high,high,high,grid,private_fragmented,event_triggered,774107,always_act,80,UTL-44-cyber_defense,U17,no_operational_action,no_information_action,no_communication_action,execute_autonomously,False,False,0.0,False,False,False,0.8353506672639983,0.18426319777352065,1.0,0.8000556086449403,0.0,0.9390877362403277,0.9398335890135552,0.004366659792750194,0.003706478832759985,0.002737233908410963,0.0,0.9956333402072498,0.7430555555555556,0.032210254408516326,0.003936838155339406,4,5,0.5408325729445451,0.8353506672639983,0.5750255246755316,0.624268601520992,0.49945839136199044,0.43345163699962824
v7-pilots_iteration2-utility_restoration-large-high-high-high-grid-private_fragmented-774107-always_act-event_triggered,utility_restoration,large,high,high,high,grid,private_fragmented,event_triggered,774107,always_act,80,UTL-45-communications,U22,dispatch_repair_crew,request_peer_evidence,send_targeted_summary,execute_autonomously,False,False,0.0,False,False,False,0.6522641454020809,0.1270375250036812,1.0,0.8214282930039277,0.0,0.9169173856222785,0.9189919215835927,0.0028730432411115947,0.002474315459032761,0.001849686556806951,0.0,0.9971269567588884,0.7430555555555556,-0.018140728537400563,-0.007169044075055808,4,5,0.4837125997576502,0.6522641454020809,0.49415726510395824,0.5452382225167629,0.4225620521799851,0.38032632216481566
v7-pilots_iteration2-utility_restoration-large-high-high-high-grid-private_fragmented-774107-always_act-event_triggered,utility_restoration,large,high,high,high,grid,private_fragmented,event_triggered,774107,always_act,80,UTL-46-resource_allocation,U20,dispatch_repair_crew,no_information_action,no_communication_action,execute_autonomously,False,False,0.0,False,False,False,0.590998309077389,0.2041499900417066,0.3845239992619008,0.45755979892975607,0.0,0.8441878809027102,0.8555939162080499,0.012283868310846935,0.009080296670215371,0.011311338262946169,0.0,0.9877161316891531,0.875,-0.05924624593129124,0.01214859991922923,2,6,0.3755537768294538,0.590998309077389,0.4646437094918189,0.5158237915383392,0.4232192898125034,0.35566952438745064
v7-pilots_iteration2-utility_restoration-large-high-high-high-grid-private_fragmented-774107-always_act-event_triggered,utility_restoration,large,high,high,high,grid,private_fragmented,event_triggered,774107,always_act,80,UTL-47-critical_load,U09,no_operational_action,request_peer_evidence,send_targeted_summary,execute_autonomously,False,False,0.0,False,False,False,0.7923222293676684,0.09667107130510177,0.9811610786407234,0.772683564029049,0.0,0.9113191313803982,0.9098338940117775,0.005242603608407448,0.0037089002068793064,0.005323020526271094,0.0,0.9947573963915926,0.875,-0.0005252794995455057,0.005240910634617069,2,6,0.519633613351979,0.7923222293676684,0.5520983196439374,0.6034283761358312,0.5077753363344207,0.437705706817776
v7-pilots_iteration2-utility_restoration-large-high-high-high-grid-private_fragmented-774107-always_act-event_triggered,utility_restoration,large,high,high,high,grid,private_fragmented,event_triggered,774107,always_act,80,UTL-48-zone_operator,U07,isolate_component,request_peer_evidence,send_targeted_summary,execute_autonomously,True,False,0.0,False,False,False,0.6850729485036818,0.0969749071403237,1.0,1.0,0.0,0.9053695984088765,0.90860436274171,0.0054929590875489875,0.0049365676364196975,0.0033813620515146248,0.0,0.994507040912451,0.8333333333333333,-0.013345808710925167,-0.00011306976583014272,3,6,0.5377248024912518,0.6850729485036818,0.5080617217262605,0.5631716481763827,0.45439730503821296,0.424961985717829
v7-pilots_iteration2-utility_restoration-large-high-high-high-grid-private_fragmented-774107-always_act-event_triggered,utility_restoration,large,high,high,high,grid,private_fragmented,event_triggered,774107,always_act,80,UTL-49-crew_dispatch,U12,no_operational_action,request_peer_evidence,send_targeted_summary,execute_autonomously,False,False,0.0,False,False,False,0.6921980326970154,0.10759748390860838,0.7527955184386436,0.44155350173603314,0.0,0.9276997737754914,0.9378876993822222,0.011741317254778671,0.01007165055430681,0.008203548131247462,0.0,0.9882586827452213,0.8333333333333333,-0.007087824922916819,0.005656200598133987,3,6,0.4061201715336332,0.6921980326970154,0.5252420006793692,0.5778043039809988,0.4573898403994131,0.3702236037604727
v7-pilots_iteration2-utility_restoration-large-high-high-high-grid-private_fragmented-774107-always_act-event_triggered,utility_restoration,large,high,high,high,grid,private_fragmented,event_triggered,774107,always_act,80,UTL-50-cyber_defense,U17,isolate_component,no_information_action,no_communication_action,execute_autonomously,True,False,0.0,False,False,False,0.841758631723542,0.1880156422700345,1.0,1.0,0.0,0.9314087173745039,0.9361541502203109,0.005996514000992437,0.005580411423497189,0.0031408292207403266,0.0,0.9940034859990076,0.8333333333333333,0.06385123053156927,-0.0023290461901896986,3,6,0.5909979347860044,0.841758631723542,0.5779507516344322,0.6288689816911075,0.5202052919905543,0.4690930409269947
v7-pilots_iteration2-utility_restoration-large-high-high-high-grid-private_fragmented-774107-always_act-event_triggered,utility_restoration,large,high,high,high,grid,private_fragmented,event_triggered,774107,always_act,80,UTL-51-communications,U22,dispatch_repair_crew,no_information_action,no_communication_action,execute_autonomously,False,False,0.0,False,False,False,0.5117425256619146,0.33398609875570934,1.0,0.821464740903459,0.0,0.8072036574314836,0.8072038671115647,1.6145483505702884e-07,1.6558950033385145e-07,1.0467968891703094e-07,0.0,0.9999998385451649,0.8333333333333333,-0.1065482537401865,-6.230189817379994e-07,3,6,0.43594399654188115,0.5117425256619146,0.4064981506594058,0.45587920098539664,0.38159852744467077,0.350197156685518
v7-pilots_iteration2-utility_restoration-large-high-high-high-grid-private_fragmented-774107-always_act-event_triggered,utility_restoration,large,high,high,high,grid,private_fragmented,event_triggered,774107,always_act,85,UTL-00-zone_operator,U14,dispatch_repair_crew,request_peer_evidence,negotiate_commitment,execute_autonomously,False,False,0.0,False,False,False,0.6748281932679563,0.0778857606231565,0.8113714259675151,0.526488567652897,0.0,0.9177399942682571,0.9177399942682571,0.0,0.0,0.0,0.0,1.0,0.8888888888888888,0.07684957647745494,0.0,1,8,0.42059884194780045,0.6748281932679563,0.4993662758742468,0.5517522837302044,0.4612056189503194,0.3676860777889309
v7-pilots_iteration2-utility_restoration-large-high-high-high-grid-private_fragmented-774107-always_act-event_triggered,utility_restoration,large,high,high,high,grid,private_fragmented,event_triggered,774107,always_act,85,UTL-01-crew_dispatch,U19,dispatch_repair_crew,request_peer_evidence,negotiate_commitment,execute_autonomously,False,False,0.0,False,False,False,0.6238153836188715,0.12049497544865695,0.9351396893269726,0.7059525495241101,0.0,0.8408061895591095,0.8408247877078818,1.061955731362918e-05,1.27973690027261e-05,3.871155748957911e-06,0.0,0.9999893804426864,0.9027777777777778,-0.05898091420075591,-0.00011055206023991015,2,7,0.44632584231620276,0.6238153836188715,0.45974256821756504,0.5164503900608148,0.44255801667548156,0.3767526094834701
v7-pilots_iteration2-utility_restoration-large-high-high-high-grid-private_fragmented-774107-always_act-event_triggered,utility_restoration,large,high,high,high,grid,private_fragmented,event_triggered,774107,always_act,85,UTL-02-cyber_defense,U24,isolate_component,no_information_action,no_communication_action,execute_autonomously,True,False,0.0,False,False,False,0.4765586859294725,0.3890765755003166,1.0,0.6220954809227286,0.0,0.8064718106308533,0.8098504904037095,0.0011106732633878735,0.0010768261604364726,0.0005879711300235124,0.0,0.9988893267366121,0.8333333333333333,-0.08808873917854054,-0.002460652208316816,3,6,0.3761328686374755,0.4765586859294725,0.3937963695982453,0.43628081141396446,0.3668213147570451,0.3173680219930103
v7-pilots_iteration2-utility_restoration-large-high-high-high-grid-private_fragmented-774107-always_act-event_triggered,utility_restoration,large,high,high,high,grid,private_fragmented,event_triggered,774107,always_act,85,UTL-03-communications,U29,no_operational_action,request_peer_evidence,send_targeted_summary,execute_autonomously,False,False,0.0,False,False,False,0.7065379315008231,0.01335620930084569,1.0,0.8422444593910381,0.0,0.8654959086234668,0.8721153640031719,0.0066293557414204285,0.0051408902266442125,0.005018568326692896,0.0,0.9933706442585796,0.8333333333333333,-0.04717602899428841,0.006620955826958763,3,6,0.507161566964129,0.7065379315008231,0.5082702477941845,0.5647465661158683,0.4634125978970124,0.41854504453397545
v7-pilots_iteration2-utility_restoration-large-high-high-high-grid-private_fragmented-774107-always_act-event_triggered,utility_restoration,large,high,high,high,grid,private_fragmented,event_triggered,774107,always_act,85,UTL-04-resource_allocation,U27,dispatch_repair_crew,request_peer_evidence,negotiate_commitment,execute_autonomously,False,False,0.0,False,False,False,0.6883530357876873,0.12009080380493892,1.0,0.9226668771377043,0.0,0.956962546802673,0.9583102331825579,0.008780338955515443,0.007576640414228897,0.005638502076033336,0.0,0.9912196610444846,0.7916666666666666,0.08970170266603539,0.00877354045168155,3,5,0.5202800826808627,0.6883530357876873,0.5268743255534648,0.5761877106137712,0.44744160836416197,0.4211112430577586
v7-pilots_iteration2-utility_restoration-large-high-high-high-grid-private_fragmented-774107-always_act-event_triggered,utility_restoration,large,high,high,high,grid,private_fragmented,event_triggered,774107,always_act,85,UTL-05-critical_load,U25,no_operational_action,no_information_action,no_communication_action,execute_autonomously,False,False,0.0,False,False,False,0.8461314130151574,0.16515662253367663,1.0,0.8565632656241873,0.0,0.951190111902021,0.9519637872247382,0.0013126387221066294,0.0011419707086318676,0.0007416034616956058,0.0,0.9986873612778934,0.7916666666666666,0.09650400082555255,-0.008992788394904694,3,5,0.5580598641749586,0.8461314130151574,0.5780877873925174,0.6282430944639383,0.5137085267996995,0.4437368590630318
v7-pilots_iteration2-utility_restoration-large-high-high-high-grid-private_fragmented-774107-always_act-event_triggered,utility_restoration,large,high,high,high,grid,private_fragmented,event_triggered,774107,always_act,85,UTL-06-zone_operator,U14,dispatch_repair_crew,no_information_action,negotiate_commitment,execute_autonomously,False,False,0.0,False,False,False,0.6579961322009087,0.14124637656531475,1.0,0.8119786687156829,0.0,0.9175569399094896,0.9173231579542988,0.00011995962075261879,8.550786670302735e-05,0.00014072238773177315,0.0,0.9998800403792474,0.8333333333333333,0.007213229382843855,-0.0030735587871683068,3,6,0.4833935654400729,0.6579961322009087,0.49275563132678957,0.544907183052866,0.4430250421910483,0.3901356200917776
v7-pilots_iteration2-utility_restoration-large-high-high-high-grid-private_fragmented-774107-always_act-event_triggered,utility_restoration,large,high,high,high,grid,private_fragmented,event_triggered,774107,always_act,85,UTL-07-crew_dispatch,U19,dispatch_repair_crew,request_peer_evidence,negotiate_commitment,execute_autonomously,False,False,0.0,False,False,False,0.7783675130954111,0.013979782636448002,1.0,0.9211355179611876,0.0,0.9675659559648045,0.9694392635706108,0.0034774758845428355,0.0031972885527778994,0.0018602804149406849,0.0,0.9965225241154572,0.8333333333333333,0.06731574296054765,-0.0025734345134247327,3,6,0.5505174787631248,0.7783675130954111,0.5581069604677256,0.6101780501662354,0.49358102216673927,0.43975951551873105
v7-pilots_iteration2-utility_restoration-large-high-high-high-grid-private_fragmented-774107-always_act-event_triggered,utility_restoration,large,high,high,high,grid,private_fragmented,event_triggered,774107,always_act,85,UTL-08-cyber_defense,U24,isolate_component,request_peer_evidence,send_targeted_summary,execute_autonomously,True,False,0.0,False,False,False,0.7205588105938197,0.00778237336624199,0.8321154063157687,0.5709350952193293,0.0,0.8963551744546573,0.9023428711802289,0.003343913351401717,0.0029644769455473563,0.0021877763047298826,0.0,0.9966560866485983,0.8333333333333333,0.04333432083535016,-0.000270187655582399,3,6,0.4468144184545378,0.7205588105938197,0.5169937965431547,0.573074757357098,0.46930136711607096,0.3815741704980402
v7-pilots_iteration2-utility_restoration-large-high-high-high-grid-private_fragmented-774107-always_act-event_triggered,utility_restoration,large,high,high,high,grid,private_fragmented,event_triggered,774107,always_act,85,UTL-09-communications,U29,no_operational_action,request_peer_evidence,send_targeted_summary,execute_autonomously,False,False,0.0,False,False,False,0.6360254357028693,0.07680957031202512,1.0,0.8809595041815688,0.0,0.85614360202213,0.8561704883523518,2.4190646523369885e-05,2.0914873151700597e-05,1.7616137873877058e-05,0.0,0.9999758093534766,0.8333333333333333,-0.010074742191670705,-0.0009255461176633784,3,6,0.4924789291425521,0.6360254357028693,0.46847994169181295,0.5231396980891356,0.4337973496618718,0.3921576324841299
v7-pilots_iteration2-utility_restoration-large-high-high-high-grid-private_fragmented-774107-always_act-event_triggered,utility_restoration,large,high,high,high,grid,private_fragmented,event_triggered,774107,always_act,85,UTL-10-resource_allocation,U27,no_operational_action,request_peer_evidence,send_targeted_summary,execute_autonomously,False,False,0.0,False,False,False,0.5601435752939947,0.24396109664617147,0.8482257465404791,0.6079957817600549,0.0,0.8466090034779598,0.8624664205161905,0.012135438466909343,0.009646718935490961,0.010674044898570823,0.0,0.9878645615330907,0.7916666666666666,-0.0628059767052156,0.005834553839255574,3,5,0.4011678032223714,0.5601435752939947,0.45269929484076094,0.500836544100067,0.3935936349568111,0.34898221591779655
v7-pilots_iteration2-utility_restoration-large-high-high-high-grid-private_fragmented-774107-always_act-event_triggered,utility_restoration,large,high,high,high,grid,private_fragmented,event_triggered,774107,always_act,85,UTL-11-critical_load,U25,no_operational_action,no_information_action,no_communication_action,execute_autonomously,False,False,0.0,False,False,False,0.8363025171686997,0.276537877093426,0.6653700874264504,0.34811996010168644,0.0,0.870752258595333,0.870846208782105,0.0002466130077929396,0.00023394713176849713,0.00013013379220538912,0.0,0.9997533869922071,0.6875,0.03206403561495419,-0.0014664293449455634,4,4,0.43269164626176265,0.8363025171686997,0.5525543297272233,0.6003547640589448,0.4887470572108539,0.36552382102486214
v7-pilots_iteration2-utility_restoration-large-high-high-high-grid-private_fragmented-774107-always_act-event_triggered,utility_restoration,large,high,high,high,grid,private_fragmented,event_triggered,774107,always_act,85,UTL-12-zone_operator,U14,dispatch_repair_crew,no_information_action,negotiate_commitment,execute_autonomously,False,False,0.0,False,False,False,0.6582022688899577,0.17127586092329097,1.0,0.9704052580360557,0.0,0.9325712072533096,0.9331514528654726,0.004793671036710689,0.0039819070658432265,0.0032321616908190798,0.0,0.9952063289632893,0.7430555555555556,0.18885137140247765,0.0042361143592765105,4,5,0.521486033351239,0.6582022688899577,0.5031348488207055,0.5534616732597953,0.4250560640448934,0.4049747455806151
v7-pilots_iteration2-utility_restoration-large-high-high-high-grid-private_fragmented-774107-always_act-event_triggered,utility_restoration,large,high,high,high,grid,private_fragmented,event_triggered,774107,always_act,85,UTL-13-crew_dispatch,U19,dispatch_repair_crew,no_information_action,negotiate_commitment,execute_autonomously,False,False,0.0,False,False,False,0.5812040586774874,0.2558558271913876,1.0,0.9578839320147662,0.0,0.8904821561440388,0.8972354673741535,0.002526598113543832,0.001979645323115675,0.0021578780939189857,0.0,0.9974734018864562,0.8333333333333333,-0.04508255319718579,-0.003225600688100849,3,6,0.4923015236338896,0.5812040586774874,0.458639399865966,0.5063263732352598,0.41077237131121136,0.38839880503168045
v7-pilots_iteration2-utility_restoration-large-high-high-high-grid-private_fragmented-774107-always_act-event_triggered,utility_restoration,large,high,high,high,grid,private_fragmented,event_triggered,774107,always_act,85,UTL-14-cyber_defense,U24,isolate_component,request_peer_evidence,send_targeted_summary,execute_autonomously,True,False,0.0,False,False,False,0.6950731863193811,0.07616811298039958,0.5180746968971539,0.3177527477040623,0.0,0.9395502509990382,0.9382272002527644,0.004715091836396179,0.0035420570625935843,0.004026103984921203,0.0,0.9952849081636038,0.8333333333333333,0.063856330125305,4.530790410961494e-06,3,6,0.3773855427975646,0.6950731863193811,0.5195179658484667,0.5700053595572083,0.4585974049208067,0.3455112809606769
v7-pilots_iteration2-utility_restoration-large-high-high-high-grid-private_fragmented-774107-always_act-event_triggered,utility_restoration,large,high,high,high,grid,private_fragmented,event_triggered,774107,always_act,85,UTL-15-communications,U29,dispatch_repair_crew,request_peer_evidence,negotiate_commitment,execute_autonomously,False,False,0.0,False,False,False,0.6778191203947982,0.04647134411505233,1.0,0.8955551572044866,0.0,0.9053727761336791,0.9116563373512432,0.013913334920479747,0.011522185377679683,0.009721450630803319,0.0,0.9860866650795203,0.8333333333333333,-0.00904517666663296,0.013831651834225966,3,6,0.5101917386633081,0.6778191203947982,0.5169495110800107,0.5674971207175636,0.4513506972324819,0.42909320980933585
v7-pilots_iteration2-utility_restoration-large-high-high-high-grid-private_fragmented-774107-always_act-event_triggered,utility_restoration,large,high,high,high,grid,private_fragmented,event_triggered,774107,always_act,85,UTL-16-resource_allocation,U27,dispatch_repair_crew,request_peer_evidence,negotiate_commitment,execute_autonomously,False,False,0.0,False,False,False,0.687338798744559,0.07628485566376819,0.717370397146434,0.7002496584804259,0.0,0.9129816895178312,0.9213076280913876,0.007895458702148028,0.00728947929024637,0.004435356166984761,0.0,0.992104541297852,0.7916666666666666,-0.0038022179831684877,0.007889438363577028,3,5,0.4665551096084523,0.687338798744559,0.5142345840602887,0.5680669074777072,0.4470156288060481,0.3924935468136751
v7-pilots_iteration2-utility_restoration-large-high-high-high-grid-private_fragmented-774107-always_act-event_triggered,utility_restoration,large,high,high,high,grid,private_fragmented,event_triggered,774107,always_act,85,UTL-17-critical_load,U25,no_operational_action,no_information_action,no_communication_action,execute_autonomously,False,False,0.0,False,False,False,0.8148839435913312,0.2463499712097854,1.0,0.9994861273264696,0.0,0.8597316589683616,0.8597473110407462,1.8155688658039182e-05,1.9101763816697925e-05,7.789462978524675e-06,0.0,0.999981844311342,0.7916666666666666,-0.021603982155052548,-0.0004724903853403628,3,5,0.5817372113794053,0.8148839435913312,0.5409119101427442,0.5913390261947638,0.5005845896416925,0.4510376054196559
v7-pilots_iteration2-utility_restoration-large-high-high-high-grid-private_fragmented-774107-always_act-event_triggered,utility_restoration,large,high,high,high,grid,private_fragmented,event_triggered,774107,always_act,85,UTL-18-zone_operator,U14,dispatch_repair_crew,no_information_action,negotiate_commitment,execute_autonomously,False,False,0.0,False,False,False,0.5347515520402547,0.27579402754766996,1.0,0.8724013562005959,0.0,0.8373939838994814,0.8397951653356076,0.006101555713198037,0.006153618824094376,0.0029090394593179747,0.0,0.993898444286802,0.7430555555555556,-0.0061572889017547094,0.0007994557808078673,4,5,0.4559918531818296,0.5347515520402547,0.43179129478944944,0.4805250837060011,0.3732067629680181,0.3567959292167475
v7-pilots_iteration2-utility_restoration-large-high-high-high-grid-private_fragmented-774107-always_act-event_triggered,utility_restoration,large,high,high,high,grid,private_fragmented,event_triggered,774107,always_act,85,UTL-19-crew_dispatch,U19,no_operational_action,request_peer_evidence,send_targeted_summary,execute_autonomously,False,False,0.0,False,False,False,0.6535498562025559,0.03088238815614397,1.0,1.0,0.0,0.8661450238958832,0.8772839660407569,0.011824151792445226,0.009463451502759845,0.009812247461394308,0.0,0.9881758482075548,0.7430555555555556,-0.10050910421465431,0.009877275579644795,4,5,0.5270069511088691,0.6535498562025559,0.4945100109644165,0.5454398172243274,0.42310205071618456,0.4185830553653354
v7-pilots_iteration2-utility_restoration-large-high-high-high-grid-private_fragmented-774107-always_act-event_triggered,utility_restoration,large,high,high,high,grid,private_fragmented,event_triggered,774107,always_act,85,UTL-20-cyber_defense,U24,isolate_component,request_peer_evidence,send_targeted_summary,execute_autonomously,True,False,0.0,False,False,False,0.7370388268956137,0.0625952627668756,0.7668537990366681,0.6230218894809553,0.0,0.901677875104889,0.9028067592706689,0.002842487103962954,0.0027307477661909774,0.0014207023776771077,0.0,0.997157512896037,0.7430555555555556,-0.007677107118555515,-0.00018585975976792568,4,5,0.4649184546199379,0.7370388268956137,0.5242144814800158,0.5776279795221342,0.4581674184072688,0.3801216068117123
v7-pilots_iteration2-utility_restoration-large-high-high-high-grid-private_fragmented-774107-always_act-event_triggered,utility_restoration,large,high,high,high,grid,private_fragmented,event_triggered,774107,always_act,85,UTL-21-communications,U29,no_operational_action,no_information_action,no_communication_action,execute_autonomously,False,False,0.0,False,False,False,0.6645510014327447,0.17177987716660778,0.8082095367776879,0.5219038283276475,0.0,0.9414260533117682,0.944394902575232,0.004593410905686435,0.0031581805225830983,0.004380593347911965,0.0,0.9954065890943136,0.7430555555555556,0.07594660391867925,0.004554444117749412,4,5,0.4160042592857686,0.6645510014327447,0.507607689169001,0.5563906183805984,0.4277225317128639,0.353381593256916
v7-pilots_iteration2-utility_restoration-large-high-high-high-grid-private_fragmented-774107-always_act-event_triggered,utility_restoration,large,high,high,high,grid,private_fragmented,event_triggered,774107,always_act,85,UTL-22-resource_allocation,U27,dispatch_repair_crew,request_peer_evidence,send_targeted_summary,execute_autonomously,False,False,0.0,False,False,False,0.5865307535588051,0.18891996286678397,0.6907450928904146,0.37191636634920955,0.0,0.8627839023717737,0.8654455489473101,0.005412043397648114,0.004560081297017571,0.0038593489229344913,0.0,0.9945879566023519,0.7916666666666666,-0.09157257378482686,-0.006972804949813782,3,5,0.35348038413380406,0.5865307535588051,0.45788513777317286,0.5085419872959802,0.40467624982803146,0.31665567745398576
v7-pilots_iteration2-utility_restoration-large-high-high-high-grid-private_fragmented-774107-always_act-event_triggered,utility_restoration,large,high,high,high,grid,private_fragmented,event_triggered,774107,always_act,85,UTL-23-critical_load,U25,no_operational_action,no_information_action,no_communication_action,execute_autonomously,False,False,0.0,False,False,False,0.8754972212703961,0.2036178050519479,1.0,0.8430583702250022,0.0,0.8617605232641126,0.8756472011211814,0.00879919235473603,0.008408353084305653,0.004880542146365685,0.0,0.991200807645264,0.7916666666666666,-0.061398058384151355,0.00310877678745769,3,5,0.5648030640859352,0.8754972212703961,0.577957888620817,0.6295447635819905,0.5260421662668997,0.4592916140356296
v7-pilots_iteration2-utility_restoration-large-high-high-high-grid-private_fragmented-774107-always_act-event_triggered,utility_restoration,large,high,high,high,grid,private_fragmented,event_triggered,774107,always_act,85,UTL-24-zone_operator,U14,dispatch_repair_crew,no_information_action,no_communication_action,execute_autonomously,False,False,0.0,False,False,False,0.5426923543871287,0.3056217768976328,0.8869728397000584,0.6361106175650846,0.0,0.8552185311637788,0.8676063814946012,0.013448818367625348,0.011023250274176943,0.009648548534486823,0.0,0.9865511816323747,0.7430555555555556,-0.07787593682499427,0.01143123808448021,4,5,0.4019819487072441,0.5426923543871287,0.4497099202604717,0.4949369216799493,0.37654189995370513,0.3461188044548866
v7-pilots_iteration2-utility_restoration-large-high-high-high-grid-private_fragmented-774107-always_act-event_triggered,utility_restoration,large,high,high,high,grid,private_fragmented,event_triggered,774107,always_act,85,UTL-25-crew_dispatch,U19,dispatch_repair_crew,no_information_action,no_communication_action,execute_autonomously,False,False,0.0,False,False,False,0.6716394398479512,0.14074556595779492,0.7079468704977321,0.3765229622217115,0.0,0.9349500979717759,0.9396574598571944,0.006390309836748487,0.005567411315331117,0.0038242113240893882,0.0,0.9936096901632515,0.7430555555555556,0.06209716941149446,0.0057743405944936654,4,5,0.3835229204815142,0.6716394398479512,0.5113397342035724,0.5622048575188283,0.43069967584725055,0.339972912380653
v7-pilots_iteration2-utility_restoration-large-high-high-high-grid-private_fragmented-774107-always_act-event_triggered,utility_restoration,large,high,high,high,grid,private_fragmented,event_triggered,774107,always_act,85,UTL-26-cyber_defense,U24,isolate_component,no_information_action,no_communication_action,execute_autonomously,True,False,0.0,False,False,False,0.8344220690812929,0.14499458635872284,1.0,1.0,0.0,0.8655532000947437,0.8805493083053366,0.014441427614716229,0.013458788378670095,0.009696796276700503,0.0,0.9855585723852838,0.6444444444444444,-0.07786433289954686,0.006864988330270605,5,4,0.5885035034876396,0.8344220690812929,0.5703751263168059,0.6244742743275843,0.47934615790303187,0.4559348714349764
v7-pilots_iteration2-utility_restoration-large-high-high-high-grid-private_fragmented-774107-always_act-event_triggered,utility_restoration,large,high,high,high,grid,private_fragmented,event_triggered,774107,always_act,85,UTL-27-communications,U29,dispatch_repair_crew,no_information_action,no_communication_action,execute_autonomously,False,False,0.0,False,False,False,0.6123161133954835,0.1481202513902159,0.9414603065245826,0.7151174444606447,0.0,0.8725949842236091,0.8819273478402909,0.009321663373277778,0.008727445207190598,0.005025164875183119,0.0,0.9906783366267222,0.6444444444444444,-0.07220636284789639,0.0050443266032035305,5,4,0.4446156652250192,0.6123161133954835,0.4761255201366846,0.528593133097032,0.38606165651499197,0.35302041212189833
v7-pilots_iteration2-utility_restoration-large-high-high-high-grid-private_fragmented-774107-always_act-event_triggered,utility_restoration,large,high,high,high,grid,private_fragmented,event_triggered,774107,always_act,85,UTL-28-resource_allocation,U27,no_operational_action,request_peer_evidence,send_targeted_summary,execute_autonomously,False,False,0.0,False,False,False,0.672650750376467,0.15013410180199474,1.0,0.6147679586156485,0.0,0.9488483645872879,0.9519891169331143,0.002798562362514967,0.002112269657644772,0.002142270073472119,0.0,0.997201437637485,0.6875,0.12406822998675548,0.002595785156618069,4,4,0.44104556519575444,0.672650750376467,0.5101903786049298,0.55961537806859,0.4200133151581162,0.3561028304731196
v7-pilots_iteration2-utility_restoration-large-high-high-high-grid-private_fragmented-774107-always_act-event_triggered,utility_restoration,large,high,high,high,grid,private_fragmented,event_triggered,774107,always_act,85,UTL-29-critical_load,U25,no_operational_action,request_peer_evidence,send_targeted_summary,execute_autonomously,False,False,0.0,False,False,False,0.9548211389125152,0.03806553661182571,0.9280186761920453,0.7289604138117989,0.0,0.8188466482501336,0.8194524338593464,0.000629424538824086,0.0006436315090097011,0.00033551372951901026,0.0,0.9993705754611759,0.6875,-0.12035262797439539,-0.0052923035453672496,4,4,0.564389686545087,0.9548211389125152,0.5875213119818933,0.645825538497623,0.5385248783432564,0.4447454669960782
v7-pilots_iteration2-utility_restoration-large-high-high-high-grid-private_fragmented-774107-always_act-event_triggered,utility_restoration,large,high,high,high,grid,private_fragmented,event_triggered,774107,always_act,85,UTL-30-zone_operator,U14,dispatch_repair_crew,no_information_action,no_communication_action,execute_autonomously,False,False,0.0,False,False,False,0.6014941649165062,0.264305598201452,1.0,1.0,0.0,0.9143230618915565,0.9143650771900889,7.598801234232067e-05,6.643998071775847e-05,4.170189742425112e-05,0.0,0.9999240119876577,0.9027777777777778,0.07302856102441102,-0.002576832484522007,2,7,0.5093080160716121,0.6014941649165062,0.46928481465677085,0.5172860565620152,0.43318310482048816,0.40584365337992
v7-pilots_iteration2-utility_restoration-large-high-high-high-grid-private_fragmented-774107-always_act-event_triggered,utility_restoration,large,high,high,high,grid,private_fragmented,event_triggered,774107,always_act,85,UTL-31-crew_dispatch,U19,dispatch_repair_crew,no_information_action,no_communication_action,execute_autonomously,False,False,0.0,False,False,False,0.5807312920183535,0.15009801224003338,1.0,1.0,0.0,0.8243297883449416,0.8247798945672992,0.0002814507668009725,0.0003751270003492513,9.505378201768444e-05,0.0,0.999718549233199,0.8333333333333333,-0.02625285462266258,-0.0035492964446235398,3,6,0.5022486392862402,0.5807312920183535,0.4387689949670982,0.49316699783342766,0.41057380931437515,0.39117817826915724
v7-pilots_iteration2-utility_restoration-large-high-high-high-grid-private_fragmented-774107-always_act-event_triggered,utility_restoration,large,high,high,high,grid,private_fragmented,event_triggered,774107,always_act,85,UTL-32-cyber_defense,U24,isolate_component,request_peer_evidence,send_targeted_summary,execute_autonomously,True,True,-0.033104038054407696,True,False,True,0.7305818229444612,0.008463861216924828,0.7534679351469233,0.584196123581026,0.0,0.9115163476491168,0.9146042961145505,0.0058018249624226526,0.004847085857927924,0.004696042186300486,0.0,0.9941981750375773,0.9027777777777778,-0.037307783769123026,0.00554010828389484,2,7,0.45340488946056307,0.7305818229444612,0.5282343710374554,0.5824443248383476,0.48739992119222925,0.40189600282316146
v7-pilots_iteration2-utility_restoration-large-high-high-high-grid-private_fragmented-774107-always_act-event_triggered,utility_restoration,large,high,high,high,grid,private_fragmented,event_triggered,774107,always_act,85,UTL-33-communications,U29,dispatch_repair_crew,no_information_action,no_communication_action,execute_autonomously,False,False,0.0,False,False,False,0.6234860668580078,0.14504471833783833,1.0,0.9458216052278462,0.0,0.8920431155757944,0.9010565455743919,0.010282362288604796,0.008975889211287114,0.006891193956802488,0.0,0.9897176377113952,0.8333333333333333,0.032434103562798855,0.010280181038142544,3,6,0.5037824479864057,0.6234860668580078,0.4868005128411984,0.5374617346417747,0.4285308147470299,0.41378883523650684
v7-pilots_iteration2-utility_restoration-large-high-high-high-grid-private_fragmented-774107-always_act-event_triggered,utility_restoration,large,high,high,high,grid,private_fragmented,event_triggered,774107,always_act,85,UTL-34-resource_allocation,U27,dispatch_repair_crew,request_peer_evidence,send_targeted_summary,execute_autonomously,False,True,0.0,False,False,False,0.5179387000365563,0.34733007818054257,0.6755408751585944,0.5949153986012141,0.0,0.8462756666812693,0.85813696682081,0.009270307587931792,0.007213769162083383,0.008192904307529947,0.0,0.9907296924120682,0.6875,-0.015778344395882105,0.009263276031166945,4,4,0.38367885367672055,0.5179387000365563,0.43172282730804434,0.47430085814945555,0.35503425401535366,0.32204114899220176
v7-pilots_iteration2-utility_restoration-large-high-high-high-grid-private_fragmented-774107-always_act-event_triggered,utility_restoration,large,high,high,high,grid,private_fragmented,event_triggered,774107,always_act,85,UTL-35-critical_load,U25,no_operational_action,no_information_action,no_communication_action,execute_autonomously,False,False,0.0,False,False,False,0.823743449433133,0.17241984510501723,0.9812359604739959,0.8061254760206273,0.0,0.9315537451403315,0.9336597846660648,0.0017115478612730328,0.0014441793129781333,0.0010445682578653637,0.0,0.998288452138727,0.6875,0.033209495780677556,-0.001878285829541304,4,4,0.5383428870522158,0.823743449433133,0.5647819830641184,0.6149848256907688,0.48347224876191586,0.418234833245526
v7-pilots_iteration2-utility_restoration-large-high-high-high-grid-private_fragmented-774107-always_act-event_triggered,utility_restoration,large,high,high,high,grid,private_fragmented,event_triggered,774107,always_act,85,UTL-36-zone_operator,U14,isolate_component,no_information_action,no_communication_action,execute_autonomously,True,False,0.0,False,False,False,0.6514264355036826,0.14631223452055925,0.8842721049952408,0.6321945522430991,0.0,0.9257549808121694,0.9248594326126084,0.006858159820326559,0.005592570576914868,0.006122374508517159,0.0,0.9931418401796734,0.7430555555555556,-0.012545778939535901,0.006488899021969141,4,5,0.4380116806095959,0.6514264355036826,0.5016107431529726,0.5512120171648116,0.4222102140226578,0.3666752075119992
v7-pilots_iteration2-utility_restoration-large-high-high-high-grid-private_fragmented-774107-always_act-event_triggered,utility_restoration,large,high,high,high,grid,private_fragmented,event_triggered,774107,always_act,85,UTL-37-crew_dispatch,U19,dispatch_repair_crew,no_information_action,no_communication_action,execute_autonomously,False,True,0.0,False,False,False,0.5482377807808474,0.27839265956439807,1.0,0.8352472610951425,0.0,0.8565896384453675,0.8650804686407383,0.008296273356491635,0.0070298134551816105,0.006367968999972051,0.0,0.9917037266435084,0.7430555555555556,-0.0048379713337896035,-0.004741216419263727,4,5,0.45166018812832237,0.5482377807808474,0.4450573046227691,0.49187973516715366,0.37887097903906697,0.3579811779822761
v7-pilots_iteration2-utility_restoration-large-high-high-high-grid-private_fragmented-774107-always_act-event_triggered,utility_restoration,large,high,high,high,grid,private_fragmented,event_triggered,774107,always_act,85,UTL-38-cyber_defense,U24,isolate_component,request_peer_evidence,send_targeted_summary,execute_autonomously,True,True,-0.027547314711200234,True,False,True,0.6558594620020829,0.10786038020702404,0.5682438237066745,0.6643368888355554,0.0,0.9136746474309855,0.9135738394544022,0.002181773530643194,0.0016111481999778743,0.0020003670776586047,0.0,0.9978182264693568,0.8333333333333333,0.10165085378289906,0.0017975379746995035,3,6,0.44723307040124155,0.6558594620020829,0.49381692960147994,0.5450210136132753,0.4421276407075415,0.375227716316687
v7-pilots_iteration2-utility_restoration-large-high-high-high-grid-private_fragmented-774107-always_act-event_triggered,utility_restoration,large,high,high,high,grid,private_fragmented,event_triggered,774107,always_act,85,UTL-39-communications,U29,dispatch_repair_crew,request_peer_evidence,send_targeted_summary,execute_autonomously,False,True,0.0,False,False,False,0.6765389656757693,0.11976507698180308,0.8052677623502569,0.5176382554078724,0.0,0.9268482062160119,0.9272199010581597,0.0013048073865961074,0.0012619892316100279,0.0006663965784360348,0.0,0.9986951926134039,0.8333333333333333,0.15328040151628453,0.0012369842525791208,3,6,0.419056429627651,0.6765389656757693,0.5041543681655453,0.5565854931951022,0.45081303225048974,0.36197469991340264
v7-pilots_iteration2-utility_restoration-large-high-high-high-grid-private_fragmented-774107-always_act-event_triggered,utility_restoration,large,high,high,high,grid,private_fragmented,event_triggered,774107,always_act,85,UTL-40-resource_allocation,U27,dispatch_repair_crew,request_peer_evidence,send_targeted_summary,execute_autonomously,False,False,0.0,False,False,False,0.6154030843858505,0.18241965708416635,0.9138799604924623,0.7726822509343019,0.0,0.8825405720353244,0.8878131203929228,0.0032538858648752944,0.0034156537755278826,0.0013563581134288238,0.0,0.9967461141351247,0.7916666666666666,-0.016970239939583354,0.000488216873727243,3,5,0.4594807889154216,0.6154030843858505,0.47135181697399675,0.5245799584259302,0.4168026287753905,0.37102802272716906
v7-pilots_iteration2-utility_restoration-large-high-high-high-grid-private_fragmented-774107-always_act-event_triggered,utility_restoration,large,high,high,high,grid,private_fragmented,event_triggered,774107,always_act,85,UTL-41-critical_load,U25,no_operational_action,request_peer_evidence,send_targeted_summary,execute_autonomously,False,False,0.0,False,False,False,0.9232446985987516,0.11138443731625103,0.6865326236288259,0.378805637595131,0.0,0.8795271502076469,0.8795272648571868,1.1076765049633508e-07,1.1154794266055035e-07,5.830375593429693e-08,0.0,0.9999998892323495,0.875,0.03722197853636422,-1.7149407726124721e-06,2,6,0.469616550546407,0.9232446985987516,0.5891798220661232,0.6434942535676007,0.5627627734114756,0.4177152874893142
v7-pilots_iteration2-utility_restoration-large-high-high-high-grid-private_fragmented-774107-always_act-event_triggered,utility_restoration,large,high,high,high,grid,private_fragmented,event_triggered,774107,always_act,85,UTL-42-zone_operator,U14,isolate_component,no_information_action,no_communication_action,execute_autonomously,True,False,0.0,False,False,False,0.6145281205539879,0.22851577896851613,0.720558896273114,0.3948103995960152,0.0,0.9145380882591184,0.9188011337314148,0.007667531704831476,0.006242581119145774,0.005292295618412379,0.0,0.9923324682951685,0.7430555555555556,0.12149571926447056,-0.014920504169403492,4,5,0.3684940568913996,0.6145281205539879,0.4851803146731389,0.5330499435027676,0.40671292174378604,0.3228517178919987
v7-pilots_iteration2-utility_restoration-large-high-high-high-grid-private_fragmented-774107-always_act-event_triggered,utility_restoration,large,high,high,high,grid,private_fragmented,event_triggered,774107,always_act,85,UTL-43-crew_dispatch,U19,dispatch_repair_crew,no_information_action,no_communication_action,execute_autonomously,False,False,0.0,False,False,False,0.5417223933555448,0.3188233076617273,0.8641937528658753,0.6030809416555192,0.0,0.8557473368030133,0.8716230016587626,0.008798067380661467,0.00813272479158944,0.005727319694513122,0.0,0.9912019326193385,0.7430555555555556,0.08220391264460114,0.003490796415226538,4,5,0.3937250397382099,0.5417223933555448,0.4429430858758973,0.4902291775997829,0.3761345163204399,0.33128246266936756
v7-pilots_iteration2-utility_restoration-large-high-high-high-grid-private_fragmented-774107-always_act-event_triggered,utility_restoration,large,high,high,high,grid,private_fragmented,event_triggered,774107,always_act,85,UTL-44-cyber_defense,U24,isolate_component,no_information_action,no_communication_action,execute_autonomously,True,False,0.0,False,False,False,0.6105890660331476,0.1456271469060969,1.0,0.8378789610704348,0.0,0.8592788150956867,0.8691351474540947,0.015083284252969231,0.011687464631324196,0.013564997917598687,0.0,0.9849167157470308,0.7430555555555556,-0.06786884395825732,0.004471550386210166,4,5,0.4734912331081746,0.6105890660331476,0.48017192814133763,0.5305258504272757,0.4050585188450331,0.38616176249050066
v7-pilots_iteration2-utility_restoration-large-high-high-high-grid-private_fragmented-774107-always_act-event_triggered,utility_restoration,large,high,high,high,grid,private_fragmented,event_triggered,774107,always_act,85,UTL-45-communications,U29,dispatch_repair_crew,request_peer_evidence,send_targeted_summary,execute_autonomously,False,False,0.0,False,False,False,0.6757868255772148,0.01067712299875817,0.7932988266018437,0.5002832985726733,0.0,0.8788502853182774,0.8846482964076184,0.010827239292143909,0.008890060232694452,0.008013492999755067,0.0,0.9891727607078561,0.7430555555555556,-0.02959068937563647,0.006189159015265844,4,5,0.41463551235369467,0.6757868255772148,0.5051854365694567,0.5570890751749503,0.4324415778535413,0.36063962335731575
v7-pilots_iteration2-utility_restoration-large-high-high-high-grid-private_fragmented-774107-always_act-event_triggered,utility_restoration,large,high,high,high,grid,private_fragmented,event_triggered,774107,always_act,85,UTL-46-resource_allocation,U27,dispatch_repair_crew,request_peer_evidence,send_targeted_summary,execute_autonomously,False,False,0.0,False,False,False,0.7109445226715186,0.11722601699989871,0.7863045514981366,0.5253987893386233,0.0,0.9662918903258305,0.9701693152219245,0.0043574728769379956,0.0034178267825676345,0.0030909126155843625,0.0,0.995642527123062,0.875,0.1330557761744673,0.004356388515305842,2,6,0.432616847149586,0.7109445226715186,0.5320512436777783,0.581658105038888,0.47359669952203787,0.38322706545124574
v7-pilots_iteration2-utility_restoration-large-high-high-high-grid-private_fragmented-774107-always_act-event_triggered,utility_restoration,large,high,high,high,grid,private_fragmented,event_triggered,774107,always_act,85,UTL-47-critical_load,U25,no_operational_action,no_information_action,no_communication_action,execute_autonomously,False,False,0.0,False,False,False,0.8176111538122198,0.17083265147860283,0.987488225720554,0.8151912606281365,0.0,0.9159274720277777,0.9159284518087701,9.032110219742151e-07,6.303104933547132e-07,8.29035531668687e-07,0.0,0.999999096788978,0.875,0.02011979847952239,-2.4387852011531486e-05,2,6,0.5384336948469075,0.8176111538122198,0.5560275940272632,0.6080248355973894,0.5183966846011323,0.4405049361840256
v7-pilots_iteration2-utility_restoration-large-high-high-high-grid-private_fragmented-774107-always_act-event_triggered,utility_restoration,large,high,high,high,grid,private_fragmented,event_triggered,774107,always_act,85,UTL-48-zone_operator,U14,isolate_component,no_information_action,no_communication_action,execute_autonomously,True,False,0.0,False,False,False,0.6597009491710978,0.16017331684788533,1.0,0.8318680698312638,0.0,0.9192992944489506,0.924947834554896,0.013094035839165574,0.01113110958204988,0.009525979139156981,0.0,0.9869059641608344,0.9027777777777778,0.06173014766862739,0.01308982926257063,2,7,0.4887466594776766,0.6597009491710978,0.5120368534555086,0.5626925707607688,0.45762995420741664,0.42427362746018354
v7-pilots_iteration2-utility_restoration-large-high-high-high-grid-private_fragmented-774107-always_act-event_triggered,utility_restoration,large,high,high,high,grid,private_fragmented,event_triggered,774107,always_act,85,UTL-49-crew_dispatch,U19,dispatch_repair_crew,no_information_action,no_communication_action,execute_autonomously,False,False,0.0,False,False,False,0.5909022457046244,0.17445983435748336,1.0,0.950197637994903,0.0,0.86491813036993,0.8653482032172986,0.004532796155596541,0.0039212415531620914,0.0030800215556894273,0.0,0.9954672038444035,0.8333333333333333,-0.026185334939365146,0.0005841330395219835,3,6,0.493754196658349,0.5909022457046244,0.45893634549216744,0.5096430130447059,0.4148456098626089,0.3923215932136579
v7-pilots_iteration2-utility_restoration-large-high-high-high-grid-private_fragmented-774107-always_act-event_triggered,utility_restoration,large,high,high,high,grid,private_fragmented,event_triggered,774107,always_act,85,UTL-50-cyber_defense,U24,isolate_component,no_information_action,no_communication_action,execute_autonomously,True,False,0.0,False,False,False,0.6396835001858281,0.151386653643416,0.35319099960858824,0.26024238205286154,0.0,0.9208592804352829,0.9208593611776906,7.989727845991723e-08,5.852280637874685e-08,6.829747078995752e-08,0.0,0.9999999201027215,0.9027777777777778,0.1339278396461856,-1.5327408963150546e-06,2,7,0.3447505617558684,0.6396835001858281,0.4860883320393418,0.5363247306353717,0.4492226256336034,0.3277016517987148
v7-pilots_iteration2-utility_restoration-large-high-high-high-grid-private_fragmented-774107-always_act-event_triggered,utility_restoration,large,high,high,high,grid,private_fragmented,event_triggered,774107,always_act,85,UTL-51-communications,U29,dispatch_repair_crew,request_peer_evidence,send_targeted_summary,execute_autonomously,False,False,0.0,False,False,False,0.6827550005313376,0.11441674647641392,0.9426882788651387,0.7168980043544512,0.0,0.8991517135130943,0.9040797537101023,0.004547787626935751,0.0046500098392808775,0.0021659379253042843,0.0,0.9954522123730642,0.8333333333333333,-0.032919331848930145,0.004539268509707983,3,6,0.4689922212257231,0.6827550005313376,0.5042568312685186,0.5609991923964309,0.45342376688982844,0.39300536870398395
v7-pilots_iteration2-utility_restoration-large-high-high-high-grid-private_fragmented-774107-always_act-event_triggered,utility_restoration,large,high,high,high,grid,private_fragmented,event_triggered,774107,always_act,90,UTL-00-zone_operator,U00,no_operational_action,no_information_action,no_communication_action,execute_autonomously,False,False,0.0,False,False,False,0.5879176825564656,0.16701458632851934,0.17551867375649624,0.20450207694691952,0.0,0.8552450390694171,0.8552913971020186,4.229138064015814e-05,3.466730426360254e-05,3.110889990887156e-05,0.0,0.9999577086193598,0.9027777777777778,-0.08110439581920847,-0.000601792903652365,2,7,0.313772510536459,0.5879176825564656,0.4490375407228367,0.5005996542512307,0.4274809822292711,0.3065566176983119
v7-pilots_iteration2-utility_restoration-large-high-high-high-grid-private_fragmented-774107-always_act-event_triggered,utility_restoration,large,high,high,high,grid,private_fragmented,event_triggered,774107,always_act,90,UTL-01-crew_dispatch,U05,dispatch_repair_crew,no_information_action,negotiate_commitment,execute_autonomously,False,False,0.0,False,False,False,0.5797142525449946,0.2358204948779428,0.7614273909322035,0.504069716851695,0.0,0.8742374520767372,0.8742385538590678,5.544955199443535e-07,4.105389883601873e-07,5.337099778790488e-07,0.0,0.9999994455044801,0.9027777777777778,0.028260356158626765,-1.5913734856654038e-05,2,7,0.382879577909705,0.5797142525449946,0.4504458403309101,0.5002642419523451,0.42403554162445334,0.3401700097288728
v7-pilots_iteration2-utility_restoration-large-high-high-high-grid-private_fragmented-774107-always_act-event_triggered,utility_restoration,large,high,high,high,grid,private_fragmented,event_triggered,774107,always_act,90,UTL-02-cyber_defense,U10,isolate_component,no_information_action,no_communication_action,execute_autonomously,True,False,0.0,False,False,False,0.9094536798767477,0.2879842890122827,0.7523230023290794,0.46586835337716515,0.0,0.7976246456043931,0.7983965788195512,0.0006710986695899201,0.0004272475267437237,0.0008245261652610747,0.0,0.9993289013304101,0.8333333333333333,-0.1617124575002432,-0.00860356489832692,3,6,0.4858226559686139,0.9094536798767477,0.5641271714892232,0.610524983278952,0.5486372122149007,0.4195945620660355
v7-pilots_iteration2-utility_restoration-large-high-high-high-grid-private_fragmented-774107-always_act-event_triggered,utility_restoration,large,high,high,high,grid,private_fragmented,event_triggered,774107,always_act,90,UTL-03-communications,U15,no_operational_action,request_peer_evidence,send_targeted_summary,execute_autonomously,False,False,0.0,False,False,False,0.6991383746414795,0.05975484959264704,1.0,0.8412595161375405,0.0,0.9384403174914115,0.9386285586001469,0.00010832081251455072,8.463833507166285e-05,7.82010087719831e-05,0.0,0.9998916791874854,0.8333333333333333,0.0395255175858189,-0.005384725178296357,3,6,0.5044093312511129,0.6991383746414795,0.5144170783669652,0.5661514979726989,0.4603047840160881,0.4051401395730921
v7-pilots_iteration2-utility_restoration-large-high-high-high-grid-private_fragmented-774107-always_act-event_triggered,utility_restoration,large,high,high,high,grid,private_fragmented,event_triggered,774107,always_act,90,UTL-04-resource_allocation,U04,no_operational_action,request_peer_evidence,send_targeted_summary,execute_autonomously,False,False,0.0,False,False,False,0.7391893181940591,0.07502591939320724,1.0,0.8516316928833657,0.0,0.9742315166199612,0.9731714007116388,0.007776826246357671,0.0065778052728947545,0.005036819165490813,0.0,0.9922231737536423,0.7916666666666666,0.0832191191920596,-0.009447417721032858,3,5,0.5205159744779879,0.7391893181940591,0.5501211631775147,0.5999246672987284,0.46879284697483814,0.4189084301545407
v7-pilots_iteration2-utility_restoration-large-high-high-high-grid-private_fragmented-774107-always_act-event_triggered,utility_restoration,large,high,high,high,grid,private_fragmented,event_triggered,774107,always_act,90,UTL-05-critical_load,U02,no_operational_action,no_information_action,no_communication_action,execute_autonomously,False,False,0.0,False,False,False,0.8787289686959995,0.22560664278375714,0.5511293304494596,0.18247086248504973,0.0,0.8832978944902409,0.8832988686903424,7.16584025006739e-07,4.6748699999987764e-07,7.934840157153289e-07,0.0,0.999999283415975,0.7916666666666666,-0.014112457779318022,-1.687489752533189e-05,3,5,0.4073608563530518,0.8787289686959995,0.572317064318595,0.6215881350580563,0.5273995001856531,0.37085800998613794
v7-pilots_iteration2-utility_restoration-large-high-high-high-grid-private_fragmented-774107-always_act-event_triggered,utility_restoration,large,high,high,high,grid,private_fragmented,event_triggered,774107,always_act,90,UTL-06-zone_operator,U00,dispatch_repair_crew,request_peer_evidence,negotiate_commitment,execute_autonomously,False,False,0.0,False,False,False,0.7127024461513936,0.06014477858107553,0.28988255302192395,0.3703297018817897,0.0,0.9160909383511099,0.9165715731698499,0.0005234833543289463,0.00044275723413367274,0.00038042583291675314,0.0,0.999476516645671,0.8333333333333333,-0.03655360797448337,-0.0053052569321657694,3,6,0.3959979601431034,0.7127024461513936,0.5148365897443954,0.5698343502666776,0.46600169405025194,0.35280468665081516
v7-pilots_iteration2-utility_restoration-large-high-high-high-grid-private_fragmented-774107-always_act-event_triggered,utility_restoration,large,high,high,high,grid,private_fragmented,event_triggered,774107,always_act,90,UTL-07-crew_dispatch,U05,dispatch_repair_crew,request_peer_evidence,negotiate_commitment,execute_autonomously,False,False,0.0,False,False,False,0.7167377185895251,0.028633967422730666,0.5207987915494017,0.1551582477466324,0.0,0.940865210427434,0.9392474567603122,0.0044865270201015495,0.003300920112485506,0.004133130028597387,0.0,0.9955134729798985,0.8333333333333333,0.08867916605509163,0.004459262819669352,3,6,0.34572880377963033,0.7167377185895251,0.5281925278708107,0.5786917299337224,0.46769650847426714,0.3355165668093458
v7-pilots_iteration2-utility_restoration-large-high-high-high-grid-private_fragmented-774107-always_act-event_triggered,utility_restoration,large,high,high,high,grid,private_fragmented,event_triggered,774107,always_act,90,UTL-08-cyber_defense,U10,restore_communication_relay,request_peer_evidence,send_targeted_summary,execute_autonomously,True,False,0.0,False,False,False,0.8356556954009987,0.03747317592639843,0.8292460235837252,0.5774067341964015,0.0,0.8853900736531453,0.8913889624072157,0.0026116688153772216,0.0021086308738675896,0.002006894788469382,0.0,0.9973883311846228,0.8333333333333333,-0.01755846479649159,0.002466987214191807,3,6,0.48750055264347597,0.8356556954009987,0.5592661329152139,0.6124805165841801,0.5176420587350861,0.4159724459979778
v7-pilots_iteration2-utility_restoration-large-high-high-high-grid-private_fragmented-774107-always_act-event_triggered,utility_restoration,large,high,high,high,grid,private_fragmented,event_triggered,774107,always_act,90,UTL-09-communications,U15,dispatch_repair_crew,request_peer_evidence,negotiate_commitment,execute_autonomously,False,True,0.0,False,False,False,0.6167568876871192,0.10350009855680603,1.0,0.9910025346059633,0.0,0.8507252380841966,0.8589586630495555,0.0063046393656222,0.006004797675023377,0.003307972152041594,0.0,0.9936953606343778,0.8333333333333333,-0.04803928825438908,-0.0017527354585430421,3,6,0.5123379501190517,0.6167568876871192,0.4682105597077679,0.5221536809255493,0.42570455949525676,0.4053001689483616
v7-pilots_iteration2-utility_restoration-large-high-high-high-grid-private_fragmented-774107-always_act-event_triggered,utility_restoration,large,high,high,high,grid,private_fragmented,event_triggered,774107,always_act,90,UTL-10-resource_allocation,U04,no_operational_action,request_peer_evidence,send_targeted_summary,execute_autonomously,False,False,0.0,False,False,False,0.7266247392634662,0.08188450169222719,1.0,0.8269453765850431,0.0,0.956046475657369,0.9571706503192025,0.013159451288702995,0.011400663982713444,0.008500953472656003,0.0,0.986840548711297,0.6875,0.0643351791459792,0.0131321772746541,4,4,0.5103193017299889,0.7266247392634662,0.5480847464239129,0.5986219474089864,0.4426823904906558,0.41415840024574224
v7-pilots_iteration2-utility_restoration-large-high-high-high-grid-private_fragmented-774107-always_act-event_triggered,utility_restoration,large,high,high,high,grid,private_fragmented,event_triggered,774107,always_act,90,UTL-11-critical_load,U02,no_operational_action,no_information_action,no_communication_action,execute_autonomously,False,False,0.0,False,False,False,0.8896950314755004,0.32532757659653183,0.9776943252622565,0.8009901049636053,0.0,0.8359848967693839,0.8358250304696649,0.002224258692974823,0.0021593845302366743,0.001106856475322937,0.0,0.9977757413070252,0.6875,-0.09754600195013619,0.0020768603401148944,4,4,0.5595339358929354,0.8896950314755004,0.5679881989527109,0.6136845310538053,0.5111719132197101,0.4381417540174597
v7-pilots_iteration2-utility_restoration-large-high-high-high-grid-private_fragmented-774107-always_act-event_triggered,utility_restoration,large,high,high,high,grid,private_fragmented,event_triggered,774107,always_act,90,UTL-12-zone_operator,U00,dispatch_repair_crew,request_peer_evidence,negotiate_commitment,execute_autonomously,False,False,0.0,False,False,False,0.6579369773862812,0.018634601000008466,0.32565302704269383,0.422196889211906,0.0,0.8643741891071992,0.8771130708344919,0.004822825487010629,0.004097910890174861,0.0035684475065518306,0.0,0.9951771745129894,0.7430555555555556,0.040152426328101676,-0.01649799526704765,4,5,0.3898258257221931,0.6579369773862812,0.4860202939131272,0.5386636894383083,0.4249446416133492,0.33588562774804587
v7-pilots_iteration2-utility_restoration-large-high-high-high-grid-private_fragmented-774107-always_act-event_triggered,utility_restoration,large,high,high,high,grid,private_fragmented,event_triggered,774107,always_act,90,UTL-13-crew_dispatch,U05,dispatch_repair_crew,request_peer_evidence,negotiate_commitment,execute_autonomously,False,True,0.0,False,False,False,0.7664796758841337,0.014701174609221879,0.4356193307553381,0.03164802959524021,0.0,0.9608179909210998,0.9611667837107694,0.01524066180118222,0.01151061039010548,0.012720838530518863,0.0,0.9847593381988178,0.7430555555555556,0.06115762746822462,0.006498149972599565,4,5,0.33299861690346316,0.7664796758841337,0.5681332946055835,0.6155172333358083,0.47053257498244727,0.33441678860734586
v7-pilots_iteration2-utility_restoration-large-high-high-high-grid-private_fragmented-774107-always_act-event_triggered,utility_restoration,large,high,high,high,grid,private_fragmented,event_triggered,774107,always_act,90,UTL-14-cyber_defense,U10,no_operational_action,no_information_action,no_communication_action,execute_autonomously,False,False,0.0,False,False,False,0.8621768245731647,0.21080300514085465,0.852343749995737,0.6108984374938187,0.0,0.8627014731000829,0.8629485534745853,0.0004042144019961169,0.00039635650627312113,0.0001999666399914446,0.0,0.9995957855980039,0.8333333333333333,-0.05993867549230969,-0.00663842521055269,3,6,0.5045557453533924,0.8621768245731647,0.5611119982670812,0.6115961328997748,0.5287809329873958,0.42339146523629867
v7-pilots_iteration2-utility_restoration-large-high-high-high-grid-private_fragmented-774107-always_act-event_triggered,utility_restoration,large,high,high,high,grid,private_fragmented,event_triggered,774107,always_act,90,UTL-15-communications,U15,no_operational_action,request_peer_evidence,send_targeted_summary,execute_autonomously,False,False,0.0,False,False,False,0.7247751062103291,0.0817133555555549,0.8845517271229714,0.6326000043283085,0.0,0.9666218511537799,0.9665474917957321,0.005723003212905198,0.004255774949674107,0.004775772742869888,0.0,0.9942769967870948,0.8333333333333333,0.10574430945910251,7.795347158334742e-06,3,6,0.463047537150306,0.7247751062103291,0.5395777097706439,0.5888501692776313,0.47107221127500487,0.3925138429214685
v7-pilots_iteration2-utility_restoration-large-high-high-high-grid-private_fragmented-774107-always_act-event_triggered,utility_restoration,large,high,high,high,grid,private_fragmented,event_triggered,774107,always_act,90,UTL-16-resource_allocation,U04,reconfigure_service_edge,request_peer_evidence,negotiate_commitment,execute_autonomously,True,True,-0.03910657677638543,True,False,True,0.6936542399996639,0.03053725400392593,0.953552559212848,0.7326512108586296,0.0,0.8761503246923074,0.8894587754124238,0.019604407222036713,0.016899093514208263,0.01497326911313579,0.0,0.9803955927779633,0.7916666666666666,0.015429848089432707,0.019602682292062634,3,5,0.4764787322059569,0.6936542399996639,0.5239454472837938,0.5795121279254933,0.44966811413319213,0.41884937353321244
v7-pilots_iteration2-utility_restoration-large-high-high-high-grid-private_fragmented-774107-always_act-event_triggered,utility_restoration,large,high,high,high,grid,private_fragmented,event_triggered,774107,always_act,90,UTL-17-critical_load,U02,no_operational_action,request_peer_evidence,send_targeted_summary,execute_autonomously,False,False,0.0,False,False,False,0.8507442157955056,0.12876759586778472,1.0,0.8399534021429509,0.0,0.9106172222345266,0.917180373728843,0.0049998633551933125,0.005063979795337903,0.0023050659653042205,0.0,0.9950001366448067,0.7916666666666666,0.12298567288781703,-0.0016000596161546143,3,5,0.5556418498847802,0.8507442157955056,0.5749518005741046,0.627974478117985,0.5156459039674457,0.4460998181215972
v7-pilots_iteration2-utility_restoration-large-high-high-high-grid-private_fragmented-774107-always_act-event_triggered,utility_restoration,large,high,high,high,grid,private_fragmented,event_triggered,774107,always_act,90,UTL-18-zone_operator,U00,no_operational_action,no_information_action,no_communication_action,execute_autonomously,False,False,0.0,False,False,False,0.59363724308006,0.15017779827389421,0.21741214322410246,0.26524760767494854,0.0,0.845504680531355,0.8459333008590937,0.00025781056447915507,0.00018863393192791733,0.00024562755819612647,0.0,0.9997421894355208,0.7430555555555556,-0.10174072451957705,-0.00557960021234194,4,5,0.3302960884892081,0.59363724308006,0.4491920021551336,0.5020872740363197,0.3979387532047363,0.29489606398596796
v7-pilots_iteration2-utility_restoration-large-high-high-high-grid-private_fragmented-774107-always_act-event_triggered,utility_restoration,large,high,high,high,grid,private_fragmented,event_triggered,774107,always_act,90,UTL-19-crew_dispatch,U05,dispatch_repair_crew,no_information_action,negotiate_commitment,execute_autonomously,False,False,0.0,False,False,False,0.5775990477688754,0.24986572804747514,0.6222000291200525,0.30219004222407597,0.0,0.8691620681123022,0.8725487010672205,0.0023998833234289974,0.002451401305998857,0.0010008198302697835,0.0,0.997600116676571,0.7430555555555556,0.029682101689285423,-0.00706608493523142,4,5,0.33370928637519587,0.5775990477688754,0.4516899727884263,0.5023304511518429,0.39120271117403876,0.29655652148863654
v7-pilots_iteration2-utility_restoration-large-high-high-high-grid-private_fragmented-774107-always_act-event_triggered,utility_restoration,large,high,high,high,grid,private_fragmented,event_triggered,774107,always_act,90,UTL-20-cyber_defense,U10,restore_communication_relay,request_peer_evidence,send_targeted_summary,execute_autonomously,True,False,0.0,False,False,False,0.7343327225739598,0.10209416137145655,0.9399637792555512,0.7379474799205491,0.0,0.8674058801124072,0.882420066568874,0.014233678132632432,0.013791092654054316,0.007509917960372592,0.0,0.9857663218673676,0.7430555555555556,0.04610767404894811,0.009117907989795615,4,5,0.4915805208560781,0.7343327225739598,0.530511708443371,0.5855087304341893,0.4570308545921742,0.41021474137967806
v7-pilots_iteration2-utility_restoration-large-high-high-high-grid-private_fragmented-774107-always_act-event_triggered,utility_restoration,large,high,high,high,grid,private_fragmented,event_triggered,774107,always_act,90,UTL-21-communications,U15,dispatch_repair_crew,no_information_action,no_communication_action,execute_autonomously,False,False,0.0,False,False,False,0.5892018118209543,0.25477513679903624,0.7995354805101575,0.5093264467397285,0.0,0.8988557158332584,0.8994895007358782,0.0006278532978816198,0.0005065784031194065,0.00047151218494467795,0.0,0.9993721467021184,0.7430555555555556,0.04317668506298222,-0.0061489309962284855,4,5,0.38736696323665937,0.5892018118209543,0.46127364830373063,0.5094472794938913,0.3960758720759119,0.3232635730039506
v7-pilots_iteration2-utility_restoration-large-high-high-high-grid-private_fragmented-774107-always_act-event_triggered,utility_restoration,large,high,high,high,grid,private_fragmented,event_triggered,774107,always_act,90,UTL-22-resource_allocation,U04,reconfigure_service_edge,request_peer_evidence,send_targeted_summary,execute_autonomously,True,False,0.0,False,False,False,0.6925415807212896,0.07763518198062386,1.0,1.0,0.0,0.9138598388374873,0.9157980048501142,0.004480192010930528,0.0033299976333962533,0.003943734250029918,0.0,0.9955198079890695,0.7916666666666666,0.014225664626599688,-0.002304771112145665,3,5,0.5402641374452385,0.6925415807212896,0.5117538608131904,0.564171409696713,0.44920079723627493,0.4210749878592487
v7-pilots_iteration2-utility_restoration-large-high-high-high-grid-private_fragmented-774107-always_act-event_triggered,utility_restoration,large,high,high,high,grid,private_fragmented,event_triggered,774107,always_act,90,UTL-23-critical_load,U02,no_operational_action,no_information_action,no_communication_action,execute_autonomously,False,False,0.0,False,False,False,0.774646980961374,0.1750925156213788,0.9233765524280144,0.7222293343539542,0.0,0.8644425779138195,0.8644655914825028,1.8286267280842594e-05,1.673292552795136e-05,1.0344804522111062e-05,0.0,0.9999817137327192,0.7916666666666666,-0.017540674829044534,-0.0001809185996385354,3,5,0.5015150137718162,0.774646980961374,0.5259950376371977,0.5785997304954107,0.48368506533711036,0.4065010444702225
v7-pilots_iteration2-utility_restoration-large-high-high-high-grid-private_fragmented-774107-always_act-event_triggered,utility_restoration,large,high,high,high,grid,private_fragmented,event_triggered,774107,always_act,90,UTL-24-zone_operator,U00,no_operational_action,request_peer_evidence,send_targeted_summary,execute_autonomously,False,False,0.0,False,False,False,0.6302256406298394,0.01159089563910426,0.0,0.0,0.0,0.7988010097333585,0.8244913098041294,0.012704464454026398,0.01190628314993869,0.008161602900861431,0.0,0.9872955355459736,0.7430555555555556,-0.11042135092521954,-0.003975972174278253,4,5,0.27907671781414545,0.6302256406298394,0.46957675892091233,0.5259831842998837,0.4133058801756436,0.28439230714518593
v7-pilots_iteration2-utility_restoration-large-high-high-high-grid-private_fragmented-774107-always_act-event_triggered,utility_restoration,large,high,high,high,grid,private_fragmented,event_triggered,774107,always_act,90,UTL-25-crew_dispatch,U05,dispatch_repair_crew,request_peer_evidence,send_targeted_summary,execute_autonomously,False,False,0.0,False,False,False,0.7697586509712503,0.032525339524403285,0.6858082423346694,0.3944219513852706,0.0,0.9676031842954039,0.9673823053891057,0.011932803241316514,0.010308849956510158,0.007950322964563994,0.0,0.9880671967586835,0.7430555555555556,0.09836933024895711,0.01132567358765113,4,5,0.4211792096626901,0.7697586509712503,0.5665101810001942,0.6172962620293008,0.4719097445190362,0.3791111585026235
v7-pilots_iteration2-utility_restoration-large-high-high-high-grid-private_fragmented-774107-always_act-event_triggered,utility_restoration,large,high,high,high,grid,private_fragmented,event_triggered,774107,always_act,90,UTL-26-cyber_defense,U10,no_operational_action,no_information_action,no_communication_action,execute_autonomously,False,False,0.0,False,False,False,0.8681463370191569,0.18409203491476808,0.9880776345413075,0.8077125700848957,0.0,0.9172997199541,0.9225013688890007,0.003558264676537859,0.002440980929402703,0.0035192661222909205,0.0,0.9964417353234621,0.6444444444444444,0.0860703119875671,-0.015781831685824144,5,4,0.5538207714068883,0.8681463370191569,0.5815650353433408,0.6299467356785143,0.49351035043693475,0.4272658429979427
v7-pilots_iteration2-utility_restoration-large-high-high-high-grid-private_fragmented-774107-always_act-event_triggered,utility_restoration,large,high,high,high,grid,private_fragmented,event_triggered,774107,always_act,90,UTL-27-communications,U15,dispatch_repair_crew,no_information_action,no_communication_action,execute_autonomously,False,False,0.0,False,False,False,0.6333597195306975,0.2202049773827316,0.9425465898163444,0.7166925552336995,0.0,0.9318048727789237,0.9307586052948833,0.004901258371823536,0.004321282369901369,0.0028788343615030465,0.0,0.9950987416281765,0.6444444444444444,-0.0027938476527750167,-0.00807674250094259,5,4,0.45214851789652505,0.6333597195306975,0.4931568677275629,0.5419514252649724,0.3948999710917818,0.351339925271166
v7-pilots_iteration2-utility_restoration-large-high-high-high-grid-private_fragmented-774107-always_act-event_triggered,utility_restoration,large,high,high,high,grid,private_fragmented,event_triggered,774107,always_act,90,UTL-28-resource_allocation,U04,no_operational_action,request_peer_evidence,send_targeted_summary,execute_autonomously,False,False,0.0,False,False,False,0.7507460111426156,0.025727159136334388,0.9066112608630598,0.6645863282514367,0.0,0.957053411582359,0.9561475907984898,0.011357957455704115,0.008969747038016007,0.009169801644754338,0.0,0.9886420425442959,0.6875,0.08537078500942052,0.0021821318726318317,4,4,0.47955436256883416,0.7507460111426156,0.5554628977906217,0.6052264588494893,0.45281332467989854,0.3916320739440241
v7-pilots_iteration2-utility_restoration-large-high-high-high-grid-private_fragmented-774107-always_act-event_triggered,utility_restoration,large,high,high,high,grid,private_fragmented,event_triggered,774107,always_act,90,UTL-29-critical_load,U02,no_operational_action,no_information_action,no_communication_action,execute_autonomously,False,False,0.0,False,False,False,0.8817856461843598,0.24350823623998602,0.8919946975536144,0.6767256447860742,0.0,0.8993561061277888,0.8993724692729177,0.00011583998442887822,0.00011240670874657077,5.718196890103222e-05,0.0,0.9998841600155711,0.6875,-0.00138252601748734,-0.001966465561039965,4,4,0.5270212744513403,0.8817856461843598,0.5777154609838916,0.6271533403307705,0.5078499713974312,0.4175793976836636
v7-pilots_iteration2-utility_restoration-large-high-high-high-grid-private_fragmented-774107-always_act-event_triggered,utility_restoration,large,high,high,high,grid,private_fragmented,event_triggered,774107,always_act,90,UTL-30-zone_operator,U00,no_operational_action,request_peer_evidence,send_targeted_summary,execute_autonomously,False,False,0.0,False,False,False,0.6371671758687777,0.12189051413120175,0.4281769801088524,0.570856621157836,0.0,0.9013591153755008,0.908691972273464,0.004846354581294898,0.003845965629653336,0.0034988513454735637,0.0,0.9951536454187051,0.8333333333333333,-0.02081710721928165,0.0026026848937623637,3,6,0.41844242887326505,0.6371671758687777,0.4869915456051992,0.5373311340208001,0.43427688053155333,0.3616696811791343
v7-pilots_iteration2-utility_restoration-large-high-high-high-grid-private_fragmented-774107-always_act-event_triggered,utility_restoration,large,high,high,high,grid,private_fragmented,event_triggered,774107,always_act,90,UTL-31-crew_dispatch,U05,dispatch_repair_crew,request_peer_evidence,send_targeted_summary,execute_autonomously,False,False,0.0,False,False,False,0.7469334342240299,0.025296265927809314,0.7276999053495317,0.45516486275682094,0.0,0.9079452687849136,0.9171087220203242,0.013868919281015302,0.011786788827372496,0.010139168272688126,0.0,0.9861310807189847,0.8333333333333333,0.08826147039234744,0.005456787484622638,3,6,0.4279969346978072,0.7469334342240299,0.5451761778792619,0.599329333078585,0.4803787090407592,0.38907759346085485
v7-pilots_iteration2-utility_restoration-large-high-high-high-grid-private_fragmented-774107-always_act-event_triggered,utility_restoration,large,high,high,high,grid,private_fragmented,event_triggered,774107,always_act,90,UTL-32-cyber_defense,U10,isolate_component,no_information_action,no_communication_action,execute_autonomously,True,False,0.0,False,False,False,0.8284024524771694,0.27002894349262024,0.8881883708678009,0.6628731377583111,0.0,0.8571258447052205,0.8572224540631582,0.0001502047188476352,0.00014721476408974254,7.364318141467319e-05,0.0,0.9998497952811524,0.8333333333333333,-0.01771523587091417,-0.0022236324227846715,3,6,0.5055463869042323,0.8284024524771694,0.5458527287735595,0.5951081958989575,0.5145956967070778,0.4199570581969915
v7-pilots_iteration2-utility_restoration-large-high-high-high-grid-private_fragmented-774107-always_act-event_triggered,utility_restoration,large,high,high,high,grid,private_fragmented,event_triggered,774107,always_act,90,UTL-33-communications,U15,dispatch_repair_crew,no_information_action,no_communication_action,execute_autonomously,False,False,0.0,False,False,False,0.6033633585971794,0.16437913017470682,0.8889436080677936,0.6389682316983006,0.0,0.8656652285884251,0.8662072272548719,0.00028213189728953925,0.00021638915210420162,0.00026038877488321344,0.0,0.9997178681027105,0.8333333333333333,-0.030644798578279397,-0.007962760941480629,3,6,0.42329591753063317,0.6033633585971794,0.4581566352421834,0.5106095091727043,0.42007927727748196,0.3542241965047412
v7-pilots_iteration2-utility_restoration-large-high-high-high-grid-private_fragmented-774107-always_act-event_triggered,utility_restoration,large,high,high,high,grid,private_fragmented,event_triggered,774107,always_act,90,UTL-34-resource_allocation,U04,no_operational_action,request_peer_evidence,send_targeted_summary,execute_autonomously,False,False,0.0,False,False,False,0.6627099529811029,0.11026018643887373,1.0,1.0,0.0,0.9061951430899619,0.9132944289562354,0.017704941493390414,0.01607627256295041,0.01190136207074699,0.0,0.9822950585066096,0.6875,0.11733567920124954,0.00528071449975176,4,4,0.530121384013575,0.6627099529811029,0.5164196850556783,0.5697399083881816,0.4158381802520632,0.41504466752321334
v7-pilots_iteration2-utility_restoration-large-high-high-high-grid-private_fragmented-774107-always_act-event_triggered,utility_restoration,large,high,high,high,grid,private_fragmented,event_triggered,774107,always_act,90,UTL-35-critical_load,U02,no_operational_action,no_information_action,no_communication_action,execute_autonomously,False,False,0.0,False,False,False,0.9383046736476843,0.20948661321077736,1.0,0.9407823466441032,0.0,0.8443167323799096,0.8527019834247667,0.0036766853918663855,0.004731397685522665,0.0015032576761272454,0.0,0.9963233146081336,0.6875,-0.07818370750126047,-0.0025310035048186075,4,4,0.6096113522347975,0.9383046736476843,0.5915484121026641,0.6480930358006849,0.5315879629320275,0.46819223345860306
v7-pilots_iteration2-utility_restoration-large-high-high-high-grid-private_fragmented-774107-always_act-event_triggered,utility_restoration,large,high,high,high,grid,private_fragmented,event_triggered,774107,always_act,90,UTL-36-zone_operator,U00,no_operational_action,no_information_action,no_communication_action,execute_autonomously,False,False,0.0,False,False,False,0.6199981081197349,0.1801919448215843,0.2079951179000351,0.2515929209550509,0.0,0.8898247550769,0.8905676512811793,0.0005974427990872444,0.0005267039835659126,0.00039556670838925,0.0,0.9994025572009128,0.7430555555555556,-0.0377920781624943,-0.010234051549563028,4,5,0.3359816577899221,0.6199981081197349,0.47129185193584106,0.523477602568023,0.40901031652139974,0.30091886589759714
v7-pilots_iteration2-utility_restoration-large-high-high-high-grid-private_fragmented-774107-always_act-event_triggered,utility_restoration,large,high,high,high,grid,private_fragmented,event_triggered,774107,always_act,90,UTL-37-crew_dispatch,U05,dispatch_repair_crew,no_information_action,no_communication_action,execute_autonomously,False,False,0.0,False,False,False,0.490614312188005,0.3192103778221481,0.7776684512297197,0.5276192542830935,0.0,0.7967839938312395,0.80566219480996,0.003965778109381146,0.003915073723951612,0.0020656544355397433,0.0,0.9960342218906189,0.7430555555555556,-0.06859205279112313,-0.0039365648794867925,4,5,0.35823748717186416,0.490614312188005,0.4009938126861455,0.44708164928904875,0.3546691222300732,0.30066616621878905
v7-pilots_iteration2-utility_restoration-large-high-high-high-grid-private_fragmented-774107-always_act-event_triggered,utility_restoration,large,high,high,high,grid,private_fragmented,event_triggered,774107,always_act,90,UTL-38-cyber_defense,U10,no_operational_action,request_peer_evidence,send_targeted_summary,execute_autonomously,False,False,0.0,False,False,False,0.7260264688045175,0.04093787612706057,1.0,0.859075281956597,0.0,0.8709474941954941,0.8835746433594064,0.0120881695418954,0.012034385620361854,0.006990923943200111,0.0,0.9879118304581046,0.8333333333333333,-0.007364201978937612,0.010567066334628117,3,6,0.5178270670631193,0.7260264688045175,0.5250708984293341,0.583854680739903,0.47159778356456394,0.4338069630729277
v7-pilots_iteration2-utility_restoration-large-high-high-high-grid-private_fragmented-774107-always_act-event_triggered,utility_restoration,large,high,high,high,grid,private_fragmented,event_triggered,774107,always_act,90,UTL-39-communications,U15,isolate_component,request_peer_evidence,send_targeted_summary,execute_autonomously,True,True,-0.0405,True,False,True,0.7675761261027197,0.03395556697674737,1.0,0.9610320443427167,0.0,0.9640880846299549,0.9640897492193841,0.00033481311548921866,0.00023357877407914618,0.00031327212712983776,0.0,0.9996651868845108,0.8333333333333333,0.0015497838334882497,-0.004381033529760492,3,6,0.5564235735171768,0.7675761261027197,0.5485212099602615,0.600670569568976,0.48904863962980893,0.43890015531580706
v7-pilots_iteration2-utility_restoration-large-high-high-high-grid-private_fragmented-774107-always_act-event_triggered,utility_restoration,large,high,high,high,grid,private_fragmented,event_triggered,774107,always_act,90,UTL-40-resource_allocation,U04,no_operational_action,no_information_action,no_communication_action,execute_autonomously,False,False,0.0,False,False,False,0.6636954398460053,0.14653148456556767,0.8743969414230812,0.6178755650634677,0.0,0.9329363318509958,0.929225308438348,0.0037163733059535353,0.0032104843797136073,0.0025495317937042072,0.0,0.9962836266940465,0.7916666666666666,0.20872051078694254,0.0036889630950591723,3,5,0.43874658516287407,0.6636954398460053,0.503915181529486,0.554706731101388,0.43708541806865553,0.3691733184536764
v7-pilots_iteration2-utility_restoration-large-high-high-high-grid-private_fragmented-774107-always_act-event_triggered,utility_restoration,large,high,high,high,grid,private_fragmented,event_triggered,774107,always_act,90,UTL-41-critical_load,U02,no_operational_action,no_information_action,no_communication_action,execute_autonomously,False,False,0.0,False,False,False,0.7874105205052806,0.28691321151939964,0.949505068036747,0.7601156819866164,0.0,0.7733246948243697,0.7798805730121402,0.005968286132736145,0.008362386881932249,0.00180587402980803,0.0,0.9940317138672639,0.7916666666666666,-0.1638008335669332,0.005895451979911592,3,5,0.5149473406485834,0.7874105205052806,0.5166509824940353,0.5718620200703827,0.48904575194555117,0.42441978617720505
v7-pilots_iteration2-utility_restoration-large-high-high-high-grid-private_fragmented-774107-always_act-event_triggered,utility_restoration,large,high,high,high,grid,private_fragmented,event_triggered,774107,always_act,90,UTL-42-zone_operator,U00,no_operational_action,request_peer_evidence,send_targeted_summary,execute_autonomously,False,False,0.0,False,False,False,0.5718329604010318,0.09022300579241421,0.4141666874354917,0.5505416967814629,0.0,0.7533367344028793,0.7718354938033644,0.008783800248922669,0.010435755695345827,0.004305761503329952,0.0,0.9912161997510773,0.7430555555555556,-0.1963683577770029,-0.0038596878521413025,4,5,0.3913532137639019,0.5718329604010318,0.4293646881096243,0.4906062140986093,0.38878095447954447,0.3305293386560625
v7-pilots_iteration2-utility_restoration-large-high-high-high-grid-private_fragmented-774107-always_act-event_triggered,utility_restoration,large,high,high,high,grid,private_fragmented,event_triggered,774107,always_act,90,UTL-43-crew_dispatch,U05,dispatch_repair_crew,no_information_action,no_communication_action,execute_autonomously,False,False,0.0,False,False,False,0.5872163165317139,0.2365341598475903,0.6967287295607908,0.4102566578631466,0.0,0.8824583313895574,0.8892123319329306,0.01032333069533975,0.01040745989654146,0.004607919820029616,0.0,0.9896766693046603,0.7430555555555556,-0.009195459278103613,0.0038467719187085248,4,5,0.36291514550793796,0.5872163165317139,0.4699537724335506,0.5211591366172925,0.3952419640544309,0.3218888397641287
v7-pilots_iteration2-utility_restoration-large-high-high-high-grid-private_fragmented-774107-always_act-event_triggered,utility_restoration,large,high,high,high,grid,private_fragmented,event_triggered,774107,always_act,90,UTL-44-cyber_defense,U10,no_operational_action,request_peer_evidence,send_targeted_summary,execute_autonomously,False,False,0.0,False,False,False,0.8059763767639085,0.08898977627638804,1.0,0.8505584757859841,0.0,0.9380637061323771,0.9383460860284005,0.0006174619335170828,0.00044730121201874695,0.0005489410432844011,0.0,0.9993825380664829,0.7430555555555556,0.0920352076999763,-0.010108016947176557,4,5,0.5429660022883651,0.8059763767639085,0.5577709239455816,0.6093298714424782,0.4871211893519527,0.4249227434848622
v7-pilots_iteration2-utility_restoration-large-high-high-high-grid-private_fragmented-774107-always_act-event_triggered,utility_restoration,large,high,high,high,grid,private_fragmented,event_triggered,774107,always_act,90,UTL-45-communications,U15,isolate_component,request_peer_evidence,send_targeted_summary,execute_autonomously,True,False,0.0,False,False,False,0.6800662256029838,0.004845066720176705,0.9425370697354042,0.716678751116336,0.0,0.8802163678890595,0.8842978869285727,0.005587126851711144,0.003966114158011402,0.005037906839877482,0.0,0.9944128731482889,0.7430555555555556,-0.05409790356547961,0.0025780914683060097,4,5,0.46802541697293515,0.6800662256029838,0.499902559805854,0.5517823683867591,0.4342389258643643,0.38038833094454255
v7-pilots_iteration2-utility_restoration-large-high-high-high-grid-private_fragmented-774107-always_act-event_triggered,utility_restoration,large,high,high,high,grid,private_fragmented,event_triggered,774107,always_act,90,UTL-46-resource_allocation,U04,no_operational_action,request_peer_evidence,send_targeted_summary,execute_autonomously,False,False,0.0,False,False,False,0.7081798689625549,0.059424158573007535,0.824960704586689,0.546193021650699,0.0,0.941784842615131,0.9418080520028786,0.00016664939581167992,0.0001408043444622864,0.00013126854728673365,0.0,0.9998333506041883,0.875,0.0038800494638097094,-0.001419941780858247,2,6,0.43666748064343647,0.7081798689625549,0.5189514673929411,0.5708518624066765,0.4724355449642731,0.3777388013711885
v7-pilots_iteration2-utility_restoration-large-high-high-high-grid-private_fragmented-774107-always_act-event_triggered,utility_restoration,large,high,high,high,grid,private_fragmented,event_triggered,774107,always_act,90,UTL-47-critical_load,U02,no_operational_action,request_peer_evidence,send_targeted_summary,execute_autonomously,False,False,0.0,False,False,False,0.830899906686469,0.13759102341092785,0.9113863557858001,0.7048435492227434,0.0,0.9169900550141711,0.9170820332241136,0.00023507207392825524,0.00021938126203902009,0.00014149764578075263,0.0,0.9997649279260717,0.875,0.05733040841564263,-0.0027353748212091133,2,6,0.5164684200868579,0.830899906686469,0.5619365773316299,0.6152006213440577,0.5239779608083169,0.43118900141322813
v7-pilots_iteration2-utility_restoration-large-high-high-high-grid-private_fragmented-774107-always_act-event_triggered,utility_restoration,large,high,high,high,grid,private_fragmented,event_triggered,774107,always_act,90,UTL-48-zone_operator,U00,no_operational_action,no_information_action,no_communication_action,execute_autonomously,False,False,0.0,False,False,False,0.6473820419007933,0.18416576122559308,0.6053065750236919,0.8276945337843533,0.0,0.9250281631339451,0.9252693820929765,0.0002735588241650211,0.0002033009885575865,0.0002240633262909908,0.0,0.999726441175835,0.8333333333333333,-0.005543714519066212,-0.01036390346164806,3,6,0.48355658235451454,0.6473820419007933,0.4905928398976347,0.5414524016302096,0.4385671242649998,0.3891765626481461
v7-pilots_iteration2-utility_restoration-large-high-high-high-grid-private_fragmented-774107-always_act-event_triggered,utility_restoration,large,high,high,high,grid,private_fragmented,event_triggered,774107,always_act,90,UTL-49-crew_dispatch,U05,dispatch_repair_crew,request_peer_evidence,send_targeted_summary,execute_autonomously,False,False,0.0,False,False,False,0.6521305695394726,0.12002242169371827,0.5766980856494672,0.2362122241917275,0.0,0.8905999181475023,0.894453091161307,0.003885543151195381,0.004109976103799151,0.0018511838963096716,0.0,0.9961144568488046,0.8333333333333333,0.04632289039831872,-0.0009291345668741569,3,6,0.34321532744943534,0.6521305695394726,0.4889419677643381,0.544544304204083,0.44056150587324516,0.32258377406382255
v7-pilots_iteration2-utility_restoration-large-high-high-high-grid-private_fragmented-774107-always_act-event_triggered,utility_restoration,large,high,high,high,grid,private_fragmented,event_triggered,774107,always_act,90,UTL-50-cyber_defense,U10,restore_communication_relay,request_peer_evidence,send_targeted_summary,execute_autonomously,True,True,-0.03303097704583202,True,False,True,0.8038882963563232,0.019996406423801932,0.7510325681944007,0.4639972238818808,0.0,0.9843078420518812,0.985039134099468,0.00828707282923924,0.006395321468882997,0.00645458258434517,0.0,0.9917129271707608,0.8333333333333333,0.06565810729334776,-0.008402253032906759,3,6,0.4494813544928013,0.8038882963563232,0.5792341810164344,0.6278343263653003,0.5042997511363224,0.3966803695022031
v7-pilots_iteration2-utility_restoration-large-high-high-high-grid-private_fragmented-774107-always_act-event_triggered,utility_restoration,large,high,high,high,grid,private_fragmented,event_triggered,774107,always_act,90,UTL-51-communications,U15,restore_communication_relay,request_peer_evidence,send_targeted_summary,execute_autonomously,True,False,0.0,False,False,False,0.6863660651003638,0.03010052126167373,0.9332151092729646,0.7031619084457986,0.0,0.8657384743464135,0.8665238223972506,0.0005256512552380688,0.0005592560967740967,0.00027135010013268346,0.0,0.9994743487447619,0.8333333333333333,-0.06329408602326092,-0.003687361351314533,3,6,0.46692332016111543,0.6863660651003638,0.49171695638408214,0.5496598452371159,0.45494041400881946,0.3853516845328436
v7-pilots_iteration2-utility_restoration-large-high-high-high-grid-private_fragmented-774107-always_act-event_triggered,utility_restoration,large,high,high,high,grid,private_fragmented,event_triggered,774107,always_act,95,UTL-00-zone_operator,U07,isolate_component,request_peer_evidence,negotiate_commitment,execute_autonomously,True,False,0.0,False,False,False,0.5025604291727601,0.33151054576268263,0.8969888318748732,0.8613852595718938,0.0,0.8185226878526809,0.8185226962582793,4.824250665613761e-09,3.509487034314418e-09,4.806882336616525e-09,0.0,0.9999999951757493,0.9027777777777778,-0.08143628720084217,-4.150426102800253e-08,2,7,0.442403008215993,0.5025604291727601,0.40565485038622523,0.4510944523580105,0.3916309358081148,0.36144426718659034
v7-pilots_iteration2-utility_restoration-large-high-high-high-grid-private_fragmented-774107-always_act-event_triggered,utility_restoration,large,high,high,high,grid,private_fragmented,event_triggered,774107,always_act,95,UTL-01-crew_dispatch,U12,no_operational_action,request_peer_evidence,send_targeted_summary,execute_autonomously,False,False,0.0,False,False,False,0.7058990593467436,0.02003390706287833,0.9412516014762331,0.7148148221405379,0.0,0.9032050506618208,0.903728487149364,0.0005362551447959385,0.0004963476624888497,0.0003462195946147828,0.0,0.9994637448552041,0.9027777777777778,0.0812569611453482,-0.008603849964239796,2,7,0.47636123749162196,0.7058990593467436,0.508911643606867,0.564014927970885,0.4770331604811879,0.4012690918923737
v7-pilots_iteration2-utility_restoration-large-high-high-high-grid-private_fragmented-774107-always_act-event_triggered,utility_restoration,large,high,high,high,grid,private_fragmented,event_triggered,774107,always_act,95,UTL-02-cyber_defense,U17,isolate_component,request_peer_evidence,send_targeted_summary,execute_autonomously,True,True,-0.03663603039767153,True,False,True,0.8358481607081641,0.1330078442527284,0.8712010132557176,0.6132414692207905,0.0,0.9100409281426922,0.920029001660139,0.009306276980721284,0.00799319697231704,0.0056082860166624116,0.0,0.9906937230192787,0.8333333333333333,0.03023085547419624,0.0009797261219558484,3,6,0.4961663272537656,0.8358481607081641,0.5748782840919484,0.625263711024969,0.5177228941640956,0.4247699449079652
v7-pilots_iteration2-utility_restoration-large-high-high-high-grid-private_fragmented-774107-always_act-event_triggered,utility_restoration,large,high,high,high,grid,private_fragmented,event_triggered,774107,always_act,95,UTL-03-communications,U22,dispatch_repair_crew,request_peer_evidence,negotiate_commitment,execute_autonomously,False,False,0.0,False,False,False,0.6894324153889787,0.0728120211016999,1.0,0.8249868696925386,0.0,0.9264855352284371,0.9264884686078521,1.4847459903322147e-05,1.1689501087319698e-05,1.080325235092161e-05,0.0,0.9999851525400967,0.8333333333333333,0.062727514275843,-0.00013271135298797976,3,6,0.49720386995846205,0.6894324153889787,0.5074151364065653,0.5597729442017392,0.45622828113003766,0.4003861639050257
v7-pilots_iteration2-utility_restoration-large-high-high-high-grid-private_fragmented-774107-always_act-event_triggered,utility_restoration,large,high,high,high,grid,private_fragmented,event_triggered,774107,always_act,95,UTL-04-resource_allocation,U20,dispatch_repair_crew,no_information_action,negotiate_commitment,execute_autonomously,False,False,0.0,False,False,False,0.5731831433240886,0.21203630997939635,0.6682968517323626,0.8690304350119257,0.0,0.8572188287587347,0.8572195163081323,6.559619523116567e-07,6.364270848102649e-07,3.56405083112854e-07,0.0,0.9999993440380477,0.7916666666666666,-0.0026381757089837254,-3.083707206519293e-05,3,5,0.4682495731330523,0.5731831433240886,0.4435788828660523,0.49406288509146734,0.3990702535294505,0.36769216254442766
v7-pilots_iteration2-utility_restoration-large-high-high-high-grid-private_fragmented-774107-always_act-event_triggered,utility_restoration,large,high,high,high,grid,private_fragmented,event_triggered,774107,always_act,95,UTL-05-critical_load,U09,no_operational_action,request_peer_evidence,send_targeted_summary,execute_autonomously,False,False,0.0,False,False,False,0.9159103707938377,0.017567865644606495,1.0,0.8274910494222683,0.0,0.853530333584928,0.8586223693599634,0.005308886924252687,0.0048978737059366395,0.0031872883427035426,0.0,0.9946911130757473,0.7916666666666666,-0.012629829034939477,0.0027071375038639767,3,5,0.5748073779312493,0.9159103707938377,0.5871791734077209,0.6427125881573155,0.5430156890667452,0.46547131158501476
v7-pilots_iteration2-utility_restoration-large-high-high-high-grid-private_fragmented-774107-always_act-event_triggered,utility_restoration,large,high,high,high,grid,private_fragmented,event_triggered,774107,always_act,95,UTL-06-zone_operator,U07,isolate_component,request_peer_evidence,negotiate_commitment,execute_autonomously,True,False,0.0,False,False,False,0.6265741800396514,0.19150094355452008,1.0,0.9449135962963136,0.0,0.9037196136247245,0.903729316344414,6.054447291292675e-06,5.050480978541216e-06,4.193418567277618e-06,0.0,0.9999939455527087,0.8333333333333333,-0.00901631549917492,-0.0003032286208550783,3,6,0.5046144843245968,0.6265741800396514,0.4765680516482495,0.5283670501754982,0.42982782228332017,0.39716914205091414
v7-pilots_iteration2-utility_restoration-large-high-high-high-grid-private_fragmented-774107-always_act-event_triggered,utility_restoration,large,high,high,high,grid,private_fragmented,event_triggered,774107,always_act,95,UTL-07-crew_dispatch,U12,dispatch_repair_crew,request_peer_evidence,negotiate_commitment,execute_autonomously,False,False,0.0,False,False,False,0.6362966013053977,0.08175123910778781,1.0,0.8085350083306655,0.0,0.867347689833586,0.8812900955555606,0.010895257255291169,0.010545896800865151,0.005734485836319858,0.0,0.9891047427447088,0.8333333333333333,0.03433806388222882,0.0029839651254260913,3,6,0.475189246443195,0.6362966013053977,0.4866089231379632,0.5409887415569213,0.4339112392149337,0.3952040372787339
v7-pilots_iteration2-utility_restoration-large-high-high-high-grid-private_fragmented-774107-always_act-event_triggered,utility_restoration,large,high,high,high,grid,private_fragmented,event_triggered,774107,always_act,95,UTL-08-cyber_defense,U17,restore_communication_relay,request_peer_evidence,send_targeted_summary,execute_autonomously,True,False,0.0,False,False,False,0.6378550637518321,0.12707938727054582,1.0,0.8524421217831222,0.0,0.870591098703032,0.8706606352570785,6.490433572314824e-05,5.7200331892603984e-05,4.535872686595166e-05,0.0,0.9999350956642769,0.8333333333333333,-0.034252705334348876,-0.0005146035409270278,3,6,0.48625683090357225,0.6378550637518321,0.47288066624650327,0.5279323996570856,0.4345657934424362,0.38928443384315636
v7-pilots_iteration2-utility_restoration-large-high-high-high-grid-private_fragmented-774107-always_act-event_triggered,utility_restoration,large,high,high,high,grid,private_fragmented,event_triggered,774107,always_act,95,UTL-09-communications,U22,dispatch_repair_crew,no_information_action,negotiate_commitment,execute_autonomously,False,False,0.0,False,False,False,0.5727574756811329,0.23787383624170866,0.8697684524581313,0.6111642560642905,0.0,0.8678814253591219,0.8678897192642844,8.484432585498247e-06,8.390903142307948e-06,4.021724188563169e-06,0.0,0.9999915155674145,0.8333333333333333,0.057732278760655675,-0.00020116434892269996,3,6,0.4062169631870149,0.5727574756811329,0.44608522481785334,0.49589033875050337,0.40722480645274245,0.342052238496339
v7-pilots_iteration2-utility_restoration-large-high-high-high-grid-private_fragmented-774107-always_act-event_triggered,utility_restoration,large,high,high,high,grid,private_fragmented,event_triggered,774107,always_act,95,UTL-10-resource_allocation,U20,dispatch_repair_crew,no_information_action,negotiate_commitment,execute_autonomously,False,False,0.0,False,False,False,0.546945946142516,0.2775995396457457,0.6741340682286145,0.8774943989314912,0.0,0.8518571633084995,0.8630477909563562,0.009778922753372221,0.008864562561315514,0.005963676217524805,0.0,0.9902210772466278,0.6875,-0.026461754158589312,0.004384853357929486,4,4,0.46136027743201335,0.546945946142516,0.4454331611388524,0.4933448201559073,0.36721729737985676,0.3598646879602907
v7-pilots_iteration2-utility_restoration-large-high-high-high-grid-private_fragmented-774107-always_act-event_triggered,utility_restoration,large,high,high,high,grid,private_fragmented,event_triggered,774107,always_act,95,UTL-11-critical_load,U09,no_operational_action,no_information_action,no_communication_action,execute_autonomously,False,False,0.0,False,False,False,0.8187263899018415,0.16371909041613503,1.0,0.9327512343096791,0.0,0.9197980230405463,0.9210177286279394,0.004358490153269168,0.004141660918624668,0.0022430259009398323,0.0,0.9956415098467308,0.6875,-0.005835097965934177,-0.0010463842384685895,4,4,0.567027268800949,0.8187263899018415,0.5635419479354501,0.6149579016810667,0.48136508375877346,0.4342328579801832
v7-pilots_iteration2-utility_restoration-large-high-high-high-grid-private_fragmented-774107-always_act-event_triggered,utility_restoration,large,high,high,high,grid,private_fragmented,event_triggered,774107,always_act,95,UTL-12-zone_operator,U07,isolate_component,request_peer_evidence,negotiate_commitment,execute_autonomously,True,False,0.0,False,False,False,0.5769703944651584,0.18959316806009915,0.8200486566361975,0.5248500986258839,0.0,0.84231339658102,0.8428983163730052,0.0005096521889816907,0.0005555900590457075,0.00021543349647901167,0.0,0.9994903478110183,0.7430555555555556,0.02249397462800251,-0.00280544192853438,4,5,0.38693395778836603,0.5769703944651584,0.44208001999589275,0.4948242338287314,0.39093867678647765,0.32155737158782705
v7-pilots_iteration2-utility_restoration-large-high-high-high-grid-private_fragmented-774107-always_act-event_triggered,utility_restoration,large,high,high,high,grid,private_fragmented,event_triggered,774107,always_act,95,UTL-13-crew_dispatch,U12,dispatch_repair_crew,request_peer_evidence,negotiate_commitment,execute_autonomously,False,False,0.0,False,False,False,0.6850342752898819,0.02692776849295414,1.0,0.9181126665712641,0.0,0.8985782175126127,0.9000522082872668,0.001670559118493009,0.0014280680079086228,0.0011362829788138518,0.0,0.998329440881507,0.7430555555555556,-0.039185468211468844,-0.022360194478550866,4,5,0.5180586935756633,0.6850342752898819,0.5009970472599962,0.5541996152506714,0.4363255067328615,0.40006942402912904
v7-pilots_iteration2-utility_restoration-large-high-high-high-grid-private_fragmented-774107-always_act-event_triggered,utility_restoration,large,high,high,high,grid,private_fragmented,event_triggered,774107,always_act,95,UTL-14-cyber_defense,U17,isolate_component,request_peer_evidence,send_targeted_summary,execute_autonomously,True,False,0.0,False,False,False,0.7304472587545676,0.06523223189598476,1.0,0.8613360612815081,0.0,0.8938290425657783,0.8938449817783877,1.411338280299379e-05,1.1653734058869603e-05,9.689620932951115e-06,0.0,0.999985886617197,0.8333333333333333,-0.06833477286280065,-0.0001028831852833978,3,6,0.5198727226841149,0.7304472587545676,0.5156559228791958,0.5689777346419523,0.47345451534358507,0.4162314397865749
v7-pilots_iteration2-utility_restoration-large-high-high-high-grid-private_fragmented-774107-always_act-event_triggered,utility_restoration,large,high,high,high,grid,private_fragmented,event_triggered,774107,always_act,95,UTL-15-communications,U22,dispatch_repair_crew,request_peer_evidence,negotiate_commitment,execute_autonomously,False,False,0.0,False,False,False,0.7736716847616595,0.007455188760240566,1.0,0.8922956956886419,0.0,0.9773317437079214,0.9772460129210195,0.00011249188278061872,9.483241987584545e-05,7.409153743687114e-05,0.0,0.9998875081172194,0.8333333333333333,0.06792090195614353,-0.0055801931517224235,3,6,0.5419993397842384,0.7736716847616595,0.553959098467537,0.6048967265704108,0.4916087742665636,0.4321360282243046
v7-pilots_iteration2-utility_restoration-large-high-high-high-grid-private_fragmented-774107-always_act-event_triggered,utility_restoration,large,high,high,high,grid,private_fragmented,event_triggered,774107,always_act,95,UTL-16-resource_allocation,U20,dispatch_repair_crew,request_peer_evidence,negotiate_commitment,execute_autonomously,False,False,0.0,False,False,False,0.7812756213143253,0.03223955953302057,0.3951867341018243,0.4730207644476452,0.0,0.9730565445730704,0.9731172302067411,0.0002516053132425311,0.00021157320759190856,0.0001672743859085779,0.0,0.9997483946867575,0.7916666666666666,0.08589779980480405,-0.005594182465714415,3,5,0.4439586947143055,0.7812756213143253,0.5561266321075373,0.6079806031473785,0.4864690942853499,0.3786586057088171
v7-pilots_iteration2-utility_restoration-large-high-high-high-grid-private_fragmented-774107-always_act-event_triggered,utility_restoration,large,high,high,high,grid,private_fragmented,event_triggered,774107,always_act,95,UTL-17-critical_load,U09,no_operational_action,request_peer_evidence,send_targeted_summary,execute_autonomously,False,False,0.0,False,False,False,0.7018628056145103,0.01813646494563892,1.0,0.878324131164103,0.0,0.8945103283161204,0.8944371318794719,5.804443238377477e-05,5.334371756071654e-05,3.88514558450348e-05,0.0,0.9999419555676162,0.7916666666666666,0.029885596193415354,-0.006321924562424197,3,5,0.5142311453883183,0.7018628056145103,0.5044539665301716,0.5575874518444167,0.45311571169142767,0.4048892516254333
v7-pilots_iteration2-utility_restoration-large-high-high-high-grid-private_fragmented-774107-always_act-event_triggered,utility_restoration,large,high,high,high,grid,private_fragmented,event_triggered,774107,always_act,95,UTL-18-zone_operator,U07,dispatch_repair_crew,request_peer_evidence,negotiate_commitment,execute_autonomously,False,False,0.0,False,False,False,0.7228534760125682,0.024872960539868205,0.5251655323544668,0.6643840117494751,0.0,0.9425475315021445,0.94257302579389,0.006299170954209843,0.004253207786852231,0.006505097961992501,0.0,0.9937008290457902,0.7430555555555556,0.02654150597550342,-0.0008771549839780013,4,5,0.4700223446641473,0.7228534760125682,0.5335971126164573,0.5831971809125784,0.4522095710363897,0.38497513318626686
v7-pilots_iteration2-utility_restoration-large-high-high-high-grid-private_fragmented-774107-always_act-event_triggered,utility_restoration,large,high,high,high,grid,private_fragmented,event_triggered,774107,always_act,95,UTL-19-crew_dispatch,U12,no_operational_action,no_information_action,no_communication_action,execute_autonomously,False,False,0.0,False,False,False,0.8162225977843409,0.15110061957887766,1.0,0.9076408905148647,0.0,0.936991297466387,0.9426201124494924,0.006476410983699776,0.00453861933970201,0.0058650313297839984,0.0,0.9935235890163002,0.7430555555555556,0.08449558944128976,-0.0059058368460077615,4,5,0.5601494969702434,0.8162225977843409,0.5698038388575128,0.6183872506831292,0.4914246021805343,0.44021083817557727
v7-pilots_iteration2-utility_restoration-large-high-high-high-grid-private_fragmented-774107-always_act-event_triggered,utility_restoration,large,high,high,high,grid,private_fragmented,event_triggered,774107,always_act,95,UTL-20-cyber_defense,U17,restore_communication_relay,request_peer_evidence,send_targeted_summary,execute_autonomously,True,False,0.0,False,False,False,0.8092736039594197,0.09363504649014123,0.8420185264872049,0.570926863406447,0.0,0.9613449178432726,0.9631576777910031,0.003388965382934872,0.002876596018518862,0.0020589171337319634,0.0,0.9966110346170651,0.7430555555555556,0.08609626105350254,-0.006316927384121485,4,5,0.47697547256375,0.8092736039594197,0.5687902225806949,0.619295956146014,0.48850602477406735,0.39462952429097853
v7-pilots_iteration2-utility_restoration-large-high-high-high-grid-private_fragmented-774107-always_act-event_triggered,utility_restoration,large,high,high,high,grid,private_fragmented,event_triggered,774107,always_act,95,UTL-21-communications,U22,dispatch_repair_crew,no_information_action,no_communication_action,execute_autonomously,False,False,0.0,False,False,False,0.6348160543648477,0.18230844201887234,1.0,0.9008724927317313,0.0,0.9137387790694487,0.9138133609269454,8.831964476618825e-05,7.158471798618393e-05,5.926582731874408e-05,0.0,0.9999116803552338,0.7430555555555556,-0.03961728512531426,-0.0077067481745420885,4,5,0.4968468567396637,0.6348160543648477,0.48248476401597395,0.5332071528662589,0.4152338539443471,0.38252816713979526
v7-pilots_iteration2-utility_restoration-large-high-high-high-grid-private_fragmented-774107-always_act-event_triggered,utility_restoration,large,high,high,high,grid,private_fragmented,event_triggered,774107,always_act,95,UTL-22-resource_allocation,U20,no_operational_action,no_information_action,no_communication_action,execute_autonomously,False,False,0.0,False,False,False,0.6538235181482952,0.16392566840318745,0.3811699498071813,0.4526964272204128,0.0,0.9258805353677059,0.925889919332862,1.179448205590461e-05,8.590043781842027e-06,1.073758018910187e-05,0.0,0.9999882055179441,0.7916666666666666,0.03399803878107033,-0.0002187393611812194,3,5,0.39574713870331946,0.6538235181482952,0.4930160533761228,0.5442445907498992,0.4329392109556173,0.34032210530277557
v7-pilots_iteration2-utility_restoration-large-high-high-high-grid-private_fragmented-774107-always_act-event_triggered,utility_restoration,large,high,high,high,grid,private_fragmented,event_triggered,774107,always_act,95,UTL-23-critical_load,U09,no_operational_action,no_information_action,no_communication_action,execute_autonomously,False,False,0.0,False,False,False,0.7964018147515867,0.15812119073457678,1.0,0.8414281081196785,0.0,0.9204726517999777,0.9205659428848283,5.496826294393298e-05,4.51385415944916e-05,3.5120300282409644e-05,0.0,0.9999450317370561,0.7916666666666666,0.012364742476068336,-0.0023204068460301874,3,5,0.5375193629642623,0.7964018147515867,0.5487558444187506,0.5989974673810836,0.4928220955289997,0.42692837095079234
v7-pilots_iteration2-utility_restoration-large-high-high-high-grid-private_fragmented-774107-always_act-event_triggered,utility_restoration,large,high,high,high,grid,private_fragmented,event_triggered,774107,always_act,95,UTL-24-zone_operator,U07,no_operational_action,request_peer_evidence,send_targeted_summary,execute_autonomously,False,False,0.0,False,False,False,0.7308154161632701,0.05343508986865003,0.946729399556678,0.5724667864685306,0.0,0.9484928725020132,0.9486442055278742,0.00043288058222734627,0.00029117949838963764,0.00043232477683396997,0.0,0.9995671194177727,0.7430555555555556,0.04727779421551226,-0.002997023769040763,4,5,0.45066927024795916,0.7308154161632701,0.5300554174059295,0.5827785018255471,0.45555358589968453,0.3703458405545571
v7-pilots_iteration2-utility_restoration-large-high-high-high-grid-private_fragmented-774107-always_act-event_triggered,utility_restoration,large,high,high,high,grid,private_fragmented,event_triggered,774107,always_act,95,UTL-25-crew_dispatch,U12,dispatch_repair_crew,no_information_action,no_communication_action,execute_autonomously,False,False,0.0,False,False,False,0.6328548258515567,0.20466470357518213,1.0,0.804791210650153,0.0,0.9299754073957871,0.9304434287669692,0.0005242581363529286,0.00043404317636785983,0.0003459875392580747,0.0,0.9994757418636471,0.7430555555555556,0.008257374614007773,-0.006788354450640854,4,5,0.47312053134556603,0.6328548258515567,0.4863697435804636,0.535544207973467,0.4144101379687649,0.37083216855706763
v7-pilots_iteration2-utility_restoration-large-high-high-high-grid-private_fragmented-774107-always_act-event_triggered,utility_restoration,large,high,high,high,grid,private_fragmented,event_triggered,774107,always_act,95,UTL-26-cyber_defense,U17,no_operational_action,request_peer_evidence,send_targeted_summary,execute_autonomously,False,False,0.0,False,False,False,0.8861607904847817,0.029201964045549034,1.0,0.8550567195709204,0.0,0.9511357484198775,0.9540919235117926,0.003911073532588127,0.0031659781000555887,0.0026851180451789025,0.0,0.9960889264674119,0.6444444444444444,0.014062797244682845,-0.008822523437930108,5,4,0.5713082814618466,0.8861607904847817,0.5977237562445055,0.648848510350922,0.5010764208924972,0.43797465163710336
v7-pilots_iteration2-utility_restoration-large-high-high-high-grid-private_fragmented-774107-always_act-event_triggered,utility_restoration,large,high,high,high,grid,private_fragmented,event_triggered,774107,always_act,95,UTL-27-communications,U22,dispatch_repair_crew,request_peer_evidence,send_targeted_summary,execute_autonomously,False,False,0.0,False,False,False,0.6419209644347106,0.11850218860768882,1.0,0.8655527485389893,0.0,0.8919216545902764,0.8910615335591695,0.003155503811533955,0.0028762556513364235,0.0022442513847765744,0.0,0.996844496188466,0.6444444444444444,0.0032786272440550324,0.0021633442433039995,5,4,0.49078578755715907,0.6419209644347106,0.48416650475760087,0.5370767281268729,0.39849569395146733,0.3719934365631113
v7-pilots_iteration2-utility_restoration-large-high-high-high-grid-private_fragmented-774107-always_act-event_triggered,utility_restoration,large,high,high,high,grid,private_fragmented,event_triggered,774107,always_act,95,UTL-28-resource_allocation,U20,dispatch_repair_crew,request_peer_evidence,send_targeted_summary,execute_autonomously,False,False,0.0,False,False,False,0.6161908742794799,0.07779548098600386,0.7546770198902144,0.9942816788408108,0.0,0.8461019425466612,0.858389490157738,0.010070284068298463,0.008149445871399319,0.007389677571951192,0.0,0.9899297159317015,0.6875,-0.053888214825165925,-0.0052969146877820394,4,4,0.5129325001768178,0.6161908742794799,0.4721002330440751,0.5229144354406783,0.3963001671973816,0.39032164661236146
v7-pilots_iteration2-utility_restoration-large-high-high-high-grid-private_fragmented-774107-always_act-event_triggered,utility_restoration,large,high,high,high,grid,private_fragmented,event_triggered,774107,always_act,95,UTL-29-critical_load,U09,no_operational_action,no_information_action,no_communication_action,execute_autonomously,False,False,0.0,False,False,False,0.8566769550017159,0.23099514366121,1.0,0.995043763578288,0.0,0.8321142550163292,0.8326120995610968,0.0005021113452335912,0.0004649154294342761,0.00030134651719349037,0.0,0.9994978886547664,0.6875,-0.02145877950576769,-0.006879794858728028,4,4,0.5948806679593726,0.8566769550017159,0.5514023016380957,0.6020503419642838,0.4973043211007207,0.44908822564523065
v7-pilots_iteration2-utility_restoration-large-high-high-high-grid-private_fragmented-774107-always_act-event_triggered,utility_restoration,large,high,high,high,grid,private_fragmented,event_triggered,774107,always_act,95,UTL-30-zone_operator,U07,isolate_component,request_peer_evidence,send_targeted_summary,execute_autonomously,True,False,0.0,False,False,False,0.4975663624272938,0.32130575154160634,0.8025584720110442,0.8170493021865662,0.0,0.7819427046133495,0.782359469919577,0.0002044256219974061,0.00020960783699519592,0.00011184490642912603,0.0,0.9997955743780026,0.8333333333333333,-0.06395586778010287,-0.006739459204699427,3,6,0.4300643957500558,0.4975663624272938,0.39479841699505125,0.4443463502316564,0.37564453888613003,0.3458761645910884
v7-pilots_iteration2-utility_restoration-large-high-high-high-grid-private_fragmented-774107-always_act-event_triggered,utility_restoration,large,high,high,high,grid,private_fragmented,event_triggered,774107,always_act,95,UTL-31-crew_dispatch,U12,dispatch_repair_crew,request_peer_evidence,send_targeted_summary,execute_autonomously,False,False,0.0,False,False,False,0.7329470800815687,0.04018700850024998,0.8691683788359179,0.610294149312081,0.0,0.9625489418504984,0.9626752183392885,0.0006478061212094044,0.00047996036974939926,0.000555486262128535,0.0,0.9993521938787906,0.8333333333333333,0.06815671496279407,-0.015673441621664286,3,6,0.4604726030626329,0.7329470800815687,0.5347229960649453,0.585654441728935,0.47450444030092553,0.38740199098259803
v7-pilots_iteration2-utility_restoration-large-high-high-high-grid-private_fragmented-774107-always_act-event_triggered,utility_restoration,large,high,high,high,grid,private_fragmented,event_triggered,774107,always_act,95,UTL-32-cyber_defense,U17,isolate_component,no_information_action,no_communication_action,execute_autonomously,True,False,0.0,False,False,False,0.782643920886861,0.220711928909128,1.0,0.8544946796687127,0.0,0.8205332326654062,0.8393234806603989,0.010002902945809522,0.009885349860513815,0.005798179329785547,0.0,0.9899970970541905,0.8333333333333333,-0.05063599549646325,0.004605396987558907,3,6,0.5359776562220238,0.782643920886861,0.5321949406452293,0.5867603248110216,0.49537711343914825,0.4424739197795675
v7-pilots_iteration2-utility_restoration-large-high-high-high-grid-private_fragmented-774107-always_act-event_triggered,utility_restoration,large,high,high,high,grid,private_fragmented,event_triggered,774107,always_act,95,UTL-33-communications,U22,no_operational_action,no_information_action,no_communication_action,execute_autonomously,False,False,0.0,False,False,False,0.5837969588994547,0.2524157316779455,1.0,1.0,0.0,0.8943492746342481,0.8943527759028145,1.144941949116074e-05,8.201906993687835e-06,1.0760667457643258e-05,0.0,0.9999885505805088,0.8333333333333333,-0.05809520278840852,-0.00022510115519569496,3,6,0.5032909660258147,0.5837969588994547,0.4571221314056315,0.5052453848794068,0.4118613894044376,0.39180753450162287
v7-pilots_iteration2-utility_restoration-large-high-high-high-grid-private_fragmented-774107-always_act-event_triggered,utility_restoration,large,high,high,high,grid,private_fragmented,event_triggered,774107,always_act,95,UTL-34-resource_allocation,U20,dispatch_repair_crew,request_peer_evidence,send_targeted_summary,execute_autonomously,False,False,0.0,False,False,False,0.6619815343478717,0.1332001185804705,0.47516098793190065,0.5889834325012558,0.0,0.9345886538733273,0.9346570772459067,0.00016769064594523986,0.0001396907753293819,0.00012057133641441009,0.0,0.9998323093540548,0.6875,0.0686628932367519,-0.010111653022987999,4,4,0.4312297454785778,0.6619815343478717,0.4986745441118039,0.5492311337635734,0.4155322444261061,0.3455591469545396
v7-pilots_iteration2-utility_restoration-large-high-high-high-grid-private_fragmented-774107-always_act-event_triggered,utility_restoration,large,high,high,high,grid,private_fragmented,event_triggered,774107,always_act,95,UTL-35-critical_load,U09,no_operational_action,no_information_action,no_communication_action,execute_autonomously,False,False,0.0,False,False,False,0.849129093961992,0.15783472195177137,0.9898780214374158,0.7853231310842529,0.0,0.9140302086965587,0.9148286100351052,0.004048620698171801,0.0038927006186757485,0.0020099983733791182,0.0,0.9959513793018282,0.6875,-0.004992402953052366,-0.004608225516572251,4,4,0.541981443407298,0.849129093961992,0.5738272587363771,0.6252774801319674,0.49413421946403663,0.42477164753985275
v7-pilots_iteration2-utility_restoration-large-high-high-high-grid-private_fragmented-774107-always_act-event_triggered,utility_restoration,large,high,high,high,grid,private_fragmented,event_triggered,774107,always_act,95,UTL-36-zone_operator,U07,isolate_component,request_peer_evidence,send_targeted_summary,execute_autonomously,True,False,0.0,False,False,False,0.6912624952698005,0.11625232386013276,0.5937523572459098,0.2622319977297279,0.0,0.9430190640839733,0.9429018817799975,9.40076031377135e-05,7.543349549998801e-05,7.072107458039323e-05,0.0,0.9999059923968623,0.7430555555555556,0.06266725684167995,-0.003934700942596625,4,5,0.3627649278468669,0.6912624952698005,0.5123913747733063,0.5642681549149939,0.43894135912442733,0.32170402595212194
v7-pilots_iteration2-utility_restoration-large-high-high-high-grid-private_fragmented-774107-always_act-event_triggered,utility_restoration,large,high,high,high,grid,private_fragmented,event_triggered,774107,always_act,95,UTL-37-crew_dispatch,U12,dispatch_repair_crew,no_information_action,no_communication_action,execute_autonomously,False,False,0.0,False,False,False,0.5462341935827666,0.2432665024695831,1.0,0.8384228746736759,0.0,0.828202451706036,0.8289927762663215,0.0006002817744232836,0.0005526564781769272,0.000372508663707638,0.0,0.9993997182255767,0.7430555555555556,-0.06528188449263816,-0.009549843242524392,4,5,0.4517411157398229,0.5462341935827666,0.42638468484380826,0.47685862963345144,0.37802947241587304,0.3506815639567548
v7-pilots_iteration2-utility_restoration-large-high-high-high-grid-private_fragmented-774107-always_act-event_triggered,utility_restoration,large,high,high,high,grid,private_fragmented,event_triggered,774107,always_act,95,UTL-38-cyber_defense,U17,restore_communication_relay,no_information_action,no_communication_action,execute_autonomously,True,False,0.0,False,False,False,0.8003288258019883,0.1884203266398105,1.0,0.8295951227902274,0.0,0.896267352151668,0.8966885735772148,0.000394029914845051,0.00036068989962600995,0.00021975452974043463,0.0,0.999605970085155,0.8333333333333333,-0.05558898312361871,-0.0037906840741296355,3,6,0.5360146302423306,0.8003288258019883,0.5447500102394954,0.5953544991490007,0.5028047735035017,0.4323138235367234
v7-pilots_iteration2-utility_restoration-large-high-high-high-grid-private_fragmented-774107-always_act-event_triggered,utility_restoration,large,high,high,high,grid,private_fragmented,event_triggered,774107,always_act,95,UTL-39-communications,U22,dispatch_repair_crew,no_information_action,no_communication_action,execute_autonomously,False,False,0.0,False,False,False,0.5797094772453807,0.27194942252251175,0.6873341281331038,0.34663448579300044,0.0,0.8929012582181319,0.8930326716115221,9.361940308416639e-05,7.205093802009621e-05,7.391091160857677e-05,0.0,0.9999063805969158,0.8333333333333333,-0.016054501831166634,-0.00683373796624176,3,6,0.34509349885374957,0.5797094772453807,0.45524017261700306,0.5030897668445147,0.41014464710972653,0.3123340041195144
v7-pilots_iteration2-utility_restoration-large-high-high-high-grid-private_fragmented-774107-always_act-event_triggered,utility_restoration,large,high,high,high,grid,private_fragmented,event_triggered,774107,always_act,95,UTL-40-resource_allocation,U20,dispatch_repair_crew,request_peer_evidence,send_targeted_summary,execute_autonomously,False,False,0.0,False,False,False,0.7115166748640601,0.0966361479979928,0.3628930225980589,0.42619488276718537,0.0,0.955844976329814,0.9558657492113474,3.925801576176724e-05,3.0081754162303298e-05,2.9025493585077555e-05,0.0,0.9999607419842382,0.7916666666666666,0.047122238109040815,-0.002973751688764348,3,5,0.409002441317905,0.7115166748640601,0.5236228752501441,0.5750763070730737,0.4571703367762386,0.35332000909759587
v7-pilots_iteration2-utility_restoration-large-high-high-high-grid-private_fragmented-774107-always_act-event_triggered,utility_restoration,large,high,high,high,grid,private_fragmented,event_triggered,774107,always_act,95,UTL-41-critical_load,U09,no_operational_action,no_information_action,no_communication_action,execute_autonomously,False,False,0.0,False,False,False,0.8466866132028676,0.15956560721615443,0.8008501912388781,0.5112327772963733,0.0,0.9263769512846036,0.9265516772221124,0.0003234253440443924,0.0003133766935841109,0.00015729763242022798,0.0,0.9996765746559556,0.7916666666666666,0.053637274575654925,-0.00494064905494096,3,5,0.4753693150401046,0.8466866132028676,0.5707216785839601,0.6216505729488038,0.5139417108785378,0.40160788789079144
v7-pilots_iteration2-utility_restoration-large-high-high-high-grid-private_fragmented-774107-always_act-event_triggered,utility_restoration,large,high,high,high,grid,private_fragmented,event_triggered,774107,always_act,95,UTL-42-zone_operator,U07,isolate_component,request_peer_evidence,send_targeted_summary,execute_autonomously,True,False,0.0,False,False,False,0.7400043306719843,0.06652044453813935,0.4759740226242508,0.45082999229106735,0.0,0.9573631145088012,0.9574203868213811,0.0002787969943202073,0.00024429581732643424,0.00017884843680782136,0.0,0.9997212030056798,0.7430555555555556,0.03029601944864968,-0.0010548055423542646,4,5,0.4246006705783309,0.7400043306719843,0.5357328266880423,0.5881618059719758,0.4594129299933445,0.35814338754451525
v7-pilots_iteration2-utility_restoration-large-high-high-high-grid-private_fragmented-774107-always_act-event_triggered,utility_restoration,large,high,high,high,grid,private_fragmented,event_triggered,774107,always_act,95,UTL-43-crew_dispatch,U12,dispatch_repair_crew,request_peer_evidence,send_targeted_summary,execute_autonomously,False,False,0.0,False,False,False,0.7143006147049253,0.07079352413304693,0.8774376136520998,0.6222845397955448,0.0,0.9385097852207914,0.9440720032297056,0.010309015561153712,0.009045361665465879,0.0061389488864255215,0.0,0.9896909844388463,0.7430555555555556,0.04159259372964197,0.0004484324282995056,4,5,0.45701049855060544,0.7143006147049253,0.5347803139727832,0.5868602578841554,0.44861736928717977,0.38053201757663396
v7-pilots_iteration2-utility_restoration-large-high-high-high-grid-private_fragmented-774107-always_act-event_triggered,utility_restoration,large,high,high,high,grid,private_fragmented,event_triggered,774107,always_act,95,UTL-44-cyber_defense,U17,restore_communication_relay,no_information_action,no_communication_action,execute_autonomously,True,False,0.0,False,False,False,0.7875963198058958,0.1944081801736812,1.0,0.8999929151575803,0.0,0.8803236653854827,0.8939469825430028,0.011200667253881691,0.008140284586698798,0.010125125968200144,0.0,0.9887993327461183,0.7430555555555556,-0.04588660647055243,0.006834007461131497,4,5,0.5485810483718239,0.7875963198058958,0.5508003784241634,0.5975075341277563,0.47940156542958734,0.44126885076481337
v7-pilots_iteration2-utility_restoration-large-high-high-high-grid-private_fragmented-774107-always_act-event_triggered,utility_restoration,large,high,high,high,grid,private_fragmented,event_triggered,774107,always_act,95,UTL-45-communications,U22,dispatch_repair_crew,request_peer_evidence,send_targeted_summary,execute_autonomously,False,True,0.0,False,False,False,0.7087542396620912,0.028951812325432424,0.8378984372107631,0.5649527339556064,0.0,0.9199356756911905,0.9201309781843577,0.00024532444643632356,0.00019480954066253275,0.00018104571436738937,0.0,0.9997546755535637,0.7430555555555556,0.001139056600765076,-0.002627718794675271,4,5,0.4413650976344566,0.7087542396620912,0.5138290690126449,0.567174965231141,0.44628789176918937,0.36306431747774753
v7-pilots_iteration2-utility_restoration-large-high-high-high-grid-private_fragmented-774107-always_act-event_triggered,utility_restoration,large,high,high,high,grid,private_fragmented,event_triggered,774107,always_act,95,UTL-46-resource_allocation,U20,dispatch_repair_crew,no_information_action,no_communication_action,execute_autonomously,False,True,0.0,False,False,False,0.5860456261688576,0.23571353746977222,0.3438058693460285,0.3985185105517413,0.0,0.8805436186875479,0.8810579303163498,0.0006499728846710573,0.0004666329285664128,0.0006255572399621601,0.0,0.9993500271153289,0.875,0.025464014108299904,-0.011633895426175878,2,6,0.3596999554298295,0.5860456261688576,0.45546411717796953,0.5049307990071643,0.4211391629909202,0.3262978645142668
v7-pilots_iteration2-utility_restoration-large-high-high-high-grid-private_fragmented-774107-always_act-event_triggered,utility_restoration,large,high,high,high,grid,private_fragmented,event_triggered,774107,always_act,95,UTL-47-critical_load,U09,no_operational_action,no_information_action,no_communication_action,execute_autonomously,False,False,0.0,False,False,False,0.8518005119246674,0.23482576675396116,0.8425830674867552,0.571745447855795,0.0,0.8732510568744648,0.8731380671924093,0.000143648980914457,0.00011883183171468303,0.00012433638761377708,0.0,0.9998563510190855,0.875,-0.03669582681936823,-0.005098954627492991,2,6,0.49163108153977775,0.8518005119246674,0.5592340775617635,0.6108755201606347,0.5327562150083603,0.4210006137477689
v7-pilots_iteration2-utility_restoration-large-high-high-high-grid-private_fragmented-774107-always_act-event_triggered,utility_restoration,large,high,high,high,grid,private_fragmented,event_triggered,774107,always_act,95,UTL-48-zone_operator,U07,isolate_component,request_peer_evidence,send_targeted_summary,execute_autonomously,True,True,-0.036312447822214614,True,False,True,0.5265186180372097,0.3363543012293599,0.8604149274071539,0.8244981752898977,0.0,0.8481035814569492,0.8550309335525835,0.0031034239895756377,0.002638326513114797,0.0024834206717688767,0.0,0.9968965760104244,0.8333333333333333,-0.05357342918912644,-0.00238953509797335,3,6,0.44169589220222677,0.5265186180372097,0.4269781361645271,0.47252817220605076,0.3878044862422947,0.35759601221243265
v7-pilots_iteration2-utility_restoration-large-high-high-high-grid-private_fragmented-774107-always_act-event_triggered,utility_restoration,large,high,high,high,grid,private_fragmented,event_triggered,774107,always_act,95,UTL-49-crew_dispatch,U12,dispatch_repair_crew,request_peer_evidence,send_targeted_summary,execute_autonomously,False,False,0.0,False,False,False,0.6937474285021094,0.07980614779186146,0.7654597408142929,0.45991662418072465,0.0,0.9438228803494082,0.9440204154157708,0.0003616913937255495,0.0003079738366307261,0.00022175825083070588,0.0,0.9996383086062745,0.8333333333333333,0.006132716033548591,-0.011379625861053122,3,6,0.41105411549409115,0.6937474285021094,0.5139610594394115,0.5651717151857827,0.45804058663755254,0.3580855464242147
v7-pilots_iteration2-utility_restoration-large-high-high-high-grid-private_fragmented-774107-always_act-event_triggered,utility_restoration,large,high,high,high,grid,private_fragmented,event_triggered,774107,always_act,95,UTL-50-cyber_defense,U17,restore_communication_relay,request_peer_evidence,send_targeted_summary,execute_autonomously,True,True,-0.0405,True,False,True,0.7572986580734473,0.039126534605696456,1.0,0.9786615759088668,0.0,0.9248916702476464,0.9254325199822471,0.0005893084038574026,0.000572837199874221,0.0003036875087966129,0.0,0.9994106915961426,0.8333333333333333,-0.010721630238063828,-0.005407205597135034,3,6,0.5571603219631001,0.7572986580734473,0.534967412556691,0.5893077525969123,0.4847321030575146,0.4383173150931923
v7-pilots_iteration2-utility_restoration-large-high-high-high-grid-private_fragmented-774107-always_act-event_triggered,utility_restoration,large,high,high,high,grid,private_fragmented,event_triggered,774107,always_act,95,UTL-51-communications,U22,dispatch_repair_crew,no_information_action,no_communication_action,execute_autonomously,False,False,0.0,False,False,False,0.6236160542333213,0.19319416588472302,0.8607112176049594,0.5980312655271911,0.0,0.8992453720497041,0.8992453785310898,6.883977499150262e-09,6.484555448160734e-09,3.885458732533209e-09,0.0,0.9999999931160225,0.8333333333333333,0.0920415114195251,-1.5457085755787858e-07,3,6,0.42035696216585516,0.6236160542333213,0.47425777434332306,0.5260162447788965,0.4285854094446616,0.35470958632154187
