run_id,application,complexity,coupling,fragmentation,network_disruption,topology_family,information_condition,sketch_policy,environment_seed,controller,step,agent_id,target,proposed_operational_action,information_action,communication_action,delegation_action,accepted_physical_action,counterfactual_evaluated,counterfactual_causal_utility,counterfactual_action_accepted,counterfactual_beneficial,counterfactual_harmful,predictive_uncertainty,action_value_margin,severity,safety_risk,resource_scarcity,shannon_local,pooled_uncertainty,js_disagreement,jt_disagreement_0_5,jt_disagreement_2,graph_disagreement,consensus,consensus_residual,entropy_slope,disagreement_slope,distributed_contributor_count,distributed_missing_agent_count,risk_kpi_confidence,risk_predictive_uncertainty,risk_shannon_js,risk_generalized_tsallis_gini,risk_graph_disagreement,risk_combined_generalized_entropic
v7-pilots_iteration2-utility_restoration-medium-low-high-medium-modular-private_fragmented-774105-always_act-event_triggered,utility_restoration,medium,low,high,medium,modular,private_fragmented,event_triggered,774105,always_act,0,UTL-00-zone_operator,U00,dispatch_repair_crew,request_peer_evidence,negotiate_commitment,execute_autonomously,True,True,-0.019029718882437378,True,False,True,0.7059299647713604,0.019423004223343754,0.2843239627479126,0.4122697459844733,0.0,0.8939593478904395,0.8939593478904395,0.0,0.0,0.0,0.0,1.0,0.8,0.0,0.0,1,4,0.3893609270585362,0.7059299647713604,0.505861822881154,0.5608020659476265,0.4564905852039714,0.3511327596541177
v7-pilots_iteration2-utility_restoration-medium-low-high-medium-modular-private_fragmented-774105-always_act-event_triggered,utility_restoration,medium,low,high,medium,modular,private_fragmented,event_triggered,774105,always_act,0,UTL-01-crew_dispatch,U05,no_operational_action,no_information_action,no_communication_action,execute_autonomously,False,False,0.0,False,False,False,0.47390671028993414,0.39528723769362833,0.31081518961227916,0.4506820249378048,0.0,0.7622161029626793,0.7622161029626793,0.0,0.0,0.0,0.0,1.0,0.8,0.0,0.0,1,4,0.3196919674836508,0.47390671028993414,0.3801167098566435,0.4297884753496882,0.35904081832177237,0.29077572187371814
v7-pilots_iteration2-utility_restoration-medium-low-high-medium-modular-private_fragmented-774105-always_act-event_triggered,utility_restoration,medium,low,high,medium,modular,private_fragmented,event_triggered,774105,always_act,0,UTL-02-cyber_defense,U02,no_operational_action,request_peer_evidence,send_targeted_summary,execute_autonomously,False,False,0.0,False,False,False,0.6850780345588636,0.09946001289580178,0.0,0.0,0.0,0.9162718139272088,0.9162718139272088,0.0,0.0,0.0,0.0,1.0,0.8333333333333334,0.0,0.0,1,5,0.28332653175001365,0.6850780345588636,0.5030991673053476,0.5570654128246346,0.4543994411813894,0.30015518300981514
v7-pilots_iteration2-utility_restoration-medium-low-high-medium-modular-private_fragmented-774105-always_act-event_triggered,utility_restoration,medium,low,high,medium,modular,private_fragmented,event_triggered,774105,always_act,0,UTL-03-communications,U03,deploy_mobile_generation,request_peer_evidence,negotiate_commitment,execute_autonomously,True,True,-0.010499999999999999,True,False,True,0.6374984254682239,0.038419816650197,0.0,0.0,0.0,0.7721129354894025,0.7721129354894025,0.0,0.0,0.0,0.0,1.0,0.8,0.0,0.0,1,4,0.26714946465919615,0.6374984254682239,0.4480276040596402,0.5132420362097794,0.42774933869665405,0.2824995591311027
v7-pilots_iteration2-utility_restoration-medium-low-high-medium-modular-private_fragmented-774105-always_act-event_triggered,utility_restoration,medium,low,high,medium,modular,private_fragmented,event_triggered,774105,always_act,0,UTL-04-resource_allocation,U04,no_operational_action,request_peer_evidence,send_targeted_summary,execute_autonomously,False,False,0.0,False,False,False,0.7185916659396948,0.004597826370577818,0.0,0.0,0.0,0.9098397866972883,0.9098397866972883,0.0,0.0,0.0,0.0,1.0,0.8,0.0,0.0,1,4,0.2947211664194963,0.7185916659396948,0.5148966130502,0.5695663048181628,0.46180849969467186,0.3052056664631146
v7-pilots_iteration2-utility_restoration-medium-low-high-medium-modular-private_fragmented-774105-always_act-event_triggered,utility_restoration,medium,low,high,medium,modular,private_fragmented,event_triggered,774105,always_act,0,UTL-05-critical_load,U01,no_operational_action,request_peer_evidence,send_targeted_summary,execute_autonomously,False,False,0.0,False,False,False,0.7263671067908535,0.05772924770273702,0.022273470528387008,0.032296532266161165,0.0,0.9632116383732199,0.9632116383732199,0.0,0.0,0.0,0.0,1.0,0.8,0.0,0.0,1,4,0.30511598405276885,0.7263671067908535,0.5313497523096464,0.5823330481133864,0.46507418485215846,0.31125837377337834
v7-pilots_iteration2-utility_restoration-medium-low-high-medium-modular-private_fragmented-774105-always_act-event_triggered,utility_restoration,medium,low,high,medium,modular,private_fragmented,event_triggered,774105,always_act,0,UTL-06-zone_operator,U02,dispatch_repair_crew,request_peer_evidence,negotiate_commitment,execute_autonomously,True,True,-0.012165184572221852,True,False,True,0.6975238458058344,0.06210803303179388,0.05550615240739512,0.08048392099072292,0.0,0.9446702305110793,0.9446702305110793,0.0,0.0,0.0,0.0,1.0,0.8333333333333334,0.0,0.0,1,5,0.30687424861175727,0.6975238458058344,0.5151770959501036,0.5661808378852875,0.45962668190511713,0.31329808067785375
v7-pilots_iteration2-utility_restoration-medium-low-high-medium-modular-private_fragmented-774105-always_act-event_triggered,utility_restoration,medium,low,high,medium,modular,private_fragmented,event_triggered,774105,always_act,0,UTL-07-crew_dispatch,U03,no_operational_action,no_information_action,no_communication_action,execute_autonomously,False,False,0.0,False,False,False,0.35707170853505465,0.41693102493345474,0.0,0.0,0.0,0.5759472266942596,0.5759472266942596,0.0,0.0,0.0,0.0,1.0,0.8,0.0,0.0,1,4,0.1718043809019186,0.35707170853505465,0.2868154900875868,0.3335777904505999,0.309970117584723,0.20398007838981533
v7-pilots_iteration2-utility_restoration-medium-low-high-medium-modular-private_fragmented-774105-always_act-event_triggered,utility_restoration,medium,low,high,medium,modular,private_fragmented,event_triggered,774105,always_act,0,UTL-08-cyber_defense,U00,no_operational_action,request_peer_evidence,send_targeted_summary,execute_autonomously,False,False,0.0,False,False,False,0.548824162944994,0.08458429273573775,0.0,0.0,0.0,0.654677189280119,0.654677189280119,0.0,0.0,0.0,0.0,1.0,0.8,0.0,0.0,1,4,0.23700021540129798,0.548824162944994,0.3831989624980274,0.4508337493213793,0.3905061484368975,0.25767076562459834
v7-pilots_iteration2-utility_restoration-medium-low-high-medium-modular-private_fragmented-774105-always_act-event_triggered,utility_restoration,medium,low,high,medium,modular,private_fragmented,event_triggered,774105,always_act,0,UTL-09-communications,U01,no_operational_action,request_peer_evidence,send_targeted_summary,execute_autonomously,False,False,0.0,False,False,False,0.6155944375811048,0.1325417429032868,0.0,0.0,0.0,0.8375142772125145,0.8375142772125145,0.0,0.0,0.0,0.0,1.0,0.8,0.0,0.0,1,4,0.2597021087775756,0.6155944375811048,0.4556163443355705,0.5121427280697769,0.41854966378406405,0.27636644252270937
v7-pilots_iteration2-utility_restoration-medium-low-high-medium-modular-private_fragmented-774105-always_act-event_triggered,utility_restoration,medium,low,high,medium,modular,private_fragmented,event_triggered,774105,always_act,0,UTL-10-resource_allocation,U02,deploy_mobile_generation,request_peer_evidence,negotiate_commitment,execute_autonomously,True,True,-0.010499999999999999,True,False,True,0.5824316087585935,0.10031675007226237,0.0,0.0,0.0,0.7203701319033075,0.7203701319033075,0.0,0.0,0.0,0.0,1.0,0.8333333333333334,0.0,0.0,1,5,0.2484267469779218,0.5824316087585935,0.4130651764792642,0.48065374414530676,0.41128794234527594,0.27141418378573956
v7-pilots_iteration2-utility_restoration-medium-low-high-medium-modular-private_fragmented-774105-always_act-event_triggered,utility_restoration,medium,low,high,medium,modular,private_fragmented,event_triggered,774105,always_act,0,UTL-11-critical_load,U07,no_operational_action,request_peer_evidence,send_targeted_summary,execute_autonomously,False,False,0.0,False,False,False,0.6337132288457308,0.044493953183129265,0.0,0.0,0.0,0.7501370182277045,0.7501370182277045,0.0,0.0,0.0,0.0,1.0,0.8333333333333334,0.0,0.0,1,5,0.26586249780754845,0.6337132288457308,0.44101954609521843,0.5099224724859922,0.4328262227818736,0.28577303741013793
v7-pilots_iteration2-utility_restoration-medium-low-high-medium-modular-private_fragmented-774105-always_act-event_triggered,utility_restoration,medium,low,high,medium,modular,private_fragmented,event_triggered,774105,always_act,0,UTL-12-zone_operator,U00,no_operational_action,no_information_action,no_communication_action,execute_autonomously,False,False,0.0,False,False,False,0.5772140070885645,0.1910576925164056,0.2294499072504514,0.3327023655131545,0.0,0.8493379238523362,0.8493379238523362,0.0,0.0,0.0,0.0,1.0,0.8,0.0,0.0,1,4,0.3265013301332691,0.5772140070885645,0.44322008379850986,0.4945872526234797,0.4024298829771971,0.30554420584637665
v7-pilots_iteration2-utility_restoration-medium-low-high-medium-modular-private_fragmented-774105-always_act-event_triggered,utility_restoration,medium,low,high,medium,modular,private_fragmented,event_triggered,774105,always_act,0,UTL-13-crew_dispatch,U01,no_operational_action,no_information_action,no_communication_action,execute_autonomously,False,False,0.0,False,False,False,0.4823342009954338,0.3377774228179075,0.0,0.0,0.0,0.7963001834044837,0.7963001834044837,0.0,0.0,0.0,0.0,1.0,0.8,0.0,0.0,1,4,0.2143936283384475,0.4823342009954338,0.39200872624929445,0.43638727244498776,0.3625803644180822,0.23905357627872148
v7-pilots_iteration2-utility_restoration-medium-low-high-medium-modular-private_fragmented-774105-always_act-event_triggered,utility_restoration,medium,low,high,medium,modular,private_fragmented,event_triggered,774105,always_act,0,UTL-14-cyber_defense,U06,isolate_component,request_peer_evidence,send_targeted_summary,execute_autonomously,True,True,-24.6466021697276,True,False,True,0.5899273213548756,0.08761993558482706,0.0,0.0,0.0,0.7461264926921825,0.7461264926921825,0.0,0.0,0.0,0.0,1.0,0.8,0.0,0.0,1,4,0.2509752892606577,0.5899273213548756,0.42250255171499584,0.48596704633582516,0.40776947496904775,0.26917964997936517
v7-pilots_iteration2-utility_restoration-medium-low-high-medium-modular-private_fragmented-774105-always_act-event_triggered,utility_restoration,medium,low,high,medium,modular,private_fragmented,event_triggered,774105,always_act,0,UTL-15-communications,U03,no_operational_action,request_peer_evidence,send_targeted_summary,execute_autonomously,False,False,0.0,False,False,False,0.6184951933109366,0.02326435691296852,0.10309494243468785,0.14948766653029738,0.0,0.7327290961257046,0.7327290961257046,0.0,0.0,0.0,0.0,1.0,0.8,0.0,0.0,1,4,0.29656540569298984,0.6184951933109366,0.4305803513558008,0.49752508553915487,0.4197679811905934,0.29511717411069793
v7-pilots_iteration2-utility_restoration-medium-low-high-medium-modular-private_fragmented-774105-always_act-event_triggered,utility_restoration,medium,low,high,medium,modular,private_fragmented,event_triggered,774105,always_act,0,UTL-16-resource_allocation,U00,no_operational_action,no_information_action,no_communication_action,execute_autonomously,False,False,0.0,False,False,False,0.48869302273330195,0.32911955364466555,0.0,0.0,0.0,0.7599636854161983,0.7599636854161983,0.0,0.0,0.0,0.0,1.0,0.8,0.0,0.0,1,4,0.21655562772932269,0.48869302273330195,0.3854681304473704,0.43657108287968227,0.3652510695479868,0.24083404636532457
v7-pilots_iteration2-utility_restoration-medium-low-high-medium-modular-private_fragmented-774105-always_act-event_triggered,utility_restoration,medium,low,high,medium,modular,private_fragmented,event_triggered,774105,always_act,0,UTL-17-critical_load,U05,no_operational_action,request_peer_evidence,send_targeted_summary,execute_autonomously,False,False,0.0,False,False,False,0.7096574740020059,0.0366077644341134,0.0,0.0,0.0,0.8708616622454264,0.8708616622454264,0.0,0.0,0.0,0.0,1.0,0.8,0.0,0.0,1,4,0.29168354116068207,0.7096574740020059,0.501578405162159,0.558180181235433,0.4580561390808425,0.30270409272056165
v7-pilots_iteration2-utility_restoration-medium-low-high-medium-modular-private_fragmented-774105-always_act-event_triggered,utility_restoration,medium,low,high,medium,modular,private_fragmented,event_triggered,774105,always_act,0,UTL-18-zone_operator,U02,isolate_component,request_peer_evidence,send_targeted_summary,execute_autonomously,True,False,0.0,False,False,False,0.5592299439825981,0.037419188843427764,0.16777139237906655,0.2432685189496465,0.0,0.6764332691902487,0.6764332691902487,0.0,0.0,0.0,0.0,1.0,0.8333333333333334,0.0,0.0,1,5,0.29892262550199855,0.5592299439825981,0.3928002948906014,0.4524467370883015,0.40154324313935785,0.2941099399224184
v7-pilots_iteration2-utility_restoration-medium-low-high-medium-modular-private_fragmented-774105-always_act-event_triggered,utility_restoration,medium,low,high,medium,modular,private_fragmented,event_triggered,774105,always_act,0,UTL-19-crew_dispatch,U03,no_operational_action,request_peer_evidence,send_targeted_summary,execute_autonomously,False,False,0.0,False,False,False,0.726507276950712,0.09169355941667079,0.15553058346379997,0.22551934602250995,0.0,0.832119461542112,0.832119461542112,0.0,0.0,0.0,0.0,1.0,0.8,0.0,0.0,1,4,0.35153711720864456,0.726507276950712,0.4986327761658128,0.5598632105894762,0.4651330563192991,0.3344843590689006
v7-pilots_iteration2-utility_restoration-medium-low-high-medium-modular-private_fragmented-774105-always_act-event_triggered,utility_restoration,medium,low,high,medium,modular,private_fragmented,event_triggered,774105,always_act,0,UTL-20-cyber_defense,U04,restore_communication_relay,request_peer_evidence,send_targeted_summary,execute_autonomously,True,True,-0.010499999999999999,True,False,True,0.6579474121229923,0.04036265775161724,0.0,0.0,0.0,0.747534577578105,0.747534577578105,0.0,0.0,0.0,0.0,1.0,0.8,0.0,0.0,1,4,0.27410212012181745,0.6579474121229923,0.4500626092437232,0.5194184972387974,0.4363379130916568,0.2882252753944379
v7-pilots_iteration2-utility_restoration-medium-low-high-medium-modular-private_fragmented-774105-always_act-event_triggered,utility_restoration,medium,low,high,medium,modular,private_fragmented,event_triggered,774105,always_act,0,UTL-21-communications,U01,isolate_component,request_peer_evidence,send_targeted_summary,execute_autonomously,True,False,0.0,False,False,False,0.7005836820517745,0.009315977979853063,0.06928287455955252,0.10046016811135117,0.0,0.9055329232915745,0.9055329232915745,0.0,0.0,0.0,0.0,1.0,0.8,0.0,0.0,1,4,0.31270889224432763,0.7005836820517745,0.5066167036436034,0.5602041396537616,0.4542451464617453,0.312218651147859
v7-pilots_iteration2-utility_restoration-medium-low-high-medium-modular-private_fragmented-774105-always_act-event_triggered,utility_restoration,medium,low,high,medium,modular,private_fragmented,event_triggered,774105,always_act,0,UTL-22-resource_allocation,U02,no_operational_action,request_peer_evidence,send_targeted_summary,execute_autonomously,False,False,0.0,False,False,False,0.7160948272505521,0.03574779171708861,0.12537811280990133,0.1817982635743569,0.0,0.869784069319596,0.869784069319596,0.0,0.0,0.0,0.0,1.0,0.8333333333333334,0.0,0.0,1,5,0.3375038245230334,0.7160948272505521,0.5038839482301198,0.5644157798122801,0.4674264941118985,0.3306556765924108
v7-pilots_iteration2-utility_restoration-medium-low-high-medium-modular-private_fragmented-774105-always_act-event_triggered,utility_restoration,medium,low,high,medium,modular,private_fragmented,event_triggered,774105,always_act,0,UTL-23-critical_load,U03,no_operational_action,request_peer_evidence,send_targeted_summary,execute_autonomously,False,False,0.0,False,False,False,0.6411725438955,0.009063811615557249,0.0,0.0,0.0,0.8042342664619724,0.8042342664619724,0.0,0.0,0.0,0.0,1.0,0.8,0.0,0.0,1,4,0.26839866492447007,0.6411725438955,0.4575275841736931,0.5159120425665344,0.42929246843611,0.28352831229074005
v7-pilots_iteration2-utility_restoration-medium-low-high-medium-modular-private_fragmented-774105-always_act-event_triggered,utility_restoration,medium,low,high,medium,modular,private_fragmented,event_triggered,774105,always_act,0,UTL-24-zone_operator,U00,no_operational_action,no_information_action,no_communication_action,execute_autonomously,False,False,0.0,False,False,False,0.494751084745792,0.18947420368527856,0.0,0.0,0.0,0.6816729640983962,0.6816729640983962,0.0,0.0,0.0,0.0,1.0,0.8,0.0,0.0,1,4,0.2186153688135693,0.494751084745792,0.3683186749229158,0.4258292317595509,0.3677954555932327,0.24253030372882178
v7-pilots_iteration2-utility_restoration-medium-low-high-medium-modular-private_fragmented-774105-always_act-event_triggered,utility_restoration,medium,low,high,medium,modular,private_fragmented,event_triggered,774105,always_act,0,UTL-25-crew_dispatch,U01,dispatch_repair_crew,request_peer_evidence,send_targeted_summary,execute_autonomously,True,False,0.0,False,False,False,0.9374573096000767,0.055289031286013146,0.0,0.0,0.0,0.8630468854544616,0.8630468854544616,0.0,0.0,0.0,0.0,1.0,0.8,0.0,0.0,1,4,0.36913548526402606,0.9374573096000767,0.5907446452036461,0.6466855883278568,0.5537320700320323,0.3664880466880215
v7-pilots_iteration2-utility_restoration-medium-low-high-medium-modular-private_fragmented-774105-always_act-event_triggered,utility_restoration,medium,low,high,medium,modular,private_fragmented,event_triggered,774105,always_act,0,UTL-26-cyber_defense,U02,no_operational_action,no_information_action,no_communication_action,execute_autonomously,False,False,0.0,False,False,False,0.5565406496310311,0.20852250126456034,0.0,0.0,0.0,0.8137312563377649,0.8137312563377649,0.0,0.0,0.0,0.0,1.0,0.8333333333333334,0.0,0.0,1,5,0.23962382087455059,0.5565406496310311,0.42604907393685365,0.4802362296929882,0.4004137395116998,0.26416471523002205
v7-pilots_iteration2-utility_restoration-medium-low-high-medium-modular-private_fragmented-774105-always_act-event_triggered,utility_restoration,medium,low,high,medium,modular,private_fragmented,event_triggered,774105,always_act,0,UTL-27-communications,U07,no_operational_action,no_information_action,no_communication_action,execute_autonomously,False,False,0.0,False,False,False,0.5729079952995375,0.14512944134803335,0.0074145356571224215,0.010751076702827512,0.0,0.7779052185064167,0.7779052185064167,0.0,0.0,0.0,0.0,1.0,0.8333333333333334,0.0,0.0,1,5,0.24776897681052137,0.5729079952995375,0.42363950274641915,0.4830337742058099,0.40728802469247244,0.27003770122154314
v7-pilots_iteration2-utility_restoration-medium-low-high-medium-modular-private_fragmented-774105-always_act-event_triggered,utility_restoration,medium,low,high,medium,modular,private_fragmented,event_triggered,774105,always_act,4,UTL-00-zone_operator,U04,no_operational_action,request_peer_evidence,send_targeted_summary,execute_autonomously,False,False,0.0,False,False,False,0.7032008502395233,0.03161708813564623,0.5155518443582243,0.19755017431942523,0.6666666666666667,0.9331931185345653,0.9434851183971581,0.06780631015097638,0.06762210804441549,0.039838986864456416,0.08415575072314319,0.9321936898490236,0.65,0.0,0.0,2,3,0.49956699758476664,0.7032008502395233,0.6095074539408175,0.6676376578776904,0.5532610981997774,0.4263814297440027
v7-pilots_iteration2-utility_restoration-medium-low-high-medium-modular-private_fragmented-774105-always_act-event_triggered,utility_restoration,medium,low,high,medium,modular,private_fragmented,event_triggered,774105,always_act,4,UTL-01-crew_dispatch,U09,no_operational_action,request_peer_evidence,send_targeted_summary,execute_autonomously,False,False,0.0,False,False,False,0.7007821667912257,0.0625364445649183,0.14530079153913572,0.2106861477317468,0.6666666666666667,0.9322133803892705,0.9322133803892705,0.0,0.0,0.0,0.0,1.0,0.8,0.0,0.0,1,4,0.5018972788313028,0.7007821667912257,0.5133662118138079,0.5661972159223433,0.45432851005231484,0.32550134442935286
v7-pilots_iteration2-utility_restoration-medium-low-high-medium-modular-private_fragmented-774105-always_act-event_triggered,utility_restoration,medium,low,high,medium,modular,private_fragmented,event_triggered,774105,always_act,4,UTL-02-cyber_defense,U10,no_operational_action,request_peer_evidence,send_targeted_summary,execute_autonomously,False,False,0.0,False,False,False,0.6387841340976073,0.106858399200223,0.17212768664965725,0.24958514564200301,0.6666666666666667,0.8866391806804671,0.8866391806804671,0.0,0.0,0.0,0.0,1.0,0.8,0.0,0.0,1,4,0.4901537072139339,0.6387841340976073,0.4771734488091597,0.5300652326634856,0.4282893363209951,0.3128097750243704
v7-pilots_iteration2-utility_restoration-medium-low-high-medium-modular-private_fragmented-774105-always_act-event_triggered,utility_restoration,medium,low,high,medium,modular,private_fragmented,event_triggered,774105,always_act,4,UTL-03-communications,U07,no_operational_action,no_information_action,no_communication_action,execute_autonomously,False,False,0.0,False,False,False,0.5304721889435946,0.28950671071189127,0.44746193163121073,0.09881980086525549,0.6666666666666667,0.8405109810161262,0.8405109810161262,0.0,0.0,0.0,0.0,1.0,0.8333333333333334,0.0,0.0,1,5,0.41714396311515023,0.5304721889435946,0.42231662083146937,0.4694035424704339,0.3894649860229764,0.26872392234137055
v7-pilots_iteration2-utility_restoration-medium-low-high-medium-modular-private_fragmented-774105-always_act-event_triggered,utility_restoration,medium,low,high,medium,modular,private_fragmented,event_triggered,774105,always_act,4,UTL-04-resource_allocation,U08,no_operational_action,request_peer_evidence,send_targeted_summary,execute_autonomously,False,False,0.0,False,False,False,0.6553447212544137,0.07111159622301039,0.03175798968808298,0.04604908504772032,0.6666666666666667,0.8866757312122543,0.8866757312122543,0.0,0.0,0.0,0.0,1.0,0.8333333333333334,0.0,0.0,1,5,0.4469356523046203,0.6553447212544137,0.4838068213048291,0.5374573095505102,0.4419114495935204,0.29735574549029564
v7-pilots_iteration2-utility_restoration-medium-low-high-medium-modular-private_fragmented-774105-always_act-event_triggered,utility_restoration,medium,low,high,medium,modular,private_fragmented,event_triggered,774105,always_act,4,UTL-05-critical_load,U09,no_operational_action,request_peer_evidence,send_targeted_summary,execute_autonomously,False,False,0.0,False,False,False,0.6066887102627114,0.12985417746215894,0.0,0.0,0.6666666666666667,0.8357133388163915,0.8357133388163915,0.0,0.0,0.0,0.0,1.0,0.8,0.0,0.0,1,4,0.4193408281559886,0.6066887102627114,0.45160381880918243,0.5068290261423186,0.4148092583103388,0.27387283887355923
v7-pilots_iteration2-utility_restoration-medium-low-high-medium-modular-private_fragmented-774105-always_act-event_triggered,utility_restoration,medium,low,high,medium,modular,private_fragmented,event_triggered,774105,always_act,4,UTL-06-zone_operator,U06,isolate_component,request_peer_evidence,negotiate_commitment,execute_autonomously,True,True,-0.02424499022155583,True,False,True,0.6553664360778781,0.03537815906550579,0.4581663407185277,0.11434119404186512,0.6666666666666667,0.8141825251474817,0.8141825251474817,0.0,0.0,0.0,0.0,1.0,0.8,0.0,0.0,1,4,0.46333314150319294,0.6553664360778781,0.46569220571802167,0.5280158655579377,0.43525390315270884,0.3012235453868297
v7-pilots_iteration2-utility_restoration-medium-low-high-medium-modular-private_fragmented-774105-always_act-event_triggered,utility_restoration,medium,low,high,medium,modular,private_fragmented,event_triggered,774105,always_act,4,UTL-07-crew_dispatch,U07,no_operational_action,request_peer_evidence,send_targeted_summary,execute_autonomously,False,False,0.0,False,False,False,0.6845876649649967,0.0777617263791105,0.5605303732785346,0.2627690412538751,0.6666666666666667,0.915465567622889,0.915465567622889,0.0,0.0,0.0,0.0,1.0,0.8333333333333334,0.0,0.0,1,5,0.5088910426556956,0.6845876649649967,0.5027014578917209,0.5562494055420164,0.4541934859519653,0.33155016447399743
v7-pilots_iteration2-utility_restoration-medium-low-high-medium-modular-private_fragmented-774105-always_act-event_triggered,utility_restoration,medium,low,high,medium,modular,private_fragmented,event_triggered,774105,always_act,4,UTL-08-cyber_defense,U08,no_operational_action,request_peer_evidence,send_targeted_summary,execute_autonomously,False,False,0.0,False,False,False,0.6595795431133853,0.07141961103646471,0.03298799033476691,0.04783258598541202,0.6666666666666667,0.8821317108845536,0.8821317108845536,0.0,0.0,0.0,0.0,1.0,0.8333333333333334,0.0,0.0,1,5,0.44880353196171663,0.6595795431133853,0.4843647449664925,0.5393764475201182,0.4436900747742885,0.2987555157233307
v7-pilots_iteration2-utility_restoration-medium-low-high-medium-modular-private_fragmented-774105-always_act-event_triggered,utility_restoration,medium,low,high,medium,modular,private_fragmented,event_triggered,774105,always_act,4,UTL-09-communications,U05,reconfigure_service_edge,no_information_action,negotiate_commitment,execute_autonomously,True,True,-0.010499999999999999,True,False,True,0.6409057072784382,0.14708032888727296,0.0,0.0,0.6666666666666667,0.8832290010245163,0.8832290010245163,0.0,0.0,0.0,0.0,1.0,0.8,0.0,0.0,1,4,0.43097460714133573,0.6409057072784382,0.4771695331675044,0.5318241839612667,0.42918039705694405,0.2834535980379627
v7-pilots_iteration2-utility_restoration-medium-low-high-medium-modular-private_fragmented-774105-always_act-event_triggered,utility_restoration,medium,low,high,medium,modular,private_fragmented,event_triggered,774105,always_act,4,UTL-10-resource_allocation,U06,no_operational_action,request_peer_evidence,send_targeted_summary,execute_autonomously,False,False,0.0,False,False,False,0.743044189250867,0.04091294171813248,0.5331095264374753,0.22300881333433914,0.6666666666666667,0.9639665628680343,0.9639665628680343,0.0,0.0,0.0,0.0,1.0,0.8,0.0,0.0,1,4,0.5192238062122029,0.743044189250867,0.5382093164173554,0.5896012876173956,0.47207855948536415,0.3388134305903635
v7-pilots_iteration2-utility_restoration-medium-low-high-medium-modular-private_fragmented-774105-always_act-event_triggered,utility_restoration,medium,low,high,medium,modular,private_fragmented,event_triggered,774105,always_act,4,UTL-11-critical_load,U11,no_operational_action,request_peer_evidence,send_targeted_summary,execute_autonomously,False,False,0.0,False,False,False,0.6850832028220613,0.10625045591492616,0.05975373376897222,0.08664291396500973,0.6666666666666667,0.9358208383859438,0.9358208383859438,0.0,0.0,0.0,0.0,1.0,0.8,0.0,0.0,1,4,0.4667892549777699,0.6850832028220613,0.5079884907253105,0.5596909772399618,0.44773494518526574,0.30622044646597835
v7-pilots_iteration2-utility_restoration-medium-low-high-medium-modular-private_fragmented-774105-always_act-event_triggered,utility_restoration,medium,low,high,medium,modular,private_fragmented,event_triggered,774105,always_act,4,UTL-12-zone_operator,U04,isolate_component,request_peer_evidence,send_targeted_summary,execute_autonomously,True,True,-0.025050121451164538,True,False,True,0.7841710435195962,0.0013345972585786514,0.48500404837215133,0.1532558701396194,0.6666666666666667,0.9684384206051118,0.9684384206051118,0.0,0.0,0.0,0.0,1.0,0.8,0.0,0.0,1,4,0.5164662302968381,0.7841710435195962,0.5557780225591165,0.6074924338720804,0.4893518382782304,0.3419585966022413
v7-pilots_iteration2-utility_restoration-medium-low-high-medium-modular-private_fragmented-774105-always_act-event_triggered,utility_restoration,medium,low,high,medium,modular,private_fragmented,event_triggered,774105,always_act,4,UTL-13-crew_dispatch,U05,no_operational_action,no_information_action,no_communication_action,execute_autonomously,False,False,0.0,False,False,False,0.6056883781784097,0.22752870641374628,0.018462711382100965,0.0267709315040464,0.6666666666666667,0.8932624599981456,0.8932624599981456,0.0,0.0,0.0,0.0,1.0,0.8,0.0,0.0,1,4,0.42542573880829715,0.6056883781784097,0.4655909662709003,0.5163225290413332,0.4143891188349321,0.2768052576704403
v7-pilots_iteration2-utility_restoration-medium-low-high-medium-modular-private_fragmented-774105-always_act-event_triggered,utility_restoration,medium,low,high,medium,modular,private_fragmented,event_triggered,774105,always_act,4,UTL-14-cyber_defense,U10,no_operational_action,request_peer_evidence,send_targeted_summary,execute_autonomously,False,False,0.0,False,False,False,0.6126991256403042,0.04941584507565289,0.06949193366498739,0.10076330381423171,0.6666666666666667,0.7742614903767411,0.7742614903767411,0.0,0.0,0.0,0.0,1.0,0.8,0.0,0.0,1,4,0.4455675622997858,0.6126991256403042,0.43864502285030693,0.49947597671116256,0.41733363276892776,0.28764735163699295
v7-pilots_iteration2-utility_restoration-medium-low-high-medium-modular-private_fragmented-774105-always_act-event_triggered,utility_restoration,medium,low,high,medium,modular,private_fragmented,event_triggered,774105,always_act,4,UTL-15-communications,U11,no_operational_action,no_information_action,no_communication_action,execute_autonomously,False,False,0.0,False,False,False,0.5162909743053219,0.2587591108474847,0.07813300926186993,0.1132928634297114,0.6666666666666667,0.7678826337935751,0.7678826337935751,0.0,0.0,0.0,0.0,1.0,0.8,0.0,0.0,1,4,0.4157958851536069,0.5162909743053219,0.39848704817052255,0.45321742344615545,0.3768422092082352,0.2621566164170555
v7-pilots_iteration2-utility_restoration-medium-low-high-medium-modular-private_fragmented-774105-always_act-event_triggered,utility_restoration,medium,low,high,medium,modular,private_fragmented,event_triggered,774105,always_act,4,UTL-16-resource_allocation,U04,no_operational_action,request_peer_evidence,send_targeted_summary,execute_autonomously,False,False,0.0,False,False,False,0.6798374128475975,0.059783814599535356,0.806640093567247,0.6196281356725081,0.6666666666666667,0.8627301273713637,0.8627301273713637,0.0,0.0,0.0,0.0,1.0,0.8,0.0,0.0,1,4,0.5929221395962518,0.6798374128475975,0.4876174969818799,0.5468129230170212,0.44553171339599096,0.3687098518780283
v7-pilots_iteration2-utility_restoration-medium-low-high-medium-modular-private_fragmented-774105-always_act-event_triggered,utility_restoration,medium,low,high,medium,modular,private_fragmented,event_triggered,774105,always_act,4,UTL-17-critical_load,U09,no_operational_action,no_information_action,no_communication_action,execute_autonomously,False,False,0.0,False,False,False,0.5758432691630435,0.20581458576296974,0.09214047277431986,0.1336036855227638,0.6666666666666667,0.862020647425026,0.862020647425026,0.0,3.3306690738754696e-16,0.0,0.0,1.0,0.8,0.0,0.0,1,4,0.44091826270756485,0.5758432691630435,0.44584246952147394,0.495966528803542,0.40185417304847826,0.28126855762838393
v7-pilots_iteration2-utility_restoration-medium-low-high-medium-modular-private_fragmented-774105-always_act-event_triggered,utility_restoration,medium,low,high,medium,modular,private_fragmented,event_triggered,774105,always_act,4,UTL-18-zone_operator,U10,no_operational_action,request_peer_evidence,send_targeted_summary,execute_autonomously,False,False,0.0,False,False,False,0.6586998623258785,0.051321330507937635,0.0,0.0,0.6666666666666667,0.879738762986962,0.879738762986962,0.0,0.0,0.0,0.0,1.0,0.8,0.0,0.0,1,4,0.43702461985746544,0.6586998623258785,0.4834146356770919,0.5369292813905555,0.436653942176869,0.288435961451246
v7-pilots_iteration2-utility_restoration-medium-low-high-medium-modular-private_fragmented-774105-always_act-event_triggered,utility_restoration,medium,low,high,medium,modular,private_fragmented,event_triggered,774105,always_act,4,UTL-19-crew_dispatch,U07,no_operational_action,no_information_action,no_communication_action,execute_autonomously,False,False,0.0,False,False,False,0.4291738136925717,0.33437903442983635,0.5617296515921998,0.2645079948086896,0.6666666666666667,0.6805672757614555,0.6805672757614555,0.0,0.0,0.0,0.0,1.0,0.8333333333333334,0.0,0.0,1,5,0.42246768207622665,0.4291738136925717,0.3418113444173926,0.38992089594508456,0.3469196684175468,0.2602429605442962
v7-pilots_iteration2-utility_restoration-medium-low-high-medium-modular-private_fragmented-774105-always_act-event_triggered,utility_restoration,medium,low,high,medium,modular,private_fragmented,event_triggered,774105,always_act,4,UTL-20-cyber_defense,U08,no_operational_action,no_information_action,no_communication_action,execute_autonomously,False,False,0.0,False,False,False,0.4674297723281403,0.25056381830202706,0.19665141635259267,0.28514455371125935,0.6666666666666667,0.6765123326383418,0.6765123326383418,0.0,0.0,0.0,0.0,1.0,0.8333333333333334,0.0,0.0,1,5,0.4404274821489367,0.4674297723281403,0.3560999920908416,0.41173019555074564,0.36298717104448563,0.27343101603056374
v7-pilots_iteration2-utility_restoration-medium-low-high-medium-modular-private_fragmented-774105-always_act-event_triggered,utility_restoration,medium,low,high,medium,modular,private_fragmented,event_triggered,774105,always_act,4,UTL-21-communications,U09,reconfigure_service_edge,request_peer_evidence,send_targeted_summary,execute_autonomously,True,True,-0.01501834059313312,True,False,True,0.6065651364493747,0.10604493745688803,0.15061135310443735,0.21838646200143416,0.6666666666666667,0.8320469924779547,0.8320469924779547,0.0,2.220446049250313e-16,0.0,0.0,1.0,0.8,0.0,0.0,1,4,0.4717115639397983,0.6065651364493747,0.4506378026992386,0.5059409023392785,0.4147573573087374,0.3000446136459971
v7-pilots_iteration2-utility_restoration-medium-low-high-medium-modular-private_fragmented-774105-always_act-event_triggered,utility_restoration,medium,low,high,medium,modular,private_fragmented,event_triggered,774105,always_act,4,UTL-22-resource_allocation,U06,no_operational_action,request_peer_evidence,send_targeted_summary,execute_autonomously,False,False,0.0,False,False,False,0.6678556250709036,0.12241525258925862,0.6321838349703746,0.3666665607070431,0.6666666666666667,0.9155326422433607,0.9155326422433607,0.0,0.0,0.0,0.0,1.0,0.8,0.0,0.0,1,4,0.5281375537604643,0.6678556250709036,0.49602541058920163,0.5494546803746919,0.4404993625297795,0.3349995623046982
v7-pilots_iteration2-utility_restoration-medium-low-high-medium-modular-private_fragmented-774105-always_act-event_triggered,utility_restoration,medium,low,high,medium,modular,private_fragmented,event_triggered,774105,always_act,4,UTL-23-critical_load,U07,no_operational_action,request_peer_evidence,send_targeted_summary,execute_autonomously,False,False,0.0,False,False,False,0.6871643780501915,0.020250683568508288,0.2626279431970515,0.0,0.6666666666666667,0.8821826956051825,0.8821826956051825,0.0,3.3306690738754696e-16,0.0,0.0,1.0,0.8333333333333334,0.0,0.0,1,5,0.4467025552037318,0.6871643780501915,0.49541142512137226,0.5506480681806928,0.4552757054477471,0.30073935918738703
v7-pilots_iteration2-utility_restoration-medium-low-high-medium-modular-private_fragmented-774105-always_act-event_triggered,utility_restoration,medium,low,high,medium,modular,private_fragmented,event_triggered,774105,always_act,4,UTL-24-zone_operator,U08,dispatch_repair_crew,request_peer_evidence,send_targeted_summary,execute_autonomously,True,True,-0.012140878942168913,True,False,True,0.7513554111076666,0.022815024326718586,0.05469596473896382,0.07930914887149754,0.6666666666666667,0.9718776186559441,0.9718776186559441,0.0,0.0,0.0,0.0,1.0,0.8333333333333334,0.0,0.0,1,5,0.4875617021724328,0.7513554111076666,0.5435115691070527,0.5943918644399719,0.48223593933188663,0.3282299463080597
v7-pilots_iteration2-utility_restoration-medium-low-high-medium-modular-private_fragmented-774105-always_act-event_triggered,utility_restoration,medium,low,high,medium,modular,private_fragmented,event_triggered,774105,always_act,4,UTL-25-crew_dispatch,U05,no_operational_action,request_peer_evidence,send_targeted_summary,execute_autonomously,False,False,0.0,False,False,False,0.6737667170599366,0.0911334703438611,0.055618355510378525,0.08064661549004887,0.6666666666666667,0.8597981086714895,0.8597981086714895,0.0,0.0,0.0,0.0,1.0,0.8,0.0,0.0,1,4,0.4615025381846569,0.6737667170599366,0.484456213991847,0.545326089863276,0.4429820211651734,0.30233227463558815
v7-pilots_iteration2-utility_restoration-medium-low-high-medium-modular-private_fragmented-774105-always_act-event_triggered,utility_restoration,medium,low,high,medium,modular,private_fragmented,event_triggered,774105,always_act,4,UTL-26-cyber_defense,U06,no_operational_action,request_peer_evidence,send_targeted_summary,execute_autonomously,False,False,0.0,False,False,False,0.6713943183880691,0.11601646492000131,0.5303888655624596,0.2190638550655663,0.6666666666666667,0.9280062710665677,0.9280062710665677,0.0,0.0,0.0,0.0,1.0,0.8,0.0,0.0,1,4,0.4939160601343461,0.6713943183880691,0.5005592951218696,0.5523415404898289,0.441985613722989,0.31827807175652734
v7-pilots_iteration2-utility_restoration-medium-low-high-medium-modular-private_fragmented-774105-always_act-event_triggered,utility_restoration,medium,low,high,medium,modular,private_fragmented,event_triggered,774105,always_act,4,UTL-27-communications,U11,no_operational_action,request_peer_evidence,send_targeted_summary,execute_autonomously,False,False,0.0,False,False,False,0.5984138466075957,0.13693942986007984,0.0,0.0,0.6666666666666667,0.8267415757097661,0.8267415757097661,0.0,0.0,0.0,0.0,1.0,0.8,0.0,0.0,1,4,0.4165273745132493,0.5984138466075957,0.4460509325704798,0.5017796560827815,0.4113338155751902,0.27155587705012685
v7-pilots_iteration2-utility_restoration-medium-low-high-medium-modular-private_fragmented-774105-always_act-event_triggered,utility_restoration,medium,low,high,medium,modular,private_fragmented,event_triggered,774105,always_act,8,UTL-00-zone_operator,U08,dispatch_repair_crew,request_peer_evidence,negotiate_commitment,execute_autonomously,True,True,-0.013258977998838677,True,False,True,0.6257078604867329,0.10149207858543213,0.09196593329462262,0.1333506032772028,0.0,0.8661342220738131,0.9004631801652884,0.09311658275326973,0.07584283493848554,0.0810708806221545,0.11366221742127569,0.9068834172467303,0.7166666666666667,0.0,0.0,2,4,0.2951448173520179,0.6257078604867329,0.597179915567724,0.6341296916768708,0.5788972052181002,0.45623277127540574
v7-pilots_iteration2-utility_restoration-medium-low-high-medium-modular-private_fragmented-774105-always_act-event_triggered,utility_restoration,medium,low,high,medium,modular,private_fragmented,event_triggered,774105,always_act,8,UTL-01-crew_dispatch,U13,no_operational_action,request_peer_evidence,send_targeted_summary,execute_autonomously,False,False,0.0,False,False,False,0.7051685464844677,0.07899847099555207,0.27304620394486795,0.39591699572005856,0.0,0.9357738967650158,0.9357738967650158,0.0,0.0,0.0,0.0,1.0,0.8333333333333334,0.0,0.0,1,5,0.38517738477753316,0.7051685464844677,0.5160108927850411,0.5687796211065973,0.4628374561901431,0.3532905658353913
v7-pilots_iteration2-utility_restoration-medium-low-high-medium-modular-private_fragmented-774105-always_act-event_triggered,utility_restoration,medium,low,high,medium,modular,private_fragmented,event_triggered,774105,always_act,8,UTL-02-cyber_defense,U14,no_operational_action,request_peer_evidence,send_targeted_summary,execute_autonomously,False,False,0.0,False,False,False,0.6810179660491424,0.09955623524418686,0.17599888473550596,0.25519838286648366,0.0,0.9305511752817346,0.9305511752817346,0.0,3.3306690738754696e-16,0.0,0.0,1.0,0.8,0.0,0.0,1,4,0.34319372034466455,0.6810179660491424,0.5050449802400907,0.5570647524608154,0.44602754574063985,0.325308836437738
v7-pilots_iteration2-utility_restoration-medium-low-high-medium-modular-private_fragmented-774105-always_act-event_triggered,utility_restoration,medium,low,high,medium,modular,private_fragmented,event_triggered,774105,always_act,8,UTL-03-communications,U15,no_operational_action,request_peer_evidence,send_targeted_summary,execute_autonomously,False,False,0.0,False,False,False,0.6544938980818739,0.11668410209953783,0.0,0.0,0.0,0.8703413061629008,0.8703413061629008,0.0,0.0,0.0,0.0,1.0,0.8,0.0,0.0,1,4,0.27292792534783716,0.6544938980818739,0.47938288577347477,0.535713773709806,0.43488743719438705,0.2872582914629247
v7-pilots_iteration2-utility_restoration-medium-low-high-medium-modular-private_fragmented-774105-always_act-event_triggered,utility_restoration,medium,low,high,medium,modular,private_fragmented,event_triggered,774105,always_act,8,UTL-04-resource_allocation,U12,reconfigure_service_edge,request_peer_evidence,negotiate_commitment,execute_autonomously,True,True,-0.010499999999999999,True,False,True,0.7928530540229749,0.019239931299442237,0.0,0.0,0.0,0.988412657564673,0.988412657564673,0.0,0.0,0.0,0.0,1.0,0.8,0.0,0.0,1,4,0.31997003836781146,0.7928530540229749,0.5642443860003583,0.6148411782632528,0.49299828268964946,0.325998855126433
v7-pilots_iteration2-utility_restoration-medium-low-high-medium-modular-private_fragmented-774105-always_act-event_triggered,utility_restoration,medium,low,high,medium,modular,private_fragmented,event_triggered,774105,always_act,8,UTL-05-critical_load,U13,no_operational_action,no_information_action,no_communication_action,execute_autonomously,False,False,0.0,False,False,False,0.5903335015819532,0.18378621562035802,0.0,0.0,0.0,0.8423966369021976,0.8423966369021976,0.0,0.0,0.0,0.0,1.0,0.8333333333333334,0.0,0.0,1,5,0.2511133905378641,0.5903335015819532,0.4467325598583307,0.500821235218342,0.414606737331087,0.27362671377628023
v7-pilots_iteration2-utility_restoration-medium-low-high-medium-modular-private_fragmented-774105-always_act-event_triggered,utility_restoration,medium,low,high,medium,modular,private_fragmented,event_triggered,774105,always_act,8,UTL-06-zone_operator,U14,no_operational_action,no_information_action,no_communication_action,execute_autonomously,False,False,0.0,False,False,False,0.5737898152374196,0.2071044154537398,0.0,0.0,0.0,0.8478702863729284,0.8478702863729284,0.0,0.0,0.0,0.0,1.0,0.8,0.0,0.0,1,4,0.24548853718072267,0.5737898152374196,0.44148349768819994,0.49359036517608523,0.40099172239971625,0.26466114826647746
v7-pilots_iteration2-utility_restoration-medium-low-high-medium-modular-private_fragmented-774105-always_act-event_triggered,utility_restoration,medium,low,high,medium,modular,private_fragmented,event_triggered,774105,always_act,8,UTL-07-crew_dispatch,U11,no_operational_action,request_peer_evidence,send_targeted_summary,execute_autonomously,False,False,0.0,False,False,False,0.6681384076768025,0.026264847334540764,0.38537286998061693,0.5587906614718945,0.0,0.8782928874733881,0.8782928874733881,0.0,0.0,0.0,0.0,1.0,0.8,0.0,0.0,1,4,0.4116768173633676,0.6681384076768025,0.486828584939068,0.5405425549224964,0.4406181312242571,0.35813363352613203
v7-pilots_iteration2-utility_restoration-medium-low-high-medium-modular-private_fragmented-774105-always_act-event_triggered,utility_restoration,medium,low,high,medium,modular,private_fragmented,event_triggered,774105,always_act,8,UTL-08-cyber_defense,U12,no_operational_action,no_information_action,no_communication_action,execute_autonomously,False,False,0.0,False,False,False,0.6376219206835267,0.14666902865080653,0.0,0.0,0.0,0.8828817130596563,0.8828817130596563,0.0,0.0,0.0,0.0,1.0,0.8,0.0,0.0,1,4,0.2671914530323991,0.6376219206835267,0.47576919653832483,0.5308769691582309,0.42780120668708127,0.2825341377913875
v7-pilots_iteration2-utility_restoration-medium-low-high-medium-modular-private_fragmented-774105-always_act-event_triggered,utility_restoration,medium,low,high,medium,modular,private_fragmented,event_triggered,774105,always_act,8,UTL-09-communications,U13,no_operational_action,request_peer_evidence,send_targeted_summary,execute_autonomously,False,False,0.0,False,False,False,0.6943606300041558,0.1087101899772416,0.0,0.0,0.0,0.9470170362476784,0.9470170362476784,0.0,3.3306690738754696e-16,0.0,0.0,1.0,0.8333333333333334,0.0,0.0,1,5,0.28648261420141297,0.6943606300041558,0.514498511063582,0.5661015699738008,0.4582981312684121,0.3027543097344971
v7-pilots_iteration2-utility_restoration-medium-low-high-medium-modular-private_fragmented-774105-always_act-event_triggered,utility_restoration,medium,low,high,medium,modular,private_fragmented,event_triggered,774105,always_act,8,UTL-10-resource_allocation,U10,no_operational_action,request_peer_evidence,send_targeted_summary,execute_autonomously,False,False,0.0,False,False,False,0.6688831781607618,0.01071646624940481,0.0,0.0,0.0,0.8617548658091793,0.8617548658091793,0.0,0.0,0.0,0.0,1.0,0.8,0.0,0.0,1,4,0.277820280574659,0.6688831781607618,0.48299198771659957,0.5379084942821826,0.44093093482752,0.29128728988501335
v7-pilots_iteration2-utility_restoration-medium-low-high-medium-modular-private_fragmented-774105-always_act-event_triggered,utility_restoration,medium,low,high,medium,modular,private_fragmented,event_triggered,774105,always_act,8,UTL-11-critical_load,U15,no_operational_action,no_information_action,no_communication_action,execute_autonomously,False,False,0.0,False,False,False,0.645970075989674,0.1587750397433738,0.0,0.0,0.0,0.9227140849758754,0.9227140849758754,0.0,0.0,0.0,0.0,1.0,0.8,0.0,0.0,1,4,0.27002982583648916,0.645970075989674,0.4890665516398385,0.5400037145520405,0.4313074319156631,0.28487162127710874
v7-pilots_iteration2-utility_restoration-medium-low-high-medium-modular-private_fragmented-774105-always_act-event_triggered,utility_restoration,medium,low,high,medium,modular,private_fragmented,event_triggered,774105,always_act,8,UTL-12-zone_operator,U12,no_operational_action,request_peer_evidence,send_targeted_summary,execute_autonomously,False,False,0.0,False,False,False,0.656352088954373,0.06680993654543932,0.0,0.0,0.0,0.8776382176502534,0.8776382176502534,0.0,0.0,0.0,0.0,1.0,0.8,0.0,0.0,1,4,0.27355971024448683,0.656352088954373,0.4819503899943126,0.5362764276367036,0.4356678773608367,0.28777858490722447
v7-pilots_iteration2-utility_restoration-medium-low-high-medium-modular-private_fragmented-774105-always_act-event_triggered,utility_restoration,medium,low,high,medium,modular,private_fragmented,event_triggered,774105,always_act,8,UTL-13-crew_dispatch,U09,no_operational_action,no_information_action,no_communication_action,execute_autonomously,False,False,0.0,False,False,False,0.627702534912045,0.17643678430907223,0.13499868151613026,0.19574808819838888,0.0,0.9095592358397417,0.9095592358397417,0.0,0.0,0.0,0.0,1.0,0.8,0.0,0.0,1,4,0.31079840303770867,0.627702534912045,0.47847082292475346,0.5290409331243475,0.4236350646630589,0.3032464803591793
v7-pilots_iteration2-utility_restoration-medium-low-high-medium-modular-private_fragmented-774105-always_act-event_triggered,utility_restoration,medium,low,high,medium,modular,private_fragmented,event_triggered,774105,always_act,8,UTL-14-cyber_defense,U14,no_operational_action,request_peer_evidence,send_targeted_summary,execute_autonomously,False,False,0.0,False,False,False,0.6595200782393653,0.03977859854265148,0.0,0.0,0.0,0.8469350196495405,0.8469350196495405,0.0,0.0,0.0,0.0,1.0,0.8,0.0,0.0,1,4,0.2746368266013842,0.6595200782393653,0.47554178620813126,0.5324065863537014,0.43699843286053347,0.2886656219070223
v7-pilots_iteration2-utility_restoration-medium-low-high-medium-modular-private_fragmented-774105-always_act-event_triggered,utility_restoration,medium,low,high,medium,modular,private_fragmented,event_triggered,774105,always_act,8,UTL-15-communications,U15,no_operational_action,request_peer_evidence,send_targeted_summary,execute_autonomously,False,False,0.0,False,False,False,0.7181366667710001,0.07350930485086202,0.15437505160878132,0.2238438248327329,0.0,0.9475986270134014,0.9475986270134014,0.0,0.0,0.0,0.0,1.0,0.8,0.0,0.0,1,4,0.348288984661996,0.7181366667710001,0.5241543234617504,0.5765743748278214,0.46161740004382007,0.331939525675808
v7-pilots_iteration2-utility_restoration-medium-low-high-medium-modular-private_fragmented-774105-always_act-event_triggered,utility_restoration,medium,low,high,medium,modular,private_fragmented,event_triggered,774105,always_act,8,UTL-16-resource_allocation,U08,no_operational_action,no_information_action,no_communication_action,execute_autonomously,False,False,0.0,False,False,False,0.5564908974429692,0.27743092479487186,0.0,0.0,0.0,0.8668423293720279,0.8668423293720279,0.0,0.0,0.0,0.0,1.0,0.8333333333333334,0.0,0.0,1,5,0.23960690513060953,0.5564908974429692,0.43930694132019465,0.4871125074115926,0.40039284359271377,0.26415078461736474
v7-pilots_iteration2-utility_restoration-medium-low-high-medium-modular-private_fragmented-774105-always_act-event_triggered,utility_restoration,medium,low,high,medium,modular,private_fragmented,event_triggered,774105,always_act,8,UTL-17-critical_load,U13,no_operational_action,no_information_action,no_communication_action,execute_autonomously,False,False,0.0,False,False,False,0.5492221349319213,0.27842617911577566,0.0,0.0,0.0,0.8461252509699555,0.8461252509699555,0.0,0.0,0.0,0.0,1.0,0.8333333333333334,0.0,0.0,1,5,0.23713552587685324,0.5492221349319213,0.4312201667152574,0.4808642934919798,0.39733996333807364,0.2621155311142713
v7-pilots_iteration2-utility_restoration-medium-low-high-medium-modular-private_fragmented-774105-always_act-event_triggered,utility_restoration,medium,low,high,medium,modular,private_fragmented,event_triggered,774105,always_act,8,UTL-18-zone_operator,U14,dispatch_repair_crew,request_peer_evidence,send_targeted_summary,execute_autonomously,False,True,0.0,False,False,False,0.7549290219742063,0.020218385836130948,0.0,0.0,0.0,0.9574690842669028,0.9574690842669028,0.0,0.0,0.0,0.0,1.0,0.8,0.0,0.0,1,4,0.30707586747123017,0.7549290219742063,0.5413388798564083,0.5936695415837492,0.47707018922916666,0.3153801261527778
v7-pilots_iteration2-utility_restoration-medium-low-high-medium-modular-private_fragmented-774105-always_act-event_triggered,utility_restoration,medium,low,high,medium,modular,private_fragmented,event_triggered,774105,always_act,8,UTL-19-crew_dispatch,U15,no_operational_action,request_peer_evidence,send_targeted_summary,execute_autonomously,False,False,0.0,False,False,False,0.6964163962892151,0.07201435596203093,0.0,0.0,0.0,0.9236462824274126,0.9236462824274126,0.0,0.0,0.0,0.0,1.0,0.8,0.0,0.0,1,4,0.28718157473833317,0.6964163962892151,0.5094781291225392,0.5631218813686902,0.4524948864414704,0.2989965909609803
v7-pilots_iteration2-utility_restoration-medium-low-high-medium-modular-private_fragmented-774105-always_act-event_triggered,utility_restoration,medium,low,high,medium,modular,private_fragmented,event_triggered,774105,always_act,8,UTL-20-cyber_defense,U12,restore_communication_relay,request_peer_evidence,send_targeted_summary,execute_autonomously,True,True,4.410382120225458,True,True,False,0.7467278281252976,0.030299861036445247,0.16609195229187732,0.2408333308232221,0.0,0.9374706545921824,0.9374706545921824,0.0,0.0,0.0,0.0,1.0,0.8,0.0,0.0,1,4,0.3620874609601745,0.7467278281252976,0.5330587948981647,0.5874813203093632,0.473625687812625,0.34198379157387004
v7-pilots_iteration2-utility_restoration-medium-low-high-medium-modular-private_fragmented-774105-always_act-event_triggered,utility_restoration,medium,low,high,medium,modular,private_fragmented,event_triggered,774105,always_act,8,UTL-21-communications,U13,no_operational_action,no_information_action,no_communication_action,execute_autonomously,False,False,0.0,False,False,False,0.6028132782852038,0.21143676568163025,0.16763024979298674,0.24306386219983078,0.0,0.8948301282226604,0.8948301282226604,0.0,0.0,0.0,0.0,1.0,0.8333333333333334,0.0,0.0,1,5,0.3136918415449287,0.6028132782852038,0.4648328433697466,0.5149926396927498,0.4198482435464523,0.3062887147171701
v7-pilots_iteration2-utility_restoration-medium-low-high-medium-modular-private_fragmented-774105-always_act-event_triggered,utility_restoration,medium,low,high,medium,modular,private_fragmented,event_triggered,774105,always_act,8,UTL-22-resource_allocation,U14,no_operational_action,no_information_action,no_communication_action,execute_autonomously,False,False,0.0,False,False,False,0.5681142940007337,0.20568936136360005,0.0,0.0,0.0,0.8281411401496537,0.8281411401496537,0.0,0.0,0.0,0.0,1.0,0.8,0.0,0.0,1,4,0.24355885996024945,0.5681142940007337,0.43428100263770686,0.4879755241489424,0.39860800348030817,0.26307200232020544
v7-pilots_iteration2-utility_restoration-medium-low-high-medium-modular-private_fragmented-774105-always_act-event_triggered,utility_restoration,medium,low,high,medium,modular,private_fragmented,event_triggered,774105,always_act,8,UTL-23-critical_load,U11,no_operational_action,no_information_action,no_communication_action,execute_autonomously,False,False,0.0,False,False,False,0.5747041514547336,0.25135510344063244,0.0,0.0,0.0,0.8577305091927916,0.8577305091927916,0.0,0.0,0.0,0.0,1.0,0.8,0.0,0.0,1,4,0.24579941149460946,0.5747041514547336,0.44431428788009136,0.49591427268755184,0.40137574361098816,0.26491716240732543
v7-pilots_iteration2-utility_restoration-medium-low-high-medium-modular-private_fragmented-774105-always_act-event_triggered,utility_restoration,medium,low,high,medium,modular,private_fragmented,event_triggered,774105,always_act,8,UTL-24-zone_operator,U12,no_operational_action,no_information_action,no_communication_action,execute_autonomously,False,False,0.0,False,False,False,0.5179646620392827,0.17298815845328525,0.0,0.0,0.0,0.7371047574025112,0.7371047574025112,0.0,0.0,0.0,0.0,1.0,0.8,0.0,0.0,1,4,0.22650798509335612,0.5179646620392827,0.39146205416634094,0.444781894637629,0.3775451580564988,0.24903010537099918
v7-pilots_iteration2-utility_restoration-medium-low-high-medium-modular-private_fragmented-774105-always_act-event_triggered,utility_restoration,medium,low,high,medium,modular,private_fragmented,event_triggered,774105,always_act,8,UTL-25-crew_dispatch,U13,no_operational_action,request_peer_evidence,send_targeted_summary,execute_autonomously,False,False,0.0,False,False,False,0.6703959481238733,0.10163307689084533,0.0075749861993031345,0.010983729988989544,0.0,0.9075458574922363,0.9075458574922363,0.0,0.0,0.0,0.0,1.0,0.8333333333333334,0.0,0.0,1,5,0.28097071755947445,0.6703959481238733,0.49504484362260837,0.5487755971030361,0.44823296487869346,0.2973622464066966
v7-pilots_iteration2-utility_restoration-medium-low-high-medium-modular-private_fragmented-774105-always_act-event_triggered,utility_restoration,medium,low,high,medium,modular,private_fragmented,event_triggered,774105,always_act,8,UTL-26-cyber_defense,U10,restore_communication_relay,request_peer_evidence,send_targeted_summary,execute_autonomously,True,True,-0.010499999999999999,True,False,True,0.6497626121516622,0.1164511949856814,0.0,0.0,0.0,0.8654889664748063,0.8654889664748063,0.0,0.0,0.0,0.0,1.0,0.8,0.0,0.0,1,4,0.27131928813156514,0.6497626121516622,0.4762772864793665,0.5321364180839676,0.43290029710369815,0.28593353140246547
v7-pilots_iteration2-utility_restoration-medium-low-high-medium-modular-private_fragmented-774105-always_act-event_triggered,utility_restoration,medium,low,high,medium,modular,private_fragmented,event_triggered,774105,always_act,8,UTL-27-communications,U15,no_operational_action,request_peer_evidence,send_targeted_summary,execute_autonomously,False,False,0.0,False,False,False,0.681659314648686,0.0903088830098612,0.07699441855335941,0.11164190690237114,0.0,0.928264912120583,0.928264912120583,0.0,0.0,0.0,0.0,1.0,0.8,0.0,0.0,1,4,0.3089582246371224,0.681659314648686,0.5047299538896202,0.557056428150523,0.44629691215244816,0.30826163692991665
v7-pilots_iteration2-utility_restoration-medium-low-high-medium-modular-private_fragmented-774105-always_act-event_triggered,utility_restoration,medium,low,high,medium,modular,private_fragmented,event_triggered,774105,always_act,12,UTL-00-zone_operator,U00,no_operational_action,no_information_action,no_communication_action,execute_autonomously,False,False,0.0,False,False,False,0.6199625205227769,0.17128403852792906,0.0,0.0,0.0,0.8965948729902072,0.887463932526316,0.033518344419657065,0.034364084336910516,0.01898209794083705,0.05751846337259769,0.9664816555803429,0.2,-0.006495415364123569,0.033518344419657065,5,0,0.26118725697774414,0.6199625205227769,0.5190594086441824,0.5751333314524618,0.3878123229459147,0.29779983253048264
v7-pilots_iteration2-utility_restoration-medium-low-high-medium-modular-private_fragmented-774105-always_act-event_triggered,utility_restoration,medium,low,high,medium,modular,private_fragmented,event_triggered,774105,always_act,12,UTL-01-crew_dispatch,U05,dispatch_repair_crew,no_information_action,negotiate_commitment,execute_autonomously,False,True,0.0,False,False,False,0.6344704547298248,0.16253485863529238,0.5975372249574247,0.2664289761882659,0.0,0.9214204840200874,0.9417467814651598,0.03067772356801335,0.025915528105527108,0.023627384496102466,0.0,0.9693222764319867,0.7,0.1795306785024805,0.03067772356801335,2,3,0.33006290889332424,0.6344704547298248,0.5270921158921704,0.5728641847280029,0.40647759098652636,0.3535623678633943
v7-pilots_iteration2-utility_restoration-medium-low-high-medium-modular-private_fragmented-774105-always_act-event_triggered,utility_restoration,medium,low,high,medium,modular,private_fragmented,event_triggered,774105,always_act,12,UTL-02-cyber_defense,U02,no_operational_action,request_peer_evidence,send_targeted_summary,execute_autonomously,False,False,0.0,False,False,False,0.6194850668594262,0.1304096579445037,0.0,0.0,0.0,0.8805348936293652,0.9364840290711202,0.08037370966481217,0.06740199507284905,0.059464662607676355,0.0666436523284869,0.9196262903351878,0.3666666666666667,0.02021221514391136,0.08037370966481217,5,1,0.2610249227322049,0.6194850668594262,0.5804509436818488,0.6208538590114216,0.4348154129535924,0.40722106138768516
v7-pilots_iteration2-utility_restoration-medium-low-high-medium-modular-private_fragmented-774105-always_act-event_triggered,utility_restoration,medium,low,high,medium,modular,private_fragmented,event_triggered,774105,always_act,12,UTL-03-communications,U03,no_operational_action,request_peer_evidence,send_targeted_summary,execute_autonomously,False,False,0.0,False,False,False,0.6732954483832743,0.005177944266440804,0.0,0.0,0.0,0.8803727908413073,0.8803727908413073,0.0,0.0,0.0,0.0,1.0,0.8,0.10825985535190474,0.0,1,4,0.27932045245031323,0.6732954483832743,0.4894113770636365,0.5420416908852153,0.4427840883209752,0.29252272554731684
v7-pilots_iteration2-utility_restoration-medium-low-high-medium-modular-private_fragmented-774105-always_act-event_triggered,utility_restoration,medium,low,high,medium,modular,private_fragmented,event_triggered,774105,always_act,12,UTL-04-resource_allocation,U04,no_operational_action,no_information_action,no_communication_action,execute_autonomously,False,False,0.0,False,False,False,0.613159487049882,0.18073910879766347,1.0,0.8138019133612734,0.0,0.8844140888889709,0.9192756033934442,0.03683842384036684,0.03258420710779186,0.025724629643568253,0.08415575072314319,0.9631615761596332,0.55,0.009435816696155896,0.03683842384036684,3,2,0.45418668480366553,0.613159487049882,0.517941110418709,0.5671315636019827,0.49544372566012806,0.4648601823006086
v7-pilots_iteration2-utility_restoration-medium-low-high-medium-modular-private_fragmented-774105-always_act-event_triggered,utility_restoration,medium,low,high,medium,modular,private_fragmented,event_triggered,774105,always_act,12,UTL-05-critical_load,U01,no_operational_action,request_peer_evidence,send_targeted_summary,execute_autonomously,False,False,0.0,False,False,False,0.7883833894964497,0.04881200196269048,0.7296293759878143,0.47462926184899734,0.0,0.9490072213383762,0.9723937350983201,0.04958833726364009,0.03910578896083594,0.03724779303740855,0.02813638954040063,0.9504116627363599,0.2,0.009182096725100175,0.04958833726364009,5,0,0.43236137527255236,0.7883833894964497,0.6220288333022701,0.6641175057274274,0.4138883356899178,0.4088023806023516
v7-pilots_iteration2-utility_restoration-medium-low-high-medium-modular-private_fragmented-774105-always_act-event_triggered,utility_restoration,medium,low,high,medium,modular,private_fragmented,event_triggered,774105,always_act,12,UTL-06-zone_operator,U02,no_operational_action,request_peer_evidence,send_targeted_summary,execute_autonomously,False,False,0.0,False,False,False,0.7224735390101149,0.05521415076569158,0.05457062064657331,0.045794066604197964,0.0,0.9575150034997694,0.9574416901135514,0.04673792844588476,0.041880784067292565,0.032753122866191364,0.01037838888189846,0.9532620715541152,0.3666666666666667,0.012771459602472057,0.04673792844588476,5,1,0.3070315792484466,0.7224735390101149,0.5938012663032269,0.6424359480560747,0.3925473708180673,0.3428523181109362
v7-pilots_iteration2-utility_restoration-medium-low-high-medium-modular-private_fragmented-774105-always_act-event_triggered,utility_restoration,medium,low,high,medium,modular,private_fragmented,event_triggered,774105,always_act,12,UTL-07-crew_dispatch,U03,no_operational_action,no_information_action,no_communication_action,execute_autonomously,False,False,0.0,False,False,False,0.6553655484993913,0.14799731799469923,0.17975551066285236,0.26064549046113594,0.0,0.9302887885186588,0.9302887885186588,0.0,0.0,0.0,0.0,1.0,0.8,0.35434156182439924,0.0,1,4,0.3357792042004657,0.6553655484993913,0.4947184165294212,0.5454346100571156,0.4352535303697444,0.3187798124351659
v7-pilots_iteration2-utility_restoration-medium-low-high-medium-modular-private_fragmented-774105-always_act-event_triggered,utility_restoration,medium,low,high,medium,modular,private_fragmented,event_triggered,774105,always_act,12,UTL-08-cyber_defense,U00,restore_communication_relay,request_peer_evidence,send_targeted_summary,execute_autonomously,True,True,-0.010499999999999999,True,False,True,0.7293565575420132,0.05566792770981627,0.0,0.0,0.0,0.9674764279882403,0.9720720290838939,0.019312101788878766,0.014465835951307127,0.01553730850375723,0.0374727782650951,0.9806878982111212,0.5666666666666667,0.3173948398037749,0.019312101788878766,3,2,0.2983812295642845,0.7293565575420132,0.5606486725182956,0.6060711117570927,0.47662171046392343,0.33836304895276187
v7-pilots_iteration2-utility_restoration-medium-low-high-medium-modular-private_fragmented-774105-always_act-event_triggered,utility_restoration,medium,low,high,medium,modular,private_fragmented,event_triggered,774105,always_act,12,UTL-09-communications,U01,no_operational_action,no_information_action,no_communication_action,execute_autonomously,False,False,0.0,False,False,False,0.6125619157980597,0.17668946003864874,0.6515920448003747,0.36147513162720996,0.0,0.8911637570679146,0.9007445568133269,0.011332729665676444,0.009678239203380734,0.007963974053775247,0.01692839129770407,0.9886672703343236,0.5666666666666667,0.0632302796008124,0.011332729665676444,3,2,0.3454250829618707,0.6125619157980597,0.4836815271181496,0.5335162494752117,0.3963404927410286,0.32012449745821714
v7-pilots_iteration2-utility_restoration-medium-low-high-medium-modular-private_fragmented-774105-always_act-event_triggered,utility_restoration,medium,low,high,medium,modular,private_fragmented,event_triggered,774105,always_act,12,UTL-10-resource_allocation,U02,no_operational_action,no_information_action,no_communication_action,execute_autonomously,False,False,0.0,False,False,False,0.6582429218296713,0.16254511162757057,0.15138031605931582,0.1861681249526746,0.0,0.9390241223039651,0.9528995596986007,0.015188957204984699,0.011832164591265126,0.011371530411155018,0.06450080373077394,0.9848110427950153,0.6666666666666666,0.2325294277952933,0.015188957204984699,3,3,0.3188829434107302,0.6582429218296713,0.5193177393948384,0.5659988907469383,0.5078365821725717,0.3661097163690948
v7-pilots_iteration2-utility_restoration-medium-low-high-medium-modular-private_fragmented-774105-always_act-event_triggered,utility_restoration,medium,low,high,medium,modular,private_fragmented,event_triggered,774105,always_act,12,UTL-11-critical_load,U07,no_operational_action,request_peer_evidence,send_targeted_summary,execute_autonomously,False,False,0.0,False,False,False,0.7591341336186173,0.040549350930666694,0.5595509391053329,0.2343521806613229,0.0,0.9391432778509321,0.9391432778509321,0.0,0.0,0.0,0.0,1.0,0.8333333333333334,0.1890062596232276,0.0,1,5,0.36475012878904745,0.7591341336186173,0.53843947291018,0.5912611841256742,0.48550300278648595,0.3490131524259049
v7-pilots_iteration2-utility_restoration-medium-low-high-medium-modular-private_fragmented-774105-always_act-event_triggered,utility_restoration,medium,low,high,medium,modular,private_fragmented,event_triggered,774105,always_act,12,UTL-12-zone_operator,U00,no_operational_action,request_peer_evidence,send_targeted_summary,execute_autonomously,False,False,0.0,False,False,False,0.6675947136876527,0.09112377948009456,0.3890991325712876,0.539193742228367,0.0,0.894099487221233,0.90044939500455,0.02474499284321119,0.02329162028081877,0.01846206885554791,0.09011807944283023,0.9752550071567888,0.5666666666666667,0.05111147115221382,0.02474499284321119,3,2,0.40678870078861007,0.6675947136876527,0.525205747260865,0.5809576886201693,0.5307025938352494,0.4338181316751387
v7-pilots_iteration2-utility_restoration-medium-low-high-medium-modular-private_fragmented-774105-always_act-event_triggered,utility_restoration,medium,low,high,medium,modular,private_fragmented,event_triggered,774105,always_act,12,UTL-13-crew_dispatch,U01,no_operational_action,no_information_action,no_communication_action,execute_autonomously,False,False,0.0,False,False,False,0.5772759543330732,0.2455204888202445,0.617999089466268,0.3127653463927552,0.0,0.8696620647494955,0.9146568711543813,0.04108794498457746,0.0344555279395411,0.02897343541608144,0.03141682831215875,0.9589120550154225,0.3875,0.1183566877498976,0.04108794498457746,4,1,0.3217375076075062,0.5772759543330732,0.5058490208990116,0.550200463780113,0.3677094798543721,0.3421422070781845
v7-pilots_iteration2-utility_restoration-medium-low-high-medium-modular-private_fragmented-774105-always_act-event_triggered,utility_restoration,medium,low,high,medium,modular,private_fragmented,event_triggered,774105,always_act,12,UTL-14-cyber_defense,U06,no_operational_action,request_peer_evidence,send_targeted_summary,execute_autonomously,False,False,0.0,False,False,False,0.7598299417742049,0.11243509186630685,0.4210615540805121,0.06053925341674252,0.0,0.8693173115552421,0.8693173115552421,0.0,0.0,0.0,0.0,1.0,0.8,0.1231908188630596,0.0,1,4,0.3232716010232479,0.7598299417742049,0.5212613045984925,0.5778519257117825,0.4791285755451661,0.3240170941067865
v7-pilots_iteration2-utility_restoration-medium-low-high-medium-modular-private_fragmented-774105-always_act-event_triggered,utility_restoration,medium,low,high,medium,modular,private_fragmented,event_triggered,774105,always_act,12,UTL-15-communications,U03,no_operational_action,request_peer_evidence,send_targeted_summary,execute_autonomously,False,False,0.0,False,False,False,0.6406358306862743,0.11494431596052368,0.11306024232265005,0.16393735136784257,0.0,0.8950270638277168,0.899640625268134,0.009845756352478197,0.010493303183353397,0.006798508127568326,0.03288096973570065,0.9901542436475218,0.725,0.16691152914242946,0.009845756352478197,2,3,0.3075611467616155,0.6406358306862743,0.4937951571249084,0.5481364085313148,0.46404612288650016,0.3343782383309912
v7-pilots_iteration2-utility_restoration-medium-low-high-medium-modular-private_fragmented-774105-always_act-event_triggered,utility_restoration,medium,low,high,medium,modular,private_fragmented,event_triggered,774105,always_act,12,UTL-16-resource_allocation,U00,no_operational_action,no_information_action,no_communication_action,execute_autonomously,False,False,0.0,False,False,False,0.5501653309035603,0.19701210640091715,0.0,0.0,0.0,0.8063566005546229,0.8294954668059868,0.015852709535168374,0.012042423462095608,0.013488366652466666,0.0,0.9841472904648316,0.725,0.06953178138978855,0.015852709535168374,2,3,0.23745621250721052,0.5501653309035603,0.4438490758493156,0.4925075659251388,0.3760694389794953,0.2758663560954225
v7-pilots_iteration2-utility_restoration-medium-low-high-medium-modular-private_fragmented-774105-always_act-event_triggered,utility_restoration,medium,low,high,medium,modular,private_fragmented,event_triggered,774105,always_act,12,UTL-17-critical_load,U05,no_operational_action,request_peer_evidence,send_targeted_summary,execute_autonomously,False,False,0.0,False,False,False,0.7032607125348084,0.008203957755690217,0.8531444131036059,0.6370593990002287,0.0,0.8753740969338037,0.8753740969338037,0.0,0.0,0.0,0.0,1.0,0.8,0.004512434688377365,0.0,1,4,0.4424028980218898,0.7032607125348084,0.5001478092473743,0.5571868344525306,0.45536949926461956,0.37736012738977376
v7-pilots_iteration2-utility_restoration-medium-low-high-medium-modular-private_fragmented-774105-always_act-event_triggered,utility_restoration,medium,low,high,medium,modular,private_fragmented,event_triggered,774105,always_act,12,UTL-18-zone_operator,U02,dispatch_repair_crew,request_peer_evidence,send_targeted_summary,execute_autonomously,False,False,0.0,False,False,False,0.6832534315595793,0.07702948833569315,0.0,0.0,0.0,0.9170212108770023,0.9384910554058419,0.019404325188698612,0.016191655665665383,0.013157561067464574,0.06450080373077394,0.9805956748113014,0.6666666666666666,0.26205778621559317,0.019404325188698612,3,3,0.28270616673025695,0.6832534315595793,0.5297227306072604,0.579930056076511,0.518340996259133,0.35762587860505707
v7-pilots_iteration2-utility_restoration-medium-low-high-medium-modular-private_fragmented-774105-always_act-event_triggered,utility_restoration,medium,low,high,medium,modular,private_fragmented,event_triggered,774105,always_act,12,UTL-19-crew_dispatch,U03,no_operational_action,request_peer_evidence,send_targeted_summary,execute_autonomously,False,False,0.0,False,False,False,0.8023578246457886,0.1170843657655894,0.08304258243675924,0.1204117445333009,0.0,0.916998688942594,0.9346303040676417,0.03295781404146558,0.030570217394432664,0.022044231195117114,0.11311764103973876,0.9670421859585344,0.725,0.10251084252552967,0.03295781404146558,2,3,0.35210047906756037,0.8023578246457886,0.5963337417520157,0.6486027691849854,0.6539291007316341,0.4717582508370072
v7-pilots_iteration2-utility_restoration-medium-low-high-medium-modular-private_fragmented-774105-always_act-event_triggered,utility_restoration,medium,low,high,medium,modular,private_fragmented,event_triggered,774105,always_act,12,UTL-20-cyber_defense,U04,isolate_component,request_peer_evidence,send_targeted_summary,execute_autonomously,True,True,-0.03354478684974158,True,False,True,0.7598557278631834,0.013100891397615722,0.768159561658053,0.4638313644041768,0.0,0.9390727019955636,0.9636139410590092,0.03742214351209183,0.03367391731418112,0.02212582068982183,0.021473734041487336,0.9625778564879082,0.36250000000000004,0.21607936348090417,0.03742214351209183,4,1,0.4200704749304849,0.7598557278631834,0.5911014675610928,0.6429783257379713,0.4242794814455978,0.39351287531311263
v7-pilots_iteration2-utility_restoration-medium-low-high-medium-modular-private_fragmented-774105-always_act-event_triggered,utility_restoration,medium,low,high,medium,modular,private_fragmented,event_triggered,774105,always_act,12,UTL-21-communications,U01,isolate_component,request_peer_evidence,send_targeted_summary,execute_autonomously,True,False,0.0,False,False,False,0.7152658976339067,0.024408627610021716,0.5989544650193385,0.28515064094470743,0.0,0.9177949221193547,0.9367353315564003,0.019656925910315315,0.016480733077162135,0.012908992995965485,0.05746973048605597,0.9803430740896847,0.5666666666666667,0.031202408264825787,0.019656925910315315,3,2,0.3620265590222581,0.7152658976339067,0.5430747858578427,0.5940213040842244,0.5010990006783792,0.38297788807606714
v7-pilots_iteration2-utility_restoration-medium-low-high-medium-modular-private_fragmented-774105-always_act-event_triggered,utility_restoration,medium,low,high,medium,modular,private_fragmented,event_triggered,774105,always_act,12,UTL-22-resource_allocation,U02,no_operational_action,no_information_action,no_communication_action,execute_autonomously,False,False,0.0,False,False,False,0.4574517967003996,0.36640293514703304,0.15087188082607883,0.18543089386448097,0.0,0.7604136055412437,0.7760299454818568,0.011181767153145006,0.011644607860626155,0.005615655484122795,0.0,0.988818232846855,0.7916666666666666,-0.09375412383773918,0.011181767153145006,2,4,0.2504370254056113,0.4574517967003996,0.38873859407987377,0.4351905954887832,0.35046308794750114,0.2717926180896363
v7-pilots_iteration2-utility_restoration-medium-low-high-medium-modular-private_fragmented-774105-always_act-event_triggered,utility_restoration,medium,low,high,medium,modular,private_fragmented,event_triggered,774105,always_act,12,UTL-23-critical_load,U03,no_operational_action,request_peer_evidence,send_targeted_summary,execute_autonomously,False,False,0.0,False,False,False,0.6554919236893144,0.11473707481733797,0.18565511596436932,0.2691999181483355,0.0,0.8978295908104588,0.8978295908104588,0.0,0.0,0.0,0.0,1.0,0.8,0.09359532434848639,0.0,1,4,0.3378752344099675,0.6554919236893144,0.4866541671783405,0.5407857818377162,0.4353066079495121,0.3198417288108083
v7-pilots_iteration2-utility_restoration-medium-low-high-medium-modular-private_fragmented-774105-always_act-event_triggered,utility_restoration,medium,low,high,medium,modular,private_fragmented,event_triggered,774105,always_act,12,UTL-24-zone_operator,U00,dispatch_repair_crew,request_peer_evidence,send_targeted_summary,execute_autonomously,False,True,0.0,False,False,False,0.736875621321543,0.050656214126828386,0.0,0.0,0.0,0.966509207776632,0.9628872845164569,0.002412244216815851,0.0020941093582945713,0.001473057996970284,0.0,0.9975877557831841,0.725,0.2812143204180607,0.002412244216815851,2,3,0.30093771124932467,0.736875621321543,0.5397546923763175,0.5906972919520732,0.45448776095504806,0.304597005203638
v7-pilots_iteration2-utility_restoration-medium-low-high-medium-modular-private_fragmented-774105-always_act-event_triggered,utility_restoration,medium,low,high,medium,modular,private_fragmented,event_triggered,774105,always_act,12,UTL-25-crew_dispatch,U01,dispatch_repair_crew,no_information_action,no_communication_action,execute_autonomously,False,True,0.0,False,False,False,0.6229048133916083,0.20943842944114052,0.7471646384033677,0.5000553923515497,0.0,0.9085804726265172,0.948453803586537,0.044201642261449514,0.03331806463757203,0.03717439260702904,0.0699516453324277,0.9557983577385505,0.3875,0.08540691813207535,0.044201642261449514,4,1,0.3822009307175188,0.6229048133916083,0.538189342679302,0.5769763027983452,0.4454465225297656,0.4123325391542103
v7-pilots_iteration2-utility_restoration-medium-low-high-medium-modular-private_fragmented-774105-always_act-event_triggered,utility_restoration,medium,low,high,medium,modular,private_fragmented,event_triggered,774105,always_act,12,UTL-26-cyber_defense,U02,no_operational_action,no_information_action,no_communication_action,execute_autonomously,False,False,0.0,False,False,False,0.5957983392096692,0.17315258532112107,0.1051480919769999,0.11913140003331651,0.0,0.8692505307661383,0.9038971934001138,0.025877285559803398,0.021886341910977047,0.01855015560640194,0.06450080373077394,0.9741227144401966,0.5208333333333333,0.09016593706234888,0.025877285559803398,4,2,0.28156297133928354,0.5957983392096692,0.49186016815912703,0.5398579317010439,0.4524431908055041,0.3398269987963224
v7-pilots_iteration2-utility_restoration-medium-low-high-medium-modular-private_fragmented-774105-always_act-event_triggered,utility_restoration,medium,low,high,medium,modular,private_fragmented,event_triggered,774105,always_act,12,UTL-27-communications,U07,isolate_component,request_peer_evidence,send_targeted_summary,execute_autonomously,True,True,-0.03401554233399226,True,False,True,0.6898465616090605,0.008764708587301662,0.7838514111330753,0.3428407218445699,0.0,0.8960297668943844,0.8960297668943844,0.0,0.0,0.0,0.0,1.0,0.8333333333333334,0.11812454838796771,0.0,1,5,0.36722960418977735,0.6898465616090605,0.49994606636722033,0.5532591593740657,0.4564022225424721,0.3426312572052187
v7-pilots_iteration2-utility_restoration-medium-low-high-medium-modular-private_fragmented-774105-always_act-event_triggered,utility_restoration,medium,low,high,medium,modular,private_fragmented,event_triggered,774105,always_act,16,UTL-00-zone_operator,U04,no_operational_action,request_peer_evidence,send_targeted_summary,execute_autonomously,False,False,0.0,False,False,False,0.6544230361708745,0.11046905483075031,0.9536942180116581,0.7328566161169042,0.0,0.8796291497922446,0.9339657101363632,0.033718124513530956,0.03063703479307278,0.020543459237717276,0.02355226518391318,0.966281875486469,0.16999999999999998,-0.009519408260794893,-0.03408818563744542,5,0,0.4487894201661543,0.6544230361708745,0.5288818762353543,0.5829453083760634,0.3446571182713153,0.3398857718257227
v7-pilots_iteration2-utility_restoration-medium-low-high-medium-modular-private_fragmented-774105-always_act-event_triggered,utility_restoration,medium,low,high,medium,modular,private_fragmented,event_triggered,774105,always_act,16,UTL-01-crew_dispatch,U09,no_operational_action,request_peer_evidence,send_targeted_summary,execute_autonomously,False,False,0.0,False,False,False,0.7931012409553471,0.06567806505928966,0.49685898761749503,0.5387583980002868,0.0,0.9266921236101576,0.9402857550644291,0.0445735280014985,0.035090528582002456,0.033676435524057746,0.0,0.9554264719985015,0.5666666666666667,0.008072374675158644,0.0445735280014985,3,2,0.44935643744488685,0.7931012409553471,0.6113164664867762,0.6543252551696639,0.44643585453457907,0.4365415262169302
v7-pilots_iteration2-utility_restoration-medium-low-high-medium-modular-private_fragmented-774105-always_act-event_triggered,utility_restoration,medium,low,high,medium,modular,private_fragmented,event_triggered,774105,always_act,16,UTL-02-cyber_defense,U10,restore_communication_relay,no_information_action,no_communication_action,execute_autonomously,True,False,0.0,False,False,False,0.8417284819228326,0.17506875302712183,0.0,0.0,0.0,0.9122728389802217,0.922722691784264,0.013369713880288181,0.011903751793289064,0.008222467467773442,0.0,0.9866302861197118,0.725,0.03608351110379693,0.013369713880288181,2,3,0.33658768385376314,0.8417284819228326,0.583477201946592,0.6349041061321496,0.4985259624075896,0.35230444571567054
v7-pilots_iteration2-utility_restoration-medium-low-high-medium-modular-private_fragmented-774105-always_act-event_triggered,utility_restoration,medium,low,high,medium,modular,private_fragmented,event_triggered,774105,always_act,16,UTL-03-communications,U07,isolate_component,request_peer_evidence,negotiate_commitment,execute_autonomously,True,True,-0.016860908441107127,True,False,True,0.710554012704919,0.07690142732457692,0.21203028137023763,0.07304439741336109,0.0,0.938170948689967,0.9523298752380189,0.03728998438981945,0.037629826024489166,0.02127691107476548,0.0,0.9627100156101805,0.7916666666666666,0.11181889422189273,0.03728998438981945,2,4,0.3095190196988792,0.710554012704919,0.5709703204002067,0.6284779546883525,0.4567660186693993,0.37330719794707456
v7-pilots_iteration2-utility_restoration-medium-low-high-medium-modular-private_fragmented-774105-always_act-event_triggered,utility_restoration,medium,low,high,medium,modular,private_fragmented,event_triggered,774105,always_act,16,UTL-04-resource_allocation,U08,no_operational_action,request_peer_evidence,send_targeted_summary,execute_autonomously,False,False,0.0,False,False,False,0.6849938602316192,0.03615891688738171,0.0,0.0,0.0,0.9133017937242325,0.9243715214473888,0.03552640152533837,0.02840274867382908,0.028883377325561788,0.11366221742127569,0.9644735984746616,0.5083333333333333,0.037695790235134474,0.03552640152533837,4,2,0.2832979124787506,0.6849938602316192,0.5520599546591796,0.5971804631280396,0.5621306584442858,0.40211418736394344
v7-pilots_iteration2-utility_restoration-medium-low-high-medium-modular-private_fragmented-774105-always_act-event_triggered,utility_restoration,medium,low,high,medium,modular,private_fragmented,event_triggered,774105,always_act,16,UTL-05-critical_load,U09,no_operational_action,request_peer_evidence,send_targeted_summary,execute_autonomously,False,False,0.0,False,False,False,0.8429583160423041,0.03926887770737034,0.0,0.0,0.0,0.9336447450560018,0.9436098951188322,0.010251895903211627,0.008729959348248273,0.007038412115645487,0.0,0.9897481040967884,0.725,0.10789655630244066,0.010251895903211627,2,3,0.33700582745438346,0.8429583160423041,0.5849471669454184,0.637040175340778,0.4990424927377677,0.34764371476672695
v7-pilots_iteration2-utility_restoration-medium-low-high-medium-modular-private_fragmented-774105-always_act-event_triggered,utility_restoration,medium,low,high,medium,modular,private_fragmented,event_triggered,774105,always_act,16,UTL-06-zone_operator,U06,restore_communication_relay,request_peer_evidence,negotiate_commitment,execute_autonomously,True,True,-0.033604921657868575,True,False,True,0.7387889405044917,0.009243924964204453,0.7701640552622857,0.5667378801303142,0.0,0.9295821828324266,0.9434713339023916,0.011029309465131698,0.009113993854781732,0.007494983679034339,0.0,0.9889706905348683,0.725,0.1292888087549099,0.011029309465131698,2,3,0.43760533100280263,0.7387889405044917,0.5433521551610877,0.5955632172493788,0.45529135501188656,0.38772381239049447
v7-pilots_iteration2-utility_restoration-medium-low-high-medium-modular-private_fragmented-774105-always_act-event_triggered,utility_restoration,medium,low,high,medium,modular,private_fragmented,event_triggered,774105,always_act,16,UTL-07-crew_dispatch,U07,no_operational_action,request_peer_evidence,send_targeted_summary,execute_autonomously,False,False,0.0,False,False,False,0.9174698996787558,0.10417914934553837,0.14070275676698968,0.08002056007206809,0.0,0.913810581092084,0.9417788108980223,0.04810258875103279,0.04424001346166062,0.030893122328015,0.0,0.9518974112489672,0.7916666666666666,0.02631324327513329,0.04810258875103279,2,4,0.3815447003080733,0.9174698996787558,0.6627842293959693,0.7146413384381937,0.5436706911984108,0.4507672955134532
v7-pilots_iteration2-utility_restoration-medium-low-high-medium-modular-private_fragmented-774105-always_act-event_triggered,utility_restoration,medium,low,high,medium,modular,private_fragmented,event_triggered,774105,always_act,16,UTL-08-cyber_defense,U08,restore_communication_relay,request_peer_evidence,send_targeted_summary,execute_autonomously,True,False,0.0,False,False,False,0.7396242764448322,0.02375424946084667,0.08181783822938665,0.11863586543261065,0.0,0.9601306811525314,0.9601306811525314,0.0,0.0,0.0,0.0,1.0,0.8333333333333334,0.07799897026797786,0.0,1,5,0.3303448616950695,0.7396242764448322,0.5358823808660658,0.5872700476081821,0.4773088627734962,0.32966443458979966
v7-pilots_iteration2-utility_restoration-medium-low-high-medium-modular-private_fragmented-774105-always_act-event_triggered,utility_restoration,medium,low,high,medium,modular,private_fragmented,event_triggered,774105,always_act,16,UTL-09-communications,U05,dispatch_repair_crew,request_peer_evidence,negotiate_commitment,execute_autonomously,False,True,0.0,False,False,False,0.7523970291717716,0.043472513764445136,0.7152158349319025,0.43706296065125877,0.0,0.9676054194177592,0.9727965992390102,0.01855099195339316,0.014041484059742704,0.01600257138270378,0.0321517991637863,0.9814490080466068,0.5666666666666667,0.0895675982144939,0.01855099195339316,3,2,0.41111010047470453,0.7523970291717716,0.568831555257899,0.6153597380421927,0.47821082031443257,0.39253322087098286
v7-pilots_iteration2-utility_restoration-medium-low-high-medium-modular-private_fragmented-774105-always_act-event_triggered,utility_restoration,medium,low,high,medium,modular,private_fragmented,event_triggered,774105,always_act,16,UTL-10-resource_allocation,U06,reconfigure_service_edge,request_peer_evidence,negotiate_commitment,execute_autonomously,True,False,0.0,False,False,False,0.6459416316865506,0.1123736652901503,0.8511677853400075,0.6841932887430109,0.0,0.8976599385035834,0.9321103240410126,0.04139342710259386,0.03648789902813632,0.027293019008848396,0.0,0.9586065728974061,0.725,-0.03185623882702171,0.04139342710259386,2,3,0.4342265440717499,0.6459416316865506,0.5407424352441476,0.5903028701223765,0.41629548530835125,0.42714294882713105
v7-pilots_iteration2-utility_restoration-medium-low-high-medium-modular-private_fragmented-774105-always_act-event_triggered,utility_restoration,medium,low,high,medium,modular,private_fragmented,event_triggered,774105,always_act,16,UTL-11-critical_load,U11,no_operational_action,no_information_action,no_communication_action,execute_autonomously,False,False,0.0,False,False,False,0.61844301472986,0.2021422859050884,0.01498590657873833,0.02172956453917058,0.0,0.8978570945179652,0.8978570945179652,0.0,0.0,0.0,0.0,1.0,0.8,-0.03796374386797852,0.0,1,4,0.2658857204975533,0.61844301472986,0.4718414795214353,0.5235009081199342,0.4197460661865412,0.2797715918690613
v7-pilots_iteration2-utility_restoration-medium-low-high-medium-modular-private_fragmented-774105-always_act-event_triggered,utility_restoration,medium,low,high,medium,modular,private_fragmented,event_triggered,774105,always_act,16,UTL-12-zone_operator,U04,no_operational_action,no_information_action,no_communication_action,execute_autonomously,False,False,0.0,False,False,False,0.6633703238328044,0.1416955027065998,1.0,1.0,0.0,0.928731936259812,0.9433764689176206,0.014966700940676092,0.012381824812063846,0.009861545580512554,0.0,0.9850332990593239,0.5666666666666667,-0.025061951687491146,0.014966700940676092,3,2,0.5159459101031535,0.6633703238328044,0.5184844949150214,0.5676048084309318,0.3919488693431112,0.4045308529457395
v7-pilots_iteration2-utility_restoration-medium-low-high-medium-modular-private_fragmented-774105-always_act-event_triggered,utility_restoration,medium,low,high,medium,modular,private_fragmented,event_triggered,774105,always_act,16,UTL-13-crew_dispatch,U05,dispatch_repair_crew,request_peer_evidence,send_targeted_summary,execute_autonomously,False,False,0.0,False,False,False,0.6791522520583851,0.12351349504247136,0.9200049683784277,0.7340072041487202,0.0,0.9361088545789459,0.9641261428570057,0.04340608524697476,0.03604278047013698,0.03155714916475805,0.045016071926624275,0.9565939147530252,0.3875,0.07086368285886013,0.04340608524697476,4,1,0.4574734946955439,0.6791522520583851,0.5664566338138552,0.6113861415946684,0.43116837519299067,0.435405653889439
v7-pilots_iteration2-utility_restoration-medium-low-high-medium-modular-private_fragmented-774105-always_act-event_triggered,utility_restoration,medium,low,high,medium,modular,private_fragmented,event_triggered,774105,always_act,16,UTL-14-cyber_defense,U10,no_operational_action,request_peer_evidence,send_targeted_summary,execute_autonomously,False,False,0.0,False,False,False,0.8318699105153715,0.07846876511407394,0.0,0.0,0.0,0.9408313092339962,0.9426709487673249,0.007322559898807257,0.00554868128594721,0.005685421540092661,0.0,0.9926774401011927,0.725,0.16840945839058385,0.007322559898807257,2,3,0.3332357695752264,0.8318699105153715,0.5782073753729777,0.6276892919332624,0.49438536241645603,0.3397051068748665
v7-pilots_iteration2-utility_restoration-medium-low-high-medium-modular-private_fragmented-774105-always_act-event_triggered,utility_restoration,medium,low,high,medium,modular,private_fragmented,event_triggered,774105,always_act,16,UTL-15-communications,U11,no_operational_action,request_peer_evidence,send_targeted_summary,execute_autonomously,False,False,0.0,False,False,False,0.6557978787284149,0.12959176925979043,0.11454073220548047,0.16608406169794668,0.0,0.9068508229751169,0.9068508229751169,0.0,0.0,0.0,0.0,1.0,0.8,0.13896818918154175,0.0,1,4,0.31323145357516824,0.6557978787284149,0.4890318572351452,0.5422808544401239,0.43543510906593424,0.30755349344770977
v7-pilots_iteration2-utility_restoration-medium-low-high-medium-modular-private_fragmented-774105-always_act-event_triggered,utility_restoration,medium,low,high,medium,modular,private_fragmented,event_triggered,774105,always_act,16,UTL-16-resource_allocation,U04,reconfigure_service_edge,request_peer_evidence,send_targeted_summary,execute_autonomously,True,False,0.0,False,False,False,0.6294797695589538,0.12441965253689308,0.8070617882437202,0.5202395929533943,0.0,0.8661367650495008,0.8789975807513696,0.01750094811164915,0.015524206329991297,0.01213317154042437,0.0,0.9824990518883508,0.725,0.016267453380005903,0.01750094811164915,2,3,0.389280623958859,0.6294797695589538,0.4928274264422655,0.5464975403120957,0.4093815032147605,0.3627584246484136
v7-pilots_iteration2-utility_restoration-medium-low-high-medium-modular-private_fragmented-774105-always_act-event_triggered,utility_restoration,medium,low,high,medium,modular,private_fragmented,event_triggered,774105,always_act,16,UTL-17-critical_load,U09,no_operational_action,request_peer_evidence,send_targeted_summary,execute_autonomously,False,False,0.0,False,False,False,0.8929191030991895,0.2718690974981326,0.3962448418160801,0.3551233371782063,0.0,0.8710244853665396,0.8710244853665396,0.0,0.0,0.0,0.0,1.0,0.8,0.009003837941513604,0.0,1,4,0.439222095976494,0.8929191030991895,0.5749237625813107,0.6220810351671979,0.5350260233016596,0.3966321493291579
v7-pilots_iteration2-utility_restoration-medium-low-high-medium-modular-private_fragmented-774105-always_act-event_triggered,utility_restoration,medium,low,high,medium,modular,private_fragmented,event_triggered,774105,always_act,16,UTL-18-zone_operator,U10,reconfigure_service_edge,no_information_action,no_communication_action,execute_autonomously,True,False,0.0,False,False,False,0.6415502187235285,0.1487348680805009,0.0,0.0,0.0,0.9188099125553106,0.9375802059672158,0.0333242589795677,0.02619610226180924,0.026832598253144546,0.0,0.9666757410204323,0.5666666666666667,0.05784144298025384,0.0333242589795677,3,2,0.2685270743659997,0.6415502187235285,0.5329765281996338,0.5762576378020445,0.3827844251972153,0.3108671068958043
v7-pilots_iteration2-utility_restoration-medium-low-high-medium-modular-private_fragmented-774105-always_act-event_triggered,utility_restoration,medium,low,high,medium,modular,private_fragmented,event_triggered,774105,always_act,16,UTL-19-crew_dispatch,U07,dispatch_repair_crew,request_peer_evidence,send_targeted_summary,execute_autonomously,False,False,0.0,False,False,False,0.836124963052245,0.0368823790924685,0.3581402881831154,0.3809751552595257,0.0,0.9754890963067455,0.9754890963067455,0.0,0.0,0.0,0.0,1.0,0.8333333333333334,0.29492182054529004,0.0,1,5,0.42611652470004957,0.836124963052245,0.5783222592975844,0.6292815300508048,0.5178391511486096,0.38816534161910504
v7-pilots_iteration2-utility_restoration-medium-low-high-medium-modular-private_fragmented-774105-always_act-event_triggered,utility_restoration,medium,low,high,medium,modular,private_fragmented,event_triggered,774105,always_act,16,UTL-20-cyber_defense,U08,no_operational_action,no_information_action,no_communication_action,execute_autonomously,False,False,0.0,False,False,False,0.5829172211658857,0.1993353467508055,0.19294831766231837,0.2797750606103616,0.0,0.8416964598783526,0.9123479546226241,0.05944844844694486,0.05096144731398722,0.0407151414670075,0.09478530845481135,0.9405515515530551,0.3466666666666667,0.23583562198428232,0.05944844844694486,5,1,0.315737869742888,0.5829172211658857,0.5268188312616653,0.5739946443142597,0.45823223507431865,0.4114699214010139
v7-pilots_iteration2-utility_restoration-medium-low-high-medium-modular-private_fragmented-774105-always_act-event_triggered,utility_restoration,medium,low,high,medium,modular,private_fragmented,event_triggered,774105,always_act,16,UTL-21-communications,U09,isolate_component,request_peer_evidence,send_targeted_summary,execute_autonomously,True,True,-129.98737054130748,True,False,True,0.7434602088367094,0.009075905026067588,0.01731902381248286,0.0,0.0,0.9368392409149647,0.9506357889747198,0.031446098493188024,0.026952365479895768,0.020290714569202284,0.0,0.968553901506812,0.5666666666666667,0.11858879649676513,0.031446098493188024,3,2,0.3031764710044812,0.7434602088367094,0.5756184316538882,0.6252083666100519,0.42558662104475126,0.33461473680023524
v7-pilots_iteration2-utility_restoration-medium-low-high-medium-modular-private_fragmented-774105-always_act-event_triggered,utility_restoration,medium,low,high,medium,modular,private_fragmented,event_triggered,774105,always_act,16,UTL-22-resource_allocation,U06,reconfigure_service_edge,request_peer_evidence,send_targeted_summary,execute_autonomously,True,False,0.0,False,False,False,0.6175246759583323,0.09523639035433423,0.5870588801915644,0.3012353762777683,0.0,0.8631147760702375,0.8725784147870308,0.004066438098426772,0.0030799190104903174,0.003703726693631615,0.0,0.9959335619015732,0.725,-0.04295422745632993,0.004066438098426772,2,3,0.33265488013249744,0.6175246759583323,0.46848157773868976,0.5192638486390944,0.4043603639024995,0.3104641307439914
v7-pilots_iteration2-utility_restoration-medium-low-high-medium-modular-private_fragmented-774105-always_act-event_triggered,utility_restoration,medium,low,high,medium,modular,private_fragmented,event_triggered,774105,always_act,16,UTL-23-critical_load,U07,no_operational_action,request_peer_evidence,send_targeted_summary,execute_autonomously,False,False,0.0,False,False,False,0.9008491449580317,0.0074881195346288565,0.2570029337327874,0.30792161846199595,0.0,0.8902418106267715,0.9247005692701917,0.062111241727251354,0.057131824484431326,0.04021337504934741,0.0,0.9378887582727486,0.6666666666666666,0.042517873665009254,0.062111241727251354,3,3,0.4305898977166098,0.9008491449580317,0.6698558490580575,0.7237890954841062,0.5116899742157066,0.4810014460873123
v7-pilots_iteration2-utility_restoration-medium-low-high-medium-modular-private_fragmented-774105-always_act-event_triggered,utility_restoration,medium,low,high,medium,modular,private_fragmented,event_triggered,774105,always_act,16,UTL-24-zone_operator,U08,dispatch_repair_crew,no_information_action,no_communication_action,execute_autonomously,False,False,0.0,False,False,False,0.6096558676376718,0.23649346525236062,0.12773918314179086,0.18522181555559675,0.0,0.9115278642796962,0.9115278642796962,0.0,0.0,0.0,0.0,1.0,0.8333333333333334,-0.0603497543762479,0.0,1,5,0.3021362307301516,0.6096558676376718,0.47174431312499276,0.5208215308850814,0.4227221310744888,0.3012635941385531
v7-pilots_iteration2-utility_restoration-medium-low-high-medium-modular-private_fragmented-774105-always_act-event_triggered,utility_restoration,medium,low,high,medium,modular,private_fragmented,event_triggered,774105,always_act,16,UTL-25-crew_dispatch,U05,dispatch_repair_crew,request_peer_evidence,send_targeted_summary,execute_autonomously,False,True,0.0,False,False,False,0.6495855959378725,0.07969237706944232,0.7888338665637254,0.543809106517402,0.0,0.8810750991402575,0.8901628496295719,0.012392573989583822,0.009794240503029128,0.011254699319061645,0.0,0.9876074260104162,0.5666666666666667,0.030364740958082392,0.012392573989583822,3,2,0.40177328818305313,0.6495855959378725,0.4974526167456308,0.5483608039289365,0.3861592836272398,0.3427076150038482
v7-pilots_iteration2-utility_restoration-medium-low-high-medium-modular-private_fragmented-774105-always_act-event_triggered,utility_restoration,medium,low,high,medium,modular,private_fragmented,event_triggered,774105,always_act,16,UTL-26-cyber_defense,U06,isolate_component,request_peer_evidence,send_targeted_summary,execute_autonomously,True,False,0.0,False,False,False,0.70603761626022,0.0012938243250787407,0.6152431399517738,0.342102552930072,0.0,0.8987808887393733,0.9210694659227737,0.027498259376506295,0.02666157384254786,0.016546651238589893,0.0,0.9725017406234937,0.5666666666666667,-0.006936805143794023,0.027498259376506295,3,2,0.3725574022316921,0.70603761626022,0.5456078318160401,0.6021652507911861,0.4098691321626257,0.35872073968302853
v7-pilots_iteration2-utility_restoration-medium-low-high-medium-modular-private_fragmented-774105-always_act-event_triggered,utility_restoration,medium,low,high,medium,modular,private_fragmented,event_triggered,774105,always_act,16,UTL-27-communications,U11,reconfigure_service_edge,request_peer_evidence,send_targeted_summary,execute_autonomously,True,True,-0.010499999999999999,True,False,True,0.7223215600236171,0.09516492618805122,0.0,0.0,0.0,0.9741654354397409,0.9741654354397409,0.0,0.0,0.0,0.0,1.0,0.8,0.14742385972997474,0.0,1,4,0.2959893304080299,0.7223215600236171,0.5324699828693821,0.5827719687010993,0.46337505520991923,0.30625003680661284
v7-pilots_iteration2-utility_restoration-medium-low-high-medium-modular-private_fragmented-774105-always_act-event_triggered,utility_restoration,medium,low,high,medium,modular,private_fragmented,event_triggered,774105,always_act,20,UTL-00-zone_operator,U08,dispatch_repair_crew,request_peer_evidence,negotiate_commitment,execute_autonomously,False,False,0.0,False,False,False,0.666860798055118,0.040512531809418495,0.0,0.0,0.0,0.8628284354882493,0.9188633716278977,0.05784819878956193,0.05008779531534935,0.0383277749017743,0.06485701681477019,0.9421518012104381,0.18333333333333335,0.018400191462609294,-0.035268383963707794,6,0,0.2771326713387402,0.666860798055118,0.5634389063994962,0.6136145321198176,0.4153308674082669,0.3090150913518485
v7-pilots_iteration2-utility_restoration-medium-low-high-medium-modular-private_fragmented-774105-always_act-event_triggered,utility_restoration,medium,low,high,medium,modular,private_fragmented,event_triggered,774105,always_act,20,UTL-01-crew_dispatch,U13,no_operational_action,no_information_action,no_communication_action,execute_autonomously,False,False,0.0,False,False,False,0.7751533558221896,0.18498990699137152,0.5868805416198745,0.30097678534881794,0.0,0.8471660879485633,0.9043861382148801,0.043699254003000565,0.035728604613240456,0.034824907764377744,0.009129393951349596,0.9563007459969994,0.3666666666666667,-0.03138775855013565,0.043699254003000565,5,1,0.3861865694632608,0.7751533558221896,0.5830318199202175,0.6290445824399176,0.41277442158470434,0.38301536028159333
v7-pilots_iteration2-utility_restoration-medium-low-high-medium-modular-private_fragmented-774105-always_act-event_triggered,utility_restoration,medium,low,high,medium,modular,private_fragmented,event_triggered,774105,always_act,20,UTL-02-cyber_defense,U14,no_operational_action,request_peer_evidence,send_targeted_summary,execute_autonomously,False,False,0.0,False,False,False,0.6922258153329806,0.06834685256338277,0.5192549750269477,0.20291971378907417,0.0,0.9209117675465972,0.9365666971655849,0.01845640933384418,0.015967886969811884,0.011967728215502738,0.010087879073221395,0.9815435906661558,0.5666666666666667,0.00601552188385035,0.01845640933384418,3,2,0.33445750852259126,0.6922258153329806,0.5329572410872234,0.5843521538186305,0.41940175196448165,0.33020299752268606
v7-pilots_iteration2-utility_restoration-medium-low-high-medium-modular-private_fragmented-774105-always_act-event_triggered,utility_restoration,medium,low,high,medium,modular,private_fragmented,event_triggered,774105,always_act,20,UTL-03-communications,U15,reconfigure_service_edge,no_information_action,negotiate_commitment,execute_autonomously,True,False,0.0,False,False,False,0.6282041589639233,0.14681511861919844,0.403349202735945,0.0348563439671202,0.0,0.8901601364099841,0.9179231369081525,0.025055400814418816,0.020067505911431027,0.01866372812071726,0.0,0.9749445991855812,0.725,0.047581830745251685,0.025055400814418816,2,3,0.2723549365998428,0.6282041589639233,0.5088992588282517,0.5561756495975219,0.40884574676484775,0.31708227324021554
v7-pilots_iteration2-utility_restoration-medium-low-high-medium-modular-private_fragmented-774105-always_act-event_triggered,utility_restoration,medium,low,high,medium,modular,private_fragmented,event_triggered,774105,always_act,20,UTL-04-resource_allocation,U12,isolate_component,request_peer_evidence,negotiate_commitment,execute_autonomously,True,False,0.0,False,False,False,0.617917231765144,0.18534823608794204,0.020421136814011656,0.012341215353235374,0.0,0.899334655736302,0.9425538558371495,0.04101203176833812,0.03379377322680699,0.028635485786205117,0.0,0.9589879682316619,0.5666666666666667,-0.045858801727523546,0.04101203176833812,3,2,0.2634537504849255,0.617917231765144,0.5294174011158065,0.5737434663413432,0.3728585706746938,0.3175884876507582
v7-pilots_iteration2-utility_restoration-medium-low-high-medium-modular-private_fragmented-774105-always_act-event_triggered,utility_restoration,medium,low,high,medium,modular,private_fragmented,event_triggered,774105,always_act,20,UTL-05-critical_load,U13,no_operational_action,no_information_action,no_communication_action,execute_autonomously,False,False,0.0,False,False,False,0.8433082083039287,0.3855604124441747,0.3760517568969667,0.0,0.0,0.7784329753462079,0.831621349772679,0.0313057548989083,0.02091211577844454,0.03626151433093949,0.0,0.9686942451010917,0.6666666666666666,-0.010775287129518585,0.0313057548989083,3,3,0.3371247908233358,0.8433082083039287,0.5757595840165951,0.6055005443742589,0.4875227808209833,0.380287864499207
v7-pilots_iteration2-utility_restoration-medium-low-high-medium-modular-private_fragmented-774105-always_act-event_triggered,utility_restoration,medium,low,high,medium,modular,private_fragmented,event_triggered,774105,always_act,20,UTL-06-zone_operator,U14,no_operational_action,request_peer_evidence,send_targeted_summary,execute_autonomously,False,False,0.0,False,False,False,0.6636988225402651,0.039449656297480984,0.26410706265227013,0.0,0.0,0.880044681429618,0.8917035671415103,0.007458124427758173,0.006302044886543845,0.004942301373109692,0.02282752842039404,0.9925418755722418,0.725,0.04383328076858195,0.007458124427758173,2,3,0.27605759966369015,0.6636988225402651,0.49593207357237196,0.5486494749948181,0.4584513486659103,0.30923977268889036
v7-pilots_iteration2-utility_restoration-medium-low-high-medium-modular-private_fragmented-774105-always_act-event_triggered,utility_restoration,medium,low,high,medium,modular,private_fragmented,event_triggered,774105,always_act,20,UTL-07-crew_dispatch,U11,no_operational_action,request_peer_evidence,send_targeted_summary,execute_autonomously,False,False,0.0,False,False,False,0.690607201990922,0.0604051767580312,0.4960152739469961,0.16922214722314435,0.0,0.9060581677347221,0.9085170067004626,0.0012931624573233602,0.0011149923022979458,0.0007918952122070166,0.0,0.9987068375426766,0.725,0.030224119227074575,0.0012931624573233602,2,3,0.3258197640104682,0.690607201990922,0.504567850170302,0.5585715279753798,0.4350550248361872,0.3100828680823519
v7-pilots_iteration2-utility_restoration-medium-low-high-medium-modular-private_fragmented-774105-always_act-event_triggered,utility_restoration,medium,low,high,medium,modular,private_fragmented,event_triggered,774105,always_act,20,UTL-08-cyber_defense,U12,restore_communication_relay,request_peer_evidence,send_targeted_summary,execute_autonomously,True,False,0.0,False,False,False,0.8025384569380236,0.13204335008527313,0.391494722901731,0.1004386820619114,0.0,0.93507287046309,0.9542100829801966,0.02804421444495664,0.021116836943074757,0.022310158956119652,0.05426404955106712,0.9719557855550434,0.725,0.07132836992054026,0.02804421444495664,2,3,0.3473683590537868,0.8025384569380236,0.5940455006139213,0.637535318967174,0.5645475072315919,0.41864855716118365
v7-pilots_iteration2-utility_restoration-medium-low-high-medium-modular-private_fragmented-774105-always_act-event_triggered,utility_restoration,medium,low,high,medium,modular,private_fragmented,event_triggered,774105,always_act,20,UTL-09-communications,U13,reconfigure_service_edge,no_information_action,negotiate_commitment,execute_autonomously,True,True,-0.024385382304437053,True,False,True,0.5409782950459939,0.23710704435720645,0.4628460768145684,0.12112681138112415,0.0,0.7999237491514603,0.8707213209643603,0.057104826652098706,0.04844469965614828,0.04205603407105374,0.0,0.9428951733479013,0.6666666666666666,-0.07629571528331813,0.057104826652098706,3,3,0.26340305504710776,0.5409782950459939,0.49631901261920086,0.542000819171493,0.36054421725265073,0.3503808450140952
v7-pilots_iteration2-utility_restoration-medium-low-high-medium-modular-private_fragmented-774105-always_act-event_triggered,utility_restoration,medium,low,high,medium,modular,private_fragmented,event_triggered,774105,always_act,20,UTL-10-resource_allocation,U10,reconfigure_service_edge,request_peer_evidence,negotiate_commitment,execute_autonomously,True,False,0.0,False,False,False,0.7265857240863819,0.03800399663384413,0.2617336058143088,0.0,0.0,0.9283972044790224,0.9310198820704727,0.004394173190742423,0.003212212740512199,0.0036328523357243014,0.0,0.9956058268092576,0.725,0.06926501626129344,0.004394173190742423,2,3,0.29743914618936984,0.7265857240863819,0.5288854332213477,0.5808118818578311,0.4501660041162804,0.30527740758415395
v7-pilots_iteration2-utility_restoration-medium-low-high-medium-modular-private_fragmented-774105-always_act-event_triggered,utility_restoration,medium,low,high,medium,modular,private_fragmented,event_triggered,774105,always_act,20,UTL-11-critical_load,U15,no_operational_action,request_peer_evidence,send_targeted_summary,execute_autonomously,False,False,0.0,False,False,False,0.7990923842481322,0.09878087044791134,0.7780853266727406,0.5782237236754737,0.0,0.9410622758894903,0.9410622758894903,0.0,0.0,0.0,0.0,1.0,0.8,0.018348190913614948,0.0,1,4,0.46086510432647865,0.7990923842481322,0.5549025226716255,0.6070390862646364,0.49561880138421555,0.3971327144305339
v7-pilots_iteration2-utility_restoration-medium-low-high-medium-modular-private_fragmented-774105-always_act-event_triggered,utility_restoration,medium,low,high,medium,modular,private_fragmented,event_triggered,774105,always_act,20,UTL-12-zone_operator,U12,restore_communication_relay,request_peer_evidence,send_targeted_summary,execute_autonomously,True,False,0.0,False,False,False,0.675870102557671,0.02017337269166286,0.15755945859775788,0.1114958164542825,0.0,0.8741213719451632,0.94360809004516,0.052965859812259763,0.04429452801566358,0.03569118013465522,0.08099637734461451,0.9470341401877402,0.5666666666666667,0.06596987239490659,0.052965859812259763,3,2,0.30695483081863595,0.675870102557671,0.5630305877465229,0.6098706556798276,0.5203132699713692,0.42449037481742175
v7-pilots_iteration2-utility_restoration-medium-low-high-medium-modular-private_fragmented-774105-always_act-event_triggered,utility_restoration,medium,low,high,medium,modular,private_fragmented,event_triggered,774105,always_act,20,UTL-13-crew_dispatch,U09,dispatch_repair_crew,request_peer_evidence,send_targeted_summary,execute_autonomously,False,True,0.0,False,False,False,0.8242232113940056,0.25426742880778874,0.13791209887740655,0.14169827047961187,0.0,0.8660883404861791,0.8853041930572771,0.015931154223768118,0.011306927709271997,0.015365529184703686,0.0,0.9840688457762319,0.5666666666666667,-0.024255042782464598,0.015931154223768118,3,2,0.36464347678906883,0.8242232113940056,0.5685149855924224,0.6127994598627076,0.4595070821188157,0.3496990668270922
v7-pilots_iteration2-utility_restoration-medium-low-high-medium-modular-private_fragmented-774105-always_act-event_triggered,utility_restoration,medium,low,high,medium,modular,private_fragmented,event_triggered,774105,always_act,20,UTL-14-cyber_defense,U14,no_operational_action,no_information_action,no_communication_action,execute_autonomously,False,False,0.0,False,False,False,0.5492766584028291,0.26415988515442757,0.4161192784390263,0.05337295373658807,0.0,0.8272221512686632,0.8526935187796961,0.014638378883506165,0.011226763045283805,0.013701664572341343,0.0,0.9853616211164938,0.725,0.005758499130155581,0.014638378883506165,2,3,0.24996357275374306,0.5492766584028291,0.4470099316152061,0.4952547145689677,0.3756961965291882,0.280393746878313
v7-pilots_iteration2-utility_restoration-medium-low-high-medium-modular-private_fragmented-774105-always_act-event_triggered,utility_restoration,medium,low,high,medium,modular,private_fragmented,event_triggered,774105,always_act,20,UTL-15-communications,U15,reconfigure_service_edge,no_information_action,no_communication_action,execute_autonomously,True,False,0.0,False,False,False,0.6030561111003578,0.22383306723445154,0.5375916398176871,0.22950787773564624,0.0,0.9076966260612073,0.9300117591540741,0.02098855716473813,0.015595530899409571,0.017738719028062677,0.07316664092365754,0.9790114428352619,0.725,-0.017586867859327282,0.02098855716473813,2,3,0.3105209684306768,0.6030561111003578,0.49753058098607833,0.5402305944880968,0.5094968608661098,0.38025485118832464
v7-pilots_iteration2-utility_restoration-medium-low-high-medium-modular-private_fragmented-774105-always_act-event_triggered,utility_restoration,medium,low,high,medium,modular,private_fragmented,event_triggered,774105,always_act,20,UTL-16-resource_allocation,U08,no_operational_action,no_information_action,no_communication_action,execute_autonomously,False,False,0.0,False,False,False,0.4118158568675232,0.44919387972332114,0.0981314780172624,0.14229064312503048,0.0,0.726985036775068,0.7332429904100075,0.008330483317558812,0.009211620667962106,0.003540752795256785,0.0,0.9916695166824412,0.7916666666666666,-0.13359933896202036,0.008330483317558812,2,4,0.2245671456849652,0.4118158568675232,0.3581352785853586,0.399506614761034,0.3312959932176931,0.24897184140630169
v7-pilots_iteration2-utility_restoration-medium-low-high-medium-modular-private_fragmented-774105-always_act-event_triggered,utility_restoration,medium,low,high,medium,modular,private_fragmented,event_triggered,774105,always_act,20,UTL-17-critical_load,U13,no_operational_action,request_peer_evidence,send_targeted_summary,execute_autonomously,False,False,0.0,False,False,False,0.8571472557841772,0.12149273002482353,0.5439553713015115,0.2387352883871916,0.0,0.8935879686635951,0.8935879686635951,0.0,0.0,0.0,0.0,1.0,0.8333333333333334,0.04746271769363963,0.0,1,5,0.3991265361795463,0.8571472557841772,0.5662558944795697,0.6202277326020567,0.526668514096021,0.376982799559366
v7-pilots_iteration2-utility_restoration-medium-low-high-medium-modular-private_fragmented-774105-always_act-event_triggered,utility_restoration,medium,low,high,medium,modular,private_fragmented,event_triggered,774105,always_act,20,UTL-18-zone_operator,U14,no_operational_action,request_peer_evidence,send_targeted_summary,execute_autonomously,False,False,0.0,False,False,False,0.651205685219174,0.1260097744950936,0.5444498538737157,0.23945228811688768,0.0,0.9234929131403796,0.9247492426350398,0.011605073187085702,0.010502954273360343,0.006728314608198893,0.026029340983524718,0.9883949268129143,0.3875,-0.032719841631863034,0.011605073187085702,4,1,0.32927848212257227,0.651205685219174,0.5076026048346844,0.5577384586519414,0.39057098608701063,0.29966554671588125
v7-pilots_iteration2-utility_restoration-medium-low-high-medium-modular-private_fragmented-774105-always_act-event_triggered,utility_restoration,medium,low,high,medium,modular,private_fragmented,event_triggered,774105,always_act,20,UTL-19-crew_dispatch,U15,no_operational_action,no_information_action,no_communication_action,execute_autonomously,False,False,0.0,False,False,False,0.8525148832707163,0.2215805368614801,0.6173261787038344,0.3451229591205599,0.0,0.8425295577638254,0.861179105644144,0.009910670072724725,0.007209638578502542,0.009724161210335258,0.03240803755824706,0.9900893299272753,0.725,-0.06246717678326863,0.009910670072724725,2,3,0.4230845705009779,0.8525148832707163,0.5655132808510575,0.6129507464746438,0.5523164680622364,0.41559619335047976
v7-pilots_iteration2-utility_restoration-medium-low-high-medium-modular-private_fragmented-774105-always_act-event_triggered,utility_restoration,medium,low,high,medium,modular,private_fragmented,event_triggered,774105,always_act,20,UTL-20-cyber_defense,U12,isolate_component,request_peer_evidence,send_targeted_summary,execute_autonomously,True,True,-0.01673208687538917,True,False,True,0.6855555314520749,0.061701239246074624,0.20773622917963908,0.044147108113809515,0.0,0.8862458641803946,0.949399018028369,0.04988795374770738,0.042341525941654634,0.033037219677803265,0.0,0.9501120462522926,0.5666666666666667,0.01192836343618664,0.04988795374770738,3,2,0.29408418664101976,0.6855555314520749,0.565626813872719,0.61494226881628,0.4012666565432048,0.3549213586020917
v7-pilots_iteration2-utility_restoration-medium-low-high-medium-modular-private_fragmented-774105-always_act-event_triggered,utility_restoration,medium,low,high,medium,modular,private_fragmented,event_triggered,774105,always_act,20,UTL-21-communications,U13,dispatch_repair_crew,request_peer_evidence,send_targeted_summary,execute_autonomously,False,True,0.0,False,False,False,0.7814278186577911,0.0010328157317584796,0.30715996190519823,0.0,0.0,0.9686810636322118,0.9779574285451629,0.024987983575990635,0.01982319596671589,0.018119029457209668,0.04059399561190147,0.9750120164240094,0.5208333333333333,0.08312730032250248,0.024987983575990635,4,2,0.316085458343649,0.7814278186577911,0.5897245703775562,0.6360542942117223,0.4940692238330291,0.3584600342861273
v7-pilots_iteration2-utility_restoration-medium-low-high-medium-modular-private_fragmented-774105-always_act-event_triggered,utility_restoration,medium,low,high,medium,modular,private_fragmented,event_triggered,774105,always_act,20,UTL-22-resource_allocation,U14,no_operational_action,request_peer_evidence,send_targeted_summary,execute_autonomously,False,False,0.0,False,False,False,0.7332171433497541,0.05601028546413833,0.4198213204686217,0.058740914679501405,0.0,0.9465950614926155,0.9465950614926155,0.0,0.0,0.0,0.0,1.0,0.8,0.11845392134296184,0.0,1,4,0.3137916482619968,0.7332171433497541,0.5299356227130555,0.5834175299637063,0.46795120020689673,0.3163497098994713
v7-pilots_iteration2-utility_restoration-medium-low-high-medium-modular-private_fragmented-774105-always_act-event_triggered,utility_restoration,medium,low,high,medium,modular,private_fragmented,event_triggered,774105,always_act,20,UTL-23-critical_load,U11,no_operational_action,no_information_action,no_communication_action,execute_autonomously,False,False,0.0,False,False,False,0.575078850324745,0.24741481582534702,0.5472111545397691,0.24345617408266512,0.0,0.8679150995639161,0.8750485016605218,0.006125876060857127,0.005747336841264827,0.0034383524835742696,0.0,0.9938741239391429,0.5666666666666667,0.017317992467730248,0.006125876060857127,3,2,0.30435629089025296,0.575078850324745,0.455586541506077,0.5058197635056285,0.35486645046972626,0.274077431740122
v7-pilots_iteration2-utility_restoration-medium-low-high-medium-modular-private_fragmented-774105-always_act-event_triggered,utility_restoration,medium,low,high,medium,modular,private_fragmented,event_triggered,774105,always_act,20,UTL-24-zone_operator,U12,isolate_component,request_peer_evidence,send_targeted_summary,execute_autonomously,True,True,-0.018258490282127556,True,False,True,0.5856419082692952,0.22247422898926006,0.2586163427375852,0.28916323314930614,0.0,0.8793673287678511,0.8793673287678511,0.0,0.0,0.0,0.0,1.0,0.8,0.14226257136533982,0.0,1,4,0.3189174247673938,0.5856419082692952,0.45409859549968085,0.5040616562541123,0.405969601473104,0.3026793222933194
v7-pilots_iteration2-utility_restoration-medium-low-high-medium-modular-private_fragmented-774105-always_act-event_triggered,utility_restoration,medium,low,high,medium,modular,private_fragmented,event_triggered,774105,always_act,20,UTL-25-crew_dispatch,U13,no_operational_action,request_peer_evidence,send_targeted_summary,execute_autonomously,False,False,0.0,False,False,False,0.7718454755542631,0.01281491129112769,0.6553526095255439,0.4002612838120386,0.0,0.9081911438743341,0.9292164435235334,0.0247029806776089,0.02207306624941474,0.01564294811053968,0.019442806114898126,0.9752970193223911,0.5208333333333333,0.021670586031297123,0.0247029806776089,4,2,0.4088901698033388,0.7718454755542631,0.5703701491389412,0.6256725062407118,0.4578948316941023,0.38751231932071506
v7-pilots_iteration2-utility_restoration-medium-low-high-medium-modular-private_fragmented-774105-always_act-event_triggered,utility_restoration,medium,low,high,medium,modular,private_fragmented,event_triggered,774105,always_act,20,UTL-26-cyber_defense,U10,restore_communication_relay,no_information_action,no_communication_action,execute_autonomously,True,True,-0.02036477895065087,True,False,True,0.8044822246218484,0.19923857756711105,0.3288259650216957,0.0,0.0,0.877759928912458,0.8927938426934159,0.01465723035580535,0.012413989353490695,0.010319182817541184,0.0,0.9853427696441946,0.725,0.027304876218609553,0.01465723035580535,2,3,0.32392395637142846,0.8044822246218484,0.5617529945749814,0.6119608708670294,0.48288253434117634,0.3444039375428484
v7-pilots_iteration2-utility_restoration-medium-low-high-medium-modular-private_fragmented-774105-always_act-event_triggered,utility_restoration,medium,low,high,medium,modular,private_fragmented,event_triggered,774105,always_act,20,UTL-27-communications,U15,no_operational_action,request_peer_evidence,send_targeted_summary,execute_autonomously,False,False,0.0,False,False,False,0.7511734370623574,0.010585444181710563,0.4907417057491435,0.161575473336258,0.0,0.9174065700517562,0.9174065700517562,0.0,0.0,0.0,0.0,1.0,0.8,-0.010858342068826854,0.0,1,4,0.34457708220190353,0.7511734370623574,0.529821017337882,0.5856609308304286,0.47549284356619015,0.33371761917781106
v7-pilots_iteration2-utility_restoration-medium-low-high-medium-modular-private_fragmented-774105-always_act-event_triggered,utility_restoration,medium,low,high,medium,modular,private_fragmented,event_triggered,774105,always_act,24,UTL-00-zone_operator,U00,no_operational_action,no_information_action,no_communication_action,execute_autonomously,False,False,0.0,False,False,False,0.664097626883787,0.1540204770552154,0.0,0.0,0.0,0.9371795536817756,0.9364893134450147,0.006312650773022455,0.006082306406769544,0.003833275925681945,0.05751846337259769,0.9936873492269775,0.2,0.04902538091869879,-0.02720569364663461,5,0,0.2761931931404876,0.664097626883787,0.5087716502561902,0.5597530014588363,0.4063490676175391,0.25936663550309835
v7-pilots_iteration2-utility_restoration-medium-low-high-medium-modular-private_fragmented-774105-always_act-event_triggered,utility_restoration,medium,low,high,medium,modular,private_fragmented,event_triggered,774105,always_act,24,UTL-01-crew_dispatch,U05,dispatch_repair_crew,no_information_action,negotiate_commitment,execute_autonomously,False,True,0.0,False,False,False,0.6453392808328748,0.163702847093036,0.8209530183296292,0.5903818765779625,0.0,0.930874158245505,0.9368931093133193,0.0087331511758455,0.006818181084464636,0.0072104430960173715,0.03685984974379075,0.9912668488241545,0.3875,-0.004853672151840516,-0.02194457239216785,4,1,0.4115070058618885,0.6453392808328748,0.5030806635407099,0.5510247715211583,0.40456946956036943,0.3368820809608977
v7-pilots_iteration2-utility_restoration-medium-low-high-medium-modular-private_fragmented-774105-always_act-event_triggered,utility_restoration,medium,low,high,medium,modular,private_fragmented,event_triggered,774105,always_act,24,UTL-02-cyber_defense,U02,no_operational_action,no_information_action,no_communication_action,execute_autonomously,False,False,0.0,False,False,False,0.6348120972360511,0.17054241244614343,0.07782919669711398,0.07951900187748194,0.0,0.9118521954169255,0.9182768241654305,0.010346246598687214,0.00895937062421659,0.00726932112803691,0.030744856838795354,0.9896537534013128,0.3666666666666667,-0.01820720490568961,-0.07002746306612495,5,1,0.2853206735108531,0.6348120972360511,0.496372632986814,0.5463775903387775,0.3866865965674438,0.26665676640603586
v7-pilots_iteration2-utility_restoration-medium-low-high-medium-modular-private_fragmented-774105-always_act-event_triggered,utility_restoration,medium,low,high,medium,modular,private_fragmented,event_triggered,774105,always_act,24,UTL-03-communications,U03,reconfigure_service_edge,request_peer_evidence,negotiate_commitment,execute_autonomously,True,True,-0.010499999999999999,True,False,True,0.7162243682857183,0.011548556125475007,0.0,0.0,0.0,0.886260718262286,0.886260718262286,0.0,0.0,0.0,0.0,1.0,0.8,0.005887927420978767,0.0,1,4,0.2939162852171443,0.7162243682857183,0.5080549268798589,0.5644294751574157,0.4608142346800017,0.30454282312000114
v7-pilots_iteration2-utility_restoration-medium-low-high-medium-modular-private_fragmented-774105-always_act-event_triggered,utility_restoration,medium,low,high,medium,modular,private_fragmented,event_triggered,774105,always_act,24,UTL-04-resource_allocation,U04,no_operational_action,request_peer_evidence,send_targeted_summary,execute_autonomously,False,False,0.0,False,False,False,0.6982524693120447,0.05214421953473433,1.0,1.0,0.0,0.9059773234351196,0.9140450645994879,0.007742327649699399,0.006922637547514654,0.004820441054238733,0.08415575072314319,0.9922576723503006,0.3875,-0.005230538793956296,-0.029096096190667442,4,1,0.5278058395660952,0.6982524693120447,0.5166345772931769,0.5706204797528504,0.49868277821023643,0.4338841961504648
v7-pilots_iteration2-utility_restoration-medium-low-high-medium-modular-private_fragmented-774105-always_act-event_triggered,utility_restoration,medium,low,high,medium,modular,private_fragmented,event_triggered,774105,always_act,24,UTL-05-critical_load,U01,no_operational_action,request_peer_evidence,send_targeted_summary,execute_autonomously,False,False,0.0,False,False,False,0.8908480260112157,0.10496576319406442,0.5921054443686662,0.27521956100123257,0.0,0.8586120371107377,0.8999711188786867,0.03521547704595207,0.0279798487351004,0.026686496425018302,0.033520573161598885,0.9647845229540479,0.2,-0.0724226162196333,-0.014372860217688022,5,0,0.4193410234841092,0.8908480260112157,0.6202938875465036,0.6660662851186193,0.46510744213034094,0.36489556025327224
v7-pilots_iteration2-utility_restoration-medium-low-high-medium-modular-private_fragmented-774105-always_act-event_triggered,utility_restoration,medium,low,high,medium,modular,private_fragmented,event_triggered,774105,always_act,24,UTL-06-zone_operator,U02,no_operational_action,request_peer_evidence,send_targeted_summary,execute_autonomously,False,False,0.0,False,False,False,0.6947721206780848,0.03692482727005375,0.31534391799514805,0.42391534775963136,0.0,0.8945673945696295,0.9009480843940304,0.009977706835778477,0.009135828853531258,0.006320229035400748,0.015960551244596277,0.9900222931642215,0.3666666666666667,-0.056493605719521,-0.03676022161010628,5,1,0.3883622044928604,0.6947721206780848,0.5155194864837311,0.5710263300936462,0.3893976619099153,0.31351728430743775
v7-pilots_iteration2-utility_restoration-medium-low-high-medium-modular-private_fragmented-774105-always_act-event_triggered,utility_restoration,medium,low,high,medium,modular,private_fragmented,event_triggered,774105,always_act,24,UTL-07-crew_dispatch,U03,no_operational_action,no_information_action,no_communication_action,execute_autonomously,False,False,0.0,False,False,False,0.6510808288014059,0.14833977176433852,0.12314601883527476,0.17856172731114842,0.0,0.9257988826718586,0.9257988826718586,0.0,0.0,0.0,0.0,1.0,0.8,-0.004489905846800202,0.0,1,4,0.31462229634715366,0.6510808288014059,0.49188205218852704,0.5425721125757348,0.4334539480965905,0.3077300393417315
v7-pilots_iteration2-utility_restoration-medium-low-high-medium-modular-private_fragmented-774105-always_act-event_triggered,utility_restoration,medium,low,high,medium,modular,private_fragmented,event_triggered,774105,always_act,24,UTL-08-cyber_defense,U00,no_operational_action,request_peer_evidence,send_targeted_summary,execute_autonomously,False,False,0.0,False,False,False,0.6695067459394969,0.008307880399162304,0.46877599057463337,0.6547251863332184,0.0,0.8678724850584107,0.8694862839926245,0.0015467724720337195,0.0012750699541607124,0.0011381675293634652,0.02258678634715061,0.9984532275279663,0.5666666666666667,-0.10258574509126939,-0.017765329316845047,3,2,0.43516633833940144,0.6695067459394969,0.4869363011012487,0.540788495056845,0.42885808187559094,0.35752573093558476
v7-pilots_iteration2-utility_restoration-medium-low-high-medium-modular-private_fragmented-774105-always_act-event_triggered,utility_restoration,medium,low,high,medium,modular,private_fragmented,event_triggered,774105,always_act,24,UTL-09-communications,U01,no_operational_action,request_peer_evidence,send_targeted_summary,execute_autonomously,False,False,0.0,False,False,False,0.7056524945212146,0.08682566492663843,0.778286853771067,0.5451826046347137,0.0,0.9386013502800125,0.9520897738900385,0.0189950500280881,0.014786091724760864,0.014606080482122419,0.0599437386245214,0.9810049499719119,0.5666666666666667,0.05134521707671158,0.0076623203624116565,3,2,0.42116567324954424,0.7056524945212146,0.5435044054178123,0.5917405618812834,0.500821863741516,0.4037167990023755
v7-pilots_iteration2-utility_restoration-medium-low-high-medium-modular-private_fragmented-774105-always_act-event_triggered,utility_restoration,medium,low,high,medium,modular,private_fragmented,event_triggered,774105,always_act,24,UTL-10-resource_allocation,U02,no_operational_action,no_information_action,no_communication_action,execute_autonomously,False,False,0.0,False,False,False,0.6527592782117005,0.17294036444269462,0.22042255342835393,0.28627936913777985,0.0,0.9377640169089118,0.9393689927453326,0.0017230710519707815,0.0013434336452422535,0.0013041084961622484,0.06450080373077394,0.9982769289480292,0.6666666666666666,-0.013530566953268153,-0.013465886153013917,3,3,0.3410452031850454,0.6527592782117005,0.49795701498466727,0.5475401343687888,0.5055334518530239,0.3522658268776033
v7-pilots_iteration2-utility_restoration-medium-low-high-medium-modular-private_fragmented-774105-always_act-event_triggered,utility_restoration,medium,low,high,medium,modular,private_fragmented,event_triggered,774105,always_act,24,UTL-11-critical_load,U07,no_operational_action,request_peer_evidence,send_targeted_summary,execute_autonomously,False,False,0.0,False,False,False,0.749291935747228,0.07167715666269447,0.8255619498280671,0.49291134387587543,0.0,0.917286086579805,0.9442828067211031,0.029063430364032028,0.023813057488670242,0.019751858093758456,0.0,0.970936569635968,0.6666666666666666,0.005139528870170995,0.029063430364032028,3,3,0.42345798068426765,0.749291935747228,0.5697270984534872,0.6172044910409111,0.44803594634716903,0.40459098250314324
v7-pilots_iteration2-utility_restoration-medium-low-high-medium-modular-private_fragmented-774105-always_act-event_triggered,utility_restoration,medium,low,high,medium,modular,private_fragmented,event_triggered,774105,always_act,24,UTL-12-zone_operator,U00,no_operational_action,request_peer_evidence,send_targeted_summary,execute_autonomously,False,False,0.0,False,False,False,0.6852056377403493,0.0809326722283581,0.0,0.0,0.0,0.8858938493121246,0.9097377624207376,0.016448903676716697,0.01567681832182377,0.008985865735411491,0.040618149946824,0.9835510963232833,0.5666666666666667,0.009288367416187548,-0.008296089166494491,3,2,0.28336991683171875,0.6852056377403493,0.5185841825715742,0.5759628913107071,0.46285928910345253,0.30918316713969446
v7-pilots_iteration2-utility_restoration-medium-low-high-medium-modular-private_fragmented-774105-always_act-event_triggered,utility_restoration,medium,low,high,medium,modular,private_fragmented,event_triggered,774105,always_act,24,UTL-13-crew_dispatch,U01,dispatch_repair_crew,request_peer_evidence,send_targeted_summary,execute_autonomously,False,True,0.0,False,False,False,0.7298158786915672,0.0712326177629373,0.3936033407666526,0.0,0.0,0.9495067535592592,0.9581051012452623,0.01391954742088497,0.010925666118540067,0.010522798721793514,0.037517331757622285,0.986080452579115,0.3875,0.043448230090880946,-0.027168397563692492,4,1,0.29853739875513285,0.7298158786915672,0.5487904062556807,0.598294297377268,0.4410490133220441,0.29464989141409864
v7-pilots_iteration2-utility_restoration-medium-low-high-medium-modular-private_fragmented-774105-always_act-event_triggered,utility_restoration,medium,low,high,medium,modular,private_fragmented,event_triggered,774105,always_act,24,UTL-14-cyber_defense,U06,restore_communication_relay,request_peer_evidence,send_targeted_summary,execute_autonomously,True,True,-0.024689113916622152,True,False,True,0.749884727601321,0.00850254664331096,0.47297046388740516,0.13580717263673742,0.0,0.9229410335092209,0.9229410335092209,0.0,0.0,0.0,0.0,1.0,0.8,0.0536237219539788,0.0,1,4,0.3379545288172662,0.749884727601321,0.5306891494178336,0.5845810784916763,0.47495158559255485,0.33026458444477835
v7-pilots_iteration2-utility_restoration-medium-low-high-medium-modular-private_fragmented-774105-always_act-event_triggered,utility_restoration,medium,low,high,medium,modular,private_fragmented,event_triggered,774105,always_act,24,UTL-15-communications,U03,reconfigure_service_edge,no_information_action,no_communication_action,execute_autonomously,True,False,0.0,False,False,False,0.6542762571654096,0.14203012627869654,0.16982913225913623,0.24625224177574756,0.0,0.8909246820683313,0.9120670220383624,0.01897369450989761,0.016042633889740365,0.01369356510545472,0.06051837828380824,0.9810263054901024,0.725,0.012426396770228387,0.009127938157419413,2,3,0.3319544654624187,0.6542762571654096,0.5110048456971034,0.5637884059597389,0.5117839630008605,0.37551230667336327
v7-pilots_iteration2-utility_restoration-medium-low-high-medium-modular-private_fragmented-774105-always_act-event_triggered,utility_restoration,medium,low,high,medium,modular,private_fragmented,event_triggered,774105,always_act,24,UTL-16-resource_allocation,U00,no_operational_action,no_information_action,no_communication_action,execute_autonomously,False,False,0.0,False,False,False,0.6377227003773941,0.20975579724522053,0.19842732707161928,0.2627196242538479,0.0,0.9339526601210664,0.934772453326425,0.0011779109994316528,0.0009271660072207588,0.000871180071014388,0.0,0.9988220890005683,0.725,0.10527698652043815,-0.014674798535736722,2,3,0.33027842794923756,0.6377227003773941,0.4902263205804286,0.5392393987672089,0.4128435341585055,0.30540115668425766
v7-pilots_iteration2-utility_restoration-medium-low-high-medium-modular-private_fragmented-774105-always_act-event_triggered,utility_restoration,medium,low,high,medium,modular,private_fragmented,event_triggered,774105,always_act,24,UTL-17-critical_load,U05,no_operational_action,request_peer_evidence,send_targeted_summary,execute_autonomously,False,False,0.0,False,False,False,0.78893426305806,0.12590784596188279,0.687408329867939,0.3967420783085116,0.0,0.9228026156124384,0.9228026156124384,0.0,0.0,0.0,0.0,1.0,0.8,0.047428518678634624,0.0,1,4,0.41385574823378324,0.78893426305806,0.5462743591263336,0.5982699323365519,0.4913523904843852,0.3725106430532782
v7-pilots_iteration2-utility_restoration-medium-low-high-medium-modular-private_fragmented-774105-always_act-event_triggered,utility_restoration,medium,low,high,medium,modular,private_fragmented,event_triggered,774105,always_act,24,UTL-18-zone_operator,U02,no_operational_action,request_peer_evidence,send_targeted_summary,execute_autonomously,False,False,0.0,False,False,False,0.6622466981981211,0.06715986465646967,0.0693746209278818,0.06725986701209527,0.0,0.8717242443482508,0.8756795887169,0.003004059787946045,0.003131759047831695,0.0016454534212125838,0.06450080373077394,0.996995940212054,0.6666666666666666,-0.06281146668894189,-0.016400265400752567,3,3,0.291706245470264,0.6622466981981211,0.48703542406943556,0.5441555370713449,0.5095181682473205,0.32971198144008557
v7-pilots_iteration2-utility_restoration-medium-low-high-medium-modular-private_fragmented-774105-always_act-event_triggered,utility_restoration,medium,low,high,medium,modular,private_fragmented,event_triggered,774105,always_act,24,UTL-19-crew_dispatch,U03,no_operational_action,request_peer_evidence,send_targeted_summary,execute_autonomously,False,False,0.0,False,False,False,0.8258563704053259,0.11820374477255427,0.0,0.0,0.0,0.9339807957967453,0.9381031411432471,0.007362232272867364,0.004984373598016956,0.007077891641456335,0.0245442212746817,0.9926377677271326,0.725,0.003472837075605417,-0.02559558176859822,2,3,0.33119116593781084,0.8258563704053259,0.574144872293331,0.6233952217869165,0.529166891907753,0.3504626130203456
v7-pilots_iteration2-utility_restoration-medium-low-high-medium-modular-private_fragmented-774105-always_act-event_triggered,utility_restoration,medium,low,high,medium,modular,private_fragmented,event_triggered,774105,always_act,24,UTL-20-cyber_defense,U04,isolate_component,no_information_action,no_communication_action,execute_autonomously,True,True,-0.0405,True,False,True,0.8352592610326067,0.2060039876417068,1.0,0.9478886406438832,0.0,0.9210042733439858,0.9345643902966889,0.021303805013395016,0.016612189516700293,0.016982982266851243,0.03174884265208555,0.978696194986605,0.375,-0.029049550762320298,-0.016118338498696816,4,1,0.5618814225056182,0.8352592610326067,0.5941800997677923,0.6392318809264214,0.47406713046486487,0.43911887046544723
v7-pilots_iteration2-utility_restoration-medium-low-high-medium-modular-private_fragmented-774105-always_act-event_triggered,utility_restoration,medium,low,high,medium,modular,private_fragmented,event_triggered,774105,always_act,24,UTL-21-communications,U01,reconfigure_service_edge,request_peer_evidence,send_targeted_summary,execute_autonomously,True,False,0.0,False,False,False,0.6462769912828912,0.05706201495998414,0.6738914124709209,0.39380921474950187,0.0,0.8593165580486463,0.8777202592033558,0.013558928532137693,0.012599430257014377,0.009358467825920314,0.03775038957240562,0.9864410714678623,0.5666666666666667,-0.059015072353044484,-0.006097997378177622,3,2,0.3646483885760635,0.6462769912828912,0.4923224359703109,0.5475608452377897,0.4421502618222042,0.3416721150553076
v7-pilots_iteration2-utility_restoration-medium-low-high-medium-modular-private_fragmented-774105-always_act-event_triggered,utility_restoration,medium,low,high,medium,modular,private_fragmented,event_triggered,774105,always_act,24,UTL-22-resource_allocation,U02,no_operational_action,no_information_action,no_communication_action,execute_autonomously,False,False,0.0,False,False,False,0.587602195205249,0.24691856779265653,0.026229480752692297,0.004699413758070481,0.0,0.8939176121627948,0.8961740049411268,0.002910919613266394,0.0022726754210241618,0.0024409533555665996,0.0,0.9970890803867336,0.7916666666666666,0.12014405945926998,-0.008270847539878612,2,4,0.25131260567172164,0.587602195205249,0.46259556858137124,0.510556333090825,0.40512625531953794,0.270740774152859
v7-pilots_iteration2-utility_restoration-medium-low-high-medium-modular-private_fragmented-774105-always_act-event_triggered,utility_restoration,medium,low,high,medium,modular,private_fragmented,event_triggered,774105,always_act,24,UTL-23-critical_load,U03,no_operational_action,no_information_action,no_communication_action,execute_autonomously,False,False,0.0,False,False,False,0.6556133023414672,0.17476786789301071,0.26019656932866597,0.3772850255265657,0.0,0.927627299265638,0.927627299265638,0.0,0.0,0.0,0.0,1.0,0.8,0.02979770845517926,0.0,1,4,0.3638569289224747,0.6556133023414672,0.4941521457529964,0.5456384493335276,0.43535758698341626,0.33284592771879873
v7-pilots_iteration2-utility_restoration-medium-low-high-medium-modular-private_fragmented-774105-always_act-event_triggered,utility_restoration,medium,low,high,medium,modular,private_fragmented,event_triggered,774105,always_act,24,UTL-24-zone_operator,U00,no_operational_action,no_information_action,no_communication_action,execute_autonomously,False,False,0.0,False,False,False,0.6455955391955894,0.14680223839018944,0.49360732881101926,0.690730626775978,0.0,0.8969119027924152,0.8981940700881647,0.001308605777320504,0.0011075586697931739,0.0008588784139943462,0.0,0.9986913942226795,0.725,-0.06469321442829223,-0.001103638439495347,2,3,0.43567783375273517,0.6455955391955894,0.48429823946458833,0.5377346935850424,0.41615012646214755,0.3590567611364112
v7-pilots_iteration2-utility_restoration-medium-low-high-medium-modular-private_fragmented-774105-always_act-event_triggered,utility_restoration,medium,low,high,medium,modular,private_fragmented,event_triggered,774105,always_act,24,UTL-25-crew_dispatch,U01,dispatch_repair_crew,no_information_action,no_communication_action,execute_autonomously,False,False,0.0,False,False,False,0.6261174406138182,0.15781887484610418,0.8429807229276944,0.6389887149118235,0.0,0.8709407652358508,0.8798290258010468,0.008468838235704212,0.00737077490134852,0.005930263808540004,0.09373110652855321,0.9915311617642958,0.3875,-0.06862477778549014,-0.0357328040257453,4,1,0.4166372213875359,0.6261174406138182,0.48003854108447597,0.5340703003738242,0.48294060698120456,0.3781726947875628
v7-pilots_iteration2-utility_restoration-medium-low-high-medium-modular-private_fragmented-774105-always_act-event_triggered,utility_restoration,medium,low,high,medium,modular,private_fragmented,event_triggered,774105,always_act,24,UTL-26-cyber_defense,U02,no_operational_action,request_peer_evidence,send_targeted_summary,execute_autonomously,False,False,0.0,False,False,False,0.6577858129214675,0.09279379869102466,0.0,0.0,0.0,0.898818587905339,0.9019595157245786,0.002865686994216299,0.002486075316550651,0.0018648229298710017,0.06450080373077394,0.9971343130057837,0.5208333333333333,-0.0019376776755352099,-0.0230115985655871,4,2,0.274047176393299,0.6577858129214675,0.4918309339368246,0.544455127177317,0.47847792976445935,0.3013276296862418
v7-pilots_iteration2-utility_restoration-medium-low-high-medium-modular-private_fragmented-774105-always_act-event_triggered,utility_restoration,medium,low,high,medium,modular,private_fragmented,event_triggered,774105,always_act,24,UTL-27-communications,U07,isolate_component,request_peer_evidence,send_targeted_summary,execute_autonomously,True,True,-0.012746715665296142,True,False,True,0.6670928169478647,0.14996600489885364,0.07489052217653808,0.0476140714637284,0.0,0.9341475439461856,0.9341475439461856,0.0,0.0,0.0,0.0,1.0,0.8333333333333334,0.038117777051801194,0.0,1,5,0.28863893491356885,0.6670928169478647,0.5003740127656923,0.5518766114612834,0.44684564978476987,0.3008330106543829
v7-pilots_iteration2-utility_restoration-medium-low-high-medium-modular-private_fragmented-774105-always_act-event_triggered,utility_restoration,medium,low,high,medium,modular,private_fragmented,event_triggered,774105,always_act,28,UTL-00-zone_operator,U04,no_operational_action,request_peer_evidence,send_targeted_summary,execute_autonomously,False,False,0.0,False,False,False,0.6746089606780284,0.06217720624471007,1.0,0.937152942621599,0.0,0.8694345883317853,0.8813283318097128,0.008361464936548546,0.007785864476914095,0.004841092259929347,0.027903869334023335,0.9916385350634515,0.2,-0.052637378326650386,-0.02535665957698241,5,0,0.5046837528597135,0.6746089606780284,0.4989082822653257,0.5550421299322299,0.3657496448724874,0.35488854053516244
v7-pilots_iteration2-utility_restoration-medium-low-high-medium-modular-private_fragmented-774105-always_act-event_triggered,utility_restoration,medium,low,high,medium,modular,private_fragmented,event_triggered,774105,always_act,28,UTL-01-crew_dispatch,U09,dispatch_repair_crew,request_peer_evidence,negotiate_commitment,execute_autonomously,False,False,0.0,False,False,False,0.8794335668990976,0.10951443808060904,0.0,0.0,0.0,0.9102958347601944,0.9295680307537036,0.022475164329058717,0.020455807218316524,0.013615413006560773,0.0,0.9775248356709413,0.3875,-0.010717724310725485,-0.02209836367243978,4,1,0.3494074127456932,0.8794335668990976,0.6108126155103699,0.6634416242781564,0.446862098097621,0.3162391384916533
v7-pilots_iteration2-utility_restoration-medium-low-high-medium-modular-private_fragmented-774105-always_act-event_triggered,utility_restoration,medium,low,high,medium,modular,private_fragmented,event_triggered,774105,always_act,28,UTL-02-cyber_defense,U10,no_operational_action,request_peer_evidence,send_targeted_summary,execute_autonomously,False,False,0.0,False,False,False,0.7365771246582629,0.029758663546029823,0.30227156630751895,0.0,0.0,0.9369512057369352,0.9396927799088395,0.0060132249787414604,0.005022211185272352,0.004055100938499034,0.0,0.9939867750212585,0.3875,0.016970088124575455,-0.0073564889015467205,4,1,0.30083622238380947,0.7365771246582629,0.5372871662677771,0.5900902172337579,0.3868623923564704,0.26194483115367784
v7-pilots_iteration2-utility_restoration-medium-low-high-medium-modular-private_fragmented-774105-always_act-event_triggered,utility_restoration,medium,low,high,medium,modular,private_fragmented,event_triggered,774105,always_act,28,UTL-03-communications,U07,isolate_component,request_peer_evidence,negotiate_commitment,execute_autonomously,True,True,-0.026124848636190988,True,False,True,0.48852998391119284,0.29891932782593844,0.520828287873033,0.446453951439358,0.0,0.781572468674551,0.7871056713898211,0.005928195024263561,0.005564651661028597,0.004448597802565346,0.0,0.9940718049757364,0.7916666666666666,-0.1652242038481978,-0.03136178936555589,2,4,0.3236491428752515,0.48852998391119284,0.39910458376708385,0.44599410255058036,0.3635159265760343,0.29881373305003406
v7-pilots_iteration2-utility_restoration-medium-low-high-medium-modular-private_fragmented-774105-always_act-event_triggered,utility_restoration,medium,low,high,medium,modular,private_fragmented,event_triggered,774105,always_act,28,UTL-04-resource_allocation,U08,no_operational_action,request_peer_evidence,send_targeted_summary,execute_autonomously,False,False,0.0,False,False,False,0.6901165952667254,0.1114781462876708,0.0,0.0,0.0,0.951333887903556,0.9519059237066239,0.005022936129960631,0.004209615701311176,0.003754963634115094,0.11366221742127569,0.9949770638700394,0.5208333333333333,0.02753440225923509,-0.030503465395377738,4,2,0.2850396423906867,0.6901165952667254,0.520912220664524,0.5710215962962095,0.5667822071590304,0.3481992272334687
v7-pilots_iteration2-utility_restoration-medium-low-high-medium-modular-private_fragmented-774105-always_act-event_triggered,utility_restoration,medium,low,high,medium,modular,private_fragmented,event_triggered,774105,always_act,28,UTL-05-critical_load,U09,no_operational_action,request_peer_evidence,send_targeted_summary,execute_autonomously,False,False,0.0,False,False,False,0.7854304485602721,0.1956821917549926,0.1612750044225479,0.050420733945075354,0.0,0.8627238714255578,0.8811106498778818,0.014708326540486816,0.012030636409639639,0.0110299017918698,0.0,0.9852916734595132,0.5666666666666667,-0.06249924524095041,0.004456430637275188,3,2,0.3295473286573106,0.7854304485602721,0.5504448044371799,0.5998422776129528,0.4432141217286476,0.316600160518795
v7-pilots_iteration2-utility_restoration-medium-low-high-medium-modular-private_fragmented-774105-always_act-event_triggered,utility_restoration,medium,low,high,medium,modular,private_fragmented,event_triggered,774105,always_act,28,UTL-06-zone_operator,U06,no_operational_action,request_peer_evidence,send_targeted_summary,execute_autonomously,False,False,0.0,False,False,False,0.7108663186815064,0.07006210464606527,0.4431987384298244,0.09263817072324532,0.0,0.9441542429971153,0.9449885864103214,0.0006757253994521539,0.0005590577411525022,0.0004243587858208109,0.0,0.9993242746005478,0.725,0.0015172525079297783,-0.010353584065679544,2,3,0.3143277093252911,0.7108663186815064,0.5213311037811145,0.5731265227289564,0.44356385384623265,0.3049948933459477
v7-pilots_iteration2-utility_restoration-medium-low-high-medium-modular-private_fragmented-774105-always_act-event_triggered,utility_restoration,medium,low,high,medium,modular,private_fragmented,event_triggered,774105,always_act,28,UTL-07-crew_dispatch,U07,no_operational_action,request_peer_evidence,send_targeted_summary,execute_autonomously,False,False,0.0,False,False,False,0.9184177891580119,0.19677879684557928,1.0,0.957245280743364,0.0,0.8769852373778426,0.8822154898832916,0.006824124082334571,0.006174674045706374,0.004556743872315527,0.0,0.9931758759176654,0.7916666666666666,-0.05956332101473072,-0.04127846466869822,2,4,0.5924009156921314,0.9184177891580119,0.5961671987229339,0.6455687062199738,0.5440688047796983,0.48106474255969467
v7-pilots_iteration2-utility_restoration-medium-low-high-medium-modular-private_fragmented-774105-always_act-event_triggered,utility_restoration,medium,low,high,medium,modular,private_fragmented,event_triggered,774105,always_act,28,UTL-08-cyber_defense,U08,restore_communication_relay,request_peer_evidence,send_targeted_summary,execute_autonomously,True,True,-0.010499999999999999,True,False,True,0.606289493001288,0.09534334304022157,0.0,0.0,0.0,0.8431608605884702,0.8431608605884702,0.0,0.0,0.0,0.0,1.0,0.8333333333333334,-0.11696982056406124,0.0,1,5,0.25653842762043794,0.606289493001288,0.45330601234763274,0.5057473832419453,0.42130825372720765,0.27809439137369396
v7-pilots_iteration2-utility_restoration-medium-low-high-medium-modular-private_fragmented-774105-always_act-event_triggered,utility_restoration,medium,low,high,medium,modular,private_fragmented,event_triggered,774105,always_act,28,UTL-09-communications,U05,dispatch_repair_crew,no_information_action,negotiate_commitment,execute_autonomously,False,False,0.0,False,False,False,0.6260397996940845,0.1769678464380831,0.7405568707047839,0.47380746252193673,0.0,0.8951947673037507,0.8984695943918447,0.0037764829109796505,0.003113002013646393,0.0028781440920235823,0.063159461452729,0.9962235170890203,0.5666666666666667,-0.07432700484716548,-0.014774509042413508,3,2,0.37696732290125357,0.6260397996940845,0.479501687778943,0.5311568825338746,0.4722724306129969,0.35521418063015314
v7-pilots_iteration2-utility_restoration-medium-low-high-medium-modular-private_fragmented-774105-always_act-event_triggered,utility_restoration,medium,low,high,medium,modular,private_fragmented,event_triggered,774105,always_act,28,UTL-10-resource_allocation,U06,no_operational_action,no_information_action,no_communication_action,execute_autonomously,False,False,0.0,False,False,False,0.6199379621743122,0.21572392554159647,0.6470705451166161,0.3882522904190933,0.0,0.9144662615783363,0.9157132448027288,0.0020498577584256994,0.0018139970538509909,0.0014345685580365863,0.0,0.9979501422415743,0.725,-0.016397079238283818,-0.03934356934416816,2,3,0.3543594568398486,0.6199379621743122,0.479461551126105,0.5290202339750523,0.40537394411321115,0.3162799690915169
v7-pilots_iteration2-utility_restoration-medium-low-high-medium-modular-private_fragmented-774105-always_act-event_triggered,utility_restoration,medium,low,high,medium,modular,private_fragmented,event_triggered,774105,always_act,28,UTL-11-critical_load,U11,no_operational_action,request_peer_evidence,send_targeted_summary,execute_autonomously,False,False,0.0,False,False,False,0.7001809146862001,0.03240672871936101,0.6278242782365215,0.3603452034429562,0.0,0.8906332961161519,0.8933065218343904,0.003472601590764901,0.0033153902763122245,0.002157981555790278,0.0,0.9965273984092351,0.5666666666666667,-0.004550572683574838,0.003472601590764901,3,2,0.3749443598196176,0.7001809146862001,0.507592332130589,0.5635155916626269,0.4074093175015374,0.31881981014072447
v7-pilots_iteration2-utility_restoration-medium-low-high-medium-modular-private_fragmented-774105-always_act-event_triggered,utility_restoration,medium,low,high,medium,modular,private_fragmented,event_triggered,774105,always_act,28,UTL-12-zone_operator,U04,dispatch_repair_crew,request_peer_evidence,send_targeted_summary,execute_autonomously,False,True,0.0,False,False,False,0.7289391647811192,0.04178182050740842,0.944871590012098,0.720063805517542,0.0,0.9364714079419723,0.9369495572989481,0.000602021475308856,0.0004691372924967574,0.00046521032947866026,0.0,0.9993979785246911,0.5666666666666667,-0.006426911618672482,-0.014364679465367236,3,2,0.4710546293497906,0.7289391647811192,0.5265363479633731,0.5795576275273624,0.4194877825414034,0.3647274394157689
v7-pilots_iteration2-utility_restoration-medium-low-high-medium-modular-private_fragmented-774105-always_act-event_triggered,utility_restoration,medium,low,high,medium,modular,private_fragmented,event_triggered,774105,always_act,28,UTL-13-crew_dispatch,U05,dispatch_repair_crew,request_peer_evidence,send_targeted_summary,execute_autonomously,False,False,0.0,False,False,False,0.6936293058731123,0.06485051017083499,0.6818326352628307,0.3886573211311045,0.0,0.8518149402571863,0.8722933590700623,0.011192887014766284,0.009926040734994368,0.007687989472976886,0.021099983059004623,0.9888071129852337,0.3875,-0.09183278378694337,-0.03221319823220847,4,1,0.3795117210683233,0.6936293058731123,0.5060754992342142,0.5586837213806788,0.4008962827163942,0.31664385135898043
v7-pilots_iteration2-utility_restoration-medium-low-high-medium-modular-private_fragmented-774105-always_act-event_triggered,utility_restoration,medium,low,high,medium,modular,private_fragmented,event_triggered,774105,always_act,28,UTL-14-cyber_defense,U10,no_operational_action,request_peer_evidence,send_targeted_summary,execute_autonomously,False,False,0.0,False,False,False,0.727388014866446,0.029568682429532228,0.4698976424617724,0.13135158156956994,0.0,0.9427141701977935,0.9428348318293095,0.0006789504413702296,0.0005007340415293937,0.0005440625537272981,0.0,0.9993210495586298,0.725,0.00016388306198455993,-0.0066436094574370275,2,3,0.3292363046312885,0.727388014866446,0.5275842791139451,0.5800477335843717,0.4505029662439073,0.31430370755471626
v7-pilots_iteration2-utility_restoration-medium-low-high-medium-modular-private_fragmented-774105-always_act-event_triggered,utility_restoration,medium,low,high,medium,modular,private_fragmented,event_triggered,774105,always_act,28,UTL-15-communications,U11,no_operational_action,request_peer_evidence,send_targeted_summary,execute_autonomously,False,False,0.0,False,False,False,0.7430557148054235,0.059634365808691386,0.6885585786296258,0.44840993901295734,0.0,0.9706502234628849,0.9706502234628849,0.0,0.0,0.0,0.0,1.0,0.8,0.063799400487768,0.0,1,4,0.4106573283969538,0.7430557148054235,0.5398848417878906,0.5910780668197803,0.4720834002182779,0.3658647928270735
v7-pilots_iteration2-utility_restoration-medium-low-high-medium-modular-private_fragmented-774105-always_act-event_triggered,utility_restoration,medium,low,high,medium,modular,private_fragmented,event_triggered,774105,always_act,28,UTL-16-resource_allocation,U04,no_operational_action,request_peer_evidence,send_targeted_summary,execute_autonomously,False,False,0.0,False,False,False,0.7265047002786794,0.02557003807994121,1.0,1.0,0.0,0.937950246205186,0.9383419044598178,0.0010924110234585838,0.0010596949089601848,0.0006478198300260418,0.0,0.9989075889765414,0.725,0.05934432370844822,-0.016408537088190567,2,3,0.537411598094751,0.7265047002786794,0.5266188170956103,0.5793966685586969,0.4501319741170453,0.41863472460630474
v7-pilots_iteration2-utility_restoration-medium-low-high-medium-modular-private_fragmented-774105-always_act-event_triggered,utility_restoration,medium,low,high,medium,modular,private_fragmented,event_triggered,774105,always_act,28,UTL-17-critical_load,U09,no_operational_action,request_peer_evidence,send_targeted_summary,execute_autonomously,False,False,0.0,False,False,False,0.9367133517169277,0.013027057050999657,0.6571367342644031,0.22324109767289602,0.0,0.8536020608624181,0.8536020608624181,0.0,0.0,0.0,0.0,1.0,0.8,-0.01742242450412157,0.0,1,4,0.42246040302525056,0.9367133517169277,0.5880858559023756,0.6411409725046846,0.5534196077211097,0.3930686702014873
v7-pilots_iteration2-utility_restoration-medium-low-high-medium-modular-private_fragmented-774105-always_act-event_triggered,utility_restoration,medium,low,high,medium,modular,private_fragmented,event_triggered,774105,always_act,28,UTL-18-zone_operator,U10,no_operational_action,request_peer_evidence,send_targeted_summary,execute_autonomously,False,False,0.0,False,False,False,0.6471344128024952,0.13069405964333017,0.554051314129372,0.2533744054875894,0.0,0.9189763474078327,0.9320124365768042,0.011496163700622009,0.008604493810906888,0.0092493396249409,0.0,0.988503836299378,0.5666666666666667,-0.005567769390411592,-0.02182809527894569,3,2,0.3312355576698699,0.6471344128024952,0.504692481153827,0.552283849086618,0.3851297867103813,0.2958467447978085
v7-pilots_iteration2-utility_restoration-medium-low-high-medium-modular-private_fragmented-774105-always_act-event_triggered,utility_restoration,medium,low,high,medium,modular,private_fragmented,event_triggered,774105,always_act,28,UTL-19-crew_dispatch,U07,no_operational_action,request_peer_evidence,send_targeted_summary,execute_autonomously,False,False,0.0,False,False,False,0.9096834401892503,0.28133275710357797,0.6244367021528904,0.27698840699601085,0.0,0.8218506176249085,0.8218506176249085,0.0,0.0,0.0,0.0,1.0,0.8333333333333334,-0.153638478681837,0.0,1,5,0.4261695873433877,0.9096834401892503,0.5693360304819273,0.6161860167904613,0.5487337115461518,0.3962833054258447
v7-pilots_iteration2-utility_restoration-medium-low-high-medium-modular-private_fragmented-774105-always_act-event_triggered,utility_restoration,medium,low,high,medium,modular,private_fragmented,event_triggered,774105,always_act,28,UTL-20-cyber_defense,U08,no_operational_action,request_peer_evidence,send_targeted_summary,execute_autonomously,False,False,0.0,False,False,False,0.6530150496897477,0.061918183133259086,0.15950336579108576,0.23127988039707437,0.0,0.8580085727140816,0.8722613843307873,0.013511458705377621,0.012800805800103565,0.008219159757734351,0.08925510068336151,0.9864885412946224,0.3666666666666667,-0.04008657029183682,-0.045936989741567236,5,1,0.3279322881898121,0.6530150496897477,0.49462420524194817,0.5511328269032456,0.4832674072417369,0.3350891857925471
v7-pilots_iteration2-utility_restoration-medium-low-high-medium-modular-private_fragmented-774105-always_act-event_triggered,utility_restoration,medium,low,high,medium,modular,private_fragmented,event_triggered,774105,always_act,28,UTL-21-communications,U09,isolate_component,request_peer_evidence,send_targeted_summary,execute_autonomously,True,True,-0.011603911710946463,True,False,True,0.6062554057051965,0.18704950465844078,0.03679705703154877,0.0,0.0,0.8920434902168657,0.8978549771786486,0.006162783186385523,0.004873109790153651,0.004714643004393615,0.0,0.9938372168136145,0.5666666666666667,-0.05278081179607119,-0.0252833153068025,3,2,0.2565268379397668,0.6062554057051965,0.4741409312972348,0.5232773920849662,0.3679606037295159,0.2490388099787325
v7-pilots_iteration2-utility_restoration-medium-low-high-medium-modular-private_fragmented-774105-always_act-event_triggered,utility_restoration,medium,low,high,medium,modular,private_fragmented,event_triggered,774105,always_act,28,UTL-22-resource_allocation,U06,no_operational_action,request_peer_evidence,send_targeted_summary,execute_autonomously,False,False,0.0,False,False,False,0.6700787042585177,0.1368205663670518,0.39210741341758903,0.018555749455504034,0.0,0.9444136069261074,0.9448322796830102,0.0005500303688324992,0.00047288487155394687,0.00031528854657869587,0.0,0.9994499696311675,0.725,0.0722538648959794,-0.003516407729594273,2,3,0.282680139317217,0.6700787042585177,0.5049049259512994,0.5551809337782723,0.4264330557885774,0.28456705901268836
v7-pilots_iteration2-utility_restoration-medium-low-high-medium-modular-private_fragmented-774105-always_act-event_triggered,utility_restoration,medium,low,high,medium,modular,private_fragmented,event_triggered,774105,always_act,28,UTL-23-critical_load,U07,no_operational_action,request_peer_evidence,send_targeted_summary,execute_autonomously,False,False,0.0,False,False,False,0.8447206575679491,0.2831047412862249,0.14175092498960992,0.0,0.0,0.8355140625592676,0.8501168443011394,0.01637713111676642,0.01503857917004503,0.01099564082855975,0.0,0.9836228688832336,0.6666666666666666,-0.0745837249690523,-0.045734110610484935,3,3,0.33760502357310274,0.8447206575679491,0.5696947622304696,0.618744371280624,0.48811600951187195,0.3379223952648813
v7-pilots_iteration2-utility_restoration-medium-low-high-medium-modular-private_fragmented-774105-always_act-event_triggered,utility_restoration,medium,low,high,medium,modular,private_fragmented,event_triggered,774105,always_act,28,UTL-24-zone_operator,U08,no_operational_action,request_peer_evidence,send_targeted_summary,execute_autonomously,False,False,0.0,False,False,False,0.6863375212003022,0.10534989621119739,0.030673943890785912,0.044477218641639574,0.0,0.9434558283998599,0.945253552692809,0.003257353034404775,0.002464744598417612,0.002624187209728346,0.0,0.9967426469655952,0.7916666666666666,0.03372568841311274,0.003257353034404775,2,4,0.29442928968209625,0.6863375212003022,0.5149592598282526,0.5654148793665956,0.44659509223746024,0.30603811714263346
v7-pilots_iteration2-utility_restoration-medium-low-high-medium-modular-private_fragmented-774105-always_act-event_triggered,utility_restoration,medium,low,high,medium,modular,private_fragmented,event_triggered,774105,always_act,28,UTL-25-crew_dispatch,U05,dispatch_repair_crew,no_information_action,no_communication_action,execute_autonomously,False,True,0.0,False,False,False,0.6468475632000457,0.16992650112281615,0.809150769519043,0.5732686158026123,0.0,0.9231507772830371,0.9253325908443902,0.0024835354740830873,0.002000003137742734,0.001794061442345063,0.0,0.9975164645259169,0.5666666666666667,0.035169741214818306,-0.009909038515500734,3,2,0.4079126392806425,0.6468475632000457,0.49300366926449385,0.5435304443159591,0.3850093098773525,0.3258083121747737
v7-pilots_iteration2-utility_restoration-medium-low-high-medium-modular-private_fragmented-774105-always_act-event_triggered,utility_restoration,medium,low,high,medium,modular,private_fragmented,event_triggered,774105,always_act,28,UTL-26-cyber_defense,U06,no_operational_action,request_peer_evidence,send_targeted_summary,execute_autonomously,False,False,0.0,False,False,False,0.7212786278913762,0.05454954001848844,0.5228321977798884,0.20810668678083816,0.0,0.8501655153731018,0.8540346326889113,0.003635735517850902,0.0035468945526967444,0.002305655000983342,0.0,0.9963642644821491,0.5666666666666667,-0.06703483323386239,-0.023862523858655393,3,2,0.3455803383104691,0.7212786278913762,0.5061428597248172,0.564386223320652,0.4162703570477113,0.3038616437542202
v7-pilots_iteration2-utility_restoration-medium-low-high-medium-modular-private_fragmented-774105-always_act-event_triggered,utility_restoration,medium,low,high,medium,modular,private_fragmented,event_triggered,774105,always_act,28,UTL-27-communications,U11,reconfigure_service_edge,request_peer_evidence,send_targeted_summary,execute_autonomously,True,True,-0.026354797649463454,True,False,True,0.7211270356646606,0.021195129006235214,0.5284932549821152,0.21631521972406703,0.0,0.9254434832692341,0.9261652699495592,0.0019396864492217114,0.0015804383438798864,0.001491693682768469,0.0,0.9980603135507783,0.725,-0.04800016549018171,0.0019396864492217114,2,3,0.3474988448597608,0.7211270356646606,0.5225272461120831,0.5752327106598267,0.4478733549791575,0.3254556206247283
v7-pilots_iteration2-utility_restoration-medium-low-high-medium-modular-private_fragmented-774105-always_act-event_triggered,utility_restoration,medium,low,high,medium,modular,private_fragmented,event_triggered,774105,always_act,32,UTL-00-zone_operator,U08,no_operational_action,request_peer_evidence,send_targeted_summary,execute_autonomously,False,False,0.0,False,False,False,0.6687087855091338,0.13091043143353245,0.0,0.0,0.0,0.8886315950069995,0.896781975695505,0.009944760366016991,0.010208414414958233,0.0048006165976683945,0.04744449014823749,0.990055239633983,0.20833333333333334,-0.022081395932392667,-0.04790343842354494,6,0,0.2777609870731055,0.6687087855091338,0.5035640774678272,0.5614400509245691,0.39463998160582386,0.2572570731911822
v7-pilots_iteration2-utility_restoration-medium-low-high-medium-modular-private_fragmented-774105-always_act-event_triggered,utility_restoration,medium,low,high,medium,modular,private_fragmented,event_triggered,774105,always_act,32,UTL-01-crew_dispatch,U13,no_operational_action,request_peer_evidence,send_targeted_summary,execute_autonomously,False,False,0.0,False,False,False,0.6515197132659614,0.13009232225084758,0.9068277699579115,0.7649002664389717,0.0,0.9032901951466186,0.9057968501691467,0.0026769287109136286,0.0024248683981268337,0.0015065907239016907,0.009129393951349596,0.9973230712890864,0.3666666666666667,0.0014107119542665636,-0.041022325292086936,5,1,0.4554927664557801,0.6515197132659614,0.4901781342883183,0.54289338790213,0.3608482917110885,0.3308105507114705
v7-pilots_iteration2-utility_restoration-medium-low-high-medium-modular-private_fragmented-774105-always_act-event_triggered,utility_restoration,medium,low,high,medium,modular,private_fragmented,event_triggered,774105,always_act,32,UTL-02-cyber_defense,U14,no_operational_action,no_information_action,no_communication_action,execute_autonomously,False,False,0.0,False,False,False,0.6527810641470165,0.1884945474383059,0.3625158051093393,0.0,0.0,0.9378644746791548,0.938983928772733,0.0016893621234639333,0.0013884131417176704,0.0012116575999761015,0.01918344362696056,0.9983106378765361,0.5666666666666667,0.002417231607148018,-0.016767047210380248,3,2,0.27234556180998565,0.6527810641470165,0.4979436513014448,0.5477241750005752,0.41666021458806035,0.27191654589991976
v7-pilots_iteration2-utility_restoration-medium-low-high-medium-modular-private_fragmented-774105-always_act-event_triggered,utility_restoration,medium,low,high,medium,modular,private_fragmented,event_triggered,774105,always_act,32,UTL-03-communications,U15,no_operational_action,no_information_action,no_communication_action,execute_autonomously,False,False,0.0,False,False,False,0.6400110146279159,0.20567968997407007,0.44369455284620096,0.09335710162699136,0.0,0.9348392447571677,0.9348886446038446,0.00014837232613507112,0.00012975763333289425,8.304110477808102e-05,0.0,0.9998516276738649,0.725,0.01696550769569205,-0.024907028488283744,2,3,0.2904094493639694,0.6400110146279159,0.48992193829704733,0.5392803460168716,0.4138046261437246,0.28478189806393495
v7-pilots_iteration2-utility_restoration-medium-low-high-medium-modular-private_fragmented-774105-always_act-event_triggered,utility_restoration,medium,low,high,medium,modular,private_fragmented,event_triggered,774105,always_act,32,UTL-04-resource_allocation,U12,dispatch_repair_crew,request_peer_evidence,negotiate_commitment,execute_autonomously,False,True,0.0,False,False,False,0.6562091976388895,0.05411052646981218,0.4837225868099718,0.3118370927769769,0.0,0.8692619994310903,0.87412492844935,0.004214537932566542,0.003509220647589073,0.003067135972709356,0.0,0.9957854620674335,0.5666666666666667,-0.06842892738779949,-0.03679749383577158,3,2,0.3483520294636969,0.6562091976388895,0.4856995320189215,0.5397193302555238,0.3889411963416669,0.29864280213784494
v7-pilots_iteration2-utility_restoration-medium-low-high-medium-modular-private_fragmented-774105-always_act-event_triggered,utility_restoration,medium,low,high,medium,modular,private_fragmented,event_triggered,774105,always_act,32,UTL-05-critical_load,U13,no_operational_action,request_peer_evidence,send_targeted_summary,execute_autonomously,False,False,0.0,False,False,False,0.6231529735746121,0.10634406809423341,0.7636651546753586,0.5573144742792698,0.0,0.8791276315363827,0.881029102475179,0.0012246705273255554,0.0010407451680199964,0.0007949283687525011,0.0,0.9987753294726744,0.6666666666666666,0.049407752702499974,-0.030081084371582745,3,3,0.3960274848423929,0.6231529735746121,0.47075763605219634,0.5219853050592537,0.39505758223467036,0.32910307963322794
v7-pilots_iteration2-utility_restoration-medium-low-high-medium-modular-private_fragmented-774105-always_act-event_triggered,utility_restoration,medium,low,high,medium,modular,private_fragmented,event_triggered,774105,always_act,32,UTL-06-zone_operator,U14,no_operational_action,request_peer_evidence,send_targeted_summary,execute_autonomously,False,False,0.0,False,False,False,0.6671275846971828,0.09814879347816446,0.4887378737226986,0.158669916897913,0.0,0.9273982275896591,0.9278088657916244,0.00038490204208652123,0.00030858984709714044,0.0002588657464589472,0.011367036253307372,0.9996150979579135,0.725,0.036105298650114026,-0.007073222385671651,2,3,0.31530415885254126,0.6671275846971828,0.49923945363520905,0.550231752124361,0.4424714806778439,0.3086915509466665
v7-pilots_iteration2-utility_restoration-medium-low-high-medium-modular-private_fragmented-774105-always_act-event_triggered,utility_restoration,medium,low,high,medium,modular,private_fragmented,event_triggered,774105,always_act,32,UTL-07-crew_dispatch,U11,no_operational_action,request_peer_evidence,send_targeted_summary,execute_autonomously,False,False,0.0,False,False,False,0.6150024712830569,0.12824586495885582,0.5359970566108198,0.22719573208568863,0.0,0.8610453654263699,0.8614475080084067,0.00012665180105997376,0.00013237274867961002,7.655272135109747e-05,0.0,0.99987334819894,0.725,-0.0470694986920559,-0.0011665106562633865,2,3,0.3140278159368046,0.6150024712830569,0.46143964239129914,0.5153460211705928,0.40330103793888383,0.293828060770485
v7-pilots_iteration2-utility_restoration-medium-low-high-medium-modular-private_fragmented-774105-always_act-event_triggered,utility_restoration,medium,low,high,medium,modular,private_fragmented,event_triggered,774105,always_act,32,UTL-08-cyber_defense,U12,isolate_component,no_information_action,no_communication_action,execute_autonomously,True,True,-0.015118796555905369,True,False,True,0.4494869953678906,0.3751950657896768,0.15395988519684564,0.09858066947095745,0.0,0.7523929465791955,0.7545201344806224,0.001057768897097966,0.0007628712344250888,0.0011925948725907132,0.02987088818593797,0.998942231102902,0.725,-0.19968994849957422,-0.026986445547858673,2,3,0.2268849390981126,0.4494869953678906,0.36937391124789226,0.4128971827687097,0.3791882880971398,0.254752781185271
v7-pilots_iteration2-utility_restoration-medium-low-high-medium-modular-private_fragmented-774105-always_act-event_triggered,utility_restoration,medium,low,high,medium,modular,private_fragmented,event_triggered,774105,always_act,32,UTL-09-communications,U13,reconfigure_service_edge,no_information_action,negotiate_commitment,execute_autonomously,True,True,-0.026591178054686086,True,False,True,0.5976920917689581,0.21645458914192917,0.5363726018228696,0.22774027264316093,0.0,0.8868276180109923,0.8904291862679752,0.00356501022620348,0.0027776105979776533,0.0030341862063475444,0.0,0.9964349897737965,0.6666666666666666,0.019707865303614902,-0.053539816425895226,3,3,0.30827297663580444,0.5976920917689581,0.4657747555270162,0.5154390671775895,0.38436401187629576,0.28470921665172655
v7-pilots_iteration2-utility_restoration-medium-low-high-medium-modular-private_fragmented-774105-always_act-event_triggered,utility_restoration,medium,low,high,medium,modular,private_fragmented,event_triggered,774105,always_act,32,UTL-10-resource_allocation,U10,no_operational_action,no_information_action,no_communication_action,execute_autonomously,False,False,0.0,False,False,False,0.6020689696651764,0.20781358028297067,0.9076180020013076,0.7660461029018961,0.0,0.8870580627159235,0.8877133169625775,0.0006569310009204576,0.0006565693330931044,0.00030864073728376074,0.0,0.9993430689990795,0.725,-0.04330656510789521,-0.0037372421898219654,2,3,0.4389545143826151,0.6020689696651764,0.4635118069463401,0.5145247707554464,0.39786896725937404,0.35530481689302207
v7-pilots_iteration2-utility_restoration-medium-low-high-medium-modular-private_fragmented-774105-always_act-event_triggered,utility_restoration,medium,low,high,medium,modular,private_fragmented,event_triggered,774105,always_act,32,UTL-11-critical_load,U15,no_operational_action,request_peer_evidence,send_targeted_summary,execute_autonomously,False,False,0.0,False,False,False,0.6868690537771587,0.058475989272332995,0.8515826405914994,0.684794828857674,0.0,0.8951168548425203,0.8951168548425203,0.0,0.0,0.0,0.0,1.0,0.8,-0.04594542104696997,0.0,1,4,0.44828623721007577,0.6868690537771587,0.49852683522149355,0.5538417800138682,0.44848500258640667,0.3784987145205253
v7-pilots_iteration2-utility_restoration-medium-low-high-medium-modular-private_fragmented-774105-always_act-event_triggered,utility_restoration,medium,low,high,medium,modular,private_fragmented,event_triggered,774105,always_act,32,UTL-12-zone_operator,U12,isolate_component,no_information_action,no_communication_action,execute_autonomously,True,False,0.0,False,False,False,0.5855011847171513,0.18298828539248224,0.845337334238491,0.7169414394836906,0.0,0.8551198390466189,0.8617120621726551,0.005228684579360987,0.004497409319068946,0.003791103223313441,0.08715490980835883,0.994771315420639,0.5666666666666667,-0.08189602787250494,-0.047737175232898776,3,2,0.42153634827991715,0.5855011847171513,0.45530059205962065,0.5064883022814567,0.49171929382324225,0.3917777552113272
v7-pilots_iteration2-utility_restoration-medium-low-high-medium-modular-private_fragmented-774105-always_act-event_triggered,utility_restoration,medium,low,high,medium,modular,private_fragmented,event_triggered,774105,always_act,32,UTL-13-crew_dispatch,U09,dispatch_repair_crew,request_peer_evidence,send_targeted_summary,execute_autonomously,False,True,0.0,False,False,False,0.9011390042989562,0.18200453924193785,0.8317888003158225,0.5929774793124916,0.0,0.8867722450082527,0.8911482565018858,0.0044322297783759845,0.003896391212131256,0.0027888982135673146,0.0,0.995567770221624,0.5666666666666667,0.005844063444608638,-0.011498924445392134,3,2,0.49910185649664307,0.9011390042989562,0.5883537846613721,0.6399775537949939,0.49181171513889493,0.40102555821841607
v7-pilots_iteration2-utility_restoration-medium-low-high-medium-modular-private_fragmented-774105-always_act-event_triggered,utility_restoration,medium,low,high,medium,modular,private_fragmented,event_triggered,774105,always_act,32,UTL-14-cyber_defense,U14,no_operational_action,no_information_action,no_communication_action,execute_autonomously,False,False,0.0,False,False,False,0.5915285093895153,0.23053899866122268,0.7447568952983401,0.5298974981825931,0.0,0.8885829979873996,0.8909098170316424,0.001764531463523622,0.0013736187920627696,0.0014255401147258429,0.0,0.9982354685364764,0.725,0.03821629825194628,-0.012873847419982543,2,3,0.37869509275625757,0.5915285093895153,0.46122749730158913,0.5102357891499337,0.39344197394359637,0.32509883799006045
v7-pilots_iteration2-utility_restoration-medium-low-high-medium-modular-private_fragmented-774105-always_act-event_triggered,utility_restoration,medium,low,high,medium,modular,private_fragmented,event_triggered,774105,always_act,32,UTL-15-communications,U15,restore_communication_relay,request_peer_evidence,send_targeted_summary,execute_autonomously,True,True,-0.021929361152788252,True,False,True,0.7599116373634225,0.01529141309642057,0.38097870509294174,0.0024191223847654653,0.0,0.9724750180799586,0.9730973632001361,0.0010209131492601164,0.0007995721981144399,0.0007292264985798713,0.032868020450450564,0.9989790868507399,0.725,0.04308560404606199,-0.019967644015478014,2,3,0.3093505460759074,0.7599116373634225,0.5485126878743228,0.5993236861762226,0.5141222787773223,0.33213055470684816
v7-pilots_iteration2-utility_restoration-medium-low-high-medium-modular-private_fragmented-774105-always_act-event_triggered,utility_restoration,medium,low,high,medium,modular,private_fragmented,event_triggered,774105,always_act,32,UTL-16-resource_allocation,U08,no_operational_action,no_information_action,no_communication_action,execute_autonomously,False,False,0.0,False,False,False,0.5363679473073538,0.33763237687769276,0.056426593563927076,0.08181856066769426,0.0,0.8647890289079795,0.8645703813648579,0.0005099032740462084,0.000551769889933329,0.0002481781221076451,0.0,0.9994900967259538,0.7916666666666666,0.13132739095485035,-0.007820580043512604,2,4,0.25240155664474695,0.5363679473073538,0.4314583007336011,0.47695572660708596,0.3836078712024219,0.26335725376478886
v7-pilots_iteration2-utility_restoration-medium-low-high-medium-modular-private_fragmented-774105-always_act-event_triggered,utility_restoration,medium,low,high,medium,modular,private_fragmented,event_triggered,774105,always_act,32,UTL-17-critical_load,U13,no_operational_action,no_information_action,no_communication_action,execute_autonomously,False,False,0.0,False,False,False,0.6198348796380481,0.1883568692752562,0.6185065159223058,0.3468344480873433,0.0,0.9127180415895773,0.9127180415895773,0.0,0.0,0.0,0.0,1.0,0.8333333333333334,0.019130072925982122,0.0,1,5,0.34438412661789874,0.6198348796380481,0.47611346225261353,0.5257405458330521,0.42699731611464686,0.32350723340246806
v7-pilots_iteration2-utility_restoration-medium-low-high-medium-modular-private_fragmented-774105-always_act-event_triggered,utility_restoration,medium,low,high,medium,modular,private_fragmented,event_triggered,774105,always_act,32,UTL-18-zone_operator,U14,no_operational_action,request_peer_evidence,send_targeted_summary,execute_autonomously,False,False,0.0,False,False,False,0.5916540574505256,0.12247007416272976,0.48102427325777786,0.14748519622377787,0.0,0.8391552905803146,0.8431038529763941,0.0030820436604321877,0.00272632610866963,0.0019236090667734684,0.026029340983524718,0.9969179563395678,0.3875,-0.08164538965864565,-0.008523029526653514,4,1,0.28695882662688543,0.5916540574505256,0.45076530674989396,0.5025574799274821,0.36555930242417833,0.25536457063507023
v7-pilots_iteration2-utility_restoration-medium-low-high-medium-modular-private_fragmented-774105-always_act-event_triggered,utility_restoration,medium,low,high,medium,modular,private_fragmented,event_triggered,774105,always_act,32,UTL-19-crew_dispatch,U15,no_operational_action,no_information_action,no_communication_action,execute_autonomously,False,False,0.0,False,False,False,0.6015944196983032,0.15731021773357506,0.43365535627606894,0.07880026660029994,0.0,0.8557003355587858,0.8568526654172687,0.0004022035156308057,0.0003827807738651101,0.00026378171170760023,0.011258852233187122,0.9995977964843692,0.725,-0.004326440226875339,-0.00950846655709392,2,3,0.2738541666814951,0.6015944196983032,0.45512593669090085,0.5089049778661873,0.41478311166773174,0.2807024187744727
v7-pilots_iteration2-utility_restoration-medium-low-high-medium-modular-private_fragmented-774105-always_act-event_triggered,utility_restoration,medium,low,high,medium,modular,private_fragmented,event_triggered,774105,always_act,32,UTL-20-cyber_defense,U12,isolate_component,no_information_action,no_communication_action,execute_autonomously,True,False,0.0,False,False,False,0.5973276724006882,0.2518438939957494,0.0,0.0,0.0,0.9066037741466662,0.9103425621937845,0.0032470071492292085,0.0023948331861697314,0.0029238504938128296,0.0,0.9967529928507708,0.5666666666666667,-0.0390564558345845,-0.04664094659847817,3,2,0.253491408616234,0.5973276724006882,0.4701278225058627,0.5175507778435149,0.3642109557416224,0.24401569107117105
v7-pilots_iteration2-utility_restoration-medium-low-high-medium-modular-private_fragmented-774105-always_act-event_triggered,utility_restoration,medium,low,high,medium,modular,private_fragmented,event_triggered,774105,always_act,32,UTL-21-communications,U13,no_operational_action,request_peer_evidence,send_targeted_summary,execute_autonomously,False,False,0.0,False,False,False,0.6861088524079293,0.039505564981618,0.6996573225739107,0.46450311773217046,0.0,0.9053045455432966,0.9081291717146652,0.0030671540342752657,0.0027445628224856966,0.0018221849860786676,0.011303800870540393,0.9969328459657247,0.5208333333333333,-0.06982825683049765,-0.02192082954171537,4,2,0.3951577580744169,0.6861088524079293,0.5050636929969813,0.5582966930603777,0.4095141620012184,0.3264354850211168
v7-pilots_iteration2-utility_restoration-medium-low-high-medium-modular-private_fragmented-774105-always_act-event_triggered,utility_restoration,medium,low,high,medium,modular,private_fragmented,event_triggered,774105,always_act,32,UTL-22-resource_allocation,U14,no_operational_action,request_peer_evidence,send_targeted_summary,execute_autonomously,False,False,0.0,False,False,False,0.6218522553788368,0.13734628693675188,0.7135334020910714,0.48462343303205346,0.0,0.8888546758810669,0.8888546758810669,0.0,0.0,0.0,0.0,1.0,0.8,-0.057740385611548595,0.0,1,4,0.3781393907564974,0.6218522553788368,0.4709545711218015,0.5224598219015916,0.4211779472591115,0.3362734434699207
v7-pilots_iteration2-utility_restoration-medium-low-high-medium-modular-private_fragmented-774105-always_act-event_triggered,utility_restoration,medium,low,high,medium,modular,private_fragmented,event_triggered,774105,always_act,32,UTL-23-critical_load,U11,no_operational_action,no_information_action,no_communication_action,execute_autonomously,False,False,0.0,False,False,False,0.6284081031914812,0.18986924321283608,0.6317948128288854,0.3661024786018838,0.0,0.9152957042447409,0.9157711694120146,0.0007251802923106121,0.0006748765363623344,0.0003778201279006632,0.0,0.9992748197076894,0.5666666666666667,0.0407226677514928,-0.005400695768546515,3,2,0.35192334994955576,0.6284081031914812,0.48120241974701256,0.5315058904763109,0.37726473667375543,0.29416526780477387
v7-pilots_iteration2-utility_restoration-medium-low-high-medium-modular-private_fragmented-774105-always_act-event_triggered,utility_restoration,medium,low,high,medium,modular,private_fragmented,event_triggered,774105,always_act,32,UTL-24-zone_operator,U12,isolate_component,no_information_action,no_communication_action,execute_autonomously,True,True,-0.03720936089502589,True,False,True,0.6458985380272725,0.14898299506419796,0.8903120298341962,0.8976052987231975,0.0,0.9186524130657806,0.9186524130657806,0.0,0.0,0.0,0.0,1.0,0.8,0.03928508429792954,0.0,1,4,0.4854307746228401,0.6458985380272725,0.4880225184773541,0.5389865025483221,0.4312773859714545,0.39256422649442
v7-pilots_iteration2-utility_restoration-medium-low-high-medium-modular-private_fragmented-774105-always_act-event_triggered,utility_restoration,medium,low,high,medium,modular,private_fragmented,event_triggered,774105,always_act,32,UTL-25-crew_dispatch,U13,no_operational_action,no_information_action,no_communication_action,execute_autonomously,False,False,0.0,False,False,False,0.5475266754738841,0.20886506728144671,0.6628960257535148,0.4111992373425964,0.0,0.812113592193245,0.8159825121577363,0.001968196394316779,0.002243903779083456,0.000934067526581539,0.013561145847878375,0.9980318036056832,0.5208333333333333,-0.11323393136579707,-0.02273478428329212,4,2,0.3352468866233438,0.5475266754738841,0.4247945431899084,0.4775030133020653,0.35474081205447305,0.2819273787766984
v7-pilots_iteration2-utility_restoration-medium-low-high-medium-modular-private_fragmented-774105-always_act-event_triggered,utility_restoration,medium,low,high,medium,modular,private_fragmented,event_triggered,774105,always_act,32,UTL-26-cyber_defense,U10,no_operational_action,request_peer_evidence,send_targeted_summary,execute_autonomously,False,False,0.0,False,False,False,0.6968584747363218,0.09164654382618789,0.5818086202256231,0.29362249932715345,0.0,0.9492006507588024,0.949053723876955,0.00010350212439080853,9.541046436822853e-05,5.979065032901687e-05,0.0,0.9998964978756092,0.725,0.056259881183539084,-0.014553728231414542,2,3,0.35780128124886623,0.6968584747363218,0.5161884555583764,0.567321614575954,0.4376805593892551,0.32469445958648463
v7-pilots_iteration2-utility_restoration-medium-low-high-medium-modular-private_fragmented-774105-always_act-event_triggered,utility_restoration,medium,low,high,medium,modular,private_fragmented,event_triggered,774105,always_act,32,UTL-27-communications,U15,no_operational_action,request_peer_evidence,send_targeted_summary,execute_autonomously,False,False,0.0,False,False,False,0.6691914278364202,0.10423740380972918,0.44794473344712904,0.09951986349833705,0.0,0.9204884325615381,0.9204884325615381,0.0,0.0,0.0,0.0,1.0,0.8,0.0030818625097819297,0.0,1,4,0.30180985270398375,0.6691914278364202,0.4977986792749526,0.5502742577928017,0.4410603996912965,0.3033159834139981
v7-pilots_iteration2-utility_restoration-medium-low-high-medium-modular-private_fragmented-774105-always_act-event_triggered,utility_restoration,medium,low,high,medium,modular,private_fragmented,event_triggered,774105,always_act,36,UTL-00-zone_operator,U00,no_operational_action,request_peer_evidence,send_targeted_summary,execute_autonomously,False,False,0.0,False,False,False,0.6094649944966741,0.07497203383632978,0.029944065615247803,0.0184188951421093,0.0,0.8224148068510305,0.8662852177148853,0.027355844832741005,0.024442605852460497,0.01759800935618716,0.02258678634715061,0.972644155167259,0.2,-0.07020409573012942,0.02104319405971855,5,0,0.26203863296297547,0.6094649944966741,0.4876878822772647,0.5407177497077367,0.3303072129362721,0.2563297959555212
v7-pilots_iteration2-utility_restoration-medium-low-high-medium-modular-private_fragmented-774105-always_act-event_triggered,utility_restoration,medium,low,high,medium,modular,private_fragmented,event_triggered,774105,always_act,36,UTL-01-crew_dispatch,U05,no_operational_action,request_peer_evidence,send_targeted_summary,execute_autonomously,False,False,0.0,False,False,False,0.6951671168003685,0.06095327934296674,0.9120905061895495,0.7225312339748469,0.0,0.8944551684179809,0.9149964723095395,0.01575138122328268,0.014276092552010455,0.01066355662995011,0.03685984974379075,0.9842486187767173,0.375,-0.02189663700377975,0.0070182300474371795,4,1,0.4601643158660885,0.6951671168003685,0.5237325725372384,0.5793179402638061,0.4229971606667167,0.3767077280912103
v7-pilots_iteration2-utility_restoration-medium-low-high-medium-modular-private_fragmented-774105-always_act-event_triggered,utility_restoration,medium,low,high,medium,modular,private_fragmented,event_triggered,774105,always_act,36,UTL-02-cyber_defense,U02,isolate_component,request_peer_evidence,send_targeted_summary,execute_autonomously,True,True,-0.010499999999999999,True,False,True,0.7339789805555088,0.06304168033437338,0.0,0.0,0.0,0.9678432898352122,0.9803503118402834,0.025751248067486965,0.020951822224414163,0.017933444272195342,0.05241043806072853,0.974248751932513,0.3666666666666667,0.06207348767485288,0.01540500146879975,5,1,0.299952853388873,0.7339789805555088,0.5716041619754884,0.6179693127330688,0.46126837101895446,0.32656416128896393
v7-pilots_iteration2-utility_restoration-medium-low-high-medium-modular-private_fragmented-774105-always_act-event_triggered,utility_restoration,medium,low,high,medium,modular,private_fragmented,event_triggered,774105,always_act,36,UTL-03-communications,U03,no_operational_action,no_information_action,no_communication_action,execute_autonomously,False,False,0.0,False,False,False,0.5306870994321266,0.25660050012742475,0.0,0.0,0.0,0.8262017521214146,0.8262017521214146,0.0,0.0,0.0,0.0,1.0,0.8,-0.06005896614087147,0.0,1,4,0.23083361380692305,0.5306870994321266,0.4188252778032043,0.4671208740433529,0.3828885817614932,0.25259238784099547
v7-pilots_iteration2-utility_restoration-medium-low-high-medium-modular-private_fragmented-774105-always_act-event_triggered,utility_restoration,medium,low,high,medium,modular,private_fragmented,event_triggered,774105,always_act,36,UTL-04-resource_allocation,U04,no_operational_action,no_information_action,no_communication_action,execute_autonomously,False,False,0.0,False,False,False,0.5184438710551091,0.2780309935144927,0.9833668228824034,0.775881893179485,0.0,0.8154600602489283,0.8170849401328268,0.0012273501529850295,0.001058888131006186,0.0009616738229073496,0.08415575072314319,0.998772649847015,0.3875,-0.09696012446666102,-0.006514977496714369,4,1,0.41288257052181354,0.5184438710551091,0.41296085369845476,0.46080098950023785,0.4231631669423235,0.3509920390938586
v7-pilots_iteration2-utility_restoration-medium-low-high-medium-modular-private_fragmented-774105-always_act-event_triggered,utility_restoration,medium,low,high,medium,modular,private_fragmented,event_triggered,774105,always_act,36,UTL-05-critical_load,U01,no_operational_action,no_information_action,no_communication_action,execute_autonomously,False,False,0.0,False,False,False,0.8293116745322303,0.2265909322486055,0.7569558270173165,0.5142526158417754,0.0,0.908887498072201,0.9350230435335354,0.02466647431337865,0.018938399852591603,0.020044359009958268,0.032486519144334355,0.9753335256866213,0.2,0.03505192465484863,-0.01054900273257342,5,0,0.4557865971429844,0.8293116745322303,0.5934796083696726,0.63590954464362,0.43769041240292494,0.36639047803382413
v7-pilots_iteration2-utility_restoration-medium-low-high-medium-modular-private_fragmented-774105-always_act-event_triggered,utility_restoration,medium,low,high,medium,modular,private_fragmented,event_triggered,774105,always_act,36,UTL-06-zone_operator,U02,dispatch_repair_crew,no_information_action,negotiate_commitment,execute_autonomously,False,True,0.0,False,False,False,0.6473501533617559,0.1516994427956638,0.2874532311501643,0.3834738518344049,0.0,0.9048325827781106,0.9189461545061011,0.017042058626984047,0.015669878483597577,0.010105395971927944,0.07717519309057064,0.982957941373016,0.3666666666666667,0.017998070112070663,0.00706435179120557,5,1,0.3625327765832542,0.6473501533617559,0.5090070891170076,0.5618645543362644,0.4625266912429382,0.35155367646752345
v7-pilots_iteration2-utility_restoration-medium-low-high-medium-modular-private_fragmented-774105-always_act-event_triggered,utility_restoration,medium,low,high,medium,modular,private_fragmented,event_triggered,774105,always_act,36,UTL-07-crew_dispatch,U03,no_operational_action,no_information_action,no_communication_action,execute_autonomously,False,False,0.0,False,False,False,0.6602905263213497,0.19233182371058083,0.0,0.0,0.0,0.949334808317501,0.949334808317501,0.0,0.0,0.0,0.0,1.0,0.8,0.02353592564564244,0.0,1,4,0.2748987789492589,0.6602905263213497,0.5014499126079152,0.5509392802419684,0.43732202105496687,0.28888134736997795
v7-pilots_iteration2-utility_restoration-medium-low-high-medium-modular-private_fragmented-774105-always_act-event_triggered,utility_restoration,medium,low,high,medium,modular,private_fragmented,event_triggered,774105,always_act,36,UTL-08-cyber_defense,U00,no_operational_action,no_information_action,no_communication_action,execute_autonomously,False,False,0.0,False,False,False,0.5071812852034151,0.29401358251407533,0.0,0.0,0.0,0.8074488035756633,0.8078437714709511,0.00028989500750564723,0.0002402262802224664,0.00021488389238677463,0.02476154149346543,0.9997101049924944,0.5666666666666667,-0.06164251252167341,-0.0012568774645280723,3,2,0.22284163696916115,0.5071812852034151,0.4051405679857898,0.4521979250188204,0.3639870161888351,0.23394923100274873
v7-pilots_iteration2-utility_restoration-medium-low-high-medium-modular-private_fragmented-774105-always_act-event_triggered,utility_restoration,medium,low,high,medium,modular,private_fragmented,event_triggered,774105,always_act,36,UTL-09-communications,U01,isolate_component,request_peer_evidence,negotiate_commitment,execute_autonomously,True,True,-0.03455812741163421,True,False,True,0.6894657356802235,0.0110298044754501,0.8019375803878068,0.5794761582289865,0.0,0.8868702907504908,0.9222908591145212,0.03278079691625069,0.027449229183210133,0.022263962876644783,0.06111730955605288,0.9672192030837493,0.5666666666666667,-0.029798914775517216,0.013785746888162587,3,2,0.42389262810623274,0.6894657356802235,0.5433969826424631,0.5933403508080906,0.49580725284422755,0.4208465733825737
v7-pilots_iteration2-utility_restoration-medium-low-high-medium-modular-private_fragmented-774105-always_act-event_triggered,utility_restoration,medium,low,high,medium,modular,private_fragmented,event_triggered,774105,always_act,36,UTL-10-resource_allocation,U02,no_operational_action,request_peer_evidence,send_targeted_summary,execute_autonomously,False,False,0.0,False,False,False,0.6836887939176878,0.04471932329503708,0.1842323592486911,0.23380358757726877,0.0,0.8968591848063027,0.8980110389789266,0.001329059495661311,0.0016941502561980126,0.0003718174176450262,0.015960551244596277,0.9986709405043387,0.6666666666666666,-0.04135795376640594,-0.0003940115563094704,3,3,0.33896705095055835,0.6836887939176878,0.49955099706257666,0.5549336018755896,0.44474266467054846,0.31884808463082687
v7-pilots_iteration2-utility_restoration-medium-low-high-medium-modular-private_fragmented-774105-always_act-event_triggered,utility_restoration,medium,low,high,medium,modular,private_fragmented,event_triggered,774105,always_act,36,UTL-11-critical_load,U07,no_operational_action,request_peer_evidence,send_targeted_summary,execute_autonomously,False,False,0.0,False,False,False,0.8820091281577618,0.11027557237831598,0.43104390376700363,0.21789695140980317,0.0,0.8757666719029693,0.8797558885875119,0.003728524389537302,0.0032882310914609247,0.0024053103123587993,0.0,0.9962714756104627,0.6666666666666666,-0.06452691813359124,-0.025334905974494726,3,3,0.40257837191199175,0.8820091281577618,0.5769652533841994,0.6303727260931685,0.5037771671595933,0.36306863469179945
v7-pilots_iteration2-utility_restoration-medium-low-high-medium-modular-private_fragmented-774105-always_act-event_triggered,utility_restoration,medium,low,high,medium,modular,private_fragmented,event_triggered,774105,always_act,36,UTL-12-zone_operator,U00,no_operational_action,no_information_action,no_communication_action,execute_autonomously,False,False,0.0,False,False,False,0.5783295018357355,0.22334022025921557,0.0,0.0,0.0,0.875106685875832,0.8869220705734877,0.01240246383200272,0.01036649498395692,0.008229650272464362,0.03881721171093844,0.9875975361679973,0.5666666666666667,-0.022815691847249853,-0.004046439844713978,3,2,0.24703203062415008,0.5783295018357355,0.46747192156805606,0.514984109106561,0.4152338859049687,0.2747641465344932
v7-pilots_iteration2-utility_restoration-medium-low-high-medium-modular-private_fragmented-774105-always_act-event_triggered,utility_restoration,medium,low,high,medium,modular,private_fragmented,event_triggered,774105,always_act,36,UTL-13-crew_dispatch,U01,dispatch_repair_crew,no_information_action,no_communication_action,execute_autonomously,False,True,0.0,False,False,False,0.6494282470390853,0.154150503773061,0.9180551071872258,0.7478465720881441,0.0,0.9166016215899323,0.9393684230117176,0.025562401325879724,0.020753404668504505,0.01795079731384619,0.05084896285460727,0.9744375986741203,0.3875,-0.018736678233544635,0.011642853904994754,4,1,0.45068878129444356,0.6494282470390853,0.5247090660693489,0.5716808252477479,0.4275502872954189,0.3910576697053085
v7-pilots_iteration2-utility_restoration-medium-low-high-medium-modular-private_fragmented-774105-always_act-event_triggered,utility_restoration,medium,low,high,medium,modular,private_fragmented,event_triggered,774105,always_act,36,UTL-14-cyber_defense,U06,no_operational_action,request_peer_evidence,send_targeted_summary,execute_autonomously,False,False,0.0,False,False,False,0.6479186044802209,0.03782150608742085,0.8912516077548877,0.7423148312445871,0.0,0.858050596615407,0.858050596615407,0.0,0.0,0.0,0.0,1.0,0.8,-0.06489043689381391,0.0,1,4,0.44884788502197603,0.6479186044802209,0.4736800909459401,0.527629602471094,0.4321258138816928,0.3744949890038123
v7-pilots_iteration2-utility_restoration-medium-low-high-medium-modular-private_fragmented-774105-always_act-event_triggered,utility_restoration,medium,low,high,medium,modular,private_fragmented,event_triggered,774105,always_act,36,UTL-15-communications,U03,no_operational_action,request_peer_evidence,send_targeted_summary,execute_autonomously,False,False,0.0,False,False,False,0.7608071746969693,0.03797416164981801,0.0,0.0,0.0,0.9759335739805651,0.9762263779273014,0.0007738641392619483,0.0005954826501429755,0.000569776420497381,0.02231424608047516,0.999226135860738,0.725,0.06415935588893895,-0.01819983037063566,2,3,0.30907443939696966,0.7608071746969693,0.5493896731688958,0.6000464750826384,0.49845666741504935,0.32419959812078675
v7-pilots_iteration2-utility_restoration-medium-low-high-medium-modular-private_fragmented-774105-always_act-event_triggered,utility_restoration,medium,low,high,medium,modular,private_fragmented,event_triggered,774105,always_act,36,UTL-16-resource_allocation,U00,no_operational_action,request_peer_evidence,send_targeted_summary,execute_autonomously,False,False,0.0,False,False,False,0.6985309309885168,0.10991051268426524,0.22114230589857442,0.2956563435529329,0.0,0.9473864508667197,0.947445767940943,0.00010307371213769123,8.762203978895933e-05,6.247578922125019e-05,0.0,0.9998969262878623,0.725,0.012673314614518039,-0.0010748372872939616,2,3,0.35885803898879964,0.6985309309885168,0.5164032883090794,0.5678977572340715,0.4383829910151771,0.32540631047998286
v7-pilots_iteration2-utility_restoration-medium-low-high-medium-modular-private_fragmented-774105-always_act-event_triggered,utility_restoration,medium,low,high,medium,modular,private_fragmented,event_triggered,774105,always_act,36,UTL-17-critical_load,U05,no_operational_action,no_information_action,no_communication_action,execute_autonomously,False,False,0.0,False,False,False,0.8277822179966248,0.22254734374663807,0.7278250766453053,0.4553463611356927,0.0,0.888353456352021,0.888353456352021,0.0,0.0,0.0,0.0,1.0,0.8,-0.03444915926041736,0.0,1,4,0.44112908079141866,0.8277822179966248,0.5532012512866552,0.6042920613612908,0.5076685315585825,0.3904205843753381
v7-pilots_iteration2-utility_restoration-medium-low-high-medium-modular-private_fragmented-774105-always_act-event_triggered,utility_restoration,medium,low,high,medium,modular,private_fragmented,event_triggered,774105,always_act,36,UTL-18-zone_operator,U02,no_operational_action,no_information_action,no_communication_action,execute_autonomously,False,False,0.0,False,False,False,0.5760560132814263,0.2541297775143733,0.20908562041301385,0.26984081626553674,0.0,0.8479224996699513,0.8658535886597495,0.014007408584866932,0.013487124368878223,0.007513240667173959,0.015960551244596277,0.9859925914151331,0.6666666666666666,-0.009826000057150508,0.011003348796920887,3,3,0.3110208404194138,0.5760560132814263,0.46201340224887205,0.5156321669581163,0.3995368968033187,0.3127389744213257
v7-pilots_iteration2-utility_restoration-medium-low-high-medium-modular-private_fragmented-774105-always_act-event_triggered,utility_restoration,medium,low,high,medium,modular,private_fragmented,event_triggered,774105,always_act,36,UTL-19-crew_dispatch,U03,no_operational_action,request_peer_evidence,send_targeted_summary,execute_autonomously,False,False,0.0,False,False,False,0.7023882425760737,0.09156230347126848,0.09840439698301026,0.14268637562536488,0.0,0.9513858719459232,0.9517622100498497,0.0008363708852987539,0.0007011211046881183,0.0005214400574480305,0.02619283641938852,0.9991636291147012,0.725,0.013659068906602623,-0.00652586138756861,2,3,0.32345673262595265,0.7023882425760737,0.5199726842563286,0.571104289449931,0.4798161732394215,0.3278154328131633
v7-pilots_iteration2-utility_restoration-medium-low-high-medium-modular-private_fragmented-774105-always_act-event_triggered,utility_restoration,medium,low,high,medium,modular,private_fragmented,event_triggered,774105,always_act,36,UTL-20-cyber_defense,U04,isolate_component,no_information_action,no_communication_action,execute_autonomously,True,False,0.0,False,False,False,0.6033849344883384,0.1739086697647843,1.0,1.0,0.0,0.8850233333137013,0.9223905388860919,0.02868101886300589,0.020526194226316963,0.025655840582056832,0.018764693433311108,0.9713189811369941,0.375,-0.012173851410597014,0.007377213849610875,4,1,0.4955508777260351,0.6033849344883384,0.502763233531969,0.5438901459060845,0.356944006503735,0.38444076532418736
v7-pilots_iteration2-utility_restoration-medium-low-high-medium-modular-private_fragmented-774105-always_act-event_triggered,utility_restoration,medium,low,high,medium,modular,private_fragmented,event_triggered,774105,always_act,36,UTL-21-communications,U01,dispatch_repair_crew,no_information_action,no_communication_action,execute_autonomously,False,False,0.0,False,False,False,0.5811648666373821,0.20565773363380482,0.9661841638211448,0.8176337042073266,0.0,0.8732066207920192,0.8748618491579814,0.0025951028546311594,0.0025016853423739382,0.0013885154949313527,0.023492921526007904,0.9974048971453688,0.5666666666666667,-0.00285841004537446,-0.010963825677506533,3,2,0.44422814366646834,0.5811648666373821,0.45440074584944123,0.5040516462221065,0.3931318180405658,0.35381361030338215
v7-pilots_iteration2-utility_restoration-medium-low-high-medium-modular-private_fragmented-774105-always_act-event_triggered,utility_restoration,medium,low,high,medium,modular,private_fragmented,event_triggered,774105,always_act,36,UTL-22-resource_allocation,U02,no_operational_action,no_information_action,no_communication_action,execute_autonomously,False,False,0.0,False,False,False,0.6432274251089507,0.16451940979171387,0.08992305647813256,0.09705509855995886,0.0,0.9269156578968673,0.9269282703335411,9.705126377745898e-05,9.442050451557993e-05,5.105315835829405e-05,0.0,0.9999029487362225,0.7916666666666666,0.030754265392414326,-0.002813868349488935,2,4,0.2923905481914334,0.6432274251089507,0.4891557562870855,0.5393652515543679,0.42848885187909264,0.2947498666298328
v7-pilots_iteration2-utility_restoration-medium-low-high-medium-modular-private_fragmented-774105-always_act-event_triggered,utility_restoration,medium,low,high,medium,modular,private_fragmented,event_triggered,774105,always_act,36,UTL-23-critical_load,U03,no_operational_action,no_information_action,no_communication_action,execute_autonomously,False,False,0.0,False,False,False,0.5279521357522851,0.28551573747034154,0.0,0.0,0.0,0.8273589966707866,0.8273589966707866,0.0,0.0,0.0,0.0,1.0,0.8,-0.10026830259485142,0.0,1,4,0.22990372615577692,0.5279521357522851,0.4180206034686107,0.4663175434505318,0.3817398970159598,0.25182659801063983
v7-pilots_iteration2-utility_restoration-medium-low-high-medium-modular-private_fragmented-774105-always_act-event_triggered,utility_restoration,medium,low,high,medium,modular,private_fragmented,event_triggered,774105,always_act,36,UTL-24-zone_operator,U00,no_operational_action,request_peer_evidence,send_targeted_summary,execute_autonomously,False,False,0.0,False,False,False,0.7239574195230889,0.014491744350781488,0.3627206883279725,0.5009449980755601,0.0,0.9401622489907888,0.9401517927967805,2.7383844126260826e-05,2.1353803828172424e-05,2.103045217960453e-05,0.0,0.9999726161558737,0.725,0.04195772270861586,-0.0012812219331942432,2,3,0.4167723221759847,0.7239574195230889,0.5246618674387096,0.5766413249538083,0.44906211619969727,0.3570964540709105
v7-pilots_iteration2-utility_restoration-medium-low-high-medium-modular-private_fragmented-774105-always_act-event_triggered,utility_restoration,medium,low,high,medium,modular,private_fragmented,event_triggered,774105,always_act,36,UTL-25-crew_dispatch,U01,dispatch_repair_crew,request_peer_evidence,send_targeted_summary,execute_autonomously,False,True,0.0,False,False,False,0.6878790016357892,0.06748456395359292,0.4370096362743836,0.0503306392645228,0.0,0.9313526119605477,0.9481689067958776,0.02584581024082655,0.021841273963401298,0.016600331003412738,0.05926912186916122,0.9741541897591735,0.3875,0.06833988099483079,0.017376972005122338,4,1,0.2963582139796538,0.6878790016357892,0.5441738879816098,0.5925694755889535,0.4564982459281566,0.3286540424917626
v7-pilots_iteration2-utility_restoration-medium-low-high-medium-modular-private_fragmented-774105-always_act-event_triggered,utility_restoration,medium,low,high,medium,modular,private_fragmented,event_triggered,774105,always_act,36,UTL-26-cyber_defense,U02,no_operational_action,request_peer_evidence,send_targeted_summary,execute_autonomously,False,False,0.0,False,False,False,0.6583186021941849,0.0346594400314027,0.0693603129016499,0.06723912037405902,0.0,0.8123652574504737,0.8554628789195801,0.030465859793117,0.023879017604362396,0.02466125399774355,0.015960551244596277,0.969534140206883,0.5208333333333333,-0.04649663680499849,0.027600172798900702,4,2,0.2903657136357971,0.6583186021941849,0.5090709589506562,0.5575938897518038,0.4049205174800107,0.32206909607436823
v7-pilots_iteration2-utility_restoration-medium-low-high-medium-modular-private_fragmented-774105-always_act-event_triggered,utility_restoration,medium,low,high,medium,modular,private_fragmented,event_triggered,774105,always_act,36,UTL-27-communications,U07,isolate_component,request_peer_evidence,send_targeted_summary,execute_autonomously,True,True,-0.020789962284136116,True,False,True,0.7137195050534912,0.08244389012413694,0.34299874280453724,0.19929041287683474,0.0,0.9549683910561189,0.9549683910561189,0.0,0.0,0.0,0.0,1.0,0.8333333333333334,0.02082084710993326,0.0,1,5,0.3408943308086274,0.7137195050534912,0.5242298997854262,0.5758741929339769,0.466428858789133,0.33208964429353105
v7-pilots_iteration2-utility_restoration-medium-low-high-medium-modular-private_fragmented-774105-always_act-event_triggered,utility_restoration,medium,low,high,medium,modular,private_fragmented,event_triggered,774105,always_act,40,UTL-00-zone_operator,U04,no_operational_action,request_peer_evidence,send_targeted_summary,execute_autonomously,False,False,0.0,False,False,False,0.6619668453307651,0.043652889037653464,1.0,0.8190002966912732,0.0,0.8842545757317191,0.9379454766782351,0.05025964275954564,0.03702450701866311,0.041884160895746314,0.05429854598661577,0.9497403572404544,0.16999999999999998,0.05661714486852232,0.041898177822997096,5,0,0.47202879861836566,0.6619668453307651,0.5562138819285998,0.59453524814581,0.3945598649385773,0.4254323972770016
v7-pilots_iteration2-utility_restoration-medium-low-high-medium-modular-private_fragmented-774105-always_act-event_triggered,utility_restoration,medium,low,high,medium,modular,private_fragmented,event_triggered,774105,always_act,40,UTL-01-crew_dispatch,U09,dispatch_repair_crew,request_peer_evidence,negotiate_commitment,execute_autonomously,False,True,0.0,False,False,False,0.8289919148828442,0.18002122258441972,0.27785775700360954,0.25972378426193143,0.0,0.9194451869780046,0.9313554209560034,0.016804845193031714,0.011893388442380859,0.015482230205733583,0.0,0.9831951548069683,0.3875,0.0017873902022997878,-0.005670319136027002,4,1,0.3945909592830307,0.8289919148828442,0.5849848459678832,0.6309770728182851,0.42567660425079457,0.32974653620104893
v7-pilots_iteration2-utility_restoration-medium-low-high-medium-modular-private_fragmented-774105-always_act-event_triggered,utility_restoration,medium,low,high,medium,modular,private_fragmented,event_triggered,774105,always_act,40,UTL-02-cyber_defense,U10,no_operational_action,request_peer_evidence,send_targeted_summary,execute_autonomously,False,False,0.0,False,False,False,0.6950385545802861,0.023640305178848076,0.7730447024260872,0.5709148185178265,0.0,0.9225337892837957,0.92298794723672,0.0007005661835401966,0.000563057020024238,0.0004978836677328458,0.0,0.9992994338164598,0.3875,-0.01670483267211953,-0.005312658795201264,4,1,0.4237326650015757,0.6950385545802861,0.5096296618100196,0.5611424223306372,0.36941619292372013,0.3141220425719641
v7-pilots_iteration2-utility_restoration-medium-low-high-medium-modular-private_fragmented-774105-always_act-event_triggered,utility_restoration,medium,low,high,medium,modular,private_fragmented,event_triggered,774105,always_act,40,UTL-03-communications,U07,isolate_component,request_peer_evidence,negotiate_commitment,execute_autonomously,True,True,-0.02153615461311407,True,False,True,0.6685100471538739,0.062401852035536,0.36787182043713573,0.3150100869080547,0.0,0.8996623197825241,0.899713211826919,0.00022330400472470036,0.00021612392407710512,0.00015794943261093763,0.0,0.9997766959952753,0.7916666666666666,0.11260754043709786,-0.00570489101953886,2,4,0.35329583689025024,0.6685100471538739,0.4926322244137952,0.546026368926576,0.43910755313796035,0.3281077269336187
v7-pilots_iteration2-utility_restoration-medium-low-high-medium-modular-private_fragmented-774105-always_act-event_triggered,utility_restoration,medium,low,high,medium,modular,private_fragmented,event_triggered,774105,always_act,40,UTL-04-resource_allocation,U08,no_operational_action,no_information_action,no_communication_action,execute_autonomously,False,False,0.0,False,False,False,0.496273126982246,0.3438286004524932,0.01920617920222959,0.027848959843232907,0.0,0.8159141116317477,0.8260031018580634,0.007847873626005475,0.004872764685987185,0.00943770808580724,0.11366221742127569,0.9921521263739945,0.5208333333333333,-0.1259028218485605,0.0028249374960448437,4,2,0.22581661353633956,0.496273126982246,0.41347480177724294,0.4545299986869731,0.48536795047954906,0.30313925595326835
v7-pilots_iteration2-utility_restoration-medium-low-high-medium-modular-private_fragmented-774105-always_act-event_triggered,utility_restoration,medium,low,high,medium,modular,private_fragmented,event_triggered,774105,always_act,40,UTL-05-critical_load,U09,no_operational_action,request_peer_evidence,send_targeted_summary,execute_autonomously,False,False,0.0,False,False,False,0.8970326587894061,0.49199481238475096,0.6656931253588702,0.40106646128590373,0.0,0.7287835253324934,0.7316587435737933,0.0016345941539932518,0.00112801026750331,0.0019203474527625941,0.0,0.9983654058460067,0.5666666666666667,-0.14945190630408844,-0.013073732386493564,3,2,0.45164705469701494,0.8970326587894061,0.5432973766644764,0.5801073139278535,0.4900870500248839,0.37467145727821183
v7-pilots_iteration2-utility_restoration-medium-low-high-medium-modular-private_fragmented-774105-always_act-event_triggered,utility_restoration,medium,low,high,medium,modular,private_fragmented,event_triggered,774105,always_act,40,UTL-06-zone_operator,U06,no_operational_action,no_information_action,no_communication_action,execute_autonomously,False,False,0.0,False,False,False,0.6323851288389237,0.1935429888079418,0.5755138183342756,0.28449503658469966,0.0,0.9026521289980732,0.9090403964319466,0.010709662099626427,0.009127176246589541,0.007144072334885787,0.0,0.9892903379003736,0.5666666666666667,-0.03594818997837479,0.010033936700174273,3,2,0.333689752585562,0.6323851288389237,0.4936106107245648,0.5448124536480652,0.3789350874456813,0.3023938255734472
v7-pilots_iteration2-utility_restoration-medium-low-high-medium-modular-private_fragmented-774105-always_act-event_triggered,utility_restoration,medium,low,high,medium,modular,private_fragmented,event_triggered,774105,always_act,40,UTL-07-crew_dispatch,U07,dispatch_repair_crew,request_peer_evidence,negotiate_commitment,execute_autonomously,False,True,0.0,False,False,False,0.8012497773750716,0.10111625366954813,0.6908309670098907,0.40562285957747846,0.0,0.9465899892797637,0.9468162736352879,0.0004528068336566715,0.0004298356584825358,0.0002719515813645046,0.0,0.9995471931663433,0.7916666666666666,0.0646007837519963,-0.006371317248677899,2,4,0.42017441060611915,0.8012497773750716,0.5577813378370889,0.6094092811369641,0.4948582398308634,0.3763400505561917
v7-pilots_iteration2-utility_restoration-medium-low-high-medium-modular-private_fragmented-774105-always_act-event_triggered,utility_restoration,medium,low,high,medium,modular,private_fragmented,event_triggered,774105,always_act,40,UTL-08-cyber_defense,U08,no_operational_action,no_information_action,no_communication_action,execute_autonomously,False,False,0.0,False,False,False,0.5846990275740191,0.1788761171119978,0.0,0.0,0.0,0.8611598899903351,0.8736140023548569,0.004954097804441893,0.004177926686065869,0.0035010947753495447,0.0,0.9950459021955581,0.7916666666666666,0.030453141766386693,0.004954097804441893,2,4,0.24919766937516652,0.5846990275740191,0.45610532045341007,0.5062079806753554,0.4039069249144214,0.2750483589692643
v7-pilots_iteration2-utility_restoration-medium-low-high-medium-modular-private_fragmented-774105-always_act-event_triggered,utility_restoration,medium,low,high,medium,modular,private_fragmented,event_triggered,774105,always_act,40,UTL-09-communications,U05,no_operational_action,request_peer_evidence,send_targeted_summary,execute_autonomously,False,False,0.0,False,False,False,0.7170297318196366,0.03862188956254131,0.7732588670119216,0.5212253571672865,0.0,0.9425416764258635,0.942548747511921,0.00010424958859556188,8.93393254257635e-05,7.970994175399149e-05,0.017987739245878154,0.9998957504114044,0.5666666666666667,0.044079153120076264,-0.0036722333223840886,3,2,0.41928419453882526,0.7170297318196366,0.5225932612583543,0.5745038895393499,0.4418271843513155,0.35016043025727817
v7-pilots_iteration2-utility_restoration-medium-low-high-medium-modular-private_fragmented-774105-always_act-event_triggered,utility_restoration,medium,low,high,medium,modular,private_fragmented,event_triggered,774105,always_act,40,UTL-10-resource_allocation,U06,no_operational_action,request_peer_evidence,send_targeted_summary,execute_autonomously,False,False,0.0,False,False,False,0.6880719336270302,0.020697187061064604,0.6107864439332052,0.33564034370314755,0.0,0.8875094088168793,0.8876441099610495,0.0001883483073795711,0.00018407027014188948,0.00010335797582627926,0.0,0.9998116516926204,0.725,-0.028069134841679277,-0.0018615094510461283,2,3,0.36489813992194575,0.6880719336270302,0.49736981328536334,0.5519399651822641,0.43399021212335265,0.32734990947215487
v7-pilots_iteration2-utility_restoration-medium-low-high-medium-modular-private_fragmented-774105-always_act-event_triggered,utility_restoration,medium,low,high,medium,modular,private_fragmented,event_triggered,774105,always_act,40,UTL-11-critical_load,U11,no_operational_action,no_information_action,no_communication_action,execute_autonomously,False,False,0.0,False,False,False,0.6280690960542467,0.19947673270212612,0.4308392713870208,0.07471694351118009,0.0,0.9109201187179593,0.9109991966033119,0.00022119520914831714,0.00020953284316094223,0.00012012103598069146,0.0,0.9997788047908517,0.5666666666666667,0.017692674768921446,-0.003251406381616584,3,2,0.28187555910112716,0.6280690960542467,0.47926734139399607,0.5301576512028081,0.3771223536761169,0.2586812947641123
v7-pilots_iteration2-utility_restoration-medium-low-high-medium-modular-private_fragmented-774105-always_act-event_triggered,utility_restoration,medium,low,high,medium,modular,private_fragmented,event_triggered,774105,always_act,40,UTL-12-zone_operator,U04,no_operational_action,request_peer_evidence,send_targeted_summary,execute_autonomously,False,False,0.0,False,False,False,0.6867560306721571,0.12616976065997806,0.9294232981891193,0.6976637823742229,0.0,0.9560259786745768,0.9560798442761154,8.63535068207355e-05,6.65681067155699e-05,6.391395347393747e-05,0.0,0.9999136464931793,0.5666666666666667,0.019130286977167232,-0.0005156679684881205,3,2,0.45133635819834694,0.6867560306721571,0.5138298018470561,0.5640942850983415,0.4017708662156393,0.34975570722034577
v7-pilots_iteration2-utility_restoration-medium-low-high-medium-modular-private_fragmented-774105-always_act-event_triggered,utility_restoration,medium,low,high,medium,modular,private_fragmented,event_triggered,774105,always_act,40,UTL-13-crew_dispatch,U05,dispatch_repair_crew,request_peer_evidence,send_targeted_summary,execute_autonomously,False,True,0.0,False,False,False,0.7935204439122827,0.0026705431461204743,0.6750341932353726,0.37879958019129034,0.0,0.9416770289898642,0.9496615200601951,0.013025772210222497,0.010537334816092314,0.009587596564433087,0.018362394901283108,0.9869742277897775,0.3875,0.07736816099013277,0.001832885195456213,4,1,0.4111088501760858,0.7935204439122827,0.5710635159066907,0.62154927784416,0.43868942669310906,0.34462095753229866
v7-pilots_iteration2-utility_restoration-medium-low-high-medium-modular-private_fragmented-774105-always_act-event_triggered,utility_restoration,medium,low,high,medium,modular,private_fragmented,event_triggered,774105,always_act,40,UTL-14-cyber_defense,U10,no_operational_action,request_peer_evidence,send_targeted_summary,execute_autonomously,False,False,0.0,False,False,False,0.6740023670312227,0.044510770103962094,0.13779965395308136,0.0,0.0,0.8873029140086124,0.8873143701672654,1.7588924569822417e-05,1.6958755274742998e-05,8.541872445144705e-06,0.0,0.9999824110754302,0.725,-0.05552046166204405,-0.0006613615168004072,2,3,0.27956080479061574,0.6740023670312227,0.49145129980903995,0.5459898996909838,0.4280809941531135,0.2829853811385913
v7-pilots_iteration2-utility_restoration-medium-low-high-medium-modular-private_fragmented-774105-always_act-event_triggered,utility_restoration,medium,low,high,medium,modular,private_fragmented,event_triggered,774105,always_act,40,UTL-15-communications,U11,no_operational_action,request_peer_evidence,send_targeted_summary,execute_autonomously,False,False,0.0,False,False,False,0.6670654521888435,0.11163234711070369,0.5907810214242492,0.3066324810651613,0.0,0.9285130936228608,0.9285130936228608,0.0,0.0,0.0,0.0,1.0,0.8,-0.042137129840024046,0.0,1,4,0.3507940491998456,0.6670654521888435,0.4989544542812526,0.5501838503605712,0.4401674899193143,0.32757422434069555
v7-pilots_iteration2-utility_restoration-medium-low-high-medium-modular-private_fragmented-774105-always_act-event_triggered,utility_restoration,medium,low,high,medium,modular,private_fragmented,event_triggered,774105,always_act,40,UTL-16-resource_allocation,U04,no_operational_action,no_information_action,no_communication_action,execute_autonomously,False,False,0.0,False,False,False,0.6380421769815523,0.18617278888836297,0.7692438306269732,0.4654035544091112,0.0,0.9100059311853397,0.9100801011652787,0.00012859365755069074,0.00011307777534763641,9.341425774100909e-05,0.0,0.9998714063424493,0.725,-0.02826180329453909,-0.000963817365907893,2,3,0.3790311932319145,0.6380421769815523,0.48289838470952684,0.5346109792460986,0.41297771433225194,0.3288679958619019
v7-pilots_iteration2-utility_restoration-medium-low-high-medium-modular-private_fragmented-774105-always_act-event_triggered,utility_restoration,medium,low,high,medium,modular,private_fragmented,event_triggered,774105,always_act,40,UTL-17-critical_load,U09,no_operational_action,request_peer_evidence,send_targeted_summary,execute_autonomously,False,False,0.0,False,False,False,0.8747296421501499,0.21068342708275764,0.4718569591078323,0.4029007976643274,0.0,0.8442527646881328,0.8442527646881328,0.0,0.0,0.0,0.0,1.0,0.8,-0.00934929617428526,0.0,1,4,0.4445042697704896,0.8747296421501499,0.5609550480320932,0.6154862852717518,0.5273864497030629,0.3972723955217613
v7-pilots_iteration2-utility_restoration-medium-low-high-medium-modular-private_fragmented-774105-always_act-event_triggered,utility_restoration,medium,low,high,medium,modular,private_fragmented,event_triggered,774105,always_act,40,UTL-18-zone_operator,U10,no_operational_action,no_information_action,no_communication_action,execute_autonomously,False,False,0.0,False,False,False,0.6202358432520526,0.1527343389362078,0.542712015042396,0.23693242181147417,0.0,0.8386334355614832,0.8609862204814623,0.013471334484655872,0.016150028757676793,0.0055208975997228515,0.0,0.9865286655153441,0.5666666666666667,-0.07102621609534188,0.001975170784033864,3,2,0.31814396794045174,0.6202358432520526,0.47661256446971006,0.540598503118602,0.37383238749919545,0.2888375671031668
v7-pilots_iteration2-utility_restoration-medium-low-high-medium-modular-private_fragmented-774105-always_act-event_triggered,utility_restoration,medium,low,high,medium,modular,private_fragmented,event_triggered,774105,always_act,40,UTL-19-crew_dispatch,U07,dispatch_repair_crew,request_peer_evidence,send_targeted_summary,execute_autonomously,False,True,0.0,False,False,False,0.8768531021358323,0.0783185125503495,0.2467087223473267,0.17357673770051174,0.0,0.9410102632909192,0.9410102632909192,0.0,0.0,0.0,0.0,1.0,0.8333333333333334,0.11915964566601067,0.0,1,5,0.3901884717743058,0.8768531021358323,0.5859938066770627,0.6379874698842769,0.5349449695637163,0.3746814104554278
v7-pilots_iteration2-utility_restoration-medium-low-high-medium-modular-private_fragmented-774105-always_act-event_triggered,utility_restoration,medium,low,high,medium,modular,private_fragmented,event_triggered,774105,always_act,40,UTL-20-cyber_defense,U08,no_operational_action,request_peer_evidence,send_targeted_summary,execute_autonomously,False,False,0.0,False,False,False,0.6891988737782426,0.015867219718539993,0.06628831865396156,0.09611806204824427,0.0,0.8566937990074825,0.8923602663851189,0.02916231954766224,0.02421087242755071,0.022694946102732594,0.04220535875837761,0.9708376804523378,0.3566666666666667,0.020098882054331635,0.01565086084228462,5,1,0.30779595197618115,0.6891988737782426,0.5306802466298949,0.5830188911117664,0.42494900563292926,0.32105530196476617
v7-pilots_iteration2-utility_restoration-medium-low-high-medium-modular-private_fragmented-774105-always_act-event_triggered,utility_restoration,medium,low,high,medium,modular,private_fragmented,event_triggered,774105,always_act,40,UTL-21-communications,U09,isolate_component,request_peer_evidence,send_targeted_summary,execute_autonomously,True,True,-0.02941437587802785,True,False,True,0.7054133006986374,0.0025519320017040603,0.6304791959342617,0.09412953968162735,0.0,0.8775329925243333,0.8960653495744244,0.019658585309573984,0.0188940322593375,0.011127041222376066,0.0,0.980341414690426,0.5666666666666667,-0.0017896276042241865,0.01349580212318846,3,2,0.3128316117611273,0.7054133006986374,0.5290705878439419,0.5867212747072378,0.40960691962676105,0.3103250275710427
v7-pilots_iteration2-utility_restoration-medium-low-high-medium-modular-private_fragmented-774105-always_act-event_triggered,utility_restoration,medium,low,high,medium,modular,private_fragmented,event_triggered,774105,always_act,40,UTL-22-resource_allocation,U06,no_operational_action,request_peer_evidence,send_targeted_summary,execute_autonomously,False,False,0.0,False,False,False,0.7230213672960298,0.03902061486656189,0.28446410937772715,0.0,0.0,0.9360434221590348,0.9384040008911421,0.009503275808746992,0.0076548261360400716,0.0068086520808949835,0.0,0.990496724191253,0.725,-0.006428278791868136,0.008953245439914492,2,3,0.2962272648806502,0.7230213672960298,0.5365239885904165,0.5874362888139203,0.4486689742643325,0.3123865927258176
v7-pilots_iteration2-utility_restoration-medium-low-high-medium-modular-private_fragmented-774105-always_act-event_triggered,utility_restoration,medium,low,high,medium,modular,private_fragmented,event_triggered,774105,always_act,40,UTL-23-critical_load,U07,no_operational_action,request_peer_evidence,send_targeted_summary,execute_autonomously,False,False,0.0,False,False,False,0.9009255166326283,0.1821042630451712,0.1789901212572744,0.2165032432180529,0.0,0.9004113275227367,0.9010517791249911,0.000954622109981651,0.0008054782988597964,0.0007207207146231465,0.0,0.9990453778900183,0.6666666666666666,0.050934934823851696,-0.015422509006784768,3,3,0.40867545402742633,0.9009255166326283,0.5868095094877098,0.6367665294315359,0.5117220503190372,0.3657836921036724
v7-pilots_iteration2-utility_restoration-medium-low-high-medium-modular-private_fragmented-774105-always_act-event_triggered,utility_restoration,medium,low,high,medium,modular,private_fragmented,event_triggered,774105,always_act,40,UTL-24-zone_operator,U08,no_operational_action,request_peer_evidence,send_targeted_summary,execute_autonomously,False,False,0.0,False,False,False,0.7666286880055992,0.02132423836116501,0.2875226610318179,0.416907858496136,0.0,0.9695520314862778,0.9694778316705629,0.00010599796534638273,8.156785272550593e-05,8.882290525502601e-05,0.0,0.9998940020346536,0.7916666666666666,0.02422427897775392,-0.0031513550690583925,2,4,0.41111163996097644,0.7666286880055992,0.5491878802252942,0.6005105190741318,0.480317382295685,0.3677009447409982
v7-pilots_iteration2-utility_restoration-medium-low-high-medium-modular-private_fragmented-774105-always_act-event_triggered,utility_restoration,medium,low,high,medium,modular,private_fragmented,event_triggered,774105,always_act,40,UTL-25-crew_dispatch,U05,dispatch_repair_crew,no_information_action,no_communication_action,execute_autonomously,False,False,0.0,False,False,False,0.4808710047088772,0.33481729911761227,0.9746540008601212,0.8132483012471758,0.0,0.7794119410555708,0.7808198523989763,0.0008004836051502817,0.0007939471197841996,0.0004995611237195163,0.0,0.9991995163948497,0.5666666666666667,-0.1445127384454139,-0.0016830518689328056,3,2,0.40907573390034047,0.4808710047088772,0.388322064194654,0.434931991883721,0.3152991553110618,0.3066154037974707
v7-pilots_iteration2-utility_restoration-medium-low-high-medium-modular-private_fragmented-774105-always_act-event_triggered,utility_restoration,medium,low,high,medium,modular,private_fragmented,event_triggered,774105,always_act,40,UTL-26-cyber_defense,U06,no_operational_action,no_information_action,no_communication_action,execute_autonomously,False,False,0.0,False,False,False,0.5968109766558127,0.24048071673457422,0.717214326678348,0.48996077368360447,0.0,0.8860724630999329,0.892742703569998,0.0018693295022609302,0.002057741381721323,0.0010127750833607285,0.0,0.9981306704977391,0.5666666666666667,0.03870807088108663,-0.001766406015589972,3,2,0.3709063177470414,0.5968109766558127,0.46285956774047365,0.5143807125953779,0.3639939435287747,0.3012205657004325
v7-pilots_iteration2-utility_restoration-medium-low-high-medium-modular-private_fragmented-774105-always_act-event_triggered,utility_restoration,medium,low,high,medium,modular,private_fragmented,event_triggered,774105,always_act,40,UTL-27-communications,U11,no_operational_action,request_peer_evidence,send_targeted_summary,execute_autonomously,False,False,0.0,False,False,False,0.6749665633626671,0.11114574956150144,0.35669231895843767,0.0,0.0,0.9093760674129197,0.9094460797640289,0.000155682058870954,0.00018357780841615767,6.663228484748984e-05,0.0,0.999844317941129,0.725,-0.016719190185530253,-0.0017840043903507574,2,3,0.2798886315433069,0.6749665633626671,0.4975485970807161,0.5526406986177632,0.42848595661232014,0.28337392581162135
v7-pilots_iteration2-utility_restoration-medium-low-high-medium-modular-private_fragmented-774105-always_act-event_triggered,utility_restoration,medium,low,high,medium,modular,private_fragmented,event_triggered,774105,always_act,44,UTL-00-zone_operator,U08,no_operational_action,request_peer_evidence,send_targeted_summary,execute_autonomously,False,False,0.0,False,False,False,0.6732679336632313,0.07231760565154616,0.32797119764428995,0.4755582365842204,0.0,0.9043164493371458,0.9096403880474696,0.009048265877427575,0.0072153677602221356,0.007185550564807075,0.004492826884162859,0.9909517341225724,0.20833333333333334,0.01285841235196461,-0.0008964944885894166,6,0,0.3934450742257116,0.6732679336632313,0.5080538580279776,0.5597831585557713,0.33126829566915134,0.28429500405856545
v7-pilots_iteration2-utility_restoration-medium-low-high-medium-modular-private_fragmented-774105-always_act-event_triggered,utility_restoration,medium,low,high,medium,modular,private_fragmented,event_triggered,774105,always_act,44,UTL-01-crew_dispatch,U13,no_operational_action,request_peer_evidence,send_targeted_summary,execute_autonomously,False,False,0.0,False,False,False,0.7393878610499387,0.053530018020557874,0.747453793832065,0.5338080010564943,0.0,0.9633235380180972,0.9709990402189539,0.032298841194941974,0.025912860167563223,0.023218184663507224,0.04785165282607573,0.967701158805058,0.3666666666666667,0.06520219004980721,0.029621912484028345,5,1,0.4299057930105378,0.7393878610499387,0.5818044065974186,0.6268891888918511,0.4566107472699427,0.40621751327132133
v7-pilots_iteration2-utility_restoration-medium-low-high-medium-modular-private_fragmented-774105-always_act-event_triggered,utility_restoration,medium,low,high,medium,modular,private_fragmented,event_triggered,774105,always_act,44,UTL-02-cyber_defense,U14,no_operational_action,request_peer_evidence,send_targeted_summary,execute_autonomously,False,False,0.0,False,False,False,0.629859540674894,0.11289175941035784,0.5151750531077037,0.19700382700617033,0.0,0.8691511320871201,0.8836547694761069,0.012334331440114865,0.011053358544380831,0.00739829591705754,0.01013112235496727,0.9876656685598851,0.5666666666666667,-0.055329159296626074,0.010644969316650932,3,2,0.31183316231094493,0.629859540674894,0.48649966330789846,0.5399100197071055,0.39327364639633905,0.30026505633776285
v7-pilots_iteration2-utility_restoration-medium-low-high-medium-modular-private_fragmented-774105-always_act-event_triggered,utility_restoration,medium,low,high,medium,modular,private_fragmented,event_triggered,774105,always_act,44,UTL-03-communications,U15,no_operational_action,no_information_action,no_communication_action,execute_autonomously,False,False,0.0,False,False,False,0.5442849775145635,0.2941623602864895,0.8878561215377339,0.7373913762297142,0.0,0.8518477048063238,0.8519398297889473,3.540563256132501e-05,3.421707035367039e-05,2.1462158939611342e-05,0.0,0.9999645943674387,0.725,-0.08294881481489724,-0.00011296669357374611,2,3,0.412430822650083,0.5442849775145635,0.43072548509299224,0.478739664394483,0.37359969055611664,0.33516795041829894
v7-pilots_iteration2-utility_restoration-medium-low-high-medium-modular-private_fragmented-774105-always_act-event_triggered,utility_restoration,medium,low,high,medium,modular,private_fragmented,event_triggered,774105,always_act,44,UTL-04-resource_allocation,U12,isolate_component,no_information_action,negotiate_commitment,execute_autonomously,True,False,0.0,False,False,False,0.5571819142738167,0.29683546123872684,0.474376203276457,0.35331150653137827,0.0,0.8764681277812363,0.8725300562300033,0.0063223629600362985,0.005884299513460256,0.0037209690159226705,0.02987088818593797,0.9936776370399637,0.3875,-0.0015948722193466214,0.0021078250274697563,4,1,0.32463661242062847,0.5571819142738167,0.4508411057988866,0.497725444641587,0.3569201540376287,0.2776816233726974
v7-pilots_iteration2-utility_restoration-medium-low-high-medium-modular-private_fragmented-774105-always_act-event_triggered,utility_restoration,medium,low,high,medium,modular,private_fragmented,event_triggered,774105,always_act,44,UTL-05-critical_load,U13,no_operational_action,request_peer_evidence,send_targeted_summary,execute_autonomously,False,False,0.0,False,False,False,0.7082307360214917,0.06494280918726511,0.17869989955780974,0.0,0.0,0.9424018864113864,0.9533033578927854,0.028345957794499332,0.02346635334804581,0.019482634060222437,0.04785165282607573,0.9716540422055007,0.3666666666666667,0.07227425541760646,0.027121287267173777,5,1,0.2911984502473072,0.7082307360214917,0.5585771069237424,0.6062323981847731,0.44352475475799497,0.3276753701938422
v7-pilots_iteration2-utility_restoration-medium-low-high-medium-modular-private_fragmented-774105-always_act-event_triggered,utility_restoration,medium,low,high,medium,modular,private_fragmented,event_triggered,774105,always_act,44,UTL-06-zone_operator,U14,no_operational_action,no_information_action,no_communication_action,execute_autonomously,False,False,0.0,False,False,False,0.5951442005098756,0.23927996264018095,0.2953900368535441,0.0,0.0,0.8907827696248596,0.8897853060411229,0.0032663934069586675,0.002753098682481525,0.0021428872736292126,0.012457366839065509,0.9967336065930413,0.5666666666666667,-0.03802355975050142,0.0028814913648721463,3,2,0.25274902817335776,0.5951442005098756,0.46532632337990726,0.5146631918014739,0.3822290951428607,0.2545481057778354
v7-pilots_iteration2-utility_restoration-medium-low-high-medium-modular-private_fragmented-774105-always_act-event_triggered,utility_restoration,medium,low,high,medium,modular,private_fragmented,event_triggered,774105,always_act,44,UTL-07-crew_dispatch,U11,no_operational_action,request_peer_evidence,send_targeted_summary,execute_autonomously,False,False,0.0,False,False,False,0.7797716027237788,0.09366723983920586,0.5933880829668431,0.31041272030192246,0.0,0.9267812458301055,0.9296554647305664,0.00428997947862908,0.0035857382369989255,0.0028622602017749355,0.0,0.9957100205213709,0.725,0.06820795672215962,0.004163327677569106,2,3,0.39002139779854617,0.7797716027237788,0.5496099238171187,0.6015269753010323,0.472504073143987,0.3569559896698087
v7-pilots_iteration2-utility_restoration-medium-low-high-medium-modular-private_fragmented-774105-always_act-event_triggered,utility_restoration,medium,low,high,medium,modular,private_fragmented,event_triggered,774105,always_act,44,UTL-08-cyber_defense,U12,isolate_component,request_peer_evidence,send_targeted_summary,execute_autonomously,True,True,-0.02524655003165851,True,False,True,0.6449661221284638,0.1033399040218364,0.4915516677219503,0.34336621442243515,0.0,0.902501508453335,0.9026684920360054,0.0001863934886109364,0.00016473591488708195,0.00011345738961998642,0.04926651698525364,0.9998136065113891,0.725,0.14814835755538303,-0.0008713754084870295,2,3,0.35209637298506213,0.6449661221284638,0.4838727768487746,0.5354809089378416,0.4907708771115403,0.35203668752787154
v7-pilots_iteration2-utility_restoration-medium-low-high-medium-modular-private_fragmented-774105-always_act-event_triggered,utility_restoration,medium,low,high,medium,modular,private_fragmented,event_triggered,774105,always_act,44,UTL-09-communications,U13,reconfigure_service_edge,request_peer_evidence,negotiate_commitment,execute_autonomously,True,True,-0.0270801393050175,True,False,True,0.7198957488883986,0.09694952339463403,0.55267131016725,0.2513733997425125,0.0,0.9707378253991263,0.9730359885406438,0.014511606272924582,0.010665298608423246,0.01199404329238607,0.0,0.9854883937270754,0.6666666666666666,0.08260680227266859,0.010946596046721102,3,3,0.35549417056025856,0.7198957488883986,0.5509590046872354,0.5970939522446632,0.43568954786646075,0.3406019298112342
v7-pilots_iteration2-utility_restoration-medium-low-high-medium-modular-private_fragmented-774105-always_act-event_triggered,utility_restoration,medium,low,high,medium,modular,private_fragmented,event_triggered,774105,always_act,44,UTL-10-resource_allocation,U10,no_operational_action,no_information_action,no_communication_action,execute_autonomously,False,False,0.0,False,False,False,0.6805111990712507,0.14711516756804544,0.363201764643325,0.0,0.0,0.9564014726289651,0.9575717432529827,0.0019320543854337568,0.0016412989869103445,0.0011900406108051875,0.0,0.9980679456145662,0.725,0.06985842629040517,0.0012751233845132992,2,3,0.2817738076842252,0.6805111990712507,0.5140097239253488,0.5637664293352121,0.43081470360992524,0.2874863437877021
v7-pilots_iteration2-utility_restoration-medium-low-high-medium-modular-private_fragmented-774105-always_act-event_triggered,utility_restoration,medium,low,high,medium,modular,private_fragmented,event_triggered,774105,always_act,44,UTL-11-critical_load,U15,no_operational_action,no_information_action,no_communication_action,execute_autonomously,False,False,0.0,False,False,False,0.5823531831039506,0.25918374428216506,0.1382958009686973,0.0,0.0,0.8748299871204018,0.8819711897607742,0.0018184932321466674,0.0021919785967455807,0.000758236914577326,0.0,0.9981815067678533,0.725,-0.013145665081746194,0.0018184932321466674,2,3,0.2484000822553432,0.5823531831039506,0.454194660546686,0.5056157108888255,0.38958833690365924,0.26031846160751254
v7-pilots_iteration2-utility_restoration-medium-low-high-medium-modular-private_fragmented-774105-always_act-event_triggered,utility_restoration,medium,low,high,medium,modular,private_fragmented,event_triggered,774105,always_act,44,UTL-12-zone_operator,U12,isolate_component,no_information_action,no_communication_action,execute_autonomously,True,True,-0.02516916143832308,True,False,True,0.6089520918776474,0.22883447470601692,0.48897204794410276,0.4728317604313971,0.0,0.9074917413035694,0.8999339024010788,0.0052749907983913324,0.00456236546723332,0.004148322455008069,0.01831448373791955,0.9947250092016087,0.5666666666666667,0.03822184022842379,4.6306219030345375e-05,3,2,0.3709233337419354,0.6089520918776474,0.4778387591946992,0.5267085385320445,0.396931227203583,0.31917635609664824
v7-pilots_iteration2-utility_restoration-medium-low-high-medium-modular-private_fragmented-774105-always_act-event_triggered,utility_restoration,medium,low,high,medium,modular,private_fragmented,event_triggered,774105,always_act,44,UTL-13-crew_dispatch,U09,no_operational_action,request_peer_evidence,send_targeted_summary,execute_autonomously,False,False,0.0,False,False,False,0.8368143387652065,0.007421659476314013,0.2762245838807437,0.31004955733279105,0.0,0.9368132690131965,0.9397714856313985,0.0058614915711043825,0.004757658928298825,0.004216011205489645,0.0,0.9941385084288956,0.5666666666666667,0.04862322912951267,0.001429261792728398,3,2,0.4093287689400401,0.8368143387652065,0.5771351409589279,0.6289217143646008,0.4647953556147201,0.35159145138036674
v7-pilots_iteration2-utility_restoration-medium-low-high-medium-modular-private_fragmented-774105-always_act-event_triggered,utility_restoration,medium,low,high,medium,modular,private_fragmented,event_triggered,774105,always_act,44,UTL-14-cyber_defense,U14,no_operational_action,no_information_action,no_communication_action,execute_autonomously,False,False,0.0,False,False,False,0.5986792544466163,0.17325125986905526,0.7137964513095086,0.4850048543987875,0.0,0.8790686249175673,0.876899351768371,0.0011504264936964548,0.0010528230201169997,0.0006681140163000698,0.0,0.9988495735063035,0.725,-0.014010465263271432,-0.0006141049698271672,2,3,0.37035211156755854,0.5986792544466163,0.4608494550992134,0.5112636078096263,0.39644528686757885,0.3210747957316624
v7-pilots_iteration2-utility_restoration-medium-low-high-medium-modular-private_fragmented-774105-always_act-event_triggered,utility_restoration,medium,low,high,medium,modular,private_fragmented,event_triggered,774105,always_act,44,UTL-15-communications,U15,reconfigure_service_edge,request_peer_evidence,send_targeted_summary,execute_autonomously,True,True,-0.02527716673109547,True,False,True,0.6519760389105966,0.10726799692732131,0.492572224369849,0.164229725336281,0.0,0.8735029505071285,0.8737445688935794,0.00020148514993367783,0.00018418530388919496,0.0001315853369059372,0.061562285399996086,0.9997985148500663,0.725,-0.09935279430655664,-0.0008194279993264386,2,3,0.3114869873103103,0.6519760389105966,0.4794482324009279,0.5348246028605665,0.5124046101504446,0.34146316665339843
v7-pilots_iteration2-utility_restoration-medium-low-high-medium-modular-private_fragmented-774105-always_act-event_triggered,utility_restoration,medium,low,high,medium,modular,private_fragmented,event_triggered,774105,always_act,44,UTL-16-resource_allocation,U08,no_operational_action,request_peer_evidence,send_targeted_summary,execute_autonomously,False,False,0.0,False,False,False,0.6681223754265648,0.10114549589752486,0.4839891830471151,0.7017843154183169,0.0,0.9013658148890255,0.9013531519656132,6.654833572050656e-05,6.370885740869525e-05,4.6522237694524016e-05,0.0,0.9999334516642795,0.7916666666666666,0.0367827706007553,-0.00044335493832570183,2,4,0.4459898433454281,0.6681223754265648,0.49268357156289105,0.5471658285899121,0.43894473101249054,0.37426619443420456
v7-pilots_iteration2-utility_restoration-medium-low-high-medium-modular-private_fragmented-774105-always_act-event_triggered,utility_restoration,medium,low,high,medium,modular,private_fragmented,event_triggered,774105,always_act,44,UTL-17-critical_load,U13,no_operational_action,request_peer_evidence,send_targeted_summary,execute_autonomously,False,False,0.0,False,False,False,0.6240126524937437,0.07498913429995274,0.4444136113478721,0.09439973645441452,0.0,0.8550934235861786,0.8550934235861786,0.0,0.0,0.0,0.0,1.0,0.8333333333333334,-0.05762461800339869,0.0,1,5,0.28522023859693235,0.6240126524937437,0.46337841689404213,0.5161562991296209,0.428751980714039,0.29438484440611135
v7-pilots_iteration2-utility_restoration-medium-low-high-medium-modular-private_fragmented-774105-always_act-event_triggered,utility_restoration,medium,low,high,medium,modular,private_fragmented,event_triggered,774105,always_act,44,UTL-18-zone_operator,U14,no_operational_action,no_information_action,no_communication_action,execute_autonomously,False,False,0.0,False,False,False,0.6354178817015785,0.17530125013786285,0.21408435007685434,0.0,0.0,0.9203935289275431,0.9259002304602741,0.004968167922601574,0.004158495745554158,0.003034393133049318,0.011367036253307372,0.9950318320773984,0.3875,0.08279637748388002,0.0018861242621693863,4,1,0.26644207977853673,0.6354178817015785,0.49122097000415943,0.5406991635891754,0.3616534054196902,0.2423495070620304
v7-pilots_iteration2-utility_restoration-medium-low-high-medium-modular-private_fragmented-774105-always_act-event_triggered,utility_restoration,medium,low,high,medium,modular,private_fragmented,event_triggered,774105,always_act,44,UTL-19-crew_dispatch,U15,no_operational_action,request_peer_evidence,send_targeted_summary,execute_autonomously,False,False,0.0,False,False,False,0.7119926733096169,0.09082916000418237,0.5731779292262383,0.2811079973780456,0.0,0.9557550606202443,0.9557878724390035,3.933998644467529e-05,3.478110974708404e-05,2.137911976440865e-05,0.012134103652790662,0.9999606600135553,0.725,0.09893520702173486,-0.0003628635291861304,2,3,0.3599434282960008,0.7119926733096169,0.5237909104599303,0.5751482044286893,0.4624807603422809,0.3361989253879083
v7-pilots_iteration2-utility_restoration-medium-low-high-medium-modular-private_fragmented-774105-always_act-event_triggered,utility_restoration,medium,low,high,medium,modular,private_fragmented,event_triggered,774105,always_act,44,UTL-20-cyber_defense,U12,isolate_component,request_peer_evidence,send_targeted_summary,execute_autonomously,True,True,-0.029793512758280793,True,False,True,0.7080428393766532,0.03373553882138369,0.6431170919426932,0.27455738569880184,0.0,0.8920039367419577,0.8924022296551586,0.01193279630270494,0.008937949884809337,0.011248002052112849,0.0,0.9880672036972951,0.5666666666666667,-0.017940332538625925,0.008685789153475731,3,2,0.3570283379557746,0.7080428393766532,0.5229240347599377,0.576597917129307,0.4107113258715277,0.3233965393287911
v7-pilots_iteration2-utility_restoration-medium-low-high-medium-modular-private_fragmented-774105-always_act-event_triggered,utility_restoration,medium,low,high,medium,modular,private_fragmented,event_triggered,774105,always_act,44,UTL-21-communications,U13,no_operational_action,no_information_action,no_communication_action,execute_autonomously,False,False,0.0,False,False,False,0.6520629295078861,0.15426823133529297,0.5137297590298919,0.1949081505933432,0.0,0.9185813220411263,0.9232725923537592,0.016187420890164006,0.014379757452264719,0.009461880789741639,0.026255941582037364,0.983812579109836,0.5208333333333333,0.015143420639094018,0.01312026685588874,4,2,0.3188793521750837,0.6520629295078861,0.5131328915596657,0.5636802548235917,0.4179421282646756,0.3171996676834966
v7-pilots_iteration2-utility_restoration-medium-low-high-medium-modular-private_fragmented-774105-always_act-event_triggered,utility_restoration,medium,low,high,medium,modular,private_fragmented,event_triggered,774105,always_act,44,UTL-22-resource_allocation,U14,no_operational_action,request_peer_evidence,send_targeted_summary,execute_autonomously,False,False,0.0,False,False,False,0.7855352542454668,0.005794387962345049,0.6151839202399816,0.3420166843479733,0.0,0.9741752615314628,0.9741752615314628,0.0,0.0,0.0,0.0,1.0,0.8,0.08532058565039591,0.0,1,4,0.3995659906869723,0.7855352542454668,0.5577579170810525,0.6091398633458052,0.4899248067830961,0.36499187331048755
v7-pilots_iteration2-utility_restoration-medium-low-high-medium-modular-private_fragmented-774105-always_act-event_triggered,utility_restoration,medium,low,high,medium,modular,private_fragmented,event_triggered,774105,always_act,44,UTL-23-critical_load,U11,no_operational_action,no_information_action,no_communication_action,execute_autonomously,False,False,0.0,False,False,False,0.5340887163648611,0.298555738449357,0.42486657982724035,0.06605654074949846,0.0,0.8432734919741822,0.8575804449340291,0.009425028979180627,0.007599561109120079,0.007435992255297674,0.0,0.9905749710208194,0.5666666666666667,-0.05819072447798557,0.008699848686870015,3,2,0.2478437333439324,0.5340887163648611,0.43764890011034285,0.48352865632489,0.337650594206575,0.2467973814482856
v7-pilots_iteration2-utility_restoration-medium-low-high-medium-modular-private_fragmented-774105-always_act-event_triggered,utility_restoration,medium,low,high,medium,modular,private_fragmented,event_triggered,774105,always_act,44,UTL-24-zone_operator,U12,isolate_component,no_information_action,no_communication_action,execute_autonomously,True,True,-0.013897145660655133,True,False,True,0.6307061375404615,0.1999303843974375,0.11323818868850444,0.070548614482485,0.0,0.9220139930479642,0.9220139930479642,0.0,0.0,0.0,0.0,1.0,0.8,0.00336157998218356,0.0,1,4,0.28177175423955336,0.6307061375404615,0.48278595327817564,0.5325952532216227,0.42489657776699385,0.2890635522492274
v7-pilots_iteration2-utility_restoration-medium-low-high-medium-modular-private_fragmented-774105-always_act-event_triggered,utility_restoration,medium,low,high,medium,modular,private_fragmented,event_triggered,774105,always_act,44,UTL-25-crew_dispatch,U13,no_operational_action,no_information_action,no_communication_action,execute_autonomously,False,False,0.0,False,False,False,0.6200803435836235,0.20172417994668493,0.7544486595032263,0.543950556279678,0.0,0.9150411832256781,0.9210539113331551,0.01010603592110293,0.008451516326741015,0.006430950705340055,0.015743428520733516,0.9898939640788971,0.5208333333333333,0.10507139917541874,0.00813783952678615,4,2,0.3917754503255547,0.6200803435836235,0.49094088352941306,0.5390371652017409,0.3885304223233035,0.3333716036569024
v7-pilots_iteration2-utility_restoration-medium-low-high-medium-modular-private_fragmented-774105-always_act-event_triggered,utility_restoration,medium,low,high,medium,modular,private_fragmented,event_triggered,774105,always_act,44,UTL-26-cyber_defense,U10,no_operational_action,request_peer_evidence,send_targeted_summary,execute_autonomously,False,False,0.0,False,False,False,0.7188200676580452,0.05661966563113807,0.5178156552532329,0.20083270011718773,0.0,0.9018399305707435,0.905852262247888,0.0026371732069444542,0.0020028613728058087,0.002127065438593645,0.0,0.9973628267930555,0.725,-0.04320146162906702,0.0025336710825536457,2,3,0.34299867103186044,0.7188200676580452,0.5166800521956262,0.5676937513526672,0.446904428416379,0.32407937314112717
v7-pilots_iteration2-utility_restoration-medium-low-high-medium-modular-private_fragmented-774105-always_act-event_triggered,utility_restoration,medium,low,high,medium,modular,private_fragmented,event_triggered,774105,always_act,44,UTL-27-communications,U15,no_operational_action,request_peer_evidence,send_targeted_summary,execute_autonomously,False,False,0.0,False,False,False,0.6547628925903837,0.10983257187309858,0.7502209219679744,0.5378203368535629,0.0,0.9036397770490636,0.9036397770490636,0.0,0.0,0.0,0.0,1.0,0.8,-0.016848655512474497,0.0,1,4,0.40209626432558554,0.6547628925903837,0.4878151012984194,0.5407707076302084,0.43500041488796115,0.351872050347735
v7-pilots_iteration2-utility_restoration-medium-low-high-medium-modular-private_fragmented-774105-always_act-event_triggered,utility_restoration,medium,low,high,medium,modular,private_fragmented,event_triggered,774105,always_act,48,UTL-00-zone_operator,U00,no_operational_action,request_peer_evidence,send_targeted_summary,execute_autonomously,False,False,0.0,False,False,False,0.7217214186320082,0.017047918605736234,0.11329772413873015,0.13928170000115872,0.0,0.9106752093017791,0.9167435149518389,0.014459125297401343,0.011025946000663978,0.01196452081788546,0.02476154149346543,0.9855408747025987,0.2,0.05045829723695361,-0.012896719535339662,5,0,0.329212890335161,0.7217214186320082,0.53660014519461,0.5873085559237916,0.38076053889551087,0.2762589674409209
v7-pilots_iteration2-utility_restoration-medium-low-high-medium-modular-private_fragmented-774105-always_act-event_triggered,utility_restoration,medium,low,high,medium,modular,private_fragmented,event_triggered,774105,always_act,48,UTL-01-crew_dispatch,U05,dispatch_repair_crew,request_peer_evidence,negotiate_commitment,execute_autonomously,False,True,0.0,False,False,False,0.6535116056640127,0.13576695398351857,1.0,1.0,0.0,0.9146433925193292,0.9096965433216554,0.01772033956359298,0.01489327607106028,0.012972126673712836,0.063159461452729,0.982279660436407,0.375,-0.005299928987884117,0.0019689583403103006,4,1,0.5125939459257643,0.6535116056640127,0.5148739657844675,0.5642014453869422,0.4454772557870334,0.41531670986747266
v7-pilots_iteration2-utility_restoration-medium-low-high-medium-modular-private_fragmented-774105-always_act-event_triggered,utility_restoration,medium,low,high,medium,modular,private_fragmented,event_triggered,774105,always_act,48,UTL-02-cyber_defense,U02,no_operational_action,request_peer_evidence,send_targeted_summary,execute_autonomously,False,False,0.0,False,False,False,0.6624468695795314,0.10182033389638406,0.4041374781416711,0.5526660099720898,0.0,0.9134918936894558,0.9180134167854256,0.01326986772110772,0.01059955004674662,0.009670979912420274,0.034982661136460314,0.9867301322788923,0.3666666666666667,-0.062336895054857844,-0.012481380346379245,5,1,0.4082717780503422,0.6624468695795314,0.5119295360637274,0.5615420264091782,0.4047346634841562,0.3368633191988735
v7-pilots_iteration2-utility_restoration-medium-low-high-medium-modular-private_fragmented-774105-always_act-event_triggered,utility_restoration,medium,low,high,medium,modular,private_fragmented,event_triggered,774105,always_act,48,UTL-03-communications,U03,no_operational_action,no_information_action,no_communication_action,execute_autonomously,False,False,0.0,False,False,False,0.5510659743951384,0.195273048693954,0.0,0.0,0.0,0.8192114258112567,0.8192114258112567,0.0,0.0,0.0,0.0,1.0,0.8,-0.006990326310157835,0.0,1,4,0.23776243129434707,0.5510659743951384,0.42522924621086955,0.47610933960538127,0.3914477092459582,0.2582984728306388
v7-pilots_iteration2-utility_restoration-medium-low-high-medium-modular-private_fragmented-774105-always_act-event_triggered,utility_restoration,medium,low,high,medium,modular,private_fragmented,event_triggered,774105,always_act,48,UTL-04-resource_allocation,U04,no_operational_action,request_peer_evidence,send_targeted_summary,execute_autonomously,False,False,0.0,False,False,False,0.6900740175445551,0.09169395211334497,0.807294436291172,0.5205769326221994,0.0,0.9311127644054171,0.9542436375243777,0.026957751901690363,0.022810139917378014,0.017793340922604872,0.04060178361912248,0.9730422480983096,0.3875,0.13715869739155084,0.025730401748705334,4,1,0.40996362979447665,0.6900740175445551,0.5465486507815428,0.5958229194173992,0.42904579846977936,0.37996133103484553
v7-pilots_iteration2-utility_restoration-medium-low-high-medium-modular-private_fragmented-774105-always_act-event_triggered,utility_restoration,medium,low,high,medium,modular,private_fragmented,event_triggered,774105,always_act,48,UTL-05-critical_load,U01,no_operational_action,request_peer_evidence,send_targeted_summary,execute_autonomously,False,False,0.0,False,False,False,0.886901461253531,0.08412126701874933,0.6507161085988761,0.36020502413503686,0.0,0.9381143709798481,0.9473501106958049,0.01395225199562522,0.010692514341650527,0.010895729472788163,0.05380526896130076,0.9860477480043748,0.2,0.0123270671622695,-0.01071422231775343,5,0,0.4383957026186094,0.886901461253531,0.6088223300402498,0.6561842643158925,0.4942826225476602,0.3694472604430045
v7-pilots_iteration2-utility_restoration-medium-low-high-medium-modular-private_fragmented-774105-always_act-event_triggered,utility_restoration,medium,low,high,medium,modular,private_fragmented,event_triggered,774105,always_act,48,UTL-06-zone_operator,U02,dispatch_repair_crew,no_information_action,negotiate_commitment,execute_autonomously,False,True,0.0,False,False,False,0.6146516883461398,0.16250480985437032,0.0,0.0,0.0,0.8791082601941134,0.8996030437250453,0.018877991078221856,0.0160020926319846,0.013239973837261054,0.047316973215926095,0.9811220089217781,0.3666666666666667,-0.019343110781055772,0.0018359324512378095,5,1,0.2593815740376876,0.6146516883461398,0.49206692789649487,0.5418798885655707,0.4034088417269197,0.27260079251506536
v7-pilots_iteration2-utility_restoration-medium-low-high-medium-modular-private_fragmented-774105-always_act-event_triggered,utility_restoration,medium,low,high,medium,modular,private_fragmented,event_triggered,774105,always_act,48,UTL-07-crew_dispatch,U03,no_operational_action,no_information_action,no_communication_action,execute_autonomously,False,False,0.0,False,False,False,0.45143456245362235,0.396283596989777,0.099203688613712,0.1438453484898824,0.0,0.7581113352229588,0.7581113352229588,0.0,0.0,0.0,0.0,1.0,0.8,-0.19122347309454224,0.0,1,4,0.2384106348718034,0.45143456245362235,0.37010165878718865,0.4141419322699096,0.3496025162305214,0.24766311930580018
v7-pilots_iteration2-utility_restoration-medium-low-high-medium-modular-private_fragmented-774105-always_act-event_triggered,utility_restoration,medium,low,high,medium,modular,private_fragmented,event_triggered,774105,always_act,48,UTL-08-cyber_defense,U00,no_operational_action,no_information_action,no_communication_action,execute_autonomously,False,False,0.0,False,False,False,0.5514314508698146,0.2587871992884654,0.252014026984076,0.34042033912691017,0.0,0.8447614867138422,0.8459275705685523,0.0030242788018206568,0.0025811663974539822,0.0022807695912224757,0.03616333776074643,0.9969757211981793,0.5666666666666667,0.03808379909760118,0.0027343837943150096,3,2,0.3195875746861955,0.5514314508698146,0.43599694234893527,0.48530836032638724,0.39990281609499007,0.300187623351805
v7-pilots_iteration2-utility_restoration-medium-low-high-medium-modular-private_fragmented-774105-always_act-event_triggered,utility_restoration,medium,low,high,medium,modular,private_fragmented,event_triggered,774105,always_act,48,UTL-09-communications,U01,dispatch_repair_crew,no_information_action,negotiate_commitment,execute_autonomously,False,False,0.0,False,False,False,0.5607637521514924,0.2480600909074627,0.7284157224595708,0.47286946423304416,0.0,0.8424601773611392,0.8525908654368918,0.003845478306576111,0.0040922255247147765,0.0017413545055072754,0.03526228201825332,0.9961545216934239,0.5666666666666667,-0.06969999367762947,-0.028935318609674576,3,2,0.3545483471474381,0.5607637521514924,0.4403042148300883,0.4922044116203651,0.4024527779047052,0.3163070178871861
v7-pilots_iteration2-utility_restoration-medium-low-high-medium-modular-private_fragmented-774105-always_act-event_triggered,utility_restoration,medium,low,high,medium,modular,private_fragmented,event_triggered,774105,always_act,48,UTL-10-resource_allocation,U02,no_operational_action,request_peer_evidence,send_targeted_summary,execute_autonomously,False,False,0.0,False,False,False,0.7200286155863416,0.008153763477220466,0.026411619622482202,0.004963515119265849,0.0,0.9248407769929691,0.933776740540318,0.005612822991558186,0.004464734427292005,0.004103341080777034,0.05241043806072853,0.9943871770084418,0.6666666666666666,0.03576570156139136,0.004283763495896875,3,3,0.29640097292797996,0.7200286155863416,0.5270795926709603,0.5790009283004921,0.5154092177319041,0.3354695343215379
v7-pilots_iteration2-utility_restoration-medium-low-high-medium-modular-private_fragmented-774105-always_act-event_triggered,utility_restoration,medium,low,high,medium,modular,private_fragmented,event_triggered,774105,always_act,48,UTL-11-critical_load,U07,no_operational_action,request_peer_evidence,send_targeted_summary,execute_autonomously,False,False,0.0,False,False,False,0.8791828945765295,0.21960167345000842,1.0,0.8167052937401532,0.0,0.9070998769453148,0.9060024313523939,0.0023793083699886752,0.002095669099862474,0.0015213407910513732,0.0,0.9976206916300113,0.5208333333333333,0.02624654276488203,-0.001349216019548627,4,2,0.5453314546536568,0.8791828945765295,0.5817791587849246,0.6313578802460084,0.47342348238880905,0.4139761339133309
v7-pilots_iteration2-utility_restoration-medium-low-high-medium-modular-private_fragmented-774105-always_act-event_triggered,utility_restoration,medium,low,high,medium,modular,private_fragmented,event_triggered,774105,always_act,48,UTL-12-zone_operator,U00,no_operational_action,request_peer_evidence,send_targeted_summary,execute_autonomously,False,False,0.0,False,False,False,0.6703000002750054,0.12709402103515968,0.34185311405645047,0.4706870153818532,0.0,0.934818915144629,0.9300010000159401,0.01359343190788942,0.011346033179437831,0.009629160390832947,0.023931905531335174,0.9864065680921106,0.5666666666666667,0.043078929442452396,0.0011909680758867003,3,2,0.3912668837851466,0.6703000002750054,0.5208555335672046,0.5699993327523303,0.431235829856465,0.34839733357827024
v7-pilots_iteration2-utility_restoration-medium-low-high-medium-modular-private_fragmented-774105-always_act-event_triggered,utility_restoration,medium,low,high,medium,modular,private_fragmented,event_triggered,774105,always_act,48,UTL-13-crew_dispatch,U01,dispatch_repair_crew,request_peer_evidence,send_targeted_summary,execute_autonomously,False,True,0.0,False,False,False,0.7136187386151576,0.017763388867807983,0.7548734976597344,0.5112332382732816,0.0,0.9167192322240851,0.9383092690093485,0.02448630288995768,0.020142250298552544,0.01710626144818439,0.06294767191533301,0.9755136971100423,0.3875,-0.0010591540023691115,-0.001076098435922046,4,1,0.4157263483147412,0.7136187386151576,0.5489081275480251,0.5984184121844252,0.47290033152967237,0.37917965832238104
v7-pilots_iteration2-utility_restoration-medium-low-high-medium-modular-private_fragmented-774105-always_act-event_triggered,utility_restoration,medium,low,high,medium,modular,private_fragmented,event_triggered,774105,always_act,48,UTL-14-cyber_defense,U06,no_operational_action,no_information_action,no_communication_action,execute_autonomously,False,False,0.0,False,False,False,0.6490532966294666,0.16273009530207602,0.5000261659403712,0.17503794061353822,0.0,0.9189759967468661,0.9189759967468661,0.0,0.0,0.0,0.0,1.0,0.8,0.060925400131459195,0.0,1,4,0.31308722660126787,0.6490532966294666,0.48936531783850323,0.5410594392972775,0.432602384584376,0.30673947592987527
v7-pilots_iteration2-utility_restoration-medium-low-high-medium-modular-private_fragmented-774105-always_act-event_triggered,utility_restoration,medium,low,high,medium,modular,private_fragmented,event_triggered,774105,always_act,48,UTL-15-communications,U03,no_operational_action,no_information_action,no_communication_action,execute_autonomously,False,False,0.0,False,False,False,0.5309534645383953,0.32718121669973455,0.0,0.0,0.0,0.8519930994741101,0.8522365186987351,0.00019492318052094504,0.00016502441604548945,0.00014693831617684783,0.05386886861245165,0.999805076819479,0.725,-0.12398985922856631,-0.0005789409587410033,2,3,0.23092417794305442,0.5309534645383953,0.425652553136615,0.47178502654060384,0.44988113539705255,0.2822729897272593
v7-pilots_iteration2-utility_restoration-medium-low-high-medium-modular-private_fragmented-774105-always_act-event_triggered,utility_restoration,medium,low,high,medium,modular,private_fragmented,event_triggered,774105,always_act,48,UTL-16-resource_allocation,U00,no_operational_action,request_peer_evidence,send_targeted_summary,execute_autonomously,False,False,0.0,False,False,False,0.7063886594165485,0.06966343649257956,0.14352342659686806,0.18310896856545872,0.0,0.9525240399491856,0.9512385047238342,0.009536000530178557,0.007869281721155197,0.006657119918581866,0.0,0.9904639994698214,0.725,0.0037927367828911596,0.009432926818040865,2,3,0.33451829665733657,0.7063886594165485,0.5340368744961658,0.5836185114725815,0.4416832369549504,0.330076893238356
v7-pilots_iteration2-utility_restoration-medium-low-high-medium-modular-private_fragmented-774105-always_act-event_triggered,utility_restoration,medium,low,high,medium,modular,private_fragmented,event_triggered,774105,always_act,48,UTL-17-critical_load,U05,no_operational_action,request_peer_evidence,send_targeted_summary,execute_autonomously,False,False,0.0,False,False,False,0.7789108815809561,0.08100887647347618,0.6845485465286585,0.39259539246655495,0.0,0.9410926738824088,0.9410926738824088,0.0,0.0,0.0,0.0,1.0,0.8,0.052739217530387794,0.0,1,4,0.4094525939294983,0.7789108815809561,0.5468375211029847,0.5987374590896412,0.4871425702640016,0.36920649393865435
v7-pilots_iteration2-utility_restoration-medium-low-high-medium-modular-private_fragmented-774105-always_act-event_triggered,utility_restoration,medium,low,high,medium,modular,private_fragmented,event_triggered,774105,always_act,48,UTL-18-zone_operator,U02,no_operational_action,no_information_action,no_communication_action,execute_autonomously,False,False,0.0,False,False,False,0.6216447027724139,0.18754646879471254,0.34781275132336015,0.4709951560855389,0.0,0.9001846338718504,0.9156630484684267,0.009935269703637561,0.007729542162515091,0.007857739218599447,0.05241043806072853,0.9900647302963624,0.6666666666666666,0.04980945980867724,-0.00407213888122937,3,3,0.3747980364031501,0.6216447027724139,0.4876134171620208,0.5364562157054429,0.47408797435005445,0.3644995376723242
v7-pilots_iteration2-utility_restoration-medium-low-high-medium-modular-private_fragmented-774105-always_act-event_triggered,utility_restoration,medium,low,high,medium,modular,private_fragmented,event_triggered,774105,always_act,48,UTL-19-crew_dispatch,U03,no_operational_action,request_peer_evidence,send_targeted_summary,execute_autonomously,False,False,0.0,False,False,False,0.8276588068729022,0.10898003898670161,0.0,0.0,0.0,0.9723439574558026,0.9777583409303641,0.0051158253888178296,0.003782022680192787,0.004023186231889575,0.01702257819436226,0.9948841746111822,0.725,0.025996130880514334,0.004279454503519076,2,3,0.33180399433678676,0.8276588068729022,0.5813116676574565,0.6301733438078669,0.5184910177420495,0.34646383210119397
v7-pilots_iteration2-utility_restoration-medium-low-high-medium-modular-private_fragmented-774105-always_act-event_triggered,utility_restoration,medium,low,high,medium,modular,private_fragmented,event_triggered,774105,always_act,48,UTL-20-cyber_defense,U04,isolate_component,request_peer_evidence,send_targeted_summary,execute_autonomously,True,True,-0.0405,True,False,True,0.8343319688007791,0.13136194293695364,1.0,0.8366646962758921,0.0,0.873203638864973,0.8780405788488116,0.008475946993027006,0.008739835253135708,0.004652077298628043,0.0496563605261755,0.991524053006973,0.3875,-0.04434996003728031,-0.020205071869978886,4,1,0.5348723964984791,0.8343319688007791,0.5639000230267928,0.6200702993938674,0.503397094896114,0.42790543340472925
v7-pilots_iteration2-utility_restoration-medium-low-high-medium-modular-private_fragmented-774105-always_act-event_triggered,utility_restoration,medium,low,high,medium,modular,private_fragmented,event_triggered,774105,always_act,48,UTL-21-communications,U01,no_operational_action,request_peer_evidence,send_targeted_summary,execute_autonomously,False,False,0.0,False,False,False,0.6918425814801978,0.059447563650662893,0.9342260156490811,0.7712943893578342,0.0,0.9175267588910951,0.9217344852867898,0.004931904966296252,0.003416709287856312,0.004786052347365732,0.021537379099339393,0.9950680950337037,0.5666666666666667,0.04687263612880843,0.0023368021116650928,3,2,0.4707371311491475,0.6918425814801978,0.5130233892676677,0.5642445427056343,0.4366440337860123,0.38226960551393624
v7-pilots_iteration2-utility_restoration-medium-low-high-medium-modular-private_fragmented-774105-always_act-event_triggered,utility_restoration,medium,low,high,medium,modular,private_fragmented,event_triggered,774105,always_act,48,UTL-22-resource_allocation,U02,no_operational_action,request_peer_evidence,send_targeted_summary,execute_autonomously,False,False,0.0,False,False,False,0.7186435758759027,0.041452554842735134,0.5022130700815797,0.6948756182849571,0.0,0.9559621210677829,0.9572565986268892,0.013237815914227902,0.010467995424226828,0.009843825516994587,0.0,0.9867621840857721,0.7916666666666666,0.030328328293348084,0.013140764650450443,2,4,0.4615089641861967,0.7186435758759027,0.5449809028972259,0.5930878725938146,0.46016363520121245,0.4100104329708021
v7-pilots_iteration2-utility_restoration-medium-low-high-medium-modular-private_fragmented-774105-always_act-event_triggered,utility_restoration,medium,low,high,medium,modular,private_fragmented,event_triggered,774105,always_act,48,UTL-23-critical_load,U03,no_operational_action,no_information_action,no_communication_action,execute_autonomously,False,False,0.0,False,False,False,0.6109381951819004,0.21406707384813783,0.0,0.0,0.0,0.9019357117889815,0.9019357117889815,0.0,0.0,0.0,0.0,1.0,0.8,0.07457671511819486,0.0,1,4,0.25811898636184616,0.6109381951819004,0.4698592060200055,0.5199326738005847,0.4165940419763982,0.27506269465093214
v7-pilots_iteration2-utility_restoration-medium-low-high-medium-modular-private_fragmented-774105-always_act-event_triggered,utility_restoration,medium,low,high,medium,modular,private_fragmented,event_triggered,774105,always_act,48,UTL-24-zone_operator,U00,dispatch_repair_crew,no_information_action,no_communication_action,execute_autonomously,False,False,0.0,False,False,False,0.6122070764483769,0.14948424030715676,0.03319049942466702,0.02312622416576718,0.0,0.8703899099885132,0.8905836012885889,0.024183909992594232,0.019877079024468225,0.018278557962551734,0.0,0.9758160900074058,0.725,-0.049568191508191584,0.02415652614846797,2,3,0.2641006997922323,0.6122070764483769,0.496337782066111,0.5452012356419789,0.40212697210831827,0.3098735518106432
v7-pilots_iteration2-utility_restoration-medium-low-high-medium-modular-private_fragmented-774105-always_act-event_triggered,utility_restoration,medium,low,high,medium,modular,private_fragmented,event_triggered,774105,always_act,48,UTL-25-crew_dispatch,U01,dispatch_repair_crew,no_information_action,no_communication_action,execute_autonomously,False,False,0.0,False,False,False,0.6039347264549945,0.1788881878402327,1.0,0.9340653625178821,0.0,0.8666940294974683,0.8787008317226503,0.007988911353793982,0.007559434149392974,0.004228922712054661,0.05208970844363747,0.992011088646206,0.3875,-0.06946807507322728,-0.01785689888703257,4,1,0.47991349399898986,0.6039347264549945,0.46943187385167645,0.5222470683004514,0.41032894194542663,0.3762401370953837
v7-pilots_iteration2-utility_restoration-medium-low-high-medium-modular-private_fragmented-774105-always_act-event_triggered,utility_restoration,medium,low,high,medium,modular,private_fragmented,event_triggered,774105,always_act,48,UTL-26-cyber_defense,U02,restore_communication_relay,request_peer_evidence,send_targeted_summary,execute_autonomously,True,True,-0.01744445864179351,True,False,True,0.6848183013331155,0.1285688105447572,0.23148195472645036,0.3023155010200197,0.0,0.945862588656234,0.9525766653111574,0.005680453962958243,0.004259300517580056,0.004643308497683907,0.05241043806072853,0.9943195460370418,0.5208333333333333,0.0971137863915773,-0.024785405830158758,4,2,0.35579394269806397,0.6848183013331155,0.5183456032454462,0.5678861580817441,0.4714542190788825,0.3391081539184237
v7-pilots_iteration2-utility_restoration-medium-low-high-medium-modular-private_fragmented-774105-always_act-event_triggered,utility_restoration,medium,low,high,medium,modular,private_fragmented,event_triggered,774105,always_act,48,UTL-27-communications,U07,isolate_component,request_peer_evidence,send_targeted_summary,execute_autonomously,True,True,-0.01921945965641138,True,False,True,0.6906962611754096,0.10304722189393539,0.2906486552137128,0.1194217736973548,0.0,0.928909997871969,0.9281389134627543,0.0009087544929254898,0.0007496825281340103,0.0007547135628203083,0.0,0.9990912455070745,0.7916666666666666,-0.026829477593364515,0.0009087544929254898,2,4,0.3138979544870044,0.6906962611754096,0.5097782602282518,0.5623137526329003,0.4484257630270054,0.31222486174095093
v7-pilots_iteration2-utility_restoration-medium-low-high-medium-modular-private_fragmented-774105-always_act-event_triggered,utility_restoration,medium,low,high,medium,modular,private_fragmented,event_triggered,774105,always_act,52,UTL-00-zone_operator,U04,no_operational_action,request_peer_evidence,send_targeted_summary,execute_autonomously,False,False,0.0,False,False,False,0.7353630206531938,0.038157786502129365,1.0,0.9534954539486277,0.0,0.9642227775455515,0.968242226560178,0.012743967246921728,0.009629788575119425,0.010375024067031169,0.040910192127516565,0.9872560327530783,0.2,0.030296749881942864,-0.037515675512623914,5,0,0.5292623359697566,0.7353630206531938,0.5530424567933558,0.6007370671295724,0.4110359607081666,0.3878575813434958
v7-pilots_iteration2-utility_restoration-medium-low-high-medium-modular-private_fragmented-774105-always_act-event_triggered,utility_restoration,medium,low,high,medium,modular,private_fragmented,event_triggered,774105,always_act,52,UTL-01-crew_dispatch,U09,dispatch_repair_crew,request_peer_evidence,negotiate_commitment,execute_autonomously,False,False,0.0,False,False,False,0.8625205933336748,0.1712140615334041,0.5631979123812408,0.3110384503155211,0.0,0.8552572423823551,0.8765257786694243,0.029247557349930675,0.029990063572388204,0.01639002555389013,0.0,0.9707524426500693,0.3875,-0.05482964228657916,0.01244271215689896,4,1,0.41830622980917453,0.8625205933336748,0.5997691282189617,0.6589484234018639,0.4397586492001434,0.36480340566095343
v7-pilots_iteration2-utility_restoration-medium-low-high-medium-modular-private_fragmented-774105-always_act-event_triggered,utility_restoration,medium,low,high,medium,modular,private_fragmented,event_triggered,774105,always_act,52,UTL-02-cyber_defense,U10,restore_communication_relay,no_information_action,no_communication_action,execute_autonomously,True,False,0.0,False,False,False,0.606990435446183,0.15556148389945001,0.5188313473368928,0.20230545363849456,0.0,0.8814904699715888,0.8852326390266019,0.0025279042866603874,0.0018567759128950145,0.002319622943996902,0.0,0.9974720957133396,0.3875,-0.03775530821011808,0.0018273381031201907,4,1,0.305330056924941,0.606990435446183,0.4667078576726949,0.5167861921422812,0.3324359828873969,0.2484964708157473
v7-pilots_iteration2-utility_restoration-medium-low-high-medium-modular-private_fragmented-774105-always_act-event_triggered,utility_restoration,medium,low,high,medium,modular,private_fragmented,event_triggered,774105,always_act,52,UTL-03-communications,U07,isolate_component,request_peer_evidence,negotiate_commitment,execute_autonomously,True,False,0.0,False,False,False,0.6815199896494794,0.07081089264245094,0.003020857637822366,0.0,0.0,0.9217898512154898,0.9246063014285979,0.004618981296288016,0.004040192733056669,0.0027686904073285223,0.0,0.995381018703712,0.7916666666666666,0.02489308960167891,0.004395677291563316,2,4,0.282116796480823,0.6815199896494794,0.5095220324784674,0.5614415888786297,0.44457172898611463,0.30125071542741055
v7-pilots_iteration2-utility_restoration-medium-low-high-medium-modular-private_fragmented-774105-always_act-event_triggered,utility_restoration,medium,low,high,medium,modular,private_fragmented,event_triggered,774105,always_act,52,UTL-04-resource_allocation,U08,no_operational_action,no_information_action,no_communication_action,execute_autonomously,False,False,0.0,False,False,False,0.6110375850642805,0.22496663915331985,0.2006856775847194,0.2909942324978431,0.0,0.9043298936396792,0.9058827010995241,0.0020740608246404557,0.0014440265041352207,0.001941068043778138,0.11366221742127569,0.9979259391753595,0.5208333333333333,0.07987959924146071,-0.005773812801365019,4,2,0.32799139472133776,0.6110375850642805,0.47340119259012864,0.5227661255581686,0.5335690228740035,0.3583736955779691
v7-pilots_iteration2-utility_restoration-medium-low-high-medium-modular-private_fragmented-774105-always_act-event_triggered,utility_restoration,medium,low,high,medium,modular,private_fragmented,event_triggered,774105,always_act,52,UTL-05-critical_load,U09,no_operational_action,request_peer_evidence,send_targeted_summary,execute_autonomously,False,False,0.0,False,False,False,0.7863168966540441,0.1303039439500717,0.7325463410506675,0.5368878259352396,0.0,0.9174177244094721,0.9221072526029416,0.00800547674253771,0.007534417483480382,0.004183379282865274,0.0,0.9919945232574623,0.3875,0.19044850902914823,0.0063708825885444575,4,1,0.4466008230868326,0.7863168966540441,0.5550888572035385,0.6071400297389467,0.40775309659469855,0.3468440047150988
v7-pilots_iteration2-utility_restoration-medium-low-high-medium-modular-private_fragmented-774105-always_act-event_triggered,utility_restoration,medium,low,high,medium,modular,private_fragmented,event_triggered,774105,always_act,52,UTL-06-zone_operator,U06,no_operational_action,no_information_action,no_communication_action,execute_autonomously,False,False,0.0,False,False,False,0.6531087244200933,0.14969626852925738,0.6228986541402277,0.35320304850333023,0.0,0.900126374788342,0.9005675865800042,0.0008447886622400258,0.0007155505391450712,0.0005781573926677552,0.0,0.99915521133776,0.5666666666666667,-0.00847280985194232,-0.009864873437386401,3,2,0.357225697943631,0.6531087244200933,0.4874577875922589,0.5411922038798836,0.3876389975897725,0.2996752408686583
v7-pilots_iteration2-utility_restoration-medium-low-high-medium-modular-private_fragmented-774105-always_act-event_triggered,utility_restoration,medium,low,high,medium,modular,private_fragmented,event_triggered,774105,always_act,52,UTL-07-crew_dispatch,U07,dispatch_repair_crew,request_peer_evidence,negotiate_commitment,execute_autonomously,False,True,0.0,False,False,False,0.8875668007245572,0.24035197815601597,0.7138430588523103,0.27277004639010416,0.0,0.9101811085183328,0.9102486616070375,0.0014154193733889597,0.0012242372801031243,0.0008716057549384981,0.0,0.998584580626611,0.7916666666666666,-0.03656761202825032,0.0009626125397322882,2,4,0.4176375233799745,0.8875668007245572,0.5845535845421507,0.6336835674464034,0.5311113896376474,0.3861677520896867
v7-pilots_iteration2-utility_restoration-medium-low-high-medium-modular-private_fragmented-774105-always_act-event_triggered,utility_restoration,medium,low,high,medium,modular,private_fragmented,event_triggered,774105,always_act,52,UTL-08-cyber_defense,U08,restore_communication_relay,request_peer_evidence,send_targeted_summary,execute_autonomously,True,True,-0.012947614375273402,True,False,True,0.5946355784127865,0.043282621049292924,0.08158714584244679,0.11830136147154785,0.0,0.7488483525825536,0.7660621903362249,0.011635797731138209,0.012506736565170429,0.008690012303290473,0.0,0.9883642022688618,0.7916666666666666,-0.10755181201863195,0.006681699926696316,2,4,0.2809684234135189,0.5946355784127865,0.4413564363343465,0.5030909105271506,0.4080802762667036,0.3001207841182709
v7-pilots_iteration2-utility_restoration-medium-low-high-medium-modular-private_fragmented-774105-always_act-event_triggered,utility_restoration,medium,low,high,medium,modular,private_fragmented,event_triggered,774105,always_act,52,UTL-09-communications,U05,dispatch_repair_crew,request_peer_evidence,negotiate_commitment,execute_autonomously,False,False,0.0,False,False,False,0.6875135149074816,0.05038309741365382,0.73068420112787,0.4594920916354116,0.0,0.9043483979099314,0.9092319787290515,0.0017829101088711052,0.0013236012272510589,0.0016085313442639748,0.005799701813246405,0.9982170898911289,0.5666666666666667,-0.03331676878286949,0.0016786605202755434,3,2,0.39443269706104256,0.6875135149074816,0.5035885795928952,0.5571649221464641,0.41090455635061013,0.32857563317482236
v7-pilots_iteration2-utility_restoration-medium-low-high-medium-modular-private_fragmented-774105-always_act-event_triggered,utility_restoration,medium,low,high,medium,modular,private_fragmented,event_triggered,774105,always_act,52,UTL-10-resource_allocation,U06,no_operational_action,request_peer_evidence,send_targeted_summary,execute_autonomously,False,False,0.0,False,False,False,0.7269297993984637,0.06539877510591,0.6317635328468547,0.36605712262793927,0.0,0.9542400294718509,0.9542465128431631,1.5785282085900576e-05,1.5039431411456583e-05,8.860872395155539e-06,0.0,0.9999842147179141,0.725,0.06660240288211361,-0.0001725630252936705,2,3,0.38540984122618316,0.7269297993984637,0.5293540265222685,0.5810936044627337,0.4503105157473547,0.34173086157492466
v7-pilots_iteration2-utility_restoration-medium-low-high-medium-modular-private_fragmented-774105-always_act-event_triggered,utility_restoration,medium,low,high,medium,modular,private_fragmented,event_triggered,774105,always_act,52,UTL-11-critical_load,U11,no_operational_action,no_information_action,no_communication_action,execute_autonomously,False,False,0.0,False,False,False,0.6163942086928293,0.22351512010528551,0.2545070241191088,0.0,0.0,0.915954792973635,0.9162533972969782,0.00031603104107535973,0.0002873705955892536,0.00016550850036267661,0.0,0.9996839689589246,0.5666666666666667,0.005254200693666333,9.483583192704259e-05,3,2,0.259974030955562,0.6163942086928293,0.475988825178046,0.5252727458318158,0.37221890098432164,0.24659873481494823
v7-pilots_iteration2-utility_restoration-medium-low-high-medium-modular-private_fragmented-774105-always_act-event_triggered,utility_restoration,medium,low,high,medium,modular,private_fragmented,event_triggered,774105,always_act,52,UTL-12-zone_operator,U04,no_operational_action,no_information_action,no_communication_action,execute_autonomously,False,False,0.0,False,False,False,0.6296048976046538,0.17142910431419614,0.974641227106363,0.7632297793042263,0.0,0.9191938384831088,0.9178478110108036,0.0027156055970395387,0.0022481909670593048,0.0019319173824703384,0.0,0.9972843944029605,0.5666666666666667,-0.03823203326531177,0.0026292520902188032,3,2,0.44764081221859664,0.6296048976046538,0.4854422664984941,0.5347307434064528,0.3777673903272879,0.34608428852271506
v7-pilots_iteration2-utility_restoration-medium-low-high-medium-modular-private_fragmented-774105-always_act-event_triggered,utility_restoration,medium,low,high,medium,modular,private_fragmented,event_triggered,774105,always_act,52,UTL-13-crew_dispatch,U05,dispatch_repair_crew,request_peer_evidence,send_targeted_summary,execute_autonomously,False,True,0.0,False,False,False,0.7115581221540401,0.09857220322234872,0.8760682760393255,0.6702990002570219,0.0,0.954831373156857,0.9561470245089216,0.015733708963309945,0.012925041157228812,0.011769094688230508,0.030650159308498237,0.98426629103669,0.3875,0.006485504448726531,0.0027079367530874476,4,1,0.4532015215940589,0.7115581221540401,0.5453582846994642,0.5943402432186647,0.4229426534536142,0.3688253912911495
v7-pilots_iteration2-utility_restoration-medium-low-high-medium-modular-private_fragmented-774105-always_act-event_triggered,utility_restoration,medium,low,high,medium,modular,private_fragmented,event_triggered,774105,always_act,52,UTL-14-cyber_defense,U10,no_operational_action,no_information_action,no_communication_action,execute_autonomously,False,False,0.0,False,False,False,0.5212515926542002,0.2168476004356047,0.6106976323178837,0.3355115668609313,0.0,0.7717999312142063,0.7718195363841157,1.1660288099402116e-05,1.0091683986468425e-05,8.277683858581852e-06,0.0,0.9999883397119006,0.725,-0.11549483378314973,-5.928636470420301e-06,2,3,0.3081483175490516,0.5212515926542002,0.4014669442685708,0.45366074346281493,0.3639256689147641,0.28047238044619016
v7-pilots_iteration2-utility_restoration-medium-low-high-medium-modular-private_fragmented-774105-always_act-event_triggered,utility_restoration,medium,low,high,medium,modular,private_fragmented,event_triggered,774105,always_act,52,UTL-15-communications,U11,reconfigure_service_edge,request_peer_evidence,send_targeted_summary,execute_autonomously,True,True,-0.03500394395402368,True,False,True,0.6701207052344551,0.09921720262374534,0.8167981318007895,0.6343572911111448,0.0,0.9317953138935309,0.9317953138935309,0.0,0.0,0.0,0.0,1.0,0.8,0.0032822202706700443,0.0,1,4,0.43048678964638953,0.6701207052344551,0.5009971105671648,0.5519362430563746,0.44145069619847116,0.3677566723989848
v7-pilots_iteration2-utility_restoration-medium-low-high-medium-modular-private_fragmented-774105-always_act-event_triggered,utility_restoration,medium,low,high,medium,modular,private_fragmented,event_triggered,774105,always_act,52,UTL-16-resource_allocation,U04,no_operational_action,no_information_action,no_communication_action,execute_autonomously,False,False,0.0,False,False,False,0.597177506793814,0.21204952763698137,0.9112474977629957,0.6713088717563438,0.0,0.8874111247046407,0.8988940996251623,0.011576494496235656,0.00924841650956798,0.00908998389578708,0.0,0.9884235055037643,0.725,-0.011186001540116397,0.011447900838684966,2,3,0.41455448153141927,0.597177506793814,0.4769308761884157,0.5249783678050114,0.39581455285340184,0.36183912561376697
v7-pilots_iteration2-utility_restoration-medium-low-high-medium-modular-private_fragmented-774105-always_act-event_triggered,utility_restoration,medium,low,high,medium,modular,private_fragmented,event_triggered,774105,always_act,52,UTL-17-critical_load,U09,no_operational_action,request_peer_evidence,send_targeted_summary,execute_autonomously,False,False,0.0,False,False,False,0.8516418460658401,0.10093095792301651,0.768893393660728,0.3220068727220806,0.0,0.9405566225945665,0.9405566225945665,0.0,0.0,1.1102230246251565e-16,0.0,1.0,0.8,0.0963038579064337,0.0,1,4,0.417239877115685,0.8516418460658401,0.5757958940749777,0.6267461298749457,0.5176895753476529,0.381100541625085
v7-pilots_iteration2-utility_restoration-medium-low-high-medium-modular-private_fragmented-774105-always_act-event_triggered,utility_restoration,medium,low,high,medium,modular,private_fragmented,event_triggered,774105,always_act,52,UTL-18-zone_operator,U10,no_operational_action,no_information_action,no_communication_action,execute_autonomously,False,False,0.0,False,False,False,0.6092421928994236,0.19288749546628303,0.7095379449410646,0.47883002016454357,0.0,0.895171339177548,0.9028062959284793,0.007971614895169954,0.006800601110581561,0.005049105501320206,0.0,0.99202838510483,0.5666666666666667,0.041820075447016936,-0.0054997195894859185,3,2,0.3724615504252945,0.6092421928994236,0.4786499728073944,0.5280141187333505,0.36921505435109125,0.3086744507843726
v7-pilots_iteration2-utility_restoration-medium-low-high-medium-modular-private_fragmented-774105-always_act-event_triggered,utility_restoration,medium,low,high,medium,modular,private_fragmented,event_triggered,774105,always_act,52,UTL-19-crew_dispatch,U07,no_operational_action,request_peer_evidence,send_targeted_summary,execute_autonomously,False,False,0.0,False,False,False,0.9156469881885286,0.07990769452009899,0.14170222643616864,0.07213601882468484,0.0,0.8974368415227854,0.8974368415227854,0.0,0.0,0.0,0.0,1.0,0.8333333333333334,-0.043573421768133835,0.0,1,5,0.37903262050202413,0.9156469881885286,0.5906180056561079,0.6436390465545865,0.5512384017058487,0.37337081228508356
v7-pilots_iteration2-utility_restoration-medium-low-high-medium-modular-private_fragmented-774105-always_act-event_triggered,utility_restoration,medium,low,high,medium,modular,private_fragmented,event_triggered,774105,always_act,52,UTL-20-cyber_defense,U08,no_operational_action,request_peer_evidence,send_targeted_summary,execute_autonomously,False,False,0.0,False,False,False,0.6984019088231406,0.08981558885037544,0.01789953736335686,0.025954329176867446,0.0,0.9306987025816735,0.9263398259134172,0.006694102599680396,0.004667817299986665,0.00684033896545666,0.07006317504908843,0.9933058974003196,0.3666666666666667,0.03397955952829834,-0.022468216947981845,5,1,0.29408568800231605,0.6984019088231406,0.5214071828142272,0.571982186426437,0.4731581611136668,0.30392607273849265
v7-pilots_iteration2-utility_restoration-medium-low-high-medium-modular-private_fragmented-774105-always_act-event_triggered,utility_restoration,medium,low,high,medium,modular,private_fragmented,event_triggered,774105,always_act,52,UTL-21-communications,U09,isolate_component,request_peer_evidence,send_targeted_summary,execute_autonomously,True,True,-0.01564801129745057,True,False,True,0.6430425767161074,0.18453697696359206,0.17160037658168575,0.04288743934844584,0.0,0.9201752293251285,0.9117383773883879,0.007476919085267597,0.005839156779352539,0.007414315628263446,0.0,0.9925230809147324,0.5666666666666667,0.015673027813963514,-0.012181666224306387,3,2,0.2793274615271035,0.6430425767161074,0.4977285247370998,0.5471995990757077,0.38341121555409846,0.26628273914389344
v7-pilots_iteration2-utility_restoration-medium-low-high-medium-modular-private_fragmented-774105-always_act-event_triggered,utility_restoration,medium,low,high,medium,modular,private_fragmented,event_triggered,774105,always_act,52,UTL-22-resource_allocation,U06,no_operational_action,request_peer_evidence,send_targeted_summary,execute_autonomously,False,False,0.0,False,False,False,0.7046467674109129,0.0707881426210775,0.6433419062202897,0.3828457640194201,0.0,0.9215663879775332,0.9215439349621307,0.000560361687628852,0.00044996021612186965,0.00039189952174611964,0.0,0.9994396383123711,0.725,-0.016860065929011347,-0.00894291412111814,2,3,0.3818628842843712,0.7046467674109129,0.5130348103214288,0.5676557002281633,0.44095164231258344,0.3379912244633262
v7-pilots_iteration2-utility_restoration-medium-low-high-medium-modular-private_fragmented-774105-always_act-event_triggered,utility_restoration,medium,low,high,medium,modular,private_fragmented,event_triggered,774105,always_act,52,UTL-23-critical_load,U07,no_operational_action,request_peer_evidence,send_targeted_summary,execute_autonomously,False,False,0.0,False,False,False,0.854373794805813,0.17523771083870376,0.6615524305536454,0.2550012898279389,0.0,0.9374079729845779,0.9384275467752989,0.00268096389119743,0.002371343198090181,0.0015664168227037534,0.0,0.9973190361088026,0.6666666666666666,0.03737576765030781,0.0017263417812157789,3,3,0.4020873997926818,0.854373794805813,0.5798548606161461,0.6297699690364904,0.4921703271517748,0.3601779041120019
v7-pilots_iteration2-utility_restoration-medium-low-high-medium-modular-private_fragmented-774105-always_act-event_triggered,utility_restoration,medium,low,high,medium,modular,private_fragmented,event_triggered,774105,always_act,52,UTL-24-zone_operator,U08,isolate_component,request_peer_evidence,send_targeted_summary,execute_autonomously,True,True,-8.88857438834741,True,False,True,0.7562268676401414,0.06485893637894022,0.039178278011613096,0.05680850311683899,0.0,0.9830950795425757,0.9831010409209446,2.4478629396695872e-05,1.8860968132528022e-05,1.8772530282928912e-05,0.0,0.9999755213706033,0.7916666666666666,0.01362320925038174,-8.151933594968686e-05,2,4,0.3211511757456895,0.7562268676401414,0.5482987870228558,0.5987852644912861,0.47594861774219266,0.321499486299071
v7-pilots_iteration2-utility_restoration-medium-low-high-medium-modular-private_fragmented-774105-always_act-event_triggered,utility_restoration,medium,low,high,medium,modular,private_fragmented,event_triggered,774105,always_act,52,UTL-25-crew_dispatch,U05,dispatch_repair_crew,request_peer_evidence,send_targeted_summary,execute_autonomously,False,False,0.0,False,False,False,0.7539236772591241,0.028065190809443252,1.0,1.0,0.0,0.899388347084372,0.9112796702699019,0.00836836677271624,0.007150012737100142,0.005323306524961602,0.0,0.9916316332272838,0.5666666666666667,0.13045981787092553,0.007567883167565959,3,2,0.5467340502681022,0.7539236772591241,0.5381322711565454,0.5918893335576176,0.42998127778216544,0.4181384321137246
v7-pilots_iteration2-utility_restoration-medium-low-high-medium-modular-private_fragmented-774105-always_act-event_triggered,utility_restoration,medium,low,high,medium,modular,private_fragmented,event_triggered,774105,always_act,52,UTL-26-cyber_defense,U06,no_operational_action,request_peer_evidence,send_targeted_summary,execute_autonomously,False,False,0.0,False,False,False,0.651029427732756,0.09508388935611056,0.49299948205445404,0.1648492489789583,0.0,0.8828931532817287,0.8840388124806609,0.0006480533632697849,0.0005790997877046511,0.00038448421898451546,0.0,0.9993519466367302,0.5666666666666667,-0.008703891089337112,-0.0012212761389911453,3,2,0.311313825184087,0.651029427732756,0.4820423341221122,0.5359809409086225,0.3867656929810908,0.2762976598476593
v7-pilots_iteration2-utility_restoration-medium-low-high-medium-modular-private_fragmented-774105-always_act-event_triggered,utility_restoration,medium,low,high,medium,modular,private_fragmented,event_triggered,774105,always_act,52,UTL-27-communications,U11,no_operational_action,request_peer_evidence,send_targeted_summary,execute_autonomously,False,False,0.0,False,False,False,0.6712709238075893,0.09799041379514395,0.3753512007582167,0.0,0.0,0.9133909054526237,0.9145717346594071,0.0011465690957729313,0.0009743804490419672,0.0007071300205820918,0.0,0.9988534309042271,0.725,0.0051256548953781955,0.0009908870369019773,2,3,0.27863211409458044,0.6712709238075893,0.4984612926202738,0.5510090192011898,0.42693378799918746,0.28399189363502686
v7-pilots_iteration2-utility_restoration-medium-low-high-medium-modular-private_fragmented-774105-always_act-event_triggered,utility_restoration,medium,low,high,medium,modular,private_fragmented,event_triggered,774105,always_act,56,UTL-00-zone_operator,U08,no_operational_action,request_peer_evidence,send_targeted_summary,execute_autonomously,False,False,0.0,False,False,False,0.6808203824091223,0.0861110513598414,0.506727724273599,0.18475520019671848,0.0,0.9239608608411303,0.9324039307249012,0.008640166027166107,0.007127858040490431,0.006110831938086703,0.004701936844503818,0.9913598339728339,0.18333333333333335,0.022763542677431636,-0.00040809985026146745,6,0,0.3262201780663141,0.6808203824091223,0.5154146006119641,0.5664304822454191,0.32975817128214385,0.24779441731607582
v7-pilots_iteration2-utility_restoration-medium-low-high-medium-modular-private_fragmented-774105-always_act-event_triggered,utility_restoration,medium,low,high,medium,modular,private_fragmented,event_triggered,774105,always_act,56,UTL-01-crew_dispatch,U13,no_operational_action,request_peer_evidence,send_targeted_summary,execute_autonomously,False,False,0.0,False,False,False,0.7563054554026032,0.1238557824892963,0.46570811333092843,0.12527676432984622,0.0,0.8981230189144964,0.9304944690676211,0.02284443170530359,0.01688200823412722,0.019696945611393235,0.015743428520733516,0.9771555682946964,0.3666666666666667,-0.04050457115133277,-0.009454409489638382,5,1,0.3376102782760483,0.7563054554026032,0.5590351412770905,0.603647457929298,0.41491163595394165,0.30738997189410067
v7-pilots_iteration2-utility_restoration-medium-low-high-medium-modular-private_fragmented-774105-always_act-event_triggered,utility_restoration,medium,low,high,medium,modular,private_fragmented,event_triggered,774105,always_act,56,UTL-02-cyber_defense,U14,no_operational_action,no_information_action,no_communication_action,execute_autonomously,False,False,0.0,False,False,False,0.6582429777879131,0.16502066577450814,0.5094413381609783,0.18868994033341843,0.0,0.9365662827938488,0.9392238252798488,0.004061257971815668,0.0037033119620027977,0.002104286824393009,0.007519287573765522,0.9959387420281843,0.5666666666666667,0.05556905580374194,-0.008273073468299197,3,2,0.31948819812791096,0.6582429777879131,0.5031245229741694,0.5535446742004524,0.4012247011163804,0.28949507253983514
v7-pilots_iteration2-utility_restoration-medium-low-high-medium-modular-private_fragmented-774105-always_act-event_triggered,utility_restoration,medium,low,high,medium,modular,private_fragmented,event_triggered,774105,always_act,56,UTL-03-communications,U15,no_operational_action,request_peer_evidence,send_targeted_summary,execute_autonomously,False,False,0.0,False,False,False,0.7406065350873919,0.054802468336941024,0.710360054067285,0.4800220783975632,0.0,0.9454265327479323,0.9497956820889664,0.010240854404031996,0.009585744523316841,0.0062351511812084315,0.0,0.989759145595968,0.725,0.09785585230001903,0.010205448771470671,2,3,0.41741152074512844,0.7406065350873919,0.5469364433875846,0.601003926266664,0.4560547447367046,0.37638699822652466
v7-pilots_iteration2-utility_restoration-medium-low-high-medium-modular-private_fragmented-774105-always_act-event_triggered,utility_restoration,medium,low,high,medium,modular,private_fragmented,event_triggered,774105,always_act,56,UTL-04-resource_allocation,U12,isolate_component,no_information_action,negotiate_commitment,execute_autonomously,True,False,0.0,False,False,False,0.4436551994774758,0.42226420511987517,0.6715652456021842,0.29278112610986357,0.0,0.7614457543949815,0.7836888876938571,0.010493684348241938,0.009579239952232976,0.0076200822211838215,0.04926651698525364,0.9895063156517581,0.3875,-0.08884116853614621,0.00417132138820564,4,1,0.271510238088709,0.4436551994774758,0.38251467647727444,0.42398999650732583,0.3387202895981254,0.2585138171294603
v7-pilots_iteration2-utility_restoration-medium-low-high-medium-modular-private_fragmented-774105-always_act-event_triggered,utility_restoration,medium,low,high,medium,modular,private_fragmented,event_triggered,774105,always_act,56,UTL-05-critical_load,U13,no_operational_action,request_peer_evidence,send_targeted_summary,execute_autonomously,False,False,0.0,False,False,False,0.6340602509552198,0.1318400179103588,0.6388537310304858,0.3763379099942044,0.0,0.9056759138617824,0.9266344222293252,0.011603109201322348,0.009030348194532412,0.009017659185043936,0.015743428520733516,0.9883968907986777,0.3666666666666667,-0.02666893566346018,-0.016742848593176984,5,1,0.35630158372338383,0.6340602509552198,0.4962874317293848,0.5444181298967206,0.3635686500860406,0.29242461545540877
v7-pilots_iteration2-utility_restoration-medium-low-high-medium-modular-private_fragmented-774105-always_act-event_triggered,utility_restoration,medium,low,high,medium,modular,private_fragmented,event_triggered,774105,always_act,56,UTL-06-zone_operator,U14,reconfigure_service_edge,request_peer_evidence,negotiate_commitment,execute_autonomously,True,True,-0.018186205825674547,True,False,True,0.6202216477993847,0.057163697952717696,0.2562068608558182,0.0,0.0,0.8351288669813761,0.860816315465371,0.01652786071789314,0.013201632424267862,0.013236579723994168,0.04223988429138925,0.9834721392821069,0.5666666666666667,-0.028968990575751974,0.013261467310934472,3,2,0.2612753602517908,0.6202216477993847,0.4800098808701483,0.5300247277471488,0.43803104953198657,0.303977311262024
v7-pilots_iteration2-utility_restoration-medium-low-high-medium-modular-private_fragmented-774105-always_act-event_triggered,utility_restoration,medium,low,high,medium,modular,private_fragmented,event_triggered,774105,always_act,56,UTL-07-crew_dispatch,U11,no_operational_action,no_information_action,no_communication_action,execute_autonomously,False,False,0.0,False,False,False,0.5289667203691435,0.2895084740687951,0.7556486687581156,0.5456905696992677,0.0,0.811067055963282,0.8126969050716277,0.0013367079917263602,0.0015727156892676453,0.0005847831159637717,0.0,0.9986632920082736,0.725,-0.11695855965893864,-0.00295327148690272,2,3,0.36121442165333306,0.5289667203691435,0.4162248433268948,0.46798983265222666,0.3671660225550403,0.30899304457617316
v7-pilots_iteration2-utility_restoration-medium-low-high-medium-modular-private_fragmented-774105-always_act-event_triggered,utility_restoration,medium,low,high,medium,modular,private_fragmented,event_triggered,774105,always_act,56,UTL-08-cyber_defense,U12,isolate_component,request_peer_evidence,send_targeted_summary,execute_autonomously,True,False,0.0,False,False,False,0.6384645171508505,0.1395230587251357,0.253733694512792,0.2988777633290141,0.0,0.8958867171902617,0.8959037899837456,1.836607662675238e-05,1.597743330639112e-05,1.1164519907014281e-05,0.05698918922145724,0.9999816339233732,0.725,-0.006764702052259763,-0.00016802741198418403,2,3,0.3392085990302526,0.6384645171508505,0.4793831986651831,0.5317101096790189,0.49977866481997224,0.35034799272382644
v7-pilots_iteration2-utility_restoration-medium-low-high-medium-modular-private_fragmented-774105-always_act-event_triggered,utility_restoration,medium,low,high,medium,modular,private_fragmented,event_triggered,774105,always_act,56,UTL-09-communications,U13,no_operational_action,request_peer_evidence,send_targeted_summary,execute_autonomously,False,False,0.0,False,False,False,0.6632247109156985,0.0563610382380445,0.4103854715664101,0.04505893377129458,0.0,0.8673843966294698,0.9010572400108419,0.0205457362783259,0.021596546523108606,0.010633990331211485,0.0,0.9794542637216741,0.6666666666666666,-0.0719787485298019,0.006034130005401317,3,3,0.28671054581644817,0.6632247109156985,0.5109000143133031,0.5713918045378785,0.4118877119179267,0.30042087531406503
v7-pilots_iteration2-utility_restoration-medium-low-high-medium-modular-private_fragmented-774105-always_act-event_triggered,utility_restoration,medium,low,high,medium,modular,private_fragmented,event_triggered,774105,always_act,56,UTL-10-resource_allocation,U10,no_operational_action,request_peer_evidence,send_targeted_summary,execute_autonomously,False,False,0.0,False,False,False,0.7657854507001858,0.006377700791113355,0.741386309129535,0.5250101482378257,0.0,0.9428282161074992,0.9432119479708974,0.000405384179494761,0.00041052219840931325,0.00018830444357231801,0.0,0.9995946158205052,0.725,-0.014359795282085308,-0.0015266702059389958,2,3,0.4367694888151413,0.7657854507001858,0.5425887721582419,0.5966663680097417,0.466629889294078,0.3720107644507954
v7-pilots_iteration2-utility_restoration-medium-low-high-medium-modular-private_fragmented-774105-always_act-event_triggered,utility_restoration,medium,low,high,medium,modular,private_fragmented,event_triggered,774105,always_act,56,UTL-11-critical_load,U15,no_operational_action,no_information_action,no_communication_action,execute_autonomously,False,False,0.0,False,False,False,0.6523367177289164,0.19785015213107582,0.8754891509274607,0.719459268844818,0.0,0.9403747188782359,0.935442003920328,0.0024303155150084965,0.0020118575520533533,0.0019158235280851699,0.0,0.9975696844849915,0.725,0.05347081415955379,0.0006118222828618292,2,3,0.4448647085505879,0.6523367177289164,0.49943080853213745,0.5488171564117862,0.4189814214461449,0.3659781513171071
v7-pilots_iteration2-utility_restoration-medium-low-high-medium-modular-private_fragmented-774105-always_act-event_triggered,utility_restoration,medium,low,high,medium,modular,private_fragmented,event_triggered,774105,always_act,56,UTL-12-zone_operator,U12,isolate_component,no_information_action,no_communication_action,execute_autonomously,True,True,-0.01685220288625394,True,False,True,0.6537900773001932,0.1807371291822013,0.21174009620846462,0.08130778604021184,0.0,0.9406934263447542,0.9430868849073263,0.005566676327957487,0.004730477681631151,0.0032909507013688666,0.017353979522268803,0.9944333236720425,0.5666666666666667,0.04315298250624744,0.0002916855295661547,3,2,0.29220249493171657,0.6537900773001932,0.5044827343654064,0.5535753409760521,0.4143032146732631,0.2841077648286579
v7-pilots_iteration2-utility_restoration-medium-low-high-medium-modular-private_fragmented-774105-always_act-event_triggered,utility_restoration,medium,low,high,medium,modular,private_fragmented,event_triggered,774105,always_act,56,UTL-13-crew_dispatch,U09,dispatch_repair_crew,request_peer_evidence,send_targeted_summary,execute_autonomously,False,True,0.0,False,False,False,0.8267353032734334,0.09772318398464055,0.5532085860461751,0.4408890594622069,0.0,0.8947594422883254,0.8998797981982888,0.011617373736302006,0.008755599499101652,0.011140178805094325,0.0,0.988382626263698,0.5666666666666667,-0.03989168743310967,0.005755882165197623,3,2,0.437303377383897,0.8267353032734334,0.5706483051122775,0.6240441790034384,0.46056216070817535,0.3740333288397418
v7-pilots_iteration2-utility_restoration-medium-low-high-medium-modular-private_fragmented-774105-always_act-event_triggered,utility_restoration,medium,low,high,medium,modular,private_fragmented,event_triggered,774105,always_act,56,UTL-14-cyber_defense,U14,no_operational_action,request_peer_evidence,send_targeted_summary,execute_autonomously,False,False,0.0,False,False,False,0.6855547773910686,0.03869025546318333,0.6244289292352021,0.35542194739104294,0.0,0.8865722421289625,0.9009900695640641,0.01160481981316952,0.010267003947993403,0.00704563723559426,0.0,0.9883951801868305,0.725,0.024090717795693162,0.010454393319473065,2,3,0.36878989168681364,0.6855547773910686,0.5121117192271054,0.5661944202698428,0.4329330065042488,0.3473043462502636
v7-pilots_iteration2-utility_restoration-medium-low-high-medium-modular-private_fragmented-774105-always_act-event_triggered,utility_restoration,medium,low,high,medium,modular,private_fragmented,event_triggered,774105,always_act,56,UTL-15-communications,U15,reconfigure_service_edge,request_peer_evidence,send_targeted_summary,execute_autonomously,True,False,0.0,False,False,False,0.6544988503653812,0.05434723711482753,0.7872676267383323,0.5915380587705817,0.0,0.8796465434265276,0.8914335888264595,0.005456894798776424,0.00462992754650049,0.0037620866602915415,0.017137341619034796,0.9945431052012236,0.725,0.01768901993288008,0.005255409648842746,2,3,0.4148987432291693,0.6544988503653812,0.48935082872107144,0.541793701912729,0.445938276414393,0.370035746200862
v7-pilots_iteration2-utility_restoration-medium-low-high-medium-modular-private_fragmented-774105-always_act-event_triggered,utility_restoration,medium,low,high,medium,modular,private_fragmented,event_triggered,774105,always_act,56,UTL-16-resource_allocation,U08,no_operational_action,no_information_action,no_communication_action,execute_autonomously,False,False,0.0,False,False,False,0.6247662960936351,0.21885995046271103,0.4418695472049982,0.09071084344724735,0.0,0.9174853781139154,0.9174815676197141,3.893006829236434e-06,4.019762749885025e-06,2.4943682193079297e-06,0.0,0.9999961069931708,0.7916666666666666,0.016128415654100947,-6.265532889127012e-05,2,4,0.2845911430991753,0.6247662960936351,0.47928331317549383,0.5291970886833621,0.42073517769266006,0.28874007653534056
v7-pilots_iteration2-utility_restoration-medium-low-high-medium-modular-private_fragmented-774105-always_act-event_triggered,utility_restoration,medium,low,high,medium,modular,private_fragmented,event_triggered,774105,always_act,56,UTL-17-critical_load,U13,no_operational_action,no_information_action,no_communication_action,execute_autonomously,False,False,0.0,False,False,False,0.6119137779622915,0.17912380760452362,0.5237202101954928,0.2093943047834644,0.0,0.8878798631964862,0.8878798631964862,0.0,0.0,0.0,0.0,1.0,0.8333333333333334,0.03278643961030758,0.0,1,5,0.3087053176552106,0.6119137779622915,0.46673547698403817,0.5183012422376998,0.4236704534108291,0.3047965077367907
v7-pilots_iteration2-utility_restoration-medium-low-high-medium-modular-private_fragmented-774105-always_act-event_triggered,utility_restoration,medium,low,high,medium,modular,private_fragmented,event_triggered,774105,always_act,56,UTL-18-zone_operator,U14,reconfigure_service_edge,request_peer_evidence,send_targeted_summary,execute_autonomously,True,True,-0.028574677597556598,True,False,True,0.7079708790033175,0.04231896508308808,0.6024892532518866,0.32360941721523556,0.0,0.9353310960399897,0.9389243285692304,0.009120892262797664,0.006989336760737319,0.007239238813384841,0.01013112235496727,0.9908791077372023,0.3875,0.013024098108956217,0.00415272434019609,4,1,0.3687763589927845,0.7079708790033175,0.5297903747792412,0.5798607492412917,0.3902470751609436,0.30651442389797917
v7-pilots_iteration2-utility_restoration-medium-low-high-medium-modular-private_fragmented-774105-always_act-event_triggered,utility_restoration,medium,low,high,medium,modular,private_fragmented,event_triggered,774105,always_act,56,UTL-19-crew_dispatch,U15,no_operational_action,no_information_action,no_communication_action,execute_autonomously,False,False,0.0,False,False,False,0.6059261762482927,0.1536748017552807,0.6219285299881796,0.3517963684828604,0.0,0.882029583470932,0.9016073129552951,0.02028691253997661,0.016571693385312503,0.014141563307457417,0.06249883461947515,0.9797130874600234,0.725,-0.05418055948370848,0.020247572553531934,2,3,0.3408460283603061,0.6059261762482927,0.4912795439230173,0.5382361102691829,0.4944872226458852,0.38585157654309055
v7-pilots_iteration2-utility_restoration-medium-low-high-medium-modular-private_fragmented-774105-always_act-event_triggered,utility_restoration,medium,low,high,medium,modular,private_fragmented,event_triggered,774105,always_act,56,UTL-20-cyber_defense,U12,isolate_component,no_information_action,no_communication_action,execute_autonomously,True,True,-0.028870191001519656,True,False,True,0.5319618318519492,0.20972319851350402,0.6123397000506553,0.22788766171349625,0.0,0.7907386516947734,0.813214159188994,0.013167649154673167,0.012723906042877653,0.007377546688941972,0.0,0.9868323508453268,0.5666666666666667,-0.0791880704661646,0.0012348528519682267,3,2,0.2859600616409018,0.5319618318519492,0.42890410448101546,0.48117468766399074,0.336757302711152,0.26234653812589526
v7-pilots_iteration2-utility_restoration-medium-low-high-medium-modular-private_fragmented-774105-always_act-event_triggered,utility_restoration,medium,low,high,medium,modular,private_fragmented,event_triggered,774105,always_act,56,UTL-21-communications,U13,no_operational_action,no_information_action,no_communication_action,execute_autonomously,False,False,0.0,False,False,False,0.6354565634184498,0.15701864627842912,0.1955095132876521,0.0,0.0,0.9125014756400592,0.9315678142992346,0.013128869253176578,0.011004295561988564,0.0083045571897008,0.015245803464999595,0.9868711307468234,0.5208333333333333,0.008295221945475384,-0.0030585516369874277,4,2,0.2664552315622729,0.6354565634184498,0.500688411231842,0.5495816634941991,0.394232044569215,0.2681470130309585
v7-pilots_iteration2-utility_restoration-medium-low-high-medium-modular-private_fragmented-774105-always_act-event_triggered,utility_restoration,medium,low,high,medium,modular,private_fragmented,event_triggered,774105,always_act,56,UTL-22-resource_allocation,U14,no_operational_action,request_peer_evidence,send_targeted_summary,execute_autonomously,False,False,0.0,False,False,False,0.6754392457397682,0.10393198790831723,0.6090600639475194,0.33313709272390307,0.0,0.9179733592265129,0.9179733592265129,0.0,0.0,0.0,0.0,1.0,0.8,-0.056201902304949924,0.0,1,4,0.36000224580525797,0.6754392457397682,0.49966903810253555,0.5528728207664961,0.4436844832107027,0.3330994399340035
v7-pilots_iteration2-utility_restoration-medium-low-high-medium-modular-private_fragmented-774105-always_act-event_triggered,utility_restoration,medium,low,high,medium,modular,private_fragmented,event_triggered,774105,always_act,56,UTL-23-critical_load,U11,no_operational_action,request_peer_evidence,send_targeted_summary,execute_autonomously,False,False,0.0,False,False,False,0.6557892407881876,0.0912637443063189,0.37679400074194425,0.0,0.0,0.879668313521639,0.8814436341283374,0.0015670436159389567,0.0016248539011634033,0.0007792239115053112,0.0,0.998432956384061,0.5666666666666667,0.0238631891943083,-0.00785798536324167,3,2,0.27336834186798376,0.6557892407881876,0.4844266357579993,0.5402608237616624,0.3887648144643721,0.2586295838588661
v7-pilots_iteration2-utility_restoration-medium-low-high-medium-modular-private_fragmented-774105-always_act-event_triggered,utility_restoration,medium,low,high,medium,modular,private_fragmented,event_triggered,774105,always_act,56,UTL-24-zone_operator,U12,dispatch_repair_crew,no_information_action,no_communication_action,execute_autonomously,False,True,0.0,False,False,False,0.6622152512799018,0.14398297780951208,0.29134841269079925,0.248983310440807,0.0,0.9077410318403233,0.9077410318403233,0.0,0.0,0.0,0.0,1.0,0.8,-0.014272961207640877,0.0,1,4,0.3353091799409603,0.6622152512799018,0.49182135847204156,0.5455161783865778,0.4381304055375588,0.31929826761126934
v7-pilots_iteration2-utility_restoration-medium-low-high-medium-modular-private_fragmented-774105-always_act-event_triggered,utility_restoration,medium,low,high,medium,modular,private_fragmented,event_triggered,774105,always_act,56,UTL-25-crew_dispatch,U13,no_operational_action,no_information_action,no_communication_action,execute_autonomously,False,False,0.0,False,False,False,0.491129905619733,0.38555157401329027,0.7035473299318318,0.4701436284011561,0.0,0.8176354612338266,0.8542438608079352,0.01537842358316377,0.012402972060118644,0.013737641600334083,0.027132473072015384,0.9846215764168362,0.5208333333333333,-0.06681005052521982,0.00527238766206084,4,2,0.33021863872698676,0.491129905619733,0.42239062057277915,0.4633228710491829,0.3516825860964179,0.30036627673713834
v7-pilots_iteration2-utility_restoration-medium-low-high-medium-modular-private_fragmented-774105-always_act-event_triggered,utility_restoration,medium,low,high,medium,modular,private_fragmented,event_triggered,774105,always_act,56,UTL-26-cyber_defense,U10,no_operational_action,request_peer_evidence,send_targeted_summary,execute_autonomously,False,False,0.0,False,False,False,0.6051362277404693,0.1304788738178222,0.17390830834533688,0.0,0.0,0.8493889686217698,0.8501799997324653,0.00046843082303194006,0.00045463425496594656,0.00026514949630851437,0.0,0.9995315691769681,0.725,-0.05567226251542268,-0.002168742383912514,2,3,0.25614631743175953,0.6051362277404693,0.45505753640387486,0.5086158182810314,0.39915721565099704,0.26409483378199217
v7-pilots_iteration2-utility_restoration-medium-low-high-medium-modular-private_fragmented-774105-always_act-event_triggered,utility_restoration,medium,low,high,medium,modular,private_fragmented,event_triggered,774105,always_act,56,UTL-27-communications,U15,no_operational_action,request_peer_evidence,send_targeted_summary,execute_autonomously,False,False,0.0,False,False,False,0.6635338243528452,0.011216042544774818,0.32800408109716916,0.0,0.0,0.8353626136581385,0.8353626136581385,0.0,0.0,0.0,0.0,1.0,0.8,-0.06827716339092516,0.0,1,4,0.2760015002799674,0.6635338243528452,0.47425418315567275,0.5318758300782469,0.43868420622819504,0.2897894708187967
