accepted_physical_actions_v8,action_policy_id,actionable_opportunities,agent_count,allocation_inequality_gini,application,attempted_sketch_messages,autonomous_beneficial_actions,autonomous_harmful_actions,autonomous_neutral_actions,belief_updates_from_delivered_sketches,beneficial_actions,commitment_failures,completed_at,complexity,consensus_recovery_steps,conservation_feasible,coupling,critical_shortage_exposure,cross_community_messages,decision_epochs,delivered_sketch_messages,delivered_useful_sketch_bytes,delivery_completion,detected_groups,detection_groups,detection_recall,disagreement_time_integrated_error,dropped_messages,dropped_sketch_messages,encoding,environment_seed,event_count,false_alarm_groups,false_alarm_rate,forwarded_sketch_messages,fragmentation,fully_counted_bytes,fully_counted_messages,harmful_actions,horizon,information_actions,information_condition,maximum_cascade_depth,maximum_conservation_residual,maximum_detection_delay_steps,maximum_message_age,mean_detection_delay_steps,mean_message_age,mean_quantization_l1_error,net_causal_utility,network_disruption,neutral_actions,normalized_autonomous_reward,normalized_time_integrated_estimation_error,operational_bytes,operational_messages,operational_node_count,operator_escalation_requests,operator_executed_actions,physical_actions,pointwise_estimation_mae_max,pointwise_estimation_mae_p90,pointwise_estimation_mae_p95,privacy_boundary_pass,proposed_physical_actions,redundant_sketch_bytes,resource_waste,retries,run_id,scheduler,service_loss,service_reaching_actions,sketch_bytes,sketch_header_bytes,sketch_integrity_bytes,sketch_messages,sketch_on_wire_bytes,sketch_payload_bytes,stage,stale_belief_rows,stale_sketch_bytes,started_at,stochastic_tape_digest,time_to_first_critical_delivery,topology_family,total_bytes,total_messages,transmitted_sketch_messages,trigger_activation_rate,trigger_activations,trigger_configuration_digest,trigger_evaluations,trigger_reasons,weighted_unmet_critical_need,belief_consensus_recovery,cascaded_failures,crew_travel,crew_utilization,repeated_work_orders,restoration_time_mean,unsafe_switching_or_isolation,unserved_critical_load_auc
271,frozen_local_rule,444,52,0.4151535820214643,humanitarian,17840,117,148,0,624,117,0,2026-08-17T03:27:06.260602+00:00,large,2.0,True,high,79841.2066140568,178,20,14816,381520,163.86102897210017,151,151,1.0,0.037945261718052625,134,3024,fp16,880104,49272,119,0.7628205128205128,13381,medium,794946,17035,148,100,490,private_fragmented,3,8.526512829121202e-14,15.0,90.0,0.09933774834437085,21.620192307692307,2.7327421067635377e-05,591.0862251330832,high,0,-29.01759309379384,0.05164254424455172,136666,578,30,166,0,271,0.1938082643562448,0.09016437835607595,0.10469320345140046,True,626,211120,10.102261560923914,0,v8-pilots-humanitarian-large-high-medium-high-small_world-private_fragmented-880104-age_of_information-e1d6ce4d93c3-fp16-frozen_local_rule,age_of_information,157814.11555325057,105,0,394968,65828,0,658280,197484,pilots,684,0,2026-08-17T03:26:55.990012+00:00,fb47c9f389325e3c725d1107ab240d29c96123a83c1bd128c5e4d840f6db2a72,12,small_world,136666,578,16457,0.551923076923077,574,e1d6ce4d93c3,1040,"{'age_deadline': 466, 'initial_reference': 156, 'maximum_silence': 417, 'partition_recovery': 1}",3907.1977359721504,,,,,,,,
271,frozen_local_rule,444,52,0.4151535820214643,humanitarian,17840,117,148,0,624,117,0,2026-08-17T03:27:17.897509+00:00,large,27.0,True,high,79841.2066140568,178,20,14816,381520,163.86102897210017,151,151,1.0,0.03865147970857667,134,3024,fp16,880104,49272,119,0.7628205128205128,13381,medium,794946,17035,148,100,490,private_fragmented,3,8.526512829121202e-14,15.0,90.0,0.3973509933774834,21.620192307692307,2.7327421067635377e-05,591.0862251330832,high,0,-29.01759309379384,0.05458792562185041,136666,578,30,166,0,271,0.1938082643562448,0.09976327929934153,0.11434506572442822,True,626,211120,10.102261560923914,0,v8-pilots-humanitarian-large-high-medium-high-small_world-private_fragmented-880104-age_of_information-e27491322545-fp16-frozen_local_rule,age_of_information,157814.11555325057,105,0,394968,65828,0,658280,197484,pilots,684,0,2026-08-17T03:27:07.476284+00:00,fb47c9f389325e3c725d1107ab240d29c96123a83c1bd128c5e4d840f6db2a72,12,small_world,136666,578,16457,0.551923076923077,574,e27491322545,1040,"{'age_deadline': 466, 'initial_reference': 156, 'maximum_silence': 417, 'partition_recovery': 1}",3907.1977359721504,,,,,,,,
268,frozen_local_rule,442,52,0.41561609574692304,humanitarian,32129,118,144,0,1112,118,0,2026-08-17T03:25:45.714178+00:00,large,27.0,True,high,79256.08518557374,179,20,26391,683200,163.1898476971056,151,151,1.0,0.03713293379578802,134,5738,fp16,880104,75138,119,0.7628205128205128,23850,medium,1311899,29950,144,100,492,private_fragmented,3,5.684341886080802e-14,15.0,75.0,0.2980132450331126,15.620192307692308,2.794712623748157e-05,586.0919101010455,high,0,-28.971259047713872,0.0529782161142527,137099,580,30,168,0,268,0.1938082643562448,0.09588851669297824,0.11114344801866606,True,626,372440,10.519971949512374,0,v8-pilots-humanitarian-large-high-medium-high-small_world-private_fragmented-880104-always_on-f06f6808d09b-fp16-frozen_local_rule,always_on,157545.74599047736,105,0,704880,117480,0,1174800,352440,pilots,695,0,2026-08-17T03:25:32.907265+00:00,fb47c9f389325e3c725d1107ab240d29c96123a83c1bd128c5e4d840f6db2a72,12,small_world,137099,580,29370,1.0,1040,f06f6808d09b,1040,"{'always_on': 884, 'initial_reference': 156}",3921.4371681367106,,,,,,,,
268,frozen_local_rule,442,52,0.41561609574692304,humanitarian,32049,118,144,0,1108,118,0,2026-08-17T03:28:04.887220+00:00,large,27.0,True,high,79256.08518557374,179,20,26323,681320,163.1898476971056,151,151,1.0,0.03715933080753178,134,5726,fp16,880104,74990,119,0.7628205128205128,23788,medium,1308901,29875,144,100,492,private_fragmented,3,5.684341886080802e-14,15.0,75.0,0.2980132450331126,15.649038461538462,2.795639347468536e-05,586.0919101010455,high,0,-28.971259047713872,0.0529762482037892,137101,580,30,168,0,268,0.1938082643562448,0.09588851669297824,0.11114344801866606,True,626,371600,10.519971949512374,0,v8-pilots-humanitarian-large-high-medium-high-small_world-private_fragmented-880104-generalized_information-089fa0c17476-fp16-frozen_local_rule,generalized_information,157545.74599047736,105,0,703080,117180,0,1171800,351540,pilots,695,0,2026-08-17T03:27:52.191592+00:00,fb47c9f389325e3c725d1107ab240d29c96123a83c1bd128c5e4d840f6db2a72,12,small_world,137101,580,29295,0.9971153846153846,1037,089fa0c17476,1040,"{'below_threshold': 3, 'generalized_information_on': 872, 'initial_reference': 156, 'maximum_silence': 8, 'partition_recovery': 1}",3921.4371681367106,,,,,,,,
268,frozen_local_rule,441,52,0.4158318598536647,humanitarian,20755,122,141,0,725,122,0,2026-08-17T03:28:07.176775+00:00,large,27.0,True,high,80405.94307681549,178,20,17327,444200,165.39550683765597,151,151,1.0,0.037033753907416984,134,3428,fp16,880104,54698,119,0.7628205128205128,15701,medium,907510,19846,141,100,492,private_fragmented,3,5.684341886080802e-14,15.0,90.0,0.2980132450331126,19.370192307692307,2.7286412599804826e-05,600.3351542141982,high,0,-29.024147222179728,0.052861278909817566,136830,579,30,169,0,268,0.1938082643562448,0.09479795826297026,0.11066453739759066,True,626,248880,10.518724220581666,0,v8-pilots-humanitarian-large-high-medium-high-small_world-private_fragmented-880104-generalized_information-16bfadb86d55-fp16-frozen_local_rule,generalized_information,158004.34741908478,109,0,462408,77068,0,770680,231204,pilots,686,0,2026-08-17T03:27:56.029200+00:00,fb47c9f389325e3c725d1107ab240d29c96123a83c1bd128c5e4d840f6db2a72,12,small_world,136830,579,19267,0.6326923076923077,658,16bfadb86d55,1040,"{'below_threshold': 382, 'generalized_information_on': 167, 'initial_reference': 156, 'maximum_silence': 334, 'partition_recovery': 1}",3951.481535804558,,,,,,,,
268,frozen_local_rule,442,52,0.4154005845893049,humanitarian,19839,121,141,0,698,121,0,2026-08-17T03:27:44.591672+00:00,large,27.0,True,high,79788.99023699499,178,20,16581,424880,164.13826992355803,151,151,1.0,0.038097881612750066,134,3258,fp16,880104,53034,119,0.7628205128205128,15016,medium,873766,19002,141,100,491,private_fragmented,3,1.4210854715202004e-13,15.0,90.0,0.3973509933774834,20.509615384615383,2.6371862669420523e-05,632.9564970507236,high,0,-28.90098445570463,0.05384368119269679,136846,579,30,167,0,268,0.1938082643562448,0.09881001471562746,0.11108414506450741,True,625,238360,10.509134439753607,0,v8-pilots-humanitarian-large-high-medium-high-small_world-private_fragmented-880104-js_drift-565d3b5e7ead-fp16-frozen_local_rule,js_drift,157731.66619379024,106,0,442152,73692,0,736920,221076,pilots,679,0,2026-08-17T03:27:33.914732+00:00,fb47c9f389325e3c725d1107ab240d29c96123a83c1bd128c5e4d840f6db2a72,12,small_world,136846,579,18423,0.6048076923076923,629,565d3b5e7ead,1040,"{'initial_reference': 156, 'js_drift': 506, 'maximum_silence': 377, 'partition_recovery': 1}",3912.7242933386274,,,,,,,,
268,frozen_local_rule,441,52,0.4158318598536647,humanitarian,23254,123,140,0,826,123,0,2026-08-17T03:27:36.441206+00:00,large,27.0,True,high,80289.67092460499,179,20,19317,497360,165.39550683765597,151,151,1.0,0.037194091230200045,134,3937,fp16,880104,59191,119,0.7628205128205128,17457,medium,995000,22028,140,100,493,private_fragmented,3,5.684341886080802e-14,15.0,90.0,0.2980132450331126,18.432692307692307,2.7138466574065983e-05,619.4987489135161,high,0,-28.959051845042186,0.05309030247930288,137080,580,30,169,0,268,0.1938082643562448,0.09635252460035591,0.11111575003956854,True,626,275320,10.518724220581666,0,v8-pilots-humanitarian-large-high-medium-high-small_world-private_fragmented-880104-js_drift-ffac7588a645-fp16-frozen_local_rule,js_drift,157891.8167469411,109,0,514752,85792,0,857920,257376,pilots,691,0,2026-08-17T03:27:24.993391+00:00,fb47c9f389325e3c725d1107ab240d29c96123a83c1bd128c5e4d840f6db2a72,12,small_world,137080,580,21448,0.7144230769230769,743,ffac7588a645,1040,"{'initial_reference': 156, 'js_drift': 628, 'maximum_silence': 255, 'partition_recovery': 1}",3922.6904382401403,,,,,,,,
269,frozen_local_rule,442,52,0.4152209953578899,humanitarian,23220,117,145,0,804,117,0,2026-08-17T03:26:34.873514+00:00,large,27.0,True,high,79811.15927401646,178,20,19094,493600,163.24154321758436,151,151,1.0,0.03765103088720357,134,4126,fp16,880104,58929,119,0.7628205128205128,17221,medium,985372,21792,145,100,491,private_fragmented,3,1.1368683772161603e-13,15.0,90.0,0.2980132450331126,18.83653846153846,2.6775424987266208e-05,592.3959612494268,high,0,-28.996559681621083,0.05323397347944673,136852,579,30,167,0,269,0.1938082643562448,0.09589631941854945,0.11416771407728465,True,625,270160,10.027294455996774,0,v8-pilots-humanitarian-large-high-medium-high-small_world-private_fragmented-880104-kpi_change-314c8c128df2-fp16-frozen_local_rule,kpi_change,157751.47459442288,104,0,509112,84852,0,848520,254556,pilots,687,0,2026-08-17T03:26:23.232518+00:00,fb47c9f389325e3c725d1107ab240d29c96123a83c1bd128c5e4d840f6db2a72,12,small_world,136852,579,21213,0.7259615384615384,755,314c8c128df2,1040,"{'initial_reference': 156, 'kpi_change': 646, 'maximum_silence': 237, 'partition_recovery': 1}",3905.3411045476105,,,,,,,,
268,frozen_local_rule,442,52,0.41561609574692304,humanitarian,26285,118,144,0,909,118,0,2026-08-17T03:26:26.590722+00:00,large,52.0,True,high,79256.08518557374,178,20,21574,557680,163.1898476971056,151,151,1.0,0.03767893381603915,134,4711,fp16,880104,64473,119,0.7628205128205128,19485,medium,1096868,24580,144,100,491,private_fragmented,3,5.684341886080802e-14,15.0,90.0,0.2980132450331126,17.91346153846154,2.7292163705516966e-05,586.0919101010455,high,0,-28.971259047713872,0.05292541339668562,136828,579,30,168,0,268,0.1938082643562448,0.09563829708394098,0.11330915079823108,True,626,305280,10.519971949512374,0,v8-pilots-humanitarian-large-high-medium-high-small_world-private_fragmented-880104-kpi_change-d83b95b9a33f-fp16-frozen_local_rule,kpi_change,157545.74599047736,105,0,576024,96004,0,960040,288012,pilots,691,0,2026-08-17T03:26:14.875539+00:00,fb47c9f389325e3c725d1107ab240d29c96123a83c1bd128c5e4d840f6db2a72,12,small_world,136828,579,24001,0.8201923076923077,853,d83b95b9a33f,1040,"{'initial_reference': 156, 'kpi_change': 725, 'maximum_silence': 158, 'partition_recovery': 1}",3921.4371681367106,,,,,,,,
268,frozen_local_rule,442,52,0.41561609574692304,humanitarian,31977,118,144,0,1104,118,0,2026-08-17T03:26:56.600153+00:00,large,27.0,True,high,79256.08518557374,179,20,26252,679600,163.1898476971056,151,151,1.0,0.0371508776610977,134,5725,fp16,880104,74847,119,0.7628205128205128,23725,medium,1305818,29798,144,100,492,private_fragmented,3,5.684341886080802e-14,15.0,75.0,0.2980132450331126,15.721153846153847,2.79616231819591e-05,586.0919101010455,high,0,-28.971259047713872,0.05298898117189794,137098,580,30,168,0,268,0.1938082643562448,0.09588851669297824,0.11114344801866606,True,626,370480,10.519971949512374,0,v8-pilots-humanitarian-large-high-medium-high-small_world-private_fragmented-880104-l1_belief_drift-a4111e560261-fp16-frozen_local_rule,l1_belief_drift,157545.74599047736,105,0,701232,116872,0,1168720,350616,pilots,695,0,2026-08-17T03:26:43.417477+00:00,fb47c9f389325e3c725d1107ab240d29c96123a83c1bd128c5e4d840f6db2a72,12,small_world,137098,580,29218,0.9951923076923077,1035,a4111e560261,1040,"{'initial_reference': 156, 'l1_belief_drift': 873, 'maximum_silence': 10, 'partition_recovery': 1}",3921.4371681367106,,,,,,,,
268,frozen_local_rule,442,52,0.41561609574692304,humanitarian,29603,118,144,0,1023,118,0,2026-08-17T03:27:04.460011+00:00,large,27.0,True,high,79256.08518557374,179,20,24265,627120,163.1898476971056,151,151,1.0,0.037228836862546695,134,5338,fp16,880104,70486,119,0.7628205128205128,21899,medium,1216326,27561,144,100,492,private_fragmented,3,5.684341886080802e-14,15.0,90.0,0.2980132450331126,16.384615384615383,2.807937221375616e-05,586.0919101010455,high,0,-28.971259047713872,0.05297265570256599,137086,580,30,168,0,268,0.1938082643562448,0.09588851669297824,0.11114344801866606,True,626,343480,10.519971949512374,0,v8-pilots-humanitarian-large-high-medium-high-small_world-private_fragmented-880104-l1_belief_drift-c1987b7c3312-fp16-frozen_local_rule,l1_belief_drift,157545.74599047736,105,0,647544,107924,0,1079240,323772,pilots,693,0,2026-08-17T03:26:52.153182+00:00,fb47c9f389325e3c725d1107ab240d29c96123a83c1bd128c5e4d840f6db2a72,12,small_world,137086,580,26981,0.9230769230769231,960,c1987b7c3312,1040,"{'initial_reference': 156, 'l1_belief_drift': 822, 'maximum_silence': 61, 'partition_recovery': 1}",3921.4371681367106,,,,,,,,
269,frozen_local_rule,442,52,0.4152421146684257,humanitarian,20438,120,145,0,702,120,0,2026-08-17T03:26:15.379140+00:00,large,52.0,True,high,80472.10576207093,178,20,16908,434280,164.6780054301316,151,151,1.0,0.03851334301189521,134,3530,fp16,880104,53964,119,0.7628205128205128,15303,medium,889452,19394,145,100,491,private_fragmented,3,5.684341886080802e-14,15.0,90.0,0.2980132450331126,21.072115384615383,2.6508709490447608e-05,620.8908879795226,high,0,-28.983097408190257,0.05441336978870283,136852,579,30,167,0,269,0.1938082643562448,0.09869021061624961,0.11447972933353483,True,625,242040,10.28006126833569,0,v8-pilots-humanitarian-large-high-medium-high-small_world-private_fragmented-880104-matched_random-38fb0a18a6da-fp16-frozen_local_rule,matched_random,158016.70520470137,107,0,451560,75260,0,752600,225780,pilots,684,0,2026-08-17T03:26:04.332616+00:00,fb47c9f389325e3c725d1107ab240d29c96123a83c1bd128c5e4d840f6db2a72,12,small_world,136852,579,18815,0.6307692307692307,656,38fb0a18a6da,1040,"{'initial_reference': 156, 'matched_random_selected': 174, 'matched_random_wait': 384, 'maximum_silence': 325, 'partition_recovery': 1}",3923.8472282734747,,,,,,,,
271,frozen_local_rule,443,52,0.4150617892613109,humanitarian,19004,119,146,0,663,119,0,2026-08-17T03:26:07.387556+00:00,large,27.0,True,high,80445.32142169857,178,20,15771,406400,164.3616261093166,151,151,1.0,0.03864162698930866,134,3233,fp16,880104,51395,119,0.7628205128205128,14282,medium,839202,18138,146,100,491,private_fragmented,3,3.552713678800501e-14,15.0,90.0,0.3973509933774834,21.548076923076923,2.7375848101409103e-05,620.3443704525088,high,0,-28.992640597087437,0.0546680473275778,136842,579,30,167,0,271,0.1938082643562448,0.09999074314540068,0.11609454455113023,True,626,224440,10.269127273329389,0,v8-pilots-humanitarian-large-high-medium-high-small_world-private_fragmented-880104-matched_random-51434b2214b6-fp16-frozen_local_rule,matched_random,158043.42574673513,106,0,421416,70236,0,702360,210708,pilots,683,0,2026-08-17T03:25:56.557739+00:00,fb47c9f389325e3c725d1107ab240d29c96123a83c1bd128c5e4d840f6db2a72,12,small_world,136842,579,17559,0.5884615384615385,612,51434b2214b6,1040,"{'initial_reference': 156, 'matched_random_selected': 82, 'matched_random_wait': 428, 'maximum_silence': 373, 'partition_recovery': 1}",3925.0511402258726,,,,,,,,
269,frozen_local_rule,442,52,0.4152421146684257,humanitarian,22187,119,146,0,745,119,0,2026-08-17T03:26:22.800147+00:00,large,52.0,True,high,80588.31885331101,178,20,18309,471960,164.6780054301316,151,151,1.0,0.0383822229988647,134,3878,fp16,880104,57114,119,0.7628205128205128,16568,medium,952565,20972,146,100,491,private_fragmented,3,5.684341886080802e-14,15.0,90.0,0.2980132450331126,20.91346153846154,2.6506241320294795e-05,601.7450795860962,high,0,-29.048092915944,0.05407809266769312,136845,579,30,167,0,269,0.1938082643562448,0.0979269326050416,0.11331901139745672,True,625,260400,10.28006126833569,0,v8-pilots-humanitarian-large-high-medium-high-small_world-private_fragmented-880104-matched_random-681a73b1e0f1-fp16-frozen_local_rule,matched_random,158129.43704039228,107,0,489432,81572,0,815720,244716,pilots,685,0,2026-08-17T03:26:11.477301+00:00,fb47c9f389325e3c725d1107ab240d29c96123a83c1bd128c5e4d840f6db2a72,12,small_world,136845,579,20393,0.6865384615384615,714,681a73b1e0f1,1040,"{'initial_reference': 156, 'matched_random_selected': 278, 'matched_random_wait': 326, 'maximum_silence': 279, 'partition_recovery': 1}",3952.687232451032,,,,,,,,
267,frozen_local_rule,443,52,0.41540634228026474,humanitarian,0,116,145,0,0,116,0,2026-08-17T03:25:43.987102+00:00,large,52.0,True,high,80968.54130297429,178,20,0,0,161.51628368368978,151,151,1.0,0.044910832717438634,134,0,fp16,880104,16605,120,0.7692307692307693,0,medium,136355,577,145,100,490,private_fragmented,3,5.3290705182007514e-14,0.0,0.0,0.0,0.0,0.0,603.7791161017169,high,0,-29.07386217543559,0.04798349583628891,136355,577,30,166,0,267,0.1938082643562448,0.07769981862189346,0.0905773560972229,True,625,0,10.776393616582668,0,v8-pilots-humanitarian-large-high-medium-high-small_world-private_fragmented-880104-none-806ed450405e-fp16-frozen_local_rule,none,158271.3325306148,103,0,0,0,0,0,0,pilots,0,0,2026-08-17T03:25:37.706053+00:00,fb47c9f389325e3c725d1107ab240d29c96123a83c1bd128c5e4d840f6db2a72,12,small_world,136355,577,0,0.0,0,806ed450405e,1040,{'disabled': 1040},3939.366073727203,,,,,,,,
268,frozen_local_rule,441,52,0.4158318598536647,humanitarian,13620,123,140,0,490,123,0,2026-08-17T03:26:05.352298+00:00,large,52.0,True,high,80289.67092460499,178,20,11839,297920,165.39550683765597,151,151,1.0,0.04102052981931055,134,1781,fp16,880104,42071,119,0.7628205128205128,10798,medium,663573,13752,140,100,491,private_fragmented,3,5.684341886080802e-14,45.0,90.0,0.8940397350993378,24.490384615384617,2.692953764909454e-05,619.4987489135161,high,0,-28.959051845042186,0.05834407309966871,136613,578,30,168,0,268,0.1938082643562448,0.10687572845795097,0.11844270211859867,True,625,175640,10.518724220581666,0,v8-pilots-humanitarian-large-high-medium-high-small_world-private_fragmented-880104-periodic-4caef583da51-fp16-frozen_local_rule,periodic,157891.8167469411,109,0,316176,52696,0,526960,158088,pilots,678,0,2026-08-17T03:25:55.395720+00:00,fb47c9f389325e3c725d1107ab240d29c96123a83c1bd128c5e4d840f6db2a72,12,small_world,136613,578,13174,0.4,416,4caef583da51,1040,"{'initial_reference': 156, 'maximum_silence': 259, 'partition_recovery': 1, 'periodic_wait': 624}",3922.6904382401403,,,,,,,,
271,frozen_local_rule,444,52,0.4151535820214643,humanitarian,17840,117,148,0,624,117,0,2026-08-17T03:25:48.150497+00:00,large,27.0,True,high,79841.2066140568,178,20,14816,381520,163.86102897210017,151,151,1.0,0.03865147970857667,134,3024,fp16,880104,49272,119,0.7628205128205128,13381,medium,794946,17035,148,100,490,private_fragmented,3,8.526512829121202e-14,15.0,90.0,0.3973509933774834,21.620192307692307,2.7327421067635377e-05,591.0862251330832,high,0,-29.01759309379384,0.05458792562185041,136666,578,30,166,0,271,0.1938082643562448,0.09976327929934153,0.11434506572442822,True,626,211120,10.102261560923914,0,v8-pilots-humanitarian-large-high-medium-high-small_world-private_fragmented-880104-periodic-52761a8cde7f-fp16-frozen_local_rule,periodic,157814.11555325057,105,0,394968,65828,0,658280,197484,pilots,684,0,2026-08-17T03:25:37.913156+00:00,fb47c9f389325e3c725d1107ab240d29c96123a83c1bd128c5e4d840f6db2a72,12,small_world,136666,578,16457,0.551923076923077,574,52761a8cde7f,1040,"{'initial_reference': 156, 'maximum_silence': 417, 'partition_recovery': 1, 'periodic_wait': 466}",3907.1977359721504,,,,,,,,
271,frozen_local_rule,444,52,0.4151535820214643,humanitarian,17840,117,148,0,624,117,0,2026-08-17T03:25:57.052788+00:00,large,27.0,True,high,79841.2066140568,178,20,14816,381520,163.86102897210017,151,151,1.0,0.03865147970857667,134,3024,fp16,880104,49272,119,0.7628205128205128,13381,medium,794946,17035,148,100,490,private_fragmented,3,8.526512829121202e-14,15.0,90.0,0.3973509933774834,21.620192307692307,2.7327421067635377e-05,591.0862251330832,high,0,-29.01759309379384,0.05458792562185041,136666,578,30,166,0,271,0.1938082643562448,0.09976327929934153,0.11434506572442822,True,626,211120,10.102261560923914,0,v8-pilots-humanitarian-large-high-medium-high-small_world-private_fragmented-880104-periodic-6ad813e35c14-fp16-frozen_local_rule,periodic,157814.11555325057,105,0,394968,65828,0,658280,197484,pilots,684,0,2026-08-17T03:25:46.507911+00:00,fb47c9f389325e3c725d1107ab240d29c96123a83c1bd128c5e4d840f6db2a72,12,small_world,136666,578,16457,0.551923076923077,574,6ad813e35c14,1040,"{'initial_reference': 156, 'maximum_silence': 417, 'partition_recovery': 1, 'periodic_wait': 466}",3907.1977359721504,,,,,,,,
268,frozen_local_rule,442,52,0.41588028515915937,humanitarian,22985,120,142,0,806,120,0,2026-08-17T03:26:47.410909+00:00,large,52.0,True,high,79679.24340878328,178,20,18956,487720,164.25120552220343,151,151,1.0,0.03752090020698826,134,4029,fp16,880104,58548,119,0.7628205128205128,17148,medium,980184,21672,142,100,490,private_fragmented,3,4.529709940470639e-14,15.0,90.0,0.2980132450331126,19.384615384615383,2.7334879609265304e-05,589.7968817067151,high,0,-28.984082073290786,0.05363444776861709,136384,577,30,168,0,268,0.1938082643562448,0.0977533314248072,0.11296137802174551,True,626,270520,10.518724220581666,0,v8-pilots-humanitarian-large-high-medium-high-small_world-private_fragmented-880104-predictive_uncertainty_change-71c476debc21-fp16-frozen_local_rule,predictive_uncertainty_change,157656.0136247205,107,0,506280,84380,0,843800,253140,pilots,689,0,2026-08-17T03:26:35.989062+00:00,fb47c9f389325e3c725d1107ab240d29c96123a83c1bd128c5e4d840f6db2a72,12,small_world,136384,577,21095,0.7096153846153846,738,71c476debc21,1040,"{'initial_reference': 156, 'maximum_silence': 256, 'partition_recovery': 1, 'predictive_uncertainty_change': 627}",3905.2644502433277,,,,,,,,
268,frozen_local_rule,442,52,0.41549773147604546,humanitarian,26251,118,143,0,915,118,0,2026-08-17T03:26:42.798264+00:00,large,52.0,True,high,79176.97357403123,179,20,21693,560520,162.89987212273638,151,151,1.0,0.03734944251720538,134,4558,fp16,880104,64561,119,0.7628205128205128,19595,medium,1101473,24689,143,100,492,private_fragmented,3,8.526512829121202e-14,15.0,90.0,0.2980132450331126,18.23076923076923,2.7822154172961174e-05,603.6253583937297,high,0,-28.92010339395382,0.05372672846560828,137113,580,30,168,0,268,0.1938082643562448,0.09640078663749942,0.11253778005248179,True,626,307200,10.337959968543023,0,v8-pilots-humanitarian-large-high-medium-high-small_world-private_fragmented-880104-predictive_uncertainty_change-725a913ab228-fp16-frozen_local_rule,predictive_uncertainty_change,157486.01245319197,104,0,578616,96436,0,964360,289308,pilots,691,0,2026-08-17T03:26:31.073940+00:00,fb47c9f389325e3c725d1107ab240d29c96123a83c1bd128c5e4d840f6db2a72,12,small_world,137113,580,24109,0.8125,845,725a913ab228,1040,"{'initial_reference': 156, 'maximum_silence': 162, 'partition_recovery': 1, 'predictive_uncertainty_change': 721}",3894.2487162649745,,,,,,,,
269,frozen_local_rule,442,52,0.4152876170433783,humanitarian,21568,118,145,0,744,118,0,2026-08-17T03:27:55.959419+00:00,large,52.0,True,high,79070.42005477246,179,20,17878,458600,162.90377297840413,151,151,1.0,0.03756758366835088,134,3690,fp16,880104,56059,119,0.7628205128205128,16216,medium,933890,20510,145,100,491,private_fragmented,3,1.9895196601282805e-13,15.0,90.0,0.2980132450331126,20.177884615384617,2.7051935130440675e-05,600.8907967765165,high,0,-28.761151655259734,0.054168415402639176,136610,578,30,168,0,269,0.1938082643562448,0.09869103761310725,0.11242135306376475,True,626,256520,10.65392626634014,0,v8-pilots-humanitarian-large-high-medium-high-small_world-private_fragmented-880104-tsallis_spectrum_change-1013b09ad56f-fp16-frozen_local_rule,tsallis_spectrum_change,156627.29209883904,105,0,478368,79728,0,797280,239184,pilots,689,0,2026-08-17T03:27:44.935651+00:00,fb47c9f389325e3c725d1107ab240d29c96123a83c1bd128c5e4d840f6db2a72,12,small_world,136610,578,19932,0.6644230769230769,691,1013b09ad56f,1040,"{'initial_reference': 156, 'maximum_silence': 294, 'partition_recovery': 1, 'tsallis_spectrum_change': 589}",3849.9646022510447,,,,,,,,
268,frozen_local_rule,442,52,0.41588028515915937,humanitarian,26041,119,143,0,907,119,0,2026-08-17T03:27:46.679430+00:00,large,52.0,True,high,79795.56094846755,179,20,21437,552640,164.25120552220343,151,151,1.0,0.03749800076491324,134,4604,fp16,880104,64093,119,0.7628205128205128,19384,medium,1091427,24443,143,100,492,private_fragmented,3,4.529709940470639e-14,15.0,90.0,0.2980132450331126,18.173076923076923,2.7344721192997114e-05,570.625180753478,high,0,-29.049107763454376,0.05326125068479142,136867,579,30,168,0,268,0.1938082643562448,0.09563829708394098,0.11120333205681947,True,626,304840,10.518724220581666,0,v8-pilots-humanitarian-large-high-medium-high-small_world-private_fragmented-880104-tsallis_spectrum_change-6f94beebed2c-fp16-frozen_local_rule,tsallis_spectrum_change,157768.5977905919,107,0,572736,95456,0,954560,286368,pilots,690,0,2026-08-17T03:27:34.673356+00:00,fb47c9f389325e3c725d1107ab240d29c96123a83c1bd128c5e4d840f6db2a72,12,small_world,136867,579,23864,0.8048076923076923,837,6f94beebed2c,1040,"{'initial_reference': 156, 'maximum_silence': 175, 'partition_recovery': 1, 'tsallis_spectrum_change': 708}",3934.0750009301078,,,,,,,,
268,frozen_local_rule,441,52,0.4154878258447511,humanitarian,26383,116,146,0,910,116,0,2026-08-17T03:27:25.175354+00:00,large,52.0,True,high,79984.21332654155,179,20,21688,559800,163.21113619597435,151,151,1.0,0.037165495253233975,134,4695,fp16,880104,64690,119,0.7628205128205128,19621,medium,1103461,24739,146,100,493,private_fragmented,3,1.2789769243681803e-13,15.0,90.0,0.2980132450331126,18.259615384615383,2.7402644671997063e-05,571.0459661614751,high,0,-29.069143114312336,0.05306193072364507,137101,580,30,169,0,268,0.1938082643562448,0.09533383266086692,0.11066453739759066,True,626,307720,10.346563048769935,0,v8-pilots-humanitarian-large-high-medium-high-small_world-private_fragmented-880104-v7_shannon_change-c35510bd725e-fp16-frozen_local_rule,v7_shannon_change,157892.96601764337,105,0,579816,96636,0,966360,289908,pilots,691,0,2026-08-17T03:27:13.429973+00:00,fb47c9f389325e3c725d1107ab240d29c96123a83c1bd128c5e4d840f6db2a72,12,small_world,137101,580,24159,0.8153846153846154,848,c35510bd725e,1040,"{'initial_reference': 156, 'maximum_silence': 170, 'partition_recovery': 1, 'v7_shannon_change': 713}",3936.254086700975,,,,,,,,
268,frozen_local_rule,442,52,0.4154878258447511,humanitarian,22631,116,146,0,765,116,0,2026-08-17T03:27:25.584678+00:00,large,52.0,True,high,79984.21332654155,179,20,18694,480280,163.21113619597435,151,151,1.0,0.037576239987631974,134,3937,fp16,880104,57936,119,0.7628205128205128,16948,medium,970421,21423,146,100,491,private_fragmented,3,1.2789769243681803e-13,15.0,90.0,0.2980132450331126,20.01923076923077,2.733888543617638e-05,571.0459661614751,high,0,-29.072072727009527,0.05389025506423118,136621,578,30,168,0,268,0.1938082643562448,0.0977533314248072,0.11109511654635502,True,626,267480,10.346563048769935,0,v8-pilots-humanitarian-large-high-medium-high-small_world-private_fragmented-880104-v7_shannon_change-c5a26765fa92-fp16-frozen_local_rule,v7_shannon_change,157892.96601764337,105,0,500280,83380,0,833800,250140,pilots,688,0,2026-08-17T03:27:14.477917+00:00,fb47c9f389325e3c725d1107ab240d29c96123a83c1bd128c5e4d840f6db2a72,12,small_world,136621,578,20845,0.6990384615384615,727,c5a26765fa92,1040,"{'initial_reference': 156, 'maximum_silence': 261, 'partition_recovery': 1, 'v7_shannon_change': 622}",3936.254086700975,,,,,,,,
124,frozen_local_rule,163,28,0.4578212962304784,humanitarian,3251,53,69,0,301,53,0,2026-08-17T03:24:18.031759+00:00,medium,31.0,True,high,15891.377120390482,72,15,2746,75840,90.65358823946306,78,78,1.0,0.037840397545788135,114,505,fp16,880102,13418,81,0.9642857142857143,2250,high,221358,3493,69,60,419,private_fragmented,3,2.7711166694643907e-13,0.0,48.0,0.0,12.161904761904761,3.837439520944743e-05,190.22481321590453,high,0,-17.245623842590817,0.050574956664721275,98398,419,16,77,0,124,0.17408359803158183,0.0802064925529652,0.09396442476201602,True,253,34000,6.9429897621315995,0,v8-pilots-humanitarian-medium-high-high-high-modular-private_fragmented-880102-age_of_information-e1d6ce4d93c3-fp16-frozen_local_rule,age_of_information,30933.24735740975,56,0,73776,12296,0,122960,36888,pilots,137,0,2026-08-17T03:24:14.507516+00:00,c6f3441f3c07f3db48bf8fa6d06368bf3ea61c485124cc103649702901859575,22,modular,98398,419,3074,0.6,252,e1d6ce4d93c3,420,"{'age_deadline': 168, 'initial_reference': 84, 'maximum_silence': 164, 'partition_recovery': 4}",1468.9692471010808,,,,,,,,
124,frozen_local_rule,163,28,0.4578212962304784,humanitarian,2292,53,69,0,236,53,0,2026-08-17T03:24:20.918414+00:00,medium,23.0,True,high,15891.377120390482,72,15,2038,55280,90.65358823946306,78,78,1.0,0.038621510358661626,114,254,fp16,880102,11751,81,0.9642857142857143,1692,high,190086,2711,69,60,419,private_fragmented,3,2.7711166694643907e-13,0.0,52.0,0.0,11.371428571428572,3.80596706653041e-05,190.22481321590453,high,0,-17.245623842590817,0.0526305131172406,98406,419,16,76,0,124,0.17408359803158183,0.08143568701774953,0.09684418353227356,True,252,26240,6.9429897621315995,0,v8-pilots-humanitarian-medium-high-high-high-modular-private_fragmented-880102-age_of_information-e27491322545-fp16-frozen_local_rule,age_of_information,30933.24735740975,56,0,55008,9168,0,91680,27504,pilots,120,0,2026-08-17T03:24:17.633158+00:00,c6f3441f3c07f3db48bf8fa6d06368bf3ea61c485124cc103649702901859575,22,modular,98406,419,2292,0.4,168,e27491322545,420,"{'age_deadline': 252, 'initial_reference': 84, 'maximum_silence': 80, 'partition_recovery': 4}",1468.9692471010808,,,,,,,,
124,frozen_local_rule,163,28,0.4578212962304784,humanitarian,5217,53,69,0,459,53,0,2026-08-17T03:23:54.293022+00:00,medium,23.0,True,high,15891.377120390482,72,15,4204,118120,90.65358823946306,78,78,1.0,0.03733976007488813,114,1013,fp16,880102,16842,81,0.9642857142857143,3406,high,287023,5135,69,60,419,private_fragmented,3,2.7711166694643907e-13,0.0,48.0,0.0,9.6,4.0597166592045075e-05,190.22481321590453,high,0,-17.245623842590817,0.05062502835972456,98383,419,16,77,0,124,0.17408359803158183,0.08056534217637873,0.09424465171033042,True,253,50040,6.9429897621315995,0,v8-pilots-humanitarian-medium-high-high-high-modular-private_fragmented-880102-always_on-f06f6808d09b-fp16-frozen_local_rule,always_on,30933.24735740975,56,0,113184,18864,0,188640,56592,pilots,88,0,2026-08-17T03:23:50.480036+00:00,c6f3441f3c07f3db48bf8fa6d06368bf3ea61c485124cc103649702901859575,22,modular,98383,419,4716,1.0,420,f06f6808d09b,420,"{'always_on': 336, 'initial_reference': 84}",1468.9692471010808,,,,,,,,
124,frozen_local_rule,163,28,0.4578212962304784,humanitarian,4496,53,69,0,402,53,0,2026-08-17T03:24:33.579832+00:00,medium,23.0,True,high,15891.377120390482,72,15,3649,102280,90.65358823946306,78,78,1.0,0.03739475479797837,114,847,fp16,880102,15566,81,0.9642857142857143,2959,high,262161,4513,69,60,419,private_fragmented,3,2.7711166694643907e-13,0.0,48.0,0.0,10.485714285714286,4.142449761875697e-05,190.22481321590453,high,0,-17.245623842590817,0.050996972760558194,98401,419,16,77,0,124,0.17408359803158183,0.08056534217637873,0.09424465171033042,True,253,43680,6.9429897621315995,0,v8-pilots-humanitarian-medium-high-high-high-modular-private_fragmented-880102-generalized_information-089fa0c17476-fp16-frozen_local_rule,generalized_information,30933.24735740975,56,0,98256,16376,0,163760,49128,pilots,103,0,2026-08-17T03:24:29.897448+00:00,c6f3441f3c07f3db48bf8fa6d06368bf3ea61c485124cc103649702901859575,22,modular,98401,419,4094,0.8690476190476191,365,089fa0c17476,420,"{'below_threshold': 55, 'generalized_information_on': 269, 'initial_reference': 84, 'maximum_silence': 8, 'partition_recovery': 4}",1468.9692471010808,,,,,,,,
124,frozen_local_rule,163,28,0.4578212962304784,humanitarian,2985,53,69,0,269,53,0,2026-08-17T03:24:34.458725+00:00,medium,23.0,True,high,15891.377120390482,72,15,2462,69640,90.65358823946306,78,78,1.0,0.038063210064115956,114,523,fp16,880102,12868,81,0.9642857142857143,2011,high,209188,3189,69,60,419,private_fragmented,3,2.7711166694643907e-13,0.0,52.0,0.0,12.114285714285714,4.0801179324609006e-05,190.22481321590453,high,0,-17.245623842590817,0.051357111431260434,98388,419,16,77,0,124,0.17408359803158183,0.0814200139356576,0.09688525421786208,True,253,28840,6.9429897621315995,0,v8-pilots-humanitarian-medium-high-high-high-modular-private_fragmented-880102-generalized_information-16bfadb86d55-fp16-frozen_local_rule,generalized_information,30933.24735740975,56,0,66480,11080,0,110800,33240,pilots,130,0,2026-08-17T03:24:31.008070+00:00,c6f3441f3c07f3db48bf8fa6d06368bf3ea61c485124cc103649702901859575,22,modular,98388,419,2770,0.5738095238095238,241,16bfadb86d55,420,"{'below_threshold': 179, 'generalized_information_on': 138, 'initial_reference': 84, 'maximum_silence': 15, 'partition_recovery': 4}",1468.9692471010808,,,,,,,,
124,frozen_local_rule,163,28,0.4578212962304784,humanitarian,2504,53,69,0,248,53,0,2026-08-17T03:24:28.112956+00:00,medium,23.0,True,high,15891.377120390482,72,15,2145,58480,90.65358823946306,78,78,1.0,0.03829308211004317,114,359,fp16,880102,12070,81,0.9642857142857143,1753,high,194317,2817,69,60,419,private_fragmented,3,2.7711166694643907e-13,0.0,52.0,0.0,12.333333333333334,3.947220006285846e-05,190.22481321590453,high,0,-17.245623842590817,0.05217424285561355,98397,419,16,77,0,124,0.17408359803158183,0.08139289351448369,0.09457283976685076,True,253,27320,6.9429897621315995,0,v8-pilots-humanitarian-medium-high-high-high-modular-private_fragmented-880102-js_drift-565d3b5e7ead-fp16-frozen_local_rule,js_drift,30933.24735740975,56,0,57552,9592,0,95920,28776,pilots,132,0,2026-08-17T03:24:24.774314+00:00,c6f3441f3c07f3db48bf8fa6d06368bf3ea61c485124cc103649702901859575,22,modular,98397,419,2398,0.45,189,565d3b5e7ead,420,"{'initial_reference': 84, 'js_drift': 266, 'maximum_silence': 66, 'partition_recovery': 4}",1468.9692471010808,,,,,,,,
124,frozen_local_rule,163,28,0.4578212962304784,humanitarian,3207,53,69,0,279,53,0,2026-08-17T03:24:26.094273+00:00,medium,31.0,True,high,15891.377120390482,72,15,2588,72720,90.65358823946306,78,78,1.0,0.037933717315435204,114,619,fp16,880102,13216,81,0.9642857142857143,2096,high,214772,3328,69,60,419,private_fragmented,3,2.7711166694643907e-13,0.0,52.0,0.0,12.457142857142857,4.1257243171146734e-05,190.22481321590453,high,0,-17.245623842590817,0.05139151683884267,98412,419,16,77,0,124,0.17408359803158183,0.0814200139356576,0.09416724656754724,True,253,30800,6.9429897621315995,0,v8-pilots-humanitarian-medium-high-high-high-modular-private_fragmented-880102-js_drift-ffac7588a645-fp16-frozen_local_rule,js_drift,30933.24735740975,56,0,69816,11636,0,116360,34908,pilots,129,0,2026-08-17T03:24:22.622058+00:00,c6f3441f3c07f3db48bf8fa6d06368bf3ea61c485124cc103649702901859575,22,modular,98412,419,2909,0.6261904761904762,263,ffac7588a645,420,"{'initial_reference': 84, 'js_drift': 296, 'maximum_silence': 36, 'partition_recovery': 4}",1468.9692471010808,,,,,,,,
124,frozen_local_rule,163,28,0.4578212962304784,humanitarian,3741,53,69,0,323,53,0,2026-08-17T03:24:09.433548+00:00,medium,23.0,True,high,15891.377120390482,72,15,3038,85520,90.65358823946306,78,78,1.0,0.03743017273863929,114,703,fp16,880102,14200,81,0.9642857142857143,2466,high,234991,3834,69,60,419,private_fragmented,3,2.7711166694643907e-13,0.0,52.0,0.0,11.2,4.109006745445237e-05,190.22481321590453,high,0,-17.245623842590817,0.05110829410608918,98391,419,16,77,0,124,0.17408359803158183,0.0814200139356576,0.09452429778388637,True,253,36000,6.9429897621315995,0,v8-pilots-humanitarian-medium-high-high-high-modular-private_fragmented-880102-kpi_change-314c8c128df2-fp16-frozen_local_rule,kpi_change,30933.24735740975,56,0,81960,13660,0,136600,40980,pilots,117,0,2026-08-17T03:24:05.900113+00:00,c6f3441f3c07f3db48bf8fa6d06368bf3ea61c485124cc103649702901859575,22,modular,98391,419,3415,0.719047619047619,302,314c8c128df2,420,"{'initial_reference': 84, 'kpi_change': 309, 'maximum_silence': 23, 'partition_recovery': 4}",1468.9692471010808,,,,,,,,
124,frozen_local_rule,163,28,0.4578212962304784,humanitarian,4296,53,69,0,378,53,0,2026-08-17T03:24:06.740236+00:00,medium,31.0,True,high,15891.377120390482,72,15,3491,98400,90.65358823946306,78,78,1.0,0.03730889988248578,114,805,fp16,880102,15208,81,0.9642857142857143,2832,high,255059,4336,69,60,419,private_fragmented,3,2.7711166694643907e-13,0.0,52.0,0.0,10.657142857142857,4.013131746436195e-05,190.22481321590453,high,0,-17.245623842590817,0.05088788837609995,98379,419,16,77,0,124,0.17408359803158183,0.0814200139356576,0.09457283976685076,True,253,41240,6.9429897621315995,0,v8-pilots-humanitarian-medium-high-high-high-modular-private_fragmented-880102-kpi_change-d83b95b9a33f-fp16-frozen_local_rule,kpi_change,30933.24735740975,56,0,94008,15668,0,156680,47004,pilots,108,0,2026-08-17T03:24:03.031457+00:00,c6f3441f3c07f3db48bf8fa6d06368bf3ea61c485124cc103649702901859575,22,modular,98379,419,3917,0.8238095238095238,346,d83b95b9a33f,420,"{'initial_reference': 84, 'kpi_change': 317, 'maximum_silence': 15, 'partition_recovery': 4}",1468.9692471010808,,,,,,,,
124,frozen_local_rule,163,28,0.4578212962304784,humanitarian,5217,53,69,0,459,53,0,2026-08-17T03:24:15.194452+00:00,medium,23.0,True,high,15891.377120390482,72,15,4204,118120,90.65358823946306,78,78,1.0,0.03733976007488813,114,1013,fp16,880102,16842,81,0.9642857142857143,3406,high,287023,5135,69,60,419,private_fragmented,3,2.7711166694643907e-13,0.0,48.0,0.0,9.6,4.0597166592045075e-05,190.22481321590453,high,0,-17.245623842590817,0.05062502835972456,98383,419,16,77,0,124,0.17408359803158183,0.08056534217637873,0.09424465171033042,True,253,50040,6.9429897621315995,0,v8-pilots-humanitarian-medium-high-high-high-modular-private_fragmented-880102-l1_belief_drift-a4111e560261-fp16-frozen_local_rule,l1_belief_drift,30933.24735740975,56,0,113184,18864,0,188640,56592,pilots,88,0,2026-08-17T03:24:11.459360+00:00,c6f3441f3c07f3db48bf8fa6d06368bf3ea61c485124cc103649702901859575,22,modular,98383,419,4716,1.0,420,a4111e560261,420,"{'initial_reference': 84, 'l1_belief_drift': 324, 'maximum_silence': 8, 'partition_recovery': 4}",1468.9692471010808,,,,,,,,
124,frozen_local_rule,163,28,0.4578212962304784,humanitarian,4954,53,69,0,438,53,0,2026-08-17T03:24:16.801436+00:00,medium,23.0,True,high,15891.377120390482,72,15,3992,112240,90.65358823946306,78,78,1.0,0.03739297113757438,114,962,fp16,880102,16367,81,0.9642857142857143,3232,high,277497,4897,69,60,419,private_fragmented,3,2.7711166694643907e-13,0.0,52.0,0.0,10.076190476190476,4.132871633774274e-05,190.22481321590453,high,0,-17.245623842590817,0.050846991420459724,98377,419,16,77,0,124,0.17408359803158183,0.08056534217637873,0.09424465171033042,True,253,47440,6.9429897621315995,0,v8-pilots-humanitarian-medium-high-high-high-modular-private_fragmented-880102-l1_belief_drift-c1987b7c3312-fp16-frozen_local_rule,l1_belief_drift,30933.24735740975,56,0,107472,17912,0,179120,53736,pilots,96,0,2026-08-17T03:24:13.045350+00:00,c6f3441f3c07f3db48bf8fa6d06368bf3ea61c485124cc103649702901859575,22,modular,98377,419,4478,0.9523809523809523,400,c1987b7c3312,420,"{'initial_reference': 84, 'l1_belief_drift': 324, 'maximum_silence': 8, 'partition_recovery': 4}",1468.9692471010808,,,,,,,,
124,frozen_local_rule,163,28,0.4578212962304784,humanitarian,2907,53,69,0,273,53,0,2026-08-17T03:24:04.031919+00:00,medium,31.0,True,high,15891.377120390482,72,15,2452,67280,90.65358823946306,78,78,1.0,0.038295255931279006,114,455,fp16,880102,12780,81,0.9642857142857143,2004,high,208226,3165,69,60,419,private_fragmented,3,2.7711166694643907e-13,0.0,52.0,0.0,12.904761904761905,3.986124694641713e-05,190.22481321590453,high,0,-17.245623842590817,0.05187061197122264,98386,419,16,77,0,124,0.17408359803158183,0.08140406450060333,0.09387642998502999,True,253,30800,6.9429897621315995,0,v8-pilots-humanitarian-medium-high-high-high-modular-private_fragmented-880102-matched_random-38fb0a18a6da-fp16-frozen_local_rule,matched_random,30933.24735740975,56,0,65904,10984,0,109840,32952,pilots,139,0,2026-08-17T03:24:00.615865+00:00,c6f3441f3c07f3db48bf8fa6d06368bf3ea61c485124cc103649702901859575,22,modular,98386,419,2746,0.5285714285714286,222,38fb0a18a6da,420,"{'initial_reference': 84, 'matched_random_selected': 80, 'matched_random_wait': 198, 'maximum_silence': 54, 'partition_recovery': 4}",1468.9692471010808,,,,,,,,
124,frozen_local_rule,163,28,0.4578212962304784,humanitarian,2532,53,69,0,245,53,0,2026-08-17T03:24:01.227865+00:00,medium,31.0,True,high,15891.377120390482,72,15,2181,59440,90.65358823946306,78,78,1.0,0.038674359179763494,114,351,fp16,880102,12134,81,0.9642857142857143,1794,high,196407,2869,69,60,419,private_fragmented,3,2.7711166694643907e-13,0.0,52.0,0.0,12.085714285714285,3.952462212139314e-05,190.22481321590453,high,0,-17.245623842590817,0.05222003476604582,98407,419,16,76,0,124,0.17408359803158183,0.08140406450060333,0.09387642998502999,True,252,27800,6.9429897621315995,0,v8-pilots-humanitarian-medium-high-high-high-modular-private_fragmented-880102-matched_random-51434b2214b6-fp16-frozen_local_rule,matched_random,30933.24735740975,56,0,58800,9800,0,98000,29400,pilots,129,0,2026-08-17T03:23:57.858019+00:00,c6f3441f3c07f3db48bf8fa6d06368bf3ea61c485124cc103649702901859575,22,modular,98407,419,2450,0.45714285714285713,192,51434b2214b6,420,"{'initial_reference': 84, 'matched_random_selected': 32, 'matched_random_wait': 228, 'maximum_silence': 72, 'partition_recovery': 4}",1468.9692471010808,,,,,,,,
124,frozen_local_rule,163,28,0.4578212962304784,humanitarian,3447,53,69,0,321,53,0,2026-08-17T03:24:05.305028+00:00,medium,23.0,True,high,15891.377120390482,72,15,2874,79200,90.65358823946306,78,78,1.0,0.03797811974991429,114,573,fp16,880102,13742,81,0.9642857142857143,2348,high,227465,3646,69,60,419,private_fragmented,3,2.7711166694643907e-13,0.0,52.0,0.0,12.285714285714286,4.0767281128487275e-05,190.22481321590453,high,0,-17.245623842590817,0.05124438816797379,98385,419,16,77,0,124,0.17408359803158183,0.08140406450060333,0.09387642998502999,True,253,35760,6.9429897621315995,0,v8-pilots-humanitarian-medium-high-high-high-modular-private_fragmented-880102-matched_random-681a73b1e0f1-fp16-frozen_local_rule,matched_random,30933.24735740975,56,0,77448,12908,0,129080,38724,pilots,130,0,2026-08-17T03:24:01.794329+00:00,c6f3441f3c07f3db48bf8fa6d06368bf3ea61c485124cc103649702901859575,22,modular,98385,419,3227,0.6261904761904762,263,681a73b1e0f1,420,"{'initial_reference': 84, 'matched_random_selected': 138, 'matched_random_wait': 157, 'maximum_silence': 37, 'partition_recovery': 4}",1468.9692471010808,,,,,,,,
125,frozen_local_rule,165,28,0.4564331462619289,humanitarian,0,52,71,0,0,52,0,2026-08-17T03:23:54.517556+00:00,medium,31.0,True,high,15661.071963762755,72,15,0,0,90.87880841259931,78,78,1.0,0.04712091491075561,114,0,fp16,880102,7423,81,0.9642857142857143,0,high,98385,419,71,60,419,private_fragmented,3,1.6342482922482304e-13,0.0,0.0,0.0,0.0,0.0,188.33155678911407,high,0,-17.107238771033046,0.05164838536634152,98385,419,16,77,0,125,0.17408359803158183,0.07698015431819599,0.09069834678675032,True,255,0,6.9429897621315995,0,v8-pilots-humanitarian-medium-high-high-high-modular-private_fragmented-880102-none-806ed450405e-fp16-frozen_local_rule,none,30657.718804461045,55,0,0,0,0,0,0,pilots,0,0,2026-08-17T03:23:51.986858+00:00,c6f3441f3c07f3db48bf8fa6d06368bf3ea61c485124cc103649702901859575,22,modular,98385,419,0,0.0,0,806ed450405e,420,{'disabled': 420},1454.8623806747655,,,,,,,,
124,frozen_local_rule,163,28,0.4578212962304784,humanitarian,2296,53,69,0,230,53,0,2026-08-17T03:24:00.049147+00:00,medium,31.0,True,high,15891.377120390482,72,15,2046,55440,90.65358823946306,78,78,1.0,0.04100810997411168,114,250,fp16,880102,11763,81,0.9642857142857143,1696,high,190246,2715,69,60,419,private_fragmented,3,2.7711166694643907e-13,0.0,52.0,0.0,14.742857142857142,3.760096243876383e-05,190.22481321590453,high,0,-17.245623842590817,0.055637927215873614,98406,419,16,77,0,124,0.17408359803158183,0.08450789545567493,0.10150697267929293,True,253,26400,6.9429897621315995,0,v8-pilots-humanitarian-medium-high-high-high-modular-private_fragmented-880102-periodic-4caef583da51-fp16-frozen_local_rule,periodic,30933.24735740975,56,0,55104,9184,0,91840,27552,pilots,158,0,2026-08-17T03:23:56.792483+00:00,c6f3441f3c07f3db48bf8fa6d06368bf3ea61c485124cc103649702901859575,22,modular,98406,419,2296,0.4,168,4caef583da51,420,"{'initial_reference': 84, 'maximum_silence': 80, 'partition_recovery': 4, 'periodic_wait': 252}",1468.9692471010808,,,,,,,,
124,frozen_local_rule,163,28,0.4578212962304784,humanitarian,3251,53,69,0,301,53,0,2026-08-17T03:23:55.863971+00:00,medium,31.0,True,high,15891.377120390482,72,15,2746,75840,90.65358823946306,78,78,1.0,0.03853306415639813,114,505,fp16,880102,13418,81,0.9642857142857143,2250,high,221358,3493,69,60,419,private_fragmented,3,2.7711166694643907e-13,0.0,48.0,0.0,12.161904761904761,3.837439520944743e-05,190.22481321590453,high,0,-17.245623842590817,0.05200863673758372,98398,419,16,77,0,124,0.17408359803158183,0.08171929198856999,0.0968775937916488,True,253,34000,6.9429897621315995,0,v8-pilots-humanitarian-medium-high-high-high-modular-private_fragmented-880102-periodic-52761a8cde7f-fp16-frozen_local_rule,periodic,30933.24735740975,56,0,73776,12296,0,122960,36888,pilots,137,0,2026-08-17T03:23:52.316571+00:00,c6f3441f3c07f3db48bf8fa6d06368bf3ea61c485124cc103649702901859575,22,modular,98398,419,3074,0.6,252,52761a8cde7f,420,"{'initial_reference': 84, 'maximum_silence': 8, 'partition_recovery': 4, 'periodic_due': 156, 'periodic_wait': 168}",1468.9692471010808,,,,,,,,
124,frozen_local_rule,163,28,0.4578212962304784,humanitarian,2292,53,69,0,236,53,0,2026-08-17T03:23:58.906135+00:00,medium,23.0,True,high,15891.377120390482,72,15,2038,55280,90.65358823946306,78,78,1.0,0.038621510358661626,114,254,fp16,880102,11751,81,0.9642857142857143,1692,high,190086,2711,69,60,419,private_fragmented,3,2.7711166694643907e-13,0.0,52.0,0.0,11.371428571428572,3.80596706653041e-05,190.22481321590453,high,0,-17.245623842590817,0.0526305131172406,98406,419,16,76,0,124,0.17408359803158183,0.08143568701774953,0.09684418353227356,True,252,26240,6.9429897621315995,0,v8-pilots-humanitarian-medium-high-high-high-modular-private_fragmented-880102-periodic-6ad813e35c14-fp16-frozen_local_rule,periodic,30933.24735740975,56,0,55008,9168,0,91680,27504,pilots,120,0,2026-08-17T03:23:55.573949+00:00,c6f3441f3c07f3db48bf8fa6d06368bf3ea61c485124cc103649702901859575,22,modular,98406,419,2292,0.4,168,6ad813e35c14,420,"{'initial_reference': 84, 'maximum_silence': 80, 'partition_recovery': 4, 'periodic_wait': 252}",1468.9692471010808,,,,,,,,
124,frozen_local_rule,163,28,0.4578212962304784,humanitarian,3285,53,69,0,322,53,0,2026-08-17T03:24:12.549983+00:00,medium,23.0,True,high,15891.377120390482,72,15,2748,76400,90.65358823946306,78,78,1.0,0.03790359741032954,114,537,fp16,880102,13454,81,0.9642857142857143,2244,high,221717,3502,69,60,419,private_fragmented,3,2.7711166694643907e-13,0.0,52.0,0.0,11.542857142857143,4.042413185906698e-05,190.22481321590453,high,0,-17.245623842590817,0.05145693142973391,98397,419,16,77,0,124,0.17408359803158183,0.08056534217637873,0.09424465171033042,True,253,33520,6.9429897621315995,0,v8-pilots-humanitarian-medium-high-high-high-modular-private_fragmented-880102-predictive_uncertainty_change-71c476debc21-fp16-frozen_local_rule,predictive_uncertainty_change,30933.24735740975,56,0,73992,12332,0,123320,36996,pilots,119,0,2026-08-17T03:24:09.041547+00:00,c6f3441f3c07f3db48bf8fa6d06368bf3ea61c485124cc103649702901859575,22,modular,98397,419,3083,0.611904761904762,257,71c476debc21,420,"{'initial_reference': 84, 'maximum_silence': 49, 'partition_recovery': 4, 'predictive_uncertainty_change': 283}",1468.9692471010808,,,,,,,,
124,frozen_local_rule,163,28,0.4578212962304784,humanitarian,3927,53,69,0,373,53,0,2026-08-17T03:24:10.912704+00:00,medium,23.0,True,high,15891.377120390482,72,15,3188,89320,90.65358823946306,78,78,1.0,0.0376944590087254,114,739,fp16,880102,14536,81,0.9642857142857143,2596,high,241959,4008,69,60,419,private_fragmented,3,2.7711166694643907e-13,0.0,48.0,0.0,11.19047619047619,4.152738693119364e-05,190.22481321590453,high,0,-17.245623842590817,0.05110295785057451,98399,419,16,77,0,124,0.17408359803158183,0.08056534217637873,0.09424465171033042,True,253,38200,6.9429897621315995,0,v8-pilots-humanitarian-medium-high-high-high-modular-private_fragmented-880102-predictive_uncertainty_change-725a913ab228-fp16-frozen_local_rule,predictive_uncertainty_change,30933.24735740975,56,0,86136,14356,0,143560,43068,pilots,114,0,2026-08-17T03:24:07.328358+00:00,c6f3441f3c07f3db48bf8fa6d06368bf3ea61c485124cc103649702901859575,22,modular,98399,419,3589,0.7571428571428571,318,725a913ab228,420,"{'initial_reference': 84, 'maximum_silence': 21, 'partition_recovery': 4, 'predictive_uncertainty_change': 311}",1468.9692471010808,,,,,,,,
124,frozen_local_rule,163,28,0.4578212962304784,humanitarian,2901,53,69,0,289,53,0,2026-08-17T03:24:31.367107+00:00,medium,23.0,True,high,15891.377120390482,72,15,2468,67920,90.65358823946306,78,78,1.0,0.03797495793662353,114,433,fp16,880102,12790,81,0.9642857142857143,2015,high,208746,3178,69,60,419,private_fragmented,3,2.7711166694643907e-13,0.0,52.0,0.0,12.152380952380952,4.094715970183881e-05,190.22481321590453,high,0,-17.245623842590817,0.051866556337979215,98386,419,16,76,0,124,0.17408359803158183,0.08056534217637873,0.09387642998502999,True,252,30800,6.9429897621315995,0,v8-pilots-humanitarian-medium-high-high-high-modular-private_fragmented-880102-tsallis_spectrum_change-1013b09ad56f-fp16-frozen_local_rule,tsallis_spectrum_change,30933.24735740975,56,0,66216,11036,0,110360,33108,pilots,131,0,2026-08-17T03:24:27.988964+00:00,c6f3441f3c07f3db48bf8fa6d06368bf3ea61c485124cc103649702901859575,22,modular,98386,419,2759,0.5380952380952381,226,1013b09ad56f,420,"{'initial_reference': 84, 'maximum_silence': 65, 'partition_recovery': 4, 'tsallis_spectrum_change': 267}",1468.9692471010808,,,,,,,,
124,frozen_local_rule,163,28,0.4578212962304784,humanitarian,3508,53,69,0,331,53,0,2026-08-17T03:24:28.980788+00:00,medium,23.0,True,high,15891.377120390482,72,15,2904,81360,90.65358823946306,78,78,1.0,0.03747746056482515,114,604,fp16,880102,13833,81,0.9642857142857143,2369,high,228522,3672,69,60,419,private_fragmented,3,2.7711166694643907e-13,0.0,52.0,0.0,11.666666666666666,4.108468745501977e-05,190.22481321590453,high,0,-17.245623842590817,0.05145757111721798,98402,419,16,77,0,124,0.17408359803158183,0.08056534217637873,0.0943220322301361,True,253,34800,6.9429897621315995,0,v8-pilots-humanitarian-medium-high-high-high-modular-private_fragmented-880102-tsallis_spectrum_change-6f94beebed2c-fp16-frozen_local_rule,tsallis_spectrum_change,30933.24735740975,56,0,78072,13012,0,130120,39036,pilots,121,0,2026-08-17T03:24:25.417079+00:00,c6f3441f3c07f3db48bf8fa6d06368bf3ea61c485124cc103649702901859575,22,modular,98402,419,3253,0.6738095238095239,283,6f94beebed2c,420,"{'initial_reference': 84, 'maximum_silence': 37, 'partition_recovery': 4, 'tsallis_spectrum_change': 295}",1468.9692471010808,,,,,,,,
124,frozen_local_rule,163,28,0.4578212962304784,humanitarian,3654,53,69,0,344,53,0,2026-08-17T03:24:22.719365+00:00,medium,23.0,True,high,15891.377120390482,72,15,2982,83880,90.65358823946306,78,78,1.0,0.03777560737237325,114,672,fp16,880102,14057,81,0.9642857142857143,2427,high,232485,3771,69,60,419,private_fragmented,3,2.7711166694643907e-13,0.0,52.0,0.0,11.638095238095238,4.0994131799082466e-05,190.22481321590453,high,0,-17.245623842590817,0.05145239207281828,98405,419,16,77,0,124,0.17408359803158183,0.08056534217637873,0.0943220322301361,True,253,35400,6.9429897621315995,0,v8-pilots-humanitarian-medium-high-high-high-modular-private_fragmented-880102-v7_shannon_change-c35510bd725e-fp16-frozen_local_rule,v7_shannon_change,30933.24735740975,56,0,80448,13408,0,134080,40224,pilots,119,0,2026-08-17T03:24:19.173423+00:00,c6f3441f3c07f3db48bf8fa6d06368bf3ea61c485124cc103649702901859575,22,modular,98405,419,3352,0.7047619047619048,296,c35510bd725e,420,"{'initial_reference': 84, 'maximum_silence': 28, 'partition_recovery': 4, 'v7_shannon_change': 304}",1468.9692471010808,,,,,,,,
124,frozen_local_rule,163,28,0.4578212962304784,humanitarian,2999,53,69,0,297,53,0,2026-08-17T03:24:23.507991+00:00,medium,23.0,True,high,15891.377120390482,72,15,2504,69720,90.65358823946306,78,78,1.0,0.0378590208217192,114,495,fp16,880102,12924,81,0.9642857142857143,2046,high,210824,3230,69,60,419,private_fragmented,3,2.7711166694643907e-13,0.0,52.0,0.0,11.866666666666667,4.099841209910502e-05,190.22481321590453,high,0,-17.245623842590817,0.051792820469770844,98384,419,16,77,0,124,0.17408359803158183,0.08056534217637873,0.09387642998502999,True,253,30440,6.9429897621315995,0,v8-pilots-humanitarian-medium-high-high-high-modular-private_fragmented-880102-v7_shannon_change-c5a26765fa92-fp16-frozen_local_rule,v7_shannon_change,30933.24735740975,56,0,67464,11244,0,112440,33732,pilots,127,0,2026-08-17T03:24:19.992774+00:00,c6f3441f3c07f3db48bf8fa6d06368bf3ea61c485124cc103649702901859575,22,modular,98384,419,2811,0.569047619047619,239,c5a26765fa92,420,"{'initial_reference': 84, 'maximum_silence': 52, 'partition_recovery': 4, 'v7_shannon_change': 280}",1468.9692471010808,,,,,,,,
122,frozen_local_rule,174,28,0.4518512082877736,humanitarian,7424,37,81,0,862,37,0,2026-08-17T03:25:11.305549+00:00,medium,7.0,True,medium,12242.008989554553,297,15,6531,107760,91.67651636617994,84,84,1.0,0.034115234687729944,58,893,fp16,880103,21403,79,0.9404761904761905,5889,high,386098,7617,81,60,418,private_fragmented,3,2.4868995751603507e-14,0.0,48.0,0.0,14.495238095238095,2.7097912370315455e-05,68.49151897809615,medium,0,-14.457422824216094,0.05353802986590283,98138,418,16,83,0,122,0.12538393352741425,0.07901666793055873,0.09283327232284806,True,274,153480,1.5,0,v8-pilots-humanitarian-medium-medium-high-medium-random_geometric-private_fragmented-880103-age_of_information-e1d6ce4d93c3-fp16-frozen_local_rule,age_of_information,24949.76776929914,52,0,172776,28796,0,287960,86388,pilots,169,0,2026-08-17T03:25:06.973220+00:00,90467f04cc9369554e61e0620acbdf4eb2b567600b2600fd460802bfcff8a4dd,22,random_geometric,98138,418,7199,0.6,252,e1d6ce4d93c3,420,"{'age_deadline': 168, 'initial_reference': 84, 'maximum_silence': 167, 'partition_recovery': 1}",1102.7725130433007,,,,,,,,
122,frozen_local_rule,176,28,0.45122191155099906,humanitarian,5243,37,80,0,652,37,0,2026-08-17T03:25:15.065653+00:00,medium,19.0,True,medium,12257.268584317548,297,15,4798,75040,91.67651636617994,84,84,1.0,0.035207357893402534,58,445,fp16,880103,17488,79,0.9404761904761905,4319,high,307835,5661,80,60,418,private_fragmented,3,5.684341886080802e-14,0.0,48.0,0.0,15.133333333333333,2.6267063041741882e-05,68.36266494379892,medium,0,-14.378529795739492,0.05550744811113765,98115,418,16,83,0,122,0.13157998178733518,0.08609836069222924,0.0968373918173036,True,276,116880,1.5,0,v8-pilots-humanitarian-medium-medium-high-medium-random_geometric-private_fragmented-880103-age_of_information-e27491322545-fp16-frozen_local_rule,age_of_information,24808.48276766952,52,0,125832,20972,0,209720,62916,pilots,159,0,2026-08-17T03:25:11.111159+00:00,90467f04cc9369554e61e0620acbdf4eb2b567600b2600fd460802bfcff8a4dd,22,random_geometric,98115,418,5243,0.4,168,e27491322545,420,"{'age_deadline': 252, 'initial_reference': 84, 'maximum_silence': 83, 'partition_recovery': 1}",1091.2427601318325,,,,,,,,
123,frozen_local_rule,175,28,0.4535585865692615,humanitarian,12187,38,81,0,1366,38,0,2026-08-17T03:24:38.401340+00:00,medium,15.0,True,medium,12242.008989554553,297,15,10422,176000,93.67651636617994,84,84,1.0,0.03189976832456771,58,1765,fp16,880103,30059,79,0.9404761904761905,9327,high,556022,11865,81,60,418,private_fragmented,3,2.4868995751603507e-14,0.0,48.0,0.0,10.733333333333333,2.697899832758332e-05,70.35951897809616,medium,0,-14.448997849469892,0.05066746226048561,98142,418,16,83,0,123,0.12997394341267124,0.07903879437565009,0.09078214277433926,True,275,240880,1.5,0,v8-pilots-humanitarian-medium-medium-high-medium-random_geometric-private_fragmented-880103-always_on-f06f6808d09b-fp16-frozen_local_rule,always_on,24949.767769299142,53,0,274728,45788,0,457880,137364,pilots,55,0,2026-08-17T03:24:33.219769+00:00,90467f04cc9369554e61e0620acbdf4eb2b567600b2600fd460802bfcff8a4dd,22,random_geometric,98142,418,11447,1.0,420,f06f6808d09b,420,"{'always_on': 336, 'initial_reference': 84}",1100.7445130433007,,,,,,,,
123,frozen_local_rule,175,28,0.4518512082877736,humanitarian,11097,37,81,0,1218,37,0,2026-08-17T03:25:33.693905+00:00,medium,15.0,True,medium,12242.008989554553,297,15,9474,158880,91.67651636617994,84,84,1.0,0.03206839744119225,58,1623,fp16,880103,28020,79,0.9404761904761905,8487,high,514172,10819,81,60,418,private_fragmented,3,2.4868995751603507e-14,0.0,48.0,0.0,11.895238095238096,2.660827397348618e-05,68.49151897809615,medium,0,-14.459672135184176,0.050893340330528045,98132,418,16,83,0,123,0.12997394341267124,0.07903879437565009,0.09078214277433926,True,275,220080,1.5,0,v8-pilots-humanitarian-medium-medium-high-medium-random_geometric-private_fragmented-880103-generalized_information-089fa0c17476-fp16-frozen_local_rule,generalized_information,24949.76776929914,52,0,249624,41604,0,416040,124812,pilots,86,0,2026-08-17T03:25:28.668160+00:00,90467f04cc9369554e61e0620acbdf4eb2b567600b2600fd460802bfcff8a4dd,22,random_geometric,98132,418,10401,0.9047619047619048,380,089fa0c17476,420,"{'below_threshold': 40, 'generalized_information_on': 293, 'initial_reference': 84, 'maximum_silence': 2, 'partition_recovery': 1}",1102.7725130433007,,,,,,,,
122,frozen_local_rule,174,28,0.4518512082877736,humanitarian,7190,37,81,0,840,37,0,2026-08-17T03:25:34.932551+00:00,medium,15.0,True,medium,12242.008989554553,297,15,6286,104200,91.67651636617994,84,84,1.0,0.03319879271465701,58,904,fp16,880103,20924,79,0.9404761904761905,5634,high,373894,7313,81,60,418,private_fragmented,3,2.4868995751603507e-14,0.0,48.0,0.0,14.209523809523809,2.7214431658279424e-05,68.49151897809615,medium,0,-14.457422824216094,0.05351917577094067,98094,418,16,83,0,122,0.12997394341267124,0.08128618763325876,0.09238586905993369,True,274,147240,1.5,0,v8-pilots-humanitarian-medium-medium-high-medium-random_geometric-private_fragmented-880103-generalized_information-16bfadb86d55-fp16-frozen_local_rule,generalized_information,24949.76776929914,52,0,165480,27580,0,275800,82740,pilots,158,0,2026-08-17T03:25:30.671622+00:00,90467f04cc9369554e61e0620acbdf4eb2b567600b2600fd460802bfcff8a4dd,22,random_geometric,98094,418,6895,0.5833333333333334,245,16bfadb86d55,420,"{'below_threshold': 175, 'generalized_information_on': 155, 'initial_reference': 84, 'maximum_silence': 5, 'partition_recovery': 1}",1102.7725130433007,,,,,,,,
122,frozen_local_rule,176,28,0.45122191155099906,humanitarian,5813,37,80,0,692,37,0,2026-08-17T03:25:26.027472+00:00,medium,19.0,True,medium,12257.268584317548,297,15,5146,83160,91.67651636617994,84,84,1.0,0.03416587862163997,58,667,fp16,880103,18406,79,0.9404761904761905,4625,high,323499,6053,80,60,418,private_fragmented,3,5.684341886080802e-14,0.0,48.0,0.0,15.904761904761905,2.7057574587574567e-05,68.36266494379892,medium,0,-14.378529795739492,0.05374648156803163,98099,418,16,83,0,122,0.13041351489466932,0.08337619623271013,0.0941910727155762,True,276,122680,1.5,0,v8-pilots-humanitarian-medium-medium-high-medium-random_geometric-private_fragmented-880103-js_drift-565d3b5e7ead-fp16-frozen_local_rule,js_drift,24808.48276766952,52,0,135240,22540,0,225400,67620,pilots,176,0,2026-08-17T03:25:22.006369+00:00,90467f04cc9369554e61e0620acbdf4eb2b567600b2600fd460802bfcff8a4dd,22,random_geometric,98099,418,5635,0.4595238095238095,193,565d3b5e7ead,420,"{'initial_reference': 84, 'js_drift': 275, 'maximum_silence': 60, 'partition_recovery': 1}",1091.2427601318325,,,,,,,,
122,frozen_local_rule,175,28,0.4518512082877736,humanitarian,8071,36,81,0,911,36,0,2026-08-17T03:25:22.239573+00:00,medium,15.0,True,medium,12292.010584317548,297,15,6890,115760,91.67651636617994,84,84,1.0,0.03239025919430386,58,1181,fp16,880103,22408,79,0.9404761904761905,6155,high,400047,7967,81,60,418,private_fragmented,3,2.4868995751603507e-14,0.0,48.0,0.0,15.095238095238095,2.788996653448304e-05,64.76866494379892,medium,0,-14.412593800124435,0.050976285230528454,98087,418,16,83,0,122,0.12997394341267124,0.08015946271982019,0.09078214277433926,True,275,159840,1.5,0,v8-pilots-humanitarian-medium-medium-high-medium-random_geometric-private_fragmented-880103-js_drift-ffac7588a645-fp16-frozen_local_rule,js_drift,24834.936767669522,52,0,181176,30196,0,301960,90588,pilots,155,0,2026-08-17T03:25:17.671366+00:00,90467f04cc9369554e61e0620acbdf4eb2b567600b2600fd460802bfcff8a4dd,22,random_geometric,98087,418,7549,0.669047619047619,281,ffac7588a645,420,"{'initial_reference': 84, 'js_drift': 303, 'maximum_silence': 32, 'partition_recovery': 1}",1094.8147601318326,,,,,,,,
123,frozen_local_rule,177,28,0.45122191155099906,humanitarian,8834,38,80,0,1007,38,0,2026-08-17T03:24:57.997770+00:00,medium,15.0,True,medium,12207.486989554558,297,15,7614,126800,91.67651636617994,84,84,1.0,0.033837492760884734,58,1220,fp16,880103,23897,79,0.9404761904761905,6839,high,432961,8789,80,60,418,private_fragmented,3,5.684341886080802e-14,0.0,48.0,0.0,13.8,2.6782868615154103e-05,72.06351897809616,medium,0,-14.428245861187607,0.052615758678240254,98121,418,16,83,0,123,0.13176939879222851,0.08278542800021929,0.09579015140950364,True,277,177760,1.5,0,v8-pilots-humanitarian-medium-medium-high-medium-random_geometric-private_fragmented-880103-kpi_change-314c8c128df2-fp16-frozen_local_rule,kpi_change,24923.445769299142,52,0,200904,33484,0,334840,100452,pilots,131,0,2026-08-17T03:24:53.368914+00:00,90467f04cc9369554e61e0620acbdf4eb2b567600b2600fd460802bfcff8a4dd,22,random_geometric,98121,418,8371,0.7238095238095238,304,314c8c128df2,420,"{'initial_reference': 84, 'kpi_change': 312, 'maximum_silence': 23, 'partition_recovery': 1}",1099.2225130433005,,,,,,,,
123,frozen_local_rule,176,28,0.4518512082877736,humanitarian,10159,37,81,0,1137,37,0,2026-08-17T03:24:55.444385+00:00,medium,15.0,True,medium,12242.008989554553,297,15,8735,146600,91.67651636617994,84,84,1.0,0.03243974816500821,58,1424,fp16,880103,26343,79,0.9404761904761905,7828,high,481816,10010,81,60,418,private_fragmented,3,2.842170943040401e-14,0.0,48.0,0.0,12.666666666666666,2.7102919937613644e-05,68.49151897809615,medium,0,-14.46310302865749,0.05173168905209803,98136,418,16,83,0,123,0.1305498951381925,0.08132014696424109,0.09078214277433926,True,276,202800,1.5,0,v8-pilots-humanitarian-medium-medium-high-medium-random_geometric-private_fragmented-880103-kpi_change-d83b95b9a33f-fp16-frozen_local_rule,kpi_change,24951.79576929914,52,0,230208,38368,0,383680,115104,pilots,104,0,2026-08-17T03:24:50.676740+00:00,90467f04cc9369554e61e0620acbdf4eb2b567600b2600fd460802bfcff8a4dd,22,random_geometric,98136,418,9592,0.8285714285714286,348,d83b95b9a33f,420,"{'initial_reference': 84, 'kpi_change': 325, 'maximum_silence': 10, 'partition_recovery': 1}",1102.7725130433007,,,,,,,,
123,frozen_local_rule,175,28,0.4535585865692615,humanitarian,12162,38,81,0,1362,38,0,2026-08-17T03:25:06.744810+00:00,medium,15.0,True,medium,12242.008989554553,297,15,10400,175560,93.67651636617994,84,84,1.0,0.03189976832456771,58,1762,fp16,880103,30012,79,0.9404761904761905,9308,high,555022,11840,81,60,418,private_fragmented,3,2.4868995751603507e-14,0.0,48.0,0.0,10.733333333333333,2.6911097045180743e-05,70.35951897809616,medium,0,-14.448997849469892,0.05066746226048561,98142,418,16,83,0,123,0.12997394341267124,0.07903879437565009,0.09078214277433926,True,275,240440,1.5,0,v8-pilots-humanitarian-medium-medium-high-medium-random_geometric-private_fragmented-880103-l1_belief_drift-a4111e560261-fp16-frozen_local_rule,l1_belief_drift,24949.767769299142,53,0,274128,45688,0,456880,137064,pilots,55,0,2026-08-17T03:25:01.483906+00:00,90467f04cc9369554e61e0620acbdf4eb2b567600b2600fd460802bfcff8a4dd,22,random_geometric,98142,418,11422,0.9976190476190476,419,a4111e560261,420,"{'initial_reference': 84, 'l1_belief_drift': 333, 'maximum_silence': 2, 'partition_recovery': 1}",1100.7445130433007,,,,,,,,
122,frozen_local_rule,174,28,0.4518512082877736,humanitarian,11961,37,81,0,1320,37,0,2026-08-17T03:25:10.181373+00:00,medium,15.0,True,medium,12242.008989554553,297,15,10220,172520,91.67651636617994,84,84,1.0,0.03203247444104989,58,1741,fp16,880103,29629,79,0.9404761904761905,9146,high,546984,11639,81,60,418,private_fragmented,3,2.4868995751603507e-14,0.0,48.0,0.0,11.076190476190476,2.6979155191091708e-05,68.49151897809615,medium,0,-14.457422824216094,0.05066803047369598,98144,418,16,82,0,122,0.12997394341267124,0.07903879437565009,0.09078214277433926,True,273,236280,1.5,0,v8-pilots-humanitarian-medium-medium-high-medium-random_geometric-private_fragmented-880103-l1_belief_drift-c1987b7c3312-fp16-frozen_local_rule,l1_belief_drift,24949.76776929914,52,0,269304,44884,0,448840,134652,pilots,61,0,2026-08-17T03:25:05.050386+00:00,90467f04cc9369554e61e0620acbdf4eb2b567600b2600fd460802bfcff8a4dd,22,random_geometric,98144,418,11221,0.9809523809523809,412,c1987b7c3312,420,"{'initial_reference': 84, 'l1_belief_drift': 333, 'maximum_silence': 2, 'partition_recovery': 1}",1102.7725130433007,,,,,,,,
123,frozen_local_rule,176,28,0.45122191155099906,humanitarian,6813,38,80,0,822,38,0,2026-08-17T03:24:50.416706+00:00,medium,19.0,True,medium,12207.486989554558,297,15,6041,98520,91.67651636617994,84,84,1.0,0.03466402307137372,58,772,fp16,880103,20303,79,0.9404761904761905,5427,high,363040,7040,80,60,418,private_fragmented,3,5.684341886080802e-14,0.0,48.0,0.0,15.752380952380953,2.6693701006920897e-05,72.06351897809616,medium,0,-14.425932574112037,0.05440378427201411,98160,418,16,83,0,123,0.1318850899901978,0.08410148227340923,0.09577708021676525,True,276,143120,1.5,0,v8-pilots-humanitarian-medium-medium-high-medium-random_geometric-private_fragmented-880103-matched_random-38fb0a18a6da-fp16-frozen_local_rule,matched_random,24923.445769299142,52,0,158928,26488,0,264880,79464,pilots,171,0,2026-08-17T03:24:46.064274+00:00,90467f04cc9369554e61e0620acbdf4eb2b567600b2600fd460802bfcff8a4dd,22,random_geometric,98160,418,6622,0.5476190476190477,230,38fb0a18a6da,420,"{'initial_reference': 84, 'matched_random_selected': 95, 'matched_random_wait': 190, 'maximum_silence': 50, 'partition_recovery': 1}",1099.2225130433005,,,,,,,,
122,frozen_local_rule,177,28,0.45122191155099906,humanitarian,5900,37,80,0,729,37,0,2026-08-17T03:24:47.938187+00:00,medium,19.0,True,medium,12257.268584317548,297,15,5298,84160,91.67651636617994,84,84,1.0,0.0350467703831441,58,602,fp16,880103,18645,79,0.9404761904761905,4773,high,330267,6221,80,60,418,private_fragmented,3,5.684341886080802e-14,0.0,48.0,0.0,15.790476190476191,2.616138565221893e-05,68.36266494379892,medium,0,-14.380724282929522,0.05453350146155392,98147,418,16,83,0,122,0.13157998178733518,0.08478531657548634,0.09591808950163383,True,277,127760,1.5,0,v8-pilots-humanitarian-medium-medium-high-medium-random_geometric-private_fragmented-880103-matched_random-51434b2214b6-fp16-frozen_local_rule,matched_random,24808.48276766952,52,0,139272,23212,0,232120,69636,pilots,171,0,2026-08-17T03:24:43.830793+00:00,90467f04cc9369554e61e0620acbdf4eb2b567600b2600fd460802bfcff8a4dd,22,random_geometric,98147,418,5803,0.45714285714285713,192,51434b2214b6,420,"{'initial_reference': 84, 'matched_random_selected': 42, 'matched_random_wait': 228, 'maximum_silence': 65, 'partition_recovery': 1}",1091.2427601318325,,,,,,,,
123,frozen_local_rule,176,28,0.45122191155099906,humanitarian,7573,38,80,0,898,38,0,2026-08-17T03:24:53.461374+00:00,medium,19.0,True,medium,12207.486989554558,297,15,6618,109440,91.67651636617994,84,84,1.0,0.034306464153598656,58,955,fp16,880103,21640,79,0.9404761904761905,5933,high,388423,7675,80,60,418,private_fragmented,3,5.684341886080802e-14,0.0,48.0,0.0,15.2,2.7445200601987592e-05,72.06351897809616,medium,0,-14.425932574112037,0.0533013994469041,98143,418,16,83,0,123,0.13100403006181394,0.0834011699918173,0.09357083779020331,True,276,155280,1.5,0,v8-pilots-humanitarian-medium-medium-high-medium-random_geometric-private_fragmented-880103-matched_random-681a73b1e0f1-fp16-frozen_local_rule,matched_random,24923.445769299142,52,0,174168,29028,0,290280,87084,pilots,157,0,2026-08-17T03:24:49.102397+00:00,90467f04cc9369554e61e0620acbdf4eb2b567600b2600fd460802bfcff8a4dd,22,random_geometric,98143,418,7257,0.6190476190476191,260,681a73b1e0f1,420,"{'initial_reference': 84, 'matched_random_selected': 139, 'matched_random_wait': 160, 'maximum_silence': 36, 'partition_recovery': 1}",1099.2225130433005,,,,,,,,
122,frozen_local_rule,175,28,0.4526004012781902,humanitarian,0,39,79,0,0,39,0,2026-08-17T03:24:38.399947+00:00,medium,31.0,True,medium,12171.630291245707,297,15,0,0,91.67651636617994,84,84,1.0,0.04914659037803984,58,0,fp16,880103,7448,79,0.9404761904761905,0,high,98157,418,79,60,418,private_fragmented,3,5.684341886080802e-14,12.0,0.0,0.14285714285714285,0.0,0.0,69.85321984963204,medium,0,-14.446000640697557,0.05334177680761048,98157,418,16,83,0,122,0.12901217845088425,0.07896779065418648,0.09067961065082425,True,275,0,1.5,0,v8-pilots-humanitarian-medium-medium-high-medium-random_geometric-private_fragmented-880103-none-806ed450405e-fp16-frozen_local_rule,none,24939.871986928363,52,0,0,0,0,0,0,pilots,0,0,2026-08-17T03:24:35.845324+00:00,90467f04cc9369554e61e0620acbdf4eb2b567600b2600fd460802bfcff8a4dd,22,random_geometric,98157,418,0,0.0,0,806ed450405e,420,{'disabled': 420},1098.5861705020423,,,,,,,,
121,frozen_local_rule,175,28,0.4529321765427922,humanitarian,5232,38,80,0,646,38,0,2026-08-17T03:24:46.602006+00:00,medium,31.0,True,medium,12257.268584317548,297,15,4776,74640,93.67651636617994,84,84,1.0,0.03827508953349026,58,456,fp16,880103,17455,79,0.9404761904761905,4308,high,307406,5650,80,60,418,private_fragmented,3,4.263256414560601e-14,0.0,48.0,0.0,20.761904761904763,2.633420889415308e-05,70.25266494379892,medium,0,-14.365510228695861,0.059590299711967686,98126,418,16,83,0,121,0.13711848940111915,0.08895990535717131,0.0987381809151582,True,275,116400,1.5,0,v8-pilots-humanitarian-medium-medium-high-medium-random_geometric-private_fragmented-880103-periodic-4caef583da51-fp16-frozen_local_rule,periodic,24808.482767669517,53,0,125568,20928,0,209280,62784,pilots,221,0,2026-08-17T03:24:42.696619+00:00,90467f04cc9369554e61e0620acbdf4eb2b567600b2600fd460802bfcff8a4dd,22,random_geometric,98126,418,5232,0.4,168,4caef583da51,420,"{'initial_reference': 84, 'maximum_silence': 83, 'partition_recovery': 1, 'periodic_wait': 252}",1089.1927601318323,,,,,,,,
122,frozen_local_rule,174,28,0.4518512082877736,humanitarian,7424,37,81,0,862,37,0,2026-08-17T03:24:40.723168+00:00,medium,15.0,True,medium,12242.008989554553,297,15,6531,107760,91.67651636617994,84,84,1.0,0.03586710391037301,58,893,fp16,880103,21403,79,0.9404761904761905,5889,high,386098,7617,81,60,418,private_fragmented,3,2.4868995751603507e-14,0.0,48.0,0.0,14.495238095238095,2.7097912370315455e-05,68.49151897809615,medium,0,-14.457422824216094,0.0564234712510602,98138,418,16,83,0,122,0.13157998178733518,0.08574791115709465,0.094238856527767,True,274,153480,1.5,0,v8-pilots-humanitarian-medium-medium-high-medium-random_geometric-private_fragmented-880103-periodic-52761a8cde7f-fp16-frozen_local_rule,periodic,24949.76776929914,52,0,172776,28796,0,287960,86388,pilots,169,0,2026-08-17T03:24:36.328657+00:00,90467f04cc9369554e61e0620acbdf4eb2b567600b2600fd460802bfcff8a4dd,22,random_geometric,98138,418,7199,0.6,252,52761a8cde7f,420,"{'initial_reference': 84, 'maximum_silence': 2, 'partition_recovery': 1, 'periodic_due': 165, 'periodic_wait': 168}",1102.7725130433007,,,,,,,,
122,frozen_local_rule,176,28,0.45122191155099906,humanitarian,5243,37,80,0,652,37,0,2026-08-17T03:24:43.510876+00:00,medium,19.0,True,medium,12257.268584317548,297,15,4798,75040,91.67651636617994,84,84,1.0,0.035207357893402534,58,445,fp16,880103,17488,79,0.9404761904761905,4319,high,307835,5661,80,60,418,private_fragmented,3,5.684341886080802e-14,0.0,48.0,0.0,15.133333333333333,2.6267063041741882e-05,68.36266494379892,medium,0,-14.378529795739492,0.05550744811113765,98115,418,16,83,0,122,0.13157998178733518,0.08609836069222924,0.0968373918173036,True,276,116880,1.5,0,v8-pilots-humanitarian-medium-medium-high-medium-random_geometric-private_fragmented-880103-periodic-6ad813e35c14-fp16-frozen_local_rule,periodic,24808.48276766952,52,0,125832,20972,0,209720,62916,pilots,159,0,2026-08-17T03:24:39.475178+00:00,90467f04cc9369554e61e0620acbdf4eb2b567600b2600fd460802bfcff8a4dd,22,random_geometric,98115,418,5243,0.4,168,6ad813e35c14,420,"{'initial_reference': 84, 'maximum_silence': 83, 'partition_recovery': 1, 'periodic_wait': 252}",1091.2427601318325,,,,,,,,
122,frozen_local_rule,176,28,0.4529321765427922,humanitarian,7962,38,80,0,875,38,0,2026-08-17T03:25:03.751659+00:00,medium,19.0,True,medium,12257.268584317548,297,15,6954,114680,93.67651636617994,84,84,1.0,0.03269235772506705,58,1008,fp16,880103,22364,79,0.9404761904761905,6238,high,402815,8036,80,60,418,private_fragmented,3,4.263256414560601e-14,0.0,48.0,0.0,14.714285714285714,2.682558540278321e-05,70.25266494379892,medium,0,-14.367791159375855,0.05270330860345846,98095,418,16,82,0,122,0.1297696580377843,0.0817963842170371,0.09095017729527727,True,275,163480,1.5,0,v8-pilots-humanitarian-medium-medium-high-medium-random_geometric-private_fragmented-880103-predictive_uncertainty_change-71c476debc21-fp16-frozen_local_rule,predictive_uncertainty_change,24808.482767669517,53,0,182832,30472,0,304720,91416,pilots,151,0,2026-08-17T03:24:59.235828+00:00,90467f04cc9369554e61e0620acbdf4eb2b567600b2600fd460802bfcff8a4dd,22,random_geometric,98095,418,7618,0.6333333333333333,266,71c476debc21,420,"{'initial_reference': 84, 'maximum_silence': 39, 'partition_recovery': 1, 'predictive_uncertainty_change': 296}",1089.1927601318323,,,,,,,,
123,frozen_local_rule,176,28,0.45122191155099906,humanitarian,9855,38,80,0,1080,38,0,2026-08-17T03:25:01.362250+00:00,medium,15.0,True,medium,12207.486989554558,297,15,8476,141040,91.67651636617994,84,84,1.0,0.03226534145806414,58,1379,fp16,880103,25780,79,0.9404761904761905,7585,high,469775,9709,80,60,418,private_fragmented,3,5.684341886080802e-14,0.0,48.0,0.0,14.095238095238095,2.656187788230345e-05,72.06351897809616,medium,0,-14.425932574112037,0.05144746791705621,98135,418,16,82,0,123,0.1297696580377843,0.08024339004838622,0.09078214277433926,True,275,198000,1.5,0,v8-pilots-humanitarian-medium-medium-high-medium-random_geometric-private_fragmented-880103-predictive_uncertainty_change-725a913ab228-fp16-frozen_local_rule,predictive_uncertainty_change,24923.445769299142,52,0,222984,37164,0,371640,111492,pilots,133,0,2026-08-17T03:24:56.598687+00:00,90467f04cc9369554e61e0620acbdf4eb2b567600b2600fd460802bfcff8a4dd,22,random_geometric,98135,418,9291,0.7976190476190477,335,725a913ab228,420,"{'initial_reference': 84, 'maximum_silence': 20, 'partition_recovery': 1, 'predictive_uncertainty_change': 315}",1099.2225130433005,,,,,,,,
121,frozen_local_rule,175,28,0.4529321765427922,humanitarian,7018,38,80,0,794,38,0,2026-08-17T03:25:29.828657+00:00,medium,15.0,True,medium,12257.268584317548,297,15,6175,100720,93.67651636617994,84,84,1.0,0.0326431080421752,58,843,fp16,880103,20640,79,0.9404761904761905,5551,high,368670,7182,80,60,418,private_fragmented,3,4.263256414560601e-14,0.0,48.0,0.0,15.685714285714285,2.6032825039201038e-05,70.25266494379892,medium,0,-14.365510228695861,0.052872529955195396,98110,418,16,83,0,121,0.12997394341267124,0.0812258591385635,0.09096039156402161,True,275,146280,1.5,0,v8-pilots-humanitarian-medium-medium-high-medium-random_geometric-private_fragmented-880103-tsallis_spectrum_change-1013b09ad56f-fp16-frozen_local_rule,tsallis_spectrum_change,24808.482767669517,53,0,162336,27056,0,270560,81168,pilots,167,0,2026-08-17T03:25:25.496152+00:00,90467f04cc9369554e61e0620acbdf4eb2b567600b2600fd460802bfcff8a4dd,22,random_geometric,98110,418,6764,0.55,231,1013b09ad56f,420,"{'initial_reference': 84, 'maximum_silence': 57, 'partition_recovery': 1, 'tsallis_spectrum_change': 278}",1089.1927601318323,,,,,,,,
122,frozen_local_rule,175,28,0.4529321765427922,humanitarian,9212,39,80,0,1020,39,0,2026-08-17T03:25:27.158928+00:00,medium,15.0,True,medium,12207.486989554558,297,15,7952,132480,93.67651636617994,84,84,1.0,0.03225543076525812,58,1260,fp16,880103,24613,79,0.9404761904761905,7133,high,447123,9143,80,60,418,private_fragmented,3,4.263256414560601e-14,0.0,48.0,0.0,14.704761904761904,2.5672076372228312e-05,73.93151897809616,medium,0,-14.412918563755607,0.0518742680598341,98123,418,16,83,0,122,0.12997394341267124,0.07923361793776315,0.09078214277433926,True,275,185600,1.5,0,v8-pilots-humanitarian-medium-medium-high-medium-random_geometric-private_fragmented-880103-tsallis_spectrum_change-6f94beebed2c-fp16-frozen_local_rule,tsallis_spectrum_change,24923.445769299142,53,0,209400,34900,0,349000,104700,pilots,144,0,2026-08-17T03:25:22.570743+00:00,90467f04cc9369554e61e0620acbdf4eb2b567600b2600fd460802bfcff8a4dd,22,random_geometric,98123,418,8725,0.7380952380952381,310,6f94beebed2c,420,"{'initial_reference': 84, 'maximum_silence': 27, 'partition_recovery': 1, 'tsallis_spectrum_change': 308}",1097.1945130433005,,,,,,,,
122,frozen_local_rule,175,28,0.4529321765427922,humanitarian,9475,39,80,0,1057,39,0,2026-08-17T03:25:19.005892+00:00,medium,15.0,True,medium,12207.486989554558,297,15,8151,135600,93.67651636617994,84,84,1.0,0.031679129894100044,58,1324,fp16,880103,25075,79,0.9404761904761905,7312,high,456029,9365,80,60,418,private_fragmented,3,4.263256414560601e-14,0.0,48.0,0.0,14.247619047619047,2.5880637400776643e-05,73.93151897809616,medium,0,-14.412918563755607,0.051648520544894376,98149,418,16,83,0,122,0.12997394341267124,0.07923361793776315,0.09078214277433926,True,275,190440,1.5,0,v8-pilots-humanitarian-medium-medium-high-medium-random_geometric-private_fragmented-880103-v7_shannon_change-c35510bd725e-fp16-frozen_local_rule,v7_shannon_change,24923.445769299142,53,0,214728,35788,0,357880,107364,pilots,137,0,2026-08-17T03:25:14.361676+00:00,90467f04cc9369554e61e0620acbdf4eb2b567600b2600fd460802bfcff8a4dd,22,random_geometric,98149,418,8947,0.7619047619047619,320,c35510bd725e,420,"{'initial_reference': 84, 'maximum_silence': 23, 'partition_recovery': 1, 'v7_shannon_change': 312}",1097.1945130433005,,,,,,,,
123,frozen_local_rule,176,28,0.4529321765427922,humanitarian,7828,39,80,0,895,39,0,2026-08-17T03:25:18.832118+00:00,medium,15.0,True,medium,12207.486989554558,297,15,6791,111880,93.67651636617994,84,84,1.0,0.03226551761829316,58,1037,fp16,880103,22069,79,0.9404761904761905,6098,high,396075,7867,80,60,418,private_fragmented,3,4.263256414560601e-14,0.0,48.0,0.0,15.523809523809524,2.6922040986699173e-05,73.93151897809616,medium,0,-14.415318937748403,0.05224529039866857,98115,418,16,83,0,123,0.12997394341267124,0.08023304320496571,0.09078214277433926,True,276,159760,1.5,0,v8-pilots-humanitarian-medium-medium-high-medium-random_geometric-private_fragmented-880103-v7_shannon_change-c5a26765fa92-fp16-frozen_local_rule,v7_shannon_change,24923.445769299142,53,0,178776,29796,0,297960,89388,pilots,164,0,2026-08-17T03:25:14.373713+00:00,90467f04cc9369554e61e0620acbdf4eb2b567600b2600fd460802bfcff8a4dd,22,random_geometric,98115,418,7449,0.6190476190476191,260,c5a26765fa92,420,"{'initial_reference': 84, 'maximum_silence': 40, 'partition_recovery': 1, 'v7_shannon_change': 295}",1097.1945130433005,,,,,,,,
49,frozen_local_rule,52,12,0.4691460762843678,humanitarian,1684,22,26,0,270,22,0,2026-08-17T03:23:44.457289+00:00,small,10.0,True,medium,607.7780277094654,30,10,1540,21080,34.00935664290518,21,21,1.0,0.05410288934592119,6,144,fp16,880101,4882,8,0.3333333333333333,1376,low,76527,1706,26,30,32,private_fragmented,3,1.7763568394002505e-14,12.0,21.0,3.7142857142857144,8.85,2.5504081695190487e-05,36.49117312926449,medium,0,-3.4481531655026547,0.06042344342471331,9967,42,8,9,0,49,0.15982793624990818,0.12120312144001456,0.1253414568161409,True,62,40520,0.5,0,v8-pilots-humanitarian-small-medium-low-medium-small_world-private_fragmented-880101-age_of_information-e1d6ce4d93c3-fp16-frozen_local_rule,age_of_information,1493.9663381681712,21,0,39936,6656,0,66560,19968,pilots,31,0,2026-08-17T03:23:43.345720+00:00,8086962417382c2506e7a67e28ca21d81bae444ce1acc93decb79d57a57467c2,12,small_world,9967,42,1664,0.4,48,e1d6ce4d93c3,120,"{'age_deadline': 72, 'initial_reference': 24, 'maximum_silence': 24}",153.2625008232,,,,,,,,
49,frozen_local_rule,52,12,0.48099600654746555,humanitarian,839,23,25,0,131,23,0,2026-08-17T03:23:45.460103+00:00,small,16.0,True,medium,607.7780277094654,30,10,756,10520,36.00935664290518,21,21,1.0,0.08039459514501222,6,83,fp16,880101,3256,8,0.3333333333333333,675,low,42966,862,25,30,32,private_fragmented,3,1.4210854715202004e-14,12.0,27.0,4.0,12.55,2.2245994317107496e-05,39.49917312926449,medium,0,-3.3396940498132333,0.08077745997671482,10206,43,8,9,0,49,0.16238325491688482,0.12361084258118586,0.13497555800791966,True,62,19720,0.5,0,v8-pilots-humanitarian-small-medium-low-medium-small_world-private_fragmented-880101-age_of_information-e27491322545-fp16-frozen_local_rule,age_of_information,1475.745671904595,22,0,19656,3276,0,32760,9828,pilots,55,0,2026-08-17T03:23:44.534228+00:00,8086962417382c2506e7a67e28ca21d81bae444ce1acc93decb79d57a57467c2,12,small_world,10206,43,819,0.2,24,e27491322545,120,"{'age_deadline': 96, 'initial_reference': 24}",149.5145008232,,,,,,,,
48,frozen_local_rule,51,12,0.4906855935092868,humanitarian,3946,23,24,0,617,23,0,2026-08-17T03:23:36.552417+00:00,small,7.0,True,medium,551.7227789263378,30,10,3432,51480,38.00935664290518,21,21,1.0,0.025433520086293085,6,514,fp16,880101,9034,10,0.4166666666666667,3026,low,157643,3734,24,30,32,private_fragmented,3,1.4210854715202004e-14,6.0,12.0,2.5714285714285716,5.05,2.669315633159973e-05,39.609734258878504,medium,0,-3.1602089402367413,0.04522963597314155,9963,42,8,7,0,48,0.12314560677281376,0.08502117573332331,0.10657669265620828,True,59,85800,0.5,0,v8-pilots-humanitarian-small-medium-low-medium-small_world-private_fragmented-880101-always_on-f06f6808d09b-fp16-frozen_local_rule,always_on,1417.2733426655457,23,0,88608,14768,0,147680,44304,pilots,0,0,2026-08-17T03:23:34.853454+00:00,8086962417382c2506e7a67e28ca21d81bae444ce1acc93decb79d57a57467c2,12,small_world,9963,42,3692,1.0,120,f06f6808d09b,120,"{'always_on': 96, 'initial_reference': 24}",138.16368493841418,,,,,,,,
48,frozen_local_rule,51,12,0.4906855935092868,humanitarian,3946,23,24,0,617,23,0,2026-08-17T03:32:39.799926+00:00,small,7.0,True,medium,551.7227789263378,30,10,3432,66300,38.00935664290518,21,21,1.0,0.02543322139382876,6,514,fp32,880101,9034,10,0.4166666666666667,3026,low,201954,3734,24,30,32,private_fragmented,3,1.4210854715202004e-14,6.0,12.0,2.5714285714285716,5.05,3.1824451299890253e-09,39.609734258878504,medium,0,-3.1602089402367413,0.04523049675054205,9970,42,8,7,0,48,0.12314980872302074,0.08502435199567301,0.1065841994695634,True,59,112164,0.5,0,v8-pilots-humanitarian-small-medium-low-medium-small_world-private_fragmented-880101-always_on-f06f6808d09b-fp32-frozen_local_rule,always_on,1417.2733426655457,23,0,88608,14768,0,191984,88608,pilots,0,0,2026-08-17T03:32:38.223663+00:00,8086962417382c2506e7a67e28ca21d81bae444ce1acc93decb79d57a57467c2,12,small_world,9970,42,3692,1.0,120,f06f6808d09b,120,"{'always_on': 96, 'initial_reference': 24}",138.16368493841418,,,,,,,,
48,frozen_local_rule,51,12,0.4906855935092868,humanitarian,3946,23,24,0,617,23,0,2026-08-17T03:32:42.847923+00:00,small,7.0,True,medium,551.7227789263378,30,10,3432,43350,38.00935664290518,21,21,1.0,0.025380399789841673,6,514,uint8_simplex,880101,9034,10,0.4166666666666667,3026,low,135490,3734,24,30,32,private_fragmented,3,1.4210854715202004e-14,6.0,12.0,2.857142857142857,5.05,0.0011052699132717795,39.609734258878504,medium,0,-3.1602089402367413,0.04523902371929558,9962,42,8,7,0,48,0.1229355521946458,0.08501842217383629,0.10666787215160928,True,59,73338,0.5,0,v8-pilots-humanitarian-small-medium-low-medium-small_world-private_fragmented-880101-always_on-f06f6808d09b-uint8_simplex-frozen_local_rule,always_on,1417.2733426655457,23,0,88608,14768,0,125528,22152,pilots,0,0,2026-08-17T03:32:41.128396+00:00,8086962417382c2506e7a67e28ca21d81bae444ce1acc93decb79d57a57467c2,12,small_world,9962,42,3692,1.0,120,f06f6808d09b,120,"{'always_on': 96, 'initial_reference': 24}",138.16368493841418,,,,,,,,
46,frozen_local_rule,49,12,0.4906855935092868,humanitarian,2793,22,23,0,433,22,0,2026-08-17T03:23:51.008197+00:00,small,7.0,True,medium,555.0020610340117,29,10,2407,36120,38.00935664290518,21,21,1.0,0.02815899850430262,6,386,fp16,880101,6845,10,0.4166666666666667,2133,low,113738,2646,23,30,31,private_fragmented,3,1.4210854715202004e-14,6.0,18.0,2.5714285714285716,6.425,2.5615970139362644e-05,36.93726036383562,medium,0,-3.1250408478595757,0.04812385660548609,9498,40,8,7,0,46,0.12314560677281376,0.08863830392415634,0.10657669265620828,True,57,60160,0.5,0,v8-pilots-humanitarian-small-medium-low-medium-small_world-private_fragmented-880101-generalized_information-089fa0c17476-fp16-frozen_local_rule,generalized_information,1396.3904956576273,23,0,62544,10424,0,104240,31272,pilots,4,0,2026-08-17T03:23:49.715410+00:00,8086962417382c2506e7a67e28ca21d81bae444ce1acc93decb79d57a57467c2,12,small_world,9498,40,2606,0.7,84,089fa0c17476,120,"{'below_threshold': 36, 'generalized_information_on': 60, 'initial_reference': 24}",136.21164556387902,,,,,,,,
45,frozen_local_rule,48,12,0.4906855935092868,humanitarian,2185,22,22,0,348,22,0,2026-08-17T03:23:51.478930+00:00,small,13.0,True,medium,558.5589313623464,29,10,1911,27960,38.00935664290518,21,21,1.0,0.03775433966297151,6,274,fp16,880101,5739,8,0.3333333333333333,1680,low,91425,2088,22,30,31,private_fragmented,3,1.4210854715202004e-14,6.0,24.0,2.5714285714285716,8.45,2.319191515719467e-05,37.28936328690757,medium,0,-3.131698340233718,0.05271816799155039,9505,40,8,7,0,45,0.12314560677281376,0.09721841499522994,0.10943035574074664,True,56,48480,0.5,0,v8-pilots-humanitarian-small-medium-low-medium-small_world-private_fragmented-880101-generalized_information-16bfadb86d55-fp16-frozen_local_rule,generalized_information,1407.0816271359454,23,0,49152,8192,0,81920,24576,pilots,18,0,2026-08-17T03:23:50.324957+00:00,8086962417382c2506e7a67e28ca21d81bae444ce1acc93decb79d57a57467c2,12,small_world,9505,40,2048,0.5416666666666666,65,16bfadb86d55,120,"{'below_threshold': 55, 'generalized_information_on': 41, 'initial_reference': 24}",137.29734819500177,,,,,,,,
48,frozen_local_rule,51,12,0.4906855935092868,humanitarian,2172,24,23,0,346,24,0,2026-08-17T03:23:48.863711+00:00,small,13.0,True,medium,607.7780277094654,29,10,1893,28640,38.00935664290518,21,21,1.0,0.04050194792332277,6,279,fp16,880101,5717,10,0.4166666666666667,1673,low,91271,2079,23,30,31,private_fragmented,3,1.4210854715202004e-14,12.0,24.0,3.7142857142857144,8.525,2.6538574467510073e-05,42.77372610613943,medium,0,-3.2608454436471113,0.05575105014763353,9751,41,8,7,0,48,0.14833415806918593,0.10656088909393698,0.11628536660204088,True,59,47080,0.5,0,v8-pilots-humanitarian-small-medium-low-medium-small_world-private_fragmented-880101-js_drift-565d3b5e7ead-fp16-frozen_local_rule,js_drift,1475.8365439915915,23,0,48912,8152,0,81520,24456,pilots,19,0,2026-08-17T03:23:47.695357+00:00,8086962417382c2506e7a67e28ca21d81bae444ce1acc93decb79d57a57467c2,12,small_world,9751,41,2038,0.5416666666666666,65,565d3b5e7ead,120,"{'initial_reference': 24, 'js_drift': 96}",146.55701075914115,,,,,,,,
47,frozen_local_rule,50,12,0.4906855935092868,humanitarian,2400,23,23,0,378,23,0,2026-08-17T03:23:47.157066+00:00,small,7.0,True,medium,551.7227789263378,29,10,2050,31720,38.00935664290518,21,21,1.0,0.02815443349558707,6,350,fp16,880101,6100,10,0.4166666666666667,1815,low,98509,2260,23,30,31,private_fragmented,3,1.4210854715202004e-14,6.0,24.0,2.5714285714285716,7.075,2.7881640571044707e-05,39.7697342588785,medium,0,-3.1414757111156124,0.04778878458176949,9749,41,8,7,0,47,0.12314560677281376,0.08619298181027822,0.10657669265620828,True,58,50280,0.5,0,v8-pilots-humanitarian-small-medium-low-medium-small_world-private_fragmented-880101-js_drift-ffac7588a645-fp16-frozen_local_rule,js_drift,1417.2733426655457,23,0,53256,8876,0,88760,26628,pilots,7,0,2026-08-17T03:23:45.932915+00:00,8086962417382c2506e7a67e28ca21d81bae444ce1acc93decb79d57a57467c2,12,small_world,9749,41,2219,0.6083333333333333,73,ffac7588a645,120,"{'initial_reference': 24, 'js_drift': 96}",138.16368493841418,,,,,,,,
46,frozen_local_rule,49,12,0.4906855935092868,humanitarian,2050,23,22,0,293,23,0,2026-08-17T03:23:40.890704+00:00,small,13.0,True,medium,555.2796492546723,29,10,1765,26400,38.00935664290518,21,21,1.0,0.04943121255270138,6,285,fp16,880101,5463,8,0.3333333333333333,1560,low,85971,1947,22,30,31,private_fragmented,3,1.4210854715202004e-14,6.0,27.0,2.5714285714285716,9.25,2.581116154080266e-05,40.121837181950454,medium,0,-3.1477549800196796,0.05868670098281247,9731,41,8,7,0,46,0.16080420131195403,0.11364949144360276,0.12088246267855471,True,57,44200,0.5,0,v8-pilots-humanitarian-small-medium-low-medium-small_world-private_fragmented-880101-kpi_change-314c8c128df2-fp16-frozen_local_rule,kpi_change,1427.9644741438635,23,0,45744,7624,0,76240,22872,pilots,29,0,2026-08-17T03:23:39.715225+00:00,8086962417382c2506e7a67e28ca21d81bae444ce1acc93decb79d57a57467c2,12,small_world,9731,41,1906,0.525,63,314c8c128df2,120,"{'initial_reference': 24, 'kpi_change': 96}",139.24938756953694,,,,,,,,
47,frozen_local_rule,50,12,0.4906855935092868,humanitarian,2808,23,23,0,426,23,0,2026-08-17T03:23:40.229487+00:00,small,7.0,True,medium,555.2796492546723,30,10,2433,35800,38.00935664290518,21,21,1.0,0.03803063306498604,6,375,fp16,880101,6895,8,0.3333333333333333,2154,low,115125,2671,23,30,32,private_fragmented,3,1.4210854715202004e-14,6.0,24.0,2.5714285714285716,8.15,2.4242842177223165e-05,39.96183718195046,medium,0,-3.167331240093945,0.05103144428996349,9965,42,8,7,0,47,0.13727913518826831,0.0984355781659725,0.10951130408241107,True,58,61520,0.5,0,v8-pilots-humanitarian-small-medium-low-medium-small_world-private_fragmented-880101-kpi_change-d83b95b9a33f-fp16-frozen_local_rule,kpi_change,1427.9644741438635,23,0,63096,10516,0,105160,31548,pilots,21,0,2026-08-17T03:23:38.947700+00:00,8086962417382c2506e7a67e28ca21d81bae444ce1acc93decb79d57a57467c2,12,small_world,9965,42,2629,0.7083333333333334,85,d83b95b9a33f,120,"{'initial_reference': 24, 'kpi_change': 96}",139.24938756953694,,,,,,,,
48,frozen_local_rule,51,12,0.4906855935092868,humanitarian,3946,23,24,0,617,23,0,2026-08-17T03:23:43.207219+00:00,small,7.0,True,medium,551.7227789263378,30,10,3432,51480,38.00935664290518,21,21,1.0,0.025433520086293085,6,514,fp16,880101,9034,10,0.4166666666666667,3026,low,157643,3734,24,30,32,private_fragmented,3,1.4210854715202004e-14,6.0,12.0,2.5714285714285716,5.05,2.669315633159973e-05,39.609734258878504,medium,0,-3.1602089402367413,0.04522963597314155,9963,42,8,7,0,48,0.12314560677281376,0.08502117573332331,0.10657669265620828,True,59,85800,0.5,0,v8-pilots-humanitarian-small-medium-low-medium-small_world-private_fragmented-880101-l1_belief_drift-a4111e560261-fp16-frozen_local_rule,l1_belief_drift,1417.2733426655457,23,0,88608,14768,0,147680,44304,pilots,0,0,2026-08-17T03:23:41.685759+00:00,8086962417382c2506e7a67e28ca21d81bae444ce1acc93decb79d57a57467c2,12,small_world,9963,42,3692,1.0,120,a4111e560261,120,"{'initial_reference': 24, 'l1_belief_drift': 96}",138.16368493841418,,,,,,,,
48,frozen_local_rule,51,12,0.4906855935092868,humanitarian,3685,23,24,0,587,23,0,2026-08-17T03:23:44.409037+00:00,small,7.0,True,medium,551.7227789263378,30,10,3203,47760,38.00935664290518,21,21,1.0,0.025303518008341595,6,482,fp16,880101,8544,10,0.4166666666666667,2825,low,147643,3484,24,30,32,private_fragmented,3,1.4210854715202004e-14,6.0,24.0,2.5714285714285716,5.675,2.6412550589580002e-05,39.609734258878504,medium,0,-3.1602089402367413,0.04520897674641398,9963,42,8,7,0,48,0.12314560677281376,0.08502117573332331,0.10657669265620828,True,59,80360,0.5,0,v8-pilots-humanitarian-small-medium-low-medium-small_world-private_fragmented-880101-l1_belief_drift-c1987b7c3312-fp16-frozen_local_rule,l1_belief_drift,1417.2733426655457,23,0,82608,13768,0,137680,41304,pilots,4,0,2026-08-17T03:23:42.925830+00:00,8086962417382c2506e7a67e28ca21d81bae444ce1acc93decb79d57a57467c2,12,small_world,9963,42,3442,0.925,111,c1987b7c3312,120,"{'initial_reference': 24, 'l1_belief_drift': 96}",138.16368493841418,,,,,,,,
48,frozen_local_rule,51,12,0.48099600654746555,humanitarian,1670,23,24,0,261,23,0,2026-08-17T03:23:39.009679+00:00,small,16.0,True,medium,607.7780277094654,30,10,1464,22120,36.00935664290518,21,21,1.0,0.055035404246744565,6,206,fp16,880101,4793,10,0.4166666666666667,1299,low,73630,1628,24,30,32,private_fragmented,3,1.4210854715202004e-14,12.0,27.0,4.0,10.55,2.4327760984237528e-05,39.659173129264495,medium,0,-3.3216626873964668,0.06392551489351886,10230,43,8,9,0,48,0.16075199821760186,0.11028392506944701,0.12088766019412532,True,61,36440,0.5,0,v8-pilots-humanitarian-small-medium-low-medium-small_world-private_fragmented-880101-matched_random-38fb0a18a6da-fp16-frozen_local_rule,matched_random,1475.745671904595,22,0,38040,6340,0,63400,19020,pilots,41,0,2026-08-17T03:23:37.880238+00:00,8086962417382c2506e7a67e28ca21d81bae444ce1acc93decb79d57a57467c2,12,small_world,10230,43,1585,0.425,51,38fb0a18a6da,120,"{'initial_reference': 24, 'matched_random_selected': 27, 'matched_random_wait': 69}",149.5145008232,,,,,,,,
48,frozen_local_rule,51,12,0.48099600654746555,humanitarian,1274,23,24,0,199,23,0,2026-08-17T03:23:38.328200+00:00,small,16.0,True,medium,607.7780277094654,30,10,1128,16960,36.00935664290518,21,21,1.0,0.06424276026947826,6,146,fp16,880101,4061,8,0.3333333333333333,1002,low,58894,1260,24,30,32,private_fragmented,3,1.4210854715202004e-14,12.0,27.0,4.0,11.7,2.6771996131023196e-05,39.659173129264495,medium,0,-3.3216626873964668,0.06916711672795955,10214,43,8,9,0,48,0.16075199821760186,0.1141381745158753,0.1257635391701376,True,61,28160,0.5,0,v8-pilots-humanitarian-small-medium-low-medium-small_world-private_fragmented-880101-matched_random-51434b2214b6-fp16-frozen_local_rule,matched_random,1475.745671904595,22,0,29208,4868,0,48680,14604,pilots,49,0,2026-08-17T03:23:37.299936+00:00,8086962417382c2506e7a67e28ca21d81bae444ce1acc93decb79d57a57467c2,12,small_world,10214,43,1217,0.31666666666666665,38,51434b2214b6,120,"{'initial_reference': 24, 'matched_random_selected': 14, 'matched_random_wait': 82}",149.5145008232,,,,,,,,
46,frozen_local_rule,49,12,0.4906855935092868,humanitarian,2133,23,22,0,336,23,0,2026-08-17T03:23:39.396986+00:00,small,16.0,True,medium,611.0573098171394,30,10,1883,27880,38.00935664290518,21,21,1.0,0.04705654064732707,6,250,fp16,880101,5665,10,0.4166666666666667,1666,low,90902,2070,22,30,32,private_fragmented,3,1.4210854715202004e-14,12.0,27.0,4.0,9.675,2.3509558012235138e-05,40.10125221109654,medium,0,-3.223145144909595,0.059403872276513246,9742,41,8,9,0,46,0.16075199821760186,0.10943047073671723,0.12088766019412532,True,59,47440,0.5,0,v8-pilots-humanitarian-small-medium-low-medium-small_world-private_fragmented-880101-matched_random-681a73b1e0f1-fp16-frozen_local_rule,matched_random,1454.9536969836736,23,0,48696,8116,0,81160,24348,pilots,34,0,2026-08-17T03:23:38.225644+00:00,8086962417382c2506e7a67e28ca21d81bae444ce1acc93decb79d57a57467c2,12,small_world,9742,41,2029,0.5416666666666666,65,681a73b1e0f1,120,"{'initial_reference': 24, 'matched_random_selected': 41, 'matched_random_wait': 55}",144.604971384606,,,,,,,,
46,frozen_local_rule,49,12,0.48099600654746555,humanitarian,0,24,21,0,0,24,0,2026-08-17T03:23:35.671248+00:00,small,1.0,True,medium,622.6641596711281,30,10,0,0,34.00935664290518,21,21,1.0,0.022431194635942172,6,0,fp16,880101,1654,8,0.3333333333333333,0,low,10219,43,21,30,31,private_fragmented,3,1.4210854715202004e-14,0.0,0.0,0.0,0.0,0.0,41.05718367047892,medium,0,-3.384989045751941,0.027836205788812064,10219,43,8,9,0,46,0.09028030557048757,0.041429102858789535,0.05403670594130885,True,59,0,0.5,0,v8-pilots-humanitarian-small-medium-low-medium-small_world-private_fragmented-880101-none-806ed450405e-fp16-frozen_local_rule,none,1520.2406711925846,21,0,0,0,0,0,0,pilots,0,0,2026-08-17T03:23:34.855723+00:00,8086962417382c2506e7a67e28ca21d81bae444ce1acc93decb79d57a57467c2,12,small_world,10219,43,0,0.0,0,806ed450405e,120,{'disabled': 120},153.92675081557724,,,,,,,,
49,frozen_local_rule,52,12,0.48099600654746555,humanitarian,839,23,25,0,131,23,0,2026-08-17T03:23:37.738591+00:00,small,16.0,True,medium,607.7780277094654,30,10,756,10520,36.00935664290518,21,21,1.0,0.08031910166540585,6,83,fp16,880101,3256,8,0.3333333333333333,675,low,42966,862,25,30,32,private_fragmented,3,1.4210854715202004e-14,12.0,27.0,4.285714285714286,12.55,2.2245994317107496e-05,39.49917312926449,medium,0,-3.3396940498132333,0.08495516816079704,10206,43,8,9,0,49,0.16609272521284826,0.12710823503828111,0.13909361329505057,True,62,19720,0.5,0,v8-pilots-humanitarian-small-medium-low-medium-small_world-private_fragmented-880101-periodic-4caef583da51-fp16-frozen_local_rule,periodic,1475.745671904595,22,0,19656,3276,0,32760,9828,pilots,55,0,2026-08-17T03:23:36.794076+00:00,8086962417382c2506e7a67e28ca21d81bae444ce1acc93decb79d57a57467c2,12,small_world,10206,43,819,0.2,24,4caef583da51,120,"{'initial_reference': 24, 'periodic_wait': 96}",149.5145008232,,,,,,,,
49,frozen_local_rule,52,12,0.4691460762843678,humanitarian,1684,22,26,0,270,22,0,2026-08-17T03:23:36.079781+00:00,small,10.0,True,medium,607.7780277094654,30,10,1540,21080,34.00935664290518,21,21,1.0,0.05503722230876019,6,144,fp16,880101,4882,8,0.3333333333333333,1376,low,76527,1706,26,30,32,private_fragmented,3,1.7763568394002505e-14,12.0,21.0,4.0,8.85,2.5504081695190487e-05,36.49117312926449,medium,0,-3.4481531655026547,0.06549839971455686,9967,42,8,9,0,49,0.16238325491688482,0.1225528357769836,0.13497555800791966,True,62,40520,0.5,0,v8-pilots-humanitarian-small-medium-low-medium-small_world-private_fragmented-880101-periodic-52761a8cde7f-fp16-frozen_local_rule,periodic,1493.9663381681712,21,0,39936,6656,0,66560,19968,pilots,31,0,2026-08-17T03:23:34.855801+00:00,8086962417382c2506e7a67e28ca21d81bae444ce1acc93decb79d57a57467c2,12,small_world,9967,42,1664,0.4,48,52761a8cde7f,120,"{'initial_reference': 24, 'periodic_due': 24, 'periodic_wait': 72}",153.2625008232,,,,,,,,
49,frozen_local_rule,52,12,0.48099600654746555,humanitarian,839,23,25,0,131,23,0,2026-08-17T03:23:36.826237+00:00,small,16.0,True,medium,607.7780277094654,30,10,756,10520,36.00935664290518,21,21,1.0,0.08039459514501222,6,83,fp16,880101,3256,8,0.3333333333333333,675,low,42966,862,25,30,32,private_fragmented,3,1.4210854715202004e-14,12.0,27.0,4.0,12.55,2.2245994317107496e-05,39.49917312926449,medium,0,-3.3396940498132333,0.08077745997671482,10206,43,8,9,0,49,0.16238325491688482,0.12361084258118586,0.13497555800791966,True,62,19720,0.5,0,v8-pilots-humanitarian-small-medium-low-medium-small_world-private_fragmented-880101-periodic-6ad813e35c14-fp16-frozen_local_rule,periodic,1475.745671904595,22,0,19656,3276,0,32760,9828,pilots,55,0,2026-08-17T03:23:35.921209+00:00,8086962417382c2506e7a67e28ca21d81bae444ce1acc93decb79d57a57467c2,12,small_world,10206,43,819,0.2,24,6ad813e35c14,120,"{'initial_reference': 24, 'periodic_wait': 96}",149.5145008232,,,,,,,,
49,frozen_local_rule,52,12,0.502838431056566,humanitarian,2517,24,24,0,391,24,0,2026-08-17T03:23:42.434573+00:00,small,13.0,True,medium,607.5004394888048,30,10,2149,32920,40.00935664290518,21,21,1.0,0.037425448645924037,6,368,fp16,880101,6324,10,0.4166666666666667,1897,low,102649,2359,24,30,32,private_fragmented,3,1.0658141036401503e-14,6.0,27.0,2.5714285714285716,7.575,2.697454932575957e-05,41.932128891826885,medium,0,-3.1645757174307088,0.052145289367373636,9969,42,8,7,0,49,0.13121803012019423,0.09729912302540643,0.11367864065201182,True,60,53040,0.5,0,v8-pilots-humanitarian-small-medium-low-medium-small_world-private_fragmented-880101-predictive_uncertainty_change-71c476debc21-fp16-frozen_local_rule,predictive_uncertainty_change,1429.546612141549,24,0,55608,9268,0,92680,27804,pilots,17,0,2026-08-17T03:23:41.249344+00:00,8086962417382c2506e7a67e28ca21d81bae444ce1acc93decb79d57a57467c2,12,small_world,9969,42,2317,0.6416666666666667,77,71c476debc21,120,"{'initial_reference': 24, 'predictive_uncertainty_change': 96}",140.43762544462405,,,,,,,,
49,frozen_local_rule,52,12,0.4906855935092868,humanitarian,3570,24,24,0,563,24,0,2026-08-17T03:23:41.699332+00:00,small,7.0,True,medium,604.2211573811308,30,10,3098,46920,38.00935664290518,21,21,1.0,0.027106083007452163,6,472,fp16,880101,8326,10,0.4166666666666667,2731,low,143119,3371,24,30,32,private_fragmented,3,1.4210854715202004e-14,6.0,12.0,2.5714285714285716,5.5,2.7614658862291094e-05,42.421623183067474,medium,0,-3.2540479222642054,0.04632739757746395,9959,42,8,7,0,49,0.12314560677281376,0.08502117573332331,0.10657669265620828,True,60,77000,0.5,0,v8-pilots-humanitarian-small-medium-low-medium-small_world-private_fragmented-880101-predictive_uncertainty_change-725a913ab228-fp16-frozen_local_rule,predictive_uncertainty_change,1465.1454125132734,23,0,79896,13316,0,133160,39948,pilots,0,0,2026-08-17T03:23:40.230722+00:00,8086962417382c2506e7a67e28ca21d81bae444ce1acc93decb79d57a57467c2,12,small_world,9959,42,3329,0.9,108,725a913ab228,120,"{'initial_reference': 24, 'predictive_uncertainty_change': 96}",145.4713081280184,,,,,,,,
49,frozen_local_rule,52,12,0.48099600654746555,humanitarian,2603,22,26,0,406,22,0,2026-08-17T03:23:49.367862+00:00,small,13.0,True,medium,607.5004394888048,30,10,2216,34480,36.00935664290518,21,21,1.0,0.03865034067540339,6,387,fp16,880101,6477,10,0.4166666666666667,1949,low,105359,2427,26,30,32,private_fragmented,3,1.4210854715202004e-14,6.0,21.0,2.5714285714285716,7.275,2.7703659454846103e-05,36.83659631114965,medium,0,-3.30352281661869,0.05238389527482103,9959,42,8,7,0,49,0.13121803012019423,0.09729912302540643,0.11367864065201182,True,60,54160,0.5,0,v8-pilots-humanitarian-small-medium-low-medium-small_world-private_fragmented-880101-tsallis_spectrum_change-1013b09ad56f-fp16-frozen_local_rule,tsallis_spectrum_change,1444.290803829149,22,0,57240,9540,0,95400,28620,pilots,14,0,2026-08-17T03:23:48.062560+00:00,8086962417382c2506e7a67e28ca21d81bae444ce1acc93decb79d57a57467c2,12,small_world,9959,42,2385,0.6666666666666666,80,1013b09ad56f,120,"{'initial_reference': 24, 'tsallis_spectrum_change': 96}",146.06485651939937,,,,,,,,
49,frozen_local_rule,52,12,0.4691460762843678,humanitarian,3456,22,26,0,536,22,0,2026-08-17T03:23:49.285804+00:00,small,7.0,True,medium,604.2211573811308,30,10,2981,45920,34.00935664290518,21,21,1.0,0.028894693618428603,6,475,fp16,880101,8095,10,0.4166666666666667,2635,low,138598,3258,26,30,32,private_fragmented,3,1.7763568394002505e-14,6.0,15.0,2.5714285714285716,6.0,3.0247901807058635e-05,36.343070206192536,medium,0,-3.4209936487963675,0.046804863198464816,9958,42,8,7,0,49,0.12314560677281376,0.08507581389518003,0.10657669265620828,True,60,73320,0.5,0,v8-pilots-humanitarian-small-medium-low-medium-small_world-private_fragmented-880101-tsallis_spectrum_change-6f94beebed2c-fp16-frozen_local_rule,tsallis_spectrum_change,1483.1635842249484,21,0,77184,12864,0,128640,38592,pilots,2,0,2026-08-17T03:23:47.838601+00:00,8086962417382c2506e7a67e28ca21d81bae444ce1acc93decb79d57a57467c2,12,small_world,9958,42,3216,0.875,105,6f94beebed2c,120,"{'initial_reference': 24, 'tsallis_spectrum_change': 96}",152.1374383251057,,,,,,,,
49,frozen_local_rule,52,12,0.4691460762843678,humanitarian,3323,22,26,0,513,22,0,2026-08-17T03:23:46.558668+00:00,small,13.0,True,medium,604.2211573811308,30,10,2862,44440,34.00935664290518,21,21,1.0,0.03100400301452858,6,461,fp16,880101,7843,10,0.4166666666666667,2526,low,133401,3128,26,30,32,private_fragmented,3,1.7763568394002505e-14,6.0,21.0,2.5714285714285716,6.35,3.1114306810185216e-05,36.343070206192536,medium,0,-3.4209936487963675,0.04802523557853071,9961,42,8,7,0,49,0.12314560677281376,0.08507581389518003,0.10657669265620828,True,60,70040,0.5,0,v8-pilots-humanitarian-small-medium-low-medium-small_world-private_fragmented-880101-v7_shannon_change-c35510bd725e-fp16-frozen_local_rule,v7_shannon_change,1483.1635842249484,21,0,74064,12344,0,123440,37032,pilots,5,0,2026-08-17T03:23:45.172657+00:00,8086962417382c2506e7a67e28ca21d81bae444ce1acc93decb79d57a57467c2,12,small_world,9961,42,3086,0.8416666666666667,101,c35510bd725e,120,"{'initial_reference': 24, 'v7_shannon_change': 96}",152.1374383251057,,,,,,,,
49,frozen_local_rule,52,12,0.48099600654746555,humanitarian,2670,22,26,0,406,22,0,2026-08-17T03:23:46.876172+00:00,small,16.0,True,medium,607.5004394888048,30,10,2276,35480,36.00935664290518,21,21,1.0,0.0367613671589664,6,394,fp16,880101,6604,10,0.4166666666666667,2007,low,108281,2500,26,30,32,private_fragmented,3,1.4210854715202004e-14,6.0,21.0,2.5714285714285716,7.3,2.5795815628386766e-05,36.83659631114965,medium,0,-3.30352281661869,0.05092268591715808,9961,42,8,7,0,49,0.13121803012019423,0.09729912302540643,0.11367864065201182,True,60,55560,0.5,0,v8-pilots-humanitarian-small-medium-low-medium-small_world-private_fragmented-880101-v7_shannon_change-c5a26765fa92-fp16-frozen_local_rule,v7_shannon_change,1444.290803829149,22,0,58992,9832,0,98320,29496,pilots,15,0,2026-08-17T03:23:45.649277+00:00,8086962417382c2506e7a67e28ca21d81bae444ce1acc93decb79d57a57467c2,12,small_world,9961,42,2458,0.6833333333333333,82,c5a26765fa92,120,"{'initial_reference': 24, 'v7_shannon_change': 96}",146.06485651939937,,,,,,,,
234,frozen_local_rule,276,52,,utility_restoration,18150,72,120,42,1494,72,,2026-08-17T03:31:38.232191+00:00,large,12.0,True,high,,86,20,15497,407840,,156,156,1.0,0.03545636682328818,72,2653,fp16,880154,47400,127,0.8141025641025641,13847,medium,755570,17310,120,100,263,private_fragmented,3,1.3002932064409833e-12,15.0,90.0,0.09615384615384616,29.985576923076923,2.6479742030914502e-05,-6.07049931012264,high,42,-0.37410060605838064,0.04948310279731614,76090,323,30,58,0,234,0.228859972156646,0.08077441067299064,0.09061249243006582,True,343,212040,,0,v8-pilots-utility_restoration-large-high-medium-high-small_world-private_fragmented-880154-age_of_information-e1d6ce4d93c3-fp16-frozen_local_rule,age_of_information,1830.9514253708337,18,0,407688,67948,0,679480,203844,pilots,855,0,2026-08-17T03:31:27.198441+00:00,46cac3787a6dff61a9338488467521fcb4e5b63d89cd805dde75060e12779797,,small_world,76090,323,16987,0.55,572,e1d6ce4d93c3,1040,"{'age_deadline': 468, 'initial_reference': 156, 'maximum_silence': 416}",,0.8554193644604283,43,28.0,0.0,5,52.0,110,760.9024717175524
234,frozen_local_rule,276,52,,utility_restoration,18150,72,120,42,1494,72,,2026-08-17T03:31:51.250247+00:00,large,27.0,True,high,,86,20,15497,407840,,156,156,1.0,0.04148369661111933,72,2653,fp16,880154,47400,128,0.8205128205128205,13847,medium,755570,17310,120,100,263,private_fragmented,3,1.3002932064409833e-12,15.0,90.0,0.09615384615384616,29.985576923076923,2.6479742030914502e-05,-6.07049931012264,high,42,-0.37410060605838064,0.0544136823992476,76090,323,30,58,0,234,0.228859972156646,0.0878884971840877,0.09862817628236793,True,343,212040,,0,v8-pilots-utility_restoration-large-high-medium-high-small_world-private_fragmented-880154-age_of_information-e27491322545-fp16-frozen_local_rule,age_of_information,1830.9514253708337,18,0,407688,67948,0,679480,203844,pilots,855,0,2026-08-17T03:31:40.156502+00:00,46cac3787a6dff61a9338488467521fcb4e5b63d89cd805dde75060e12779797,,small_world,76090,323,16987,0.55,572,e27491322545,1040,"{'age_deadline': 468, 'initial_reference': 156, 'maximum_silence': 416}",,0.8554193644604283,43,28.0,0.0,5,52.0,110,760.9024717175524
236,frozen_local_rule,277,52,,utility_restoration,32624,72,121,43,2623,72,,2026-08-17T03:30:17.008134+00:00,large,27.0,True,high,,89,20,27267,721440,,156,156,1.0,0.036747057741742174,74,5357,fp16,880154,73654,128,0.8205128205128205,24284,medium,1273504,30249,121,100,265,private_fragmented,3,1.3002932064409833e-12,15.0,90.0,0.09615384615384616,22.370192307692307,2.7080770258423448e-05,-6.257560733066374,high,43,-0.3746965153010734,0.05254254364218638,76544,325,30,57,0,236,0.228859972156646,0.0871141580219303,0.09834147430991623,True,344,369240,,0,v8-pilots-utility_restoration-large-high-medium-high-small_world-private_fragmented-880154-always_on-f06f6808d09b-fp16-frozen_local_rule,always_on,1830.9514253708337,18,0,718176,119696,0,1196960,359088,pilots,860,0,2026-08-17T03:30:03.197030+00:00,46cac3787a6dff61a9338488467521fcb4e5b63d89cd805dde75060e12779797,,small_world,76544,325,29924,1.0,1040,f06f6808d09b,1040,"{'always_on': 884, 'initial_reference': 156}",,0.8554193644604283,43,28.0,0.0,5,52.0,111,760.9024717175524
236,frozen_local_rule,277,52,,utility_restoration,32279,72,121,43,2599,72,,2026-08-17T03:32:38.931355+00:00,large,27.0,True,high,,88,20,26979,713440,,156,156,1.0,0.0367825530597404,74,5300,fp16,880154,73017,128,0.8205128205128205,24029,medium,1260714,29934,121,100,264,private_fragmented,3,1.3002932064409833e-12,15.0,90.0,0.09615384615384616,22.817307692307693,2.7101570887414907e-05,-6.257560733066374,high,43,-0.3746965153010734,0.05255845774569575,76314,324,30,57,0,236,0.228859972156646,0.08699871576710218,0.09827227797553036,True,344,365720,,0,v8-pilots-utility_restoration-large-high-medium-high-small_world-private_fragmented-880154-generalized_information-089fa0c17476-fp16-frozen_local_rule,generalized_information,1830.9514253708337,18,0,710640,118440,0,1184400,355320,pilots,860,0,2026-08-17T03:32:25.429434+00:00,46cac3787a6dff61a9338488467521fcb4e5b63d89cd805dde75060e12779797,,small_world,76314,324,29610,0.989423076923077,1029,089fa0c17476,1040,"{'below_threshold': 11, 'generalized_information_on': 862, 'initial_reference': 156, 'maximum_silence': 11}",,0.8554193644604283,43,28.0,0.0,5,52.0,111,760.9024717175524
235,frozen_local_rule,277,52,,utility_restoration,18883,71,121,43,1534,71,,2026-08-17T03:32:40.400758+00:00,large,27.0,True,high,,87,20,16029,421240,,156,156,1.0,0.039996695978488185,72,2854,fp16,880154,48667,128,0.8205128205128205,14337,medium,780649,17938,121,100,263,private_fragmented,3,1.3002932064409833e-12,15.0,90.0,0.09615384615384616,30.46153846153846,2.6538494292528392e-05,-6.450499310122639,high,43,-0.3753930444601213,0.053698800689815765,76049,323,30,57,0,235,0.228859972156646,0.08664028543939493,0.09664713999214171,True,343,219920,,0,v8-pilots-utility_restoration-large-high-medium-high-small_world-private_fragmented-880154-generalized_information-16bfadb86d55-fp16-frozen_local_rule,generalized_information,1830.9514253708337,18,0,422760,70460,0,704600,211380,pilots,858,0,2026-08-17T03:32:29.116509+00:00,46cac3787a6dff61a9338488467521fcb4e5b63d89cd805dde75060e12779797,,small_world,76049,323,17615,0.5740384615384615,597,16bfadb86d55,1040,"{'below_threshold': 443, 'generalized_information_on': 55, 'initial_reference': 156, 'maximum_silence': 386}",,0.8554193644604283,43,28.0,0.0,5,52.0,111,760.9024717175524
237,frozen_local_rule,279,52,,utility_restoration,19123,72,122,43,1577,72,,2026-08-17T03:32:18.153231+00:00,large,27.0,True,high,,86,20,16274,427840,,156,156,1.0,0.040168473494337456,72,2849,fp16,880154,49152,128,0.8205128205128205,14538,medium,789995,18176,122,100,262,private_fragmented,3,1.3002932064409833e-12,15.0,90.0,0.09615384615384616,29.942307692307693,2.6154178275900645e-05,-6.7848767154910945,high,43,-0.37642459787635535,0.05328735567399154,75835,322,30,57,0,237,0.228859972156646,0.08540983176522059,0.09612348246991537,True,345,223120,,0,v8-pilots-utility_restoration-large-high-medium-high-small_world-private_fragmented-880154-js_drift-565d3b5e7ead-fp16-frozen_local_rule,js_drift,1830.9514253708337,18,0,428496,71416,0,714160,214248,pilots,857,0,2026-08-17T03:32:06.970043+00:00,46cac3787a6dff61a9338488467521fcb4e5b63d89cd805dde75060e12779797,,small_world,75835,322,17854,0.5798076923076924,603,565d3b5e7ead,1040,"{'initial_reference': 156, 'js_drift': 505, 'maximum_silence': 379}",,0.8554193644604283,43,28.0,0.0,5,52.0,112,760.9024717175524
236,frozen_local_rule,277,52,,utility_restoration,22421,72,121,43,1820,72,,2026-08-17T03:32:10.162446+00:00,large,27.0,True,high,,86,20,18810,496040,,156,156,1.0,0.038106789413025324,73,3611,fp16,880154,54980,128,0.8205128205128205,16800,medium,903076,21008,121,100,262,private_fragmented,3,1.3002932064409833e-12,15.0,90.0,0.09615384615384616,28.110576923076923,2.6393139548035704e-05,-6.290499310122641,high,43,-0.37481542713160143,0.052449814659255,75596,321,30,57,0,236,0.228859972156646,0.086107909983074,0.09552051070931657,True,343,256360,,0,v8-pilots-utility_restoration-large-high-medium-high-small_world-private_fragmented-880154-js_drift-ffac7588a645-fp16-frozen_local_rule,js_drift,1830.9514253708337,18,0,496488,82748,0,827480,248244,pilots,859,0,2026-08-17T03:31:58.218572+00:00,46cac3787a6dff61a9338488467521fcb4e5b63d89cd805dde75060e12779797,,small_world,75596,321,20687,0.6855769230769231,713,ffac7588a645,1040,"{'initial_reference': 156, 'js_drift': 603, 'maximum_silence': 281}",,0.8554193644604283,43,28.0,0.0,5,52.0,111,760.9024717175524
237,frozen_local_rule,279,52,,utility_restoration,23583,72,122,43,1946,72,,2026-08-17T03:31:06.817432+00:00,large,27.0,True,high,,88,20,19985,527200,,156,156,1.0,0.03970493130551769,73,3598,fp16,880154,57336,128,0.8205128205128205,17849,medium,954001,22256,122,100,264,private_fragmented,3,1.3002932064409833e-12,15.0,90.0,0.09615384615384616,27.865384615384617,2.7169933333615875e-05,-6.51049931012264,high,43,-0.3754411663158949,0.05287640444370202,76801,326,30,57,0,237,0.228859972156646,0.08665585027975317,0.09694120099685319,True,346,272200,,0,v8-pilots-utility_restoration-large-high-medium-high-small_world-private_fragmented-880154-kpi_change-314c8c128df2-fp16-frozen_local_rule,kpi_change,1830.9514253708337,18,0,526320,87720,0,877200,263160,pilots,857,0,2026-08-17T03:30:54.429300+00:00,46cac3787a6dff61a9338488467521fcb4e5b63d89cd805dde75060e12779797,,small_world,76801,326,21930,0.7173076923076923,746,314c8c128df2,1040,"{'initial_reference': 156, 'kpi_change': 637, 'maximum_silence': 247}",,0.8554193644604283,43,28.0,0.0,5,52.0,112,760.9024717175524
237,frozen_local_rule,278,52,,utility_restoration,26150,72,122,43,2140,72,,2026-08-17T03:30:58.162430+00:00,large,27.0,True,high,,88,20,22058,582440,,156,156,1.0,0.03897072349326295,73,4092,fp16,880154,61972,128,0.8205128205128205,19690,medium,1045439,24547,122,100,263,private_fragmented,3,1.3002932064409833e-12,15.0,90.0,0.09615384615384616,26.8125,2.670685895500927e-05,-6.51049931012264,high,43,-0.37552510560717317,0.05310952715798989,76559,325,30,57,0,237,0.228859972156646,0.08675604105756217,0.09700061967182716,True,345,299880,,0,v8-pilots-utility_restoration-large-high-medium-high-small_world-private_fragmented-880154-kpi_change-d83b95b9a33f-fp16-frozen_local_rule,kpi_change,1830.9514253708337,18,0,581328,96888,0,968880,290664,pilots,859,0,2026-08-17T03:30:45.794990+00:00,46cac3787a6dff61a9338488467521fcb4e5b63d89cd805dde75060e12779797,,small_world,76559,325,24222,0.801923076923077,834,d83b95b9a33f,1040,"{'initial_reference': 156, 'kpi_change': 705, 'maximum_silence': 179}",,0.8554193644604283,43,28.0,0.0,5,52.0,112,760.9024717175524
236,frozen_local_rule,277,52,,utility_restoration,32420,72,121,43,2607,72,,2026-08-17T03:31:29.416105+00:00,large,27.0,True,high,,89,20,27105,716800,,156,156,1.0,0.03673227360003289,74,5315,fp16,880154,73288,128,0.8205128205128205,24138,medium,1266225,30067,121,100,265,private_fragmented,3,1.3002932064409833e-12,15.0,90.0,0.09615384615384616,22.471153846153847,2.7097600402249512e-05,-6.257560733066374,high,43,-0.3746965153010734,0.05253707587230091,76545,325,30,57,0,236,0.228859972156646,0.08699871576710218,0.09827227797553036,True,344,367400,,0,v8-pilots-utility_restoration-large-high-medium-high-small_world-private_fragmented-880154-l1_belief_drift-a4111e560261-fp16-frozen_local_rule,l1_belief_drift,1830.9514253708337,18,0,713808,118968,0,1189680,356904,pilots,860,0,2026-08-17T03:31:15.384797+00:00,46cac3787a6dff61a9338488467521fcb4e5b63d89cd805dde75060e12779797,,small_world,76545,325,29742,0.9932692307692308,1033,a4111e560261,1040,"{'initial_reference': 156, 'l1_belief_drift': 877, 'maximum_silence': 7}",,0.8554193644604283,43,28.0,0.0,5,52.0,111,760.9024717175524
237,frozen_local_rule,278,52,,utility_restoration,29988,73,121,43,2420,73,,2026-08-17T03:31:37.077653+00:00,large,27.0,True,high,,87,20,25010,661800,,156,156,1.0,0.03691181889217257,74,4978,fp16,880154,68752,128,0.8205128205128205,22291,medium,1174808,27796,121,100,263,private_fragmented,3,1.3002932064409833e-12,15.0,90.0,0.09615384615384616,24.822115384615383,2.7017033876492556e-05,-6.019560733066372,high,43,-0.3737591395026542,0.05230542697879155,75848,322,30,55,0,237,0.228859972156646,0.08608693869254375,0.09707846337377454,True,342,338600,,0,v8-pilots-utility_restoration-large-high-medium-high-small_world-private_fragmented-880154-l1_belief_drift-c1987b7c3312-fp16-frozen_local_rule,l1_belief_drift,1830.9514253708337,18,0,659376,109896,0,1098960,329688,pilots,860,0,2026-08-17T03:31:23.929478+00:00,46cac3787a6dff61a9338488467521fcb4e5b63d89cd805dde75060e12779797,,small_world,75848,322,27474,0.9192307692307692,956,c1987b7c3312,1040,"{'initial_reference': 156, 'l1_belief_drift': 808, 'maximum_silence': 76}",,0.8554193644604283,43,28.0,0.0,5,52.0,111,760.9024717175524
234,frozen_local_rule,275,52,,utility_restoration,20501,71,120,43,1709,71,,2026-08-17T03:30:46.778558+00:00,large,27.0,True,high,,85,20,17442,457400,,156,156,1.0,0.04044270271594267,71,3059,fp16,880154,51694,128,0.8205128205128205,15598,medium,841385,19460,120,100,263,private_fragmented,3,1.3002932064409833e-12,15.0,90.0,0.09615384615384616,29.16346153846154,2.7218593366452218e-05,-6.034121904754187,high,43,-0.3740483048123784,0.05355024858181907,75865,322,30,58,0,234,0.228859972156646,0.08792796266957097,0.09853606797379694,True,342,240280,,0,v8-pilots-utility_restoration-large-high-medium-high-small_world-private_fragmented-880154-matched_random-38fb0a18a6da-fp16-frozen_local_rule,matched_random,1830.9514253708337,18,0,459312,76552,0,765520,229656,pilots,854,0,2026-08-17T03:30:34.881328+00:00,46cac3787a6dff61a9338488467521fcb4e5b63d89cd805dde75060e12779797,,small_world,75865,322,19138,0.6182692307692308,643,38fb0a18a6da,1040,"{'initial_reference': 156, 'matched_random_selected': 154, 'matched_random_wait': 397, 'maximum_silence': 333}",,0.8554193644604283,43,28.0,0.0,5,52.0,110,760.9024717175524
235,frozen_local_rule,277,52,,utility_restoration,18682,71,121,43,1542,71,,2026-08-17T03:30:38.724352+00:00,large,27.0,True,high,,87,20,15885,418400,,156,156,1.0,0.04114449202213182,72,2797,fp16,880154,48322,128,0.8205128205128205,14216,medium,773837,17768,121,100,263,private_fragmented,3,1.3002932064409833e-12,15.0,90.0,0.09615384615384616,29.798076923076923,2.6512548213779503e-05,-6.5284993101226405,high,43,-0.3756746329077747,0.05424656851232567,76037,323,30,57,0,235,0.228859972156646,0.08736574262287272,0.09888800181574073,True,343,217000,,0,v8-pilots-utility_restoration-large-high-medium-high-small_world-private_fragmented-880154-matched_random-51434b2214b6-fp16-frozen_local_rule,matched_random,1830.9514253708337,18,0,418680,69780,0,697800,209340,pilots,855,0,2026-08-17T03:30:27.550886+00:00,46cac3787a6dff61a9338488467521fcb4e5b63d89cd805dde75060e12779797,,small_world,76037,323,17445,0.5653846153846154,588,51434b2214b6,1040,"{'initial_reference': 156, 'matched_random_selected': 52, 'matched_random_wait': 452, 'maximum_silence': 380}",,0.8554193644604283,43,28.0,0.0,5,52.0,111,760.9024717175524
234,frozen_local_rule,275,52,,utility_restoration,22324,71,120,43,1819,71,,2026-08-17T03:30:54.046394+00:00,large,27.0,True,high,,85,20,18908,496720,,156,156,1.0,0.03978574121638486,72,3416,fp16,880154,54982,128,0.8205128205128205,16896,medium,906227,21081,120,100,263,private_fragmented,3,1.3002932064409833e-12,15.0,90.0,0.09615384615384616,28.701923076923077,2.720526709257256e-05,-6.034121904754187,high,43,-0.3740483048123784,0.053377408074380954,75867,322,30,58,0,234,0.228859972156646,0.08688138491757241,0.09871299870612248,True,342,259600,,0,v8-pilots-utility_restoration-large-high-medium-high-small_world-private_fragmented-880154-matched_random-681a73b1e0f1-fp16-frozen_local_rule,matched_random,1830.9514253708337,18,0,498216,83036,0,830360,249108,pilots,856,0,2026-08-17T03:30:42.221004+00:00,46cac3787a6dff61a9338488467521fcb4e5b63d89cd805dde75060e12779797,,small_world,75867,322,20759,0.6788461538461539,706,681a73b1e0f1,1040,"{'initial_reference': 156, 'matched_random_selected': 274, 'matched_random_wait': 334, 'maximum_silence': 276}",,0.8554193644604283,43,28.0,0.0,5,52.0,110,760.9024717175524
236,frozen_local_rule,277,52,,utility_restoration,0,75,120,41,0,75,,2026-08-17T03:30:14.029361+00:00,large,52.0,True,high,,84,20,0,0,,156,156,1.0,0.04933119878589222,71,0,fp16,880154,13751,123,0.7884615384615384,0,medium,75610,321,120,100,262,private_fragmented,3,1.3002932064409833e-12,15.0,0.0,0.19230769230769232,0.0,0.0,-5.434499310122642,high,41,-0.3717251744240202,0.05083733860379538,75610,321,30,56,0,236,0.228859972156646,0.08234801424903777,0.09083684001569764,True,342,0,,0,v8-pilots-utility_restoration-large-high-medium-high-small_world-private_fragmented-880154-none-806ed450405e-fp16-frozen_local_rule,none,1830.9514253708337,18,0,0,0,0,0,0,pilots,0,0,2026-08-17T03:30:07.368177+00:00,46cac3787a6dff61a9338488467521fcb4e5b63d89cd805dde75060e12779797,,small_world,75610,321,0,0.0,0,806ed450405e,1040,{'disabled': 1040},,0.8554193644604283,43,28.0,0.0,5,52.0,110,760.9024717175524
235,frozen_local_rule,275,52,,utility_restoration,13945,72,121,42,1233,72,,2026-08-17T03:30:36.201569+00:00,large,52.0,True,high,,85,20,12496,320440,,156,156,1.0,0.046507208763829105,71,1449,fp16,880154,40186,127,0.8141025641025641,11252,medium,622748,14004,121,100,261,private_fragmented,3,1.3002932064409833e-12,15.0,90.0,0.09615384615384616,32.14903846153846,2.6553694627738048e-05,-6.212499310122639,high,42,-0.3746969499228091,0.05821128720500424,75388,320,30,56,0,235,0.228859972156646,0.09343975328701269,0.10413882191308003,True,341,179400,,0,v8-pilots-utility_restoration-large-high-medium-high-small_world-private_fragmented-880154-periodic-4caef583da51-fp16-frozen_local_rule,periodic,1830.9514253708337,18,0,328416,54736,0,547360,164208,pilots,855,0,2026-08-17T03:30:25.783009+00:00,46cac3787a6dff61a9338488467521fcb4e5b63d89cd805dde75060e12779797,,small_world,75388,320,13684,0.4,416,4caef583da51,1040,"{'initial_reference': 156, 'maximum_silence': 260, 'periodic_wait': 624}",,0.8554193644604283,43,28.0,0.0,5,52.0,111,760.9024717175524
234,frozen_local_rule,276,52,,utility_restoration,18150,72,120,42,1494,72,,2026-08-17T03:30:18.772316+00:00,large,27.0,True,high,,86,20,15497,407840,,156,156,1.0,0.04148369661111933,72,2653,fp16,880154,47400,128,0.8205128205128205,13847,medium,755570,17310,120,100,263,private_fragmented,3,1.3002932064409833e-12,15.0,90.0,0.09615384615384616,29.985576923076923,2.6479742030914502e-05,-6.07049931012264,high,42,-0.37410060605838064,0.0544136823992476,76090,323,30,58,0,234,0.228859972156646,0.0878884971840877,0.09862817628236793,True,343,212040,,0,v8-pilots-utility_restoration-large-high-medium-high-small_world-private_fragmented-880154-periodic-52761a8cde7f-fp16-frozen_local_rule,periodic,1830.9514253708337,18,0,407688,67948,0,679480,203844,pilots,855,0,2026-08-17T03:30:07.694976+00:00,46cac3787a6dff61a9338488467521fcb4e5b63d89cd805dde75060e12779797,,small_world,76090,323,16987,0.55,572,52761a8cde7f,1040,"{'initial_reference': 156, 'maximum_silence': 416, 'periodic_wait': 468}",,0.8554193644604283,43,28.0,0.0,5,52.0,110,760.9024717175524
234,frozen_local_rule,276,52,,utility_restoration,18150,72,120,42,1494,72,,2026-08-17T03:30:27.771350+00:00,large,27.0,True,high,,86,20,15497,407840,,156,156,1.0,0.04148369661111933,72,2653,fp16,880154,47400,128,0.8205128205128205,13847,medium,755570,17310,120,100,263,private_fragmented,3,1.3002932064409833e-12,15.0,90.0,0.09615384615384616,29.985576923076923,2.6479742030914502e-05,-6.07049931012264,high,42,-0.37410060605838064,0.0544136823992476,76090,323,30,58,0,234,0.228859972156646,0.0878884971840877,0.09862817628236793,True,343,212040,,0,v8-pilots-utility_restoration-large-high-medium-high-small_world-private_fragmented-880154-periodic-6ad813e35c14-fp16-frozen_local_rule,periodic,1830.9514253708337,18,0,407688,67948,0,679480,203844,pilots,855,0,2026-08-17T03:30:16.216561+00:00,46cac3787a6dff61a9338488467521fcb4e5b63d89cd805dde75060e12779797,,small_world,76090,323,16987,0.55,572,6ad813e35c14,1040,"{'initial_reference': 156, 'maximum_silence': 416, 'periodic_wait': 468}",,0.8554193644604283,43,28.0,0.0,5,52.0,110,760.9024717175524
235,frozen_local_rule,276,52,,utility_restoration,22819,71,121,43,1865,71,,2026-08-17T03:31:19.140703+00:00,large,27.0,True,high,,87,20,19268,505680,,156,156,1.0,0.038981579125053255,74,3551,fp16,880154,55845,128,0.8205128205128205,17219,medium,921928,21464,121,100,265,private_fragmented,3,1.3002932064409833e-12,15.0,90.0,0.09615384615384616,29.0625,2.660756538926594e-05,-6.450499310122639,high,43,-0.3754774176525835,0.052959514824510084,76328,324,30,57,0,235,0.228859972156646,0.0862986384599797,0.09532197295701714,True,342,265040,,0,v8-pilots-utility_restoration-large-high-medium-high-small_world-private_fragmented-880154-predictive_uncertainty_change-71c476debc21-fp16-frozen_local_rule,predictive_uncertainty_change,1830.9514253708337,18,0,507360,84560,0,845600,253680,pilots,855,0,2026-08-17T03:31:07.209986+00:00,46cac3787a6dff61a9338488467521fcb4e5b63d89cd805dde75060e12779797,,small_world,76328,324,21140,0.6913461538461538,719,71c476debc21,1040,"{'initial_reference': 156, 'maximum_silence': 272, 'predictive_uncertainty_change': 612}",,0.8554193644604283,43,28.0,0.0,5,52.0,111,760.9024717175524
233,frozen_local_rule,274,52,,utility_restoration,26046,70,120,43,2121,70,,2026-08-17T03:31:14.838680+00:00,large,27.0,True,high,,87,20,21896,576640,,156,156,1.0,0.03853562761237985,74,4150,fp16,880154,61696,128,0.8205128205128205,19540,medium,1038028,24366,120,100,265,private_fragmented,3,1.3002932064409833e-12,15.0,90.0,0.09615384615384616,27.28846153846154,2.7330420451508266e-05,-6.194121904754185,high,43,-0.37471232766446533,0.052862980620822744,76348,324,30,58,0,233,0.228859972156646,0.08691845414441536,0.09573724514325431,True,341,299200,,0,v8-pilots-utility_restoration-large-high-medium-high-small_world-private_fragmented-880154-predictive_uncertainty_change-725a913ab228-fp16-frozen_local_rule,predictive_uncertainty_change,1830.9514253708337,18,0,577008,96168,0,961680,288504,pilots,856,0,2026-08-17T03:31:02.166617+00:00,46cac3787a6dff61a9338488467521fcb4e5b63d89cd805dde75060e12779797,,small_world,76348,324,24042,0.7961538461538461,828,725a913ab228,1040,"{'initial_reference': 156, 'maximum_silence': 183, 'predictive_uncertainty_change': 701}",,0.8554193644604283,43,28.0,0.0,5,52.0,110,760.9024717175524
234,frozen_local_rule,274,52,,utility_restoration,21897,71,120,43,1775,71,,2026-08-17T03:32:30.234216+00:00,large,27.0,True,high,,87,20,18449,484480,,156,156,1.0,0.03895862784141735,74,3448,fp16,880154,54102,128,0.8205128205128205,16475,medium,886301,20573,120,100,265,private_fragmented,3,1.3002932064409833e-12,15.0,90.0,0.09615384615384616,29.870192307692307,2.7590301165467732e-05,-6.197560733066373,high,43,-0.374724878132758,0.0534043508556189,76341,324,30,57,0,234,0.228859972156646,0.08698892413179826,0.09872704551641706,True,340,253480,,0,v8-pilots-utility_restoration-large-high-medium-high-small_world-private_fragmented-880154-tsallis_spectrum_change-1013b09ad56f-fp16-frozen_local_rule,tsallis_spectrum_change,1830.9514253708337,18,0,485976,80996,0,809960,242988,pilots,857,0,2026-08-17T03:32:18.245386+00:00,46cac3787a6dff61a9338488467521fcb4e5b63d89cd805dde75060e12779797,,small_world,76341,324,20249,0.6634615384615384,690,1013b09ad56f,1040,"{'initial_reference': 156, 'maximum_silence': 293, 'tsallis_spectrum_change': 591}",,0.8554193644604283,43,28.0,0.0,5,52.0,110,760.9024717175524
235,frozen_local_rule,276,52,,utility_restoration,25949,71,120,44,2103,71,,2026-08-17T03:32:20.081548+00:00,large,27.0,True,high,,88,20,21817,575400,,156,156,1.0,0.0380065157563216,74,4132,fp16,880154,61524,128,0.8205128205128205,19466,medium,1034062,24267,120,100,265,private_fragmented,3,1.3002932064409833e-12,15.0,90.0,0.09615384615384616,27.08653846153846,2.7371611498771527e-05,-6.549938138434828,high,44,-0.3758377032624103,0.05298367611819385,76342,324,30,58,0,235,0.228859972156646,0.08738076567370551,0.096493026021856,True,344,297280,,0,v8-pilots-utility_restoration-large-high-medium-high-small_world-private_fragmented-880154-tsallis_spectrum_change-6f94beebed2c-fp16-frozen_local_rule,tsallis_spectrum_change,1830.9514253708337,18,0,574632,95772,0,957720,287316,pilots,858,0,2026-08-17T03:32:07.533159+00:00,46cac3787a6dff61a9338488467521fcb4e5b63d89cd805dde75060e12779797,,small_world,76342,324,23943,0.7875,819,6f94beebed2c,1040,"{'initial_reference': 156, 'maximum_silence': 176, 'tsallis_spectrum_change': 708}",,0.8554193644604283,43,28.0,0.0,5,52.0,110,760.9024717175524
235,frozen_local_rule,276,52,,utility_restoration,26446,71,120,44,2133,71,,2026-08-17T03:31:57.937170+00:00,large,27.0,True,high,,88,20,22194,585680,,156,156,1.0,0.03784331098107221,74,4252,fp16,880154,62398,128,0.8205128205128205,19797,medium,1050840,24686,120,100,265,private_fragmented,3,1.3002932064409833e-12,15.0,90.0,0.09615384615384616,26.884615384615383,2.7391698069612016e-05,-6.549938138434828,high,44,-0.3758377032624103,0.05304406432616411,76360,324,30,58,0,235,0.228859972156646,0.08776022096811087,0.09777180185137103,True,344,302080,,0,v8-pilots-utility_restoration-large-high-medium-high-small_world-private_fragmented-880154-v7_shannon_change-c35510bd725e-fp16-frozen_local_rule,v7_shannon_change,1830.9514253708337,18,0,584688,97448,0,974480,292344,pilots,860,0,2026-08-17T03:31:45.333341+00:00,46cac3787a6dff61a9338488467521fcb4e5b63d89cd805dde75060e12779797,,small_world,76360,324,24362,0.8048076923076923,837,c35510bd725e,1040,"{'initial_reference': 156, 'maximum_silence': 167, 'v7_shannon_change': 717}",,0.8554193644604283,43,28.0,0.0,5,52.0,110,760.9024717175524
235,frozen_local_rule,276,52,,utility_restoration,22911,71,121,43,1859,71,,2026-08-17T03:31:59.298769+00:00,large,27.0,True,high,,87,20,19261,508320,,156,156,1.0,0.03881200351851867,74,3650,fp16,880154,55934,128,0.8205128205128205,17199,medium,922407,21471,121,100,266,private_fragmented,3,1.3002932064409833e-12,15.0,90.0,0.09615384615384616,29.53846153846154,2.7490860851869206e-05,-6.417560733066373,high,43,-0.3753580749820898,0.053517409993616386,76567,325,30,57,0,235,0.228859972156646,0.08702603330419514,0.09763854207546449,True,342,262120,,0,v8-pilots-utility_restoration-large-high-medium-high-small_world-private_fragmented-880154-v7_shannon_change-c5a26765fa92-fp16-frozen_local_rule,v7_shannon_change,1830.9514253708337,18,0,507504,84584,0,845840,253752,pilots,858,0,2026-08-17T03:31:47.258341+00:00,46cac3787a6dff61a9338488467521fcb4e5b63d89cd805dde75060e12779797,,small_world,76567,325,21146,0.6951923076923077,723,c5a26765fa92,1040,"{'initial_reference': 156, 'maximum_silence': 264, 'v7_shannon_change': 620}",,0.8554193644604283,43,28.0,0.0,5,52.0,111,760.9024717175524
77,frozen_local_rule,83,28,,utility_restoration,3862,40,26,11,356,40,,2026-08-17T03:28:46.091517+00:00,medium,31.0,True,high,,49,15,3386,90040,,79,79,1.0,0.033910676355464395,39,476,fp16,880152,13613,80,0.9523809523809523,2780,high,220746,4040,26,60,298,private_fragmented,3,8.704148513061227e-14,0.0,52.0,0.0,13.723809523809523,3.821446957961558e-05,7.11310149185534,high,11,-0.31488665924112613,0.04878170799704502,71386,306,16,51,0,77,0.1367240160520578,0.07314138992943131,0.0834580351899807,True,140,45400,,0,v8-pilots-utility_restoration-medium-high-high-high-modular-private_fragmented-880152-age_of_information-e1d6ce4d93c3-fp16-frozen_local_rule,age_of_information,672.9856177216819,19,0,89616,14936,0,149360,44808,pilots,170,0,2026-08-17T03:28:42.594656+00:00,d3e413a8cda987ee2d9e5f64e16b05199b3879d15f45b5186f689ac8bde7b240,,modular,71386,306,3734,0.6,252,e1d6ce4d93c3,420,"{'age_deadline': 168, 'initial_reference': 84, 'maximum_silence': 168}",,0.8538239477863464,22,19.0,0.0,0,38.0,24,351.67199674893953
78,frozen_local_rule,83,28,,utility_restoration,2663,40,27,11,263,40,,2026-08-17T03:28:49.535820+00:00,medium,31.0,True,high,,49,15,2401,63280,,79,79,1.0,0.034646526824505225,39,262,fp16,880152,11429,80,0.9523809523809523,1965,high,176324,2931,27,60,298,private_fragmented,3,8.704148513061227e-14,0.0,48.0,0.0,13.733333333333333,3.6129948371220537e-05,7.663134490650493,high,11,-0.3082597556411845,0.051910761666417005,71324,306,16,52,0,78,0.1367240160520578,0.075595798955403,0.08530225384210242,True,142,32760,,0,v8-pilots-utility_restoration-medium-high-high-high-modular-private_fragmented-880152-age_of_information-e27491322545-fp16-frozen_local_rule,age_of_information,672.9856177216819,20,0,63000,10500,0,105000,31500,pilots,160,0,2026-08-17T03:28:46.309604+00:00,d3e413a8cda987ee2d9e5f64e16b05199b3879d15f45b5186f689ac8bde7b240,,modular,71324,306,2625,0.4,168,e27491322545,420,"{'age_deadline': 252, 'initial_reference': 84, 'maximum_silence': 84}",,0.8538239477863464,22,19.0,0.0,0,38.0,25,351.67199674893953
78,frozen_local_rule,83,28,,utility_restoration,6205,40,26,12,565,40,,2026-08-17T03:28:23.721747+00:00,medium,31.0,True,high,,48,15,5307,143840,,79,79,1.0,0.033358345846333334,39,898,fp16,880152,17876,80,0.9523809523809523,4307,high,304257,6132,26,60,298,private_fragmented,3,8.704148513061227e-14,0.0,48.0,0.0,9.58095238095238,3.973158722761809e-05,7.961134490650493,high,12,-0.3191381277714548,0.04814110111054006,71177,305,16,51,0,78,0.1367240160520578,0.07379367417569899,0.08325255777496564,True,139,68440,,0,v8-pilots-utility_restoration-medium-high-high-high-modular-private_fragmented-880152-always_on-f06f6808d09b-fp16-frozen_local_rule,always_on,697.2930901294516,20,0,139848,23308,0,233080,69924,pilots,71,0,2026-08-17T03:28:19.909655+00:00,d3e413a8cda987ee2d9e5f64e16b05199b3879d15f45b5186f689ac8bde7b240,,modular,71177,305,5827,1.0,420,f06f6808d09b,420,"{'always_on': 336, 'initial_reference': 84}",,0.8538239477863464,22,19.0,0.0,0,38.0,25,351.67199674893953
79,frozen_local_rule,84,28,,utility_restoration,4819,40,27,12,449,40,,2026-08-17T03:29:02.582251+00:00,medium,31.0,True,high,,48,15,4120,111400,,79,79,1.0,0.033255418548531666,39,699,fp16,880152,15306,80,0.9523809523809523,3332,high,251489,4813,27,60,298,private_fragmented,3,8.704148513061227e-14,0.0,48.0,0.0,11.380952380952381,3.886672483370951e-05,7.385639039063967,high,12,-0.3310460715615754,0.04882449852181636,71169,305,16,52,0,79,0.1367240160520578,0.07379367417569899,0.08347486452027884,True,141,53400,,0,v8-pilots-utility_restoration-medium-high-high-high-modular-private_fragmented-880152-generalized_information-089fa0c17476-fp16-frozen_local_rule,generalized_information,703.8701810047261,20,0,108192,18032,0,180320,54096,pilots,120,0,2026-08-17T03:28:59.050659+00:00,d3e413a8cda987ee2d9e5f64e16b05199b3879d15f45b5186f689ac8bde7b240,,modular,71169,305,4508,0.7761904761904762,326,089fa0c17476,420,"{'below_threshold': 94, 'generalized_information_on': 242, 'initial_reference': 84}",,0.8538239477863464,22,19.0,0.0,0,38.0,26,351.67199674893953
78,frozen_local_rule,84,28,,utility_restoration,3311,40,27,11,309,40,,2026-08-17T03:29:02.770069+00:00,medium,31.0,True,high,,49,15,2860,76680,,79,79,1.0,0.03419328653878817,39,451,fp16,880152,12542,80,0.9523809523809523,2335,high,197405,3452,27,60,299,private_fragmented,3,8.704148513061227e-14,0.0,52.0,0.0,13.952380952380953,3.791536518174716e-05,6.893101491855341,high,11,-0.3185259451693899,0.04980816035374851,71605,307,16,51,0,78,0.1367240160520578,0.07525545163342065,0.08473107691864594,True,142,37720,,0,v8-pilots-utility_restoration-medium-high-high-high-modular-private_fragmented-880152-generalized_information-16bfadb86d55-fp16-frozen_local_rule,generalized_information,672.9856177216819,19,0,75480,12580,0,125800,37740,pilots,170,0,2026-08-17T03:28:59.483490+00:00,d3e413a8cda987ee2d9e5f64e16b05199b3879d15f45b5186f689ac8bde7b240,,modular,71605,307,3145,0.5190476190476191,218,16bfadb86d55,420,"{'below_threshold': 202, 'generalized_information_on': 121, 'initial_reference': 84, 'maximum_silence': 13}",,0.8538239477863464,22,19.0,0.0,0,38.0,25,351.67199674893953
79,frozen_local_rule,84,28,,utility_restoration,2844,39,28,12,273,39,,2026-08-17T03:28:57.298712+00:00,medium,31.0,True,high,,48,15,2517,66960,,79,79,1.0,0.03393225617082755,39,327,fp16,880152,11730,80,0.9523809523809523,2051,high,181324,3055,28,60,298,private_fragmented,3,8.704148513061227e-14,0.0,52.0,0.0,14.476190476190476,3.701860350667666e-05,6.927639039063968,high,12,-0.3364984525139564,0.05077872840643603,71364,306,16,52,0,79,0.1367240160520578,0.07524133288745645,0.08439440113685973,True,142,33720,,0,v8-pilots-utility_restoration-medium-high-high-high-modular-private_fragmented-880152-js_drift-565d3b5e7ead-fp16-frozen_local_rule,js_drift,703.8701810047261,20,0,65976,10996,0,109960,32988,pilots,169,0,2026-08-17T03:28:53.997028+00:00,d3e413a8cda987ee2d9e5f64e16b05199b3879d15f45b5186f689ac8bde7b240,,modular,71364,306,2749,0.44047619047619047,185,565d3b5e7ead,420,"{'initial_reference': 84, 'js_drift': 264, 'maximum_silence': 72}",,0.8538239477863464,22,19.0,0.0,0,38.0,27,351.67199674893953
77,frozen_local_rule,83,28,,utility_restoration,3901,39,26,12,349,39,,2026-08-17T03:28:54.643694+00:00,medium,31.0,True,high,,49,15,3330,89320,,79,79,1.0,0.03354824996603742,39,571,fp16,880152,13589,80,0.9523809523809523,2697,high,216619,3946,26,60,296,private_fragmented,3,8.704148513061227e-14,0.0,48.0,0.0,13.81904761904762,3.956362222283332e-05,7.282310390572849,high,12,-0.3312316664316543,0.04927838570840813,70939,304,16,52,0,77,0.1367240160520578,0.07342990917461437,0.08438493215316084,True,141,43880,,0,v8-pilots-utility_restoration-medium-high-high-high-modular-private_fragmented-880152-js_drift-ffac7588a645-fp16-frozen_local_rule,js_drift,703.8701810047261,19,0,87408,14568,0,145680,43704,pilots,154,0,2026-08-17T03:28:51.266578+00:00,d3e413a8cda987ee2d9e5f64e16b05199b3879d15f45b5186f689ac8bde7b240,,modular,70939,304,3642,0.6238095238095238,262,ffac7588a645,420,"{'initial_reference': 84, 'js_drift': 306, 'maximum_silence': 30}",,0.8538239477863464,22,19.0,0.0,0,38.0,25,351.67199674893953
77,frozen_local_rule,82,28,,utility_restoration,4518,41,25,11,421,41,,2026-08-17T03:28:37.726866+00:00,medium,31.0,True,high,,49,15,3888,104720,,79,79,1.0,0.03332215914629297,39,630,fp16,880152,14771,80,0.9523809523809523,3152,high,241810,4567,25,60,299,private_fragmented,3,8.704148513061227e-14,0.0,52.0,0.0,12.228571428571428,4.109809332154937e-05,8.341134490650493,high,11,-0.29886552489028084,0.049234463594414773,71370,306,16,51,0,77,0.1367240160520578,0.07446774275524534,0.08364661953437602,True,138,50800,,0,v8-pilots-utility_restoration-medium-high-high-high-modular-private_fragmented-880152-kpi_change-314c8c128df2-fp16-frozen_local_rule,kpi_change,672.9856177216819,20,0,102264,17044,0,170440,51132,pilots,128,0,2026-08-17T03:28:34.145494+00:00,d3e413a8cda987ee2d9e5f64e16b05199b3879d15f45b5186f689ac8bde7b240,,modular,71370,306,4261,0.7142857142857143,300,314c8c128df2,420,"{'initial_reference': 84, 'kpi_change': 315, 'maximum_silence': 21}",,0.8538239477863464,22,19.0,0.0,0,38.0,23,351.67199674893953
76,frozen_local_rule,82,28,,utility_restoration,4988,40,25,11,460,40,,2026-08-17T03:28:34.921011+00:00,medium,31.0,True,high,,48,15,4289,115280,,79,79,1.0,0.03329630536445321,39,699,fp16,880152,15632,80,0.9523809523809523,3487,high,259437,5017,25,60,297,private_fragmented,3,8.704148513061227e-14,0.0,48.0,0.0,11.58095238095238,4.075043021776055e-05,8.017805842159376,high,11,-0.302808557188953,0.04859111319752708,70917,304,16,51,0,76,0.1367240160520578,0.07446774275524534,0.08343602879625625,True,138,56280,,0,v8-pilots-utility_restoration-medium-high-high-high-modular-private_fragmented-880152-kpi_change-d83b95b9a33f-fp16-frozen_local_rule,kpi_change,672.9856177216819,19,0,113112,18852,0,188520,56556,pilots,116,0,2026-08-17T03:28:31.329751+00:00,d3e413a8cda987ee2d9e5f64e16b05199b3879d15f45b5186f689ac8bde7b240,,modular,70917,304,4713,0.7904761904761904,332,d83b95b9a33f,420,"{'initial_reference': 84, 'kpi_change': 323, 'maximum_silence': 13}",,0.8538239477863464,22,19.0,0.0,0,38.0,23,351.67199674893953
78,frozen_local_rule,83,28,,utility_restoration,6168,40,26,12,563,40,,2026-08-17T03:28:43.691771+00:00,medium,31.0,True,high,,48,15,5273,142720,,79,79,1.0,0.033358345846333334,39,895,fp16,880152,17805,80,0.9523809523809523,4279,high,302777,6095,26,60,298,private_fragmented,3,8.704148513061227e-14,0.0,48.0,0.0,9.58095238095238,3.977953581690497e-05,7.961134490650493,high,12,-0.3191381277714548,0.04814110111054006,71177,305,16,51,0,78,0.1367240160520578,0.07379367417569899,0.08325255777496564,True,139,68200,,0,v8-pilots-utility_restoration-medium-high-high-high-modular-private_fragmented-880152-l1_belief_drift-a4111e560261-fp16-frozen_local_rule,l1_belief_drift,697.2930901294516,20,0,138960,23160,0,231600,69480,pilots,71,0,2026-08-17T03:28:39.919180+00:00,d3e413a8cda987ee2d9e5f64e16b05199b3879d15f45b5186f689ac8bde7b240,,modular,71177,305,5790,0.9928571428571429,417,a4111e560261,420,"{'initial_reference': 84, 'l1_belief_drift': 336}",,0.8538239477863464,22,19.0,0.0,0,38.0,25,351.67199674893953
78,frozen_local_rule,83,28,,utility_restoration,5970,40,26,12,545,40,,2026-08-17T03:28:46.207209+00:00,medium,31.0,True,high,,49,15,5110,138280,,79,79,1.0,0.0333973011255,39,860,fp16,880152,17448,80,0.9523809523809523,4147,high,295620,5911,26,60,299,private_fragmented,3,8.704148513061227e-14,0.0,48.0,0.0,9.790476190476191,3.957952091501592e-05,7.961134490650493,high,12,-0.3191381277714548,0.0482384841760654,71420,306,16,52,0,78,0.1367240160520578,0.07379367417569899,0.08325255777496564,True,140,66120,,0,v8-pilots-utility_restoration-medium-high-high-high-modular-private_fragmented-880152-l1_belief_drift-c1987b7c3312-fp16-frozen_local_rule,l1_belief_drift,697.2930901294516,20,0,134520,22420,0,224200,67260,pilots,79,0,2026-08-17T03:28:42.499817+00:00,d3e413a8cda987ee2d9e5f64e16b05199b3879d15f45b5186f689ac8bde7b240,,modular,71420,306,5605,0.9595238095238096,403,c1987b7c3312,420,"{'initial_reference': 84, 'l1_belief_drift': 336}",,0.8538239477863464,22,19.0,0.0,0,38.0,25,351.67199674893953
78,frozen_local_rule,83,28,,utility_restoration,3403,40,27,11,313,40,,2026-08-17T03:28:32.223963+00:00,medium,15.0,True,high,,49,15,3003,79600,,79,79,1.0,0.033625677754877084,39,400,fp16,880152,12772,80,0.9523809523809523,2445,high,202425,3583,27,60,299,private_fragmented,3,8.704148513061227e-14,0.0,48.0,0.0,14.333333333333334,3.866487074040138e-05,7.663134490650493,high,11,-0.3082597556411845,0.0505287993791296,71345,306,16,52,0,78,0.1367240160520578,0.07588490703639128,0.08479453254942114,True,141,40520,,0,v8-pilots-utility_restoration-medium-high-high-high-modular-private_fragmented-880152-matched_random-38fb0a18a6da-fp16-frozen_local_rule,matched_random,672.9856177216819,20,0,78648,13108,0,131080,39324,pilots,169,0,2026-08-17T03:28:28.887730+00:00,d3e413a8cda987ee2d9e5f64e16b05199b3879d15f45b5186f689ac8bde7b240,,modular,71345,306,3277,0.5238095238095238,220,38fb0a18a6da,420,"{'initial_reference': 84, 'matched_random_selected': 75, 'matched_random_wait': 200, 'maximum_silence': 61}",,0.8538239477863464,22,19.0,0.0,0,38.0,25,351.67199674893953
78,frozen_local_rule,83,28,,utility_restoration,2901,40,27,11,276,40,,2026-08-17T03:28:29.567498+00:00,medium,31.0,True,high,,49,15,2597,69120,,79,79,1.0,0.03443729568504081,39,304,fp16,880152,11864,80,0.9523809523809523,2121,high,184905,3145,27,60,299,private_fragmented,3,8.704148513061227e-14,0.0,48.0,0.0,13.99047619047619,3.640900939447104e-05,7.663134490650493,high,11,-0.3082597556411845,0.05145254255222186,71345,306,16,52,0,78,0.1367240160520578,0.075595798955403,0.08530225384210242,True,141,34760,,0,v8-pilots-utility_restoration-medium-high-high-high-modular-private_fragmented-880152-matched_random-51434b2214b6-fp16-frozen_local_rule,matched_random,672.9856177216819,20,0,68136,11356,0,113560,34068,pilots,165,0,2026-08-17T03:28:26.342699+00:00,d3e413a8cda987ee2d9e5f64e16b05199b3879d15f45b5186f689ac8bde7b240,,modular,71345,306,2839,0.44047619047619047,185,51434b2214b6,420,"{'initial_reference': 84, 'matched_random_selected': 25, 'matched_random_wait': 235, 'maximum_silence': 76}",,0.8538239477863464,22,19.0,0.0,0,38.0,25,351.67199674893953
78,frozen_local_rule,83,28,,utility_restoration,3752,40,27,11,344,40,,2026-08-17T03:28:34.689264+00:00,medium,15.0,True,high,,49,15,3273,87560,,79,79,1.0,0.03358740223516897,39,479,fp16,880152,13395,80,0.9523809523809523,2660,high,214379,3877,27,60,300,private_fragmented,3,8.704148513061227e-14,0.0,48.0,0.0,13.81904761904762,3.807540735032659e-05,7.663134490650493,high,11,-0.3082597556411845,0.050264709778513196,71579,307,16,52,0,78,0.1367240160520578,0.07557563496665369,0.08479453254942114,True,141,43360,,0,v8-pilots-utility_restoration-medium-high-high-high-modular-private_fragmented-880152-matched_random-681a73b1e0f1-fp16-frozen_local_rule,matched_random,672.9856177216819,20,0,85680,14280,0,142800,42840,pilots,163,0,2026-08-17T03:28:31.246111+00:00,d3e413a8cda987ee2d9e5f64e16b05199b3879d15f45b5186f689ac8bde7b240,,modular,71579,307,3570,0.5928571428571429,249,681a73b1e0f1,420,"{'initial_reference': 84, 'matched_random_selected': 119, 'matched_random_wait': 171, 'maximum_silence': 46}",,0.8538239477863464,22,19.0,0.0,0,38.0,25,351.67199674893953
79,frozen_local_rule,84,28,,utility_restoration,0,39,28,12,0,39,,2026-08-17T03:28:23.029707+00:00,medium,31.0,True,high,,50,15,0,0,,79,79,1.0,0.05022720501606434,35,0,fp16,880152,6388,80,0.9523809523809523,0,high,72353,310,28,60,302,private_fragmented,3,8.704148513061227e-14,0.0,0.0,0.0,0.0,0.0,6.7593215554476815,high,12,-0.3385022320808169,0.05382490055901287,72353,310,16,53,0,79,0.1367240160520578,0.0787223203506477,0.0905080908129987,True,143,0,,0,v8-pilots-utility_restoration-medium-high-high-high-modular-private_fragmented-880152-none-806ed450405e-fp16-frozen_local_rule,none,703.8701810047261,20,0,0,0,0,0,0,pilots,0,0,2026-08-17T03:28:20.629336+00:00,d3e413a8cda987ee2d9e5f64e16b05199b3879d15f45b5186f689ac8bde7b240,,modular,72353,310,0,0.0,0,806ed450405e,420,{'disabled': 420},,0.8538239477863464,22,19.0,0.0,0,38.0,27,351.67199674893953
77,frozen_local_rule,82,28,,utility_restoration,2637,40,26,11,251,40,,2026-08-17T03:28:29.482130+00:00,medium,31.0,True,high,,50,15,2365,61920,,79,79,1.0,0.03551005509663535,39,272,fp16,880152,11373,80,0.9523809523809523,1939,high,175766,2907,26,60,300,private_fragmented,3,8.704148513061227e-14,0.0,52.0,0.0,19.2,3.768562626597663e-05,7.883134490650492,high,11,-0.3044508907439394,0.054669150978155535,71806,308,16,52,0,77,0.1367240160520578,0.07726776422813751,0.08794955282930109,True,141,32680,,0,v8-pilots-utility_restoration-medium-high-high-high-modular-private_fragmented-880152-periodic-4caef583da51-fp16-frozen_local_rule,periodic,672.9856177216819,20,0,62376,10396,0,103960,31188,pilots,213,0,2026-08-17T03:28:26.228298+00:00,d3e413a8cda987ee2d9e5f64e16b05199b3879d15f45b5186f689ac8bde7b240,,modular,71806,308,2599,0.4,168,4caef583da51,420,"{'initial_reference': 84, 'maximum_silence': 84, 'periodic_wait': 252}",,0.8538239477863464,22,19.0,0.0,0,38.0,24,351.67199674893953
77,frozen_local_rule,83,28,,utility_restoration,3862,40,26,11,356,40,,2026-08-17T03:28:24.140545+00:00,medium,31.0,True,high,,49,15,3386,90040,,79,79,1.0,0.03475308835215561,39,476,fp16,880152,13613,80,0.9523809523809523,2780,high,220746,4040,26,60,298,private_fragmented,3,8.704148513061227e-14,0.0,52.0,0.0,13.723809523809523,3.821446957961558e-05,7.11310149185534,high,11,-0.31488665924112613,0.05001568985581073,71386,306,16,51,0,77,0.1367240160520578,0.07527488619453702,0.0845895964784545,True,140,45400,,0,v8-pilots-utility_restoration-medium-high-high-high-modular-private_fragmented-880152-periodic-52761a8cde7f-fp16-frozen_local_rule,periodic,672.9856177216819,19,0,89616,14936,0,149360,44808,pilots,170,0,2026-08-17T03:28:20.718546+00:00,d3e413a8cda987ee2d9e5f64e16b05199b3879d15f45b5186f689ac8bde7b240,,modular,71386,306,3734,0.6,252,52761a8cde7f,420,"{'initial_reference': 84, 'periodic_due': 168, 'periodic_wait': 168}",,0.8538239477863464,22,19.0,0.0,0,38.0,24,351.67199674893953
78,frozen_local_rule,83,28,,utility_restoration,2663,40,27,11,263,40,,2026-08-17T03:28:27.190672+00:00,medium,31.0,True,high,,49,15,2401,63280,,79,79,1.0,0.034646526824505225,39,262,fp16,880152,11429,80,0.9523809523809523,1965,high,176324,2931,27,60,298,private_fragmented,3,8.704148513061227e-14,0.0,48.0,0.0,13.733333333333333,3.6129948371220537e-05,7.663134490650493,high,11,-0.3082597556411845,0.051910761666417005,71324,306,16,52,0,78,0.1367240160520578,0.075595798955403,0.08530225384210242,True,142,32760,,0,v8-pilots-utility_restoration-medium-high-high-high-modular-private_fragmented-880152-periodic-6ad813e35c14-fp16-frozen_local_rule,periodic,672.9856177216819,20,0,63000,10500,0,105000,31500,pilots,160,0,2026-08-17T03:28:23.969367+00:00,d3e413a8cda987ee2d9e5f64e16b05199b3879d15f45b5186f689ac8bde7b240,,modular,71324,306,2625,0.4,168,6ad813e35c14,420,"{'initial_reference': 84, 'maximum_silence': 84, 'periodic_wait': 252}",,0.8538239477863464,22,19.0,0.0,0,38.0,25,351.67199674893953
78,frozen_local_rule,83,28,,utility_restoration,3623,41,26,11,340,41,,2026-08-17T03:28:40.531418+00:00,medium,31.0,True,high,,48,15,3176,84320,,79,79,1.0,0.033900303411141634,39,447,fp16,880152,13154,80,0.9523809523809523,2584,high,209408,3772,26,60,296,private_fragmented,3,8.704148513061227e-14,0.0,52.0,0.0,13.80952380952381,3.759190972679003e-05,8.121134490650494,high,11,-0.3027416833520279,0.049830277808738846,70648,303,16,52,0,78,0.1367240160520578,0.07525545163342065,0.08439370104947846,True,141,42720,,0,v8-pilots-utility_restoration-medium-high-high-high-modular-private_fragmented-880152-predictive_uncertainty_change-71c476debc21-fp16-frozen_local_rule,predictive_uncertainty_change,672.9856177216819,20,0,83256,13876,0,138760,41628,pilots,154,0,2026-08-17T03:28:37.214476+00:00,d3e413a8cda987ee2d9e5f64e16b05199b3879d15f45b5186f689ac8bde7b240,,modular,70648,303,3469,0.5666666666666667,238,71c476debc21,420,"{'initial_reference': 84, 'maximum_silence': 47, 'predictive_uncertainty_change': 289}",,0.8538239477863464,22,19.0,0.0,0,38.0,24,351.67199674893953
78,frozen_local_rule,83,28,,utility_restoration,4609,40,26,12,441,40,,2026-08-17T03:28:40.315573+00:00,medium,31.0,True,high,,48,15,3994,106960,,79,79,1.0,0.03320091658419169,39,615,fp16,880152,14963,80,0.9523809523809523,3242,high,245887,4678,26,60,297,private_fragmented,3,8.704148513061227e-14,0.0,48.0,0.0,12.0,3.838576484293373e-05,7.961134490650493,high,12,-0.3191381277714548,0.04887120060845044,70927,304,16,51,0,78,0.1367240160520578,0.07512720235453667,0.08359056017638988,True,139,52800,,0,v8-pilots-utility_restoration-medium-high-high-high-modular-private_fragmented-880152-predictive_uncertainty_change-725a913ab228-fp16-frozen_local_rule,predictive_uncertainty_change,697.2930901294516,20,0,104976,17496,0,174960,52488,pilots,129,0,2026-08-17T03:28:36.723320+00:00,d3e413a8cda987ee2d9e5f64e16b05199b3879d15f45b5186f689ac8bde7b240,,modular,70927,304,4374,0.7285714285714285,306,725a913ab228,420,"{'initial_reference': 84, 'maximum_silence': 20, 'predictive_uncertainty_change': 316}",,0.8538239477863464,22,19.0,0.0,0,38.0,25,351.67199674893953
79,frozen_local_rule,84,28,,utility_restoration,3218,41,27,11,303,41,,2026-08-17T03:28:59.921036+00:00,medium,31.0,True,high,,48,15,2805,74040,,79,79,1.0,0.03397758709398754,39,413,fp16,880152,12380,80,0.9523809523809523,2290,high,193470,3373,27,60,296,private_fragmented,3,8.704148513061227e-14,0.0,52.0,0.0,14.647619047619047,3.761054802594156e-05,7.901134490650493,high,11,-0.3065255523265905,0.050585824794951335,70670,303,16,52,0,79,0.1367240160520578,0.07557563496665369,0.08439440113685973,True,142,38160,,0,v8-pilots-utility_restoration-medium-high-high-high-modular-private_fragmented-880152-tsallis_spectrum_change-1013b09ad56f-fp16-frozen_local_rule,tsallis_spectrum_change,672.9856177216819,20,0,73680,12280,0,122800,36840,pilots,170,0,2026-08-17T03:28:56.672773+00:00,d3e413a8cda987ee2d9e5f64e16b05199b3879d15f45b5186f689ac8bde7b240,,modular,70670,303,3070,0.5,210,1013b09ad56f,420,"{'initial_reference': 84, 'maximum_silence': 61, 'tsallis_spectrum_change': 275}",,0.8538239477863464,22,19.0,0.0,0,38.0,25,351.67199674893953
78,frozen_local_rule,83,28,,utility_restoration,4016,41,26,11,373,41,,2026-08-17T03:28:57.426493+00:00,medium,11.0,True,high,,49,15,3466,93320,,79,79,1.0,0.032929990075517356,39,550,fp16,880152,13845,80,0.9523809523809523,2824,high,223512,4114,26,60,298,private_fragmented,3,8.704148513061227e-14,0.0,52.0,0.0,13.514285714285714,3.876168294084733e-05,8.121134490650494,high,11,-0.3027416833520279,0.04953971739755068,71152,305,16,52,0,78,0.1367240160520578,0.07499690180180811,0.08345253777227406,True,141,45320,,0,v8-pilots-utility_restoration-medium-high-high-high-modular-private_fragmented-880152-tsallis_spectrum_change-6f94beebed2c-fp16-frozen_local_rule,tsallis_spectrum_change,672.9856177216819,20,0,91416,15236,0,152360,45708,pilots,152,0,2026-08-17T03:28:54.005744+00:00,d3e413a8cda987ee2d9e5f64e16b05199b3879d15f45b5186f689ac8bde7b240,,modular,71152,305,3809,0.638095238095238,268,6f94beebed2c,420,"{'initial_reference': 84, 'maximum_silence': 31, 'tsallis_spectrum_change': 305}",,0.8538239477863464,22,19.0,0.0,0,38.0,24,351.67199674893953
78,frozen_local_rule,83,28,,utility_restoration,4390,41,26,11,402,41,,2026-08-17T03:28:51.783432+00:00,medium,11.0,True,high,,49,15,3786,101680,,79,79,1.0,0.03286145745358757,39,604,fp16,880152,14539,80,0.9523809523809523,3086,high,237509,4464,26,60,298,private_fragmented,3,8.704148513061227e-14,0.0,52.0,0.0,12.904761904761905,3.777101035852291e-05,8.121134490650494,high,11,-0.3027416833520279,0.04919074671059769,71149,305,16,52,0,78,0.1367240160520578,0.07379367417569899,0.08343563155527835,True,141,49760,,0,v8-pilots-utility_restoration-medium-high-high-high-modular-private_fragmented-880152-v7_shannon_change-c35510bd725e-fp16-frozen_local_rule,v7_shannon_change,672.9856177216819,20,0,99816,16636,0,166360,49908,pilots,140,0,2026-08-17T03:28:48.205464+00:00,d3e413a8cda987ee2d9e5f64e16b05199b3879d15f45b5186f689ac8bde7b240,,modular,71149,305,4159,0.6976190476190476,293,c35510bd725e,420,"{'initial_reference': 84, 'maximum_silence': 21, 'v7_shannon_change': 315}",,0.8538239477863464,22,19.0,0.0,0,38.0,24,351.67199674893953
78,frozen_local_rule,83,28,,utility_restoration,3483,41,26,11,322,41,,2026-08-17T03:28:52.122933+00:00,medium,15.0,True,high,,49,15,3032,80920,,79,79,1.0,0.033394236756134094,39,451,fp16,880152,12878,80,0.9523809523809523,2474,high,204027,3627,26,60,298,private_fragmented,3,8.704148513061227e-14,0.0,52.0,0.0,14.561904761904762,3.7953218949884665e-05,8.121134490650494,high,11,-0.3027416833520279,0.050301634848096806,71147,305,16,52,0,78,0.1367240160520578,0.07525545163342065,0.08347486452027884,True,141,40360,,0,v8-pilots-utility_restoration-medium-high-high-high-modular-private_fragmented-880152-v7_shannon_change-c5a26765fa92-fp16-frozen_local_rule,v7_shannon_change,672.9856177216819,20,0,79728,13288,0,132880,39864,pilots,170,0,2026-08-17T03:28:48.783864+00:00,d3e413a8cda987ee2d9e5f64e16b05199b3879d15f45b5186f689ac8bde7b240,,modular,71147,305,3322,0.5452380952380952,229,c5a26765fa92,420,"{'initial_reference': 84, 'maximum_silence': 50, 'v7_shannon_change': 286}",,0.8538239477863464,22,19.0,0.0,0,38.0,24,351.67199674893953
81,frozen_local_rule,92,28,,utility_restoration,8606,19,38,24,1160,19,,2026-08-17T03:29:40.590105+00:00,medium,3.0,True,medium,,220,15,7499,184160,,47,47,1.0,0.030339895831118773,40,1107,fp16,880153,22373,82,0.9761904761904762,7039,high,399474,8612,38,60,270,private_fragmented,3,7.283063041541027e-14,0.0,52.0,0.0,18.895238095238096,2.3483301763758596e-05,-5.472899203496565,medium,24,-0.4025637461600079,0.04456532544682529,66314,283,16,20,0,81,0.13183211760665714,0.07250730755915219,0.08365631877448054,True,124,115800,,0,v8-pilots-utility_restoration-medium-medium-high-medium-scale_free-private_fragmented-880153-age_of_information-e1d6ce4d93c3-fp16-frozen_local_rule,age_of_information,576.3671950501804,16,0,199896,33316,0,333160,99948,pilots,229,0,2026-08-17T03:29:36.087939+00:00,bcb00477541be972ecec6c7eee733e09d7cc1f9ecd50f1b187585b46b5e69d5f,,scale_free,66314,283,8329,0.6,252,e1d6ce4d93c3,420,"{'age_deadline': 168, 'initial_reference': 84, 'maximum_silence': 168}",,0.8523957585058979,17,17.0,0.0,1,15.0,37,269.0030747897963
80,frozen_local_rule,91,28,,utility_restoration,6016,19,37,24,828,19,,2026-08-17T03:29:45.561453+00:00,medium,11.0,True,medium,,216,15,5379,127800,,47,47,1.0,0.03342128895717538,40,637,fp16,880153,17658,82,0.9761904761904762,5039,high,303630,6221,37,60,270,private_fragmented,3,7.283063041541027e-14,0.0,52.0,0.0,17.80952380952381,2.4074280671657557e-05,-5.252899203496566,medium,24,-0.4007998784107839,0.048234374012184854,66070,282,16,21,0,80,0.13183211760665714,0.07566475740218258,0.0877372058311953,True,124,87360,,0,v8-pilots-utility_restoration-medium-medium-high-medium-scale_free-private_fragmented-880153-age_of_information-e27491322545-fp16-frozen_local_rule,age_of_information,576.3671950501804,16,0,142536,23756,0,237560,71268,pilots,208,0,2026-08-17T03:29:41.429886+00:00,bcb00477541be972ecec6c7eee733e09d7cc1f9ecd50f1b187585b46b5e69d5f,,scale_free,66070,282,5939,0.4,168,e27491322545,420,"{'age_deadline': 252, 'initial_reference': 84, 'maximum_silence': 84}",,0.8523957585058979,17,17.0,0.0,1,15.0,36,269.0030747897963
78,frozen_local_rule,89,28,,utility_restoration,14114,19,36,23,1857,19,,2026-08-17T03:29:07.276998+00:00,medium,3.0,True,medium,,221,15,12014,297920,,47,47,1.0,0.02855506568074888,41,2100,fp16,880153,32392,82,0.9761904761904762,11232,high,599027,13596,36,60,271,private_fragmented,3,7.283063041541027e-14,0.0,48.0,0.0,13.847619047619048,2.4399361544028075e-05,-4.9838196127763155,medium,23,-0.39595322912551206,0.04289396967672839,66547,284,16,20,0,78,0.13183211760665714,0.07116518366566392,0.08453548316750083,True,122,182640,,0,v8-pilots-utility_restoration-medium-medium-high-medium-scale_free-private_fragmented-880153-always_on-f06f6808d09b-fp16-frozen_local_rule,always_on,571.1248299930602,16,0,319488,53248,0,532480,159744,pilots,130,0,2026-08-17T03:29:01.744950+00:00,bcb00477541be972ecec6c7eee733e09d7cc1f9ecd50f1b187585b46b5e69d5f,,scale_free,66547,284,13312,1.0,420,f06f6808d09b,420,"{'always_on': 336, 'initial_reference': 84}",,0.8523957585058979,17,17.0,0.0,1,15.0,35,269.0030747897963
78,frozen_local_rule,89,28,,utility_restoration,11108,19,36,23,1457,19,,2026-08-17T03:30:03.737331+00:00,medium,3.0,True,medium,,220,15,9469,235200,,47,47,1.0,0.028802635483829372,40,1639,fp16,880153,26838,82,0.9761904761904762,8852,high,486112,10778,36,60,270,private_fragmented,3,7.283063041541027e-14,0.0,52.0,0.0,16.62857142857143,2.4526841044117907e-05,-4.9838196127763155,medium,23,-0.39595322912551206,0.04374811613457246,66312,283,16,20,0,78,0.13183211760665714,0.0734210177791159,0.08458158639394789,True,122,143560,,0,v8-pilots-utility_restoration-medium-medium-high-medium-scale_free-private_fragmented-880153-generalized_information-089fa0c17476-fp16-frozen_local_rule,generalized_information,571.1248299930602,16,0,251880,41980,0,419800,125940,pilots,198,0,2026-08-17T03:29:58.872032+00:00,bcb00477541be972ecec6c7eee733e09d7cc1f9ecd50f1b187585b46b5e69d5f,,scale_free,66312,283,10495,0.7880952380952381,331,089fa0c17476,420,"{'below_threshold': 89, 'generalized_information_on': 247, 'initial_reference': 84}",,0.8523957585058979,17,17.0,0.0,1,15.0,35,269.0030747897963
80,frozen_local_rule,91,28,,utility_restoration,7441,19,38,23,987,19,,2026-08-17T03:30:04.459315+00:00,medium,3.0,True,medium,,220,15,6390,157960,,47,47,1.0,0.031415544138311165,40,1051,fp16,880153,20105,82,0.9761904761904762,5984,high,350798,7385,38,60,272,private_fragmented,3,7.283063041541027e-14,0.0,52.0,0.0,19.36190476190476,2.4518817546084502e-05,-5.472899203496565,medium,23,-0.4032174608283663,0.04488889569198569,66798,285,16,20,0,80,0.13183211760665714,0.07335153602335212,0.08689107561604019,True,123,97640,,0,v8-pilots-utility_restoration-medium-medium-high-medium-scale_free-private_fragmented-880153-generalized_information-16bfadb86d55-fp16-frozen_local_rule,generalized_information,576.3671950501804,16,0,170400,28400,0,284000,85200,pilots,231,0,2026-08-17T03:30:00.296955+00:00,bcb00477541be972ecec6c7eee733e09d7cc1f9ecd50f1b187585b46b5e69d5f,,scale_free,66798,285,7100,0.530952380952381,223,16bfadb86d55,420,"{'below_threshold': 197, 'generalized_information_on': 121, 'initial_reference': 84, 'maximum_silence': 18}",,0.8523957585058979,17,17.0,0.0,1,15.0,37,269.0030747897963
81,frozen_local_rule,92,28,,utility_restoration,6227,19,38,24,834,19,,2026-08-17T03:29:56.186377+00:00,medium,11.0,True,medium,,216,15,5455,131240,,47,47,1.0,0.03195536276956707,40,772,fp16,880153,17942,82,0.9761904761904762,5091,high,306582,6300,38,60,268,private_fragmented,3,7.283063041541027e-14,0.0,52.0,0.0,19.514285714285716,2.4193229118036298e-05,-5.472899203496565,medium,24,-0.4025637461600079,0.046114853588771154,65822,281,16,21,0,81,0.13183211760665714,0.07380974053292,0.08581447941624105,True,125,86960,,0,v8-pilots-utility_restoration-medium-medium-high-medium-scale_free-private_fragmented-880153-js_drift-565d3b5e7ead-fp16-frozen_local_rule,js_drift,576.3671950501804,16,0,144456,24076,0,240760,72228,pilots,230,0,2026-08-17T03:29:52.212876+00:00,bcb00477541be972ecec6c7eee733e09d7cc1f9ecd50f1b187585b46b5e69d5f,,scale_free,65822,281,6019,0.42857142857142855,180,565d3b5e7ead,420,"{'initial_reference': 84, 'js_drift': 270, 'maximum_silence': 66}",,0.8523957585058979,17,17.0,0.0,1,15.0,37,269.0030747897963
79,frozen_local_rule,90,28,,utility_restoration,8451,19,37,23,1086,19,,2026-08-17T03:29:52.784614+00:00,medium,3.0,True,medium,,218,15,7199,179400,,47,47,1.0,0.02969480437874719,41,1252,fp16,880153,21912,82,0.9761904761904762,6728,high,385638,8267,37,60,270,private_fragmented,3,7.283063041541027e-14,0.0,48.0,0.0,18.81904761904762,2.5944304349146753e-05,-5.203819612776315,medium,23,-0.39777547386798695,0.04455762083642061,66278,283,16,21,0,79,0.13183211760665714,0.07384634069444412,0.08494522927369906,True,123,108560,,0,v8-pilots-utility_restoration-medium-medium-high-medium-scale_free-private_fragmented-880153-js_drift-ffac7588a645-fp16-frozen_local_rule,js_drift,571.1248299930602,16,0,191616,31936,0,319360,95808,pilots,229,0,2026-08-17T03:29:48.223363+00:00,bcb00477541be972ecec6c7eee733e09d7cc1f9ecd50f1b187585b46b5e69d5f,,scale_free,66278,283,7984,0.5952380952380952,250,ffac7588a645,420,"{'initial_reference': 84, 'js_drift': 300, 'maximum_silence': 36}",,0.8523957585058979,17,17.0,0.0,1,15.0,36,269.0030747897963
78,frozen_local_rule,89,28,,utility_restoration,10214,19,36,23,1340,19,,2026-08-17T03:29:27.300550+00:00,medium,3.0,True,medium,,221,15,8666,212840,,47,47,1.0,0.02918680937267562,42,1548,fp16,880153,25148,82,0.9761904761904762,8093,high,451618,9906,36,60,273,private_fragmented,3,7.283063041541027e-14,0.0,48.0,0.0,18.16190476190476,2.43312710295431e-05,-4.9838196127763155,medium,23,-0.39595322912551206,0.043743104933283906,66778,285,16,21,0,78,0.13183211760665714,0.0714760062818288,0.08453548316750083,True,123,133800,,0,v8-pilots-utility_restoration-medium-medium-high-medium-scale_free-private_fragmented-880153-kpi_change-314c8c128df2-fp16-frozen_local_rule,kpi_change,571.1248299930602,16,0,230904,38484,0,384840,115452,pilots,213,0,2026-08-17T03:29:22.358616+00:00,bcb00477541be972ecec6c7eee733e09d7cc1f9ecd50f1b187585b46b5e69d5f,,scale_free,66778,285,9621,0.7142857142857143,300,314c8c128df2,420,"{'initial_reference': 84, 'kpi_change': 309, 'maximum_silence': 27}",,0.8523957585058979,17,17.0,0.0,1,15.0,35,269.0030747897963
78,frozen_local_rule,89,28,,utility_restoration,11154,19,36,23,1464,19,,2026-08-17T03:29:24.397555+00:00,medium,3.0,True,medium,,221,15,9445,233080,,47,47,1.0,0.02894837243052249,42,1709,fp16,880153,26863,82,0.9761904761904762,8842,high,486530,10783,36,60,272,private_fragmented,3,7.283063041541027e-14,0.0,48.0,0.0,17.2,2.402318205075212e-05,-4.9838196127763155,medium,23,-0.39595322912551206,0.04356333910313559,66570,284,16,21,0,78,0.13183211760665714,0.0714760062818288,0.08453548316750083,True,123,144720,,0,v8-pilots-utility_restoration-medium-medium-high-medium-scale_free-private_fragmented-880153-kpi_change-d83b95b9a33f-fp16-frozen_local_rule,kpi_change,571.1248299930602,16,0,251976,41996,0,419960,125988,pilots,200,0,2026-08-17T03:29:19.538951+00:00,bcb00477541be972ecec6c7eee733e09d7cc1f9ecd50f1b187585b46b5e69d5f,,scale_free,66570,284,10499,0.7857142857142857,330,d83b95b9a33f,420,"{'initial_reference': 84, 'kpi_change': 320, 'maximum_silence': 16}",,0.8523957585058979,17,17.0,0.0,1,15.0,35,269.0030747897963
78,frozen_local_rule,89,28,,utility_restoration,14070,19,36,23,1851,19,,2026-08-17T03:29:36.653681+00:00,medium,3.0,True,medium,,221,15,11974,296560,,47,47,1.0,0.028552635646236717,41,2096,fp16,880153,32308,82,0.9761904761904762,11194,high,597271,13552,36,60,271,private_fragmented,3,7.283063041541027e-14,0.0,48.0,0.0,13.847619047619048,2.4434290472200255e-05,-4.9838196127763155,medium,23,-0.39595322912551206,0.04289794713655991,66551,284,16,20,0,78,0.13183211760665714,0.07116518366566392,0.08453548316750083,True,122,182400,,0,v8-pilots-utility_restoration-medium-medium-high-medium-scale_free-private_fragmented-880153-l1_belief_drift-a4111e560261-fp16-frozen_local_rule,l1_belief_drift,571.1248299930602,16,0,318432,53072,0,530720,159216,pilots,130,0,2026-08-17T03:29:30.998112+00:00,bcb00477541be972ecec6c7eee733e09d7cc1f9ecd50f1b187585b46b5e69d5f,,scale_free,66551,284,13268,0.9952380952380953,418,a4111e560261,420,"{'initial_reference': 84, 'l1_belief_drift': 336}",,0.8523957585058979,17,17.0,0.0,1,15.0,35,269.0030747897963
78,frozen_local_rule,89,28,,utility_restoration,13453,19,36,23,1777,19,,2026-08-17T03:29:40.192297+00:00,medium,3.0,True,medium,,221,15,11444,283800,,47,47,1.0,0.02831788590488151,41,2009,fp16,880153,31161,82,0.9761904761904762,10687,high,573410,12955,36,60,271,private_fragmented,3,7.283063041541027e-14,0.0,48.0,0.0,14.685714285714285,2.446439089698025e-05,-4.9838196127763155,medium,23,-0.39595322912551206,0.04283960553909623,66570,284,16,20,0,78,0.13183211760665714,0.07116518366566392,0.08453548316750083,True,122,173960,,0,v8-pilots-utility_restoration-medium-medium-high-medium-scale_free-private_fragmented-880153-l1_belief_drift-c1987b7c3312-fp16-frozen_local_rule,l1_belief_drift,571.1248299930602,16,0,304104,50684,0,506840,152052,pilots,156,0,2026-08-17T03:29:34.946300+00:00,bcb00477541be972ecec6c7eee733e09d7cc1f9ecd50f1b187585b46b5e69d5f,,scale_free,66570,284,12671,0.95,399,c1987b7c3312,420,"{'initial_reference': 84, 'l1_belief_drift': 335, 'maximum_silence': 1}",,0.8523957585058979,17,17.0,0.0,1,15.0,35,269.0030747897963
79,frozen_local_rule,90,28,,utility_restoration,7829,19,37,23,1040,19,,2026-08-17T03:29:19.238985+00:00,medium,11.0,True,medium,,219,15,6795,166040,,47,47,1.0,0.03225244480962204,41,1034,fp16,880153,20896,82,0.9761904761904762,6367,high,367895,7813,37,60,273,private_fragmented,3,7.283063041541027e-14,0.0,52.0,0.0,19.714285714285715,2.467005967078441e-05,-5.252899203496566,medium,23,-0.4014412580449105,0.04585190721096172,66775,285,16,21,0,79,0.13183211760665714,0.07358736084523648,0.08581447941624105,True,123,105760,,0,v8-pilots-utility_restoration-medium-medium-high-medium-scale_free-private_fragmented-880153-matched_random-38fb0a18a6da-fp16-frozen_local_rule,matched_random,576.3671950501804,16,0,180672,30112,0,301120,90336,pilots,235,0,2026-08-17T03:29:14.807701+00:00,bcb00477541be972ecec6c7eee733e09d7cc1f9ecd50f1b187585b46b5e69d5f,,scale_free,66775,285,7528,0.5404761904761904,227,38fb0a18a6da,420,"{'initial_reference': 84, 'matched_random_selected': 87, 'matched_random_wait': 193, 'maximum_silence': 56}",,0.8523957585058979,17,17.0,0.0,1,15.0,36,269.0030747897963
79,frozen_local_rule,90,28,,utility_restoration,6855,19,37,23,917,19,,2026-08-17T03:29:16.664774+00:00,medium,11.0,True,medium,,217,15,6037,145880,,47,47,1.0,0.0329195240149233,40,818,fp16,880153,19157,82,0.9761904761904762,5639,high,333021,6951,37,60,271,private_fragmented,3,7.283063041541027e-14,0.0,52.0,0.0,19.6,2.5628228436363185e-05,-5.252899203496566,medium,23,-0.4014412580449105,0.046817349779526826,66301,283,16,21,0,79,0.13183211760665714,0.07487873584923363,0.08689107561604019,True,123,95600,,0,v8-pilots-utility_restoration-medium-medium-high-medium-scale_free-private_fragmented-880153-matched_random-51434b2214b6-fp16-frozen_local_rule,matched_random,576.3671950501804,16,0,160032,26672,0,266720,80016,pilots,231,0,2026-08-17T03:29:12.606751+00:00,bcb00477541be972ecec6c7eee733e09d7cc1f9ecd50f1b187585b46b5e69d5f,,scale_free,66301,283,6668,0.46904761904761905,197,51434b2214b6,420,"{'initial_reference': 84, 'matched_random_selected': 44, 'matched_random_wait': 223, 'maximum_silence': 69}",,0.8523957585058979,17,17.0,0.0,1,15.0,36,269.0030747897963
79,frozen_local_rule,90,28,,utility_restoration,8782,19,37,23,1163,19,,2026-08-17T03:29:23.040745+00:00,medium,3.0,True,medium,,220,15,7565,187200,,47,47,1.0,0.031054427466158843,41,1217,fp16,880153,22627,82,0.9761904761904762,7088,high,402610,8671,37,60,275,private_fragmented,3,7.283063041541027e-14,0.0,52.0,0.0,19.21904761904762,2.366055325779101e-05,-5.252899203496566,medium,23,-0.4014412580449105,0.04546786958595595,67250,287,16,21,0,79,0.13183211760665714,0.07339210545659215,0.0858007579991857,True,123,115400,,0,v8-pilots-utility_restoration-medium-medium-high-medium-scale_free-private_fragmented-880153-matched_random-681a73b1e0f1-fp16-frozen_local_rule,matched_random,576.3671950501804,16,0,201216,33536,0,335360,100608,pilots,224,0,2026-08-17T03:29:18.579199+00:00,bcb00477541be972ecec6c7eee733e09d7cc1f9ecd50f1b187585b46b5e69d5f,,scale_free,67250,287,8384,0.611904761904762,257,681a73b1e0f1,420,"{'initial_reference': 84, 'matched_random_selected': 129, 'matched_random_wait': 163, 'maximum_silence': 44}",,0.8523957585058979,17,17.0,0.0,1,15.0,36,269.0030747897963
80,frozen_local_rule,90,28,,utility_restoration,0,20,36,24,0,20,,2026-08-17T03:29:07.154881+00:00,medium,31.0,True,medium,,214,15,0,0,,47,47,1.0,0.0513025238212912,36,0,fp16,880153,6264,82,0.9761904761904762,0,high,65772,281,36,60,270,private_fragmented,3,7.993605777301127e-14,0.0,0.0,0.0,0.0,0.0,-4.7112533043190705,medium,24,-0.3965927482615388,0.055019978478936575,65772,281,16,20,0,80,0.13842096267150775,0.08246842520072258,0.09594390033966885,True,124,0,,0,v8-pilots-utility_restoration-medium-medium-high-medium-scale_free-private_fragmented-880153-none-806ed450405e-fp16-frozen_local_rule,none,578.3324220654291,16,0,0,0,0,0,0,pilots,0,0,2026-08-17T03:29:04.656420+00:00,bcb00477541be972ecec6c7eee733e09d7cc1f9ecd50f1b187585b46b5e69d5f,,scale_free,65772,281,0,0.0,0,806ed450405e,420,{'disabled': 420},,0.8523957585058979,17,17.0,0.0,1,15.0,35,269.0030747897963
80,frozen_local_rule,91,28,,utility_restoration,5925,19,37,24,815,19,,2026-08-17T03:29:15.954185+00:00,medium,23.0,True,medium,,218,15,5271,127120,,47,47,1.0,0.0362757577566927,40,654,fp16,880153,17471,82,0.9761904761904762,4948,high,300675,6133,37,60,273,private_fragmented,3,7.283063041541027e-14,0.0,52.0,0.0,23.60952380952381,2.4581698695274343e-05,-5.252899203496566,medium,24,-0.4007998784107839,0.05191683121048458,66755,285,16,21,0,80,0.13183211760665714,0.07701406707509795,0.08951546525823206,True,124,83720,,0,v8-pilots-utility_restoration-medium-medium-high-medium-scale_free-private_fragmented-880153-periodic-4caef583da51-fp16-frozen_local_rule,periodic,576.3671950501804,16,0,140352,23392,0,233920,70176,pilots,259,0,2026-08-17T03:29:12.010664+00:00,bcb00477541be972ecec6c7eee733e09d7cc1f9ecd50f1b187585b46b5e69d5f,,scale_free,66755,285,5848,0.4,168,4caef583da51,420,"{'initial_reference': 84, 'maximum_silence': 84, 'periodic_wait': 252}",,0.8523957585058979,17,17.0,0.0,1,15.0,36,269.0030747897963
81,frozen_local_rule,92,28,,utility_restoration,8606,19,38,24,1160,19,,2026-08-17T03:29:09.329894+00:00,medium,7.0,True,medium,,220,15,7499,184160,,47,47,1.0,0.031765853137606444,40,1107,fp16,880153,22373,82,0.9761904761904762,7039,high,399474,8612,38,60,270,private_fragmented,3,7.283063041541027e-14,0.0,52.0,0.0,18.895238095238096,2.3483301763758596e-05,-5.472899203496565,medium,24,-0.4025637461600079,0.04552636880926144,66314,283,16,20,0,81,0.13183211760665714,0.07369052536538151,0.08724780975191687,True,124,115800,,0,v8-pilots-utility_restoration-medium-medium-high-medium-scale_free-private_fragmented-880153-periodic-52761a8cde7f-fp16-frozen_local_rule,periodic,576.3671950501804,16,0,199896,33316,0,333160,99948,pilots,229,0,2026-08-17T03:29:04.872095+00:00,bcb00477541be972ecec6c7eee733e09d7cc1f9ecd50f1b187585b46b5e69d5f,,scale_free,66314,283,8329,0.6,252,52761a8cde7f,420,"{'initial_reference': 84, 'periodic_due': 168, 'periodic_wait': 168}",,0.8523957585058979,17,17.0,0.0,1,15.0,37,269.0030747897963
80,frozen_local_rule,91,28,,utility_restoration,6016,19,37,24,828,19,,2026-08-17T03:29:12.196546+00:00,medium,11.0,True,medium,,216,15,5379,127800,,47,47,1.0,0.03342128895717538,40,637,fp16,880153,17658,82,0.9761904761904762,5039,high,303630,6221,37,60,270,private_fragmented,3,7.283063041541027e-14,0.0,52.0,0.0,17.80952380952381,2.4074280671657557e-05,-5.252899203496566,medium,24,-0.4007998784107839,0.048234374012184854,66070,282,16,21,0,80,0.13183211760665714,0.07566475740218258,0.0877372058311953,True,124,87360,,0,v8-pilots-utility_restoration-medium-medium-high-medium-scale_free-private_fragmented-880153-periodic-6ad813e35c14-fp16-frozen_local_rule,periodic,576.3671950501804,16,0,142536,23756,0,237560,71268,pilots,208,0,2026-08-17T03:29:08.117159+00:00,bcb00477541be972ecec6c7eee733e09d7cc1f9ecd50f1b187585b46b5e69d5f,,scale_free,66070,282,5939,0.4,168,6ad813e35c14,420,"{'initial_reference': 84, 'maximum_silence': 84, 'periodic_wait': 252}",,0.8523957585058979,17,17.0,0.0,1,15.0,36,269.0030747897963
79,frozen_local_rule,90,28,,utility_restoration,8463,19,37,23,1138,19,,2026-08-17T03:29:32.818057+00:00,medium,3.0,True,medium,,216,15,7315,175840,,47,47,1.0,0.03033598613148886,40,1148,fp16,880153,22035,82,0.9761904761904762,6843,high,390621,8401,37,60,269,private_fragmented,3,7.283063041541027e-14,0.0,52.0,0.0,19.447619047619046,2.4849256032096886e-05,-5.252899203496566,medium,23,-0.4014412580449105,0.04538087356428181,65821,281,16,20,0,79,0.13183211760665714,0.07416114531836218,0.08458158639394789,True,122,116760,,0,v8-pilots-utility_restoration-medium-medium-high-medium-scale_free-private_fragmented-880153-predictive_uncertainty_change-71c476debc21-fp16-frozen_local_rule,predictive_uncertainty_change,576.3671950501804,16,0,194880,32480,0,324800,97440,pilots,229,0,2026-08-17T03:29:28.355596+00:00,bcb00477541be972ecec6c7eee733e09d7cc1f9ecd50f1b187585b46b5e69d5f,,scale_free,65821,281,8120,0.5738095238095238,241,71c476debc21,420,"{'initial_reference': 84, 'maximum_silence': 52, 'predictive_uncertainty_change': 284}",,0.8523957585058979,17,17.0,0.0,1,15.0,36,269.0030747897963
79,frozen_local_rule,90,28,,utility_restoration,10567,19,37,23,1420,19,,2026-08-17T03:29:31.151437+00:00,medium,3.0,True,medium,,220,15,9019,220680,,47,47,1.0,0.02889507317008222,40,1548,fp16,880153,25857,82,0.9761904761904762,8435,high,467754,10310,37,60,272,private_fragmented,3,7.283063041541027e-14,0.0,52.0,0.0,17.457142857142856,2.493131722984439e-05,-5.203819612776315,medium,23,-0.39777547386798695,0.044029570274472365,66754,285,16,20,0,79,0.13183211760665714,0.07257120195015644,0.08449027818174673,True,122,140080,,0,v8-pilots-utility_restoration-medium-medium-high-medium-scale_free-private_fragmented-880153-predictive_uncertainty_change-725a913ab228-fp16-frozen_local_rule,predictive_uncertainty_change,571.1248299930602,16,0,240600,40100,0,401000,120300,pilots,201,0,2026-08-17T03:29:26.327031+00:00,bcb00477541be972ecec6c7eee733e09d7cc1f9ecd50f1b187585b46b5e69d5f,,scale_free,66754,285,10025,0.7428571428571429,312,725a913ab228,420,"{'initial_reference': 84, 'maximum_silence': 19, 'predictive_uncertainty_change': 317}",,0.8523957585058979,17,17.0,0.0,1,15.0,36,269.0030747897963
78,frozen_local_rule,89,28,,utility_restoration,7067,19,36,23,950,19,,2026-08-17T03:30:00.336725+00:00,medium,11.0,True,medium,,216,15,6143,149600,,47,47,1.0,0.030867269080770317,41,924,fp16,880153,19460,82,0.9761904761904762,5766,high,338086,7093,36,60,268,private_fragmented,3,7.283063041541027e-14,0.0,52.0,0.0,19.247619047619047,2.3630093199197396e-05,-5.032899203496566,medium,23,-0.3996251405921635,0.04616307980694851,65566,280,16,21,0,78,0.13183211760665714,0.07455263290505039,0.08588679088746642,True,123,96120,,0,v8-pilots-utility_restoration-medium-medium-high-medium-scale_free-private_fragmented-880153-tsallis_spectrum_change-1013b09ad56f-fp16-frozen_local_rule,tsallis_spectrum_change,576.3671950501804,16,0,163512,27252,0,272520,81756,pilots,229,0,2026-08-17T03:29:56.008580+00:00,bcb00477541be972ecec6c7eee733e09d7cc1f9ecd50f1b187585b46b5e69d5f,,scale_free,65566,280,6813,0.4857142857142857,204,1013b09ad56f,420,"{'initial_reference': 84, 'maximum_silence': 67, 'tsallis_spectrum_change': 269}",,0.8523957585058979,17,17.0,0.0,1,15.0,35,269.0030747897963
79,frozen_local_rule,90,28,,utility_restoration,9634,19,37,23,1290,19,,2026-08-17T03:29:56.799387+00:00,medium,3.0,True,medium,,219,15,8240,202520,,47,47,1.0,0.029154640728247177,40,1394,fp16,880153,24134,82,0.9761904761904762,7711,high,431577,9420,37,60,269,private_fragmented,3,7.283063041541027e-14,0.0,52.0,0.0,18.6,2.3971837329700694e-05,-5.252899203496566,medium,23,-0.4014412580449105,0.044682230516801515,66057,282,16,20,0,79,0.13183211760665714,0.0734210177791159,0.08449027818174673,True,123,127080,,0,v8-pilots-utility_restoration-medium-medium-high-medium-scale_free-private_fragmented-880153-tsallis_spectrum_change-6f94beebed2c-fp16-frozen_local_rule,tsallis_spectrum_change,576.3671950501804,16,0,219312,36552,0,365520,109656,pilots,223,0,2026-08-17T03:29:52.253920+00:00,bcb00477541be972ecec6c7eee733e09d7cc1f9ecd50f1b187585b46b5e69d5f,,scale_free,66057,282,9138,0.669047619047619,281,6f94beebed2c,420,"{'initial_reference': 84, 'maximum_silence': 30, 'tsallis_spectrum_change': 306}",,0.8523957585058979,17,17.0,0.0,1,15.0,36,269.0030747897963
79,frozen_local_rule,90,28,,utility_restoration,10154,19,37,23,1344,19,,2026-08-17T03:29:48.547934+00:00,medium,3.0,True,medium,,219,15,8662,214200,,47,47,1.0,0.029040649974489678,41,1492,fp16,880153,25075,82,0.9761904761904762,8124,high,450651,9897,37,60,269,private_fragmented,3,7.283063041541027e-14,0.0,52.0,0.0,18.485714285714284,2.355857741621235e-05,-5.252899203496566,medium,23,-0.4014412580449105,0.04432104438489141,66051,282,16,20,0,79,0.13183211760665714,0.07257120195015644,0.08449027818174673,True,123,132280,,0,v8-pilots-utility_restoration-medium-medium-high-medium-scale_free-private_fragmented-880153-v7_shannon_change-c35510bd725e-fp16-frozen_local_rule,v7_shannon_change,576.3671950501804,16,0,230760,38460,0,384600,115380,pilots,224,0,2026-08-17T03:29:43.826578+00:00,bcb00477541be972ecec6c7eee733e09d7cc1f9ecd50f1b187585b46b5e69d5f,,scale_free,66051,282,9615,0.7095238095238096,298,c35510bd725e,420,"{'initial_reference': 84, 'maximum_silence': 23, 'v7_shannon_change': 313}",,0.8523957585058979,17,17.0,0.0,1,15.0,36,269.0030747897963
79,frozen_local_rule,90,28,,utility_restoration,8137,19,37,23,1113,19,,2026-08-17T03:29:49.120807+00:00,medium,7.0,True,medium,,218,15,7073,171200,,47,47,1.0,0.030395001798321337,41,1064,fp16,880153,21470,82,0.9761904761904762,6624,high,378626,8096,37,60,270,private_fragmented,3,7.283063041541027e-14,0.0,52.0,0.0,19.02857142857143,2.3232941397747276e-05,-5.252899203496566,medium,23,-0.4014412580449105,0.04568200540391675,66066,282,16,20,0,79,0.13183211760665714,0.07478086558985939,0.0852940829784921,True,123,111720,,0,v8-pilots-utility_restoration-medium-medium-high-medium-scale_free-private_fragmented-880153-v7_shannon_change-c5a26765fa92-fp16-frozen_local_rule,v7_shannon_change,576.3671950501804,16,0,187536,31256,0,312560,93768,pilots,227,0,2026-08-17T03:29:44.771210+00:00,bcb00477541be972ecec6c7eee733e09d7cc1f9ecd50f1b187585b46b5e69d5f,,scale_free,66066,282,7814,0.5547619047619048,233,c5a26765fa92,420,"{'initial_reference': 84, 'maximum_silence': 59, 'v7_shannon_change': 277}",,0.8523957585058979,17,17.0,0.0,1,15.0,36,269.0030747897963
24,frozen_local_rule,24,12,,utility_restoration,381,15,6,1,47,15,,2026-08-17T03:28:17.016530+00:00,small,16.0,True,medium,,26,10,339,11080,,21,21,1.0,0.035177347517413214,5,42,fp16,880151,2182,4,0.16666666666666666,238,low,23511,410,6,30,34,private_fragmented,3,2.6645352591003757e-14,18.0,24.0,2.5714285714285716,6.825,5.2081034831336354e-05,4.011692574314582,medium,1,-0.1983439575997585,0.04660061235470629,8551,36,8,2,0,24,0.1710599352805778,0.10306595315884963,0.15529890028067747,True,27,2480,,0,v8-pilots-utility_restoration-small-medium-low-medium-grid-private_fragmented-880151-age_of_information-e1d6ce4d93c3-fp16-frozen_local_rule,age_of_information,131.5792133506318,4,0,8976,1496,0,14960,4488,pilots,23,0,2026-08-17T03:28:16.306704+00:00,280cef96569a91380bdcf1cb9ba4583ab973a9e4c042309147557f55833252e2,,grid,8551,36,374,0.4,48,e1d6ce4d93c3,120,"{'age_deadline': 72, 'initial_reference': 24, 'maximum_silence': 23, 'partition_recovery': 1}",,0.8429269807974642,5,20.0,0.6666666666666666,1,19.0,5,65.32990472005405
24,frozen_local_rule,24,12,,utility_restoration,198,15,6,1,24,15,,2026-08-17T03:28:17.454917+00:00,small,16.0,True,medium,,26,10,172,5640,,20,21,0.9523809523809523,0.041398230123044534,5,26,fp16,880151,1832,4,0.16666666666666666,121,low,16191,227,6,30,34,private_fragmented,3,2.6645352591003757e-14,24.0,27.0,2.857142857142857,8.8,5.3603060088925455e-05,4.011692574314582,medium,1,-0.1983439575997585,0.05344538178459401,8551,36,8,2,0,24,0.18549529423598785,0.13770246417703866,0.1669752920389687,True,27,1240,,0,v8-pilots-utility_restoration-small-medium-low-medium-grid-private_fragmented-880151-age_of_information-e27491322545-fp16-frozen_local_rule,age_of_information,131.5792133506318,4,0,4584,764,0,7640,2292,pilots,37,0,2026-08-17T03:28:16.818223+00:00,280cef96569a91380bdcf1cb9ba4583ab973a9e4c042309147557f55833252e2,,grid,8551,36,191,0.20833333333333334,25,e27491322545,120,"{'age_deadline': 95, 'initial_reference': 24, 'partition_recovery': 1}",,0.8429269807974642,5,20.0,0.6666666666666666,1,19.0,5,65.32990472005405
24,frozen_local_rule,24,12,,utility_restoration,903,15,6,1,96,15,,2026-08-17T03:28:04.884334+00:00,small,10.0,True,medium,,26,10,757,25320,,21,21,1.0,0.03185158476464617,5,146,fp16,880151,3122,5,0.20833333333333334,522,low,41829,868,6,30,34,private_fragmented,3,2.6645352591003757e-14,6.0,24.0,1.4285714285714286,5.725,5.570435160578709e-05,4.011692574314582,medium,1,-0.1983439575997585,0.0452909538355784,8549,36,8,2,0,24,0.18486723407512326,0.07620110582255826,0.13469040404559762,True,27,4960,,0,v8-pilots-utility_restoration-small-medium-low-medium-grid-private_fragmented-880151-always_on-f06f6808d09b-fp16-frozen_local_rule,always_on,131.5792133506318,4,0,19968,3328,0,33280,9984,pilots,12,0,2026-08-17T03:28:04.118876+00:00,280cef96569a91380bdcf1cb9ba4583ab973a9e4c042309147557f55833252e2,,grid,8549,36,832,1.0,120,f06f6808d09b,120,"{'always_on': 96, 'initial_reference': 24}",,0.8429269807974642,5,20.0,0.6666666666666666,1,19.0,5,65.32990472005405
24,frozen_local_rule,24,12,,utility_restoration,903,15,6,1,96,15,,2026-08-17T03:32:44.998456+00:00,small,10.0,True,medium,,26,10,757,32916,,21,21,1.0,0.0318511062150378,5,146,fp32,880151,3122,5,0.20833333333333334,522,low,51808,868,6,30,34,private_fragmented,3,2.6645352591003757e-14,6.0,24.0,1.4285714285714286,5.725,5.971143714776797e-09,4.011692574314582,medium,1,-0.1983439575997585,0.04529080956069064,8544,36,8,2,0,24,0.18486831431123177,0.07619696939378338,0.13470914397200034,True,27,6448,,0,v8-pilots-utility_restoration-small-medium-low-medium-grid-private_fragmented-880151-always_on-f06f6808d09b-fp32-frozen_local_rule,always_on,131.5792133506318,4,0,19968,3328,0,43264,19968,pilots,12,0,2026-08-17T03:32:44.160593+00:00,280cef96569a91380bdcf1cb9ba4583ab973a9e4c042309147557f55833252e2,,grid,8544,36,832,1.0,120,f06f6808d09b,120,"{'always_on': 96, 'initial_reference': 24}",,0.8429269807974642,5,20.0,0.6666666666666666,1,19.0,5,65.32990472005405
24,frozen_local_rule,24,12,,utility_restoration,903,15,6,1,96,15,,2026-08-17T03:32:46.303214+00:00,small,10.0,True,medium,,26,10,757,21522,,21,21,1.0,0.03191905702333811,5,146,uint8_simplex,880151,3122,5,0.20833333333333334,522,low,36828,868,6,30,34,private_fragmented,3,2.6645352591003757e-14,6.0,24.0,1.4285714285714286,5.725,0.0022131521686744016,4.011692574314582,medium,1,-0.1983439575997585,0.04529644425396033,8540,36,8,2,0,24,0.18471278252957268,0.07638928789369359,0.13467309470742753,True,27,4216,,0,v8-pilots-utility_restoration-small-medium-low-medium-grid-private_fragmented-880151-always_on-f06f6808d09b-uint8_simplex-frozen_local_rule,always_on,131.5792133506318,4,0,19968,3328,0,28288,4992,pilots,12,0,2026-08-17T03:32:45.464502+00:00,280cef96569a91380bdcf1cb9ba4583ab973a9e4c042309147557f55833252e2,,grid,8540,36,832,1.0,120,f06f6808d09b,120,"{'always_on': 96, 'initial_reference': 24}",,0.8429269807974642,5,20.0,0.6666666666666666,1,19.0,5,65.32990472005405
24,frozen_local_rule,24,12,,utility_restoration,568,15,6,1,64,15,,2026-08-17T03:28:20.224429+00:00,small,4.0,True,medium,,26,10,480,16040,,21,21,1.0,0.03182057172147133,5,88,fp16,880151,2510,5,0.20833333333333334,328,low,29470,559,6,30,34,private_fragmented,3,2.6645352591003757e-14,6.0,27.0,1.4285714285714286,6.3,5.2626974708303165e-05,4.011692574314582,medium,1,-0.1983439575997585,0.04514920889667633,8550,36,8,2,0,24,0.18554738450369543,0.08282170406128486,0.13469040404559762,True,27,3160,,0,v8-pilots-utility_restoration-small-medium-low-medium-grid-private_fragmented-880151-generalized_information-089fa0c17476-fp16-frozen_local_rule,generalized_information,131.5792133506318,4,0,12552,2092,0,20920,6276,pilots,17,0,2026-08-17T03:28:19.474975+00:00,280cef96569a91380bdcf1cb9ba4583ab973a9e4c042309147557f55833252e2,,grid,8550,36,523,0.625,75,089fa0c17476,120,"{'below_threshold': 45, 'generalized_information_on': 50, 'initial_reference': 24, 'partition_recovery': 1}",,0.8429269807974642,5,20.0,0.6666666666666666,1,19.0,5,65.32990472005405
24,frozen_local_rule,24,12,,utility_restoration,383,15,6,1,45,15,,2026-08-17T03:28:20.367600+00:00,small,10.0,True,medium,,26,10,333,10960,,21,21,1.0,0.03220695527533114,5,50,fp16,880151,2178,4,0.16666666666666666,230,low,23192,402,6,30,34,private_fragmented,3,2.6645352591003757e-14,6.0,27.0,1.4285714285714286,7.725,5.307255443245456e-05,4.011692574314582,medium,1,-0.1983439575997585,0.045463918727348666,8552,36,8,2,0,24,0.18542686212914614,0.08380509314354993,0.1349902324424788,True,27,2360,,0,v8-pilots-utility_restoration-small-medium-low-medium-grid-private_fragmented-880151-generalized_information-16bfadb86d55-fp16-frozen_local_rule,generalized_information,131.5792133506318,4,0,8784,1464,0,14640,4392,pilots,30,0,2026-08-17T03:28:19.701022+00:00,280cef96569a91380bdcf1cb9ba4583ab973a9e4c042309147557f55833252e2,,grid,8552,36,366,0.4166666666666667,50,16bfadb86d55,120,"{'below_threshold': 70, 'generalized_information_on': 25, 'initial_reference': 24, 'partition_recovery': 1}",,0.8429269807974642,5,20.0,0.6666666666666666,1,19.0,5,65.32990472005405
24,frozen_local_rule,24,12,,utility_restoration,397,15,6,1,40,15,,2026-08-17T03:28:19.135335+00:00,small,16.0,True,medium,,26,10,336,11000,,21,21,1.0,0.03281110546931922,5,61,fp16,880151,2195,4,0.16666666666666666,233,low,23230,403,6,30,34,private_fragmented,3,2.6645352591003757e-14,6.0,27.0,1.4285714285714286,7.925,5.172119221981054e-05,4.011692574314582,medium,1,-0.1983439575997585,0.045300727098411736,8550,36,8,2,0,24,0.18542686212914614,0.08271748886910224,0.1349902324424788,True,27,2440,,0,v8-pilots-utility_restoration-small-medium-low-medium-grid-private_fragmented-880151-js_drift-565d3b5e7ead-fp16-frozen_local_rule,js_drift,131.5792133506318,4,0,8808,1468,0,14680,4404,pilots,30,0,2026-08-17T03:28:18.432211+00:00,280cef96569a91380bdcf1cb9ba4583ab973a9e4c042309147557f55833252e2,,grid,8550,36,367,0.4083333333333333,49,565d3b5e7ead,120,"{'initial_reference': 24, 'js_drift': 95, 'partition_recovery': 1}",,0.8429269807974642,5,20.0,0.6666666666666666,1,19.0,5,65.32990472005405
24,frozen_local_rule,24,12,,utility_restoration,572,15,6,1,67,15,,2026-08-17T03:28:18.453596+00:00,small,10.0,True,medium,,26,10,482,16200,,21,21,1.0,0.03089592194636368,5,90,fp16,880151,2516,5,0.20833333333333334,328,low,29505,560,6,30,34,private_fragmented,3,2.6645352591003757e-14,6.0,24.0,1.4285714285714286,6.55,5.3584143612925975e-05,4.011692574314582,medium,1,-0.1983439575997585,0.04512537883809383,8545,36,8,2,0,24,0.18484102959723345,0.0756333563841084,0.13469040404559762,True,27,3080,,0,v8-pilots-utility_restoration-small-medium-low-medium-grid-private_fragmented-880151-js_drift-ffac7588a645-fp16-frozen_local_rule,js_drift,131.5792133506318,4,0,12576,2096,0,20960,6288,pilots,18,0,2026-08-17T03:28:17.736279+00:00,280cef96569a91380bdcf1cb9ba4583ab973a9e4c042309147557f55833252e2,,grid,8545,36,524,0.6333333333333333,76,ffac7588a645,120,"{'initial_reference': 24, 'js_drift': 95, 'partition_recovery': 1}",,0.8429269807974642,5,20.0,0.6666666666666666,1,19.0,5,65.32990472005405
24,frozen_local_rule,24,12,,utility_restoration,701,15,6,1,75,15,,2026-08-17T03:28:14.341165+00:00,small,1.0,True,medium,,26,10,582,19480,,21,21,1.0,0.03032673576748841,5,119,fp16,880151,2745,4,0.16666666666666666,398,low,33995,672,6,30,34,private_fragmented,3,2.6645352591003757e-14,6.0,24.0,1.4285714285714286,6.8,5.468987345138375e-05,4.011692574314582,medium,1,-0.1983439575997585,0.04524965616241809,8555,36,8,2,0,24,0.18480488742392068,0.07563288793051064,0.13469040404559762,True,27,3800,,0,v8-pilots-utility_restoration-small-medium-low-medium-grid-private_fragmented-880151-kpi_change-314c8c128df2-fp16-frozen_local_rule,kpi_change,131.5792133506318,4,0,15264,2544,0,25440,7632,pilots,21,0,2026-08-17T03:28:13.544158+00:00,280cef96569a91380bdcf1cb9ba4583ab973a9e4c042309147557f55833252e2,,grid,8555,36,636,0.775,93,314c8c128df2,120,"{'initial_reference': 24, 'kpi_change': 95, 'partition_recovery': 1}",,0.8429269807974642,5,20.0,0.6666666666666666,1,19.0,5,65.32990472005405
24,frozen_local_rule,24,12,,utility_restoration,799,15,6,1,83,15,,2026-08-17T03:28:13.100720+00:00,small,4.0,True,medium,,26,10,666,22280,,21,21,1.0,0.03133869845081231,5,133,fp16,880151,2927,5,0.20833333333333334,458,low,37755,766,6,30,34,private_fragmented,3,2.6645352591003757e-14,6.0,24.0,1.4285714285714286,6.5,5.3833328298753625e-05,4.011692574314582,medium,1,-0.1983439575997585,0.04561272198396855,8555,36,8,2,0,24,0.18480488742392068,0.07596933378680146,0.13469040404559762,True,27,4360,,0,v8-pilots-utility_restoration-small-medium-low-medium-grid-private_fragmented-880151-kpi_change-d83b95b9a33f-fp16-frozen_local_rule,kpi_change,131.5792133506318,4,0,17520,2920,0,29200,8760,pilots,19,0,2026-08-17T03:28:12.300715+00:00,280cef96569a91380bdcf1cb9ba4583ab973a9e4c042309147557f55833252e2,,grid,8555,36,730,0.875,105,d83b95b9a33f,120,"{'initial_reference': 24, 'kpi_change': 95, 'partition_recovery': 1}",,0.8429269807974642,5,20.0,0.6666666666666666,1,19.0,5,65.32990472005405
24,frozen_local_rule,24,12,,utility_restoration,903,15,6,1,96,15,,2026-08-17T03:28:16.320092+00:00,small,10.0,True,medium,,26,10,757,25320,,21,21,1.0,0.03185158476464617,5,146,fp16,880151,3122,5,0.20833333333333334,522,low,41829,868,6,30,34,private_fragmented,3,2.6645352591003757e-14,6.0,24.0,1.4285714285714286,5.725,5.570435160578709e-05,4.011692574314582,medium,1,-0.1983439575997585,0.0452909538355784,8549,36,8,2,0,24,0.18486723407512326,0.07620110582255826,0.13469040404559762,True,27,4960,,0,v8-pilots-utility_restoration-small-medium-low-medium-grid-private_fragmented-880151-l1_belief_drift-a4111e560261-fp16-frozen_local_rule,l1_belief_drift,131.5792133506318,4,0,19968,3328,0,33280,9984,pilots,12,0,2026-08-17T03:28:15.546572+00:00,280cef96569a91380bdcf1cb9ba4583ab973a9e4c042309147557f55833252e2,,grid,8549,36,832,1.0,120,a4111e560261,120,"{'initial_reference': 24, 'l1_belief_drift': 95, 'partition_recovery': 1}",,0.8429269807974642,5,20.0,0.6666666666666666,1,19.0,5,65.32990472005405
24,frozen_local_rule,24,12,,utility_restoration,790,15,6,1,83,15,,2026-08-17T03:28:16.784061+00:00,small,10.0,True,medium,,26,10,667,22240,,21,21,1.0,0.03160936230459044,5,123,fp16,880151,2919,5,0.20833333333333334,459,low,37709,765,6,30,34,private_fragmented,3,2.6645352591003757e-14,6.0,24.0,1.4285714285714286,6.15,5.2506380634519104e-05,4.011692574314582,medium,1,-0.1983439575997585,0.04518440049376586,8549,36,8,2,0,24,0.1847881588760393,0.07574606595793631,0.13469040404559762,True,27,4440,,0,v8-pilots-utility_restoration-small-medium-low-medium-grid-private_fragmented-880151-l1_belief_drift-c1987b7c3312-fp16-frozen_local_rule,l1_belief_drift,131.5792133506318,4,0,17496,2916,0,29160,8748,pilots,16,0,2026-08-17T03:28:15.992301+00:00,280cef96569a91380bdcf1cb9ba4583ab973a9e4c042309147557f55833252e2,,grid,8549,36,729,0.8583333333333333,103,c1987b7c3312,120,"{'initial_reference': 24, 'l1_belief_drift': 95, 'partition_recovery': 1}",,0.8429269807974642,5,20.0,0.6666666666666666,1,19.0,5,65.32990472005405
24,frozen_local_rule,24,12,,utility_restoration,384,15,6,1,40,15,,2026-08-17T03:28:10.881544+00:00,small,16.0,True,medium,,26,10,325,10760,,21,21,1.0,0.03822749004440875,5,59,fp16,880151,2171,4,0.16666666666666666,224,low,22711,390,6,30,34,private_fragmented,3,2.6645352591003757e-14,12.0,27.0,1.7142857142857142,7.95,5.4781442981959684e-05,4.011692574314582,medium,1,-0.1983439575997585,0.04927430045435683,8551,36,8,2,0,24,0.18539077484105473,0.10253238847135634,0.15226393231452173,True,27,2240,,0,v8-pilots-utility_restoration-small-medium-low-medium-grid-private_fragmented-880151-matched_random-38fb0a18a6da-fp16-frozen_local_rule,matched_random,131.5792133506318,4,0,8496,1416,0,14160,4248,pilots,31,0,2026-08-17T03:28:10.168797+00:00,280cef96569a91380bdcf1cb9ba4583ab973a9e4c042309147557f55833252e2,,grid,8551,36,354,0.4083333333333333,49,38fb0a18a6da,120,"{'initial_reference': 24, 'matched_random_selected': 24, 'matched_random_wait': 71, 'partition_recovery': 1}",,0.8429269807974642,5,20.0,0.6666666666666666,1,19.0,5,65.32990472005405
24,frozen_local_rule,24,12,,utility_restoration,300,15,6,1,33,15,,2026-08-17T03:28:09.854336+00:00,small,16.0,True,medium,,26,10,257,8520,,21,21,1.0,0.041975120045835104,5,43,fp16,880151,2019,4,0.16666666666666666,179,low,19872,319,6,30,34,private_fragmented,3,2.6645352591003757e-14,18.0,27.0,2.2857142857142856,8.35,5.447527015799938e-05,4.011692574314582,medium,1,-0.1983439575997585,0.05291183984702745,8552,36,8,2,0,24,0.18544069448643452,0.1376893355774967,0.16112187652466328,True,27,1760,,0,v8-pilots-utility_restoration-small-medium-low-medium-grid-private_fragmented-880151-matched_random-51434b2214b6-fp16-frozen_local_rule,matched_random,131.5792133506318,4,0,6792,1132,0,11320,3396,pilots,33,0,2026-08-17T03:28:09.155711+00:00,280cef96569a91380bdcf1cb9ba4583ab973a9e4c042309147557f55833252e2,,grid,8552,36,283,0.31666666666666665,38,51434b2214b6,120,"{'initial_reference': 24, 'matched_random_selected': 13, 'matched_random_wait': 82, 'partition_recovery': 1}",,0.8429269807974642,5,20.0,0.6666666666666666,1,19.0,5,65.32990472005405
24,frozen_local_rule,24,12,,utility_restoration,477,15,6,1,53,15,,2026-08-17T03:28:11.944399+00:00,small,10.0,True,medium,,26,10,405,13480,,21,21,1.0,0.03661365636702505,5,72,fp16,880151,2344,5,0.20833333333333334,278,low,26138,476,6,30,34,private_fragmented,3,2.6645352591003757e-14,12.0,27.0,1.7142857142857142,7.125,5.468733963381255e-05,4.011692574314582,medium,1,-0.1983439575997585,0.04723065614557406,8538,36,8,2,0,24,0.18528867750600375,0.09623209578431975,0.13583380753477728,True,27,2720,,0,v8-pilots-utility_restoration-small-medium-low-medium-grid-private_fragmented-880151-matched_random-681a73b1e0f1-fp16-frozen_local_rule,matched_random,131.5792133506318,4,0,10560,1760,0,17600,5280,pilots,24,0,2026-08-17T03:28:11.216447+00:00,280cef96569a91380bdcf1cb9ba4583ab973a9e4c042309147557f55833252e2,,grid,8538,36,440,0.5083333333333333,61,681a73b1e0f1,120,"{'initial_reference': 24, 'matched_random_selected': 36, 'matched_random_wait': 59, 'partition_recovery': 1}",,0.8429269807974642,5,20.0,0.6666666666666666,1,19.0,5,65.32990472005405
24,frozen_local_rule,24,12,,utility_restoration,0,15,6,1,0,15,,2026-08-17T03:28:05.885949+00:00,small,1.0,True,medium,,26,10,0,0,,21,21,1.0,0.02790525153839385,5,0,fp16,880151,1462,4,0.16666666666666666,0,low,8534,36,6,30,34,private_fragmented,3,2.6645352591003757e-14,0.0,0.0,0.0,0.0,0.0,4.011692574314582,medium,1,-0.1983439575997585,0.03250594138025122,8534,36,8,2,0,24,0.09821112737041765,0.05397766000406452,0.0636938767065724,True,27,0,,0,v8-pilots-utility_restoration-small-medium-low-medium-grid-private_fragmented-880151-none-806ed450405e-fp16-frozen_local_rule,none,131.5792133506318,4,0,0,0,0,0,0,pilots,0,0,2026-08-17T03:28:05.354848+00:00,280cef96569a91380bdcf1cb9ba4583ab973a9e4c042309147557f55833252e2,,grid,8534,36,0,0.0,0,806ed450405e,120,{'disabled': 120},,0.8429269807974642,5,20.0,0.6666666666666666,1,19.0,5,65.32990472005405
24,frozen_local_rule,24,12,,utility_restoration,198,15,6,1,24,15,,2026-08-17T03:28:08.858693+00:00,small,16.0,True,medium,,26,10,172,5640,,20,21,0.9523809523809523,0.04109235675800792,5,26,fp16,880151,1832,4,0.16666666666666666,121,low,16191,227,6,30,34,private_fragmented,3,2.6645352591003757e-14,24.0,27.0,3.7142857142857144,8.8,5.3603060088925455e-05,4.011692574314582,medium,1,-0.1983439575997585,0.05510248643809266,8551,36,8,2,0,24,0.19138237405202682,0.1478614438333455,0.17033978038409417,True,27,1240,,0,v8-pilots-utility_restoration-small-medium-low-medium-grid-private_fragmented-880151-periodic-4caef583da51-fp16-frozen_local_rule,periodic,131.5792133506318,4,0,4584,764,0,7640,2292,pilots,37,0,2026-08-17T03:28:08.160945+00:00,280cef96569a91380bdcf1cb9ba4583ab973a9e4c042309147557f55833252e2,,grid,8551,36,191,0.20833333333333334,25,4caef583da51,120,"{'initial_reference': 24, 'partition_recovery': 1, 'periodic_wait': 95}",,0.8429269807974642,5,20.0,0.6666666666666666,1,19.0,5,65.32990472005405
24,frozen_local_rule,24,12,,utility_restoration,381,15,6,1,47,15,,2026-08-17T03:28:06.854880+00:00,small,16.0,True,medium,,26,10,339,11080,,21,21,1.0,0.0346688454734794,5,42,fp16,880151,2182,4,0.16666666666666666,238,low,23511,410,6,30,34,private_fragmented,3,2.6645352591003757e-14,18.0,24.0,2.5714285714285716,6.825,5.2081034831336354e-05,4.011692574314582,medium,1,-0.1983439575997585,0.04883798915033187,8551,36,8,2,0,24,0.18543458011837025,0.12107348768388765,0.16112187652466328,True,27,2480,,0,v8-pilots-utility_restoration-small-medium-low-medium-grid-private_fragmented-880151-periodic-52761a8cde7f-fp16-frozen_local_rule,periodic,131.5792133506318,4,0,8976,1496,0,14960,4488,pilots,23,0,2026-08-17T03:28:06.106976+00:00,280cef96569a91380bdcf1cb9ba4583ab973a9e4c042309147557f55833252e2,,grid,8551,36,374,0.4,48,52761a8cde7f,120,"{'initial_reference': 24, 'partition_recovery': 1, 'periodic_due': 23, 'periodic_wait': 72}",,0.8429269807974642,5,20.0,0.6666666666666666,1,19.0,5,65.32990472005405
24,frozen_local_rule,24,12,,utility_restoration,198,15,6,1,24,15,,2026-08-17T03:28:07.875384+00:00,small,16.0,True,medium,,26,10,172,5640,,20,21,0.9523809523809523,0.041398230123044534,5,26,fp16,880151,1832,4,0.16666666666666666,121,low,16191,227,6,30,34,private_fragmented,3,2.6645352591003757e-14,24.0,27.0,2.857142857142857,8.8,5.3603060088925455e-05,4.011692574314582,medium,1,-0.1983439575997585,0.05344538178459401,8551,36,8,2,0,24,0.18549529423598785,0.13770246417703866,0.1669752920389687,True,27,1240,,0,v8-pilots-utility_restoration-small-medium-low-medium-grid-private_fragmented-880151-periodic-6ad813e35c14-fp16-frozen_local_rule,periodic,131.5792133506318,4,0,4584,764,0,7640,2292,pilots,37,0,2026-08-17T03:28:07.206137+00:00,280cef96569a91380bdcf1cb9ba4583ab973a9e4c042309147557f55833252e2,,grid,8551,36,191,0.20833333333333334,25,6ad813e35c14,120,"{'initial_reference': 24, 'partition_recovery': 1, 'periodic_wait': 95}",,0.8429269807974642,5,20.0,0.6666666666666666,1,19.0,5,65.32990472005405
24,frozen_local_rule,24,12,,utility_restoration,621,15,6,1,72,15,,2026-08-17T03:28:15.906946+00:00,small,16.0,True,medium,,26,10,529,17720,,21,21,1.0,0.033518468626284915,5,92,fp16,880151,2612,5,0.20833333333333334,362,low,31513,610,6,30,34,private_fragmented,3,2.6645352591003757e-14,6.0,27.0,1.4285714285714286,6.8,4.931684062398035e-05,4.011692574314582,medium,1,-0.1983439575997585,0.04604113567345682,8553,36,8,2,0,24,0.18479852596584542,0.08061919451876341,0.13469040404559762,True,27,3440,,0,v8-pilots-utility_restoration-small-medium-low-medium-grid-private_fragmented-880151-predictive_uncertainty_change-71c476debc21-fp16-frozen_local_rule,predictive_uncertainty_change,131.5792133506318,4,0,13776,2296,0,22960,6888,pilots,20,0,2026-08-17T03:28:15.168150+00:00,280cef96569a91380bdcf1cb9ba4583ab973a9e4c042309147557f55833252e2,,grid,8553,36,574,0.675,81,71c476debc21,120,"{'initial_reference': 24, 'partition_recovery': 1, 'predictive_uncertainty_change': 95}",,0.8429269807974642,5,20.0,0.6666666666666666,1,19.0,5,65.32990472005405
24,frozen_local_rule,24,12,,utility_restoration,754,15,6,1,83,15,,2026-08-17T03:28:15.548293+00:00,small,10.0,True,medium,,26,10,633,21200,,21,21,1.0,0.031130615900747918,5,121,fp16,880151,2849,5,0.20833333333333334,435,low,36228,728,6,30,34,private_fragmented,3,2.6645352591003757e-14,6.0,27.0,1.4285714285714286,6.275,5.323101107911916e-05,4.011692574314582,medium,1,-0.1983439575997585,0.04478442926170807,8548,36,8,2,0,24,0.18486723407512326,0.07574606595793631,0.13469040404559762,True,27,4120,,0,v8-pilots-utility_restoration-small-medium-low-medium-grid-private_fragmented-880151-predictive_uncertainty_change-725a913ab228-fp16-frozen_local_rule,predictive_uncertainty_change,131.5792133506318,4,0,16608,2768,0,27680,8304,pilots,17,0,2026-08-17T03:28:14.763311+00:00,280cef96569a91380bdcf1cb9ba4583ab973a9e4c042309147557f55833252e2,,grid,8548,36,692,0.825,99,725a913ab228,120,"{'initial_reference': 24, 'partition_recovery': 1, 'predictive_uncertainty_change': 95}",,0.8429269807974642,5,20.0,0.6666666666666666,1,19.0,5,65.32990472005405
24,frozen_local_rule,24,12,,utility_restoration,570,15,6,1,66,15,,2026-08-17T03:28:19.535762+00:00,small,4.0,True,medium,,26,10,483,16160,,21,21,1.0,0.0329408307378428,5,87,fp16,880151,2515,5,0.20833333333333334,333,low,29472,559,6,30,34,private_fragmented,3,2.6645352591003757e-14,6.0,27.0,1.4285714285714286,6.675,4.9528617168314735e-05,4.011692574314582,medium,1,-0.1983439575997585,0.04586802514366858,8552,36,8,2,0,24,0.18554738450369543,0.08061919451876341,0.13469040404559762,True,27,3160,,0,v8-pilots-utility_restoration-small-medium-low-medium-grid-private_fragmented-880151-tsallis_spectrum_change-1013b09ad56f-fp16-frozen_local_rule,tsallis_spectrum_change,131.5792133506318,4,0,12552,2092,0,20920,6276,pilots,21,0,2026-08-17T03:28:18.827006+00:00,280cef96569a91380bdcf1cb9ba4583ab973a9e4c042309147557f55833252e2,,grid,8552,36,523,0.625,75,1013b09ad56f,120,"{'initial_reference': 24, 'partition_recovery': 1, 'tsallis_spectrum_change': 95}",,0.8429269807974642,5,20.0,0.6666666666666666,1,19.0,5,65.32990472005405
24,frozen_local_rule,24,12,,utility_restoration,808,15,6,1,88,15,,2026-08-17T03:28:19.254613+00:00,small,10.0,True,medium,,26,10,679,22720,,21,21,1.0,0.03139861922694594,5,129,fp16,880151,2949,5,0.20833333333333334,466,low,38228,778,6,30,34,private_fragmented,3,2.6645352591003757e-14,6.0,27.0,1.4285714285714286,5.975,5.307300775799809e-05,4.011692574314582,medium,1,-0.1983439575997585,0.04487627848420614,8548,36,8,2,0,24,0.18486723407512326,0.07621016453231393,0.13469040404559762,True,27,4440,,0,v8-pilots-utility_restoration-small-medium-low-medium-grid-private_fragmented-880151-tsallis_spectrum_change-6f94beebed2c-fp16-frozen_local_rule,tsallis_spectrum_change,131.5792133506318,4,0,17808,2968,0,29680,8904,pilots,14,0,2026-08-17T03:28:18.502759+00:00,280cef96569a91380bdcf1cb9ba4583ab973a9e4c042309147557f55833252e2,,grid,8548,36,742,0.8916666666666667,107,6f94beebed2c,120,"{'initial_reference': 24, 'partition_recovery': 1, 'tsallis_spectrum_change': 95}",,0.8429269807974642,5,20.0,0.6666666666666666,1,19.0,5,65.32990472005405
24,frozen_local_rule,24,12,,utility_restoration,736,15,6,1,79,15,,2026-08-17T03:28:18.002131+00:00,small,4.0,True,medium,,26,10,616,20640,,21,21,1.0,0.033062533193700935,5,120,fp16,880151,2814,5,0.20833333333333334,423,low,35552,711,6,30,34,private_fragmented,3,2.6645352591003757e-14,6.0,27.0,1.4285714285714286,6.45,5.2201844573348056e-05,4.011692574314582,medium,1,-0.1983439575997585,0.04649179914401939,8552,36,8,2,0,24,0.1848005030977362,0.08276894061334275,0.13469040404559762,True,27,4000,,0,v8-pilots-utility_restoration-small-medium-low-medium-grid-private_fragmented-880151-v7_shannon_change-c35510bd725e-fp16-frozen_local_rule,v7_shannon_change,131.5792133506318,4,0,16200,2700,0,27000,8100,pilots,18,0,2026-08-17T03:28:17.232951+00:00,280cef96569a91380bdcf1cb9ba4583ab973a9e4c042309147557f55833252e2,,grid,8552,36,675,0.8166666666666667,98,c35510bd725e,120,"{'initial_reference': 24, 'partition_recovery': 1, 'v7_shannon_change': 95}",,0.8429269807974642,5,20.0,0.6666666666666666,1,19.0,5,65.32990472005405
24,frozen_local_rule,24,12,,utility_restoration,565,15,6,1,66,15,,2026-08-17T03:28:18.117593+00:00,small,4.0,True,medium,,26,10,477,16000,,21,21,1.0,0.03304125561562592,5,88,fp16,880151,2504,5,0.20833333333333334,329,low,29354,556,6,30,34,private_fragmented,3,2.6645352591003757e-14,6.0,27.0,1.4285714285714286,6.85,5.344704292074439e-05,4.011692574314582,medium,1,-0.1983439575997585,0.04566739260447816,8554,36,8,2,0,24,0.1848005030977362,0.08277260039586307,0.13469040404559762,True,27,3080,,0,v8-pilots-utility_restoration-small-medium-low-medium-grid-private_fragmented-880151-v7_shannon_change-c5a26765fa92-fp16-frozen_local_rule,v7_shannon_change,131.5792133506318,4,0,12480,2080,0,20800,6240,pilots,22,0,2026-08-17T03:28:17.361622+00:00,280cef96569a91380bdcf1cb9ba4583ab973a9e4c042309147557f55833252e2,,grid,8554,36,520,0.6166666666666667,74,c5a26765fa92,120,"{'initial_reference': 24, 'partition_recovery': 1, 'v7_shannon_change': 95}",,0.8429269807974642,5,20.0,0.6666666666666666,1,19.0,5,65.32990472005405
